<?xml version="1.0" encoding="UTF-8"?>
<gpx creator="Garmin Connect" version="1.1"
  xsi:schemaLocation="http://www.topografix.com/GPX/1/1 http://www.topografix.com/GPX/11.xsd"
  xmlns:ns3="http://www.garmin.com/xmlschemas/TrackPointExtension/v1"
  xmlns="http://www.topografix.com/GPX/1/1"
  xmlns:xsi="http://www.w3.org/2001/XMLSchema-instance" xmlns:ns2="http://www.garmin.com/xmlschemas/GpxExtensions/v3">
  <metadata>
    <link href="connect.garmin.com">
      <text>Garmin Connect</text>
    </link>
    <time>2026-04-24T19:09:08.000Z</time>
  </metadata>
  <trk>
    <name>Boston Running</name>
    <type>running</type>
    <trkseg>
      <trkpt lat="42.33699032105505466461181640625" lon="-71.09060003422200679779052734375">
        <ele>3</ele>
        <time>2026-04-24T19:09:08.000Z</time>
        <extensions>
          <ns3:TrackPointExtension>
            <ns3:hr>54</ns3:hr>
            <ns3:cad>0</ns3:cad>
          </ns3:TrackPointExtension>
        </extensions>
      </trkpt>
      <trkpt lat="42.3369816876947879791259765625" lon="-71.09059609472751617431640625">
        <ele>3</ele>
        <time>2026-04-24T19:09:09.000Z</time>
        <extensions>
          <ns3:TrackPointExtension>
            <ns3:hr>54</ns3:hr>
            <ns3:cad>0</ns3:cad>
          </ns3:TrackPointExtension>
        </extensions>
      </trkpt>
      <trkpt lat="42.33698286116123199462890625" lon="-71.09059617854654788970947265625">
        <ele>3</ele>
        <time>2026-04-24T19:09:10.000Z</time>
        <extensions>
          <ns3:TrackPointExtension>
            <ns3:hr>55</ns3:hr>
            <ns3:cad>0</ns3:cad>
          </ns3:TrackPointExtension>
        </extensions>
      </trkpt>
      <trkpt lat="42.33698344789445400238037109375" lon="-71.090605817735195159912109375">
        <ele>3</ele>
        <time>2026-04-24T19:09:11.000Z</time>
        <extensions>
          <ns3:TrackPointExtension>
            <ns3:hr>55</ns3:hr>
            <ns3:cad>0</ns3:cad>
          </ns3:TrackPointExtension>
        </extensions>
      </trkpt>
      <trkpt lat="42.33698948286473751068115234375" lon="-71.09060657210648059844970703125">
        <ele>3</ele>
        <time>2026-04-24T19:09:12.000Z</time>
        <extensions>
          <ns3:TrackPointExtension>
            <ns3:hr>56</ns3:hr>
            <ns3:cad>0</ns3:cad>
          </ns3:TrackPointExtension>
        </extensions>
      </trkpt>
      <trkpt lat="42.33699769712984561920166015625" lon="-71.09061428345739841461181640625">
        <ele>3</ele>
        <time>2026-04-24T19:09:13.000Z</time>
        <extensions>
          <ns3:TrackPointExtension>
            <ns3:hr>56</ns3:hr>
            <ns3:cad>48</ns3:cad>
          </ns3:TrackPointExtension>
        </extensions>
      </trkpt>
      <trkpt lat="42.33699786476790904998779296875" lon="-71.0906302928924560546875">
        <ele>3</ele>
        <time>2026-04-24T19:09:14.000Z</time>
        <extensions>
          <ns3:TrackPointExtension>
            <ns3:hr>57</ns3:hr>
            <ns3:cad>48</ns3:cad>
          </ns3:TrackPointExtension>
        </extensions>
      </trkpt>
      <trkpt lat="42.33700222335755825042724609375" lon="-71.0906502418220043182373046875">
        <ele>3</ele>
        <time>2026-04-24T19:09:15.000Z</time>
        <extensions>
          <ns3:TrackPointExtension>
            <ns3:hr>57</ns3:hr>
            <ns3:cad>48</ns3:cad>
          </ns3:TrackPointExtension>
        </extensions>
      </trkpt>
      <trkpt lat="42.337009347975254058837890625" lon="-71.0906639881432056427001953125">
        <ele>3</ele>
        <time>2026-04-24T19:09:16.000Z</time>
        <extensions>
          <ns3:TrackPointExtension>
            <ns3:hr>57</ns3:hr>
            <ns3:cad>48</ns3:cad>
          </ns3:TrackPointExtension>
        </extensions>
      </trkpt>
      <trkpt lat="42.33701395802199840545654296875" lon="-71.0906763933598995208740234375">
        <ele>3</ele>
        <time>2026-04-24T19:09:17.000Z</time>
        <extensions>
          <ns3:TrackPointExtension>
            <ns3:hr>58</ns3:hr>
            <ns3:cad>48</ns3:cad>
          </ns3:TrackPointExtension>
        </extensions>
      </trkpt>
      <trkpt lat="42.33702133409678936004638671875" lon="-71.09068938530981540679931640625">
        <ele>3.2000000476837158203125</ele>
        <time>2026-04-24T19:09:18.000Z</time>
        <extensions>
          <ns3:TrackPointExtension>
            <ns3:hr>58</ns3:hr>
            <ns3:cad>49</ns3:cad>
          </ns3:TrackPointExtension>
        </extensions>
      </trkpt>
      <trkpt lat="42.33702653087675571441650390625" lon="-71.09070363454520702362060546875">
        <ele>3.2000000476837158203125</ele>
        <time>2026-04-24T19:09:19.000Z</time>
        <extensions>
          <ns3:TrackPointExtension>
            <ns3:hr>58</ns3:hr>
            <ns3:cad>51</ns3:cad>
          </ns3:TrackPointExtension>
        </extensions>
      </trkpt>
      <trkpt lat="42.3370282910764217376708984375" lon="-71.0907179675996303558349609375">
        <ele>3.400000095367431640625</ele>
        <time>2026-04-24T19:09:20.000Z</time>
        <extensions>
          <ns3:TrackPointExtension>
            <ns3:hr>58</ns3:hr>
            <ns3:cad>51</ns3:cad>
          </ns3:TrackPointExtension>
        </extensions>
      </trkpt>
      <trkpt lat="42.3370309732854366302490234375" lon="-71.0907335579395294189453125">
        <ele>3.400000095367431640625</ele>
        <time>2026-04-24T19:09:21.000Z</time>
        <extensions>
          <ns3:TrackPointExtension>
            <ns3:hr>58</ns3:hr>
            <ns3:cad>50</ns3:cad>
          </ns3:TrackPointExtension>
        </extensions>
      </trkpt>
      <trkpt lat="42.3370366729795932769775390625" lon="-71.09075677581131458282470703125">
        <ele>3.400000095367431640625</ele>
        <time>2026-04-24T19:09:22.000Z</time>
        <extensions>
          <ns3:TrackPointExtension>
            <ns3:hr>58</ns3:hr>
            <ns3:cad>48</ns3:cad>
          </ns3:TrackPointExtension>
        </extensions>
      </trkpt>
      <trkpt lat="42.3370373435318470001220703125" lon="-71.09078108333051204681396484375">
        <ele>3.599999904632568359375</ele>
        <time>2026-04-24T19:09:23.000Z</time>
        <extensions>
          <ns3:TrackPointExtension>
            <ns3:hr>58</ns3:hr>
            <ns3:cad>46</ns3:cad>
          </ns3:TrackPointExtension>
        </extensions>
      </trkpt>
      <trkpt lat="42.33703642152249813079833984375" lon="-71.09080337919294834136962890625">
        <ele>3.7999999523162841796875</ele>
        <time>2026-04-24T19:09:24.000Z</time>
        <extensions>
          <ns3:TrackPointExtension>
            <ns3:hr>59</ns3:hr>
            <ns3:cad>46</ns3:cad>
          </ns3:TrackPointExtension>
        </extensions>
      </trkpt>
      <trkpt lat="42.33703809790313243865966796875" lon="-71.09082282520830631256103515625">
        <ele>3.7999999523162841796875</ele>
        <time>2026-04-24T19:09:25.000Z</time>
        <extensions>
          <ns3:TrackPointExtension>
            <ns3:hr>60</ns3:hr>
            <ns3:cad>52</ns3:cad>
          </ns3:TrackPointExtension>
        </extensions>
      </trkpt>
      <trkpt lat="42.3370423726737499237060546875" lon="-71.09084093011915683746337890625">
        <ele>3.7999999523162841796875</ele>
        <time>2026-04-24T19:09:26.000Z</time>
        <extensions>
          <ns3:TrackPointExtension>
            <ns3:hr>61</ns3:hr>
            <ns3:cad>52</ns3:cad>
          </ns3:TrackPointExtension>
        </extensions>
      </trkpt>
      <trkpt lat="42.3370453901588916778564453125" lon="-71.09085367061197757720947265625">
        <ele>4</ele>
        <time>2026-04-24T19:09:27.000Z</time>
        <extensions>
          <ns3:TrackPointExtension>
            <ns3:hr>63</ns3:hr>
            <ns3:cad>54</ns3:cad>
          </ns3:TrackPointExtension>
        </extensions>
      </trkpt>
      <trkpt lat="42.3370505869388580322265625" lon="-71.0908648185431957244873046875">
        <ele>4</ele>
        <time>2026-04-24T19:09:28.000Z</time>
        <extensions>
          <ns3:TrackPointExtension>
            <ns3:hr>64</ns3:hr>
            <ns3:cad>55</ns3:cad>
          </ns3:TrackPointExtension>
        </extensions>
      </trkpt>
      <trkpt lat="42.33705259859561920166015625" lon="-71.09087638556957244873046875">
        <ele>4</ele>
        <time>2026-04-24T19:09:29.000Z</time>
        <extensions>
          <ns3:TrackPointExtension>
            <ns3:hr>66</ns3:hr>
            <ns3:cad>55</ns3:cad>
          </ns3:TrackPointExtension>
        </extensions>
      </trkpt>
      <trkpt lat="42.33705888502299785614013671875" lon="-71.0908872820436954498291015625">
        <ele>4</ele>
        <time>2026-04-24T19:09:30.000Z</time>
        <extensions>
          <ns3:TrackPointExtension>
            <ns3:hr>69</ns3:hr>
            <ns3:cad>55</ns3:cad>
          </ns3:TrackPointExtension>
        </extensions>
      </trkpt>
      <trkpt lat="42.33706575818359851837158203125" lon="-71.09089524485170841217041015625">
        <ele>4</ele>
        <time>2026-04-24T19:09:31.000Z</time>
        <extensions>
          <ns3:TrackPointExtension>
            <ns3:hr>72</ns3:hr>
            <ns3:cad>55</ns3:cad>
          </ns3:TrackPointExtension>
        </extensions>
      </trkpt>
      <trkpt lat="42.33707229606807231903076171875" lon="-71.09090832062065601348876953125">
        <ele>4</ele>
        <time>2026-04-24T19:09:32.000Z</time>
        <extensions>
          <ns3:TrackPointExtension>
            <ns3:hr>76</ns3:hr>
            <ns3:cad>55</ns3:cad>
          </ns3:TrackPointExtension>
        </extensions>
      </trkpt>
      <trkpt lat="42.3370789177715778350830078125" lon="-71.09092273749411106109619140625">
        <ele>4</ele>
        <time>2026-04-24T19:09:33.000Z</time>
        <extensions>
          <ns3:TrackPointExtension>
            <ns3:hr>78</ns3:hr>
            <ns3:cad>55</ns3:cad>
          </ns3:TrackPointExtension>
        </extensions>
      </trkpt>
      <trkpt lat="42.3370862938463687896728515625" lon="-71.09093732200562953948974609375">
        <ele>4</ele>
        <time>2026-04-24T19:09:34.000Z</time>
        <extensions>
          <ns3:TrackPointExtension>
            <ns3:hr>79</ns3:hr>
            <ns3:cad>55</ns3:cad>
          </ns3:TrackPointExtension>
        </extensions>
      </trkpt>
      <trkpt lat="42.33709492720663547515869140625" lon="-71.09095425345003604888916015625">
        <ele>4</ele>
        <time>2026-04-24T19:09:35.000Z</time>
        <extensions>
          <ns3:TrackPointExtension>
            <ns3:hr>79</ns3:hr>
            <ns3:cad>54</ns3:cad>
          </ns3:TrackPointExtension>
        </extensions>
      </trkpt>
      <trkpt lat="42.33710314147174358367919921875" lon="-71.0909749567508697509765625">
        <ele>4</ele>
        <time>2026-04-24T19:09:36.000Z</time>
        <extensions>
          <ns3:TrackPointExtension>
            <ns3:hr>80</ns3:hr>
            <ns3:cad>54</ns3:cad>
          </ns3:TrackPointExtension>
        </extensions>
      </trkpt>
      <trkpt lat="42.33710783533751964569091796875" lon="-71.09099448658525943756103515625">
        <ele>4</ele>
        <time>2026-04-24T19:09:37.000Z</time>
        <extensions>
          <ns3:TrackPointExtension>
            <ns3:hr>80</ns3:hr>
            <ns3:cad>54</ns3:cad>
          </ns3:TrackPointExtension>
        </extensions>
      </trkpt>
      <trkpt lat="42.33711403794586658477783203125" lon="-71.09101317822933197021484375">
        <ele>3.7999999523162841796875</ele>
        <time>2026-04-24T19:09:38.000Z</time>
        <extensions>
          <ns3:TrackPointExtension>
            <ns3:hr>81</ns3:hr>
            <ns3:cad>54</ns3:cad>
          </ns3:TrackPointExtension>
        </extensions>
      </trkpt>
      <trkpt lat="42.3371184803545475006103515625" lon="-71.09103186987340450286865234375">
        <ele>3.7999999523162841796875</ele>
        <time>2026-04-24T19:09:39.000Z</time>
        <extensions>
          <ns3:TrackPointExtension>
            <ns3:hr>81</ns3:hr>
            <ns3:cad>54</ns3:cad>
          </ns3:TrackPointExtension>
        </extensions>
      </trkpt>
      <trkpt lat="42.33712275512516498565673828125" lon="-71.09104963950812816619873046875">
        <ele>3.7999999523162841796875</ele>
        <time>2026-04-24T19:09:40.000Z</time>
        <extensions>
          <ns3:TrackPointExtension>
            <ns3:hr>82</ns3:hr>
            <ns3:cad>55</ns3:cad>
          </ns3:TrackPointExtension>
        </extensions>
      </trkpt>
      <trkpt lat="42.337132729589939117431640625" lon="-71.09106305055320262908935546875">
        <ele>3.7999999523162841796875</ele>
        <time>2026-04-24T19:09:41.000Z</time>
        <extensions>
          <ns3:TrackPointExtension>
            <ns3:hr>82</ns3:hr>
            <ns3:cad>55</ns3:cad>
          </ns3:TrackPointExtension>
        </extensions>
      </trkpt>
      <trkpt lat="42.33714245259761810302734375" lon="-71.09107646159827709197998046875">
        <ele>3.599999904632568359375</ele>
        <time>2026-04-24T19:09:42.000Z</time>
        <extensions>
          <ns3:TrackPointExtension>
            <ns3:hr>82</ns3:hr>
            <ns3:cad>55</ns3:cad>
          </ns3:TrackPointExtension>
        </extensions>
      </trkpt>
      <trkpt lat="42.33714873902499675750732421875" lon="-71.09108936972916126251220703125">
        <ele>3.599999904632568359375</ele>
        <time>2026-04-24T19:09:43.000Z</time>
        <extensions>
          <ns3:TrackPointExtension>
            <ns3:hr>82</ns3:hr>
            <ns3:cad>55</ns3:cad>
          </ns3:TrackPointExtension>
        </extensions>
      </trkpt>
      <trkpt lat="42.33716282062232494354248046875" lon="-71.0910968296229839324951171875">
        <ele>3.599999904632568359375</ele>
        <time>2026-04-24T19:09:44.000Z</time>
        <extensions>
          <ns3:TrackPointExtension>
            <ns3:hr>82</ns3:hr>
            <ns3:cad>55</ns3:cad>
          </ns3:TrackPointExtension>
        </extensions>
      </trkpt>
      <trkpt lat="42.33714781701564788818359375" lon="-71.09112574718892574310302734375">
        <ele>3.599999904632568359375</ele>
        <time>2026-04-24T19:09:45.000Z</time>
        <extensions>
          <ns3:TrackPointExtension>
            <ns3:hr>82</ns3:hr>
            <ns3:cad>55</ns3:cad>
          </ns3:TrackPointExtension>
        </extensions>
      </trkpt>
      <trkpt lat="42.33715779148042201995849609375" lon="-71.091131865978240966796875">
        <ele>3.400000095367431640625</ele>
        <time>2026-04-24T19:09:46.000Z</time>
        <extensions>
          <ns3:TrackPointExtension>
            <ns3:hr>82</ns3:hr>
            <ns3:cad>55</ns3:cad>
          </ns3:TrackPointExtension>
        </extensions>
      </trkpt>
      <trkpt lat="42.3371583782136440277099609375" lon="-71.091149635612964630126953125">
        <ele>3.400000095367431640625</ele>
        <time>2026-04-24T19:09:47.000Z</time>
        <extensions>
          <ns3:TrackPointExtension>
            <ns3:hr>82</ns3:hr>
            <ns3:cad>55</ns3:cad>
          </ns3:TrackPointExtension>
        </extensions>
      </trkpt>
      <trkpt lat="42.33717204071581363677978515625" lon="-71.091159693896770477294921875">
        <ele>3.400000095367431640625</ele>
        <time>2026-04-24T19:09:48.000Z</time>
        <extensions>
          <ns3:TrackPointExtension>
            <ns3:hr>82</ns3:hr>
            <ns3:cad>55</ns3:cad>
          </ns3:TrackPointExtension>
        </extensions>
      </trkpt>
      <trkpt lat="42.33718126080930233001708984375" lon="-71.09116765670478343963623046875">
        <ele>3.2000000476837158203125</ele>
        <time>2026-04-24T19:09:49.000Z</time>
        <extensions>
          <ns3:TrackPointExtension>
            <ns3:hr>82</ns3:hr>
            <ns3:cad>55</ns3:cad>
          </ns3:TrackPointExtension>
        </extensions>
      </trkpt>
      <trkpt lat="42.3371878825128078460693359375" lon="-71.09117369167506694793701171875">
        <ele>3.2000000476837158203125</ele>
        <time>2026-04-24T19:09:50.000Z</time>
        <extensions>
          <ns3:TrackPointExtension>
            <ns3:hr>82</ns3:hr>
            <ns3:cad>55</ns3:cad>
          </ns3:TrackPointExtension>
        </extensions>
      </trkpt>
      <trkpt lat="42.33719408512115478515625" lon="-71.09118073247373104095458984375">
        <ele>3.2000000476837158203125</ele>
        <time>2026-04-24T19:09:51.000Z</time>
        <extensions>
          <ns3:TrackPointExtension>
            <ns3:hr>82</ns3:hr>
            <ns3:cad>54</ns3:cad>
          </ns3:TrackPointExtension>
        </extensions>
      </trkpt>
      <trkpt lat="42.33719986863434314727783203125" lon="-71.09118827618658542633056640625">
        <ele>3.2000000476837158203125</ele>
        <time>2026-04-24T19:09:52.000Z</time>
        <extensions>
          <ns3:TrackPointExtension>
            <ns3:hr>82</ns3:hr>
            <ns3:cad>53</ns3:cad>
          </ns3:TrackPointExtension>
        </extensions>
      </trkpt>
      <trkpt lat="42.33721227385103702545166015625" lon="-71.09119414351880550384521484375">
        <ele>3</ele>
        <time>2026-04-24T19:09:53.000Z</time>
        <extensions>
          <ns3:TrackPointExtension>
            <ns3:hr>81</ns3:hr>
            <ns3:cad>53</ns3:cad>
          </ns3:TrackPointExtension>
        </extensions>
      </trkpt>
      <trkpt lat="42.33721545897424221038818359375" lon="-71.09120604582130908966064453125">
        <ele>3</ele>
        <time>2026-04-24T19:09:54.000Z</time>
        <extensions>
          <ns3:TrackPointExtension>
            <ns3:hr>81</ns3:hr>
            <ns3:cad>53</ns3:cad>
          </ns3:TrackPointExtension>
        </extensions>
      </trkpt>
      <trkpt lat="42.3372190631926059722900390625" lon="-71.0912188701331615447998046875">
        <ele>2.7999999523162841796875</ele>
        <time>2026-04-24T19:09:55.000Z</time>
        <extensions>
          <ns3:TrackPointExtension>
            <ns3:hr>81</ns3:hr>
            <ns3:cad>55</ns3:cad>
          </ns3:TrackPointExtension>
        </extensions>
      </trkpt>
      <trkpt lat="42.33722266741096973419189453125" lon="-71.09122264198958873748779296875">
        <ele>2.7999999523162841796875</ele>
        <time>2026-04-24T19:09:56.000Z</time>
        <extensions>
          <ns3:TrackPointExtension>
            <ns3:hr>81</ns3:hr>
            <ns3:cad>55</ns3:cad>
          </ns3:TrackPointExtension>
        </extensions>
      </trkpt>
      <trkpt lat="42.33722534961998462677001953125" lon="-71.0912238992750644683837890625">
        <ele>2.7999999523162841796875</ele>
        <time>2026-04-24T19:09:57.000Z</time>
        <extensions>
          <ns3:TrackPointExtension>
            <ns3:hr>81</ns3:hr>
            <ns3:cad>55</ns3:cad>
          </ns3:TrackPointExtension>
        </extensions>
      </trkpt>
      <trkpt lat="42.33722803182899951934814453125" lon="-71.09122247435152530670166015625">
        <ele>2.7999999523162841796875</ele>
        <time>2026-04-24T19:09:58.000Z</time>
        <extensions>
          <ns3:TrackPointExtension>
            <ns3:hr>81</ns3:hr>
            <ns3:cad>54</ns3:cad>
          </ns3:TrackPointExtension>
        </extensions>
      </trkpt>
      <trkpt lat="42.33723163604736328125" lon="-71.091219373047351837158203125">
        <ele>2.7999999523162841796875</ele>
        <time>2026-04-24T19:09:59.000Z</time>
        <extensions>
          <ns3:TrackPointExtension>
            <ns3:hr>81</ns3:hr>
            <ns3:cad>53</ns3:cad>
          </ns3:TrackPointExtension>
        </extensions>
      </trkpt>
      <trkpt lat="42.337233982980251312255859375" lon="-71.09121979214251041412353515625">
        <ele>2.7999999523162841796875</ele>
        <time>2026-04-24T19:10:00.000Z</time>
        <extensions>
          <ns3:TrackPointExtension>
            <ns3:hr>80</ns3:hr>
            <ns3:cad>53</ns3:cad>
          </ns3:TrackPointExtension>
        </extensions>
      </trkpt>
      <trkpt lat="42.33724144287407398223876953125" lon="-71.09121358953416347503662109375">
        <ele>2.7999999523162841796875</ele>
        <time>2026-04-24T19:10:01.000Z</time>
        <extensions>
          <ns3:TrackPointExtension>
            <ns3:hr>80</ns3:hr>
            <ns3:cad>52</ns3:cad>
          </ns3:TrackPointExtension>
        </extensions>
      </trkpt>
      <trkpt lat="42.3372485674917697906494140625" lon="-71.0912051238119602203369140625">
        <ele>2.7999999523162841796875</ele>
        <time>2026-04-24T19:10:02.000Z</time>
        <extensions>
          <ns3:TrackPointExtension>
            <ns3:hr>80</ns3:hr>
            <ns3:cad>52</ns3:cad>
          </ns3:TrackPointExtension>
        </extensions>
      </trkpt>
      <trkpt lat="42.3372559435665607452392578125" lon="-71.09119825065135955810546875">
        <ele>2.7999999523162841796875</ele>
        <time>2026-04-24T19:10:03.000Z</time>
        <extensions>
          <ns3:TrackPointExtension>
            <ns3:hr>80</ns3:hr>
            <ns3:cad>53</ns3:cad>
          </ns3:TrackPointExtension>
        </extensions>
      </trkpt>
      <trkpt lat="42.3372638225555419921875" lon="-71.09119581989943981170654296875">
        <ele>2.7999999523162841796875</ele>
        <time>2026-04-24T19:10:04.000Z</time>
        <extensions>
          <ns3:TrackPointExtension>
            <ns3:hr>80</ns3:hr>
            <ns3:cad>54</ns3:cad>
          </ns3:TrackPointExtension>
        </extensions>
      </trkpt>
      <trkpt lat="42.33727279119193553924560546875" lon="-71.09119665808975696563720703125">
        <ele>3</ele>
        <time>2026-04-24T19:10:05.000Z</time>
        <extensions>
          <ns3:TrackPointExtension>
            <ns3:hr>80</ns3:hr>
            <ns3:cad>54</ns3:cad>
          </ns3:TrackPointExtension>
        </extensions>
      </trkpt>
      <trkpt lat="42.3372837714850902557373046875" lon="-71.0911948978900909423828125">
        <ele>3</ele>
        <time>2026-04-24T19:10:06.000Z</time>
        <extensions>
          <ns3:TrackPointExtension>
            <ns3:hr>80</ns3:hr>
            <ns3:cad>54</ns3:cad>
          </ns3:TrackPointExtension>
        </extensions>
      </trkpt>
      <trkpt lat="42.33730338513851165771484375" lon="-71.09119162894785404205322265625">
        <ele>3</ele>
        <time>2026-04-24T19:10:07.000Z</time>
        <extensions>
          <ns3:TrackPointExtension>
            <ns3:hr>80</ns3:hr>
            <ns3:cad>54</ns3:cad>
          </ns3:TrackPointExtension>
        </extensions>
      </trkpt>
      <trkpt lat="42.33732341788709163665771484375" lon="-71.09118425287306308746337890625">
        <ele>3</ele>
        <time>2026-04-24T19:10:08.000Z</time>
        <extensions>
          <ns3:TrackPointExtension>
            <ns3:hr>81</ns3:hr>
            <ns3:cad>54</ns3:cad>
          </ns3:TrackPointExtension>
        </extensions>
      </trkpt>
      <trkpt lat="42.33733967877924442291259765625" lon="-71.0911762900650501251220703125">
        <ele>3.2000000476837158203125</ele>
        <time>2026-04-24T19:10:09.000Z</time>
        <extensions>
          <ns3:TrackPointExtension>
            <ns3:hr>81</ns3:hr>
            <ns3:cad>55</ns3:cad>
          </ns3:TrackPointExtension>
        </extensions>
      </trkpt>
      <trkpt lat="42.337354682385921478271484375" lon="-71.0911625437438488006591796875">
        <ele>3.2000000476837158203125</ele>
        <time>2026-04-24T19:10:10.000Z</time>
        <extensions>
          <ns3:TrackPointExtension>
            <ns3:hr>81</ns3:hr>
            <ns3:cad>55</ns3:cad>
          </ns3:TrackPointExtension>
        </extensions>
      </trkpt>
      <trkpt lat="42.3373749665915966033935546875" lon="-71.09115273691713809967041015625">
        <ele>3.2000000476837158203125</ele>
        <time>2026-04-24T19:10:11.000Z</time>
        <extensions>
          <ns3:TrackPointExtension>
            <ns3:hr>81</ns3:hr>
            <ns3:cad>55</ns3:cad>
          </ns3:TrackPointExtension>
        </extensions>
      </trkpt>
      <trkpt lat="42.337390892207622528076171875" lon="-71.09113647602498531341552734375">
        <ele>3.2000000476837158203125</ele>
        <time>2026-04-24T19:10:12.000Z</time>
        <extensions>
          <ns3:TrackPointExtension>
            <ns3:hr>81</ns3:hr>
            <ns3:cad>54</ns3:cad>
          </ns3:TrackPointExtension>
        </extensions>
      </trkpt>
      <trkpt lat="42.33740656636655330657958984375" lon="-71.09111367724835872650146484375">
        <ele>3.2000000476837158203125</ele>
        <time>2026-04-24T19:10:13.000Z</time>
        <extensions>
          <ns3:TrackPointExtension>
            <ns3:hr>81</ns3:hr>
            <ns3:cad>54</ns3:cad>
          </ns3:TrackPointExtension>
        </extensions>
      </trkpt>
      <trkpt lat="42.33742148615419864654541015625" lon="-71.09108668752014636993408203125">
        <ele>3.400000095367431640625</ele>
        <time>2026-04-24T19:10:14.000Z</time>
        <extensions>
          <ns3:TrackPointExtension>
            <ns3:hr>81</ns3:hr>
            <ns3:cad>54</ns3:cad>
          </ns3:TrackPointExtension>
        </extensions>
      </trkpt>
      <trkpt lat="42.3374436981976032257080078125" lon="-71.09105517156422138214111328125">
        <ele>3.400000095367431640625</ele>
        <time>2026-04-24T19:10:15.000Z</time>
        <extensions>
          <ns3:TrackPointExtension>
            <ns3:hr>81</ns3:hr>
            <ns3:cad>55</ns3:cad>
          </ns3:TrackPointExtension>
        </extensions>
      </trkpt>
      <trkpt lat="42.33746155165135860443115234375" lon="-71.09105743467807769775390625">
        <ele>3.400000095367431640625</ele>
        <time>2026-04-24T19:10:16.000Z</time>
        <extensions>
          <ns3:TrackPointExtension>
            <ns3:hr>81</ns3:hr>
            <ns3:cad>55</ns3:cad>
          </ns3:TrackPointExtension>
        </extensions>
      </trkpt>
      <trkpt lat="42.33747764490544795989990234375" lon="-71.09105282463133335113525390625">
        <ele>3.400000095367431640625</ele>
        <time>2026-04-24T19:10:17.000Z</time>
        <extensions>
          <ns3:TrackPointExtension>
            <ns3:hr>80</ns3:hr>
            <ns3:cad>54</ns3:cad>
          </ns3:TrackPointExtension>
        </extensions>
      </trkpt>
      <trkpt lat="42.33749323524534702301025390625" lon="-71.0910408385097980499267578125">
        <ele>3.599999904632568359375</ele>
        <time>2026-04-24T19:10:18.000Z</time>
        <extensions>
          <ns3:TrackPointExtension>
            <ns3:hr>80</ns3:hr>
            <ns3:cad>54</ns3:cad>
          </ns3:TrackPointExtension>
        </extensions>
      </trkpt>
      <trkpt lat="42.3375100828707218170166015625" lon="-71.09103069640696048736572265625">
        <ele>3.599999904632568359375</ele>
        <time>2026-04-24T19:10:19.000Z</time>
        <extensions>
          <ns3:TrackPointExtension>
            <ns3:hr>81</ns3:hr>
            <ns3:cad>53</ns3:cad>
          </ns3:TrackPointExtension>
        </extensions>
      </trkpt>
      <trkpt lat="42.337526343762874603271484375" lon="-71.091021560132503509521484375">
        <ele>3.599999904632568359375</ele>
        <time>2026-04-24T19:10:20.000Z</time>
        <extensions>
          <ns3:TrackPointExtension>
            <ns3:hr>81</ns3:hr>
            <ns3:cad>53</ns3:cad>
          </ns3:TrackPointExtension>
        </extensions>
      </trkpt>
      <trkpt lat="42.33754168264567852020263671875" lon="-71.0910098254680633544921875">
        <ele>3.599999904632568359375</ele>
        <time>2026-04-24T19:10:21.000Z</time>
        <extensions>
          <ns3:TrackPointExtension>
            <ns3:hr>81</ns3:hr>
            <ns3:cad>53</ns3:cad>
          </ns3:TrackPointExtension>
        </extensions>
      </trkpt>
      <trkpt lat="42.337556518614292144775390625" lon="-71.09100689180195331573486328125">
        <ele>3.599999904632568359375</ele>
        <time>2026-04-24T19:10:22.000Z</time>
        <extensions>
          <ns3:TrackPointExtension>
            <ns3:hr>82</ns3:hr>
            <ns3:cad>53</ns3:cad>
          </ns3:TrackPointExtension>
        </extensions>
      </trkpt>
      <trkpt lat="42.33757026493549346923828125" lon="-71.09100705944001674652099609375">
        <ele>3.599999904632568359375</ele>
        <time>2026-04-24T19:10:23.000Z</time>
        <extensions>
          <ns3:TrackPointExtension>
            <ns3:hr>82</ns3:hr>
            <ns3:cad>53</ns3:cad>
          </ns3:TrackPointExtension>
        </extensions>
      </trkpt>
      <trkpt lat="42.33758032321929931640625" lon="-71.09101275913417339324951171875">
        <ele>3.599999904632568359375</ele>
        <time>2026-04-24T19:10:24.000Z</time>
        <extensions>
          <ns3:TrackPointExtension>
            <ns3:hr>82</ns3:hr>
            <ns3:cad>53</ns3:cad>
          </ns3:TrackPointExtension>
        </extensions>
      </trkpt>
      <trkpt lat="42.3375975899398326873779296875" lon="-71.091014184057712554931640625">
        <ele>3.7999999523162841796875</ele>
        <time>2026-04-24T19:10:25.000Z</time>
        <extensions>
          <ns3:TrackPointExtension>
            <ns3:hr>82</ns3:hr>
            <ns3:cad>53</ns3:cad>
          </ns3:TrackPointExtension>
        </extensions>
      </trkpt>
      <trkpt lat="42.3376193828880786895751953125" lon="-71.09100957401096820831298828125">
        <ele>3.7999999523162841796875</ele>
        <time>2026-04-24T19:10:26.000Z</time>
        <extensions>
          <ns3:TrackPointExtension>
            <ns3:hr>82</ns3:hr>
            <ns3:cad>54</ns3:cad>
          </ns3:TrackPointExtension>
        </extensions>
      </trkpt>
      <trkpt lat="42.3376433551311492919921875" lon="-71.09101175330579280853271484375">
        <ele>3.7999999523162841796875</ele>
        <time>2026-04-24T19:10:27.000Z</time>
        <extensions>
          <ns3:TrackPointExtension>
            <ns3:hr>82</ns3:hr>
            <ns3:cad>54</ns3:cad>
          </ns3:TrackPointExtension>
        </extensions>
      </trkpt>
      <trkpt lat="42.33766607008874416351318359375" lon="-71.09101108275353908538818359375">
        <ele>3.7999999523162841796875</ele>
        <time>2026-04-24T19:10:28.000Z</time>
        <extensions>
          <ns3:TrackPointExtension>
            <ns3:hr>82</ns3:hr>
            <ns3:cad>54</ns3:cad>
          </ns3:TrackPointExtension>
        </extensions>
      </trkpt>
      <trkpt lat="42.337685264647006988525390625" lon="-71.09101493842899799346923828125">
        <ele>3.7999999523162841796875</ele>
        <time>2026-04-24T19:10:29.000Z</time>
        <extensions>
          <ns3:TrackPointExtension>
            <ns3:hr>82</ns3:hr>
            <ns3:cad>54</ns3:cad>
          </ns3:TrackPointExtension>
        </extensions>
      </trkpt>
      <trkpt lat="42.33770169317722320556640625" lon="-71.0910178720951080322265625">
        <ele>3.7999999523162841796875</ele>
        <time>2026-04-24T19:10:30.000Z</time>
        <extensions>
          <ns3:TrackPointExtension>
            <ns3:hr>83</ns3:hr>
            <ns3:cad>53</ns3:cad>
          </ns3:TrackPointExtension>
        </extensions>
      </trkpt>
      <trkpt lat="42.33771904371678829193115234375" lon="-71.0910277627408504486083984375">
        <ele>3.7999999523162841796875</ele>
        <time>2026-04-24T19:10:31.000Z</time>
        <extensions>
          <ns3:TrackPointExtension>
            <ns3:hr>84</ns3:hr>
            <ns3:cad>53</ns3:cad>
          </ns3:TrackPointExtension>
        </extensions>
      </trkpt>
      <trkpt lat="42.33773916028439998626708984375" lon="-71.09104595147073268890380859375">
        <ele>3.7999999523162841796875</ele>
        <time>2026-04-24T19:10:32.000Z</time>
        <extensions>
          <ns3:TrackPointExtension>
            <ns3:hr>84</ns3:hr>
            <ns3:cad>53</ns3:cad>
          </ns3:TrackPointExtension>
        </extensions>
      </trkpt>
      <trkpt lat="42.3377702571451663970947265625" lon="-71.09104729257524013519287109375">
        <ele>3.7999999523162841796875</ele>
        <time>2026-04-24T19:10:33.000Z</time>
        <extensions>
          <ns3:TrackPointExtension>
            <ns3:hr>84</ns3:hr>
            <ns3:cad>53</ns3:cad>
          </ns3:TrackPointExtension>
        </extensions>
      </trkpt>
      <trkpt lat="42.33778911642730236053466796875" lon="-71.09107562340795993804931640625">
        <ele>3.7999999523162841796875</ele>
        <time>2026-04-24T19:10:34.000Z</time>
        <extensions>
          <ns3:TrackPointExtension>
            <ns3:hr>84</ns3:hr>
            <ns3:cad>53</ns3:cad>
          </ns3:TrackPointExtension>
        </extensions>
      </trkpt>
      <trkpt lat="42.33777486719191074371337890625" lon="-71.0910998471081256866455078125">
        <ele>3.7999999523162841796875</ele>
        <time>2026-04-24T19:10:35.000Z</time>
        <extensions>
          <ns3:TrackPointExtension>
            <ns3:hr>84</ns3:hr>
            <ns3:cad>53</ns3:cad>
          </ns3:TrackPointExtension>
        </extensions>
      </trkpt>
      <trkpt lat="42.337770424783229827880859375" lon="-71.0911353863775730133056640625">
        <ele>3.7999999523162841796875</ele>
        <time>2026-04-24T19:10:36.000Z</time>
        <extensions>
          <ns3:TrackPointExtension>
            <ns3:hr>84</ns3:hr>
            <ns3:cad>53</ns3:cad>
          </ns3:TrackPointExtension>
        </extensions>
      </trkpt>
      <trkpt lat="42.33776296488940715789794921875" lon="-71.0911578498780727386474609375">
        <ele>3.7999999523162841796875</ele>
        <time>2026-04-24T19:10:37.000Z</time>
        <extensions>
          <ns3:TrackPointExtension>
            <ns3:hr>84</ns3:hr>
            <ns3:cad>53</ns3:cad>
          </ns3:TrackPointExtension>
        </extensions>
      </trkpt>
      <trkpt lat="42.33776967041194438934326171875" lon="-71.0911709256470203399658203125">
        <ele>3.7999999523162841796875</ele>
        <time>2026-04-24T19:10:38.000Z</time>
        <extensions>
          <ns3:TrackPointExtension>
            <ns3:hr>84</ns3:hr>
            <ns3:cad>53</ns3:cad>
          </ns3:TrackPointExtension>
        </extensions>
      </trkpt>
      <trkpt lat="42.33777344226837158203125" lon="-71.09117637388408184051513671875">
        <ele>3.7999999523162841796875</ele>
        <time>2026-04-24T19:10:39.000Z</time>
        <extensions>
          <ns3:TrackPointExtension>
            <ns3:hr>84</ns3:hr>
            <ns3:cad>53</ns3:cad>
          </ns3:TrackPointExtension>
        </extensions>
      </trkpt>
      <trkpt lat="42.3377749510109424591064453125" lon="-71.09117955900728702545166015625">
        <ele>3.7999999523162841796875</ele>
        <time>2026-04-24T19:10:40.000Z</time>
        <extensions>
          <ns3:TrackPointExtension>
            <ns3:hr>84</ns3:hr>
            <ns3:cad>53</ns3:cad>
          </ns3:TrackPointExtension>
        </extensions>
      </trkpt>
      <trkpt lat="42.337765730917453765869140625" lon="-71.0911707580089569091796875">
        <ele>3.7999999523162841796875</ele>
        <time>2026-04-24T19:10:41.000Z</time>
        <extensions>
          <ns3:TrackPointExtension>
            <ns3:hr>84</ns3:hr>
            <ns3:cad>53</ns3:cad>
          </ns3:TrackPointExtension>
        </extensions>
      </trkpt>
      <trkpt lat="42.337764389812946319580078125" lon="-71.09116472303867340087890625">
        <ele>3.7999999523162841796875</ele>
        <time>2026-04-24T19:10:42.000Z</time>
        <extensions>
          <ns3:TrackPointExtension>
            <ns3:hr>84</ns3:hr>
            <ns3:cad>53</ns3:cad>
          </ns3:TrackPointExtension>
        </extensions>
      </trkpt>
      <trkpt lat="42.33776229433715343475341796875" lon="-71.09115944243967533111572265625">
        <ele>4</ele>
        <time>2026-04-24T19:10:43.000Z</time>
        <extensions>
          <ns3:TrackPointExtension>
            <ns3:hr>83</ns3:hr>
            <ns3:cad>53</ns3:cad>
          </ns3:TrackPointExtension>
        </extensions>
      </trkpt>
      <trkpt lat="42.337765060365200042724609375" lon="-71.0911491326987743377685546875">
        <ele>4</ele>
        <time>2026-04-24T19:10:44.000Z</time>
        <extensions>
          <ns3:TrackPointExtension>
            <ns3:hr>83</ns3:hr>
            <ns3:cad>52</ns3:cad>
          </ns3:TrackPointExtension>
        </extensions>
      </trkpt>
      <trkpt lat="42.33776816166937351226806640625" lon="-71.09114469029009342193603515625">
        <ele>4</ele>
        <time>2026-04-24T19:10:45.000Z</time>
        <extensions>
          <ns3:TrackPointExtension>
            <ns3:hr>83</ns3:hr>
            <ns3:cad>52</ns3:cad>
          </ns3:TrackPointExtension>
        </extensions>
      </trkpt>
      <trkpt lat="42.33777235262095928192138671875" lon="-71.09114049933850765228271484375">
        <ele>3.7999999523162841796875</ele>
        <time>2026-04-24T19:10:46.000Z</time>
        <extensions>
          <ns3:TrackPointExtension>
            <ns3:hr>83</ns3:hr>
            <ns3:cad>52</ns3:cad>
          </ns3:TrackPointExtension>
        </extensions>
      </trkpt>
      <trkpt lat="42.3377819918096065521240234375" lon="-71.0911407507956027984619140625">
        <ele>3.7999999523162841796875</ele>
        <time>2026-04-24T19:10:47.000Z</time>
        <extensions>
          <ns3:TrackPointExtension>
            <ns3:hr>83</ns3:hr>
            <ns3:cad>52</ns3:cad>
          </ns3:TrackPointExtension>
        </extensions>
      </trkpt>
      <trkpt lat="42.337792217731475830078125" lon="-71.0911420919001102447509765625">
        <ele>3.7999999523162841796875</ele>
        <time>2026-04-24T19:10:48.000Z</time>
        <extensions>
          <ns3:TrackPointExtension>
            <ns3:hr>83</ns3:hr>
            <ns3:cad>52</ns3:cad>
          </ns3:TrackPointExtension>
        </extensions>
      </trkpt>
      <trkpt lat="42.33780772425234317779541015625" lon="-71.0911420919001102447509765625">
        <ele>3.7999999523162841796875</ele>
        <time>2026-04-24T19:10:49.000Z</time>
        <extensions>
          <ns3:TrackPointExtension>
            <ns3:hr>83</ns3:hr>
            <ns3:cad>52</ns3:cad>
          </ns3:TrackPointExtension>
        </extensions>
      </trkpt>
      <trkpt lat="42.33782649971544742584228515625" lon="-71.09114066697657108306884765625">
        <ele>3.7999999523162841796875</ele>
        <time>2026-04-24T19:10:50.000Z</time>
        <extensions>
          <ns3:TrackPointExtension>
            <ns3:hr>83</ns3:hr>
            <ns3:cad>52</ns3:cad>
          </ns3:TrackPointExtension>
        </extensions>
      </trkpt>
      <trkpt lat="42.3378418385982513427734375" lon="-71.0911390744149684906005859375">
        <ele>4</ele>
        <time>2026-04-24T19:10:51.000Z</time>
        <extensions>
          <ns3:TrackPointExtension>
            <ns3:hr>83</ns3:hr>
            <ns3:cad>52</ns3:cad>
          </ns3:TrackPointExtension>
        </extensions>
      </trkpt>
      <trkpt lat="42.33786053024232387542724609375" lon="-71.091151647269725799560546875">
        <ele>4</ele>
        <time>2026-04-24T19:10:52.000Z</time>
        <extensions>
          <ns3:TrackPointExtension>
            <ns3:hr>82</ns3:hr>
            <ns3:cad>52</ns3:cad>
          </ns3:TrackPointExtension>
        </extensions>
      </trkpt>
      <trkpt lat="42.3378793895244598388671875" lon="-71.0911484621465206146240234375">
        <ele>4</ele>
        <time>2026-04-24T19:10:53.000Z</time>
        <extensions>
          <ns3:TrackPointExtension>
            <ns3:hr>82</ns3:hr>
            <ns3:cad>52</ns3:cad>
          </ns3:TrackPointExtension>
        </extensions>
      </trkpt>
      <trkpt lat="42.3379080556333065032958984375" lon="-71.0911350511014461517333984375">
        <ele>4</ele>
        <time>2026-04-24T19:10:54.000Z</time>
        <extensions>
          <ns3:TrackPointExtension>
            <ns3:hr>82</ns3:hr>
            <ns3:cad>52</ns3:cad>
          </ns3:TrackPointExtension>
        </extensions>
      </trkpt>
      <trkpt lat="42.33793546445667743682861328125" lon="-71.0911350511014461517333984375">
        <ele>4</ele>
        <time>2026-04-24T19:10:55.000Z</time>
        <extensions>
          <ns3:TrackPointExtension>
            <ns3:hr>82</ns3:hr>
            <ns3:cad>53</ns3:cad>
          </ns3:TrackPointExtension>
        </extensions>
      </trkpt>
      <trkpt lat="42.33795457519590854644775390625" lon="-71.09113119542598724365234375">
        <ele>4</ele>
        <time>2026-04-24T19:10:56.000Z</time>
        <extensions>
          <ns3:TrackPointExtension>
            <ns3:hr>82</ns3:hr>
            <ns3:cad>53</ns3:cad>
          </ns3:TrackPointExtension>
        </extensions>
      </trkpt>
      <trkpt lat="42.3379774577915668487548828125" lon="-71.09113563783466815948486328125">
        <ele>4</ele>
        <time>2026-04-24T19:10:57.000Z</time>
        <extensions>
          <ns3:TrackPointExtension>
            <ns3:hr>82</ns3:hr>
            <ns3:cad>53</ns3:cad>
          </ns3:TrackPointExtension>
        </extensions>
      </trkpt>
      <trkpt lat="42.338007129728794097900390625" lon="-71.0911343805491924285888671875">
        <ele>4</ele>
        <time>2026-04-24T19:10:58.000Z</time>
        <extensions>
          <ns3:TrackPointExtension>
            <ns3:hr>81</ns3:hr>
            <ns3:cad>53</ns3:cad>
          </ns3:TrackPointExtension>
        </extensions>
      </trkpt>
      <trkpt lat="42.33802934177219867706298828125" lon="-71.09113781712949275970458984375">
        <ele>4.19999980926513671875</ele>
        <time>2026-04-24T19:10:59.000Z</time>
        <extensions>
          <ns3:TrackPointExtension>
            <ns3:hr>81</ns3:hr>
            <ns3:cad>53</ns3:cad>
          </ns3:TrackPointExtension>
        </extensions>
      </trkpt>
      <trkpt lat="42.33805214054882526397705078125" lon="-71.09114686958491802215576171875">
        <ele>4.19999980926513671875</ele>
        <time>2026-04-24T19:11:00.000Z</time>
        <extensions>
          <ns3:TrackPointExtension>
            <ns3:hr>81</ns3:hr>
            <ns3:cad>54</ns3:cad>
          </ns3:TrackPointExtension>
        </extensions>
      </trkpt>
      <trkpt lat="42.33807527460157871246337890625" lon="-71.0911452770233154296875">
        <ele>4.19999980926513671875</ele>
        <time>2026-04-24T19:11:01.000Z</time>
        <extensions>
          <ns3:TrackPointExtension>
            <ns3:hr>81</ns3:hr>
            <ns3:cad>54</ns3:cad>
          </ns3:TrackPointExtension>
        </extensions>
      </trkpt>
      <trkpt lat="42.33809773810207843780517578125" lon="-71.0911494679749011993408203125">
        <ele>4.19999980926513671875</ele>
        <time>2026-04-24T19:11:02.000Z</time>
        <extensions>
          <ns3:TrackPointExtension>
            <ns3:hr>81</ns3:hr>
            <ns3:cad>54</ns3:cad>
          </ns3:TrackPointExtension>
        </extensions>
      </trkpt>
      <trkpt lat="42.33810377307236194610595703125" lon="-71.09114519320428371429443359375">
        <ele>4.19999980926513671875</ele>
        <time>2026-04-24T19:11:03.000Z</time>
        <extensions>
          <ns3:TrackPointExtension>
            <ns3:hr>81</ns3:hr>
            <ns3:cad>53</ns3:cad>
          </ns3:TrackPointExtension>
        </extensions>
      </trkpt>
      <trkpt lat="42.33811383135616779327392578125" lon="-71.09114569611847400665283203125">
        <ele>4.19999980926513671875</ele>
        <time>2026-04-24T19:11:04.000Z</time>
        <extensions>
          <ns3:TrackPointExtension>
            <ns3:hr>81</ns3:hr>
            <ns3:cad>52</ns3:cad>
          </ns3:TrackPointExtension>
        </extensions>
      </trkpt>
      <trkpt lat="42.33812749385833740234375" lon="-71.09115223400294780731201171875">
        <ele>4.19999980926513671875</ele>
        <time>2026-04-24T19:11:05.000Z</time>
        <extensions>
          <ns3:TrackPointExtension>
            <ns3:hr>81</ns3:hr>
            <ns3:cad>52</ns3:cad>
          </ns3:TrackPointExtension>
        </extensions>
      </trkpt>
      <trkpt lat="42.3381497897207736968994140625" lon="-71.0911578498780727386474609375">
        <ele>4.19999980926513671875</ele>
        <time>2026-04-24T19:11:06.000Z</time>
        <extensions>
          <ns3:TrackPointExtension>
            <ns3:hr>81</ns3:hr>
            <ns3:cad>52</ns3:cad>
          </ns3:TrackPointExtension>
        </extensions>
      </trkpt>
      <trkpt lat="42.33816563151776790618896484375" lon="-71.09116279520094394683837890625">
        <ele>4.19999980926513671875</ele>
        <time>2026-04-24T19:11:07.000Z</time>
        <extensions>
          <ns3:TrackPointExtension>
            <ns3:hr>81</ns3:hr>
            <ns3:cad>52</ns3:cad>
          </ns3:TrackPointExtension>
        </extensions>
      </trkpt>
      <trkpt lat="42.3381943814456462860107421875" lon="-71.09117989428341388702392578125">
        <ele>4.19999980926513671875</ele>
        <time>2026-04-24T19:11:08.000Z</time>
        <extensions>
          <ns3:TrackPointExtension>
            <ns3:hr>80</ns3:hr>
            <ns3:cad>53</ns3:cad>
          </ns3:TrackPointExtension>
        </extensions>
      </trkpt>
      <trkpt lat="42.33821994625031948089599609375" lon="-71.0911900363862514495849609375">
        <ele>4.19999980926513671875</ele>
        <time>2026-04-24T19:11:09.000Z</time>
        <extensions>
          <ns3:TrackPointExtension>
            <ns3:hr>80</ns3:hr>
            <ns3:cad>54</ns3:cad>
          </ns3:TrackPointExtension>
        </extensions>
      </trkpt>
      <trkpt lat="42.3382446728646755218505859375" lon="-71.09119766391813755035400390625">
        <ele>4.19999980926513671875</ele>
        <time>2026-04-24T19:11:10.000Z</time>
        <extensions>
          <ns3:TrackPointExtension>
            <ns3:hr>81</ns3:hr>
            <ns3:cad>54</ns3:cad>
          </ns3:TrackPointExtension>
        </extensions>
      </trkpt>
      <trkpt lat="42.3382656276226043701171875" lon="-71.09120755456387996673583984375">
        <ele>4.19999980926513671875</ele>
        <time>2026-04-24T19:11:11.000Z</time>
        <extensions>
          <ns3:TrackPointExtension>
            <ns3:hr>81</ns3:hr>
            <ns3:cad>54</ns3:cad>
          </ns3:TrackPointExtension>
        </extensions>
      </trkpt>
      <trkpt lat="42.338286750018596649169921875" lon="-71.09122046269476413726806640625">
        <ele>4.19999980926513671875</ele>
        <time>2026-04-24T19:11:12.000Z</time>
        <extensions>
          <ns3:TrackPointExtension>
            <ns3:hr>81</ns3:hr>
            <ns3:cad>54</ns3:cad>
          </ns3:TrackPointExtension>
        </extensions>
      </trkpt>
      <trkpt lat="42.3383110575377941131591796875" lon="-71.09123169444501399993896484375">
        <ele>4.19999980926513671875</ele>
        <time>2026-04-24T19:11:13.000Z</time>
        <extensions>
          <ns3:TrackPointExtension>
            <ns3:hr>81</ns3:hr>
            <ns3:cad>54</ns3:cad>
          </ns3:TrackPointExtension>
        </extensions>
      </trkpt>
      <trkpt lat="42.33832689933478832244873046875" lon="-71.0912351310253143310546875">
        <ele>4.19999980926513671875</ele>
        <time>2026-04-24T19:11:14.000Z</time>
        <extensions>
          <ns3:TrackPointExtension>
            <ns3:hr>81</ns3:hr>
            <ns3:cad>54</ns3:cad>
          </ns3:TrackPointExtension>
        </extensions>
      </trkpt>
      <trkpt lat="42.33833561651408672332763671875" lon="-71.09124141745269298553466796875">
        <ele>4.19999980926513671875</ele>
        <time>2026-04-24T19:11:15.000Z</time>
        <extensions>
          <ns3:TrackPointExtension>
            <ns3:hr>81</ns3:hr>
            <ns3:cad>53</ns3:cad>
          </ns3:TrackPointExtension>
        </extensions>
      </trkpt>
      <trkpt lat="42.33835707418620586395263671875" lon="-71.09124493785202503204345703125">
        <ele>4.19999980926513671875</ele>
        <time>2026-04-24T19:11:16.000Z</time>
        <extensions>
          <ns3:TrackPointExtension>
            <ns3:hr>81</ns3:hr>
            <ns3:cad>53</ns3:cad>
          </ns3:TrackPointExtension>
        </extensions>
      </trkpt>
      <trkpt lat="42.3383754305541515350341796875" lon="-71.09125013463199138641357421875">
        <ele>4.19999980926513671875</ele>
        <time>2026-04-24T19:11:17.000Z</time>
        <extensions>
          <ns3:TrackPointExtension>
            <ns3:hr>81</ns3:hr>
            <ns3:cad>53</ns3:cad>
          </ns3:TrackPointExtension>
        </extensions>
      </trkpt>
      <trkpt lat="42.33840099535882472991943359375" lon="-71.09124795533716678619384765625">
        <ele>4.19999980926513671875</ele>
        <time>2026-04-24T19:11:18.000Z</time>
        <extensions>
          <ns3:TrackPointExtension>
            <ns3:hr>81</ns3:hr>
            <ns3:cad>52</ns3:cad>
          </ns3:TrackPointExtension>
        </extensions>
      </trkpt>
      <trkpt lat="42.3384146578609943389892578125" lon="-71.09125616960227489471435546875">
        <ele>4.19999980926513671875</ele>
        <time>2026-04-24T19:11:19.000Z</time>
        <extensions>
          <ns3:TrackPointExtension>
            <ns3:hr>81</ns3:hr>
            <ns3:cad>53</ns3:cad>
          </ns3:TrackPointExtension>
        </extensions>
      </trkpt>
      <trkpt lat="42.33843888156116008758544921875" lon="-71.09127209521830081939697265625">
        <ele>4</ele>
        <time>2026-04-24T19:11:20.000Z</time>
        <extensions>
          <ns3:TrackPointExtension>
            <ns3:hr>81</ns3:hr>
            <ns3:cad>53</ns3:cad>
          </ns3:TrackPointExtension>
        </extensions>
      </trkpt>
      <trkpt lat="42.3384453356266021728515625" lon="-71.091280393302440643310546875">
        <ele>4</ele>
        <time>2026-04-24T19:11:21.000Z</time>
        <extensions>
          <ns3:TrackPointExtension>
            <ns3:hr>81</ns3:hr>
            <ns3:cad>53</ns3:cad>
          </ns3:TrackPointExtension>
        </extensions>
      </trkpt>
      <trkpt lat="42.33844466507434844970703125" lon="-71.09128617681562900543212890625">
        <ele>4</ele>
        <time>2026-04-24T19:11:22.000Z</time>
        <extensions>
          <ns3:TrackPointExtension>
            <ns3:hr>81</ns3:hr>
            <ns3:cad>53</ns3:cad>
          </ns3:TrackPointExtension>
        </extensions>
      </trkpt>
      <trkpt lat="42.3384508676826953887939453125" lon="-71.091296486556529998779296875">
        <ele>4</ele>
        <time>2026-04-24T19:11:23.000Z</time>
        <extensions>
          <ns3:TrackPointExtension>
            <ns3:hr>81</ns3:hr>
            <ns3:cad>53</ns3:cad>
          </ns3:TrackPointExtension>
        </extensions>
      </trkpt>
      <trkpt lat="42.33846084214746952056884765625" lon="-71.09130092896521091461181640625">
        <ele>3.7999999523162841796875</ele>
        <time>2026-04-24T19:11:24.000Z</time>
        <extensions>
          <ns3:TrackPointExtension>
            <ns3:hr>81</ns3:hr>
            <ns3:cad>53</ns3:cad>
          </ns3:TrackPointExtension>
        </extensions>
      </trkpt>
      <trkpt lat="42.33847475610673427581787109375" lon="-71.09130864031612873077392578125">
        <ele>3.7999999523162841796875</ele>
        <time>2026-04-24T19:11:25.000Z</time>
        <extensions>
          <ns3:TrackPointExtension>
            <ns3:hr>81</ns3:hr>
            <ns3:cad>53</ns3:cad>
          </ns3:TrackPointExtension>
        </extensions>
      </trkpt>
      <trkpt lat="42.33848766423761844635009765625" lon="-71.09131635166704654693603515625">
        <ele>3.7999999523162841796875</ele>
        <time>2026-04-24T19:11:26.000Z</time>
        <extensions>
          <ns3:TrackPointExtension>
            <ns3:hr>81</ns3:hr>
            <ns3:cad>53</ns3:cad>
          </ns3:TrackPointExtension>
        </extensions>
      </trkpt>
      <trkpt lat="42.338498644530773162841796875" lon="-71.09132959507405757904052734375">
        <ele>3.7999999523162841796875</ele>
        <time>2026-04-24T19:11:27.000Z</time>
        <extensions>
          <ns3:TrackPointExtension>
            <ns3:hr>81</ns3:hr>
            <ns3:cad>53</ns3:cad>
          </ns3:TrackPointExtension>
        </extensions>
      </trkpt>
      <trkpt lat="42.3385061882436275482177734375" lon="-71.09133906662464141845703125">
        <ele>3.7999999523162841796875</ele>
        <time>2026-04-24T19:11:28.000Z</time>
        <extensions>
          <ns3:TrackPointExtension>
            <ns3:hr>81</ns3:hr>
            <ns3:cad>53</ns3:cad>
          </ns3:TrackPointExtension>
        </extensions>
      </trkpt>
      <trkpt lat="42.33851817436516284942626953125" lon="-71.09135088510811328887939453125">
        <ele>3.7999999523162841796875</ele>
        <time>2026-04-24T19:11:29.000Z</time>
        <extensions>
          <ns3:TrackPointExtension>
            <ns3:hr>80</ns3:hr>
            <ns3:cad>53</ns3:cad>
          </ns3:TrackPointExtension>
        </extensions>
      </trkpt>
      <trkpt lat="42.338527478277683258056640625" lon="-71.09135373495519161224365234375">
        <ele>3.7999999523162841796875</ele>
        <time>2026-04-24T19:11:30.000Z</time>
        <extensions>
          <ns3:TrackPointExtension>
            <ns3:hr>80</ns3:hr>
            <ns3:cad>53</ns3:cad>
          </ns3:TrackPointExtension>
        </extensions>
      </trkpt>
      <trkpt lat="42.3385400511324405670166015625" lon="-71.0913611948490142822265625">
        <ele>3.7999999523162841796875</ele>
        <time>2026-04-24T19:11:31.000Z</time>
        <extensions>
          <ns3:TrackPointExtension>
            <ns3:hr>80</ns3:hr>
            <ns3:cad>53</ns3:cad>
          </ns3:TrackPointExtension>
        </extensions>
      </trkpt>
      <trkpt lat="42.33855572529137134552001953125" lon="-71.09137485735118389129638671875">
        <ele>3.7999999523162841796875</ele>
        <time>2026-04-24T19:11:32.000Z</time>
        <extensions>
          <ns3:TrackPointExtension>
            <ns3:hr>80</ns3:hr>
            <ns3:cad>53</ns3:cad>
          </ns3:TrackPointExtension>
        </extensions>
      </trkpt>
      <trkpt lat="42.33857349492609500885009765625" lon="-71.09138139523565769195556640625">
        <ele>3.7999999523162841796875</ele>
        <time>2026-04-24T19:11:33.000Z</time>
        <extensions>
          <ns3:TrackPointExtension>
            <ns3:hr>80</ns3:hr>
            <ns3:cad>53</ns3:cad>
          </ns3:TrackPointExtension>
        </extensions>
      </trkpt>
      <trkpt lat="42.33858958818018436431884765625" lon="-71.09138743020594120025634765625">
        <ele>3.7999999523162841796875</ele>
        <time>2026-04-24T19:11:34.000Z</time>
        <extensions>
          <ns3:TrackPointExtension>
            <ns3:hr>80</ns3:hr>
            <ns3:cad>54</ns3:cad>
          </ns3:TrackPointExtension>
        </extensions>
      </trkpt>
      <trkpt lat="42.3385990597307682037353515625" lon="-71.091393716633319854736328125">
        <ele>3.7999999523162841796875</ele>
        <time>2026-04-24T19:11:35.000Z</time>
        <extensions>
          <ns3:TrackPointExtension>
            <ns3:hr>79</ns3:hr>
            <ns3:cad>54</ns3:cad>
          </ns3:TrackPointExtension>
        </extensions>
      </trkpt>
      <trkpt lat="42.3386104591190814971923828125" lon="-71.09138793312013149261474609375">
        <ele>3.7999999523162841796875</ele>
        <time>2026-04-24T19:11:36.000Z</time>
        <extensions>
          <ns3:TrackPointExtension>
            <ns3:hr>79</ns3:hr>
            <ns3:cad>54</ns3:cad>
          </ns3:TrackPointExtension>
        </extensions>
      </trkpt>
      <trkpt lat="42.33862009830772876739501953125" lon="-71.0913764499127864837646484375">
        <ele>4</ele>
        <time>2026-04-24T19:11:37.000Z</time>
        <extensions>
          <ns3:TrackPointExtension>
            <ns3:hr>79</ns3:hr>
            <ns3:cad>54</ns3:cad>
          </ns3:TrackPointExtension>
        </extensions>
      </trkpt>
      <trkpt lat="42.33864088542759418487548828125" lon="-71.0913677327334880828857421875">
        <ele>4</ele>
        <time>2026-04-24T19:11:38.000Z</time>
        <extensions>
          <ns3:TrackPointExtension>
            <ns3:hr>79</ns3:hr>
            <ns3:cad>54</ns3:cad>
          </ns3:TrackPointExtension>
        </extensions>
      </trkpt>
      <trkpt lat="42.33865044079720973968505859375" lon="-71.09137519262731075286865234375">
        <ele>4</ele>
        <time>2026-04-24T19:11:39.000Z</time>
        <extensions>
          <ns3:TrackPointExtension>
            <ns3:hr>79</ns3:hr>
            <ns3:cad>53</ns3:cad>
          </ns3:TrackPointExtension>
        </extensions>
      </trkpt>
      <trkpt lat="42.3386600799858570098876953125" lon="-71.0913774557411670684814453125">
        <ele>4</ele>
        <time>2026-04-24T19:11:40.000Z</time>
        <extensions>
          <ns3:TrackPointExtension>
            <ns3:hr>79</ns3:hr>
            <ns3:cad>53</ns3:cad>
          </ns3:TrackPointExtension>
        </extensions>
      </trkpt>
      <trkpt lat="42.33867022208869457244873046875" lon="-71.09138525091111660003662109375">
        <ele>4</ele>
        <time>2026-04-24T19:11:41.000Z</time>
        <extensions>
          <ns3:TrackPointExtension>
            <ns3:hr>79</ns3:hr>
            <ns3:cad>53</ns3:cad>
          </ns3:TrackPointExtension>
        </extensions>
      </trkpt>
      <trkpt lat="42.33867206610739231109619140625" lon="-71.0913952253758907318115234375">
        <ele>4</ele>
        <time>2026-04-24T19:11:42.000Z</time>
        <extensions>
          <ns3:TrackPointExtension>
            <ns3:hr>79</ns3:hr>
            <ns3:cad>53</ns3:cad>
          </ns3:TrackPointExtension>
        </extensions>
      </trkpt>
      <trkpt lat="42.3386815376579761505126953125" lon="-71.0914019308984279632568359375">
        <ele>4</ele>
        <time>2026-04-24T19:11:43.000Z</time>
        <extensions>
          <ns3:TrackPointExtension>
            <ns3:hr>79</ns3:hr>
            <ns3:cad>53</ns3:cad>
          </ns3:TrackPointExtension>
        </extensions>
      </trkpt>
      <trkpt lat="42.33868799172341823577880859375" lon="-71.09141659922897815704345703125">
        <ele>4</ele>
        <time>2026-04-24T19:11:44.000Z</time>
        <extensions>
          <ns3:TrackPointExtension>
            <ns3:hr>79</ns3:hr>
            <ns3:cad>53</ns3:cad>
          </ns3:TrackPointExtension>
        </extensions>
      </trkpt>
      <trkpt lat="42.3387026600539684295654296875" lon="-71.09142623841762542724609375">
        <ele>4</ele>
        <time>2026-04-24T19:11:45.000Z</time>
        <extensions>
          <ns3:TrackPointExtension>
            <ns3:hr>79</ns3:hr>
            <ns3:cad>53</ns3:cad>
          </ns3:TrackPointExtension>
        </extensions>
      </trkpt>
      <trkpt lat="42.3387162387371063232421875" lon="-71.09143353067338466644287109375">
        <ele>4</ele>
        <time>2026-04-24T19:11:46.000Z</time>
        <extensions>
          <ns3:TrackPointExtension>
            <ns3:hr>80</ns3:hr>
            <ns3:cad>53</ns3:cad>
          </ns3:TrackPointExtension>
        </extensions>
      </trkpt>
      <trkpt lat="42.3387318290770053863525390625" lon="-71.09143705107271671295166015625">
        <ele>4</ele>
        <time>2026-04-24T19:11:47.000Z</time>
        <extensions>
          <ns3:TrackPointExtension>
            <ns3:hr>80</ns3:hr>
            <ns3:cad>53</ns3:cad>
          </ns3:TrackPointExtension>
        </extensions>
      </trkpt>
      <trkpt lat="42.33874297700822353363037109375" lon="-71.09144861809909343719482421875">
        <ele>4</ele>
        <time>2026-04-24T19:11:48.000Z</time>
        <extensions>
          <ns3:TrackPointExtension>
            <ns3:hr>80</ns3:hr>
            <ns3:cad>53</ns3:cad>
          </ns3:TrackPointExtension>
        </extensions>
      </trkpt>
      <trkpt lat="42.3387395404279232025146484375" lon="-71.0914589278399944305419921875">
        <ele>4</ele>
        <time>2026-04-24T19:11:49.000Z</time>
        <extensions>
          <ns3:TrackPointExtension>
            <ns3:hr>80</ns3:hr>
            <ns3:cad>52</ns3:cad>
          </ns3:TrackPointExtension>
        </extensions>
      </trkpt>
      <trkpt lat="42.3387267999351024627685546875" lon="-71.0914679802954196929931640625">
        <ele>4</ele>
        <time>2026-04-24T19:11:50.000Z</time>
        <extensions>
          <ns3:TrackPointExtension>
            <ns3:hr>80</ns3:hr>
            <ns3:cad>52</ns3:cad>
          </ns3:TrackPointExtension>
        </extensions>
      </trkpt>
      <trkpt lat="42.33873878605663776397705078125" lon="-71.091491281986236572265625">
        <ele>4</ele>
        <time>2026-04-24T19:11:51.000Z</time>
        <extensions>
          <ns3:TrackPointExtension>
            <ns3:hr>80</ns3:hr>
            <ns3:cad>53</ns3:cad>
          </ns3:TrackPointExtension>
        </extensions>
      </trkpt>
      <trkpt lat="42.3387395404279232025146484375" lon="-71.0915115661919116973876953125">
        <ele>4</ele>
        <time>2026-04-24T19:11:52.000Z</time>
        <extensions>
          <ns3:TrackPointExtension>
            <ns3:hr>80</ns3:hr>
            <ns3:cad>53</ns3:cad>
          </ns3:TrackPointExtension>
        </extensions>
      </trkpt>
      <trkpt lat="42.33874063007533550262451171875" lon="-71.09153059311211109161376953125">
        <ele>4</ele>
        <time>2026-04-24T19:11:53.000Z</time>
        <extensions>
          <ns3:TrackPointExtension>
            <ns3:hr>81</ns3:hr>
            <ns3:cad>53</ns3:cad>
          </ns3:TrackPointExtension>
        </extensions>
      </trkpt>
      <trkpt lat="42.33874264173209667205810546875" lon="-71.09155003912746906280517578125">
        <ele>4</ele>
        <time>2026-04-24T19:11:54.000Z</time>
        <extensions>
          <ns3:TrackPointExtension>
            <ns3:hr>81</ns3:hr>
            <ns3:cad>53</ns3:cad>
          </ns3:TrackPointExtension>
        </extensions>
      </trkpt>
      <trkpt lat="42.33874347992241382598876953125" lon="-71.0915662162005901336669921875">
        <ele>4</ele>
        <time>2026-04-24T19:11:55.000Z</time>
        <extensions>
          <ns3:TrackPointExtension>
            <ns3:hr>81</ns3:hr>
            <ns3:cad>53</ns3:cad>
          </ns3:TrackPointExtension>
        </extensions>
      </trkpt>
      <trkpt lat="42.3387403786182403564453125" lon="-71.09158289618790149688720703125">
        <ele>4</ele>
        <time>2026-04-24T19:11:56.000Z</time>
        <extensions>
          <ns3:TrackPointExtension>
            <ns3:hr>81</ns3:hr>
            <ns3:cad>53</ns3:cad>
          </ns3:TrackPointExtension>
        </extensions>
      </trkpt>
      <trkpt lat="42.33873836696147918701171875" lon="-71.091600246727466583251953125">
        <ele>4.19999980926513671875</ele>
        <time>2026-04-24T19:11:57.000Z</time>
        <extensions>
          <ns3:TrackPointExtension>
            <ns3:hr>81</ns3:hr>
            <ns3:cad>53</ns3:cad>
          </ns3:TrackPointExtension>
        </extensions>
      </trkpt>
      <trkpt lat="42.33873258344829082489013671875" lon="-71.0916171781718730926513671875">
        <ele>4.19999980926513671875</ele>
        <time>2026-04-24T19:11:58.000Z</time>
        <extensions>
          <ns3:TrackPointExtension>
            <ns3:hr>81</ns3:hr>
            <ns3:cad>53</ns3:cad>
          </ns3:TrackPointExtension>
        </extensions>
      </trkpt>
      <trkpt lat="42.3387361876666545867919921875" lon="-71.091636121273040771484375">
        <ele>4.19999980926513671875</ele>
        <time>2026-04-24T19:11:59.000Z</time>
        <extensions>
          <ns3:TrackPointExtension>
            <ns3:hr>81</ns3:hr>
            <ns3:cad>53</ns3:cad>
          </ns3:TrackPointExtension>
        </extensions>
      </trkpt>
      <trkpt lat="42.33873291872441768646240234375" lon="-71.09165565110743045806884765625">
        <ele>4.19999980926513671875</ele>
        <time>2026-04-24T19:12:00.000Z</time>
        <extensions>
          <ns3:TrackPointExtension>
            <ns3:hr>81</ns3:hr>
            <ns3:cad>53</ns3:cad>
          </ns3:TrackPointExtension>
        </extensions>
      </trkpt>
      <trkpt lat="42.3387294821441173553466796875" lon="-71.0916691459715366363525390625">
        <ele>4.19999980926513671875</ele>
        <time>2026-04-24T19:12:01.000Z</time>
        <extensions>
          <ns3:TrackPointExtension>
            <ns3:hr>80</ns3:hr>
            <ns3:cad>54</ns3:cad>
          </ns3:TrackPointExtension>
        </extensions>
      </trkpt>
      <trkpt lat="42.3387271352112293243408203125" lon="-71.09168632887303829193115234375">
        <ele>4.19999980926513671875</ele>
        <time>2026-04-24T19:12:02.000Z</time>
        <extensions>
          <ns3:TrackPointExtension>
            <ns3:hr>80</ns3:hr>
            <ns3:cad>54</ns3:cad>
          </ns3:TrackPointExtension>
        </extensions>
      </trkpt>
      <trkpt lat="42.3387298174202442169189453125" lon="-71.09170996583998203277587890625">
        <ele>4.19999980926513671875</ele>
        <time>2026-04-24T19:12:03.000Z</time>
        <extensions>
          <ns3:TrackPointExtension>
            <ns3:hr>80</ns3:hr>
            <ns3:cad>54</ns3:cad>
          </ns3:TrackPointExtension>
        </extensions>
      </trkpt>
      <trkpt lat="42.33873057179152965545654296875" lon="-71.0917241312563419342041015625">
        <ele>4.19999980926513671875</ele>
        <time>2026-04-24T19:12:04.000Z</time>
        <extensions>
          <ns3:TrackPointExtension>
            <ns3:hr>80</ns3:hr>
            <ns3:cad>53</ns3:cad>
          </ns3:TrackPointExtension>
        </extensions>
      </trkpt>
      <trkpt lat="42.33873392455279827117919921875" lon="-71.091745756566524505615234375">
        <ele>4.19999980926513671875</ele>
        <time>2026-04-24T19:12:05.000Z</time>
        <extensions>
          <ns3:TrackPointExtension>
            <ns3:hr>80</ns3:hr>
            <ns3:cad>53</ns3:cad>
          </ns3:TrackPointExtension>
        </extensions>
      </trkpt>
      <trkpt lat="42.33874347992241382598876953125" lon="-71.09176377765834331512451171875">
        <ele>4.19999980926513671875</ele>
        <time>2026-04-24T19:12:06.000Z</time>
        <extensions>
          <ns3:TrackPointExtension>
            <ns3:hr>80</ns3:hr>
            <ns3:cad>53</ns3:cad>
          </ns3:TrackPointExtension>
        </extensions>
      </trkpt>
      <trkpt lat="42.33875487931072711944580078125" lon="-71.0917804576456546783447265625">
        <ele>4.19999980926513671875</ele>
        <time>2026-04-24T19:12:07.000Z</time>
        <extensions>
          <ns3:TrackPointExtension>
            <ns3:hr>80</ns3:hr>
            <ns3:cad>53</ns3:cad>
          </ns3:TrackPointExtension>
        </extensions>
      </trkpt>
      <trkpt lat="42.33876644633710384368896484375" lon="-71.09179772436618804931640625">
        <ele>4.19999980926513671875</ele>
        <time>2026-04-24T19:12:08.000Z</time>
        <extensions>
          <ns3:TrackPointExtension>
            <ns3:hr>80</ns3:hr>
            <ns3:cad>53</ns3:cad>
          </ns3:TrackPointExtension>
        </extensions>
      </trkpt>
      <trkpt lat="42.33876627869904041290283203125" lon="-71.0918176732957363128662109375">
        <ele>4.19999980926513671875</ele>
        <time>2026-04-24T19:12:09.000Z</time>
        <extensions>
          <ns3:TrackPointExtension>
            <ns3:hr>80</ns3:hr>
            <ns3:cad>52</ns3:cad>
          </ns3:TrackPointExtension>
        </extensions>
      </trkpt>
      <trkpt lat="42.3387752473354339599609375" lon="-71.0918230377137660980224609375">
        <ele>4.400000095367431640625</ele>
        <time>2026-04-24T19:12:10.000Z</time>
        <extensions>
          <ns3:TrackPointExtension>
            <ns3:hr>80</ns3:hr>
            <ns3:cad>52</ns3:cad>
          </ns3:TrackPointExtension>
        </extensions>
      </trkpt>
      <trkpt lat="42.33878388069570064544677734375" lon="-71.09183016233146190643310546875">
        <ele>4.400000095367431640625</ele>
        <time>2026-04-24T19:12:11.000Z</time>
        <extensions>
          <ns3:TrackPointExtension>
            <ns3:hr>80</ns3:hr>
            <ns3:cad>52</ns3:cad>
          </ns3:TrackPointExtension>
        </extensions>
      </trkpt>
      <trkpt lat="42.3387992195785045623779296875" lon="-71.091842986643314361572265625">
        <ele>4.400000095367431640625</ele>
        <time>2026-04-24T19:12:12.000Z</time>
        <extensions>
          <ns3:TrackPointExtension>
            <ns3:hr>79</ns3:hr>
            <ns3:cad>52</ns3:cad>
          </ns3:TrackPointExtension>
        </extensions>
      </trkpt>
      <trkpt lat="42.33881187625229358673095703125" lon="-71.09185664914548397064208984375">
        <ele>4.400000095367431640625</ele>
        <time>2026-04-24T19:12:13.000Z</time>
        <extensions>
          <ns3:TrackPointExtension>
            <ns3:hr>79</ns3:hr>
            <ns3:cad>52</ns3:cad>
          </ns3:TrackPointExtension>
        </extensions>
      </trkpt>
      <trkpt lat="42.338825874030590057373046875" lon="-71.09187408350408077239990234375">
        <ele>4.400000095367431640625</ele>
        <time>2026-04-24T19:12:14.000Z</time>
        <extensions>
          <ns3:TrackPointExtension>
            <ns3:hr>80</ns3:hr>
            <ns3:cad>52</ns3:cad>
          </ns3:TrackPointExtension>
        </extensions>
      </trkpt>
      <trkpt lat="42.33883853070437908172607421875" lon="-71.091884560883045196533203125">
        <ele>4.400000095367431640625</ele>
        <time>2026-04-24T19:12:15.000Z</time>
        <extensions>
          <ns3:TrackPointExtension>
            <ns3:hr>80</ns3:hr>
            <ns3:cad>52</ns3:cad>
          </ns3:TrackPointExtension>
        </extensions>
      </trkpt>
      <trkpt lat="42.33885244466364383697509765625" lon="-71.09189554117619991302490234375">
        <ele>4.19999980926513671875</ele>
        <time>2026-04-24T19:12:16.000Z</time>
        <extensions>
          <ns3:TrackPointExtension>
            <ns3:hr>80</ns3:hr>
            <ns3:cad>52</ns3:cad>
          </ns3:TrackPointExtension>
        </extensions>
      </trkpt>
      <trkpt lat="42.3388659395277500152587890625" lon="-71.09190442599356174468994140625">
        <ele>4.19999980926513671875</ele>
        <time>2026-04-24T19:12:17.000Z</time>
        <extensions>
          <ns3:TrackPointExtension>
            <ns3:hr>80</ns3:hr>
            <ns3:cad>53</ns3:cad>
          </ns3:TrackPointExtension>
        </extensions>
      </trkpt>
      <trkpt lat="42.338876836001873016357421875" lon="-71.09191532246768474578857421875">
        <ele>4.19999980926513671875</ele>
        <time>2026-04-24T19:12:18.000Z</time>
        <extensions>
          <ns3:TrackPointExtension>
            <ns3:hr>80</ns3:hr>
            <ns3:cad>54</ns3:cad>
          </ns3:TrackPointExtension>
        </extensions>
      </trkpt>
      <trkpt lat="42.3388816975057125091552734375" lon="-71.09192756004631519317626953125">
        <ele>4</ele>
        <time>2026-04-24T19:12:19.000Z</time>
        <extensions>
          <ns3:TrackPointExtension>
            <ns3:hr>80</ns3:hr>
            <ns3:cad>54</ns3:cad>
          </ns3:TrackPointExtension>
        </extensions>
      </trkpt>
      <trkpt lat="42.33889259397983551025390625" lon="-71.091935522854328155517578125">
        <ele>3.7999999523162841796875</ele>
        <time>2026-04-24T19:12:20.000Z</time>
        <extensions>
          <ns3:TrackPointExtension>
            <ns3:hr>81</ns3:hr>
            <ns3:cad>53</ns3:cad>
          </ns3:TrackPointExtension>
        </extensions>
      </trkpt>
      <trkpt lat="42.33890575356781482696533203125" lon="-71.09194549731910228729248046875">
        <ele>3.7999999523162841796875</ele>
        <time>2026-04-24T19:12:21.000Z</time>
        <extensions>
          <ns3:TrackPointExtension>
            <ns3:hr>81</ns3:hr>
            <ns3:cad>53</ns3:cad>
          </ns3:TrackPointExtension>
        </extensions>
      </trkpt>
      <trkpt lat="42.33891732059419155120849609375" lon="-71.091955639421939849853515625">
        <ele>3.7999999523162841796875</ele>
        <time>2026-04-24T19:12:22.000Z</time>
        <extensions>
          <ns3:TrackPointExtension>
            <ns3:hr>82</ns3:hr>
            <ns3:cad>53</ns3:cad>
          </ns3:TrackPointExtension>
        </extensions>
      </trkpt>
      <trkpt lat="42.33893559314310550689697265625" lon="-71.09196209348738193511962890625">
        <ele>3.7999999523162841796875</ele>
        <time>2026-04-24T19:12:23.000Z</time>
        <extensions>
          <ns3:TrackPointExtension>
            <ns3:hr>83</ns3:hr>
            <ns3:cad>53</ns3:cad>
          </ns3:TrackPointExtension>
        </extensions>
      </trkpt>
      <trkpt lat="42.338955290615558624267578125" lon="-71.091969050467014312744140625">
        <ele>3.7999999523162841796875</ele>
        <time>2026-04-24T19:12:24.000Z</time>
        <extensions>
          <ns3:TrackPointExtension>
            <ns3:hr>84</ns3:hr>
            <ns3:cad>53</ns3:cad>
          </ns3:TrackPointExtension>
        </extensions>
      </trkpt>
      <trkpt lat="42.338968031108379364013671875" lon="-71.09197885729372501373291015625">
        <ele>3.7999999523162841796875</ele>
        <time>2026-04-24T19:12:25.000Z</time>
        <extensions>
          <ns3:TrackPointExtension>
            <ns3:hr>85</ns3:hr>
            <ns3:cad>53</ns3:cad>
          </ns3:TrackPointExtension>
        </extensions>
      </trkpt>
      <trkpt lat="42.338983118534088134765625" lon="-71.0919866524636745452880859375">
        <ele>3.7999999523162841796875</ele>
        <time>2026-04-24T19:12:26.000Z</time>
        <extensions>
          <ns3:TrackPointExtension>
            <ns3:hr>85</ns3:hr>
            <ns3:cad>53</ns3:cad>
          </ns3:TrackPointExtension>
        </extensions>
      </trkpt>
      <trkpt lat="42.3389966972172260284423828125" lon="-71.09199486672878265380859375">
        <ele>3.7999999523162841796875</ele>
        <time>2026-04-24T19:12:27.000Z</time>
        <extensions>
          <ns3:TrackPointExtension>
            <ns3:hr>85</ns3:hr>
            <ns3:cad>53</ns3:cad>
          </ns3:TrackPointExtension>
        </extensions>
      </trkpt>
      <trkpt lat="42.33900583349168300628662109375" lon="-71.092005930840969085693359375">
        <ele>4</ele>
        <time>2026-04-24T19:12:28.000Z</time>
        <extensions>
          <ns3:TrackPointExtension>
            <ns3:hr>85</ns3:hr>
            <ns3:cad>53</ns3:cad>
          </ns3:TrackPointExtension>
        </extensions>
      </trkpt>
      <trkpt lat="42.33900935389101505279541015625" lon="-71.0920161567628383636474609375">
        <ele>4</ele>
        <time>2026-04-24T19:12:29.000Z</time>
        <extensions>
          <ns3:TrackPointExtension>
            <ns3:hr>85</ns3:hr>
            <ns3:cad>54</ns3:cad>
          </ns3:TrackPointExtension>
        </extensions>
      </trkpt>
      <trkpt lat="42.3390085995197296142578125" lon="-71.09202629886567592620849609375">
        <ele>4</ele>
        <time>2026-04-24T19:12:30.000Z</time>
        <extensions>
          <ns3:TrackPointExtension>
            <ns3:hr>85</ns3:hr>
            <ns3:cad>54</ns3:cad>
          </ns3:TrackPointExtension>
        </extensions>
      </trkpt>
      <trkpt lat="42.3390161432325839996337890625" lon="-71.09202973544597625732421875">
        <ele>4.19999980926513671875</ele>
        <time>2026-04-24T19:12:31.000Z</time>
        <extensions>
          <ns3:TrackPointExtension>
            <ns3:hr>85</ns3:hr>
            <ns3:cad>54</ns3:cad>
          </ns3:TrackPointExtension>
        </extensions>
      </trkpt>
      <trkpt lat="42.3390080966055393218994140625" lon="-71.0920397937297821044921875">
        <ele>4.19999980926513671875</ele>
        <time>2026-04-24T19:12:32.000Z</time>
        <extensions>
          <ns3:TrackPointExtension>
            <ns3:hr>85</ns3:hr>
            <ns3:cad>54</ns3:cad>
          </ns3:TrackPointExtension>
        </extensions>
      </trkpt>
      <trkpt lat="42.33899845741689205169677734375" lon="-71.09205479733645915985107421875">
        <ele>4.400000095367431640625</ele>
        <time>2026-04-24T19:12:33.000Z</time>
        <extensions>
          <ns3:TrackPointExtension>
            <ns3:hr>85</ns3:hr>
            <ns3:cad>54</ns3:cad>
          </ns3:TrackPointExtension>
        </extensions>
      </trkpt>
      <trkpt lat="42.33898085542023181915283203125" lon="-71.09207206405699253082275390625">
        <ele>4.599999904632568359375</ele>
        <time>2026-04-24T19:12:34.000Z</time>
        <extensions>
          <ns3:TrackPointExtension>
            <ns3:hr>85</ns3:hr>
            <ns3:cad>53</ns3:cad>
          </ns3:TrackPointExtension>
        </extensions>
      </trkpt>
      <trkpt lat="42.33895805664360523223876953125" lon="-71.09209218062460422515869140625">
        <ele>4.80000019073486328125</ele>
        <time>2026-04-24T19:12:35.000Z</time>
        <extensions>
          <ns3:TrackPointExtension>
            <ns3:hr>85</ns3:hr>
            <ns3:cad>53</ns3:cad>
          </ns3:TrackPointExtension>
        </extensions>
      </trkpt>
      <trkpt lat="42.3389346711337566375732421875" lon="-71.0921108722686767578125">
        <ele>4.80000019073486328125</ele>
        <time>2026-04-24T19:12:36.000Z</time>
        <extensions>
          <ns3:TrackPointExtension>
            <ns3:hr>85</ns3:hr>
            <ns3:cad>53</ns3:cad>
          </ns3:TrackPointExtension>
        </extensions>
      </trkpt>
      <trkpt lat="42.338917739689350128173828125" lon="-71.09213073737919330596923828125">
        <ele>5</ele>
        <time>2026-04-24T19:12:37.000Z</time>
        <extensions>
          <ns3:TrackPointExtension>
            <ns3:hr>85</ns3:hr>
            <ns3:cad>53</ns3:cad>
          </ns3:TrackPointExtension>
        </extensions>
      </trkpt>
      <trkpt lat="42.3389058373868465423583984375" lon="-71.09215177595615386962890625">
        <ele>5</ele>
        <time>2026-04-24T19:12:38.000Z</time>
        <extensions>
          <ns3:TrackPointExtension>
            <ns3:hr>85</ns3:hr>
            <ns3:cad>53</ns3:cad>
          </ns3:TrackPointExtension>
        </extensions>
      </trkpt>
      <trkpt lat="42.3388971202075481414794921875" lon="-71.09217214398086071014404296875">
        <ele>5</ele>
        <time>2026-04-24T19:12:39.000Z</time>
        <extensions>
          <ns3:TrackPointExtension>
            <ns3:hr>85</ns3:hr>
            <ns3:cad>53</ns3:cad>
          </ns3:TrackPointExtension>
        </extensions>
      </trkpt>
      <trkpt lat="42.33888513408601284027099609375" lon="-71.09219091944396495819091796875">
        <ele>5</ele>
        <time>2026-04-24T19:12:40.000Z</time>
        <extensions>
          <ns3:TrackPointExtension>
            <ns3:hr>85</ns3:hr>
            <ns3:cad>53</ns3:cad>
          </ns3:TrackPointExtension>
        </extensions>
      </trkpt>
      <trkpt lat="42.33887323178350925445556640625" lon="-71.09220542013645172119140625">
        <ele>5</ele>
        <time>2026-04-24T19:12:41.000Z</time>
        <extensions>
          <ns3:TrackPointExtension>
            <ns3:hr>85</ns3:hr>
            <ns3:cad>53</ns3:cad>
          </ns3:TrackPointExtension>
        </extensions>
      </trkpt>
      <trkpt lat="42.3388592340052127838134765625" lon="-71.09222277067601680755615234375">
        <ele>5</ele>
        <time>2026-04-24T19:12:42.000Z</time>
        <extensions>
          <ns3:TrackPointExtension>
            <ns3:hr>85</ns3:hr>
            <ns3:cad>53</ns3:cad>
          </ns3:TrackPointExtension>
        </extensions>
      </trkpt>
      <trkpt lat="42.33884565532207489013671875" lon="-71.09223953448235988616943359375">
        <ele>5</ele>
        <time>2026-04-24T19:12:43.000Z</time>
        <extensions>
          <ns3:TrackPointExtension>
            <ns3:hr>85</ns3:hr>
            <ns3:cad>53</ns3:cad>
          </ns3:TrackPointExtension>
        </extensions>
      </trkpt>
      <trkpt lat="42.33883467502892017364501953125" lon="-71.09225411899387836456298828125">
        <ele>4.80000019073486328125</ele>
        <time>2026-04-24T19:12:44.000Z</time>
        <extensions>
          <ns3:TrackPointExtension>
            <ns3:hr>85</ns3:hr>
            <ns3:cad>53</ns3:cad>
          </ns3:TrackPointExtension>
        </extensions>
      </trkpt>
      <trkpt lat="42.33882528729736804962158203125" lon="-71.09227054752409458160400390625">
        <ele>4.80000019073486328125</ele>
        <time>2026-04-24T19:12:45.000Z</time>
        <extensions>
          <ns3:TrackPointExtension>
            <ns3:hr>85</ns3:hr>
            <ns3:cad>53</ns3:cad>
          </ns3:TrackPointExtension>
        </extensions>
      </trkpt>
      <trkpt lat="42.33881237916648387908935546875" lon="-71.0922863893210887908935546875">
        <ele>4.80000019073486328125</ele>
        <time>2026-04-24T19:12:46.000Z</time>
        <extensions>
          <ns3:TrackPointExtension>
            <ns3:hr>86</ns3:hr>
            <ns3:cad>53</ns3:cad>
          </ns3:TrackPointExtension>
        </extensions>
      </trkpt>
      <trkpt lat="42.33879947103559970855712890625" lon="-71.09229669906198978424072265625">
        <ele>4.80000019073486328125</ele>
        <time>2026-04-24T19:12:47.000Z</time>
        <extensions>
          <ns3:TrackPointExtension>
            <ns3:hr>86</ns3:hr>
            <ns3:cad>53</ns3:cad>
          </ns3:TrackPointExtension>
        </extensions>
      </trkpt>
      <trkpt lat="42.3387886583805084228515625" lon="-71.092309691011905670166015625">
        <ele>4.80000019073486328125</ele>
        <time>2026-04-24T19:12:48.000Z</time>
        <extensions>
          <ns3:TrackPointExtension>
            <ns3:hr>86</ns3:hr>
            <ns3:cad>53</ns3:cad>
          </ns3:TrackPointExtension>
        </extensions>
      </trkpt>
      <trkpt lat="42.3387794382870197296142578125" lon="-71.09232402406632900238037109375">
        <ele>4.80000019073486328125</ele>
        <time>2026-04-24T19:12:49.000Z</time>
        <extensions>
          <ns3:TrackPointExtension>
            <ns3:hr>86</ns3:hr>
            <ns3:cad>53</ns3:cad>
          </ns3:TrackPointExtension>
        </extensions>
      </trkpt>
      <trkpt lat="42.3387703858315944671630859375" lon="-71.09233642928302288055419921875">
        <ele>4.599999904632568359375</ele>
        <time>2026-04-24T19:12:50.000Z</time>
        <extensions>
          <ns3:TrackPointExtension>
            <ns3:hr>86</ns3:hr>
            <ns3:cad>53</ns3:cad>
          </ns3:TrackPointExtension>
        </extensions>
      </trkpt>
      <trkpt lat="42.3387569747865200042724609375" lon="-71.09235084615647792816162109375">
        <ele>4.400000095367431640625</ele>
        <time>2026-04-24T19:12:51.000Z</time>
        <extensions>
          <ns3:TrackPointExtension>
            <ns3:hr>86</ns3:hr>
            <ns3:cad>53</ns3:cad>
          </ns3:TrackPointExtension>
        </extensions>
      </trkpt>
      <trkpt lat="42.338747084140777587890625" lon="-71.09236526302993297576904296875">
        <ele>4.400000095367431640625</ele>
        <time>2026-04-24T19:12:52.000Z</time>
        <extensions>
          <ns3:TrackPointExtension>
            <ns3:hr>86</ns3:hr>
            <ns3:cad>53</ns3:cad>
          </ns3:TrackPointExtension>
        </extensions>
      </trkpt>
      <trkpt lat="42.338739372789859771728515625" lon="-71.09237699769437313079833984375">
        <ele>4.400000095367431640625</ele>
        <time>2026-04-24T19:12:53.000Z</time>
        <extensions>
          <ns3:TrackPointExtension>
            <ns3:hr>85</ns3:hr>
            <ns3:cad>52</ns3:cad>
          </ns3:TrackPointExtension>
        </extensions>
      </trkpt>
      <trkpt lat="42.3387341760098934173583984375" lon="-71.0923933424055576324462890625">
        <ele>4.400000095367431640625</ele>
        <time>2026-04-24T19:12:54.000Z</time>
        <extensions>
          <ns3:TrackPointExtension>
            <ns3:hr>85</ns3:hr>
            <ns3:cad>52</ns3:cad>
          </ns3:TrackPointExtension>
        </extensions>
      </trkpt>
      <trkpt lat="42.33872939832508563995361328125" lon="-71.0924060828983783721923828125">
        <ele>4.19999980926513671875</ele>
        <time>2026-04-24T19:12:55.000Z</time>
        <extensions>
          <ns3:TrackPointExtension>
            <ns3:hr>84</ns3:hr>
            <ns3:cad>51</ns3:cad>
          </ns3:TrackPointExtension>
        </extensions>
      </trkpt>
      <trkpt lat="42.33872218988835811614990234375" lon="-71.0924127884209156036376953125">
        <ele>4.19999980926513671875</ele>
        <time>2026-04-24T19:12:56.000Z</time>
        <extensions>
          <ns3:TrackPointExtension>
            <ns3:hr>84</ns3:hr>
            <ns3:cad>51</ns3:cad>
          </ns3:TrackPointExtension>
        </extensions>
      </trkpt>
      <trkpt lat="42.33871556818485260009765625" lon="-71.09241907484829425811767578125">
        <ele>4.19999980926513671875</ele>
        <time>2026-04-24T19:12:57.000Z</time>
        <extensions>
          <ns3:TrackPointExtension>
            <ns3:hr>83</ns3:hr>
            <ns3:cad>51</ns3:cad>
          </ns3:TrackPointExtension>
        </extensions>
      </trkpt>
      <trkpt lat="42.33871079050004482269287109375" lon="-71.09242133796215057373046875">
        <ele>4.19999980926513671875</ele>
        <time>2026-04-24T19:12:58.000Z</time>
        <extensions>
          <ns3:TrackPointExtension>
            <ns3:hr>83</ns3:hr>
            <ns3:cad>0</ns3:cad>
          </ns3:TrackPointExtension>
        </extensions>
      </trkpt>
      <trkpt lat="42.3387086950242519378662109375" lon="-71.0924233496189117431640625">
        <ele>4.19999980926513671875</ele>
        <time>2026-04-24T19:12:59.000Z</time>
        <extensions>
          <ns3:TrackPointExtension>
            <ns3:hr>82</ns3:hr>
            <ns3:cad>0</ns3:cad>
          </ns3:TrackPointExtension>
        </extensions>
      </trkpt>
      <trkpt lat="42.3387093655765056610107421875" lon="-71.092428378760814666748046875">
        <ele>4.19999980926513671875</ele>
        <time>2026-04-24T19:13:00.000Z</time>
        <extensions>
          <ns3:TrackPointExtension>
            <ns3:hr>82</ns3:hr>
            <ns3:cad>0</ns3:cad>
          </ns3:TrackPointExtension>
        </extensions>
      </trkpt>
      <trkpt lat="42.3387093655765056610107421875" lon="-71.09243634156882762908935546875">
        <ele>4.19999980926513671875</ele>
        <time>2026-04-24T19:13:01.000Z</time>
        <extensions>
          <ns3:TrackPointExtension>
            <ns3:hr>82</ns3:hr>
            <ns3:cad>0</ns3:cad>
          </ns3:TrackPointExtension>
        </extensions>
      </trkpt>
      <trkpt lat="42.3387056775391101837158203125" lon="-71.09244254417717456817626953125">
        <ele>4.19999980926513671875</ele>
        <time>2026-04-24T19:13:02.000Z</time>
        <extensions>
          <ns3:TrackPointExtension>
            <ns3:hr>82</ns3:hr>
            <ns3:cad>0</ns3:cad>
          </ns3:TrackPointExtension>
        </extensions>
      </trkpt>
      <trkpt lat="42.33870039694011211395263671875" lon="-71.092458553612232208251953125">
        <ele>4.19999980926513671875</ele>
        <time>2026-04-24T19:13:03.000Z</time>
        <extensions>
          <ns3:TrackPointExtension>
            <ns3:hr>82</ns3:hr>
            <ns3:cad>0</ns3:cad>
          </ns3:TrackPointExtension>
        </extensions>
      </trkpt>
      <trkpt lat="42.3386962898075580596923828125" lon="-71.09246836043894290924072265625">
        <ele>4.19999980926513671875</ele>
        <time>2026-04-24T19:13:04.000Z</time>
        <extensions>
          <ns3:TrackPointExtension>
            <ns3:hr>81</ns3:hr>
            <ns3:cad>0</ns3:cad>
          </ns3:TrackPointExtension>
        </extensions>
      </trkpt>
      <trkpt lat="42.3386949487030506134033203125" lon="-71.09248495660722255706787109375">
        <ele>4.19999980926513671875</ele>
        <time>2026-04-24T19:13:05.000Z</time>
        <extensions>
          <ns3:TrackPointExtension>
            <ns3:hr>81</ns3:hr>
            <ns3:cad>0</ns3:cad>
          </ns3:TrackPointExtension>
        </extensions>
      </trkpt>
      <trkpt lat="42.3387001454830169677734375" lon="-71.092505492269992828369140625">
        <ele>4.19999980926513671875</ele>
        <time>2026-04-24T19:13:06.000Z</time>
        <extensions>
          <ns3:TrackPointExtension>
            <ns3:hr>81</ns3:hr>
            <ns3:cad>0</ns3:cad>
          </ns3:TrackPointExtension>
        </extensions>
      </trkpt>
      <trkpt lat="42.33870844356715679168701171875" lon="-71.09252787195146083831787109375">
        <ele>4.19999980926513671875</ele>
        <time>2026-04-24T19:13:07.000Z</time>
        <extensions>
          <ns3:TrackPointExtension>
            <ns3:hr>81</ns3:hr>
            <ns3:cad>0</ns3:cad>
          </ns3:TrackPointExtension>
        </extensions>
      </trkpt>
      <trkpt lat="42.33871934004127979278564453125" lon="-71.09254664741456508636474609375">
        <ele>4.19999980926513671875</ele>
        <time>2026-04-24T19:13:08.000Z</time>
        <extensions>
          <ns3:TrackPointExtension>
            <ns3:hr>80</ns3:hr>
            <ns3:cad>0</ns3:cad>
          </ns3:TrackPointExtension>
        </extensions>
      </trkpt>
      <trkpt lat="42.33873073942959308624267578125" lon="-71.09256542287766933441162109375">
        <ele>4.19999980926513671875</ele>
        <time>2026-04-24T19:13:09.000Z</time>
        <extensions>
          <ns3:TrackPointExtension>
            <ns3:hr>80</ns3:hr>
            <ns3:cad>50</ns3:cad>
          </ns3:TrackPointExtension>
        </extensions>
      </trkpt>
      <trkpt lat="42.33874616213142871856689453125" lon="-71.09257732518017292022705078125">
        <ele>4.19999980926513671875</ele>
        <time>2026-04-24T19:13:10.000Z</time>
        <extensions>
          <ns3:TrackPointExtension>
            <ns3:hr>80</ns3:hr>
            <ns3:cad>50</ns3:cad>
          </ns3:TrackPointExtension>
        </extensions>
      </trkpt>
      <trkpt lat="42.338760830461978912353515625" lon="-71.092591993510723114013671875">
        <ele>4.19999980926513671875</ele>
        <time>2026-04-24T19:13:11.000Z</time>
        <extensions>
          <ns3:TrackPointExtension>
            <ns3:hr>79</ns3:hr>
            <ns3:cad>53</ns3:cad>
          </ns3:TrackPointExtension>
        </extensions>
      </trkpt>
      <trkpt lat="42.33877591788768768310546875" lon="-71.09260129742324352264404296875">
        <ele>4.19999980926513671875</ele>
        <time>2026-04-24T19:13:12.000Z</time>
        <extensions>
          <ns3:TrackPointExtension>
            <ns3:hr>79</ns3:hr>
            <ns3:cad>55</ns3:cad>
          </ns3:TrackPointExtension>
        </extensions>
      </trkpt>
      <trkpt lat="42.33879092149436473846435546875" lon="-71.0926137864589691162109375">
        <ele>4.400000095367431640625</ele>
        <time>2026-04-24T19:13:13.000Z</time>
        <extensions>
          <ns3:TrackPointExtension>
            <ns3:hr>78</ns3:hr>
            <ns3:cad>55</ns3:cad>
          </ns3:TrackPointExtension>
        </extensions>
      </trkpt>
      <trkpt lat="42.3388025723397731781005859375" lon="-71.09261848032474517822265625">
        <ele>4.400000095367431640625</ele>
        <time>2026-04-24T19:13:14.000Z</time>
        <extensions>
          <ns3:TrackPointExtension>
            <ns3:hr>78</ns3:hr>
            <ns3:cad>55</ns3:cad>
          </ns3:TrackPointExtension>
        </extensions>
      </trkpt>
      <trkpt lat="42.33881589956581592559814453125" lon="-71.0926250182092189788818359375">
        <ele>4.400000095367431640625</ele>
        <time>2026-04-24T19:13:15.000Z</time>
        <extensions>
          <ns3:TrackPointExtension>
            <ns3:hr>78</ns3:hr>
            <ns3:cad>55</ns3:cad>
          </ns3:TrackPointExtension>
        </extensions>
      </trkpt>
      <trkpt lat="42.33882998116314411163330078125" lon="-71.0926263593137264251708984375">
        <ele>4.400000095367431640625</ele>
        <time>2026-04-24T19:13:16.000Z</time>
        <extensions>
          <ns3:TrackPointExtension>
            <ns3:hr>78</ns3:hr>
            <ns3:cad>55</ns3:cad>
          </ns3:TrackPointExtension>
        </extensions>
      </trkpt>
      <trkpt lat="42.3388448171317577362060546875" lon="-71.09263063408434391021728515625">
        <ele>4.400000095367431640625</ele>
        <time>2026-04-24T19:13:17.000Z</time>
        <extensions>
          <ns3:TrackPointExtension>
            <ns3:hr>79</ns3:hr>
            <ns3:cad>54</ns3:cad>
          </ns3:TrackPointExtension>
        </extensions>
      </trkpt>
      <trkpt lat="42.33885982073843479156494140625" lon="-71.09263013117015361785888671875">
        <ele>4.400000095367431640625</ele>
        <time>2026-04-24T19:13:18.000Z</time>
        <extensions>
          <ns3:TrackPointExtension>
            <ns3:hr>79</ns3:hr>
            <ns3:cad>53</ns3:cad>
          </ns3:TrackPointExtension>
        </extensions>
      </trkpt>
      <trkpt lat="42.33886987902224063873291015625" lon="-71.0926298797130584716796875">
        <ele>4.400000095367431640625</ele>
        <time>2026-04-24T19:13:19.000Z</time>
        <extensions>
          <ns3:TrackPointExtension>
            <ns3:hr>79</ns3:hr>
            <ns3:cad>53</ns3:cad>
          </ns3:TrackPointExtension>
        </extensions>
      </trkpt>
      <trkpt lat="42.33888245187699794769287109375" lon="-71.09262895770370960235595703125">
        <ele>4.19999980926513671875</ele>
        <time>2026-04-24T19:13:20.000Z</time>
        <extensions>
          <ns3:TrackPointExtension>
            <ns3:hr>79</ns3:hr>
            <ns3:cad>53</ns3:cad>
          </ns3:TrackPointExtension>
        </extensions>
      </trkpt>
      <trkpt lat="42.33889368362724781036376953125" lon="-71.09262778423726558685302734375">
        <ele>4.19999980926513671875</ele>
        <time>2026-04-24T19:13:21.000Z</time>
        <extensions>
          <ns3:TrackPointExtension>
            <ns3:hr>79</ns3:hr>
            <ns3:cad>53</ns3:cad>
          </ns3:TrackPointExtension>
        </extensions>
      </trkpt>
      <trkpt lat="42.3389066755771636962890625" lon="-71.09262795187532901763916015625">
        <ele>4.19999980926513671875</ele>
        <time>2026-04-24T19:13:22.000Z</time>
        <extensions>
          <ns3:TrackPointExtension>
            <ns3:hr>79</ns3:hr>
            <ns3:cad>0</ns3:cad>
          </ns3:TrackPointExtension>
        </extensions>
      </trkpt>
      <trkpt lat="42.3389147222042083740234375" lon="-71.09263055026531219482421875">
        <ele>4.19999980926513671875</ele>
        <time>2026-04-24T19:13:23.000Z</time>
        <extensions>
          <ns3:TrackPointExtension>
            <ns3:hr>79</ns3:hr>
            <ns3:cad>0</ns3:cad>
          </ns3:TrackPointExtension>
        </extensions>
      </trkpt>
      <trkpt lat="42.3389209248125553131103515625" lon="-71.09263323247432708740234375">
        <ele>4.19999980926513671875</ele>
        <time>2026-04-24T19:13:24.000Z</time>
        <extensions>
          <ns3:TrackPointExtension>
            <ns3:hr>79</ns3:hr>
            <ns3:cad>0</ns3:cad>
          </ns3:TrackPointExtension>
        </extensions>
      </trkpt>
      <trkpt lat="42.338927127420902252197265625" lon="-71.0926370881497859954833984375">
        <ele>4.19999980926513671875</ele>
        <time>2026-04-24T19:13:25.000Z</time>
        <extensions>
          <ns3:TrackPointExtension>
            <ns3:hr>79</ns3:hr>
            <ns3:cad>0</ns3:cad>
          </ns3:TrackPointExtension>
        </extensions>
      </trkpt>
      <trkpt lat="42.33893148601055145263671875" lon="-71.09263717196881771087646484375">
        <ele>4.19999980926513671875</ele>
        <time>2026-04-24T19:13:26.000Z</time>
        <extensions>
          <ns3:TrackPointExtension>
            <ns3:hr>80</ns3:hr>
            <ns3:cad>0</ns3:cad>
          </ns3:TrackPointExtension>
        </extensions>
      </trkpt>
      <trkpt lat="42.33893592841923236846923828125" lon="-71.09263884834945201873779296875">
        <ele>4.19999980926513671875</ele>
        <time>2026-04-24T19:13:27.000Z</time>
        <extensions>
          <ns3:TrackPointExtension>
            <ns3:hr>80</ns3:hr>
            <ns3:cad>0</ns3:cad>
          </ns3:TrackPointExtension>
        </extensions>
      </trkpt>
      <trkpt lat="42.3389390297234058380126953125" lon="-71.0926424525678157806396484375">
        <ele>4.19999980926513671875</ele>
        <time>2026-04-24T19:13:28.000Z</time>
        <extensions>
          <ns3:TrackPointExtension>
            <ns3:hr>80</ns3:hr>
            <ns3:cad>0</ns3:cad>
          </ns3:TrackPointExtension>
        </extensions>
      </trkpt>
      <trkpt lat="42.33894112519919872283935546875" lon="-71.092645637691020965576171875">
        <ele>4.19999980926513671875</ele>
        <time>2026-04-24T19:13:29.000Z</time>
        <extensions>
          <ns3:TrackPointExtension>
            <ns3:hr>80</ns3:hr>
            <ns3:cad>0</ns3:cad>
          </ns3:TrackPointExtension>
        </extensions>
      </trkpt>
      <trkpt lat="42.3389403708279132843017578125" lon="-71.0926441289484500885009765625">
        <ele>4.400000095367431640625</ele>
        <time>2026-04-24T19:13:30.000Z</time>
        <extensions>
          <ns3:TrackPointExtension>
            <ns3:hr>80</ns3:hr>
            <ns3:cad>0</ns3:cad>
          </ns3:TrackPointExtension>
        </extensions>
      </trkpt>
      <trkpt lat="42.33894129283726215362548828125" lon="-71.09264622442424297332763671875">
        <ele>4.400000095367431640625</ele>
        <time>2026-04-24T19:13:31.000Z</time>
        <extensions>
          <ns3:TrackPointExtension>
            <ns3:hr>80</ns3:hr>
            <ns3:cad>0</ns3:cad>
          </ns3:TrackPointExtension>
        </extensions>
      </trkpt>
      <trkpt lat="42.33894112519919872283935546875" lon="-71.0926461406052112579345703125">
        <ele>4.599999904632568359375</ele>
        <time>2026-04-24T19:13:32.000Z</time>
        <extensions>
          <ns3:TrackPointExtension>
            <ns3:hr>80</ns3:hr>
            <ns3:cad>0</ns3:cad>
          </ns3:TrackPointExtension>
        </extensions>
      </trkpt>
      <trkpt lat="42.3389413766562938690185546875" lon="-71.0926459729671478271484375">
        <ele>4.599999904632568359375</ele>
        <time>2026-04-24T19:13:33.000Z</time>
        <extensions>
          <ns3:TrackPointExtension>
            <ns3:hr>80</ns3:hr>
            <ns3:cad>0</ns3:cad>
          </ns3:TrackPointExtension>
        </extensions>
      </trkpt>
      <trkpt lat="42.33894213102757930755615234375" lon="-71.09264454804360866546630859375">
        <ele>4.599999904632568359375</ele>
        <time>2026-04-24T19:13:34.000Z</time>
        <extensions>
          <ns3:TrackPointExtension>
            <ns3:hr>80</ns3:hr>
            <ns3:cad>0</ns3:cad>
          </ns3:TrackPointExtension>
        </extensions>
      </trkpt>
      <trkpt lat="42.3389484174549579620361328125" lon="-71.092644296586513519287109375">
        <ele>4.599999904632568359375</ele>
        <time>2026-04-24T19:13:35.000Z</time>
        <extensions>
          <ns3:TrackPointExtension>
            <ns3:hr>80</ns3:hr>
            <ns3:cad>0</ns3:cad>
          </ns3:TrackPointExtension>
        </extensions>
      </trkpt>
      <trkpt lat="42.3389608226716518402099609375" lon="-71.0926447995007038116455078125">
        <ele>4.599999904632568359375</ele>
        <time>2026-04-24T19:13:36.000Z</time>
        <extensions>
          <ns3:TrackPointExtension>
            <ns3:hr>81</ns3:hr>
            <ns3:cad>0</ns3:cad>
          </ns3:TrackPointExtension>
        </extensions>
      </trkpt>
      <trkpt lat="42.3389737308025360107421875" lon="-71.09264387749135494232177734375">
        <ele>4.599999904632568359375</ele>
        <time>2026-04-24T19:13:37.000Z</time>
        <extensions>
          <ns3:TrackPointExtension>
            <ns3:hr>81</ns3:hr>
            <ns3:cad>0</ns3:cad>
          </ns3:TrackPointExtension>
        </extensions>
      </trkpt>
      <trkpt lat="42.33898839913308620452880859375" lon="-71.0926427878439426422119140625">
        <ele>4.599999904632568359375</ele>
        <time>2026-04-24T19:13:38.000Z</time>
        <extensions>
          <ns3:TrackPointExtension>
            <ns3:hr>81</ns3:hr>
            <ns3:cad>0</ns3:cad>
          </ns3:TrackPointExtension>
        </extensions>
      </trkpt>
      <trkpt lat="42.3390037380158901214599609375" lon="-71.09264052473008632659912109375">
        <ele>4.599999904632568359375</ele>
        <time>2026-04-24T19:13:39.000Z</time>
        <extensions>
          <ns3:TrackPointExtension>
            <ns3:hr>81</ns3:hr>
            <ns3:cad>0</ns3:cad>
          </ns3:TrackPointExtension>
        </extensions>
      </trkpt>
      <trkpt lat="42.3390191607177257537841796875" lon="-71.09263666905462741851806640625">
        <ele>4.400000095367431640625</ele>
        <time>2026-04-24T19:13:40.000Z</time>
        <extensions>
          <ns3:TrackPointExtension>
            <ns3:hr>81</ns3:hr>
            <ns3:cad>55</ns3:cad>
          </ns3:TrackPointExtension>
        </extensions>
      </trkpt>
      <trkpt lat="42.33903366141021251678466796875" lon="-71.092628538608551025390625">
        <ele>4.400000095367431640625</ele>
        <time>2026-04-24T19:13:41.000Z</time>
        <extensions>
          <ns3:TrackPointExtension>
            <ns3:hr>81</ns3:hr>
            <ns3:cad>55</ns3:cad>
          </ns3:TrackPointExtension>
        </extensions>
      </trkpt>
      <trkpt lat="42.3390473239123821258544921875" lon="-71.0926203243434429168701171875">
        <ele>4.19999980926513671875</ele>
        <time>2026-04-24T19:13:42.000Z</time>
        <extensions>
          <ns3:TrackPointExtension>
            <ns3:hr>81</ns3:hr>
            <ns3:cad>55</ns3:cad>
          </ns3:TrackPointExtension>
        </extensions>
      </trkpt>
      <trkpt lat="42.33906081877648830413818359375" lon="-71.0926079191267490386962890625">
        <ele>4</ele>
        <time>2026-04-24T19:13:43.000Z</time>
        <extensions>
          <ns3:TrackPointExtension>
            <ns3:hr>81</ns3:hr>
            <ns3:cad>55</ns3:cad>
          </ns3:TrackPointExtension>
        </extensions>
      </trkpt>
      <trkpt lat="42.3390721343457698822021484375" lon="-71.0925988666713237762451171875">
        <ele>4</ele>
        <time>2026-04-24T19:13:44.000Z</time>
        <extensions>
          <ns3:TrackPointExtension>
            <ns3:hr>81</ns3:hr>
            <ns3:cad>55</ns3:cad>
          </ns3:TrackPointExtension>
        </extensions>
      </trkpt>
      <trkpt lat="42.33908445574343204498291015625" lon="-71.09258855693042278289794921875">
        <ele>4</ele>
        <time>2026-04-24T19:13:45.000Z</time>
        <extensions>
          <ns3:TrackPointExtension>
            <ns3:hr>81</ns3:hr>
            <ns3:cad>55</ns3:cad>
          </ns3:TrackPointExtension>
        </extensions>
      </trkpt>
      <trkpt lat="42.33909786678850650787353515625" lon="-71.09258084557950496673583984375">
        <ele>4</ele>
        <time>2026-04-24T19:13:46.000Z</time>
        <extensions>
          <ns3:TrackPointExtension>
            <ns3:hr>81</ns3:hr>
            <ns3:cad>55</ns3:cad>
          </ns3:TrackPointExtension>
        </extensions>
      </trkpt>
      <trkpt lat="42.33911027200520038604736328125" lon="-71.0925757326185703277587890625">
        <ele>4</ele>
        <time>2026-04-24T19:13:47.000Z</time>
        <extensions>
          <ns3:TrackPointExtension>
            <ns3:hr>80</ns3:hr>
            <ns3:cad>53</ns3:cad>
          </ns3:TrackPointExtension>
        </extensions>
      </trkpt>
      <trkpt lat="42.3391224257647991180419921875" lon="-71.0925710387527942657470703125">
        <ele>4.19999980926513671875</ele>
        <time>2026-04-24T19:13:48.000Z</time>
        <extensions>
          <ns3:TrackPointExtension>
            <ns3:hr>80</ns3:hr>
            <ns3:cad>53</ns3:cad>
          </ns3:TrackPointExtension>
        </extensions>
      </trkpt>
      <trkpt lat="42.33913357369601726531982421875" lon="-71.09256709925830364227294921875">
        <ele>4.19999980926513671875</ele>
        <time>2026-04-24T19:13:49.000Z</time>
        <extensions>
          <ns3:TrackPointExtension>
            <ns3:hr>80</ns3:hr>
            <ns3:cad>52</ns3:cad>
          </ns3:TrackPointExtension>
        </extensions>
      </trkpt>
      <trkpt lat="42.33914262615144252777099609375" lon="-71.09256139956414699554443359375">
        <ele>4.19999980926513671875</ele>
        <time>2026-04-24T19:13:50.000Z</time>
        <extensions>
          <ns3:TrackPointExtension>
            <ns3:hr>80</ns3:hr>
            <ns3:cad>52</ns3:cad>
          </ns3:TrackPointExtension>
        </extensions>
      </trkpt>
      <trkpt lat="42.33915469609200954437255859375" lon="-71.0925569571554660797119140625">
        <ele>4.19999980926513671875</ele>
        <time>2026-04-24T19:13:51.000Z</time>
        <extensions>
          <ns3:TrackPointExtension>
            <ns3:hr>80</ns3:hr>
            <ns3:cad>53</ns3:cad>
          </ns3:TrackPointExtension>
        </extensions>
      </trkpt>
      <trkpt lat="42.339167855679988861083984375" lon="-71.092556454241275787353515625">
        <ele>4.19999980926513671875</ele>
        <time>2026-04-24T19:13:52.000Z</time>
        <extensions>
          <ns3:TrackPointExtension>
            <ns3:hr>80</ns3:hr>
            <ns3:cad>53</ns3:cad>
          </ns3:TrackPointExtension>
        </extensions>
      </trkpt>
      <trkpt lat="42.3391797579824924468994140625" lon="-71.0925579629838466644287109375">
        <ele>4.400000095367431640625</ele>
        <time>2026-04-24T19:13:53.000Z</time>
        <extensions>
          <ns3:TrackPointExtension>
            <ns3:hr>80</ns3:hr>
            <ns3:cad>53</ns3:cad>
          </ns3:TrackPointExtension>
        </extensions>
      </trkpt>
      <trkpt lat="42.33919057063758373260498046875" lon="-71.09256274066865444183349609375">
        <ele>4.400000095367431640625</ele>
        <time>2026-04-24T19:13:54.000Z</time>
        <extensions>
          <ns3:TrackPointExtension>
            <ns3:hr>80</ns3:hr>
            <ns3:cad>53</ns3:cad>
          </ns3:TrackPointExtension>
        </extensions>
      </trkpt>
      <trkpt lat="42.33920448459684848785400390625" lon="-71.09256617724895477294921875">
        <ele>4.400000095367431640625</ele>
        <time>2026-04-24T19:13:55.000Z</time>
        <extensions>
          <ns3:TrackPointExtension>
            <ns3:hr>80</ns3:hr>
            <ns3:cad>53</ns3:cad>
          </ns3:TrackPointExtension>
        </extensions>
      </trkpt>
      <trkpt lat="42.3392216674983501434326171875" lon="-71.0925777442753314971923828125">
        <ele>4.400000095367431640625</ele>
        <time>2026-04-24T19:13:56.000Z</time>
        <extensions>
          <ns3:TrackPointExtension>
            <ns3:hr>80</ns3:hr>
            <ns3:cad>53</ns3:cad>
          </ns3:TrackPointExtension>
        </extensions>
      </trkpt>
      <trkpt lat="42.33923583291471004486083984375" lon="-71.09257916919887065887451171875">
        <ele>4.400000095367431640625</ele>
        <time>2026-04-24T19:13:57.000Z</time>
        <extensions>
          <ns3:TrackPointExtension>
            <ns3:hr>80</ns3:hr>
            <ns3:cad>53</ns3:cad>
          </ns3:TrackPointExtension>
        </extensions>
      </trkpt>
      <trkpt lat="42.33924756757915019989013671875" lon="-71.09257648698985576629638671875">
        <ele>4.400000095367431640625</ele>
        <time>2026-04-24T19:13:58.000Z</time>
        <extensions>
          <ns3:TrackPointExtension>
            <ns3:hr>80</ns3:hr>
            <ns3:cad>53</ns3:cad>
          </ns3:TrackPointExtension>
        </extensions>
      </trkpt>
      <trkpt lat="42.33925662003457546234130859375" lon="-71.0925733856856822967529296875">
        <ele>4.400000095367431640625</ele>
        <time>2026-04-24T19:13:59.000Z</time>
        <extensions>
          <ns3:TrackPointExtension>
            <ns3:hr>80</ns3:hr>
            <ns3:cad>53</ns3:cad>
          </ns3:TrackPointExtension>
        </extensions>
      </trkpt>
      <trkpt lat="42.339271120727062225341796875" lon="-71.09257715754210948944091796875">
        <ele>4.400000095367431640625</ele>
        <time>2026-04-24T19:14:00.000Z</time>
        <extensions>
          <ns3:TrackPointExtension>
            <ns3:hr>80</ns3:hr>
            <ns3:cad>53</ns3:cad>
          </ns3:TrackPointExtension>
        </extensions>
      </trkpt>
      <trkpt lat="42.33928612433373928070068359375" lon="-71.09258436597883701324462890625">
        <ele>4.400000095367431640625</ele>
        <time>2026-04-24T19:14:01.000Z</time>
        <extensions>
          <ns3:TrackPointExtension>
            <ns3:hr>80</ns3:hr>
            <ns3:cad>53</ns3:cad>
          </ns3:TrackPointExtension>
        </extensions>
      </trkpt>
      <trkpt lat="42.3393011279404163360595703125" lon="-71.09258436597883701324462890625">
        <ele>4.400000095367431640625</ele>
        <time>2026-04-24T19:14:02.000Z</time>
        <extensions>
          <ns3:TrackPointExtension>
            <ns3:hr>80</ns3:hr>
            <ns3:cad>54</ns3:cad>
          </ns3:TrackPointExtension>
        </extensions>
      </trkpt>
      <trkpt lat="42.33930674381554126739501953125" lon="-71.09258587472140789031982421875">
        <ele>4.400000095367431640625</ele>
        <time>2026-04-24T19:14:03.000Z</time>
        <extensions>
          <ns3:TrackPointExtension>
            <ns3:hr>80</ns3:hr>
            <ns3:cad>54</ns3:cad>
          </ns3:TrackPointExtension>
        </extensions>
      </trkpt>
      <trkpt lat="42.33931512571871280670166015625" lon="-71.09258788637816905975341796875">
        <ele>4.400000095367431640625</ele>
        <time>2026-04-24T19:14:04.000Z</time>
        <extensions>
          <ns3:TrackPointExtension>
            <ns3:hr>80</ns3:hr>
            <ns3:cad>54</ns3:cad>
          </ns3:TrackPointExtension>
        </extensions>
      </trkpt>
      <trkpt lat="42.33932719565927982330322265625" lon="-71.0925931669771671295166015625">
        <ele>4.19999980926513671875</ele>
        <time>2026-04-24T19:14:05.000Z</time>
        <extensions>
          <ns3:TrackPointExtension>
            <ns3:hr>80</ns3:hr>
            <ns3:cad>53</ns3:cad>
          </ns3:TrackPointExtension>
        </extensions>
      </trkpt>
      <trkpt lat="42.339342534542083740234375" lon="-71.0925961844623088836669921875">
        <ele>4.19999980926513671875</ele>
        <time>2026-04-24T19:14:06.000Z</time>
        <extensions>
          <ns3:TrackPointExtension>
            <ns3:hr>80</ns3:hr>
            <ns3:cad>53</ns3:cad>
          </ns3:TrackPointExtension>
        </extensions>
      </trkpt>
      <trkpt lat="42.33935116790235042572021484375" lon="-71.09259962104260921478271484375">
        <ele>4.19999980926513671875</ele>
        <time>2026-04-24T19:14:07.000Z</time>
        <extensions>
          <ns3:TrackPointExtension>
            <ns3:hr>82</ns3:hr>
            <ns3:cad>53</ns3:cad>
          </ns3:TrackPointExtension>
        </extensions>
      </trkpt>
      <trkpt lat="42.33936734497547149658203125" lon="-71.09260833822190761566162109375">
        <ele>4.19999980926513671875</ele>
        <time>2026-04-24T19:14:08.000Z</time>
        <extensions>
          <ns3:TrackPointExtension>
            <ns3:hr>82</ns3:hr>
            <ns3:cad>53</ns3:cad>
          </ns3:TrackPointExtension>
        </extensions>
      </trkpt>
      <trkpt lat="42.33938687480986118316650390625" lon="-71.09260817058384418487548828125">
        <ele>4.19999980926513671875</ele>
        <time>2026-04-24T19:14:09.000Z</time>
        <extensions>
          <ns3:TrackPointExtension>
            <ns3:hr>83</ns3:hr>
            <ns3:cad>53</ns3:cad>
          </ns3:TrackPointExtension>
        </extensions>
      </trkpt>
      <trkpt lat="42.33940078876912593841552734375" lon="-71.09261303208768367767333984375">
        <ele>4.19999980926513671875</ele>
        <time>2026-04-24T19:14:10.000Z</time>
        <extensions>
          <ns3:TrackPointExtension>
            <ns3:hr>83</ns3:hr>
            <ns3:cad>53</ns3:cad>
          </ns3:TrackPointExtension>
        </extensions>
      </trkpt>
      <trkpt lat="42.33941562473773956298828125" lon="-71.0926216654479503631591796875">
        <ele>4.19999980926513671875</ele>
        <time>2026-04-24T19:14:11.000Z</time>
        <extensions>
          <ns3:TrackPointExtension>
            <ns3:hr>84</ns3:hr>
            <ns3:cad>52</ns3:cad>
          </ns3:TrackPointExtension>
        </extensions>
      </trkpt>
      <trkpt lat="42.33942794613540172576904296875" lon="-71.09262895770370960235595703125">
        <ele>4.19999980926513671875</ele>
        <time>2026-04-24T19:14:12.000Z</time>
        <extensions>
          <ns3:TrackPointExtension>
            <ns3:hr>84</ns3:hr>
            <ns3:cad>52</ns3:cad>
          </ns3:TrackPointExtension>
        </extensions>
      </trkpt>
      <trkpt lat="42.339436747133731842041015625" lon="-71.09263884834945201873779296875">
        <ele>4.19999980926513671875</ele>
        <time>2026-04-24T19:14:13.000Z</time>
        <extensions>
          <ns3:TrackPointExtension>
            <ns3:hr>84</ns3:hr>
            <ns3:cad>52</ns3:cad>
          </ns3:TrackPointExtension>
        </extensions>
      </trkpt>
      <trkpt lat="42.33944722451269626617431640625" lon="-71.092649996280670166015625">
        <ele>4.19999980926513671875</ele>
        <time>2026-04-24T19:14:14.000Z</time>
        <extensions>
          <ns3:TrackPointExtension>
            <ns3:hr>84</ns3:hr>
            <ns3:cad>52</ns3:cad>
          </ns3:TrackPointExtension>
        </extensions>
      </trkpt>
      <trkpt lat="42.33944688923656940460205078125" lon="-71.09266852028667926788330078125">
        <ele>4.19999980926513671875</ele>
        <time>2026-04-24T19:14:15.000Z</time>
        <extensions>
          <ns3:TrackPointExtension>
            <ns3:hr>84</ns3:hr>
            <ns3:cad>52</ns3:cad>
          </ns3:TrackPointExtension>
        </extensions>
      </trkpt>
      <trkpt lat="42.33945309184491634368896484375" lon="-71.092682518064975738525390625">
        <ele>4.19999980926513671875</ele>
        <time>2026-04-24T19:14:16.000Z</time>
        <extensions>
          <ns3:TrackPointExtension>
            <ns3:hr>84</ns3:hr>
            <ns3:cad>51</ns3:cad>
          </ns3:TrackPointExtension>
        </extensions>
      </trkpt>
      <trkpt lat="42.33946097083389759063720703125" lon="-71.09269752167165279388427734375">
        <ele>4.19999980926513671875</ele>
        <time>2026-04-24T19:14:17.000Z</time>
        <extensions>
          <ns3:TrackPointExtension>
            <ns3:hr>83</ns3:hr>
            <ns3:cad>51</ns3:cad>
          </ns3:TrackPointExtension>
        </extensions>
      </trkpt>
      <trkpt lat="42.33947597444057464599609375" lon="-71.092705987393856048583984375">
        <ele>4.19999980926513671875</ele>
        <time>2026-04-24T19:14:18.000Z</time>
        <extensions>
          <ns3:TrackPointExtension>
            <ns3:hr>83</ns3:hr>
            <ns3:cad>52</ns3:cad>
          </ns3:TrackPointExtension>
        </extensions>
      </trkpt>
      <trkpt lat="42.3394885472953319549560546875" lon="-71.0927135311067104339599609375">
        <ele>4.19999980926513671875</ele>
        <time>2026-04-24T19:14:19.000Z</time>
        <extensions>
          <ns3:TrackPointExtension>
            <ns3:hr>82</ns3:hr>
            <ns3:cad>52</ns3:cad>
          </ns3:TrackPointExtension>
        </extensions>
      </trkpt>
      <trkpt lat="42.339495755732059478759765625" lon="-71.09272199682891368865966796875">
        <ele>4.19999980926513671875</ele>
        <time>2026-04-24T19:14:20.000Z</time>
        <extensions>
          <ns3:TrackPointExtension>
            <ns3:hr>82</ns3:hr>
            <ns3:cad>52</ns3:cad>
          </ns3:TrackPointExtension>
        </extensions>
      </trkpt>
      <trkpt lat="42.33950036577880382537841796875" lon="-71.09272669069468975067138671875">
        <ele>4.19999980926513671875</ele>
        <time>2026-04-24T19:14:21.000Z</time>
        <extensions>
          <ns3:TrackPointExtension>
            <ns3:hr>82</ns3:hr>
            <ns3:cad>52</ns3:cad>
          </ns3:TrackPointExtension>
        </extensions>
      </trkpt>
      <trkpt lat="42.33950589783489704132080078125" lon="-71.0927306301891803741455078125">
        <ele>4.19999980926513671875</ele>
        <time>2026-04-24T19:14:22.000Z</time>
        <extensions>
          <ns3:TrackPointExtension>
            <ns3:hr>82</ns3:hr>
            <ns3:cad>52</ns3:cad>
          </ns3:TrackPointExtension>
        </extensions>
      </trkpt>
      <trkpt lat="42.33951277099549770355224609375" lon="-71.09273775480687618255615234375">
        <ele>4.19999980926513671875</ele>
        <time>2026-04-24T19:14:23.000Z</time>
        <extensions>
          <ns3:TrackPointExtension>
            <ns3:hr>82</ns3:hr>
            <ns3:cad>52</ns3:cad>
          </ns3:TrackPointExtension>
        </extensions>
      </trkpt>
      <trkpt lat="42.339523248374462127685546875" lon="-71.09274446032941341400146484375">
        <ele>4.19999980926513671875</ele>
        <time>2026-04-24T19:14:24.000Z</time>
        <extensions>
          <ns3:TrackPointExtension>
            <ns3:hr>82</ns3:hr>
            <ns3:cad>52</ns3:cad>
          </ns3:TrackPointExtension>
        </extensions>
      </trkpt>
      <trkpt lat="42.33953104354441165924072265625" lon="-71.09275099821388721466064453125">
        <ele>4.19999980926513671875</ele>
        <time>2026-04-24T19:14:25.000Z</time>
        <extensions>
          <ns3:TrackPointExtension>
            <ns3:hr>82</ns3:hr>
            <ns3:cad>52</ns3:cad>
          </ns3:TrackPointExtension>
        </extensions>
      </trkpt>
      <trkpt lat="42.3395421914756298065185546875" lon="-71.09276139177381992340087890625">
        <ele>4.19999980926513671875</ele>
        <time>2026-04-24T19:14:26.000Z</time>
        <extensions>
          <ns3:TrackPointExtension>
            <ns3:hr>82</ns3:hr>
            <ns3:cad>52</ns3:cad>
          </ns3:TrackPointExtension>
        </extensions>
      </trkpt>
      <trkpt lat="42.33954981900751590728759765625" lon="-71.0927698574960231781005859375">
        <ele>4.19999980926513671875</ele>
        <time>2026-04-24T19:14:27.000Z</time>
        <extensions>
          <ns3:TrackPointExtension>
            <ns3:hr>82</ns3:hr>
            <ns3:cad>50</ns3:cad>
          </ns3:TrackPointExtension>
        </extensions>
      </trkpt>
      <trkpt lat="42.3395589552819728851318359375" lon="-71.0927772335708141326904296875">
        <ele>4.19999980926513671875</ele>
        <time>2026-04-24T19:14:28.000Z</time>
        <extensions>
          <ns3:TrackPointExtension>
            <ns3:hr>82</ns3:hr>
            <ns3:cad>50</ns3:cad>
          </ns3:TrackPointExtension>
        </extensions>
      </trkpt>
      <trkpt lat="42.33956691808998584747314453125" lon="-71.09278234653174877166748046875">
        <ele>4.19999980926513671875</ele>
        <time>2026-04-24T19:14:29.000Z</time>
        <extensions>
          <ns3:TrackPointExtension>
            <ns3:hr>82</ns3:hr>
            <ns3:cad>50</ns3:cad>
          </ns3:TrackPointExtension>
        </extensions>
      </trkpt>
      <trkpt lat="42.33957789838314056396484375" lon="-71.0927825979888439178466796875">
        <ele>4.19999980926513671875</ele>
        <time>2026-04-24T19:14:30.000Z</time>
        <extensions>
          <ns3:TrackPointExtension>
            <ns3:hr>83</ns3:hr>
            <ns3:cad>50</ns3:cad>
          </ns3:TrackPointExtension>
        </extensions>
      </trkpt>
      <trkpt lat="42.33958971686661243438720703125" lon="-71.09277807176113128662109375">
        <ele>4.19999980926513671875</ele>
        <time>2026-04-24T19:14:31.000Z</time>
        <extensions>
          <ns3:TrackPointExtension>
            <ns3:hr>83</ns3:hr>
            <ns3:cad>50</ns3:cad>
          </ns3:TrackPointExtension>
        </extensions>
      </trkpt>
      <trkpt lat="42.33959876932203769683837890625" lon="-71.09277497045695781707763671875">
        <ele>4.19999980926513671875</ele>
        <time>2026-04-24T19:14:32.000Z</time>
        <extensions>
          <ns3:TrackPointExtension>
            <ns3:hr>83</ns3:hr>
            <ns3:cad>50</ns3:cad>
          </ns3:TrackPointExtension>
        </extensions>
      </trkpt>
      <trkpt lat="42.33960413374006748199462890625" lon="-71.09278083778917789459228515625">
        <ele>4.19999980926513671875</ele>
        <time>2026-04-24T19:14:33.000Z</time>
        <extensions>
          <ns3:TrackPointExtension>
            <ns3:hr>84</ns3:hr>
            <ns3:cad>52</ns3:cad>
          </ns3:TrackPointExtension>
        </extensions>
      </trkpt>
      <trkpt lat="42.33960874378681182861328125" lon="-71.092789135873317718505859375">
        <ele>4.19999980926513671875</ele>
        <time>2026-04-24T19:14:34.000Z</time>
        <extensions>
          <ns3:TrackPointExtension>
            <ns3:hr>85</ns3:hr>
            <ns3:cad>52</ns3:cad>
          </ns3:TrackPointExtension>
        </extensions>
      </trkpt>
      <trkpt lat="42.33961813151836395263671875" lon="-71.0928000323474407196044921875">
        <ele>4.400000095367431640625</ele>
        <time>2026-04-24T19:14:35.000Z</time>
        <extensions>
          <ns3:TrackPointExtension>
            <ns3:hr>85</ns3:hr>
            <ns3:cad>52</ns3:cad>
          </ns3:TrackPointExtension>
        </extensions>
      </trkpt>
      <trkpt lat="42.3396300338208675384521484375" lon="-71.0928050614893436431884765625">
        <ele>4.400000095367431640625</ele>
        <time>2026-04-24T19:14:36.000Z</time>
        <extensions>
          <ns3:TrackPointExtension>
            <ns3:hr>85</ns3:hr>
            <ns3:cad>52</ns3:cad>
          </ns3:TrackPointExtension>
        </extensions>
      </trkpt>
      <trkpt lat="42.33964537270367145538330078125" lon="-71.09280765987932682037353515625">
        <ele>4.400000095367431640625</ele>
        <time>2026-04-24T19:14:37.000Z</time>
        <extensions>
          <ns3:TrackPointExtension>
            <ns3:hr>85</ns3:hr>
            <ns3:cad>52</ns3:cad>
          </ns3:TrackPointExtension>
        </extensions>
      </trkpt>
      <trkpt lat="42.33965911902487277984619140625" lon="-71.09281696379184722900390625">
        <ele>4.400000095367431640625</ele>
        <time>2026-04-24T19:14:38.000Z</time>
        <extensions>
          <ns3:TrackPointExtension>
            <ns3:hr>85</ns3:hr>
            <ns3:cad>52</ns3:cad>
          </ns3:TrackPointExtension>
        </extensions>
      </trkpt>
      <trkpt lat="42.3396692611277103424072265625" lon="-71.0928251780569553375244140625">
        <ele>4.19999980926513671875</ele>
        <time>2026-04-24T19:14:39.000Z</time>
        <extensions>
          <ns3:TrackPointExtension>
            <ns3:hr>85</ns3:hr>
            <ns3:cad>53</ns3:cad>
          </ns3:TrackPointExtension>
        </extensions>
      </trkpt>
      <trkpt lat="42.33967906795442104339599609375" lon="-71.0928332246840000152587890625">
        <ele>4.19999980926513671875</ele>
        <time>2026-04-24T19:14:40.000Z</time>
        <extensions>
          <ns3:TrackPointExtension>
            <ns3:hr>84</ns3:hr>
            <ns3:cad>53</ns3:cad>
          </ns3:TrackPointExtension>
        </extensions>
      </trkpt>
      <trkpt lat="42.33968862332403659820556640625" lon="-71.0928379185497760772705078125">
        <ele>4.19999980926513671875</ele>
        <time>2026-04-24T19:14:41.000Z</time>
        <extensions>
          <ns3:TrackPointExtension>
            <ns3:hr>83</ns3:hr>
            <ns3:cad>53</ns3:cad>
          </ns3:TrackPointExtension>
        </extensions>
      </trkpt>
      <trkpt lat="42.33970086090266704559326171875" lon="-71.092841438949108123779296875">
        <ele>4.19999980926513671875</ele>
        <time>2026-04-24T19:14:42.000Z</time>
        <extensions>
          <ns3:TrackPointExtension>
            <ns3:hr>82</ns3:hr>
            <ns3:cad>53</ns3:cad>
          </ns3:TrackPointExtension>
        </extensions>
      </trkpt>
      <trkpt lat="42.33971192501485347747802734375" lon="-71.092853844165802001953125">
        <ele>4.19999980926513671875</ele>
        <time>2026-04-24T19:14:43.000Z</time>
        <extensions>
          <ns3:TrackPointExtension>
            <ns3:hr>82</ns3:hr>
            <ns3:cad>53</ns3:cad>
          </ns3:TrackPointExtension>
        </extensions>
      </trkpt>
      <trkpt lat="42.3397242464125156402587890625" lon="-71.09285979531705379486083984375">
        <ele>4.19999980926513671875</ele>
        <time>2026-04-24T19:14:44.000Z</time>
        <extensions>
          <ns3:TrackPointExtension>
            <ns3:hr>81</ns3:hr>
            <ns3:cad>53</ns3:cad>
          </ns3:TrackPointExtension>
        </extensions>
      </trkpt>
      <trkpt lat="42.33973505906760692596435546875" lon="-71.09287152998149394989013671875">
        <ele>4</ele>
        <time>2026-04-24T19:14:45.000Z</time>
        <extensions>
          <ns3:TrackPointExtension>
            <ns3:hr>81</ns3:hr>
            <ns3:cad>53</ns3:cad>
          </ns3:TrackPointExtension>
        </extensions>
      </trkpt>
      <trkpt lat="42.339746542274951934814453125" lon="-71.0928784869611263275146484375">
        <ele>4</ele>
        <time>2026-04-24T19:14:46.000Z</time>
        <extensions>
          <ns3:TrackPointExtension>
            <ns3:hr>81</ns3:hr>
            <ns3:cad>53</ns3:cad>
          </ns3:TrackPointExtension>
        </extensions>
      </trkpt>
      <trkpt lat="42.33975827693939208984375" lon="-71.0928885452449321746826171875">
        <ele>4</ele>
        <time>2026-04-24T19:14:47.000Z</time>
        <extensions>
          <ns3:TrackPointExtension>
            <ns3:hr>81</ns3:hr>
            <ns3:cad>53</ns3:cad>
          </ns3:TrackPointExtension>
        </extensions>
      </trkpt>
      <trkpt lat="42.33976908959448337554931640625" lon="-71.09289801679551601409912109375">
        <ele>4</ele>
        <time>2026-04-24T19:14:48.000Z</time>
        <extensions>
          <ns3:TrackPointExtension>
            <ns3:hr>81</ns3:hr>
            <ns3:cad>53</ns3:cad>
          </ns3:TrackPointExtension>
        </extensions>
      </trkpt>
      <trkpt lat="42.33978132717311382293701171875" lon="-71.09290706925094127655029296875">
        <ele>4</ele>
        <time>2026-04-24T19:14:49.000Z</time>
        <extensions>
          <ns3:TrackPointExtension>
            <ns3:hr>81</ns3:hr>
            <ns3:cad>53</ns3:cad>
          </ns3:TrackPointExtension>
        </extensions>
      </trkpt>
      <trkpt lat="42.33979373238980770111083984375" lon="-71.09291377477347850799560546875">
        <ele>4</ele>
        <time>2026-04-24T19:14:50.000Z</time>
        <extensions>
          <ns3:TrackPointExtension>
            <ns3:hr>80</ns3:hr>
            <ns3:cad>53</ns3:cad>
          </ns3:TrackPointExtension>
        </extensions>
      </trkpt>
      <trkpt lat="42.33980563469231128692626953125" lon="-71.0929217375814914703369140625">
        <ele>4</ele>
        <time>2026-04-24T19:14:51.000Z</time>
        <extensions>
          <ns3:TrackPointExtension>
            <ns3:hr>80</ns3:hr>
            <ns3:cad>53</ns3:cad>
          </ns3:TrackPointExtension>
        </extensions>
      </trkpt>
      <trkpt lat="42.339818291366100311279296875" lon="-71.09293053857982158660888671875">
        <ele>4</ele>
        <time>2026-04-24T19:14:52.000Z</time>
        <extensions>
          <ns3:TrackPointExtension>
            <ns3:hr>81</ns3:hr>
            <ns3:cad>54</ns3:cad>
          </ns3:TrackPointExtension>
        </extensions>
      </trkpt>
      <trkpt lat="42.33983128331601619720458984375" lon="-71.092936992645263671875">
        <ele>4</ele>
        <time>2026-04-24T19:14:53.000Z</time>
        <extensions>
          <ns3:TrackPointExtension>
            <ns3:hr>81</ns3:hr>
            <ns3:cad>54</ns3:cad>
          </ns3:TrackPointExtension>
        </extensions>
      </trkpt>
      <trkpt lat="42.3398459516465663909912109375" lon="-71.0929428599774837493896484375">
        <ele>4</ele>
        <time>2026-04-24T19:14:54.000Z</time>
        <extensions>
          <ns3:TrackPointExtension>
            <ns3:hr>82</ns3:hr>
            <ns3:cad>54</ns3:cad>
          </ns3:TrackPointExtension>
        </extensions>
      </trkpt>
      <trkpt lat="42.33985944651067256927490234375" lon="-71.09294663183391094207763671875">
        <ele>4</ele>
        <time>2026-04-24T19:14:55.000Z</time>
        <extensions>
          <ns3:TrackPointExtension>
            <ns3:hr>82</ns3:hr>
            <ns3:cad>53</ns3:cad>
          </ns3:TrackPointExtension>
        </extensions>
      </trkpt>
      <trkpt lat="42.339871935546398162841796875" lon="-71.092954091727733612060546875">
        <ele>4</ele>
        <time>2026-04-24T19:14:56.000Z</time>
        <extensions>
          <ns3:TrackPointExtension>
            <ns3:hr>82</ns3:hr>
            <ns3:cad>53</ns3:cad>
          </ns3:TrackPointExtension>
        </extensions>
      </trkpt>
      <trkpt lat="42.33988123945891857147216796875" lon="-71.0929653234779834747314453125">
        <ele>4</ele>
        <time>2026-04-24T19:14:57.000Z</time>
        <extensions>
          <ns3:TrackPointExtension>
            <ns3:hr>82</ns3:hr>
            <ns3:cad>53</ns3:cad>
          </ns3:TrackPointExtension>
        </extensions>
      </trkpt>
      <trkpt lat="42.33989238739013671875" lon="-71.09297789633274078369140625">
        <ele>4</ele>
        <time>2026-04-24T19:14:58.000Z</time>
        <extensions>
          <ns3:TrackPointExtension>
            <ns3:hr>82</ns3:hr>
            <ns3:cad>53</ns3:cad>
          </ns3:TrackPointExtension>
        </extensions>
      </trkpt>
      <trkpt lat="42.3399032838642597198486328125" lon="-71.09298854134976863861083984375">
        <ele>4</ele>
        <time>2026-04-24T19:14:59.000Z</time>
        <extensions>
          <ns3:TrackPointExtension>
            <ns3:hr>81</ns3:hr>
            <ns3:cad>53</ns3:cad>
          </ns3:TrackPointExtension>
        </extensions>
      </trkpt>
      <trkpt lat="42.339913845062255859375" lon="-71.09299675561487674713134765625">
        <ele>4</ele>
        <time>2026-04-24T19:15:00.000Z</time>
        <extensions>
          <ns3:TrackPointExtension>
            <ns3:hr>81</ns3:hr>
            <ns3:cad>53</ns3:cad>
          </ns3:TrackPointExtension>
        </extensions>
      </trkpt>
      <trkpt lat="42.33992432244122028350830078125" lon="-71.09300396405160427093505859375">
        <ele>4.19999980926513671875</ele>
        <time>2026-04-24T19:15:01.000Z</time>
        <extensions>
          <ns3:TrackPointExtension>
            <ns3:hr>81</ns3:hr>
            <ns3:cad>52</ns3:cad>
          </ns3:TrackPointExtension>
        </extensions>
      </trkpt>
      <trkpt lat="42.339937984943389892578125" lon="-71.093011088669300079345703125">
        <ele>4.19999980926513671875</ele>
        <time>2026-04-24T19:15:02.000Z</time>
        <extensions>
          <ns3:TrackPointExtension>
            <ns3:hr>81</ns3:hr>
            <ns3:cad>51</ns3:cad>
          </ns3:TrackPointExtension>
        </extensions>
      </trkpt>
      <trkpt lat="42.3399518989026546478271484375" lon="-71.09301871620118618011474609375">
        <ele>4.19999980926513671875</ele>
        <time>2026-04-24T19:15:03.000Z</time>
        <extensions>
          <ns3:TrackPointExtension>
            <ns3:hr>81</ns3:hr>
            <ns3:cad>51</ns3:cad>
          </ns3:TrackPointExtension>
        </extensions>
      </trkpt>
      <trkpt lat="42.33996371738612651824951171875" lon="-71.09302818775177001953125">
        <ele>4.19999980926513671875</ele>
        <time>2026-04-24T19:15:04.000Z</time>
        <extensions>
          <ns3:TrackPointExtension>
            <ns3:hr>81</ns3:hr>
            <ns3:cad>51</ns3:cad>
          </ns3:TrackPointExtension>
        </extensions>
      </trkpt>
      <trkpt lat="42.33997444622218608856201171875" lon="-71.0930377431213855743408203125">
        <ele>4.19999980926513671875</ele>
        <time>2026-04-24T19:15:05.000Z</time>
        <extensions>
          <ns3:TrackPointExtension>
            <ns3:hr>82</ns3:hr>
            <ns3:cad>52</ns3:cad>
          </ns3:TrackPointExtension>
        </extensions>
      </trkpt>
      <trkpt lat="42.33998768962919712066650390625" lon="-71.09305073507130146026611328125">
        <ele>4</ele>
        <time>2026-04-24T19:15:06.000Z</time>
        <extensions>
          <ns3:TrackPointExtension>
            <ns3:hr>82</ns3:hr>
            <ns3:cad>52</ns3:cad>
          </ns3:TrackPointExtension>
        </extensions>
      </trkpt>
      <trkpt lat="42.3400008492171764373779296875" lon="-71.09306129626929759979248046875">
        <ele>4</ele>
        <time>2026-04-24T19:15:07.000Z</time>
        <extensions>
          <ns3:TrackPointExtension>
            <ns3:hr>82</ns3:hr>
            <ns3:cad>51</ns3:cad>
          </ns3:TrackPointExtension>
        </extensions>
      </trkpt>
      <trkpt lat="42.34001283533871173858642578125" lon="-71.09307319857180118560791015625">
        <ele>4</ele>
        <time>2026-04-24T19:15:08.000Z</time>
        <extensions>
          <ns3:TrackPointExtension>
            <ns3:hr>82</ns3:hr>
            <ns3:cad>51</ns3:cad>
          </ns3:TrackPointExtension>
        </extensions>
      </trkpt>
      <trkpt lat="42.34002373181283473968505859375" lon="-71.0930816642940044403076171875">
        <ele>4</ele>
        <time>2026-04-24T19:15:09.000Z</time>
        <extensions>
          <ns3:TrackPointExtension>
            <ns3:hr>83</ns3:hr>
            <ns3:cad>52</ns3:cad>
          </ns3:TrackPointExtension>
        </extensions>
      </trkpt>
      <trkpt lat="42.340035550296306610107421875" lon="-71.09308996237814426422119140625">
        <ele>4</ele>
        <time>2026-04-24T19:15:10.000Z</time>
        <extensions>
          <ns3:TrackPointExtension>
            <ns3:hr>83</ns3:hr>
            <ns3:cad>52</ns3:cad>
          </ns3:TrackPointExtension>
        </extensions>
      </trkpt>
      <trkpt lat="42.3400467820465564727783203125" lon="-71.09309884719550609588623046875">
        <ele>4.19999980926513671875</ele>
        <time>2026-04-24T19:15:11.000Z</time>
        <extensions>
          <ns3:TrackPointExtension>
            <ns3:hr>83</ns3:hr>
            <ns3:cad>52</ns3:cad>
          </ns3:TrackPointExtension>
        </extensions>
      </trkpt>
      <trkpt lat="42.34005625359714031219482421875" lon="-71.0931071452796459197998046875">
        <ele>4.19999980926513671875</ele>
        <time>2026-04-24T19:15:12.000Z</time>
        <extensions>
          <ns3:TrackPointExtension>
            <ns3:hr>83</ns3:hr>
            <ns3:cad>52</ns3:cad>
          </ns3:TrackPointExtension>
        </extensions>
      </trkpt>
      <trkpt lat="42.3400707542896270751953125" lon="-71.09312315471470355987548828125">
        <ele>4.19999980926513671875</ele>
        <time>2026-04-24T19:15:13.000Z</time>
        <extensions>
          <ns3:TrackPointExtension>
            <ns3:hr>83</ns3:hr>
            <ns3:cad>52</ns3:cad>
          </ns3:TrackPointExtension>
        </extensions>
      </trkpt>
      <trkpt lat="42.34008139930665493011474609375" lon="-71.0931339673697948455810546875">
        <ele>4.19999980926513671875</ele>
        <time>2026-04-24T19:15:14.000Z</time>
        <extensions>
          <ns3:TrackPointExtension>
            <ns3:hr>83</ns3:hr>
            <ns3:cad>52</ns3:cad>
          </ns3:TrackPointExtension>
        </extensions>
      </trkpt>
      <trkpt lat="42.34009095467627048492431640625" lon="-71.09314595349133014678955078125">
        <ele>4.19999980926513671875</ele>
        <time>2026-04-24T19:15:15.000Z</time>
        <extensions>
          <ns3:TrackPointExtension>
            <ns3:hr>83</ns3:hr>
            <ns3:cad>52</ns3:cad>
          </ns3:TrackPointExtension>
        </extensions>
      </trkpt>
      <trkpt lat="42.34009824693202972412109375" lon="-71.09315492212772369384765625">
        <ele>4.19999980926513671875</ele>
        <time>2026-04-24T19:15:16.000Z</time>
        <extensions>
          <ns3:TrackPointExtension>
            <ns3:hr>83</ns3:hr>
            <ns3:cad>52</ns3:cad>
          </ns3:TrackPointExtension>
        </extensions>
      </trkpt>
      <trkpt lat="42.34010553918778896331787109375" lon="-71.093164980411529541015625">
        <ele>4.19999980926513671875</ele>
        <time>2026-04-24T19:15:17.000Z</time>
        <extensions>
          <ns3:TrackPointExtension>
            <ns3:hr>83</ns3:hr>
            <ns3:cad>52</ns3:cad>
          </ns3:TrackPointExtension>
        </extensions>
      </trkpt>
      <trkpt lat="42.3401128314435482025146484375" lon="-71.0931731946766376495361328125">
        <ele>4.19999980926513671875</ele>
        <time>2026-04-24T19:15:18.000Z</time>
        <extensions>
          <ns3:TrackPointExtension>
            <ns3:hr>83</ns3:hr>
            <ns3:cad>52</ns3:cad>
          </ns3:TrackPointExtension>
        </extensions>
      </trkpt>
      <trkpt lat="42.34012464992702007293701171875" lon="-71.09318065457046031951904296875">
        <ele>4.19999980926513671875</ele>
        <time>2026-04-24T19:15:19.000Z</time>
        <extensions>
          <ns3:TrackPointExtension>
            <ns3:hr>83</ns3:hr>
            <ns3:cad>52</ns3:cad>
          </ns3:TrackPointExtension>
        </extensions>
      </trkpt>
      <trkpt lat="42.34013621695339679718017578125" lon="-71.09319037757813930511474609375">
        <ele>4.19999980926513671875</ele>
        <time>2026-04-24T19:15:20.000Z</time>
        <extensions>
          <ns3:TrackPointExtension>
            <ns3:hr>83</ns3:hr>
            <ns3:cad>51</ns3:cad>
          </ns3:TrackPointExtension>
        </extensions>
      </trkpt>
      <trkpt lat="42.34014342539012432098388671875" lon="-71.09320177696645259857177734375">
        <ele>4.400000095367431640625</ele>
        <time>2026-04-24T19:15:21.000Z</time>
        <extensions>
          <ns3:TrackPointExtension>
            <ns3:hr>83</ns3:hr>
            <ns3:cad>50</ns3:cad>
          </ns3:TrackPointExtension>
        </extensions>
      </trkpt>
      <trkpt lat="42.34015398658812046051025390625" lon="-71.09321451745927333831787109375">
        <ele>4.400000095367431640625</ele>
        <time>2026-04-24T19:15:22.000Z</time>
        <extensions>
          <ns3:TrackPointExtension>
            <ns3:hr>83</ns3:hr>
            <ns3:cad>50</ns3:cad>
          </ns3:TrackPointExtension>
        </extensions>
      </trkpt>
      <trkpt lat="42.34016873873770236968994140625" lon="-71.0932199656963348388671875">
        <ele>4.400000095367431640625</ele>
        <time>2026-04-24T19:15:23.000Z</time>
        <extensions>
          <ns3:TrackPointExtension>
            <ns3:hr>83</ns3:hr>
            <ns3:cad>51</ns3:cad>
          </ns3:TrackPointExtension>
        </extensions>
      </trkpt>
      <trkpt lat="42.34018047340214252471923828125" lon="-71.09322675503790378570556640625">
        <ele>4.400000095367431640625</ele>
        <time>2026-04-24T19:15:24.000Z</time>
        <extensions>
          <ns3:TrackPointExtension>
            <ns3:hr>83</ns3:hr>
            <ns3:cad>52</ns3:cad>
          </ns3:TrackPointExtension>
        </extensions>
      </trkpt>
      <trkpt lat="42.3401882685720920562744140625" lon="-71.0932360589504241943359375">
        <ele>4.19999980926513671875</ele>
        <time>2026-04-24T19:15:25.000Z</time>
        <extensions>
          <ns3:TrackPointExtension>
            <ns3:hr>83</ns3:hr>
            <ns3:cad>52</ns3:cad>
          </ns3:TrackPointExtension>
        </extensions>
      </trkpt>
      <trkpt lat="42.3401996679604053497314453125" lon="-71.09324318356812000274658203125">
        <ele>4.19999980926513671875</ele>
        <time>2026-04-24T19:15:26.000Z</time>
        <extensions>
          <ns3:TrackPointExtension>
            <ns3:hr>83</ns3:hr>
            <ns3:cad>52</ns3:cad>
          </ns3:TrackPointExtension>
        </extensions>
      </trkpt>
      <trkpt lat="42.34021131880581378936767578125" lon="-71.09325357712805271148681640625">
        <ele>4.19999980926513671875</ele>
        <time>2026-04-24T19:15:27.000Z</time>
        <extensions>
          <ns3:TrackPointExtension>
            <ns3:hr>82</ns3:hr>
            <ns3:cad>52</ns3:cad>
          </ns3:TrackPointExtension>
        </extensions>
      </trkpt>
      <trkpt lat="42.34022372402250766754150390625" lon="-71.09326799400150775909423828125">
        <ele>4.19999980926513671875</ele>
        <time>2026-04-24T19:15:28.000Z</time>
        <extensions>
          <ns3:TrackPointExtension>
            <ns3:hr>82</ns3:hr>
            <ns3:cad>52</ns3:cad>
          </ns3:TrackPointExtension>
        </extensions>
      </trkpt>
      <trkpt lat="42.34023428522050380706787109375" lon="-71.09328039921820163726806640625">
        <ele>4.19999980926513671875</ele>
        <time>2026-04-24T19:15:29.000Z</time>
        <extensions>
          <ns3:TrackPointExtension>
            <ns3:hr>82</ns3:hr>
            <ns3:cad>52</ns3:cad>
          </ns3:TrackPointExtension>
        </extensions>
      </trkpt>
      <trkpt lat="42.34024015255272388458251953125" lon="-71.09329448081552982330322265625">
        <ele>4.19999980926513671875</ele>
        <time>2026-04-24T19:15:30.000Z</time>
        <extensions>
          <ns3:TrackPointExtension>
            <ns3:hr>82</ns3:hr>
            <ns3:cad>52</ns3:cad>
          </ns3:TrackPointExtension>
        </extensions>
      </trkpt>
      <trkpt lat="42.34024903737008571624755859375" lon="-71.09331157989799976348876953125">
        <ele>4.19999980926513671875</ele>
        <time>2026-04-24T19:15:31.000Z</time>
        <extensions>
          <ns3:TrackPointExtension>
            <ns3:hr>82</ns3:hr>
            <ns3:cad>52</ns3:cad>
          </ns3:TrackPointExtension>
        </extensions>
      </trkpt>
      <trkpt lat="42.34025758691132068634033203125" lon="-71.09332683496177196502685546875">
        <ele>4.19999980926513671875</ele>
        <time>2026-04-24T19:15:32.000Z</time>
        <extensions>
          <ns3:TrackPointExtension>
            <ns3:hr>82</ns3:hr>
            <ns3:cad>52</ns3:cad>
          </ns3:TrackPointExtension>
        </extensions>
      </trkpt>
      <trkpt lat="42.34026563353836536407470703125" lon="-71.0933384858071804046630859375">
        <ele>4.19999980926513671875</ele>
        <time>2026-04-24T19:15:33.000Z</time>
        <extensions>
          <ns3:TrackPointExtension>
            <ns3:hr>82</ns3:hr>
            <ns3:cad>52</ns3:cad>
          </ns3:TrackPointExtension>
        </extensions>
      </trkpt>
      <trkpt lat="42.340275943279266357421875" lon="-71.0933465324342250823974609375">
        <ele>4.400000095367431640625</ele>
        <time>2026-04-24T19:15:34.000Z</time>
        <extensions>
          <ns3:TrackPointExtension>
            <ns3:hr>82</ns3:hr>
            <ns3:cad>52</ns3:cad>
          </ns3:TrackPointExtension>
        </extensions>
      </trkpt>
      <trkpt lat="42.34028658829629421234130859375" lon="-71.0933508910238742828369140625">
        <ele>4.400000095367431640625</ele>
        <time>2026-04-24T19:15:35.000Z</time>
        <extensions>
          <ns3:TrackPointExtension>
            <ns3:hr>82</ns3:hr>
            <ns3:cad>52</ns3:cad>
          </ns3:TrackPointExtension>
        </extensions>
      </trkpt>
      <trkpt lat="42.3402948863804340362548828125" lon="-71.0933582670986652374267578125">
        <ele>4.400000095367431640625</ele>
        <time>2026-04-24T19:15:36.000Z</time>
        <extensions>
          <ns3:TrackPointExtension>
            <ns3:hr>82</ns3:hr>
            <ns3:cad>52</ns3:cad>
          </ns3:TrackPointExtension>
        </extensions>
      </trkpt>
      <trkpt lat="42.34030402265489101409912109375" lon="-71.09336681663990020751953125">
        <ele>4.400000095367431640625</ele>
        <time>2026-04-24T19:15:37.000Z</time>
        <extensions>
          <ns3:TrackPointExtension>
            <ns3:hr>82</ns3:hr>
            <ns3:cad>52</ns3:cad>
          </ns3:TrackPointExtension>
        </extensions>
      </trkpt>
      <trkpt lat="42.3403133265674114227294921875" lon="-71.09337327070534229278564453125">
        <ele>4.400000095367431640625</ele>
        <time>2026-04-24T19:15:38.000Z</time>
        <extensions>
          <ns3:TrackPointExtension>
            <ns3:hr>82</ns3:hr>
            <ns3:cad>52</ns3:cad>
          </ns3:TrackPointExtension>
        </extensions>
      </trkpt>
      <trkpt lat="42.34032246284186840057373046875" lon="-71.09338148497045040130615234375">
        <ele>4.400000095367431640625</ele>
        <time>2026-04-24T19:15:39.000Z</time>
        <extensions>
          <ns3:TrackPointExtension>
            <ns3:hr>82</ns3:hr>
            <ns3:cad>53</ns3:cad>
          </ns3:TrackPointExtension>
        </extensions>
      </trkpt>
      <trkpt lat="42.34033436514437198638916015625" lon="-71.09338819049298763275146484375">
        <ele>4.400000095367431640625</ele>
        <time>2026-04-24T19:15:40.000Z</time>
        <extensions>
          <ns3:TrackPointExtension>
            <ns3:hr>82</ns3:hr>
            <ns3:cad>53</ns3:cad>
          </ns3:TrackPointExtension>
        </extensions>
      </trkpt>
      <trkpt lat="42.3403458483517169952392578125" lon="-71.09339539892971515655517578125">
        <ele>4.400000095367431640625</ele>
        <time>2026-04-24T19:15:41.000Z</time>
        <extensions>
          <ns3:TrackPointExtension>
            <ns3:hr>82</ns3:hr>
            <ns3:cad>53</ns3:cad>
          </ns3:TrackPointExtension>
        </extensions>
      </trkpt>
      <trkpt lat="42.34035632573068141937255859375" lon="-71.09340378083288669586181640625">
        <ele>4.400000095367431640625</ele>
        <time>2026-04-24T19:15:42.000Z</time>
        <extensions>
          <ns3:TrackPointExtension>
            <ns3:hr>82</ns3:hr>
            <ns3:cad>53</ns3:cad>
          </ns3:TrackPointExtension>
        </extensions>
      </trkpt>
      <trkpt lat="42.34036604873836040496826171875" lon="-71.0934130847454071044921875">
        <ele>4.400000095367431640625</ele>
        <time>2026-04-24T19:15:43.000Z</time>
        <extensions>
          <ns3:TrackPointExtension>
            <ns3:hr>82</ns3:hr>
            <ns3:cad>53</ns3:cad>
          </ns3:TrackPointExtension>
        </extensions>
      </trkpt>
      <trkpt lat="42.3403793759644031524658203125" lon="-71.093418784439563751220703125">
        <ele>4.400000095367431640625</ele>
        <time>2026-04-24T19:15:44.000Z</time>
        <extensions>
          <ns3:TrackPointExtension>
            <ns3:hr>82</ns3:hr>
            <ns3:cad>53</ns3:cad>
          </ns3:TrackPointExtension>
        </extensions>
      </trkpt>
      <trkpt lat="42.34039287082850933074951171875" lon="-71.093430183827877044677734375">
        <ele>4.400000095367431640625</ele>
        <time>2026-04-24T19:15:45.000Z</time>
        <extensions>
          <ns3:TrackPointExtension>
            <ns3:hr>83</ns3:hr>
            <ns3:cad>53</ns3:cad>
          </ns3:TrackPointExtension>
        </extensions>
      </trkpt>
      <trkpt lat="42.34040443785488605499267578125" lon="-71.09343387186527252197265625">
        <ele>4.400000095367431640625</ele>
        <time>2026-04-24T19:15:46.000Z</time>
        <extensions>
          <ns3:TrackPointExtension>
            <ns3:hr>83</ns3:hr>
            <ns3:cad>53</ns3:cad>
          </ns3:TrackPointExtension>
        </extensions>
      </trkpt>
      <trkpt lat="42.34041902236640453338623046875" lon="-71.09343898482620716094970703125">
        <ele>4.400000095367431640625</ele>
        <time>2026-04-24T19:15:47.000Z</time>
        <extensions>
          <ns3:TrackPointExtension>
            <ns3:hr>83</ns3:hr>
            <ns3:cad>53</ns3:cad>
          </ns3:TrackPointExtension>
        </extensions>
      </trkpt>
      <trkpt lat="42.34043729491531848907470703125" lon="-71.09344149939715862274169921875">
        <ele>4.400000095367431640625</ele>
        <time>2026-04-24T19:15:48.000Z</time>
        <extensions>
          <ns3:TrackPointExtension>
            <ns3:hr>83</ns3:hr>
            <ns3:cad>54</ns3:cad>
          </ns3:TrackPointExtension>
        </extensions>
      </trkpt>
      <trkpt lat="42.340458668768405914306640625" lon="-71.093443594872951507568359375">
        <ele>4.400000095367431640625</ele>
        <time>2026-04-24T19:15:49.000Z</time>
        <extensions>
          <ns3:TrackPointExtension>
            <ns3:hr>83</ns3:hr>
            <ns3:cad>54</ns3:cad>
          </ns3:TrackPointExtension>
        </extensions>
      </trkpt>
      <trkpt lat="42.34047836624085903167724609375" lon="-71.09345004893839359283447265625">
        <ele>4.599999904632568359375</ele>
        <time>2026-04-24T19:15:50.000Z</time>
        <extensions>
          <ns3:TrackPointExtension>
            <ns3:hr>83</ns3:hr>
            <ns3:cad>53</ns3:cad>
          </ns3:TrackPointExtension>
        </extensions>
      </trkpt>
      <trkpt lat="42.3404891788959503173828125" lon="-71.0934611968696117401123046875">
        <ele>4.599999904632568359375</ele>
        <time>2026-04-24T19:15:51.000Z</time>
        <extensions>
          <ns3:TrackPointExtension>
            <ns3:hr>83</ns3:hr>
            <ns3:cad>53</ns3:cad>
          </ns3:TrackPointExtension>
        </extensions>
      </trkpt>
      <trkpt lat="42.3404963873326778411865234375" lon="-71.09347351826727390289306640625">
        <ele>4.599999904632568359375</ele>
        <time>2026-04-24T19:15:52.000Z</time>
        <extensions>
          <ns3:TrackPointExtension>
            <ns3:hr>83</ns3:hr>
            <ns3:cad>53</ns3:cad>
          </ns3:TrackPointExtension>
        </extensions>
      </trkpt>
      <trkpt lat="42.3405047692358493804931640625" lon="-71.0934886895120143890380859375">
        <ele>4.599999904632568359375</ele>
        <time>2026-04-24T19:15:53.000Z</time>
        <extensions>
          <ns3:TrackPointExtension>
            <ns3:hr>83</ns3:hr>
            <ns3:cad>52</ns3:cad>
          </ns3:TrackPointExtension>
        </extensions>
      </trkpt>
      <trkpt lat="42.3405121453106403350830078125" lon="-71.0935017652809619903564453125">
        <ele>4.599999904632568359375</ele>
        <time>2026-04-24T19:15:54.000Z</time>
        <extensions>
          <ns3:TrackPointExtension>
            <ns3:hr>83</ns3:hr>
            <ns3:cad>52</ns3:cad>
          </ns3:TrackPointExtension>
        </extensions>
      </trkpt>
      <trkpt lat="42.3405268974602222442626953125" lon="-71.0935114882886409759521484375">
        <ele>4.599999904632568359375</ele>
        <time>2026-04-24T19:15:55.000Z</time>
        <extensions>
          <ns3:TrackPointExtension>
            <ns3:hr>83</ns3:hr>
            <ns3:cad>52</ns3:cad>
          </ns3:TrackPointExtension>
        </extensions>
      </trkpt>
      <trkpt lat="42.340539135038852691650390625" lon="-71.0935185290873050689697265625">
        <ele>4.599999904632568359375</ele>
        <time>2026-04-24T19:15:56.000Z</time>
        <extensions>
          <ns3:TrackPointExtension>
            <ns3:hr>83</ns3:hr>
            <ns3:cad>52</ns3:cad>
          </ns3:TrackPointExtension>
        </extensions>
      </trkpt>
      <trkpt lat="42.3405500315129756927490234375" lon="-71.0935252346098423004150390625">
        <ele>4.400000095367431640625</ele>
        <time>2026-04-24T19:15:57.000Z</time>
        <extensions>
          <ns3:TrackPointExtension>
            <ns3:hr>84</ns3:hr>
            <ns3:cad>52</ns3:cad>
          </ns3:TrackPointExtension>
        </extensions>
      </trkpt>
      <trkpt lat="42.34055849723517894744873046875" lon="-71.09353453852236270904541015625">
        <ele>4.400000095367431640625</ele>
        <time>2026-04-24T19:15:58.000Z</time>
        <extensions>
          <ns3:TrackPointExtension>
            <ns3:hr>83</ns3:hr>
            <ns3:cad>50</ns3:cad>
          </ns3:TrackPointExtension>
        </extensions>
      </trkpt>
      <trkpt lat="42.34056184999644756317138671875" lon="-71.09353981912136077880859375">
        <ele>4.400000095367431640625</ele>
        <time>2026-04-24T19:15:59.000Z</time>
        <extensions>
          <ns3:TrackPointExtension>
            <ns3:hr>83</ns3:hr>
            <ns3:cad>50</ns3:cad>
          </ns3:TrackPointExtension>
        </extensions>
      </trkpt>
      <trkpt lat="42.340565957129001617431640625" lon="-71.093546859920024871826171875">
        <ele>4.400000095367431640625</ele>
        <time>2026-04-24T19:16:00.000Z</time>
        <extensions>
          <ns3:TrackPointExtension>
            <ns3:hr>83</ns3:hr>
            <ns3:cad>50</ns3:cad>
          </ns3:TrackPointExtension>
        </extensions>
      </trkpt>
      <trkpt lat="42.3405691422522068023681640625" lon="-71.09355188906192779541015625">
        <ele>4.400000095367431640625</ele>
        <time>2026-04-24T19:16:01.000Z</time>
        <extensions>
          <ns3:TrackPointExtension>
            <ns3:hr>82</ns3:hr>
            <ns3:cad>0</ns3:cad>
          </ns3:TrackPointExtension>
        </extensions>
      </trkpt>
      <trkpt lat="42.34057107008993625640869140625" lon="-71.09355146996676921844482421875">
        <ele>4.400000095367431640625</ele>
        <time>2026-04-24T19:16:02.000Z</time>
        <extensions>
          <ns3:TrackPointExtension>
            <ns3:hr>82</ns3:hr>
            <ns3:cad>0</ns3:cad>
          </ns3:TrackPointExtension>
        </extensions>
      </trkpt>
      <trkpt lat="42.34057056717574596405029296875" lon="-71.093551553785800933837890625">
        <ele>4.400000095367431640625</ele>
        <time>2026-04-24T19:16:03.000Z</time>
        <extensions>
          <ns3:TrackPointExtension>
            <ns3:hr>83</ns3:hr>
            <ns3:cad>0</ns3:cad>
          </ns3:TrackPointExtension>
        </extensions>
      </trkpt>
      <trkpt lat="42.34057056717574596405029296875" lon="-71.0935520566999912261962890625">
        <ele>4.400000095367431640625</ele>
        <time>2026-04-24T19:16:04.000Z</time>
        <extensions>
          <ns3:TrackPointExtension>
            <ns3:hr>82</ns3:hr>
            <ns3:cad>0</ns3:cad>
          </ns3:TrackPointExtension>
        </extensions>
      </trkpt>
      <trkpt lat="42.340571321547031402587890625" lon="-71.09355348162353038787841796875">
        <ele>4.19999980926513671875</ele>
        <time>2026-04-24T19:16:05.000Z</time>
        <extensions>
          <ns3:TrackPointExtension>
            <ns3:hr>82</ns3:hr>
            <ns3:cad>0</ns3:cad>
          </ns3:TrackPointExtension>
        </extensions>
      </trkpt>
      <trkpt lat="42.340570650994777679443359375" lon="-71.093556582927703857421875">
        <ele>4</ele>
        <time>2026-04-24T19:16:06.000Z</time>
        <extensions>
          <ns3:TrackPointExtension>
            <ns3:hr>82</ns3:hr>
            <ns3:cad>0</ns3:cad>
          </ns3:TrackPointExtension>
        </extensions>
      </trkpt>
      <trkpt lat="42.34057224355638027191162109375" lon="-71.09355532564222812652587890625">
        <ele>3.7999999523162841796875</ele>
        <time>2026-04-24T19:16:07.000Z</time>
        <extensions>
          <ns3:TrackPointExtension>
            <ns3:hr>82</ns3:hr>
            <ns3:cad>0</ns3:cad>
          </ns3:TrackPointExtension>
        </extensions>
      </trkpt>
      <trkpt lat="42.34057274647057056427001953125" lon="-71.09355649910867214202880859375">
        <ele>3.7999999523162841796875</ele>
        <time>2026-04-24T19:16:08.000Z</time>
        <extensions>
          <ns3:TrackPointExtension>
            <ns3:hr>82</ns3:hr>
            <ns3:cad>0</ns3:cad>
          </ns3:TrackPointExtension>
        </extensions>
      </trkpt>
      <trkpt lat="42.34057375229895114898681640625" lon="-71.09355616383254528045654296875">
        <ele>3.7999999523162841796875</ele>
        <time>2026-04-24T19:16:09.000Z</time>
        <extensions>
          <ns3:TrackPointExtension>
            <ns3:hr>82</ns3:hr>
            <ns3:cad>0</ns3:cad>
          </ns3:TrackPointExtension>
        </extensions>
      </trkpt>
      <trkpt lat="42.34057358466088771820068359375" lon="-71.093556247651576995849609375">
        <ele>3.7999999523162841796875</ele>
        <time>2026-04-24T19:16:10.000Z</time>
        <extensions>
          <ns3:TrackPointExtension>
            <ns3:hr>82</ns3:hr>
            <ns3:cad>0</ns3:cad>
          </ns3:TrackPointExtension>
        </extensions>
      </trkpt>
      <trkpt lat="42.34057433903217315673828125" lon="-71.09355616383254528045654296875">
        <ele>3.7999999523162841796875</ele>
        <time>2026-04-24T19:16:11.000Z</time>
        <extensions>
          <ns3:TrackPointExtension>
            <ns3:hr>82</ns3:hr>
            <ns3:cad>0</ns3:cad>
          </ns3:TrackPointExtension>
        </extensions>
      </trkpt>
      <trkpt lat="42.3405748419463634490966796875" lon="-71.09355599619448184967041015625">
        <ele>3.7999999523162841796875</ele>
        <time>2026-04-24T19:16:12.000Z</time>
        <extensions>
          <ns3:TrackPointExtension>
            <ns3:hr>82</ns3:hr>
            <ns3:cad>0</ns3:cad>
          </ns3:TrackPointExtension>
        </extensions>
      </trkpt>
      <trkpt lat="42.34057492576539516448974609375" lon="-71.093556247651576995849609375">
        <ele>3.7999999523162841796875</ele>
        <time>2026-04-24T19:16:13.000Z</time>
        <extensions>
          <ns3:TrackPointExtension>
            <ns3:hr>82</ns3:hr>
            <ns3:cad>0</ns3:cad>
          </ns3:TrackPointExtension>
        </extensions>
      </trkpt>
      <trkpt lat="42.340574674308300018310546875" lon="-71.093556247651576995849609375">
        <ele>3.7999999523162841796875</ele>
        <time>2026-04-24T19:16:14.000Z</time>
        <extensions>
          <ns3:TrackPointExtension>
            <ns3:hr>82</ns3:hr>
            <ns3:cad>0</ns3:cad>
          </ns3:TrackPointExtension>
        </extensions>
      </trkpt>
      <trkpt lat="42.34057509340345859527587890625" lon="-71.093556582927703857421875">
        <ele>3.7999999523162841796875</ele>
        <time>2026-04-24T19:16:15.000Z</time>
        <extensions>
          <ns3:TrackPointExtension>
            <ns3:hr>82</ns3:hr>
            <ns3:cad>0</ns3:cad>
          </ns3:TrackPointExtension>
        </extensions>
      </trkpt>
      <trkpt lat="42.34057526104152202606201171875" lon="-71.09355725347995758056640625">
        <ele>3.7999999523162841796875</ele>
        <time>2026-04-24T19:16:16.000Z</time>
        <extensions>
          <ns3:TrackPointExtension>
            <ns3:hr>82</ns3:hr>
            <ns3:cad>0</ns3:cad>
          </ns3:TrackPointExtension>
        </extensions>
      </trkpt>
      <trkpt lat="42.3405751772224903106689453125" lon="-71.093557588756084442138671875">
        <ele>3.7999999523162841796875</ele>
        <time>2026-04-24T19:16:17.000Z</time>
        <extensions>
          <ns3:TrackPointExtension>
            <ns3:hr>81</ns3:hr>
            <ns3:cad>0</ns3:cad>
          </ns3:TrackPointExtension>
        </extensions>
      </trkpt>
      <trkpt lat="42.34057509340345859527587890625" lon="-71.0935577563941478729248046875">
        <ele>3.7999999523162841796875</ele>
        <time>2026-04-24T19:16:18.000Z</time>
        <extensions>
          <ns3:TrackPointExtension>
            <ns3:hr>81</ns3:hr>
            <ns3:cad>0</ns3:cad>
          </ns3:TrackPointExtension>
        </extensions>
      </trkpt>
      <trkpt lat="42.34057526104152202606201171875" lon="-71.09355784021317958831787109375">
        <ele>3.7999999523162841796875</ele>
        <time>2026-04-24T19:16:19.000Z</time>
        <extensions>
          <ns3:TrackPointExtension>
            <ns3:hr>81</ns3:hr>
            <ns3:cad>0</ns3:cad>
          </ns3:TrackPointExtension>
        </extensions>
      </trkpt>
      <trkpt lat="42.34057526104152202606201171875" lon="-71.093557588756084442138671875">
        <ele>3.7999999523162841796875</ele>
        <time>2026-04-24T19:16:20.000Z</time>
        <extensions>
          <ns3:TrackPointExtension>
            <ns3:hr>81</ns3:hr>
            <ns3:cad>0</ns3:cad>
          </ns3:TrackPointExtension>
        </extensions>
      </trkpt>
      <trkpt lat="42.34057526104152202606201171875" lon="-71.0935577563941478729248046875">
        <ele>3.7999999523162841796875</ele>
        <time>2026-04-24T19:16:21.000Z</time>
        <extensions>
          <ns3:TrackPointExtension>
            <ns3:hr>80</ns3:hr>
            <ns3:cad>0</ns3:cad>
          </ns3:TrackPointExtension>
        </extensions>
      </trkpt>
      <trkpt lat="42.34057509340345859527587890625" lon="-71.0935580916702747344970703125">
        <ele>3.7999999523162841796875</ele>
        <time>2026-04-24T19:16:22.000Z</time>
        <extensions>
          <ns3:TrackPointExtension>
            <ns3:hr>76</ns3:hr>
            <ns3:cad>0</ns3:cad>
          </ns3:TrackPointExtension>
        </extensions>
      </trkpt>
      <trkpt lat="42.34057475812733173370361328125" lon="-71.09355834312736988067626953125">
        <ele>3.7999999523162841796875</ele>
        <time>2026-04-24T19:16:23.000Z</time>
        <extensions>
          <ns3:TrackPointExtension>
            <ns3:hr>68</ns3:hr>
            <ns3:cad>0</ns3:cad>
          </ns3:TrackPointExtension>
        </extensions>
      </trkpt>
      <trkpt lat="42.340574674308300018310546875" lon="-71.09355767257511615753173828125">
        <ele>3.7999999523162841796875</ele>
        <time>2026-04-24T19:16:24.000Z</time>
        <extensions>
          <ns3:TrackPointExtension>
            <ns3:hr>66</ns3:hr>
            <ns3:cad>0</ns3:cad>
          </ns3:TrackPointExtension>
        </extensions>
      </trkpt>
      <trkpt lat="42.3405748419463634490966796875" lon="-71.09355649910867214202880859375">
        <ele>3.7999999523162841796875</ele>
        <time>2026-04-24T19:16:25.000Z</time>
        <extensions>
          <ns3:TrackPointExtension>
            <ns3:hr>66</ns3:hr>
            <ns3:cad>0</ns3:cad>
          </ns3:TrackPointExtension>
        </extensions>
      </trkpt>
      <trkpt lat="42.3405748419463634490966796875" lon="-71.093555577099323272705078125">
        <ele>3.7999999523162841796875</ele>
        <time>2026-04-24T19:16:26.000Z</time>
        <extensions>
          <ns3:TrackPointExtension>
            <ns3:hr>66</ns3:hr>
            <ns3:cad>0</ns3:cad>
          </ns3:TrackPointExtension>
        </extensions>
      </trkpt>
      <trkpt lat="42.34057542867958545684814453125" lon="-71.09355431981384754180908203125">
        <ele>3.7999999523162841796875</ele>
        <time>2026-04-24T19:16:27.000Z</time>
        <extensions>
          <ns3:TrackPointExtension>
            <ns3:hr>66</ns3:hr>
            <ns3:cad>0</ns3:cad>
          </ns3:TrackPointExtension>
        </extensions>
      </trkpt>
    </trkseg>
  </trk>
</gpx>
