{"type":"FeatureCollection","features":[{"type":"Feature","properties":{"_gpxType":"trk","name":"Boston Running","type":"running","time":"2026-05-19T16:10:05.000Z","coordinateProperties":{"times":["2026-05-19T16:10:05.000Z","2026-05-19T16:10:06.000Z","2026-05-19T16:10:07.000Z","2026-05-19T16:10:08.000Z","2026-05-19T16:10:09.000Z","2026-05-19T16:10:10.000Z","2026-05-19T16:10:11.000Z","2026-05-19T16:10:12.000Z","2026-05-19T16:10:13.000Z","2026-05-19T16:10:14.000Z","2026-05-19T16:10:15.000Z","2026-05-19T16:10:16.000Z","2026-05-19T16:10:17.000Z","2026-05-19T16:10:18.000Z","2026-05-19T16:10:19.000Z","2026-05-19T16:10:20.000Z","2026-05-19T16:10:21.000Z","2026-05-19T16:10:22.000Z","2026-05-19T16:10:23.000Z","2026-05-19T16:10:24.000Z","2026-05-19T16:10:25.000Z","2026-05-19T16:10:26.000Z","2026-05-19T16:10:27.000Z","2026-05-19T16:10:28.000Z","2026-05-19T16:10:29.000Z","2026-05-19T16:10:30.000Z","2026-05-19T16:10:31.000Z","2026-05-19T16:10:32.000Z","2026-05-19T16:10:33.000Z","2026-05-19T16:10:34.000Z","2026-05-19T16:10:35.000Z","2026-05-19T16:10:36.000Z","2026-05-19T16:10:37.000Z","2026-05-19T16:10:38.000Z","2026-05-19T16:10:39.000Z","2026-05-19T16:10:40.000Z","2026-05-19T16:10:41.000Z","2026-05-19T16:10:42.000Z","2026-05-19T16:10:43.000Z","2026-05-19T16:10:44.000Z","2026-05-19T16:10:45.000Z","2026-05-19T16:10:46.000Z","2026-05-19T16:10:47.000Z","2026-05-19T16:10:48.000Z","2026-05-19T16:10:49.000Z","2026-05-19T16:10:50.000Z","2026-05-19T16:10:51.000Z","2026-05-19T16:10:52.000Z","2026-05-19T16:10:53.000Z","2026-05-19T16:10:54.000Z","2026-05-19T16:10:55.000Z","2026-05-19T16:10:56.000Z","2026-05-19T16:10:57.000Z","2026-05-19T16:10:58.000Z","2026-05-19T16:10:59.000Z","2026-05-19T16:11:00.000Z","2026-05-19T16:11:01.000Z","2026-05-19T16:11:02.000Z","2026-05-19T16:11:03.000Z","2026-05-19T16:11:04.000Z","2026-05-19T16:11:05.000Z","2026-05-19T16:11:06.000Z","2026-05-19T16:11:07.000Z","2026-05-19T16:11:08.000Z","2026-05-19T16:11:09.000Z","2026-05-19T16:11:10.000Z","2026-05-19T16:11:11.000Z","2026-05-19T16:11:12.000Z","2026-05-19T16:11:13.000Z","2026-05-19T16:11:14.000Z","2026-05-19T16:11:15.000Z","2026-05-19T16:11:16.000Z","2026-05-19T16:11:17.000Z","2026-05-19T16:11:18.000Z","2026-05-19T16:11:19.000Z","2026-05-19T16:11:20.000Z","2026-05-19T16:11:21.000Z","2026-05-19T16:11:22.000Z","2026-05-19T16:11:23.000Z","2026-05-19T16:11:24.000Z","2026-05-19T16:11:25.000Z","2026-05-19T16:11:26.000Z","2026-05-19T16:11:27.000Z","2026-05-19T16:11:28.000Z","2026-05-19T16:11:29.000Z","2026-05-19T16:11:30.000Z","2026-05-19T16:11:31.000Z","2026-05-19T16:11:32.000Z","2026-05-19T16:11:33.000Z","2026-05-19T16:11:34.000Z","2026-05-19T16:11:35.000Z","2026-05-19T16:11:36.000Z","2026-05-19T16:11:37.000Z","2026-05-19T16:11:38.000Z","2026-05-19T16:11:39.000Z","2026-05-19T16:11:40.000Z","2026-05-19T16:11:41.000Z","2026-05-19T16:11:42.000Z","2026-05-19T16:11:43.000Z","2026-05-19T16:11:44.000Z","2026-05-19T16:11:45.000Z","2026-05-19T16:11:46.000Z","2026-05-19T16:11:47.000Z","2026-05-19T16:11:48.000Z","2026-05-19T16:11:49.000Z","2026-05-19T16:11:50.000Z","2026-05-19T16:11:51.000Z","2026-05-19T16:11:52.000Z","2026-05-19T16:11:53.000Z","2026-05-19T16:11:54.000Z","2026-05-19T16:11:55.000Z","2026-05-19T16:11:56.000Z","2026-05-19T16:11:57.000Z","2026-05-19T16:11:58.000Z","2026-05-19T16:11:59.000Z","2026-05-19T16:12:00.000Z","2026-05-19T16:12:01.000Z","2026-05-19T16:12:02.000Z","2026-05-19T16:12:03.000Z","2026-05-19T16:12:04.000Z","2026-05-19T16:12:05.000Z","2026-05-19T16:12:06.000Z","2026-05-19T16:12:07.000Z","2026-05-19T16:12:08.000Z","2026-05-19T16:12:09.000Z","2026-05-19T16:12:10.000Z","2026-05-19T16:12:11.000Z","2026-05-19T16:12:12.000Z","2026-05-19T16:12:13.000Z","2026-05-19T16:12:14.000Z","2026-05-19T16:12:15.000Z","2026-05-19T16:12:16.000Z","2026-05-19T16:12:17.000Z","2026-05-19T16:12:18.000Z","2026-05-19T16:12:19.000Z","2026-05-19T16:12:20.000Z","2026-05-19T16:12:21.000Z","2026-05-19T16:12:22.000Z","2026-05-19T16:12:23.000Z","2026-05-19T16:12:24.000Z","2026-05-19T16:12:25.000Z","2026-05-19T16:12:26.000Z","2026-05-19T16:12:27.000Z","2026-05-19T16:12:28.000Z","2026-05-19T16:12:29.000Z","2026-05-19T16:12:30.000Z","2026-05-19T16:12:31.000Z","2026-05-19T16:12:32.000Z","2026-05-19T16:12:33.000Z","2026-05-19T16:12:34.000Z","2026-05-19T16:12:35.000Z","2026-05-19T16:12:36.000Z","2026-05-19T16:12:37.000Z","2026-05-19T16:12:38.000Z","2026-05-19T16:12:39.000Z","2026-05-19T16:12:40.000Z","2026-05-19T16:12:41.000Z","2026-05-19T16:12:42.000Z","2026-05-19T16:12:43.000Z","2026-05-19T16:12:44.000Z","2026-05-19T16:12:45.000Z","2026-05-19T16:12:46.000Z","2026-05-19T16:12:47.000Z","2026-05-19T16:12:48.000Z","2026-05-19T16:12:49.000Z","2026-05-19T16:12:50.000Z","2026-05-19T16:12:51.000Z","2026-05-19T16:12:52.000Z","2026-05-19T16:12:53.000Z","2026-05-19T16:12:54.000Z","2026-05-19T16:12:55.000Z","2026-05-19T16:12:56.000Z","2026-05-19T16:12:57.000Z","2026-05-19T16:12:58.000Z","2026-05-19T16:12:59.000Z","2026-05-19T16:13:00.000Z","2026-05-19T16:13:01.000Z","2026-05-19T16:13:02.000Z","2026-05-19T16:13:03.000Z","2026-05-19T16:13:04.000Z","2026-05-19T16:13:05.000Z","2026-05-19T16:13:06.000Z","2026-05-19T16:13:07.000Z","2026-05-19T16:13:08.000Z","2026-05-19T16:13:09.000Z","2026-05-19T16:13:10.000Z","2026-05-19T16:13:11.000Z","2026-05-19T16:13:12.000Z","2026-05-19T16:13:13.000Z","2026-05-19T16:13:14.000Z","2026-05-19T16:13:15.000Z","2026-05-19T16:13:16.000Z","2026-05-19T16:13:17.000Z","2026-05-19T16:13:18.000Z","2026-05-19T16:13:19.000Z","2026-05-19T16:13:20.000Z","2026-05-19T16:13:21.000Z","2026-05-19T16:13:22.000Z","2026-05-19T16:13:23.000Z","2026-05-19T16:13:24.000Z","2026-05-19T16:13:25.000Z","2026-05-19T16:13:26.000Z","2026-05-19T16:13:27.000Z","2026-05-19T16:13:28.000Z","2026-05-19T16:13:29.000Z","2026-05-19T16:13:30.000Z","2026-05-19T16:13:31.000Z","2026-05-19T16:13:32.000Z","2026-05-19T16:13:33.000Z","2026-05-19T16:13:34.000Z","2026-05-19T16:13:35.000Z","2026-05-19T16:13:36.000Z","2026-05-19T16:13:37.000Z","2026-05-19T16:13:38.000Z","2026-05-19T16:13:39.000Z","2026-05-19T16:13:40.000Z","2026-05-19T16:13:41.000Z","2026-05-19T16:13:42.000Z","2026-05-19T16:13:43.000Z","2026-05-19T16:13:44.000Z","2026-05-19T16:13:45.000Z","2026-05-19T16:13:46.000Z","2026-05-19T16:13:47.000Z","2026-05-19T16:13:48.000Z","2026-05-19T16:13:49.000Z","2026-05-19T16:13:50.000Z","2026-05-19T16:13:51.000Z","2026-05-19T16:13:52.000Z","2026-05-19T16:13:53.000Z","2026-05-19T16:13:54.000Z","2026-05-19T16:13:55.000Z","2026-05-19T16:13:56.000Z","2026-05-19T16:13:57.000Z","2026-05-19T16:13:58.000Z","2026-05-19T16:13:59.000Z","2026-05-19T16:14:00.000Z","2026-05-19T16:14:01.000Z","2026-05-19T16:14:02.000Z","2026-05-19T16:14:03.000Z","2026-05-19T16:14:04.000Z","2026-05-19T16:14:05.000Z","2026-05-19T16:14:06.000Z","2026-05-19T16:14:07.000Z","2026-05-19T16:14:08.000Z","2026-05-19T16:14:09.000Z","2026-05-19T16:14:10.000Z","2026-05-19T16:14:11.000Z","2026-05-19T16:14:12.000Z","2026-05-19T16:14:13.000Z","2026-05-19T16:14:14.000Z","2026-05-19T16:14:15.000Z","2026-05-19T16:14:16.000Z","2026-05-19T16:14:17.000Z","2026-05-19T16:14:18.000Z","2026-05-19T16:14:19.000Z","2026-05-19T16:14:20.000Z","2026-05-19T16:14:21.000Z","2026-05-19T16:14:22.000Z","2026-05-19T16:14:23.000Z","2026-05-19T16:14:24.000Z","2026-05-19T16:14:25.000Z","2026-05-19T16:14:26.000Z","2026-05-19T16:14:27.000Z","2026-05-19T16:14:28.000Z","2026-05-19T16:14:29.000Z","2026-05-19T16:14:30.000Z","2026-05-19T16:14:31.000Z","2026-05-19T16:14:32.000Z","2026-05-19T16:14:33.000Z","2026-05-19T16:14:34.000Z","2026-05-19T16:14:35.000Z","2026-05-19T16:14:36.000Z","2026-05-19T16:14:37.000Z","2026-05-19T16:14:38.000Z","2026-05-19T16:14:39.000Z","2026-05-19T16:14:40.000Z","2026-05-19T16:14:41.000Z","2026-05-19T16:14:42.000Z","2026-05-19T16:14:43.000Z","2026-05-19T16:14:44.000Z","2026-05-19T16:14:45.000Z","2026-05-19T16:14:46.000Z","2026-05-19T16:14:47.000Z","2026-05-19T16:14:48.000Z","2026-05-19T16:14:49.000Z","2026-05-19T16:14:50.000Z","2026-05-19T16:14:51.000Z","2026-05-19T16:14:52.000Z","2026-05-19T16:14:53.000Z","2026-05-19T16:14:54.000Z","2026-05-19T16:14:55.000Z","2026-05-19T16:14:56.000Z","2026-05-19T16:14:57.000Z","2026-05-19T16:14:58.000Z","2026-05-19T16:14:59.000Z","2026-05-19T16:15:00.000Z","2026-05-19T16:15:01.000Z","2026-05-19T16:15:02.000Z","2026-05-19T16:15:03.000Z","2026-05-19T16:15:04.000Z","2026-05-19T16:15:05.000Z","2026-05-19T16:15:06.000Z","2026-05-19T16:15:07.000Z","2026-05-19T16:15:08.000Z","2026-05-19T16:15:09.000Z","2026-05-19T16:15:10.000Z","2026-05-19T16:15:11.000Z","2026-05-19T16:15:12.000Z","2026-05-19T16:15:13.000Z","2026-05-19T16:15:14.000Z","2026-05-19T16:15:15.000Z","2026-05-19T16:15:16.000Z","2026-05-19T16:15:17.000Z","2026-05-19T16:15:18.000Z","2026-05-19T16:15:19.000Z","2026-05-19T16:15:20.000Z","2026-05-19T16:15:21.000Z","2026-05-19T16:15:22.000Z","2026-05-19T16:15:23.000Z","2026-05-19T16:15:24.000Z","2026-05-19T16:15:25.000Z","2026-05-19T16:15:26.000Z","2026-05-19T16:15:27.000Z","2026-05-19T16:15:28.000Z","2026-05-19T16:15:29.000Z","2026-05-19T16:15:30.000Z","2026-05-19T16:15:31.000Z","2026-05-19T16:15:32.000Z","2026-05-19T16:15:33.000Z","2026-05-19T16:15:34.000Z","2026-05-19T16:15:35.000Z","2026-05-19T16:15:36.000Z","2026-05-19T16:15:37.000Z","2026-05-19T16:15:38.000Z","2026-05-19T16:15:39.000Z","2026-05-19T16:15:40.000Z","2026-05-19T16:15:41.000Z","2026-05-19T16:15:42.000Z","2026-05-19T16:15:43.000Z","2026-05-19T16:15:44.000Z","2026-05-19T16:15:45.000Z","2026-05-19T16:15:46.000Z","2026-05-19T16:15:47.000Z","2026-05-19T16:15:48.000Z","2026-05-19T16:15:49.000Z","2026-05-19T16:15:50.000Z","2026-05-19T16:15:51.000Z","2026-05-19T16:15:52.000Z","2026-05-19T16:15:53.000Z","2026-05-19T16:15:54.000Z","2026-05-19T16:15:55.000Z","2026-05-19T16:15:56.000Z","2026-05-19T16:15:57.000Z","2026-05-19T16:15:58.000Z","2026-05-19T16:15:59.000Z","2026-05-19T16:16:00.000Z","2026-05-19T16:16:01.000Z","2026-05-19T16:16:02.000Z","2026-05-19T16:16:03.000Z","2026-05-19T16:16:04.000Z","2026-05-19T16:16:05.000Z","2026-05-19T16:16:06.000Z","2026-05-19T16:16:07.000Z","2026-05-19T16:16:08.000Z","2026-05-19T16:16:09.000Z","2026-05-19T16:16:10.000Z","2026-05-19T16:16:11.000Z","2026-05-19T16:16:12.000Z","2026-05-19T16:16:13.000Z","2026-05-19T16:16:14.000Z","2026-05-19T16:16:15.000Z","2026-05-19T16:16:16.000Z","2026-05-19T16:16:17.000Z","2026-05-19T16:16:18.000Z","2026-05-19T16:16:19.000Z","2026-05-19T16:16:20.000Z","2026-05-19T16:16:21.000Z","2026-05-19T16:16:22.000Z","2026-05-19T16:16:23.000Z","2026-05-19T16:16:24.000Z","2026-05-19T16:16:25.000Z","2026-05-19T16:16:26.000Z","2026-05-19T16:16:27.000Z","2026-05-19T16:16:28.000Z","2026-05-19T16:16:29.000Z","2026-05-19T16:16:30.000Z","2026-05-19T16:16:31.000Z","2026-05-19T16:16:32.000Z","2026-05-19T16:16:33.000Z","2026-05-19T16:16:34.000Z","2026-05-19T16:16:35.000Z","2026-05-19T16:16:36.000Z","2026-05-19T16:16:37.000Z","2026-05-19T16:16:38.000Z","2026-05-19T16:16:39.000Z","2026-05-19T16:16:40.000Z","2026-05-19T16:16:41.000Z"],"ns3:TrackPointExtensions":[83,82,82,82,83,83,83,83,83,83,83,83,83,83,83,83,83,84,84,84,84,83,83,83,83,83,83,83,83,83,83,82,82,82,82,82,82,82,82,82,82,82,82,83,84,85,87,88,88,88,88,88,88,87,88,89,89,90,90,91,91,92,92,92,92,93,93,94,94,94,94,94,95,95,95,95,95,95,95,95,95,95,95,95,95,95,95,94,94,93,92,91,91,91,90,90,89,89,89,89,88,88,87,86,86,86,86,86,86,86,85,85,85,85,84,84,84,83,83,83,82,82,81,81,80,79,79,78,78,77,77,77,77,77,77,77,77,77,77,77,77,77,77,77,78,78,79,79,80,80,81,81,80,80,79,79,79,79,80,82,83,85,86,87,87,88,88,88,88,89,89,89,89,89,90,90,91,91,91,92,92,92,91,91,89,89,90,91,91,93,94,96,96,97,97,97,97,96,96,97,96,97,97,98,97,98,98,98,98,98,98,98,98,98,98,98,97,97,97,97,96,94,92,91,90,90,90,91,90,90,90,91,91,91,91,91,91,91,91,90,90,90,91,91,91,91,91,91,91,91,92,92,92,92,92,92,94,94,95,95,95,95,95,95,95,95,94,94,94,93,93,92,91,91,90,90,89,89,89,89,89,89,89,89,88,88,87,87,87,87,86,86,86,86,86,86,86,85,85,85,85,85,85,85,85,85,85,85,84,84,84,82,81,81,82,83,83,83,83,83,83,83,83,83,83,85,86,87,87,86,86,86,86,86,86,86,86,86,85,86,86,86,85,85,85,84,84,84,84,84,84,84,84,84,84,84,85,85,85,86,88,90,90,91,92,92,92,92,92,92,92,92,92,92,92,91,91,90,89,88,87,86,86,86,85,85,85,85,85,85,85,85,85,85,85,86,87]},"stroke-width":4,"stroke-opacity":1,"stroke":"rgba(255, 0, 0, 1)"},"geometry":{"type":"LineString","coordinates":[[-71.093726,42.341086,6.2],[-71.093724,42.341089,6.2],[-71.09371,42.341093,6],[-71.09371,42.341093,6],[-71.093699,42.341097,6],[-71.093685,42.341101,6],[-71.093675,42.341104,6],[-71.093663,42.341112,6.2],[-71.093653,42.341114,6.2],[-71.093644,42.341121,6.2],[-71.093632,42.341127,6.2],[-71.093619,42.341133,6.2],[-71.093607,42.341142,6.2],[-71.093592,42.341149,6.2],[-71.093578,42.341155,6.2],[-71.093563,42.341161,6.2],[-71.09355,42.341168,6.2],[-71.093536,42.341173,6.2],[-71.093524,42.341181,6.2],[-71.093512,42.341189,6],[-71.093501,42.341194,6],[-71.093489,42.3412,6],[-71.093478,42.341207,6],[-71.093468,42.341214,6],[-71.093454,42.341217,6.2],[-71.093442,42.341222,6.2],[-71.093431,42.341228,6.2],[-71.093421,42.341234,6.2],[-71.09341,42.341242,6.2],[-71.093397,42.341251,6.2],[-71.093381,42.341256,6.4],[-71.093369,42.341262,6.4],[-71.093357,42.341268,6.4],[-71.093345,42.341273,6.4],[-71.093333,42.34128,6.4],[-71.09332,42.341285,6.6],[-71.093305,42.341288,6.6],[-71.09329,42.341293,6.6],[-71.093275,42.3413,6.6],[-71.093259,42.341301,6.6],[-71.093246,42.341305,6.6],[-71.093232,42.341308,6.6],[-71.09322,42.341315,6.6],[-71.093204,42.341323,6.6],[-71.093189,42.341328,6.6],[-71.093175,42.341331,6.6],[-71.093161,42.341339,6.6],[-71.093148,42.341347,6.8],[-71.093136,42.341355,6.8],[-71.093122,42.34136,6.8],[-71.093104,42.341364,7],[-71.093091,42.341369,7],[-71.093077,42.341374,7],[-71.093063,42.341377,7.2],[-71.093051,42.341384,7.2],[-71.093037,42.341392,7.2],[-71.093007,42.341408,7.2],[-71.093007,42.341408,7.4],[-71.092994,42.341418,7.4],[-71.09298,42.341422,7.4],[-71.092966,42.341425,7.6],[-71.092954,42.341429,7.6],[-71.092939,42.341437,7.6],[-71.092924,42.341444,7.8],[-71.09291,42.341446,7.8],[-71.092894,42.341443,7.8],[-71.092878,42.341443,7.8],[-71.092866,42.341449,8],[-71.09285,42.341454,8],[-71.092835,42.341459,8],[-71.092821,42.341463,8],[-71.092806,42.341466,8],[-71.092793,42.341468,8],[-71.092779,42.341472,8],[-71.092765,42.341478,8],[-71.092751,42.341485,8],[-71.092738,42.34149,8],[-71.092728,42.341495,8],[-71.092713,42.341499,8],[-71.092702,42.341502,8],[-71.092689,42.341507,8],[-71.092677,42.341512,7.8],[-71.092665,42.341517,7.8],[-71.092652,42.341522,7.8],[-71.09264,42.341529,7.6],[-71.092628,42.341536,7.6],[-71.092617,42.341542,7.6],[-71.092607,42.341546,7.6],[-71.092596,42.341552,7.6],[-71.092587,42.341558,7.4],[-71.092578,42.341565,7.4],[-71.09257,42.341575,7.4],[-71.092564,42.341585,7.4],[-71.092555,42.341593,7.4],[-71.092541,42.3416,7.2],[-71.092525,42.341607,7.2],[-71.092511,42.341615,7.2],[-71.0925,42.341621,7.2],[-71.092494,42.341628,7.2],[-71.092485,42.341634,7.2],[-71.092475,42.341639,7.2],[-71.09247,42.341649,7],[-71.092469,42.341658,7],[-71.092472,42.341663,7],[-71.092472,42.341671,6.8],[-71.092474,42.341681,6.8],[-71.092474,42.341692,6.8],[-71.092474,42.341709,6.8],[-71.092471,42.341722,6.8],[-71.092467,42.341735,6.6],[-71.092462,42.341745,6.6],[-71.092456,42.341756,6.4],[-71.09245,42.341765,6.4],[-71.092442,42.341776,6.4],[-71.092431,42.341789,6.2],[-71.092423,42.3418,6],[-71.092414,42.341811,6],[-71.092407,42.34182,6],[-71.0924,42.341831,6],[-71.092392,42.34184,6],[-71.092385,42.34185,6],[-71.092382,42.341861,5.8],[-71.09238,42.341873,5.8],[-71.092378,42.341885,5.8],[-71.092373,42.341897,5.8],[-71.092362,42.341909,5.8],[-71.092349,42.341917,5.8],[-71.092335,42.341924,5.8],[-71.092322,42.341932,5.8],[-71.092312,42.341943,5.6],[-71.092303,42.341953,5.6],[-71.092293,42.341964,5.6],[-71.092281,42.341972,5.4],[-71.092271,42.341981,5.4],[-71.092259,42.341991,5.4],[-71.092249,42.342001,5.2],[-71.092241,42.342011,5.2],[-71.092228,42.34202,5.2],[-71.092214,42.342028,5],[-71.092203,42.342036,5],[-71.092193,42.342046,5],[-71.092182,42.342056,4.8],[-71.092169,42.342066,4.8],[-71.092155,42.342076,4.8],[-71.092133,42.342094,4.8],[-71.092133,42.342094,4.8],[-71.092116,42.342098,4.8],[-71.092103,42.342099,4.8],[-71.092089,42.342092,4.8],[-71.092076,42.342085,4.6],[-71.092066,42.342078,4.6],[-71.092058,42.342066,4.6],[-71.092055,42.342055,4.6],[-71.092054,42.342044,4.6],[-71.092055,42.342032,4.6],[-71.092056,42.34202,4.6],[-71.092057,42.342008,4.6],[-71.092056,42.341996,4.6],[-71.092058,42.341983,4.6],[-71.092058,42.341968,4.6],[-71.09206,42.341956,4.8],[-71.092061,42.341944,4.8],[-71.092066,42.341933,5],[-71.092071,42.341922,5.4],[-71.092074,42.341908,5.8],[-71.092074,42.341894,5.8],[-71.092074,42.341881,6],[-71.092078,42.34187,6.2],[-71.092082,42.341859,6.4],[-71.092089,42.341846,6.4],[-71.092092,42.341836,6.6],[-71.092095,42.341826,6.6],[-71.092098,42.341817,6.6],[-71.092097,42.341807,6.6],[-71.092097,42.341797,6.8],[-71.092101,42.341785,6.8],[-71.092106,42.341762,6.8],[-71.092106,42.341762,6.8],[-71.092111,42.341747,6.8],[-71.092115,42.341735,6.6],[-71.09212,42.34172,6.6],[-71.092126,42.341704,6.6],[-71.092129,42.341692,6.6],[-71.092133,42.341679,6.6],[-71.092138,42.341667,6.6],[-71.092145,42.341657,6.6],[-71.092153,42.341645,6.6],[-71.09216,42.341633,6.6],[-71.092168,42.341621,6.6],[-71.092176,42.341609,6.6],[-71.092182,42.341599,6.8],[-71.092186,42.34159,6.8],[-71.092189,42.34158,6.8],[-71.092191,42.34157,7.2],[-71.092197,42.341559,7.4],[-71.092205,42.34155,7.4],[-71.09221,42.341539,7.6],[-71.092212,42.341528,7.6],[-71.09221,42.341519,7.6],[-71.092209,42.34151,7.6],[-71.092202,42.341501,7.6],[-71.092192,42.341494,7.6],[-71.092185,42.341488,7.6],[-71.092176,42.341479,7.6],[-71.092167,42.34147,7.6],[-71.092157,42.341462,7.6],[-71.092148,42.341454,7.6],[-71.092139,42.341445,7.4],[-71.092128,42.341439,7.4],[-71.092113,42.341432,7.4],[-71.092097,42.341427,7.4],[-71.092082,42.341422,7.2],[-71.092069,42.341418,7.2],[-71.092057,42.341413,7.2],[-71.092044,42.341408,7.2],[-71.092032,42.341403,7.4],[-71.092025,42.341398,7.4],[-71.092017,42.341392,7.4],[-71.092012,42.341386,7.4],[-71.09201,42.341378,7.4],[-71.09201,42.341372,7.4],[-71.092012,42.341363,7.4],[-71.092007,42.341355,7.4],[-71.092005,42.341348,7.4],[-71.091995,42.341337,7.6],[-71.091988,42.341327,7.6],[-71.09198,42.341315,7.6],[-71.091972,42.341304,7.6],[-71.091961,42.341296,7.6],[-71.091945,42.341283,7.6],[-71.091932,42.341273,7.6],[-71.091924,42.341263,7.8],[-71.091913,42.34125,7.8],[-71.091902,42.34124,7.8],[-71.091889,42.341231,8],[-71.091876,42.341222,8],[-71.091864,42.34122,8.2],[-71.091848,42.341218,8.2],[-71.091833,42.341213,8.2],[-71.09182,42.34121,8.4],[-71.091814,42.341204,8.4],[-71.091804,42.341197,8.4],[-71.091789,42.341196,8.4],[-71.091775,42.341193,8.4],[-71.091762,42.341191,8.4],[-71.091748,42.341191,8.4],[-71.091737,42.341187,8.4],[-71.091725,42.341185,8.2],[-71.091713,42.341185,8.2],[-71.091697,42.341185,8.2],[-71.091685,42.341188,8.2],[-71.091675,42.341188,8.2],[-71.091666,42.341189,8.2],[-71.091658,42.341191,8.2],[-71.091654,42.341198,8.2],[-71.091642,42.341202,8.2],[-71.091632,42.341204,8.2],[-71.091621,42.341204,8],[-71.091609,42.341205,8],[-71.091597,42.341195,8],[-71.091583,42.341192,8],[-71.091568,42.341184,8],[-71.09155,42.341175,7.8],[-71.091541,42.341167,7.8],[-71.091529,42.341158,7.8],[-71.091519,42.341151,7.8],[-71.091509,42.341146,7.8],[-71.091494,42.341138,7.8],[-71.091484,42.341128,7.8],[-71.091474,42.341115,7.8],[-71.09147,42.341102,7.8],[-71.091458,42.341095,7.8],[-71.091443,42.341086,7.8],[-71.09142,42.341077,7.8],[-71.091402,42.341067,7.8],[-71.091378,42.341062,7.8],[-71.09136,42.341055,7.8],[-71.09135,42.341047,7.8],[-71.091343,42.341037,7.8],[-71.091334,42.341024,7.8],[-71.091325,42.341014,7.8],[-71.091317,42.341007,7.8],[-71.091306,42.340999,7.8],[-71.091291,42.340996,7.8],[-71.091277,42.34099,7.8],[-71.091263,42.340987,7.6],[-71.091248,42.340982,7.6],[-71.091233,42.340977,7.6],[-71.091215,42.340973,7.6],[-71.0912,42.340966,7.6],[-71.091187,42.340961,7.6],[-71.091177,42.340951,7.6],[-71.091165,42.340942,7.6],[-71.091152,42.340937,7.8],[-71.091137,42.340935,7.8],[-71.091123,42.340932,7.8],[-71.091114,42.340917,7.8],[-71.091106,42.340905,7.8],[-71.091096,42.340895,7.8],[-71.091088,42.340882,7.8],[-71.091082,42.34087,7.8],[-71.091075,42.340857,7.6],[-71.09107,42.340842,7.6],[-71.091067,42.340825,7.6],[-71.091065,42.34081,7.6],[-71.091063,42.340796,7.6],[-71.091059,42.340784,7.6],[-71.091058,42.340768,7.6],[-71.091057,42.340756,7.6],[-71.091055,42.340746,7.6],[-71.091049,42.340733,7.6],[-71.091043,42.340721,7.6],[-71.091034,42.34071,7.6],[-71.091027,42.340694,7.6],[-71.091019,42.340678,7.6],[-71.091014,42.340663,7.6],[-71.091008,42.340651,7.6],[-71.091002,42.340638,7.6],[-71.090995,42.340625,7.6],[-71.09099,42.340612,7.6],[-71.090983,42.340598,7.6],[-71.090978,42.340589,7.6],[-71.090974,42.34058,7.6],[-71.090966,42.340571,7.6],[-71.090955,42.340563,7.6],[-71.090945,42.340555,7.6],[-71.090938,42.340546,7.6],[-71.090931,42.340537,7.6],[-71.090924,42.340526,7.8],[-71.090914,42.340517,7.8],[-71.090901,42.340506,7.8],[-71.09089,42.340491,7.8],[-71.090883,42.340476,7.8],[-71.090879,42.340463,7.8],[-71.090876,42.340454,7.8],[-71.090868,42.340445,8],[-71.090846,42.34043,8.2],[-71.090846,42.34043,8.4],[-71.09084,42.34042,8.4],[-71.090837,42.34041,8.4],[-71.090834,42.340398,8.4],[-71.090831,42.340386,8.4],[-71.090826,42.340377,8.4],[-71.090821,42.340369,8.4],[-71.090811,42.340364,8.2],[-71.090804,42.340355,8.2],[-71.090804,42.340345,8],[-71.090798,42.340336,7.8],[-71.090789,42.340324,7.8],[-71.090782,42.340311,7.8],[-71.090778,42.340298,7.6],[-71.090769,42.340289,7.6],[-71.090762,42.340282,7.6],[-71.090757,42.340272,7.6],[-71.090757,42.340263,7.4],[-71.090758,42.340253,7.4],[-71.090756,42.340241,7.4],[-71.090753,42.340233,7.4],[-71.090753,42.340223,7.4],[-71.090747,42.340214,7.6],[-71.090739,42.340204,7.6],[-71.090732,42.340189,7.6],[-71.090726,42.340175,7.6],[-71.090722,42.340163,7.6],[-71.09072,42.340149,7.6],[-71.090723,42.340136,7.6],[-71.09072,42.340124,7.6],[-71.090715,42.340114,7.6],[-71.090711,42.340102,7.6],[-71.090708,42.340089,7.6],[-71.090707,42.340074,7.6],[-71.090707,42.340061,7.6],[-71.090707,42.340054,7.6],[-71.090695,42.340047,7.6],[-71.090681,42.340038,7.6],[-71.090672,42.34003,7.6],[-71.090657,42.340024,7.6],[-71.090649,42.340022,7.6],[-71.090632,42.340023,7.8],[-71.090621,42.340024,7.8],[-71.09061,42.340024,7.8],[-71.090599,42.340018,7.8],[-71.090591,42.340014,7.8],[-71.090583,42.340011,7.8],[-71.090577,42.340009,7.8],[-71.090564,42.340006,7.8],[-71.090552,42.340003,7.8],[-71.090541,42.340002,7.8],[-71.090526,42.339998,7.8],[-71.090512,42.339994,8],[-71.090499,42.339994,8],[-71.090488,42.339995,8],[-71.090478,42.339993,8],[-71.090467,42.339994,8],[-71.090458,42.339999,8],[-71.090449,42.340004,8],[-71.09044,42.340004,8]]},"bbox":[-71.093726,42.339993,-71.09044,42.342099]},{"type":"Feature","properties":{"_gpxType":"trk","name":"Boston Running","type":"running","time":"2026-05-19T15:59:03.000Z","coordinateProperties":{"times":["2026-05-19T15:59:03.000Z","2026-05-19T15:59:04.000Z","2026-05-19T15:59:05.000Z","2026-05-19T15:59:06.000Z","2026-05-19T15:59:07.000Z","2026-05-19T15:59:08.000Z","2026-05-19T15:59:09.000Z","2026-05-19T15:59:10.000Z","2026-05-19T15:59:11.000Z","2026-05-19T15:59:12.000Z","2026-05-19T15:59:13.000Z","2026-05-19T15:59:14.000Z","2026-05-19T15:59:15.000Z","2026-05-19T15:59:16.000Z","2026-05-19T15:59:17.000Z","2026-05-19T15:59:18.000Z","2026-05-19T15:59:19.000Z","2026-05-19T15:59:20.000Z","2026-05-19T15:59:21.000Z","2026-05-19T15:59:22.000Z","2026-05-19T15:59:23.000Z","2026-05-19T15:59:24.000Z","2026-05-19T15:59:25.000Z","2026-05-19T15:59:26.000Z","2026-05-19T15:59:27.000Z","2026-05-19T15:59:28.000Z","2026-05-19T15:59:29.000Z","2026-05-19T15:59:30.000Z","2026-05-19T15:59:31.000Z","2026-05-19T15:59:32.000Z","2026-05-19T15:59:33.000Z","2026-05-19T15:59:34.000Z","2026-05-19T15:59:35.000Z","2026-05-19T15:59:36.000Z","2026-05-19T15:59:37.000Z","2026-05-19T15:59:38.000Z","2026-05-19T15:59:39.000Z","2026-05-19T15:59:40.000Z","2026-05-19T15:59:41.000Z","2026-05-19T15:59:42.000Z","2026-05-19T15:59:43.000Z","2026-05-19T15:59:44.000Z","2026-05-19T15:59:45.000Z","2026-05-19T15:59:46.000Z","2026-05-19T15:59:47.000Z","2026-05-19T15:59:48.000Z","2026-05-19T15:59:49.000Z","2026-05-19T15:59:50.000Z","2026-05-19T15:59:51.000Z","2026-05-19T15:59:52.000Z","2026-05-19T15:59:53.000Z","2026-05-19T15:59:54.000Z","2026-05-19T15:59:55.000Z","2026-05-19T15:59:56.000Z","2026-05-19T15:59:57.000Z","2026-05-19T15:59:58.000Z","2026-05-19T15:59:59.000Z","2026-05-19T16:00:00.000Z","2026-05-19T16:00:01.000Z","2026-05-19T16:00:02.000Z","2026-05-19T16:00:03.000Z","2026-05-19T16:00:04.000Z","2026-05-19T16:00:05.000Z","2026-05-19T16:00:06.000Z","2026-05-19T16:00:07.000Z","2026-05-19T16:00:08.000Z","2026-05-19T16:00:09.000Z","2026-05-19T16:00:10.000Z","2026-05-19T16:00:11.000Z","2026-05-19T16:00:12.000Z","2026-05-19T16:00:13.000Z","2026-05-19T16:00:14.000Z","2026-05-19T16:00:15.000Z","2026-05-19T16:00:16.000Z","2026-05-19T16:00:17.000Z","2026-05-19T16:00:18.000Z","2026-05-19T16:00:19.000Z","2026-05-19T16:00:20.000Z","2026-05-19T16:00:21.000Z","2026-05-19T16:00:22.000Z","2026-05-19T16:00:23.000Z","2026-05-19T16:00:24.000Z","2026-05-19T16:00:25.000Z","2026-05-19T16:00:26.000Z","2026-05-19T16:00:27.000Z","2026-05-19T16:00:28.000Z","2026-05-19T16:00:29.000Z","2026-05-19T16:00:30.000Z","2026-05-19T16:00:31.000Z","2026-05-19T16:00:32.000Z","2026-05-19T16:00:33.000Z","2026-05-19T16:00:34.000Z","2026-05-19T16:00:35.000Z","2026-05-19T16:00:36.000Z","2026-05-19T16:00:37.000Z","2026-05-19T16:00:38.000Z","2026-05-19T16:00:39.000Z","2026-05-19T16:00:40.000Z","2026-05-19T16:00:41.000Z","2026-05-19T16:00:42.000Z","2026-05-19T16:00:43.000Z","2026-05-19T16:00:44.000Z","2026-05-19T16:00:45.000Z","2026-05-19T16:00:46.000Z","2026-05-19T16:00:47.000Z","2026-05-19T16:00:48.000Z","2026-05-19T16:00:49.000Z","2026-05-19T16:00:50.000Z","2026-05-19T16:00:51.000Z","2026-05-19T16:00:52.000Z","2026-05-19T16:00:53.000Z","2026-05-19T16:00:54.000Z","2026-05-19T16:00:55.000Z","2026-05-19T16:00:56.000Z","2026-05-19T16:00:57.000Z","2026-05-19T16:00:58.000Z","2026-05-19T16:00:59.000Z","2026-05-19T16:01:00.000Z","2026-05-19T16:01:01.000Z","2026-05-19T16:01:02.000Z","2026-05-19T16:01:03.000Z","2026-05-19T16:01:04.000Z","2026-05-19T16:01:05.000Z","2026-05-19T16:01:06.000Z","2026-05-19T16:01:07.000Z","2026-05-19T16:01:08.000Z","2026-05-19T16:01:09.000Z","2026-05-19T16:01:10.000Z","2026-05-19T16:01:11.000Z","2026-05-19T16:01:12.000Z","2026-05-19T16:01:13.000Z","2026-05-19T16:01:14.000Z","2026-05-19T16:01:15.000Z","2026-05-19T16:01:16.000Z","2026-05-19T16:01:17.000Z","2026-05-19T16:01:18.000Z","2026-05-19T16:01:19.000Z","2026-05-19T16:01:20.000Z","2026-05-19T16:01:21.000Z","2026-05-19T16:01:22.000Z","2026-05-19T16:01:23.000Z","2026-05-19T16:01:24.000Z","2026-05-19T16:01:25.000Z","2026-05-19T16:01:26.000Z","2026-05-19T16:01:27.000Z","2026-05-19T16:01:28.000Z","2026-05-19T16:01:29.000Z","2026-05-19T16:01:30.000Z","2026-05-19T16:01:31.000Z","2026-05-19T16:01:32.000Z","2026-05-19T16:01:33.000Z","2026-05-19T16:01:34.000Z","2026-05-19T16:01:35.000Z","2026-05-19T16:01:36.000Z","2026-05-19T16:01:37.000Z","2026-05-19T16:01:38.000Z","2026-05-19T16:01:39.000Z","2026-05-19T16:01:40.000Z","2026-05-19T16:01:41.000Z","2026-05-19T16:01:42.000Z","2026-05-19T16:01:43.000Z","2026-05-19T16:01:44.000Z","2026-05-19T16:01:45.000Z","2026-05-19T16:01:46.000Z","2026-05-19T16:01:47.000Z","2026-05-19T16:01:48.000Z","2026-05-19T16:01:49.000Z","2026-05-19T16:01:50.000Z","2026-05-19T16:01:51.000Z","2026-05-19T16:01:52.000Z","2026-05-19T16:01:53.000Z","2026-05-19T16:01:54.000Z","2026-05-19T16:01:55.000Z","2026-05-19T16:01:56.000Z","2026-05-19T16:01:57.000Z","2026-05-19T16:01:58.000Z","2026-05-19T16:01:59.000Z","2026-05-19T16:02:00.000Z","2026-05-19T16:02:01.000Z","2026-05-19T16:02:02.000Z","2026-05-19T16:02:03.000Z","2026-05-19T16:02:04.000Z","2026-05-19T16:02:05.000Z","2026-05-19T16:02:06.000Z","2026-05-19T16:02:07.000Z","2026-05-19T16:02:08.000Z","2026-05-19T16:02:09.000Z","2026-05-19T16:02:10.000Z","2026-05-19T16:02:11.000Z","2026-05-19T16:02:12.000Z","2026-05-19T16:02:13.000Z","2026-05-19T16:02:14.000Z","2026-05-19T16:02:15.000Z","2026-05-19T16:02:16.000Z","2026-05-19T16:02:17.000Z","2026-05-19T16:02:18.000Z","2026-05-19T16:02:19.000Z","2026-05-19T16:02:20.000Z","2026-05-19T16:02:21.000Z","2026-05-19T16:02:22.000Z","2026-05-19T16:02:23.000Z","2026-05-19T16:02:24.000Z","2026-05-19T16:02:25.000Z","2026-05-19T16:02:26.000Z","2026-05-19T16:02:27.000Z","2026-05-19T16:02:28.000Z","2026-05-19T16:02:29.000Z","2026-05-19T16:02:30.000Z","2026-05-19T16:02:31.000Z","2026-05-19T16:02:32.000Z","2026-05-19T16:02:33.000Z","2026-05-19T16:02:34.000Z","2026-05-19T16:02:35.000Z","2026-05-19T16:02:36.000Z","2026-05-19T16:02:37.000Z","2026-05-19T16:02:38.000Z","2026-05-19T16:02:39.000Z","2026-05-19T16:02:40.000Z","2026-05-19T16:02:41.000Z","2026-05-19T16:02:42.000Z","2026-05-19T16:02:43.000Z","2026-05-19T16:02:44.000Z","2026-05-19T16:02:45.000Z","2026-05-19T16:02:46.000Z","2026-05-19T16:02:47.000Z","2026-05-19T16:02:48.000Z","2026-05-19T16:02:49.000Z","2026-05-19T16:02:50.000Z","2026-05-19T16:02:51.000Z","2026-05-19T16:02:52.000Z","2026-05-19T16:02:53.000Z","2026-05-19T16:02:54.000Z","2026-05-19T16:02:55.000Z","2026-05-19T16:02:56.000Z","2026-05-19T16:02:57.000Z","2026-05-19T16:02:58.000Z","2026-05-19T16:02:59.000Z","2026-05-19T16:03:00.000Z","2026-05-19T16:03:01.000Z","2026-05-19T16:03:02.000Z","2026-05-19T16:03:03.000Z","2026-05-19T16:03:04.000Z","2026-05-19T16:03:05.000Z","2026-05-19T16:03:06.000Z","2026-05-19T16:03:07.000Z","2026-05-19T16:03:08.000Z","2026-05-19T16:03:09.000Z","2026-05-19T16:03:10.000Z","2026-05-19T16:03:11.000Z","2026-05-19T16:03:12.000Z","2026-05-19T16:03:13.000Z","2026-05-19T16:03:14.000Z","2026-05-19T16:03:15.000Z","2026-05-19T16:03:16.000Z","2026-05-19T16:03:17.000Z","2026-05-19T16:03:18.000Z","2026-05-19T16:03:19.000Z","2026-05-19T16:03:20.000Z","2026-05-19T16:03:21.000Z","2026-05-19T16:03:22.000Z","2026-05-19T16:03:23.000Z","2026-05-19T16:03:24.000Z","2026-05-19T16:03:25.000Z","2026-05-19T16:03:26.000Z","2026-05-19T16:03:27.000Z","2026-05-19T16:03:28.000Z","2026-05-19T16:03:29.000Z","2026-05-19T16:03:30.000Z","2026-05-19T16:03:31.000Z","2026-05-19T16:03:32.000Z","2026-05-19T16:03:33.000Z","2026-05-19T16:03:34.000Z","2026-05-19T16:03:35.000Z","2026-05-19T16:03:36.000Z","2026-05-19T16:03:37.000Z","2026-05-19T16:03:38.000Z","2026-05-19T16:03:39.000Z","2026-05-19T16:03:40.000Z","2026-05-19T16:03:41.000Z","2026-05-19T16:03:42.000Z","2026-05-19T16:03:43.000Z","2026-05-19T16:03:44.000Z","2026-05-19T16:03:45.000Z","2026-05-19T16:03:46.000Z","2026-05-19T16:03:47.000Z","2026-05-19T16:03:48.000Z","2026-05-19T16:03:49.000Z","2026-05-19T16:03:50.000Z","2026-05-19T16:03:51.000Z","2026-05-19T16:03:52.000Z","2026-05-19T16:03:53.000Z","2026-05-19T16:03:54.000Z","2026-05-19T16:03:55.000Z","2026-05-19T16:03:56.000Z","2026-05-19T16:03:57.000Z","2026-05-19T16:03:58.000Z","2026-05-19T16:03:59.000Z","2026-05-19T16:04:00.000Z","2026-05-19T16:04:01.000Z","2026-05-19T16:04:02.000Z","2026-05-19T16:04:03.000Z","2026-05-19T16:04:04.000Z","2026-05-19T16:04:05.000Z","2026-05-19T16:04:06.000Z","2026-05-19T16:04:07.000Z","2026-05-19T16:04:08.000Z","2026-05-19T16:04:09.000Z","2026-05-19T16:04:10.000Z","2026-05-19T16:04:11.000Z","2026-05-19T16:04:12.000Z","2026-05-19T16:04:13.000Z","2026-05-19T16:04:14.000Z","2026-05-19T16:04:15.000Z","2026-05-19T16:04:16.000Z","2026-05-19T16:04:17.000Z","2026-05-19T16:04:18.000Z","2026-05-19T16:04:19.000Z","2026-05-19T16:04:20.000Z","2026-05-19T16:04:21.000Z","2026-05-19T16:04:22.000Z","2026-05-19T16:04:23.000Z","2026-05-19T16:04:24.000Z","2026-05-19T16:04:25.000Z","2026-05-19T16:04:26.000Z","2026-05-19T16:04:27.000Z","2026-05-19T16:04:28.000Z","2026-05-19T16:04:29.000Z","2026-05-19T16:04:30.000Z","2026-05-19T16:04:31.000Z","2026-05-19T16:04:32.000Z","2026-05-19T16:04:33.000Z","2026-05-19T16:04:34.000Z","2026-05-19T16:04:35.000Z","2026-05-19T16:04:36.000Z","2026-05-19T16:04:37.000Z","2026-05-19T16:04:38.000Z","2026-05-19T16:04:39.000Z","2026-05-19T16:04:40.000Z","2026-05-19T16:04:41.000Z","2026-05-19T16:04:42.000Z","2026-05-19T16:04:43.000Z","2026-05-19T16:04:44.000Z","2026-05-19T16:04:45.000Z","2026-05-19T16:04:46.000Z","2026-05-19T16:04:47.000Z","2026-05-19T16:04:48.000Z","2026-05-19T16:04:49.000Z","2026-05-19T16:04:50.000Z","2026-05-19T16:04:51.000Z","2026-05-19T16:04:52.000Z","2026-05-19T16:04:53.000Z","2026-05-19T16:04:54.000Z","2026-05-19T16:04:55.000Z","2026-05-19T16:04:56.000Z","2026-05-19T16:04:57.000Z","2026-05-19T16:04:58.000Z","2026-05-19T16:04:59.000Z","2026-05-19T16:05:00.000Z","2026-05-19T16:05:01.000Z","2026-05-19T16:05:02.000Z","2026-05-19T16:05:03.000Z","2026-05-19T16:05:04.000Z","2026-05-19T16:05:05.000Z","2026-05-19T16:05:06.000Z"],"ns3:TrackPointExtensions":[81,82,82,82,81,81,81,81,81,81,81,81,81,81,81,81,81,81,81,81,82,82,82,83,84,85,85,86,87,88,89,89,89,89,89,90,90,90,89,89,89,89,89,89,88,88,88,88,88,88,89,89,89,89,89,89,89,89,88,88,88,88,88,88,88,88,87,87,86,86,86,85,85,85,85,85,85,85,85,85,85,85,85,85,85,85,86,86,85,85,85,85,84,84,84,84,84,84,84,84,84,84,84,84,84,83,82,82,82,82,82,82,82,83,83,84,84,84,83,83,83,84,84,85,85,86,86,86,86,86,86,86,86,86,86,86,86,86,86,86,86,86,86,86,86,86,86,86,86,86,87,87,87,87,87,86,86,86,85,85,85,85,84,84,84,84,84,84,84,84,84,84,84,84,83,83,83,83,83,83,83,83,82,82,82,83,83,82,82,82,82,82,82,82,82,82,82,82,82,82,82,81,80,80,80,80,80,80,80,80,80,80,81,81,81,81,81,81,81,81,81,81,81,81,82,82,83,83,83,83,83,83,83,83,83,83,84,84,85,85,85,85,85,85,85,85,85,85,85,85,85,86,86,86,86,86,87,87,87,88,88,88,89,89,89,90,90,91,92,93,96,98,99,100,100,100,100,99,96,95,94,92,91,91,91,91,91,91,90,90,90,90,90,90,91,91,91,91,92,92,92,92,92,92,92,91,91,90,88,87,87,87,87,87,87,86,86,86,86,86,87,87,86,86,86,85,85,85,84,84,84,84,84,84,84,83,83,83,83,83,83,83,83,82,82,82,82,82,82,82,82,82,82,82,82,82,82,82,82,81,81,81,80,80]},"stroke-width":4,"stroke-opacity":1,"stroke":"rgba(255, 0, 0, 1)"},"geometry":{"type":"LineString","coordinates":[[-71.094094,42.341207,17],[-71.094096,42.341205,16.799999],[-71.0941,42.341207,16.799999],[-71.094103,42.341208,16.799999],[-71.094113,42.341206,16.799999],[-71.094122,42.341207,16.799999],[-71.094135,42.34121,16.799999],[-71.094149,42.341213,16.799999],[-71.094164,42.341216,16.799999],[-71.094183,42.341216,16.799999],[-71.0942,42.341217,16.799999],[-71.094217,42.341219,17],[-71.094235,42.341223,17],[-71.094253,42.341221,17],[-71.094271,42.341224,17.200001],[-71.094288,42.341227,17.200001],[-71.094308,42.341227,17.200001],[-71.094324,42.341232,17.4],[-71.094338,42.341235,17.4],[-71.094352,42.341247,17.4],[-71.094371,42.341253,17.6],[-71.094393,42.341256,17.6],[-71.094411,42.341258,17.6],[-71.094428,42.341261,17.6],[-71.094446,42.341266,17.6],[-71.094464,42.341269,17.799999],[-71.094482,42.341269,18],[-71.094498,42.341271,18],[-71.094513,42.341273,18.200001],[-71.094529,42.341277,18.200001],[-71.094544,42.341282,18.200001],[-71.09456,42.341286,18.200001],[-71.094576,42.341291,18.200001],[-71.09459,42.341298,18.200001],[-71.094603,42.341303,18.200001],[-71.094617,42.341305,18.200001],[-71.094633,42.341309,18.200001],[-71.094647,42.341314,18.200001],[-71.094665,42.341319,18.200001],[-71.094681,42.341326,18.200001],[-71.094697,42.341332,18.200001],[-71.094712,42.341335,18],[-71.094723,42.341338,18],[-71.094735,42.341341,17.799999],[-71.094747,42.341346,17.799999],[-71.09476,42.341351,17.799999],[-71.094775,42.341355,17.799999],[-71.094791,42.341361,17.799999],[-71.094804,42.341367,17.799999],[-71.094821,42.341372,17.6],[-71.094839,42.341376,17.6],[-71.094854,42.341382,17.6],[-71.094867,42.34139,17.6],[-71.094881,42.341398,17.6],[-71.094897,42.341403,17.6],[-71.094914,42.341408,17.6],[-71.09493,42.341414,17.6],[-71.094943,42.341423,17.6],[-71.094957,42.341429,17.6],[-71.09497,42.341439,17.6],[-71.094985,42.341445,17.6],[-71.094998,42.341451,17.6],[-71.095011,42.341459,17.6],[-71.095025,42.341468,17.6],[-71.095039,42.341473,17.4],[-71.095053,42.34148,17.4],[-71.095068,42.341487,17.4],[-71.095083,42.341494,17.4],[-71.095099,42.341502,17.4],[-71.095113,42.341508,17.4],[-71.095126,42.341514,17.4],[-71.095142,42.341519,17.4],[-71.095158,42.341524,17.4],[-71.095174,42.341528,17.200001],[-71.09519,42.341533,17.200001],[-71.095205,42.341537,17.200001],[-71.095221,42.34154,17.200001],[-71.095238,42.341543,17.200001],[-71.095251,42.341545,17],[-71.095265,42.341546,17],[-71.095279,42.341549,17],[-71.095292,42.341555,17],[-71.095303,42.341561,17],[-71.095316,42.341566,17],[-71.095329,42.341569,17],[-71.095344,42.341571,17.200001],[-71.09536,42.341573,17.200001],[-71.095375,42.341578,17.200001],[-71.09539,42.341582,17.200001],[-71.095406,42.341586,17.200001],[-71.095422,42.341591,17.200001],[-71.095437,42.341595,17.200001],[-71.095452,42.341598,17.200001],[-71.095467,42.341599,17.4],[-71.095484,42.341601,17.4],[-71.0955,42.341604,17.6],[-71.095516,42.341607,17.6],[-71.095533,42.34161,17.6],[-71.095549,42.341614,17.799999],[-71.09558,42.341624,17.799999],[-71.09558,42.341624,17.799999],[-71.095595,42.341627,17.799999],[-71.095611,42.34163,17.6],[-71.095628,42.341632,17.4],[-71.095644,42.341635,17.4],[-71.09566,42.341638,17.200001],[-71.095674,42.341642,17.200001],[-71.09569,42.341646,17.200001],[-71.095704,42.341652,17.200001],[-71.095716,42.34166,17.200001],[-71.095725,42.34167,17.200001],[-71.095731,42.341683,17.200001],[-71.095733,42.341695,17.200001],[-71.095725,42.341708,17.200001],[-71.095714,42.341719,17.200001],[-71.095701,42.34173,17.200001],[-71.095686,42.341739,17.200001],[-71.095669,42.341748,17.200001],[-71.095654,42.341755,17.200001],[-71.095638,42.341761,17.200001],[-71.095621,42.341766,17.200001],[-71.095606,42.341771,17.4],[-71.095589,42.341777,17.4],[-71.095571,42.341783,17.4],[-71.095555,42.341789,17.4],[-71.095537,42.341793,17.4],[-71.09552,42.341796,17.4],[-71.095503,42.341801,17.4],[-71.095487,42.341806,17.4],[-71.095473,42.34181,17.4],[-71.095457,42.341813,17.4],[-71.095442,42.341819,17.4],[-71.095428,42.341823,17.4],[-71.095412,42.341829,17.4],[-71.095396,42.341833,17.4],[-71.095382,42.34184,17.4],[-71.095367,42.341844,17.4],[-71.095353,42.34185,17.4],[-71.095339,42.341857,17.4],[-71.095323,42.341865,17.4],[-71.095307,42.341871,17.4],[-71.095291,42.341875,17.4],[-71.095276,42.341877,17.4],[-71.095261,42.341879,17.4],[-71.095246,42.341884,17.4],[-71.09523,42.341891,17.4],[-71.095216,42.341895,17.4],[-71.095201,42.341899,17.4],[-71.095186,42.341903,17.4],[-71.09517,42.341907,17.4],[-71.095154,42.34191,17.4],[-71.09514,42.341913,17.4],[-71.095127,42.341915,17.4],[-71.09512,42.341913,17.4],[-71.095118,42.341911,17.4],[-71.095115,42.341913,17.4],[-71.095107,42.341913,17.4],[-71.095098,42.341915,17.4],[-71.095088,42.341918,17.4],[-71.095083,42.341923,17.200001],[-71.095083,42.341929,17.200001],[-71.095085,42.34194,17.200001],[-71.095087,42.341951,17.200001],[-71.095089,42.341961,17.200001],[-71.095088,42.341972,17],[-71.095087,42.341983,17],[-71.095085,42.341992,17],[-71.095081,42.342002,17],[-71.095078,42.342013,17.200001],[-71.09507,42.342024,17.200001],[-71.09506,42.342036,17.200001],[-71.095049,42.342047,17.200001],[-71.095038,42.342056,17.200001],[-71.095027,42.342064,17.200001],[-71.095014,42.342071,17.200001],[-71.094999,42.342079,17.200001],[-71.094984,42.342082,17],[-71.094968,42.342087,17],[-71.094949,42.342091,17],[-71.094931,42.342096,17],[-71.094915,42.342096,16.799999],[-71.094899,42.342097,16.799999],[-71.09488,42.342097,16.799999],[-71.094844,42.342096,16.799999],[-71.094844,42.342096,16.799999],[-71.094828,42.342095,16.799999],[-71.094813,42.342091,16.799999],[-71.094798,42.342083,16.799999],[-71.094785,42.342076,16.799999],[-71.094773,42.342068,16.6],[-71.094762,42.34206,16.6],[-71.09475,42.342052,16.6],[-71.09474,42.342043,16.6],[-71.094731,42.342033,16.6],[-71.094723,42.342022,16.6],[-71.094718,42.342012,16.6],[-71.094714,42.342003,16.6],[-71.094708,42.341994,16.6],[-71.094704,42.341984,16.4],[-71.094705,42.341972,16.4],[-71.094707,42.34196,16.4],[-71.09471,42.341948,16.4],[-71.094715,42.341933,16.4],[-71.094718,42.341918,16.6],[-71.094724,42.341903,16.799999],[-71.094729,42.34189,16.799999],[-71.094733,42.341878,16.799999],[-71.094741,42.341866,16.799999],[-71.09475,42.341855,16.799999],[-71.09476,42.341845,16.6],[-71.09477,42.341833,16.4],[-71.094782,42.341824,16.4],[-71.094793,42.341815,16.4],[-71.094806,42.341809,16.4],[-71.09482,42.341806,16.4],[-71.094835,42.341801,16.4],[-71.094852,42.341801,16.4],[-71.094869,42.341801,16.4],[-71.094885,42.341802,16.4],[-71.094904,42.341807,16.4],[-71.094921,42.341812,16.4],[-71.094938,42.341816,16.4],[-71.094956,42.341819,16.4],[-71.094974,42.341824,16.4],[-71.09499,42.34183,16.4],[-71.095005,42.341838,16.6],[-71.095018,42.341845,16.6],[-71.095031,42.341851,16.6],[-71.095043,42.341862,16.6],[-71.095053,42.34187,16.6],[-71.095063,42.341879,16.6],[-71.095072,42.341887,16.6],[-71.095082,42.341893,16.6],[-71.095098,42.341895,16.6],[-71.09511,42.341898,16.6],[-71.095119,42.341898,16.6],[-71.095127,42.341898,16.6],[-71.095136,42.341899,16.6],[-71.095148,42.341901,16.6],[-71.095162,42.341906,16.6],[-71.095175,42.341913,16.6],[-71.095186,42.341921,16.6],[-71.095196,42.34193,16.6],[-71.095206,42.34194,16.6],[-71.095218,42.34195,16.799999],[-71.095227,42.34196,16.799999],[-71.095235,42.341971,16.799999],[-71.095245,42.34198,16.799999],[-71.095255,42.34199,16.799999],[-71.095266,42.341999,17],[-71.09528,42.342007,17],[-71.095292,42.342016,17.200001],[-71.095302,42.342025,17.200001],[-71.095311,42.342035,17.200001],[-71.095315,42.342047,17.4],[-71.095311,42.342061,17.4],[-71.095304,42.342073,17.4],[-71.095293,42.342083,17.4],[-71.095285,42.342091,17.4],[-71.095277,42.3421,17.4],[-71.095269,42.34211,17.200001],[-71.09526,42.342121,17.200001],[-71.095248,42.34213,17.200001],[-71.095234,42.342138,17.200001],[-71.095222,42.342147,17.200001],[-71.09521,42.342155,17.4],[-71.095197,42.342165,17.4],[-71.095184,42.342173,17.4],[-71.095171,42.34218,17.4],[-71.095158,42.342187,17.6],[-71.095146,42.342195,17.6],[-71.095133,42.342201,17.6],[-71.095124,42.342209,17.6],[-71.095115,42.342219,17.6],[-71.095107,42.342229,17.6],[-71.095098,42.342239,17.6],[-71.095088,42.342249,17.799999],[-71.095078,42.34226,17.799999],[-71.095067,42.342269,17.799999],[-71.095054,42.342277,17.799999],[-71.095042,42.342286,17.799999],[-71.09503,42.342295,17.799999],[-71.095018,42.342303,17.799999],[-71.095007,42.342312,17.6],[-71.094995,42.34232,17.6],[-71.094985,42.342329,17.6],[-71.094975,42.342337,17.6],[-71.094966,42.342348,17.6],[-71.094955,42.342356,17.6],[-71.094944,42.342366,17.6],[-71.094935,42.342376,17.6],[-71.094925,42.342387,17.6],[-71.094916,42.3424,17.6],[-71.094906,42.34241,17.6],[-71.094896,42.34242,17.6],[-71.094885,42.342428,17.6],[-71.094876,42.342438,17.6],[-71.094868,42.34245,17.6],[-71.094859,42.342462,17.6],[-71.094851,42.342473,17.6],[-71.094842,42.342485,17.4],[-71.094832,42.342495,17.4],[-71.094823,42.342504,17.4],[-71.094814,42.342513,17.4],[-71.094806,42.342523,17.6],[-71.094796,42.342533,17.6],[-71.094787,42.342541,17.6],[-71.094778,42.342551,17.6],[-71.094769,42.342558,17.6],[-71.09476,42.342565,17.6],[-71.094745,42.342572,17.6],[-71.094726,42.342575,17.6],[-71.094709,42.342573,17.6],[-71.094694,42.342569,17.799999],[-71.094676,42.342564,17.799999],[-71.094661,42.342561,17.799999],[-71.094645,42.342556,17.799999],[-71.09463,42.342551,17.799999],[-71.094616,42.342544,17.799999],[-71.094602,42.342535,17.799999],[-71.094588,42.342531,17.799999],[-71.094573,42.342527,17.799999],[-71.09456,42.342521,17.799999],[-71.094548,42.342515,17.799999],[-71.094535,42.342511,17.6],[-71.094522,42.342507,17.6],[-71.094505,42.342505,17.6],[-71.094489,42.342496,17.6],[-71.094477,42.342486,17.6],[-71.094467,42.342475,17.6],[-71.094456,42.342466,17.6],[-71.094447,42.342453,17.6],[-71.09444,42.342439,17.6],[-71.094434,42.342425,17.6],[-71.094428,42.342413,17.6],[-71.094419,42.342397,17.6],[-71.094411,42.342381,17.6],[-71.094405,42.342366,17.6],[-71.094397,42.342352,17.6],[-71.094396,42.342336,17.6],[-71.09439,42.342322,17.4],[-71.094387,42.342309,17.4],[-71.094383,42.342295,17.4],[-71.094378,42.342281,17.4],[-71.094372,42.34227,17.4],[-71.094362,42.342258,17.4],[-71.094353,42.342247,17.4],[-71.094345,42.342235,17.4],[-71.09434,42.342222,17.4],[-71.094335,42.342209,17.4],[-71.094329,42.342194,17.4],[-71.094325,42.342179,17.4],[-71.09432,42.342166,17.4],[-71.094312,42.342155,17.4],[-71.094307,42.342143,17.4],[-71.094298,42.342132,17.4],[-71.094291,42.342122,17.4],[-71.094282,42.342114,17.4],[-71.094273,42.342102,17.4],[-71.094267,42.342088,17.4],[-71.09426,42.342076,17.4],[-71.094254,42.342063,17.4],[-71.094249,42.342051,17.4],[-71.094248,42.342036,17.4]]},"bbox":[-71.095733,42.341205,-71.094094,42.342575]},{"type":"Feature","properties":{"_gpxType":"trk","name":"Boston Running","type":"running","time":"2026-05-19T15:50:19.000Z","coordinateProperties":{"times":["2026-05-19T15:50:19.000Z","2026-05-19T15:50:20.000Z","2026-05-19T15:50:21.000Z","2026-05-19T15:50:22.000Z","2026-05-19T15:50:23.000Z","2026-05-19T15:50:24.000Z","2026-05-19T15:50:25.000Z","2026-05-19T15:50:26.000Z","2026-05-19T15:50:27.000Z","2026-05-19T15:50:28.000Z","2026-05-19T15:50:29.000Z","2026-05-19T15:50:30.000Z","2026-05-19T15:50:31.000Z","2026-05-19T15:50:32.000Z","2026-05-19T15:50:33.000Z","2026-05-19T15:50:34.000Z","2026-05-19T15:50:35.000Z","2026-05-19T15:50:36.000Z","2026-05-19T15:50:37.000Z","2026-05-19T15:50:38.000Z","2026-05-19T15:50:39.000Z","2026-05-19T15:50:40.000Z","2026-05-19T15:50:41.000Z","2026-05-19T15:50:42.000Z","2026-05-19T15:50:43.000Z","2026-05-19T15:50:44.000Z","2026-05-19T15:50:45.000Z","2026-05-19T15:50:46.000Z","2026-05-19T15:50:47.000Z","2026-05-19T15:50:48.000Z","2026-05-19T15:50:49.000Z","2026-05-19T15:50:50.000Z","2026-05-19T15:50:51.000Z","2026-05-19T15:50:52.000Z","2026-05-19T15:50:53.000Z","2026-05-19T15:50:54.000Z","2026-05-19T15:50:55.000Z","2026-05-19T15:50:56.000Z","2026-05-19T15:50:57.000Z","2026-05-19T15:50:58.000Z","2026-05-19T15:50:59.000Z","2026-05-19T15:51:00.000Z","2026-05-19T15:51:01.000Z","2026-05-19T15:51:02.000Z","2026-05-19T15:51:03.000Z","2026-05-19T15:51:04.000Z","2026-05-19T15:51:05.000Z","2026-05-19T15:51:06.000Z","2026-05-19T15:51:07.000Z","2026-05-19T15:51:08.000Z","2026-05-19T15:51:09.000Z","2026-05-19T15:51:10.000Z","2026-05-19T15:51:11.000Z","2026-05-19T15:51:12.000Z","2026-05-19T15:51:13.000Z","2026-05-19T15:51:14.000Z","2026-05-19T15:51:15.000Z","2026-05-19T15:51:16.000Z","2026-05-19T15:51:17.000Z","2026-05-19T15:51:18.000Z","2026-05-19T15:51:19.000Z","2026-05-19T15:51:20.000Z","2026-05-19T15:51:21.000Z","2026-05-19T15:51:22.000Z","2026-05-19T15:51:23.000Z","2026-05-19T15:51:24.000Z","2026-05-19T15:51:25.000Z","2026-05-19T15:51:26.000Z","2026-05-19T15:51:27.000Z","2026-05-19T15:51:28.000Z","2026-05-19T15:51:29.000Z","2026-05-19T15:51:30.000Z","2026-05-19T15:51:31.000Z","2026-05-19T15:51:32.000Z","2026-05-19T15:51:33.000Z","2026-05-19T15:51:34.000Z","2026-05-19T15:51:35.000Z","2026-05-19T15:51:36.000Z","2026-05-19T15:51:37.000Z","2026-05-19T15:51:38.000Z","2026-05-19T15:51:39.000Z","2026-05-19T15:51:40.000Z","2026-05-19T15:51:41.000Z","2026-05-19T15:51:42.000Z","2026-05-19T15:51:43.000Z","2026-05-19T15:51:44.000Z","2026-05-19T15:51:45.000Z","2026-05-19T15:51:46.000Z","2026-05-19T15:51:47.000Z","2026-05-19T15:51:48.000Z","2026-05-19T15:51:49.000Z","2026-05-19T15:51:50.000Z","2026-05-19T15:51:51.000Z","2026-05-19T15:51:52.000Z","2026-05-19T15:51:53.000Z","2026-05-19T15:51:54.000Z","2026-05-19T15:51:55.000Z","2026-05-19T15:51:56.000Z","2026-05-19T15:51:57.000Z","2026-05-19T15:51:58.000Z","2026-05-19T15:51:59.000Z","2026-05-19T15:52:00.000Z","2026-05-19T15:52:01.000Z","2026-05-19T15:52:02.000Z","2026-05-19T15:52:03.000Z","2026-05-19T15:52:04.000Z","2026-05-19T15:52:05.000Z","2026-05-19T15:52:06.000Z","2026-05-19T15:52:07.000Z","2026-05-19T15:52:08.000Z","2026-05-19T15:52:09.000Z","2026-05-19T15:52:10.000Z","2026-05-19T15:52:11.000Z","2026-05-19T15:52:12.000Z","2026-05-19T15:52:13.000Z","2026-05-19T15:52:14.000Z","2026-05-19T15:52:15.000Z","2026-05-19T15:52:16.000Z","2026-05-19T15:52:17.000Z","2026-05-19T15:52:18.000Z","2026-05-19T15:52:19.000Z","2026-05-19T15:52:20.000Z","2026-05-19T15:52:21.000Z","2026-05-19T15:52:22.000Z","2026-05-19T15:52:23.000Z","2026-05-19T15:52:24.000Z","2026-05-19T15:52:25.000Z","2026-05-19T15:52:26.000Z","2026-05-19T15:52:27.000Z","2026-05-19T15:52:28.000Z","2026-05-19T15:52:29.000Z","2026-05-19T15:52:30.000Z","2026-05-19T15:52:31.000Z","2026-05-19T15:52:32.000Z","2026-05-19T15:52:33.000Z","2026-05-19T15:52:34.000Z","2026-05-19T15:52:35.000Z","2026-05-19T15:52:36.000Z","2026-05-19T15:52:37.000Z","2026-05-19T15:52:38.000Z","2026-05-19T15:52:39.000Z","2026-05-19T15:52:40.000Z","2026-05-19T15:52:41.000Z","2026-05-19T15:52:42.000Z","2026-05-19T15:52:43.000Z","2026-05-19T15:52:44.000Z","2026-05-19T15:52:45.000Z","2026-05-19T15:52:46.000Z","2026-05-19T15:52:47.000Z","2026-05-19T15:52:48.000Z","2026-05-19T15:52:49.000Z","2026-05-19T15:52:50.000Z","2026-05-19T15:52:51.000Z","2026-05-19T15:52:52.000Z","2026-05-19T15:52:53.000Z","2026-05-19T15:52:54.000Z","2026-05-19T15:52:55.000Z","2026-05-19T15:52:56.000Z","2026-05-19T15:52:57.000Z","2026-05-19T15:52:58.000Z","2026-05-19T15:52:59.000Z","2026-05-19T15:53:00.000Z","2026-05-19T15:53:01.000Z","2026-05-19T15:53:02.000Z","2026-05-19T15:53:03.000Z","2026-05-19T15:53:04.000Z","2026-05-19T15:53:05.000Z","2026-05-19T15:53:06.000Z","2026-05-19T15:53:07.000Z","2026-05-19T15:53:08.000Z","2026-05-19T15:53:09.000Z","2026-05-19T15:53:10.000Z","2026-05-19T15:53:11.000Z","2026-05-19T15:53:12.000Z","2026-05-19T15:53:13.000Z","2026-05-19T15:53:14.000Z","2026-05-19T15:53:15.000Z","2026-05-19T15:53:16.000Z","2026-05-19T15:53:17.000Z","2026-05-19T15:53:18.000Z","2026-05-19T15:53:19.000Z","2026-05-19T15:53:20.000Z","2026-05-19T15:53:21.000Z","2026-05-19T15:53:22.000Z","2026-05-19T15:53:23.000Z","2026-05-19T15:53:24.000Z","2026-05-19T15:53:25.000Z","2026-05-19T15:53:26.000Z","2026-05-19T15:53:27.000Z","2026-05-19T15:53:28.000Z","2026-05-19T15:53:29.000Z","2026-05-19T15:53:30.000Z","2026-05-19T15:53:31.000Z","2026-05-19T15:53:32.000Z","2026-05-19T15:53:33.000Z","2026-05-19T15:53:34.000Z","2026-05-19T15:53:35.000Z","2026-05-19T15:53:36.000Z","2026-05-19T15:53:37.000Z","2026-05-19T15:53:38.000Z","2026-05-19T15:53:39.000Z","2026-05-19T15:53:40.000Z","2026-05-19T15:53:41.000Z","2026-05-19T15:53:42.000Z","2026-05-19T15:53:43.000Z","2026-05-19T15:53:44.000Z","2026-05-19T15:53:45.000Z","2026-05-19T15:53:46.000Z","2026-05-19T15:53:47.000Z","2026-05-19T15:53:48.000Z","2026-05-19T15:53:49.000Z","2026-05-19T15:53:50.000Z","2026-05-19T15:53:51.000Z","2026-05-19T15:53:52.000Z","2026-05-19T15:53:53.000Z","2026-05-19T15:53:54.000Z","2026-05-19T15:53:55.000Z","2026-05-19T15:53:56.000Z","2026-05-19T15:53:57.000Z","2026-05-19T15:53:58.000Z","2026-05-19T15:53:59.000Z","2026-05-19T15:54:00.000Z","2026-05-19T15:54:01.000Z","2026-05-19T15:54:02.000Z","2026-05-19T15:54:03.000Z","2026-05-19T15:54:04.000Z","2026-05-19T15:54:05.000Z","2026-05-19T15:54:06.000Z","2026-05-19T15:54:07.000Z","2026-05-19T15:54:08.000Z","2026-05-19T15:54:09.000Z","2026-05-19T15:54:10.000Z","2026-05-19T15:54:11.000Z","2026-05-19T15:54:12.000Z","2026-05-19T15:54:13.000Z","2026-05-19T15:54:14.000Z","2026-05-19T15:54:15.000Z","2026-05-19T15:54:16.000Z","2026-05-19T15:54:17.000Z","2026-05-19T15:54:18.000Z","2026-05-19T15:54:19.000Z","2026-05-19T15:54:20.000Z","2026-05-19T15:54:21.000Z","2026-05-19T15:54:22.000Z","2026-05-19T15:54:23.000Z","2026-05-19T15:54:24.000Z","2026-05-19T15:54:25.000Z","2026-05-19T15:54:26.000Z","2026-05-19T15:54:27.000Z","2026-05-19T15:54:28.000Z","2026-05-19T15:54:29.000Z","2026-05-19T15:54:30.000Z","2026-05-19T15:54:31.000Z","2026-05-19T15:54:32.000Z","2026-05-19T15:54:33.000Z","2026-05-19T15:54:34.000Z","2026-05-19T15:54:35.000Z","2026-05-19T15:54:36.000Z","2026-05-19T15:54:37.000Z","2026-05-19T15:54:38.000Z","2026-05-19T15:54:39.000Z","2026-05-19T15:54:40.000Z","2026-05-19T15:54:41.000Z","2026-05-19T15:54:42.000Z","2026-05-19T15:54:43.000Z","2026-05-19T15:54:44.000Z","2026-05-19T15:54:45.000Z","2026-05-19T15:54:46.000Z","2026-05-19T15:54:47.000Z","2026-05-19T15:54:48.000Z","2026-05-19T15:54:49.000Z","2026-05-19T15:54:50.000Z","2026-05-19T15:54:51.000Z","2026-05-19T15:54:52.000Z","2026-05-19T15:54:53.000Z","2026-05-19T15:54:54.000Z","2026-05-19T15:54:55.000Z","2026-05-19T15:54:56.000Z","2026-05-19T15:54:57.000Z","2026-05-19T15:54:58.000Z","2026-05-19T15:54:59.000Z","2026-05-19T15:55:00.000Z","2026-05-19T15:55:01.000Z","2026-05-19T15:55:02.000Z","2026-05-19T15:55:03.000Z","2026-05-19T15:55:04.000Z","2026-05-19T15:55:05.000Z","2026-05-19T15:55:06.000Z","2026-05-19T15:55:07.000Z","2026-05-19T15:55:08.000Z","2026-05-19T15:55:09.000Z","2026-05-19T15:55:10.000Z","2026-05-19T15:55:11.000Z","2026-05-19T15:55:12.000Z","2026-05-19T15:55:13.000Z","2026-05-19T15:55:14.000Z"],"ns3:TrackPointExtensions":[74,75,75,75,74,74,74,74,75,75,75,76,79,81,82,85,86,86,87,87,87,88,87,87,86,85,84,82,80,79,79,78,78,78,78,78,79,79,79,79,79,79,80,80,80,80,80,80,80,80,80,80,80,80,80,81,82,82,82,83,82,82,83,83,82,82,83,83,83,84,84,85,85,85,85,85,85,85,85,84,84,84,84,84,84,84,85,85,85,85,85,85,86,86,86,87,88,88,89,89,89,89,89,89,89,89,90,90,90,90,89,88,87,87,87,86,86,86,86,85,85,85,84,84,84,84,84,84,84,84,84,84,84,84,84,83,83,83,83,83,83,83,83,83,83,83,83,84,84,84,84,84,84,84,84,84,84,84,84,84,85,85,86,87,88,88,88,88,88,88,88,87,87,87,87,87,87,86,86,85,85,85,85,85,85,84,84,81,81,81,81,81,81,82,82,82,83,83,83,83,83,83,83,83,82,83,83,83,83,83,82,82,82,82,82,82,82,82,83,83,83,83,83,83,83,83,83,84,84,84,85,85,86,87,87,87,87,86,86,86,86,87,87,87,87,88,88,88,88,88,88,88,88,88,87,87,87,86,85,85,85,85,85,85,85,85,85,85,85,85,85,86,86,86,86,86,86,86,86,86,86,86,86,87,87,88,88,88,87,87,87,87,86,86,86,86]},"stroke-width":4,"stroke-opacity":1,"stroke":"rgba(255, 0, 0, 1)"},"geometry":{"type":"LineString","coordinates":[[-71.091259,42.338019,2.6],[-71.091264,42.338028,4],[-71.091271,42.338024,4],[-71.091271,42.338024,4],[-71.091268,42.338026,4],[-71.09127,42.338024,4],[-71.09128,42.338034,4],[-71.09128,42.338034,4],[-71.091281,42.33804,4.2],[-71.091284,42.338044,4.2],[-71.091302,42.338068,4.2],[-71.091305,42.338097,4.2],[-71.091311,42.338131,4.2],[-71.091319,42.338166,4.2],[-71.09132,42.338204,4.2],[-71.09132,42.338228,4.2],[-71.091327,42.338247,4.2],[-71.091336,42.338271,4.2],[-71.09134,42.338285,4.2],[-71.09134,42.338298,4.2],[-71.091337,42.338308,4.2],[-71.091332,42.33831,4.2],[-71.091324,42.338314,4.2],[-71.091305,42.338329,4.2],[-71.091305,42.338329,4.2],[-71.091295,42.338336,4.2],[-71.091302,42.338349,4.2],[-71.091302,42.338361,4.2],[-71.091307,42.338374,4.2],[-71.091305,42.338385,4.2],[-71.091309,42.338398,4.2],[-71.091314,42.338405,4.4],[-71.091317,42.338411,4.4],[-71.091317,42.338422,4.4],[-71.091314,42.338432,4.4],[-71.091314,42.338449,4.4],[-71.091312,42.338457,4.4],[-71.091309,42.338466,4.4],[-71.091306,42.338478,4.4],[-71.091298,42.338485,4.4],[-71.091299,42.338508,4.4],[-71.091299,42.338524,4.4],[-71.091301,42.338542,4.4],[-71.091304,42.338553,4.4],[-71.091311,42.338564,4.4],[-71.091306,42.338573,4.4],[-71.091312,42.338579,4.4],[-71.091317,42.338591,4.4],[-71.091317,42.338606,4.4],[-71.09132,42.338619,4.4],[-71.09134,42.338626,4.4],[-71.09134,42.338626,4.2],[-71.091351,42.338631,4.2],[-71.091364,42.338638,4.2],[-71.091372,42.33864,4.2],[-71.09138,42.338641,4.2],[-71.091388,42.338645,4.2],[-71.091395,42.338647,4],[-71.091405,42.338645,4],[-71.091414,42.338641,4],[-71.091425,42.338636,4],[-71.091436,42.338629,4],[-71.091446,42.338624,4],[-71.091458,42.338621,4],[-71.091467,42.338623,4],[-71.091474,42.338626,4],[-71.091486,42.338632,4],[-71.091488,42.338632,4.2],[-71.091502,42.338628,4.2],[-71.091516,42.33863,4.2],[-71.09153,42.338627,4.2],[-71.091541,42.338623,4.2],[-71.091557,42.33862,4.2],[-71.091568,42.33862,4.2],[-71.091578,42.338622,4.2],[-71.09159,42.338621,4.2],[-71.091599,42.338623,4.2],[-71.091608,42.338626,4.4],[-71.091618,42.338633,4.4],[-71.091629,42.338639,4.4],[-71.091645,42.338647,4.4],[-71.091657,42.338649,4.4],[-71.091667,42.338653,4.4],[-71.091678,42.338651,4.4],[-71.09169,42.338652,4.4],[-71.091704,42.338654,4.4],[-71.09172,42.338652,4.4],[-71.091736,42.338661,4.4],[-71.091749,42.338666,4.4],[-71.091758,42.338671,4.4],[-71.091764,42.338675,4.6],[-71.09177,42.338682,4.6],[-71.091785,42.338687,4.8],[-71.0918,42.338694,4.8],[-71.09181,42.338709,4.8],[-71.091829,42.338719,4.8],[-71.091834,42.33873,4.8],[-71.091843,42.338738,4.8],[-71.091849,42.33875,4.8],[-71.091855,42.338765,4.8],[-71.091873,42.338767,4.8],[-71.091896,42.338775,4.8],[-71.091913,42.338787,4.8],[-71.091935,42.338791,4.8],[-71.09195,42.338799,4.8],[-71.091965,42.338808,4.8],[-71.091991,42.338814,4.8],[-71.092013,42.338823,4.8],[-71.092028,42.338833,4.8],[-71.092038,42.338846,4.8],[-71.092047,42.338856,4.8],[-71.092058,42.338864,4.8],[-71.092073,42.338863,4.8],[-71.092093,42.338854,4.8],[-71.09211,42.338847,5],[-71.092124,42.338839,5],[-71.092138,42.338828,5],[-71.092153,42.33882,5],[-71.09217,42.338817,5],[-71.092189,42.338814,5],[-71.092207,42.338812,5],[-71.092224,42.33881,4.8],[-71.092241,42.338808,4.4],[-71.092259,42.338807,4.2],[-71.092274,42.338806,4.2],[-71.092289,42.338804,4.2],[-71.092304,42.338802,4.2],[-71.09232,42.338799,4.2],[-71.092333,42.338791,4.4],[-71.092347,42.338784,4.4],[-71.092363,42.33878,4.4],[-71.092372,42.338775,4.4],[-71.092374,42.338773,4.4],[-71.092385,42.33877,4.4],[-71.092397,42.338768,4.4],[-71.092414,42.338764,4.4],[-71.092426,42.338759,4.4],[-71.092447,42.338753,4.4],[-71.092467,42.338747,4.2],[-71.092486,42.338742,4.2],[-71.092501,42.338735,4.2],[-71.092511,42.338727,4.2],[-71.092515,42.338716,4.2],[-71.092522,42.338706,4.2],[-71.092533,42.338698,4.4],[-71.092553,42.338697,4.4],[-71.092573,42.338703,4.4],[-71.092594,42.338716,4.4],[-71.092613,42.338733,4.4],[-71.092628,42.338752,4.4],[-71.092642,42.338769,4.4],[-71.092661,42.338783,4.4],[-71.092674,42.338794,4.4],[-71.092686,42.338806,4.4],[-71.092692,42.338819,4.6],[-71.092691,42.338832,4.6],[-71.092685,42.338848,4.6],[-71.092677,42.338863,4.6],[-71.092668,42.338879,4.6],[-71.092659,42.338894,4.8],[-71.092653,42.338908,4.8],[-71.092656,42.338928,4.8],[-71.092659,42.338943,4.8],[-71.092658,42.338952,4.8],[-71.092657,42.338956,4.8],[-71.092652,42.338959,4.8],[-71.092649,42.33896,4.8],[-71.092647,42.338962,4.6],[-71.092644,42.338963,4.6],[-71.092643,42.338964,4.6],[-71.092641,42.338968,4.6],[-71.092639,42.33898,4.6],[-71.092638,42.338995,4.6],[-71.092633,42.339009,4.6],[-71.092625,42.339022,4.4],[-71.092614,42.339031,4.4],[-71.092602,42.339039,4.4],[-71.092593,42.339046,4.4],[-71.092589,42.339056,4.4],[-71.092585,42.339065,4.2],[-71.092581,42.339072,4.2],[-71.092577,42.339082,4.2],[-71.092574,42.339094,4.2],[-71.092573,42.339108,4.2],[-71.09257,42.339121,4.2],[-71.09257,42.339133,4.2],[-71.092575,42.339146,4.2],[-71.092577,42.339158,4.2],[-71.092581,42.33917,4.2],[-71.09258,42.339182,4.2],[-71.092579,42.339192,4.2],[-71.092579,42.339202,4.2],[-71.092581,42.33921,4],[-71.092582,42.339216,4],[-71.092581,42.339223,4],[-71.092582,42.339229,3.8],[-71.092587,42.339238,3.8],[-71.092594,42.339247,3.8],[-71.092604,42.339256,3.8],[-71.092616,42.339262,3.8],[-71.092629,42.339267,3.8],[-71.092646,42.339275,3.8],[-71.092664,42.339286,3.8],[-71.092679,42.3393,3.6],[-71.092691,42.339309,3.6],[-71.092708,42.339322,3.6],[-71.092721,42.339333,3.6],[-71.092732,42.339347,3.6],[-71.092747,42.339355,3.6],[-71.092759,42.339364,3.6],[-71.092769,42.339372,3.8],[-71.092778,42.339383,3.8],[-71.092789,42.33939,3.8],[-71.092795,42.339396,3.8],[-71.092803,42.339402,3.8],[-71.092812,42.339409,4],[-71.092821,42.339417,4.2],[-71.09283,42.33943,4.2],[-71.092837,42.339441,4.2],[-71.092845,42.339453,4.2],[-71.092856,42.339463,4.2],[-71.092865,42.339473,4.2],[-71.09287,42.339483,4.2],[-71.092868,42.339491,4.2],[-71.092872,42.339498,4.2],[-71.092873,42.339502,4.2],[-71.092878,42.339508,4.4],[-71.092877,42.339515,4.4],[-71.092879,42.33952,4.4],[-71.092882,42.339522,4.4],[-71.092886,42.339528,4.4],[-71.09289,42.339534,4.4],[-71.092892,42.339545,4.4],[-71.092898,42.339555,4.6],[-71.0929,42.339576,4.6],[-71.092907,42.339586,4.8],[-71.092909,42.339599,4.8],[-71.092909,42.339615,4.8],[-71.092911,42.339626,4.8],[-71.092917,42.339637,4.8],[-71.092924,42.339647,4.8],[-71.092929,42.33966,4.8],[-71.092931,42.339673,4.8],[-71.092932,42.33968,4.8],[-71.092947,42.339695,4.8],[-71.092957,42.339708,5],[-71.092966,42.339712,5],[-71.092978,42.339728,5],[-71.092989,42.339729,5],[-71.092995,42.339738,5],[-71.093007,42.339745,5],[-71.093015,42.339763,5],[-71.093024,42.339767,5],[-71.093034,42.339774,5.2],[-71.093041,42.339787,5.2],[-71.09305,42.339793,5.2],[-71.093062,42.33981,5.2],[-71.093072,42.33983,5.2],[-71.093092,42.339859,5.2],[-71.093109,42.339879,5.2],[-71.093121,42.339903,5.2],[-71.09313,42.339919,5.2],[-71.093138,42.339934,5.2],[-71.093159,42.339953,5.2],[-71.093177,42.339978,5.2],[-71.093189,42.339995,5.2],[-71.093192,42.340008,5.2],[-71.093189,42.340021,5.2],[-71.093187,42.340033,5.2],[-71.093192,42.34005,5.2],[-71.093206,42.340069,5.2],[-71.093213,42.340087,5.2],[-71.093223,42.340104,5.2],[-71.093226,42.340119,5.2],[-71.093217,42.340127,5.2],[-71.093217,42.340136,5.2],[-71.093219,42.340144,5.2],[-71.093219,42.340154,5.2],[-71.093222,42.34016,5.2],[-71.093224,42.340168,5.2],[-71.093234,42.340179,5.2],[-71.093243,42.340191,5.2],[-71.093251,42.340202,5.2],[-71.093255,42.340213,5.2],[-71.093265,42.340225,5.2],[-71.093275,42.340239,5.2],[-71.093281,42.340255,5.2],[-71.093285,42.340263,5.2],[-71.093292,42.34027,5.2],[-71.093294,42.34028,5.2],[-71.093298,42.340294,5.2],[-71.093299,42.340305,5.4],[-71.093296,42.340314,5.4],[-71.093291,42.340326,5.4],[-71.093289,42.340335,5.4],[-71.093296,42.340349,5.4]]},"bbox":[-71.093299,42.338019,-71.091259,42.340349]},{"type":"Feature","properties":{"_gpxType":"trk","name":"Boston Running","type":"running","time":"2026-05-19T15:45:49.000Z","coordinateProperties":{"times":["2026-05-19T15:45:49.000Z","2026-05-19T15:45:50.000Z","2026-05-19T15:45:51.000Z","2026-05-19T15:45:52.000Z","2026-05-19T15:45:53.000Z","2026-05-19T15:45:54.000Z","2026-05-19T15:45:55.000Z","2026-05-19T15:45:56.000Z","2026-05-19T15:45:57.000Z","2026-05-19T15:45:58.000Z","2026-05-19T15:45:59.000Z","2026-05-19T15:46:00.000Z","2026-05-19T15:46:02.000Z","2026-05-19T15:46:03.000Z","2026-05-19T15:46:04.000Z","2026-05-19T15:46:05.000Z","2026-05-19T15:46:06.000Z","2026-05-19T15:46:07.000Z","2026-05-19T15:46:08.000Z","2026-05-19T15:46:09.000Z","2026-05-19T15:46:10.000Z","2026-05-19T15:46:11.000Z","2026-05-19T15:46:12.000Z","2026-05-19T15:46:13.000Z","2026-05-19T15:46:14.000Z","2026-05-19T15:46:15.000Z","2026-05-19T15:46:16.000Z","2026-05-19T15:46:17.000Z","2026-05-19T15:46:18.000Z","2026-05-19T15:46:19.000Z","2026-05-19T15:46:20.000Z","2026-05-19T15:46:21.000Z","2026-05-19T15:46:22.000Z","2026-05-19T15:46:23.000Z","2026-05-19T15:46:24.000Z","2026-05-19T15:46:25.000Z","2026-05-19T15:46:26.000Z","2026-05-19T15:46:27.000Z","2026-05-19T15:46:28.000Z","2026-05-19T15:46:29.000Z","2026-05-19T15:46:30.000Z","2026-05-19T15:46:31.000Z","2026-05-19T15:46:32.000Z","2026-05-19T15:46:33.000Z","2026-05-19T15:46:34.000Z","2026-05-19T15:46:35.000Z","2026-05-19T15:46:36.000Z","2026-05-19T15:46:37.000Z","2026-05-19T15:46:38.000Z","2026-05-19T15:46:39.000Z","2026-05-19T15:46:40.000Z","2026-05-19T15:46:41.000Z","2026-05-19T15:46:42.000Z","2026-05-19T15:46:43.000Z","2026-05-19T15:46:44.000Z","2026-05-19T15:46:45.000Z","2026-05-19T15:46:46.000Z","2026-05-19T15:46:47.000Z","2026-05-19T15:46:48.000Z","2026-05-19T15:46:49.000Z","2026-05-19T15:46:50.000Z","2026-05-19T15:46:51.000Z","2026-05-19T15:46:52.000Z","2026-05-19T15:46:53.000Z","2026-05-19T15:46:54.000Z","2026-05-19T15:46:55.000Z","2026-05-19T15:46:56.000Z","2026-05-19T15:46:57.000Z","2026-05-19T15:46:58.000Z","2026-05-19T15:46:59.000Z","2026-05-19T15:47:00.000Z","2026-05-19T15:47:01.000Z","2026-05-19T15:47:02.000Z","2026-05-19T15:47:03.000Z","2026-05-19T15:47:04.000Z","2026-05-19T15:47:05.000Z","2026-05-19T15:47:06.000Z","2026-05-19T15:47:07.000Z","2026-05-19T15:47:08.000Z","2026-05-19T15:47:09.000Z","2026-05-19T15:47:10.000Z","2026-05-19T15:47:11.000Z","2026-05-19T15:47:12.000Z","2026-05-19T15:47:13.000Z","2026-05-19T15:47:14.000Z","2026-05-19T15:47:15.000Z","2026-05-19T15:47:16.000Z","2026-05-19T15:47:17.000Z","2026-05-19T15:47:18.000Z","2026-05-19T15:47:19.000Z","2026-05-19T15:47:20.000Z","2026-05-19T15:47:21.000Z","2026-05-19T15:47:22.000Z","2026-05-19T15:47:23.000Z","2026-05-19T15:47:24.000Z","2026-05-19T15:47:25.000Z","2026-05-19T15:47:26.000Z","2026-05-19T15:47:27.000Z","2026-05-19T15:47:28.000Z","2026-05-19T15:47:29.000Z","2026-05-19T15:47:30.000Z","2026-05-19T15:47:31.000Z","2026-05-19T15:47:32.000Z","2026-05-19T15:47:33.000Z","2026-05-19T15:47:34.000Z","2026-05-19T15:47:35.000Z","2026-05-19T15:47:36.000Z","2026-05-19T15:47:37.000Z"],"ns3:TrackPointExtensions":[72,73,74,74,74,74,75,76,76,77,78,80,80,81,82,84,84,83,83,83,82,82,82,82,83,83,83,83,83,84,84,84,84,84,83,83,83,83,82,81,80,80,80,80,80,80,81,81,81,81,81,81,81,81,81,83,83,84,84,84,85,85,85,85,85,85,85,85,86,86,86,86,85,85,85,85,85,86,86,86,86,86,86,86,86,85,84,84,84,84,84,84,84,84,84,84,84,84,84,84,84,84,84,84,84,84,84,84]},"stroke-opacity":1,"stroke":"rgba(255, 0, 0, 1)","stroke-width":4},"geometry":{"type":"LineString","coordinates":[[-71.090944,42.336986,3],[-71.09094,42.336984,3],[-71.090944,42.336985,3],[-71.090949,42.33698,3],[-71.090948,42.336984,3],[-71.090948,42.336984,3.2],[-71.090951,42.336984,3.2],[-71.09096,42.336986,3.2],[-71.09097,42.336992,3.2],[-71.090977,42.336998,3.2],[-71.090982,42.337002,3.2],[-71.090986,42.337005,3.2],[-71.090991,42.337005,3.2],[-71.090998,42.337009,3.2],[-71.091003,42.337012,3.2],[-71.091007,42.337011,3.2],[-71.091008,42.337013,3.2],[-71.091014,42.337019,3.2],[-71.09102,42.337022,3.2],[-71.09103,42.337021,3],[-71.091042,42.337024,3],[-71.091049,42.337026,3],[-71.091059,42.337028,3],[-71.091068,42.337033,3],[-71.091079,42.337034,3],[-71.091089,42.337037,3],[-71.0911,42.337042,3],[-71.091108,42.337051,3],[-71.091115,42.337061,3],[-71.091123,42.337068,3],[-71.091129,42.337078,3],[-71.091132,42.337086,3],[-71.091136,42.337099,3],[-71.091142,42.337109,3],[-71.091146,42.337119,3],[-71.091154,42.337131,3],[-71.091159,42.337143,3],[-71.09116,42.337153,3],[-71.091161,42.337159,3],[-71.091165,42.337167,3],[-71.091166,42.33718,3],[-71.091171,42.337188,3],[-71.09118,42.337193,2.8],[-71.091215,42.3372,2.8],[-71.091227,42.337199,2.8],[-71.09124,42.337204,2.8],[-71.091249,42.337212,2.8],[-71.091251,42.337221,3.4],[-71.091248,42.337233,3.4],[-71.09125,42.337243,3.4],[-71.091254,42.337252,3.4],[-71.091263,42.337264,3.4],[-71.09127,42.337272,3.2],[-71.091279,42.337279,3.2],[-71.091288,42.337291,3.2],[-71.091294,42.337301,3.2],[-71.091299,42.33731,3.2],[-71.091302,42.337315,3.2],[-71.091305,42.33732,3.2],[-71.091308,42.337326,3.2],[-71.091309,42.337332,3.2],[-71.091308,42.337341,3],[-71.091307,42.337352,3],[-71.091304,42.337361,3],[-71.091302,42.337366,3],[-71.091298,42.337367,3],[-71.091292,42.337374,3],[-71.091285,42.337382,3],[-71.091275,42.337387,3],[-71.091263,42.337391,2.8],[-71.091251,42.337397,2.8],[-71.091243,42.337401,2.8],[-71.091234,42.337407,3],[-71.09122,42.337412,3],[-71.091205,42.337417,3],[-71.091193,42.337425,3],[-71.091188,42.337436,3],[-71.09118,42.337446,3],[-71.09117,42.337455,3],[-71.091164,42.337464,3.2],[-71.091159,42.337472,3.4],[-71.091154,42.337474,3.4],[-71.09115,42.337484,3.4],[-71.091148,42.337487,3.4],[-71.091149,42.337495,3.4],[-71.091152,42.337501,3.4],[-71.091161,42.337509,3.4],[-71.091166,42.337523,3.4],[-71.091177,42.337542,3.4],[-71.091182,42.337557,3.4],[-71.091193,42.337573,3.4],[-71.091202,42.337585,3.4],[-71.091215,42.337593,3.2],[-71.091228,42.337603,3],[-71.091233,42.337607,3],[-71.091238,42.337617,3],[-71.091239,42.337631,3],[-71.091237,42.337642,3],[-71.091235,42.337654,3],[-71.091235,42.337661,3],[-71.091233,42.33767,2.8],[-71.091234,42.337676,2.8],[-71.091233,42.337685,2.6],[-71.09123,42.337696,2.6],[-71.091225,42.337705,2.6],[-71.091225,42.337712,2.4],[-71.091225,42.337722,2.4],[-71.091225,42.337728,2.4]]},"bbox":[-71.091309,42.33698,-71.09094,42.337728]},{"type":"Feature","properties":{"_gpxType":"trk","name":"Boston Running","type":"running","time":"2026-05-14T18:03:18.000Z","coordinateProperties":{"times":["2026-05-14T18:03:18.000Z","2026-05-14T18:03:19.000Z","2026-05-14T18:03:20.000Z","2026-05-14T18:03:21.000Z","2026-05-14T18:03:22.000Z","2026-05-14T18:03:23.000Z","2026-05-14T18:03:24.000Z","2026-05-14T18:03:25.000Z","2026-05-14T18:03:26.000Z","2026-05-14T18:03:27.000Z","2026-05-14T18:03:28.000Z","2026-05-14T18:03:29.000Z","2026-05-14T18:03:30.000Z","2026-05-14T18:03:31.000Z","2026-05-14T18:03:32.000Z","2026-05-14T18:03:33.000Z","2026-05-14T18:03:34.000Z","2026-05-14T18:03:35.000Z","2026-05-14T18:03:36.000Z","2026-05-14T18:03:37.000Z","2026-05-14T18:03:38.000Z","2026-05-14T18:03:39.000Z","2026-05-14T18:03:40.000Z","2026-05-14T18:03:41.000Z","2026-05-14T18:03:42.000Z","2026-05-14T18:03:43.000Z","2026-05-14T18:03:44.000Z","2026-05-14T18:03:45.000Z","2026-05-14T18:03:46.000Z","2026-05-14T18:03:47.000Z","2026-05-14T18:03:48.000Z","2026-05-14T18:03:49.000Z","2026-05-14T18:03:50.000Z","2026-05-14T18:03:51.000Z","2026-05-14T18:03:52.000Z","2026-05-14T18:03:53.000Z","2026-05-14T18:03:54.000Z","2026-05-14T18:03:55.000Z","2026-05-14T18:03:56.000Z","2026-05-14T18:03:57.000Z","2026-05-14T18:03:58.000Z","2026-05-14T18:03:59.000Z","2026-05-14T18:04:00.000Z","2026-05-14T18:04:01.000Z","2026-05-14T18:04:02.000Z","2026-05-14T18:04:03.000Z","2026-05-14T18:04:04.000Z","2026-05-14T18:04:05.000Z","2026-05-14T18:04:06.000Z","2026-05-14T18:04:07.000Z","2026-05-14T18:04:08.000Z","2026-05-14T18:04:09.000Z","2026-05-14T18:04:10.000Z","2026-05-14T18:04:11.000Z","2026-05-14T18:04:12.000Z","2026-05-14T18:04:13.000Z","2026-05-14T18:04:14.000Z","2026-05-14T18:04:15.000Z","2026-05-14T18:04:16.000Z","2026-05-14T18:04:17.000Z","2026-05-14T18:04:18.000Z","2026-05-14T18:04:19.000Z","2026-05-14T18:04:20.000Z","2026-05-14T18:04:21.000Z","2026-05-14T18:04:22.000Z","2026-05-14T18:04:23.000Z","2026-05-14T18:04:24.000Z","2026-05-14T18:04:25.000Z","2026-05-14T18:04:26.000Z","2026-05-14T18:04:27.000Z","2026-05-14T18:04:28.000Z","2026-05-14T18:04:29.000Z","2026-05-14T18:04:30.000Z","2026-05-14T18:04:31.000Z","2026-05-14T18:04:32.000Z","2026-05-14T18:04:33.000Z","2026-05-14T18:04:34.000Z","2026-05-14T18:04:35.000Z","2026-05-14T18:04:36.000Z","2026-05-14T18:04:37.000Z","2026-05-14T18:04:38.000Z","2026-05-14T18:04:39.000Z","2026-05-14T18:04:40.000Z","2026-05-14T18:04:41.000Z","2026-05-14T18:04:42.000Z","2026-05-14T18:04:43.000Z","2026-05-14T18:04:44.000Z","2026-05-14T18:04:45.000Z","2026-05-14T18:04:46.000Z","2026-05-14T18:04:47.000Z","2026-05-14T18:04:48.000Z","2026-05-14T18:04:49.000Z","2026-05-14T18:04:50.000Z","2026-05-14T18:04:51.000Z","2026-05-14T18:04:52.000Z","2026-05-14T18:04:53.000Z","2026-05-14T18:04:54.000Z","2026-05-14T18:04:55.000Z","2026-05-14T18:04:56.000Z","2026-05-14T18:04:57.000Z","2026-05-14T18:04:58.000Z","2026-05-14T18:04:59.000Z","2026-05-14T18:05:00.000Z","2026-05-14T18:05:01.000Z","2026-05-14T18:05:02.000Z","2026-05-14T18:05:03.000Z","2026-05-14T18:05:04.000Z","2026-05-14T18:05:05.000Z","2026-05-14T18:05:06.000Z","2026-05-14T18:05:07.000Z","2026-05-14T18:05:08.000Z","2026-05-14T18:05:09.000Z","2026-05-14T18:05:10.000Z","2026-05-14T18:05:11.000Z","2026-05-14T18:05:12.000Z","2026-05-14T18:05:13.000Z","2026-05-14T18:05:14.000Z","2026-05-14T18:05:15.000Z","2026-05-14T18:05:16.000Z","2026-05-14T18:05:17.000Z","2026-05-14T18:05:18.000Z","2026-05-14T18:05:19.000Z","2026-05-14T18:05:20.000Z","2026-05-14T18:05:21.000Z","2026-05-14T18:05:22.000Z","2026-05-14T18:05:23.000Z","2026-05-14T18:05:24.000Z","2026-05-14T18:05:25.000Z","2026-05-14T18:05:26.000Z","2026-05-14T18:05:27.000Z","2026-05-14T18:05:28.000Z","2026-05-14T18:05:29.000Z","2026-05-14T18:05:30.000Z","2026-05-14T18:05:31.000Z","2026-05-14T18:05:32.000Z","2026-05-14T18:05:33.000Z","2026-05-14T18:05:34.000Z","2026-05-14T18:05:35.000Z","2026-05-14T18:05:36.000Z","2026-05-14T18:05:37.000Z","2026-05-14T18:05:38.000Z","2026-05-14T18:05:39.000Z","2026-05-14T18:05:40.000Z","2026-05-14T18:05:41.000Z","2026-05-14T18:05:42.000Z","2026-05-14T18:05:43.000Z","2026-05-14T18:05:44.000Z","2026-05-14T18:05:45.000Z","2026-05-14T18:05:46.000Z","2026-05-14T18:05:47.000Z","2026-05-14T18:05:48.000Z","2026-05-14T18:05:49.000Z","2026-05-14T18:05:50.000Z","2026-05-14T18:05:51.000Z","2026-05-14T18:05:52.000Z","2026-05-14T18:05:53.000Z","2026-05-14T18:05:54.000Z","2026-05-14T18:05:55.000Z","2026-05-14T18:05:56.000Z","2026-05-14T18:05:57.000Z","2026-05-14T18:05:58.000Z","2026-05-14T18:05:59.000Z","2026-05-14T18:06:00.000Z","2026-05-14T18:06:01.000Z","2026-05-14T18:06:02.000Z","2026-05-14T18:06:03.000Z","2026-05-14T18:06:04.000Z","2026-05-14T18:06:05.000Z","2026-05-14T18:06:06.000Z","2026-05-14T18:06:07.000Z","2026-05-14T18:06:08.000Z","2026-05-14T18:06:09.000Z","2026-05-14T18:06:10.000Z","2026-05-14T18:06:11.000Z","2026-05-14T18:06:12.000Z","2026-05-14T18:06:13.000Z","2026-05-14T18:06:14.000Z","2026-05-14T18:06:15.000Z","2026-05-14T18:06:16.000Z","2026-05-14T18:06:17.000Z","2026-05-14T18:06:18.000Z","2026-05-14T18:06:19.000Z","2026-05-14T18:06:20.000Z","2026-05-14T18:06:21.000Z","2026-05-14T18:06:22.000Z","2026-05-14T18:06:23.000Z","2026-05-14T18:06:24.000Z","2026-05-14T18:06:25.000Z","2026-05-14T18:06:26.000Z","2026-05-14T18:06:27.000Z","2026-05-14T18:06:28.000Z","2026-05-14T18:06:29.000Z","2026-05-14T18:06:30.000Z","2026-05-14T18:06:31.000Z","2026-05-14T18:06:32.000Z","2026-05-14T18:06:33.000Z","2026-05-14T18:06:34.000Z","2026-05-14T18:06:35.000Z","2026-05-14T18:06:36.000Z","2026-05-14T18:06:37.000Z","2026-05-14T18:06:38.000Z","2026-05-14T18:06:39.000Z","2026-05-14T18:06:40.000Z","2026-05-14T18:06:41.000Z","2026-05-14T18:06:42.000Z","2026-05-14T18:06:43.000Z","2026-05-14T18:06:44.000Z","2026-05-14T18:06:45.000Z","2026-05-14T18:06:46.000Z","2026-05-14T18:06:47.000Z","2026-05-14T18:06:48.000Z","2026-05-14T18:06:49.000Z","2026-05-14T18:06:50.000Z","2026-05-14T18:06:51.000Z","2026-05-14T18:06:52.000Z","2026-05-14T18:06:53.000Z","2026-05-14T18:06:54.000Z","2026-05-14T18:06:55.000Z","2026-05-14T18:06:56.000Z","2026-05-14T18:06:57.000Z","2026-05-14T18:06:58.000Z","2026-05-14T18:06:59.000Z","2026-05-14T18:07:00.000Z","2026-05-14T18:07:01.000Z","2026-05-14T18:07:02.000Z","2026-05-14T18:07:03.000Z","2026-05-14T18:07:04.000Z","2026-05-14T18:07:05.000Z","2026-05-14T18:07:06.000Z","2026-05-14T18:07:07.000Z","2026-05-14T18:07:08.000Z","2026-05-14T18:07:09.000Z","2026-05-14T18:07:10.000Z","2026-05-14T18:07:11.000Z","2026-05-14T18:07:12.000Z","2026-05-14T18:07:13.000Z","2026-05-14T18:07:14.000Z","2026-05-14T18:07:15.000Z","2026-05-14T18:07:16.000Z","2026-05-14T18:07:17.000Z","2026-05-14T18:07:18.000Z"],"ns3:TrackPointExtensions":[87,88,88,88,88,88,88,88,88,88,88,89,89,91,91,91,90,90,90,90,90,90,90,90,90,90,90,89,89,89,88,88,87,87,86,86,86,85,85,85,85,85,85,85,85,85,86,86,86,86,86,86,86,86,86,86,86,86,87,87,88,88,88,89,89,89,89,89,88,88,88,88,87,87,86,85,85,84,84,84,84,83,83,82,82,82,81,81,81,81,81,81,81,81,81,81,81,80,80,80,80,80,81,81,81,80,79,79,79,79,80,80,80,80,80,80,80,80,80,80,80,79,79,79,79,80,80,81,81,82,82,83,83,83,83,83,83,83,84,84,85,86,86,86,86,86,86,86,86,86,86,86,86,85,85,85,85,86,86,86,86,86,86,86,86,86,86,86,86,86,86,85,85,85,85,85,84,84,84,84,84,84,84,84,84,84,84,84,84,84,84,84,84,84,84,85,85,85,86,86,86,86,86,86,86,86,86,85,85,84,83,83,83,84,84,84,84,84,84,85,85,84,85,85,85,85,85,85,85,85,84,84,84,84,85,85,86,88,89,88,87]},"stroke-width":4,"stroke-opacity":1,"stroke":"rgba(255, 0, 0, 1)"},"geometry":{"type":"LineString","coordinates":[[-71.092416,42.338742,5],[-71.0924,42.338748,5.2],[-71.092386,42.338753,5.2],[-71.092373,42.338761,5.2],[-71.09236,42.33877,5.2],[-71.092347,42.338781,5.2],[-71.092334,42.338793,5.2],[-71.092322,42.338804,5.2],[-71.09231,42.338815,5.2],[-71.092296,42.338826,5.2],[-71.092283,42.338835,5.2],[-71.092273,42.338843,5.2],[-71.09226,42.338851,5.2],[-71.092245,42.338858,5.2],[-71.092232,42.338863,5.2],[-71.09222,42.338869,5.2],[-71.09221,42.338875,5.2],[-71.092199,42.33888,5.4],[-71.092185,42.338886,5.4],[-71.09217,42.338892,6.4],[-71.092159,42.338903,7.2],[-71.092145,42.338911,7.2],[-71.092129,42.338915,7.4],[-71.092112,42.338919,7.4],[-71.092091,42.338914,7],[-71.092069,42.338907,7],[-71.092049,42.338898,7],[-71.092031,42.33889,7],[-71.092014,42.338882,6.8],[-71.091999,42.338871,6.8],[-71.091986,42.338862,6.4],[-71.091974,42.338853,6],[-71.091963,42.338842,5.8],[-71.091947,42.338838,5.8],[-71.091932,42.338832,5.8],[-71.091916,42.338825,5.8],[-71.091899,42.33882,5.8],[-71.091882,42.338819,6.2],[-71.091865,42.338819,6.4],[-71.091849,42.338816,6.4],[-71.091832,42.338814,6.4],[-71.091816,42.338811,6.6],[-71.0918,42.338808,6.6],[-71.091781,42.338806,6.6],[-71.091762,42.338807,6.8],[-71.091743,42.338807,6.8],[-71.091725,42.338805,6.8],[-71.091707,42.338803,6.8],[-71.09169,42.338803,6.8],[-71.091675,42.338803,7],[-71.091657,42.338799,7],[-71.091641,42.338794,7],[-71.091625,42.338791,7],[-71.09161,42.338788,7],[-71.091599,42.338784,7],[-71.091578,42.338789,7],[-71.091565,42.338784,7],[-71.09155,42.338782,7],[-71.091537,42.33878,6.8],[-71.091522,42.338776,6.8],[-71.091505,42.33877,6.8],[-71.091487,42.338768,6.8],[-71.091471,42.338765,6.8],[-71.091453,42.33876,6.8],[-71.091435,42.338755,6.8],[-71.091418,42.338753,6.8],[-71.091403,42.338749,6.8],[-71.091389,42.338744,6.8],[-71.091375,42.338732,6.8],[-71.091362,42.338719,6.8],[-71.091347,42.338711,6.8],[-71.091329,42.338706,6.8],[-71.091312,42.338701,6.8],[-71.091296,42.338692,6.6],[-71.091275,42.338684,6.6],[-71.091257,42.338673,6.8],[-71.091239,42.338664,6.8],[-71.091221,42.338657,6.8],[-71.091204,42.338652,6.8],[-71.091188,42.338647,6.8],[-71.091173,42.338641,6.8],[-71.091159,42.338633,6.8],[-71.091146,42.338624,6.8],[-71.091131,42.338618,6.8],[-71.091115,42.338611,7],[-71.0911,42.338603,7],[-71.091084,42.3386,7],[-71.09107,42.338599,7],[-71.091055,42.338593,7],[-71.091041,42.338585,7],[-71.091027,42.338579,7.6],[-71.091013,42.338579,7.8],[-71.090996,42.33858,8],[-71.090979,42.338581,8.2],[-71.090962,42.338578,8.2],[-71.090947,42.338576,8.2],[-71.090933,42.338573,8.2],[-71.090922,42.338568,8.2],[-71.090911,42.338559,8.2],[-71.090903,42.338547,8],[-71.090897,42.338537,8],[-71.090891,42.338527,8],[-71.090885,42.338503,8],[-71.090885,42.338503,8],[-71.090886,42.338488,8],[-71.090893,42.33847,8],[-71.090903,42.338449,8],[-71.090916,42.338432,8],[-71.090925,42.338419,8],[-71.090937,42.338405,8],[-71.090939,42.338392,8],[-71.090945,42.338378,8],[-71.090958,42.338369,7.6],[-71.090969,42.33836,7.6],[-71.090975,42.338351,7.6],[-71.090983,42.338344,7.6],[-71.090988,42.338334,7.6],[-71.090993,42.338321,7.8],[-71.090994,42.338309,7.8],[-71.091023,42.338297,7.8],[-71.091047,42.338286,8],[-71.091054,42.338283,8],[-71.091073,42.338271,8],[-71.091091,42.338255,8.2],[-71.091112,42.338241,8.2],[-71.091119,42.338218,8.4],[-71.091126,42.338186,8.4],[-71.09114,42.338161,8.6],[-71.091154,42.338132,8.6],[-71.091174,42.338109,8.6],[-71.091189,42.338094,8.6],[-71.091207,42.338086,8.6],[-71.091218,42.338072,8.6],[-71.091225,42.33806,8.6],[-71.091228,42.33804,8.8],[-71.091225,42.338015,8.8],[-71.091218,42.338007,8.8],[-71.091213,42.338,8.8],[-71.091209,42.337995,8.8],[-71.091207,42.337986,9],[-71.091206,42.337972,9],[-71.09119,42.33795,9],[-71.091171,42.337928,9],[-71.091168,42.337916,9],[-71.091166,42.337904,9],[-71.091165,42.337892,9],[-71.091165,42.33788,9.2],[-71.091168,42.33787,9.2],[-71.091174,42.337859,9.2],[-71.091184,42.337849,9.2],[-71.091188,42.337837,9.2],[-71.091178,42.337826,9.2],[-71.091177,42.337815,9.4],[-71.091177,42.337799,9.4],[-71.091172,42.337781,9.4],[-71.091167,42.337759,9.4],[-71.091152,42.337729,9.4],[-71.09114,42.337694,9.6],[-71.091134,42.337677,9.6],[-71.091125,42.337664,9.6],[-71.091118,42.337652,9.6],[-71.091115,42.33764,9.6],[-71.091112,42.337628,9.6],[-71.091109,42.33762,9.6],[-71.091106,42.337602,9.6],[-71.091101,42.337588,9.6],[-71.091097,42.337575,9.8],[-71.091096,42.337559,9.8],[-71.09109,42.337555,9.8],[-71.091085,42.337544,9.8],[-71.091083,42.337531,9.8],[-71.091091,42.337517,9.8],[-71.091096,42.337502,9.8],[-71.091097,42.337491,9.8],[-71.091103,42.337487,9.8],[-71.091106,42.337478,9.8],[-71.091109,42.337463,10],[-71.091092,42.337428,10],[-71.091081,42.337395,10],[-71.091072,42.337367,10],[-71.091067,42.337345,10],[-71.091059,42.337327,10.2],[-71.09105,42.337314,10.2],[-71.091041,42.337298,10.2],[-71.091035,42.33728,10.2],[-71.091036,42.337263,10.4],[-71.091031,42.337248,10.4],[-71.091027,42.337238,10.4],[-71.091026,42.337229,10.6],[-71.091027,42.337219,10.6],[-71.091023,42.33721,10.6],[-71.091013,42.337214,10.6],[-71.091007,42.337214,10.6],[-71.091001,42.337214,10.6],[-71.090998,42.337204,10.8],[-71.090994,42.337199,10.6],[-71.09099,42.337187,10.8],[-71.09099,42.337175,10.8],[-71.090988,42.337163,10.6],[-71.090988,42.337153,10.6],[-71.090987,42.337143,10.6],[-71.090986,42.337134,10.8],[-71.090991,42.337124,10.8],[-71.090994,42.337111,10.8],[-71.090993,42.337096,10.8],[-71.090994,42.337082,11],[-71.090994,42.337067,11],[-71.090997,42.337051,11],[-71.090999,42.337037,11],[-71.091003,42.337022,11.2],[-71.091009,42.337006,11.2],[-71.091007,42.336998,11.2],[-71.091003,42.336993,11.2],[-71.090996,42.336987,11.2],[-71.090991,42.336978,11.4],[-71.090988,42.336969,11.4],[-71.090986,42.336963,11.4],[-71.090983,42.336953,11.6],[-71.090974,42.336947,11.6],[-71.090967,42.336941,11.6],[-71.090959,42.336936,11.6],[-71.090949,42.33693,11.6],[-71.090943,42.336925,11.6],[-71.090935,42.336921,11.6],[-71.090925,42.336916,11.6],[-71.090913,42.336913,11.6],[-71.090898,42.336911,11.6],[-71.090889,42.336905,11.6],[-71.090879,42.336897,11.6],[-71.090868,42.336892,11.6],[-71.090863,42.33689,11.6],[-71.090856,42.336884,11.6],[-71.090847,42.336883,11.6],[-71.090835,42.336882,11.6],[-71.090824,42.336883,11.6],[-71.090809,42.336884,11.6],[-71.090797,42.336885,11.6],[-71.090781,42.336885,11.8],[-71.090766,42.336884,11.8],[-71.090754,42.336875,11.8],[-71.090742,42.336872,11.8]]},"bbox":[-71.092416,42.336872,-71.090742,42.338919]},{"type":"Feature","properties":{"_gpxType":"trk","name":"Boston Running","type":"running","time":"2026-05-14T17:54:49.000Z","coordinateProperties":{"times":["2026-05-14T17:54:49.000Z","2026-05-14T17:54:50.000Z","2026-05-14T17:54:51.000Z","2026-05-14T17:54:52.000Z","2026-05-14T17:54:53.000Z","2026-05-14T17:54:54.000Z","2026-05-14T17:54:55.000Z","2026-05-14T17:54:56.000Z","2026-05-14T17:54:57.000Z","2026-05-14T17:54:58.000Z","2026-05-14T17:54:59.000Z","2026-05-14T17:55:00.000Z","2026-05-14T17:55:01.000Z","2026-05-14T17:55:02.000Z","2026-05-14T17:55:03.000Z","2026-05-14T17:55:04.000Z","2026-05-14T17:55:05.000Z","2026-05-14T17:55:06.000Z","2026-05-14T17:55:07.000Z","2026-05-14T17:55:08.000Z","2026-05-14T17:55:09.000Z","2026-05-14T17:55:10.000Z","2026-05-14T17:55:11.000Z","2026-05-14T17:55:12.000Z","2026-05-14T17:55:13.000Z","2026-05-14T17:55:14.000Z","2026-05-14T17:55:15.000Z","2026-05-14T17:55:16.000Z","2026-05-14T17:55:17.000Z","2026-05-14T17:55:18.000Z","2026-05-14T17:55:19.000Z","2026-05-14T17:55:20.000Z","2026-05-14T17:55:21.000Z","2026-05-14T17:55:22.000Z","2026-05-14T17:55:23.000Z","2026-05-14T17:55:24.000Z","2026-05-14T17:55:25.000Z","2026-05-14T17:55:26.000Z","2026-05-14T17:55:27.000Z","2026-05-14T17:55:28.000Z","2026-05-14T17:55:29.000Z","2026-05-14T17:55:30.000Z","2026-05-14T17:55:31.000Z","2026-05-14T17:55:32.000Z","2026-05-14T17:55:33.000Z","2026-05-14T17:55:34.000Z","2026-05-14T17:55:35.000Z","2026-05-14T17:55:36.000Z","2026-05-14T17:55:37.000Z","2026-05-14T17:55:38.000Z","2026-05-14T17:55:39.000Z","2026-05-14T17:55:40.000Z","2026-05-14T17:55:41.000Z","2026-05-14T17:55:42.000Z","2026-05-14T17:55:43.000Z","2026-05-14T17:55:44.000Z","2026-05-14T17:55:45.000Z","2026-05-14T17:55:46.000Z","2026-05-14T17:55:47.000Z","2026-05-14T17:55:48.000Z","2026-05-14T17:55:49.000Z","2026-05-14T17:55:50.000Z","2026-05-14T17:55:51.000Z","2026-05-14T17:55:52.000Z","2026-05-14T17:55:53.000Z","2026-05-14T17:55:54.000Z","2026-05-14T17:55:55.000Z","2026-05-14T17:55:56.000Z","2026-05-14T17:55:57.000Z","2026-05-14T17:55:58.000Z","2026-05-14T17:55:59.000Z","2026-05-14T17:56:00.000Z","2026-05-14T17:56:01.000Z","2026-05-14T17:56:02.000Z","2026-05-14T17:56:03.000Z","2026-05-14T17:56:04.000Z","2026-05-14T17:56:05.000Z","2026-05-14T17:56:06.000Z","2026-05-14T17:56:07.000Z","2026-05-14T17:56:08.000Z","2026-05-14T17:56:09.000Z","2026-05-14T17:56:10.000Z","2026-05-14T17:56:11.000Z","2026-05-14T17:56:12.000Z","2026-05-14T17:56:13.000Z","2026-05-14T17:56:14.000Z","2026-05-14T17:56:15.000Z","2026-05-14T17:56:16.000Z","2026-05-14T17:56:17.000Z","2026-05-14T17:56:18.000Z","2026-05-14T17:56:19.000Z","2026-05-14T17:56:20.000Z","2026-05-14T17:56:21.000Z","2026-05-14T17:56:22.000Z","2026-05-14T17:56:23.000Z","2026-05-14T17:56:24.000Z","2026-05-14T17:56:25.000Z","2026-05-14T17:56:26.000Z","2026-05-14T17:56:27.000Z","2026-05-14T17:56:28.000Z","2026-05-14T17:56:29.000Z","2026-05-14T17:56:30.000Z","2026-05-14T17:56:31.000Z","2026-05-14T17:56:32.000Z","2026-05-14T17:56:33.000Z","2026-05-14T17:56:34.000Z","2026-05-14T17:56:35.000Z","2026-05-14T17:56:36.000Z","2026-05-14T17:56:37.000Z","2026-05-14T17:56:38.000Z","2026-05-14T17:56:39.000Z","2026-05-14T17:56:40.000Z","2026-05-14T17:56:41.000Z","2026-05-14T17:56:42.000Z","2026-05-14T17:56:43.000Z","2026-05-14T17:56:44.000Z","2026-05-14T17:56:45.000Z","2026-05-14T17:56:46.000Z","2026-05-14T17:56:47.000Z","2026-05-14T17:56:48.000Z","2026-05-14T17:56:49.000Z","2026-05-14T17:56:50.000Z","2026-05-14T17:56:51.000Z","2026-05-14T17:56:52.000Z","2026-05-14T17:56:53.000Z","2026-05-14T17:56:54.000Z","2026-05-14T17:56:55.000Z","2026-05-14T17:56:56.000Z","2026-05-14T17:56:57.000Z","2026-05-14T17:56:58.000Z","2026-05-14T17:56:59.000Z","2026-05-14T17:57:00.000Z","2026-05-14T17:57:01.000Z","2026-05-14T17:57:02.000Z","2026-05-14T17:57:03.000Z","2026-05-14T17:57:04.000Z","2026-05-14T17:57:05.000Z","2026-05-14T17:57:06.000Z","2026-05-14T17:57:07.000Z","2026-05-14T17:57:08.000Z","2026-05-14T17:57:09.000Z","2026-05-14T17:57:10.000Z","2026-05-14T17:57:11.000Z","2026-05-14T17:57:12.000Z","2026-05-14T17:57:13.000Z","2026-05-14T17:57:14.000Z","2026-05-14T17:57:15.000Z","2026-05-14T17:57:16.000Z","2026-05-14T17:57:17.000Z","2026-05-14T17:57:18.000Z","2026-05-14T17:57:19.000Z","2026-05-14T17:57:20.000Z","2026-05-14T17:57:21.000Z","2026-05-14T17:57:22.000Z","2026-05-14T17:57:23.000Z","2026-05-14T17:57:24.000Z","2026-05-14T17:57:25.000Z","2026-05-14T17:57:26.000Z","2026-05-14T17:57:27.000Z","2026-05-14T17:57:28.000Z","2026-05-14T17:57:29.000Z","2026-05-14T17:57:30.000Z","2026-05-14T17:57:31.000Z","2026-05-14T17:57:32.000Z","2026-05-14T17:57:33.000Z","2026-05-14T17:57:34.000Z","2026-05-14T17:57:35.000Z","2026-05-14T17:57:36.000Z","2026-05-14T17:57:37.000Z","2026-05-14T17:57:38.000Z","2026-05-14T17:57:39.000Z","2026-05-14T17:57:40.000Z","2026-05-14T17:57:41.000Z","2026-05-14T17:57:42.000Z","2026-05-14T17:57:43.000Z","2026-05-14T17:57:44.000Z","2026-05-14T17:57:45.000Z","2026-05-14T17:57:46.000Z","2026-05-14T17:57:47.000Z","2026-05-14T17:57:48.000Z","2026-05-14T17:57:49.000Z","2026-05-14T17:57:50.000Z","2026-05-14T17:57:51.000Z","2026-05-14T17:57:52.000Z","2026-05-14T17:57:53.000Z","2026-05-14T17:57:54.000Z","2026-05-14T17:57:55.000Z","2026-05-14T17:57:56.000Z","2026-05-14T17:57:57.000Z","2026-05-14T17:57:58.000Z","2026-05-14T17:57:59.000Z","2026-05-14T17:58:00.000Z","2026-05-14T17:58:01.000Z","2026-05-14T17:58:02.000Z","2026-05-14T17:58:03.000Z","2026-05-14T17:58:04.000Z","2026-05-14T17:58:05.000Z","2026-05-14T17:58:06.000Z","2026-05-14T17:58:07.000Z","2026-05-14T17:58:08.000Z","2026-05-14T17:58:09.000Z","2026-05-14T17:58:10.000Z","2026-05-14T17:58:11.000Z","2026-05-14T17:58:12.000Z","2026-05-14T17:58:13.000Z","2026-05-14T17:58:14.000Z","2026-05-14T17:58:15.000Z","2026-05-14T17:58:16.000Z","2026-05-14T17:58:17.000Z","2026-05-14T17:58:18.000Z","2026-05-14T17:58:19.000Z","2026-05-14T17:58:20.000Z","2026-05-14T17:58:21.000Z","2026-05-14T17:58:22.000Z","2026-05-14T17:58:23.000Z","2026-05-14T17:58:24.000Z","2026-05-14T17:58:25.000Z","2026-05-14T17:58:26.000Z","2026-05-14T17:58:27.000Z","2026-05-14T17:58:28.000Z","2026-05-14T17:58:29.000Z","2026-05-14T17:58:30.000Z","2026-05-14T17:58:31.000Z","2026-05-14T17:58:32.000Z","2026-05-14T17:58:33.000Z","2026-05-14T17:58:34.000Z","2026-05-14T17:58:35.000Z","2026-05-14T17:58:36.000Z","2026-05-14T17:58:37.000Z","2026-05-14T17:58:38.000Z","2026-05-14T17:58:39.000Z","2026-05-14T17:58:40.000Z","2026-05-14T17:58:41.000Z","2026-05-14T17:58:42.000Z","2026-05-14T17:58:43.000Z","2026-05-14T17:58:44.000Z","2026-05-14T17:58:45.000Z","2026-05-14T17:58:46.000Z","2026-05-14T17:58:47.000Z","2026-05-14T17:58:48.000Z","2026-05-14T17:58:49.000Z","2026-05-14T17:58:50.000Z","2026-05-14T17:58:51.000Z","2026-05-14T17:58:52.000Z","2026-05-14T17:58:53.000Z","2026-05-14T17:58:54.000Z","2026-05-14T17:58:55.000Z","2026-05-14T17:58:56.000Z","2026-05-14T17:58:57.000Z","2026-05-14T17:58:58.000Z","2026-05-14T17:58:59.000Z","2026-05-14T17:59:00.000Z","2026-05-14T17:59:01.000Z","2026-05-14T17:59:02.000Z","2026-05-14T17:59:03.000Z","2026-05-14T17:59:04.000Z","2026-05-14T17:59:05.000Z","2026-05-14T17:59:06.000Z","2026-05-14T17:59:07.000Z","2026-05-14T17:59:08.000Z","2026-05-14T17:59:09.000Z","2026-05-14T17:59:10.000Z","2026-05-14T17:59:11.000Z","2026-05-14T17:59:12.000Z","2026-05-14T17:59:13.000Z","2026-05-14T17:59:14.000Z","2026-05-14T17:59:15.000Z","2026-05-14T17:59:16.000Z","2026-05-14T17:59:17.000Z","2026-05-14T17:59:18.000Z","2026-05-14T17:59:19.000Z","2026-05-14T17:59:20.000Z","2026-05-14T17:59:21.000Z","2026-05-14T17:59:22.000Z","2026-05-14T17:59:23.000Z","2026-05-14T17:59:24.000Z","2026-05-14T17:59:25.000Z","2026-05-14T17:59:26.000Z","2026-05-14T17:59:27.000Z","2026-05-14T17:59:28.000Z","2026-05-14T17:59:29.000Z","2026-05-14T17:59:30.000Z","2026-05-14T17:59:31.000Z","2026-05-14T17:59:32.000Z","2026-05-14T17:59:33.000Z","2026-05-14T17:59:34.000Z","2026-05-14T17:59:35.000Z","2026-05-14T17:59:36.000Z","2026-05-14T17:59:37.000Z","2026-05-14T17:59:38.000Z","2026-05-14T17:59:39.000Z","2026-05-14T17:59:40.000Z","2026-05-14T17:59:41.000Z","2026-05-14T17:59:42.000Z","2026-05-14T17:59:43.000Z","2026-05-14T17:59:44.000Z","2026-05-14T17:59:45.000Z","2026-05-14T17:59:46.000Z","2026-05-14T17:59:47.000Z","2026-05-14T17:59:48.000Z","2026-05-14T17:59:49.000Z","2026-05-14T17:59:50.000Z","2026-05-14T17:59:51.000Z","2026-05-14T17:59:52.000Z","2026-05-14T17:59:53.000Z","2026-05-14T17:59:54.000Z","2026-05-14T17:59:55.000Z","2026-05-14T17:59:56.000Z","2026-05-14T17:59:57.000Z","2026-05-14T17:59:58.000Z"],"ns3:TrackPointExtensions":[81,81,81,82,82,82,82,82,81,81,80,80,81,81,81,82,82,82,82,82,82,82,83,83,83,84,84,84,84,84,84,84,84,84,84,84,84,84,84,84,84,84,83,84,84,84,84,83,84,83,83,83,83,83,84,84,84,84,85,86,87,88,88,88,88,89,89,89,89,89,88,87,86,85,85,84,83,83,82,82,81,81,82,82,82,82,82,83,83,83,83,83,83,83,83,83,83,83,83,83,83,83,83,83,83,84,85,85,85,85,85,85,85,85,85,86,86,85,85,85,85,85,85,85,84,84,83,81,80,79,79,79,80,80,80,81,81,81,81,81,81,82,83,84,84,84,84,84,83,83,83,83,84,84,84,84,84,84,85,85,86,86,86,86,85,85,85,85,85,85,86,86,86,87,87,87,86,86,86,86,86,86,87,87,88,88,88,88,88,88,89,89,89,89,89,90,90,90,90,90,91,91,91,92,92,92,93,94,95,95,95,96,96,97,98,98,99,100,100,101,101,101,102,102,102,102,101,101,100,100,100,100,100,98,92,90,87,86,86,86,86,86,87,86,87,87,87,87,87,87,88,88,89,88,87,86,85,85,85,86,86,86,86,86,86,86,87,87,87,87,88,87,87,87,87,87,87,87,86,86,86,86,86,86,85,86,86,85,85,86,86,86,85,85,85,85,85,85,85,84,84,84,84,84,85,84,85,85,85,85]},"stroke-width":4,"stroke-opacity":1,"stroke":"rgba(255, 0, 0, 1)"},"geometry":{"type":"LineString","coordinates":[[-71.094872,42.341304,8],[-71.094878,42.341309,8],[-71.094873,42.341338,8],[-71.094873,42.341338,8],[-71.09485,42.341344,8],[-71.094838,42.341344,8],[-71.094826,42.341343,8],[-71.094813,42.341342,8],[-71.094798,42.341344,8],[-71.09478,42.341348,8],[-71.094763,42.341348,8],[-71.094748,42.341346,8],[-71.094719,42.341342,8],[-71.094719,42.341342,8],[-71.094705,42.341339,8],[-71.094689,42.341337,8],[-71.094674,42.341335,8],[-71.09466,42.341333,8],[-71.094643,42.34133,8.2],[-71.094628,42.341326,8.2],[-71.094615,42.341321,8.4],[-71.0946,42.341317,8.4],[-71.094586,42.341313,8.4],[-71.094571,42.341309,8.4],[-71.094557,42.341307,8.4],[-71.094542,42.341305,8.4],[-71.094526,42.341302,8.4],[-71.094512,42.341294,8.4],[-71.0945,42.341287,8.4],[-71.094489,42.341279,8.4],[-71.094475,42.341274,8.4],[-71.094463,42.341271,8.4],[-71.094451,42.341267,8.4],[-71.094437,42.341263,8.2],[-71.094419,42.341262,8],[-71.094401,42.341258,8],[-71.094387,42.341255,8],[-71.094373,42.341251,8],[-71.094358,42.341245,7.8],[-71.094344,42.341241,7.8],[-71.094332,42.341237,7.8],[-71.09432,42.341232,7.8],[-71.094305,42.341226,7.8],[-71.094289,42.341222,7.6],[-71.094274,42.341217,7.6],[-71.094262,42.341211,7.6],[-71.09425,42.341206,7.6],[-71.094235,42.341204,7.6],[-71.09422,42.341202,7.6],[-71.094204,42.341202,7.6],[-71.094188,42.341199,7.6],[-71.094173,42.341193,7.6],[-71.094156,42.341191,7.4],[-71.094139,42.341187,7.4],[-71.094121,42.341183,7.4],[-71.094104,42.341179,7.4],[-71.094088,42.341176,7.4],[-71.094071,42.341172,7.4],[-71.094054,42.341165,7.4],[-71.094034,42.34116,7.4],[-71.094019,42.341152,7.6],[-71.094004,42.34114,7.6],[-71.093979,42.341133,7.8],[-71.093966,42.341122,8],[-71.093958,42.341111,8],[-71.093947,42.341102,8.2],[-71.093934,42.341092,8.2],[-71.093919,42.341083,8.2],[-71.093906,42.341075,8.2],[-71.093896,42.341065,8.2],[-71.093887,42.341053,8.2],[-71.093879,42.34104,8.2],[-71.093875,42.341026,8.2],[-71.093893,42.341,8],[-71.093893,42.341,8],[-71.093905,42.340991,8],[-71.093922,42.340984,8],[-71.093936,42.340979,7.8],[-71.093954,42.340973,7.8],[-71.09397,42.340964,7.8],[-71.093984,42.340954,7.8],[-71.093998,42.340942,7.8],[-71.094012,42.340931,7.8],[-71.094026,42.340921,7.8],[-71.094039,42.340911,7.8],[-71.094051,42.3409,7.8],[-71.094066,42.340892,7.8],[-71.094078,42.340883,7.8],[-71.094091,42.340874,7.8],[-71.094105,42.340865,7.6],[-71.094118,42.340856,7.6],[-71.094133,42.340848,7.6],[-71.094148,42.340841,7.6],[-71.094161,42.340833,7.6],[-71.094176,42.340827,7.6],[-71.094189,42.34082,7.6],[-71.094201,42.340811,7.6],[-71.094216,42.340805,7.6],[-71.09423,42.3408,7.6],[-71.094243,42.34079,7.6],[-71.09426,42.340783,7.6],[-71.094277,42.34078,7.6],[-71.094293,42.340775,7.6],[-71.094309,42.340771,7.6],[-71.094324,42.340763,7.6],[-71.094338,42.340756,7.6],[-71.094351,42.34075,7.8],[-71.094365,42.340745,7.8],[-71.094378,42.340741,7.8],[-71.094393,42.340733,7.8],[-71.094407,42.340725,7.8],[-71.094421,42.340717,7.8],[-71.094438,42.340712,7.8],[-71.094455,42.340706,7.8],[-71.094472,42.340699,7.8],[-71.094488,42.340694,7.8],[-71.094503,42.340689,7.8],[-71.094519,42.340684,7.8],[-71.094536,42.340681,7.8],[-71.094554,42.340677,7.8],[-71.094569,42.340673,7.8],[-71.094581,42.34067,7.8],[-71.094586,42.340666,7.8],[-71.09458,42.340664,7.8],[-71.094568,42.340667,7.8],[-71.094558,42.340673,7.6],[-71.094545,42.340679,7.4],[-71.09453,42.340688,7.4],[-71.094516,42.340694,7.4],[-71.094501,42.340702,7.4],[-71.094486,42.340708,7.4],[-71.094472,42.340714,7.6],[-71.094459,42.34072,7.6],[-71.094446,42.340727,7.6],[-71.094431,42.340738,7.6],[-71.094416,42.340746,7.6],[-71.094401,42.340751,7.6],[-71.094383,42.340761,7.6],[-71.094367,42.340771,7.4],[-71.094353,42.340779,7.4],[-71.09434,42.340787,7.4],[-71.094325,42.340795,7.4],[-71.094309,42.340799,7.4],[-71.09429,42.340798,7.4],[-71.094273,42.3408,7.6],[-71.094256,42.340801,7.6],[-71.094238,42.340803,7.8],[-71.094219,42.340805,7.8],[-71.094201,42.340807,7.8],[-71.094184,42.340807,7.8],[-71.094167,42.340806,7.8],[-71.094149,42.340806,7.8],[-71.094134,42.340807,7.8],[-71.094119,42.34081,7.8],[-71.094104,42.340812,7.8],[-71.094088,42.340815,7.8],[-71.09407,42.340819,7.8],[-71.094053,42.340825,7.6],[-71.094038,42.340831,7.6],[-71.094024,42.340836,7.8],[-71.094009,42.340842,7.8],[-71.093994,42.340848,7.8],[-71.093978,42.340857,8],[-71.093964,42.340867,8],[-71.09395,42.340875,8],[-71.093933,42.34088,8],[-71.093917,42.340885,8.2],[-71.093902,42.340891,8.2],[-71.093887,42.340898,8.2],[-71.093871,42.340903,8.2],[-71.093855,42.340909,8.2],[-71.09384,42.340914,8.2],[-71.093827,42.340918,8.4],[-71.093812,42.340915,8.4],[-71.093797,42.340911,8.4],[-71.093781,42.340898,8.4],[-71.093769,42.340888,8.4],[-71.093753,42.340878,8.4],[-71.093738,42.34087,8.4],[-71.093725,42.340859,8.4],[-71.093713,42.340846,8.4],[-71.093703,42.340831,8.4],[-71.093694,42.340817,8.4],[-71.093682,42.3408,8.4],[-71.093673,42.340784,8.4],[-71.093667,42.340768,8.4],[-71.093658,42.340754,8.4],[-71.093652,42.340738,8.4],[-71.093641,42.340725,8.4],[-71.093632,42.340711,8.4],[-71.093623,42.340698,8.6],[-71.093614,42.340686,8.8],[-71.093604,42.340675,8.8],[-71.093595,42.340662,8.8],[-71.093587,42.340648,8.8],[-71.093577,42.340635,8.8],[-71.093566,42.34062,8.8],[-71.093556,42.340608,8.8],[-71.093544,42.340594,8.6],[-71.093529,42.340583,8.6],[-71.093518,42.340573,8.6],[-71.09351,42.340559,8.6],[-71.093497,42.340548,8.6],[-71.093485,42.340535,8.6],[-71.093467,42.340525,8.6],[-71.093455,42.340515,8.6],[-71.093447,42.340506,8.8],[-71.093435,42.340502,8.8],[-71.093428,42.340495,8.8],[-71.093425,42.340488,8.8],[-71.093422,42.340479,9.4],[-71.093421,42.34047,10],[-71.093414,42.340461,10.2],[-71.093408,42.340453,10.4],[-71.093406,42.340445,10.4],[-71.093404,42.340438,10.4],[-71.0934,42.340429,10.4],[-71.093394,42.340418,10.4],[-71.09339,42.340409,10.4],[-71.093386,42.3404,10.4],[-71.093381,42.340391,10.4],[-71.093376,42.340377,10.4],[-71.093376,42.340361,10.2],[-71.093371,42.340348,10.2],[-71.093364,42.340338,10],[-71.093356,42.340332,9.6],[-71.093349,42.340322,9.6],[-71.093339,42.340312,9.4],[-71.093327,42.340301,9.4],[-71.093314,42.340294,9],[-71.093303,42.340287,9],[-71.093293,42.340277,9],[-71.093285,42.340269,8.8],[-71.093277,42.340256,8.8],[-71.093265,42.340245,8.8],[-71.09325,42.340237,8.8],[-71.093236,42.340233,8.8],[-71.093223,42.340222,8.8],[-71.093211,42.340211,8.8],[-71.093202,42.3402,8.8],[-71.093192,42.340189,8.8],[-71.093182,42.340179,8.8],[-71.093171,42.340168,9],[-71.09316,42.340158,9],[-71.093152,42.340145,9],[-71.093151,42.340133,9],[-71.093145,42.340116,9],[-71.093136,42.340104,9.2],[-71.093123,42.340092,9.2],[-71.093112,42.34008,9.2],[-71.093103,42.340068,9.2],[-71.093094,42.340056,9.2],[-71.093083,42.340045,9.2],[-71.093066,42.340037,9.2],[-71.09305,42.340026,9.4],[-71.093033,42.340018,9.6],[-71.093018,42.340009,9.6],[-71.093004,42.339999,9.8],[-71.092993,42.339985,9.8],[-71.092983,42.339974,9.8],[-71.092973,42.339966,10],[-71.092965,42.339956,10],[-71.092958,42.339946,10.2],[-71.09295,42.339939,10.2],[-71.092939,42.33993,10.2],[-71.09293,42.339925,10.2],[-71.09292,42.339916,10.2],[-71.092909,42.339905,10.2],[-71.092898,42.339894,10.2],[-71.092894,42.339882,10.2],[-71.092881,42.339868,10.2],[-71.092869,42.339855,10.2],[-71.092859,42.339843,10.4],[-71.092849,42.339833,10.4],[-71.092834,42.339824,10.4],[-71.092816,42.339813,10.4],[-71.092803,42.339802,10.4],[-71.092793,42.339789,10.4],[-71.092784,42.339776,10.4],[-71.092771,42.339762,10.6],[-71.092764,42.339748,10.6],[-71.092752,42.339738,10.6],[-71.09274,42.339729,10.6],[-71.092729,42.339721,10.6],[-71.09272,42.339713,10.6],[-71.092709,42.339704,10.6],[-71.092698,42.339692,10.8],[-71.09269,42.33968,10.6],[-71.092681,42.339669,10.6],[-71.092673,42.339661,10.6],[-71.092663,42.339649,10.6],[-71.092659,42.33964,10.6],[-71.092648,42.339629,10.6],[-71.092639,42.339618,10.6],[-71.092629,42.339608,10.6],[-71.092623,42.339599,10.6],[-71.09262,42.339584,10.6],[-71.092617,42.339569,10.4],[-71.092611,42.339555,10.4],[-71.092607,42.339544,10.4],[-71.092602,42.339533,10.4],[-71.092597,42.339523,10.4],[-71.092591,42.339511,10.4],[-71.092585,42.3395,10.4],[-71.092578,42.339489,10.4],[-71.092575,42.33948,10.4],[-71.09257,42.339468,10.4],[-71.092563,42.339456,10.4],[-71.092555,42.339445,10.4],[-71.092544,42.339435,10.4]]},"bbox":[-71.094878,42.339435,-71.092544,42.341348]},{"type":"Feature","properties":{"_gpxType":"trk","name":"Boston Running","type":"running","time":"2026-05-14T17:47:17.000Z","coordinateProperties":{"times":["2026-05-14T17:47:17.000Z","2026-05-14T17:47:18.000Z","2026-05-14T17:47:19.000Z","2026-05-14T17:47:20.000Z","2026-05-14T17:47:21.000Z","2026-05-14T17:47:22.000Z","2026-05-14T17:47:23.000Z","2026-05-14T17:47:24.000Z","2026-05-14T17:47:25.000Z","2026-05-14T17:47:26.000Z","2026-05-14T17:47:27.000Z","2026-05-14T17:47:28.000Z","2026-05-14T17:47:29.000Z","2026-05-14T17:47:30.000Z","2026-05-14T17:47:31.000Z","2026-05-14T17:47:32.000Z","2026-05-14T17:47:33.000Z","2026-05-14T17:47:34.000Z","2026-05-14T17:47:35.000Z","2026-05-14T17:47:36.000Z","2026-05-14T17:47:37.000Z","2026-05-14T17:47:38.000Z","2026-05-14T17:47:39.000Z","2026-05-14T17:47:40.000Z","2026-05-14T17:47:41.000Z","2026-05-14T17:47:42.000Z","2026-05-14T17:47:43.000Z","2026-05-14T17:47:44.000Z","2026-05-14T17:47:45.000Z","2026-05-14T17:47:46.000Z","2026-05-14T17:47:47.000Z","2026-05-14T17:47:48.000Z","2026-05-14T17:47:49.000Z","2026-05-14T17:47:50.000Z","2026-05-14T17:47:51.000Z","2026-05-14T17:47:52.000Z","2026-05-14T17:47:53.000Z","2026-05-14T17:47:54.000Z","2026-05-14T17:47:55.000Z","2026-05-14T17:47:56.000Z","2026-05-14T17:47:57.000Z","2026-05-14T17:47:58.000Z","2026-05-14T17:47:59.000Z","2026-05-14T17:48:00.000Z","2026-05-14T17:48:01.000Z","2026-05-14T17:48:02.000Z","2026-05-14T17:48:03.000Z","2026-05-14T17:48:04.000Z","2026-05-14T17:48:05.000Z","2026-05-14T17:48:06.000Z","2026-05-14T17:48:07.000Z","2026-05-14T17:48:08.000Z","2026-05-14T17:48:09.000Z","2026-05-14T17:48:10.000Z","2026-05-14T17:48:11.000Z","2026-05-14T17:48:12.000Z","2026-05-14T17:48:13.000Z","2026-05-14T17:48:14.000Z","2026-05-14T17:48:15.000Z","2026-05-14T17:48:16.000Z","2026-05-14T17:48:17.000Z","2026-05-14T17:48:18.000Z","2026-05-14T17:48:19.000Z","2026-05-14T17:48:20.000Z","2026-05-14T17:48:21.000Z","2026-05-14T17:48:22.000Z","2026-05-14T17:48:23.000Z","2026-05-14T17:48:24.000Z","2026-05-14T17:48:25.000Z","2026-05-14T17:48:26.000Z","2026-05-14T17:48:27.000Z","2026-05-14T17:48:28.000Z","2026-05-14T17:48:29.000Z","2026-05-14T17:48:30.000Z","2026-05-14T17:48:31.000Z","2026-05-14T17:48:32.000Z","2026-05-14T17:48:33.000Z","2026-05-14T17:48:34.000Z","2026-05-14T17:48:35.000Z","2026-05-14T17:48:36.000Z","2026-05-14T17:48:37.000Z","2026-05-14T17:48:38.000Z","2026-05-14T17:48:39.000Z","2026-05-14T17:48:40.000Z","2026-05-14T17:48:41.000Z","2026-05-14T17:48:42.000Z","2026-05-14T17:48:43.000Z","2026-05-14T17:48:44.000Z","2026-05-14T17:48:45.000Z","2026-05-14T17:48:46.000Z","2026-05-14T17:48:47.000Z","2026-05-14T17:48:48.000Z","2026-05-14T17:48:49.000Z","2026-05-14T17:48:50.000Z","2026-05-14T17:48:51.000Z","2026-05-14T17:48:52.000Z","2026-05-14T17:48:53.000Z","2026-05-14T17:48:54.000Z","2026-05-14T17:48:55.000Z","2026-05-14T17:48:56.000Z","2026-05-14T17:48:57.000Z","2026-05-14T17:48:58.000Z","2026-05-14T17:48:59.000Z","2026-05-14T17:49:00.000Z","2026-05-14T17:49:01.000Z","2026-05-14T17:49:02.000Z","2026-05-14T17:49:03.000Z","2026-05-14T17:49:04.000Z","2026-05-14T17:49:05.000Z","2026-05-14T17:49:06.000Z","2026-05-14T17:49:07.000Z","2026-05-14T17:49:08.000Z","2026-05-14T17:49:09.000Z","2026-05-14T17:49:10.000Z","2026-05-14T17:49:11.000Z","2026-05-14T17:49:12.000Z","2026-05-14T17:49:13.000Z","2026-05-14T17:49:14.000Z","2026-05-14T17:49:15.000Z","2026-05-14T17:49:16.000Z","2026-05-14T17:49:17.000Z","2026-05-14T17:49:18.000Z","2026-05-14T17:49:19.000Z","2026-05-14T17:49:20.000Z","2026-05-14T17:49:21.000Z","2026-05-14T17:49:22.000Z","2026-05-14T17:49:23.000Z","2026-05-14T17:49:24.000Z","2026-05-14T17:49:25.000Z","2026-05-14T17:49:26.000Z","2026-05-14T17:49:27.000Z","2026-05-14T17:49:28.000Z","2026-05-14T17:49:29.000Z","2026-05-14T17:49:30.000Z","2026-05-14T17:49:31.000Z","2026-05-14T17:49:32.000Z","2026-05-14T17:49:33.000Z","2026-05-14T17:49:34.000Z","2026-05-14T17:49:35.000Z","2026-05-14T17:49:36.000Z","2026-05-14T17:49:37.000Z","2026-05-14T17:49:38.000Z","2026-05-14T17:49:39.000Z","2026-05-14T17:49:40.000Z","2026-05-14T17:49:41.000Z","2026-05-14T17:49:42.000Z","2026-05-14T17:49:43.000Z","2026-05-14T17:49:44.000Z","2026-05-14T17:49:45.000Z","2026-05-14T17:49:46.000Z","2026-05-14T17:49:47.000Z","2026-05-14T17:49:48.000Z","2026-05-14T17:49:49.000Z","2026-05-14T17:49:50.000Z","2026-05-14T17:49:51.000Z","2026-05-14T17:49:52.000Z","2026-05-14T17:49:53.000Z","2026-05-14T17:49:54.000Z","2026-05-14T17:49:55.000Z","2026-05-14T17:49:56.000Z","2026-05-14T17:49:57.000Z","2026-05-14T17:49:58.000Z","2026-05-14T17:49:59.000Z","2026-05-14T17:50:00.000Z","2026-05-14T17:50:01.000Z","2026-05-14T17:50:02.000Z","2026-05-14T17:50:03.000Z","2026-05-14T17:50:04.000Z","2026-05-14T17:50:05.000Z","2026-05-14T17:50:06.000Z","2026-05-14T17:50:07.000Z","2026-05-14T17:50:08.000Z","2026-05-14T17:50:09.000Z","2026-05-14T17:50:10.000Z","2026-05-14T17:50:11.000Z","2026-05-14T17:50:12.000Z","2026-05-14T17:50:13.000Z","2026-05-14T17:50:14.000Z","2026-05-14T17:50:15.000Z","2026-05-14T17:50:16.000Z","2026-05-14T17:50:17.000Z","2026-05-14T17:50:18.000Z","2026-05-14T17:50:19.000Z","2026-05-14T17:50:20.000Z","2026-05-14T17:50:21.000Z","2026-05-14T17:50:22.000Z","2026-05-14T17:50:23.000Z","2026-05-14T17:50:24.000Z","2026-05-14T17:50:25.000Z","2026-05-14T17:50:26.000Z","2026-05-14T17:50:27.000Z","2026-05-14T17:50:28.000Z","2026-05-14T17:50:29.000Z","2026-05-14T17:50:30.000Z","2026-05-14T17:50:31.000Z","2026-05-14T17:50:32.000Z","2026-05-14T17:50:33.000Z","2026-05-14T17:50:34.000Z","2026-05-14T17:50:35.000Z","2026-05-14T17:50:36.000Z","2026-05-14T17:50:37.000Z","2026-05-14T17:50:38.000Z","2026-05-14T17:50:39.000Z","2026-05-14T17:50:40.000Z","2026-05-14T17:50:41.000Z","2026-05-14T17:50:42.000Z","2026-05-14T17:50:43.000Z","2026-05-14T17:50:44.000Z","2026-05-14T17:50:45.000Z","2026-05-14T17:50:46.000Z","2026-05-14T17:50:47.000Z","2026-05-14T17:50:48.000Z","2026-05-14T17:50:49.000Z","2026-05-14T17:50:50.000Z","2026-05-14T17:50:51.000Z","2026-05-14T17:50:52.000Z","2026-05-14T17:50:53.000Z","2026-05-14T17:50:54.000Z","2026-05-14T17:50:55.000Z","2026-05-14T17:50:56.000Z","2026-05-14T17:50:57.000Z","2026-05-14T17:50:58.000Z","2026-05-14T17:50:59.000Z","2026-05-14T17:51:00.000Z","2026-05-14T17:51:01.000Z","2026-05-14T17:51:02.000Z","2026-05-14T17:51:03.000Z","2026-05-14T17:51:04.000Z","2026-05-14T17:51:05.000Z","2026-05-14T17:51:06.000Z","2026-05-14T17:51:07.000Z","2026-05-14T17:51:08.000Z","2026-05-14T17:51:09.000Z","2026-05-14T17:51:10.000Z","2026-05-14T17:51:11.000Z","2026-05-14T17:51:12.000Z","2026-05-14T17:51:13.000Z","2026-05-14T17:51:14.000Z","2026-05-14T17:51:15.000Z","2026-05-14T17:51:16.000Z","2026-05-14T17:51:17.000Z","2026-05-14T17:51:18.000Z","2026-05-14T17:51:19.000Z","2026-05-14T17:51:20.000Z","2026-05-14T17:51:21.000Z","2026-05-14T17:51:22.000Z","2026-05-14T17:51:23.000Z","2026-05-14T17:51:24.000Z"],"ns3:TrackPointExtensions":[80,79,79,79,79,78,78,78,78,78,78,78,78,78,78,79,79,80,80,81,81,81,81,81,81,82,82,84,84,85,85,85,85,85,85,85,85,85,85,85,84,84,84,84,84,84,83,83,83,83,83,83,83,83,83,83,83,83,83,83,83,83,83,83,83,84,84,84,84,84,84,84,84,84,85,85,85,85,86,86,86,86,85,86,86,86,86,87,87,87,87,87,87,87,87,87,86,86,86,85,85,86,85,85,86,86,86,86,86,85,85,85,84,84,84,84,85,85,86,86,86,85,85,85,85,85,85,86,86,86,86,87,86,87,87,86,86,86,86,86,86,86,86,86,86,86,86,85,85,85,85,85,85,85,85,85,84,84,84,84,84,84,84,84,84,85,86,86,87,86,86,86,86,85,85,85,85,84,84,84,84,84,84,85,85,85,85,86,86,86,86,86,86,86,86,86,86,86,86,86,86,86,86,85,85,85,85,84,84,84,84,84,84,84,84,84,84,84,83,83,83,83,83,83,83,83,83,83,83,83,83,83,83,83,83,84,84,84,84,84,84,84,84,84,84,84,84,84]},"stroke-width":4,"stroke-opacity":1,"stroke":"rgba(255, 0, 0, 1)"},"geometry":{"type":"LineString","coordinates":[[-71.093861,42.340931,16.6],[-71.093861,42.340943,16.4],[-71.093867,42.340953,16.200001],[-71.093874,42.340963,16],[-71.093882,42.340974,15.8],[-71.09389,42.340987,15.8],[-71.093899,42.341,15.6],[-71.093907,42.341011,15.4],[-71.093918,42.341022,15.2],[-71.09393,42.341031,15.2],[-71.093943,42.341039,15],[-71.093952,42.341047,15.2],[-71.093962,42.341057,15],[-71.093975,42.341064,15],[-71.09398,42.341072,14.8],[-71.093991,42.341081,14.8],[-71.094004,42.341092,14.8],[-71.094014,42.341105,14.8],[-71.094023,42.341114,14.6],[-71.094032,42.341123,14.6],[-71.094044,42.341133,14.4],[-71.094057,42.341139,14.2],[-71.094073,42.341148,14],[-71.09409,42.341157,14],[-71.094103,42.341169,13.8],[-71.094112,42.341182,13.8],[-71.094121,42.341195,13.6],[-71.094127,42.341208,13.6],[-71.094131,42.341221,13.6],[-71.094138,42.341232,13.4],[-71.094147,42.341243,13.4],[-71.094157,42.341253,13.2],[-71.094163,42.341267,13.2],[-71.094172,42.341279,13.2],[-71.094181,42.341291,13],[-71.094189,42.341301,13],[-71.0942,42.341312,12.8],[-71.094209,42.341322,12.8],[-71.09422,42.341331,12.8],[-71.094228,42.341341,12.6],[-71.094238,42.341352,12.6],[-71.094246,42.341365,12.6],[-71.094256,42.341378,12.4],[-71.094264,42.341388,12.4],[-71.094273,42.341399,12.4],[-71.094278,42.341412,12.4],[-71.094285,42.341428,12.4],[-71.094288,42.341446,12.2],[-71.094296,42.34146,12.2],[-71.0943,42.341473,12.2],[-71.094301,42.341488,12.2],[-71.0943,42.341503,12.2],[-71.094296,42.341517,12.2],[-71.094294,42.341529,12.2],[-71.094294,42.341541,12.2],[-71.094292,42.341558,12],[-71.094292,42.341571,12],[-71.09429,42.341585,12],[-71.094291,42.341598,12],[-71.094286,42.341616,12],[-71.094287,42.34163,11.8],[-71.094286,42.341645,11.8],[-71.094289,42.341655,11.8],[-71.094295,42.341665,11.6],[-71.094301,42.341677,11.6],[-71.094306,42.34169,11.6],[-71.094311,42.341701,11.4],[-71.094317,42.341712,11.4],[-71.094326,42.341723,11.4],[-71.09433,42.341735,11.4],[-71.094336,42.341748,11.2],[-71.09434,42.341759,11.2],[-71.094343,42.34177,11.2],[-71.094349,42.341781,11],[-71.094354,42.341793,11],[-71.094359,42.341806,11],[-71.094363,42.341819,10.8],[-71.094366,42.341831,10.8],[-71.09437,42.341843,10.8],[-71.094374,42.341856,10.8],[-71.094376,42.341869,10.6],[-71.094377,42.341882,10.6],[-71.094385,42.341894,10.6],[-71.094386,42.341907,10.4],[-71.094383,42.34192,10.4],[-71.094376,42.341932,10.4],[-71.094373,42.341945,10.2],[-71.094368,42.341955,10.2],[-71.094364,42.341968,10.2],[-71.094361,42.341981,10.2],[-71.094364,42.341995,10.2],[-71.094366,42.342008,10.2],[-71.094367,42.342021,10.2],[-71.094368,42.342032,10.2],[-71.094369,42.342042,10.2],[-71.094371,42.342054,10.2],[-71.094374,42.342065,10.2],[-71.094377,42.342076,10.2],[-71.094381,42.342088,10.2],[-71.094386,42.3421,10.2],[-71.09439,42.34211,10.2],[-71.094394,42.34212,10.2],[-71.094397,42.342131,10.2],[-71.094401,42.342142,10.2],[-71.094406,42.342153,10.2],[-71.094408,42.342165,10.2],[-71.094411,42.342176,10.2],[-71.094416,42.342186,10.2],[-71.094418,42.342194,10.2],[-71.094424,42.342204,10.2],[-71.094431,42.342216,10.2],[-71.094441,42.342227,10.2],[-71.094449,42.34224,10.2],[-71.094458,42.342252,10.2],[-71.094464,42.342265,10.2],[-71.094474,42.342278,10.2],[-71.094484,42.34229,10.2],[-71.094489,42.342301,10],[-71.094494,42.342314,10],[-71.094503,42.342325,10.2],[-71.094507,42.342337,10.2],[-71.094514,42.342349,10.2],[-71.094517,42.342358,10.2],[-71.094523,42.342368,10.2],[-71.094528,42.342381,10.2],[-71.094534,42.34239,10.2],[-71.094538,42.342399,10.2],[-71.09454,42.34241,10.2],[-71.094547,42.342424,10.2],[-71.094552,42.342437,10.2],[-71.094557,42.342451,10.2],[-71.094564,42.342464,10.2],[-71.094571,42.342477,10.2],[-71.094578,42.34249,10],[-71.094585,42.342504,10],[-71.094591,42.342516,10],[-71.094596,42.342527,10],[-71.0946,42.342538,10],[-71.094604,42.342549,10],[-71.094606,42.342561,10.2],[-71.094608,42.342573,10],[-71.094614,42.342586,10],[-71.094621,42.342597,10],[-71.094629,42.342608,10],[-71.094638,42.342616,10],[-71.094648,42.342623,10],[-71.094649,42.342623,10],[-71.094658,42.342624,10],[-71.094674,42.342625,10],[-71.094697,42.342621,10],[-71.094709,42.342616,10],[-71.094717,42.342606,10],[-71.094721,42.342598,10],[-71.094726,42.342589,10],[-71.094729,42.342579,10],[-71.094729,42.342564,10],[-71.094731,42.342552,10],[-71.094735,42.342539,9.8],[-71.094739,42.342525,9.8],[-71.094746,42.342513,9.8],[-71.094752,42.342501,9.8],[-71.094758,42.342489,9.6],[-71.094767,42.34248,9.6],[-71.094775,42.342468,9.6],[-71.094781,42.342454,9.6],[-71.094786,42.342439,9.6],[-71.094793,42.342427,9.6],[-71.094802,42.342417,9.6],[-71.094811,42.342407,9.4],[-71.09482,42.342398,9.4],[-71.094831,42.342388,9.4],[-71.094841,42.342378,9.4],[-71.094852,42.342371,9.4],[-71.094863,42.342362,9.4],[-71.094877,42.342353,9.4],[-71.094888,42.342343,9.4],[-71.0949,42.342335,9.4],[-71.094912,42.342324,9.4],[-71.094925,42.342314,9.4],[-71.094936,42.342304,9.4],[-71.094947,42.342293,9.2],[-71.094956,42.342284,9.2],[-71.094967,42.342275,9.2],[-71.094978,42.342266,9.2],[-71.094987,42.34226,9.2],[-71.094997,42.342253,9.2],[-71.095008,42.342246,9],[-71.095017,42.342238,9],[-71.095026,42.342229,9],[-71.095036,42.342218,9],[-71.095046,42.342208,9],[-71.095054,42.342197,9],[-71.095064,42.342188,9],[-71.095073,42.342179,9],[-71.095081,42.342168,9],[-71.09509,42.342159,9],[-71.0951,42.34215,8.8],[-71.095112,42.342139,8.8],[-71.095123,42.342128,8.8],[-71.095134,42.342118,8.8],[-71.095147,42.34211,8.8],[-71.095153,42.342098,8.8],[-71.095158,42.342085,8.8],[-71.095167,42.342073,8.6],[-71.095174,42.342061,8.6],[-71.095182,42.342049,8.6],[-71.095189,42.342038,8.6],[-71.095196,42.342026,8.4],[-71.095202,42.342013,8.4],[-71.095207,42.342001,8.4],[-71.095213,42.34199,8.4],[-71.095221,42.341978,8.4],[-71.095227,42.341968,8.4],[-71.095232,42.341956,8.4],[-71.095237,42.341944,8.4],[-71.095239,42.341931,8.4],[-71.09524,42.341918,8.4],[-71.095243,42.341905,8.2],[-71.095246,42.341893,8.2],[-71.095251,42.341882,8.2],[-71.095255,42.34187,8.2],[-71.09526,42.341858,8.2],[-71.095265,42.341846,8.2],[-71.095272,42.341835,8.2],[-71.095279,42.341825,8.2],[-71.095287,42.341815,8.2],[-71.095297,42.341805,8.2],[-71.095311,42.341795,8.2],[-71.095327,42.341788,8.4],[-71.095345,42.341784,8.4],[-71.095362,42.341781,8.4],[-71.095379,42.341778,8.4],[-71.095397,42.341776,8.4],[-71.095415,42.341774,8.4],[-71.095433,42.341771,8.4],[-71.09545,42.341768,8.4],[-71.095466,42.341763,8.2],[-71.095483,42.341759,8.2],[-71.095501,42.341756,8.2],[-71.095517,42.341752,8.2],[-71.095533,42.341748,8.2],[-71.09555,42.341745,8.2],[-71.095565,42.341741,8.2],[-71.095579,42.341737,8.2],[-71.095593,42.341731,8.2],[-71.095608,42.341724,8],[-71.095626,42.341719,8],[-71.095641,42.341714,8]]},"bbox":[-71.095641,42.340931,-71.093861,42.342625]},{"type":"Feature","properties":{"_gpxType":"trk","name":"Boston Running","type":"running","time":"2026-05-14T17:43:23.000Z","coordinateProperties":{"times":["2026-05-14T17:43:23.000Z","2026-05-14T17:43:24.000Z","2026-05-14T17:43:25.000Z","2026-05-14T17:43:26.000Z","2026-05-14T17:43:27.000Z","2026-05-14T17:43:28.000Z","2026-05-14T17:43:29.000Z","2026-05-14T17:43:30.000Z","2026-05-14T17:43:31.000Z","2026-05-14T17:43:32.000Z","2026-05-14T17:43:33.000Z","2026-05-14T17:43:34.000Z","2026-05-14T17:43:35.000Z","2026-05-14T17:43:36.000Z","2026-05-14T17:43:37.000Z","2026-05-14T17:43:38.000Z","2026-05-14T17:43:39.000Z","2026-05-14T17:43:40.000Z","2026-05-14T17:43:41.000Z","2026-05-14T17:43:42.000Z","2026-05-14T17:43:43.000Z","2026-05-14T17:43:44.000Z","2026-05-14T17:43:45.000Z","2026-05-14T17:43:46.000Z","2026-05-14T17:43:47.000Z","2026-05-14T17:43:48.000Z","2026-05-14T17:43:49.000Z","2026-05-14T17:43:50.000Z","2026-05-14T17:43:51.000Z","2026-05-14T17:43:52.000Z","2026-05-14T17:43:53.000Z","2026-05-14T17:43:54.000Z","2026-05-14T17:43:55.000Z","2026-05-14T17:43:56.000Z","2026-05-14T17:43:57.000Z","2026-05-14T17:43:58.000Z","2026-05-14T17:43:59.000Z","2026-05-14T17:44:00.000Z","2026-05-14T17:44:01.000Z","2026-05-14T17:44:02.000Z","2026-05-14T17:44:03.000Z","2026-05-14T17:44:04.000Z","2026-05-14T17:44:05.000Z","2026-05-14T17:44:06.000Z","2026-05-14T17:44:07.000Z","2026-05-14T17:44:08.000Z","2026-05-14T17:44:09.000Z","2026-05-14T17:44:10.000Z","2026-05-14T17:44:11.000Z","2026-05-14T17:44:12.000Z","2026-05-14T17:44:13.000Z","2026-05-14T17:44:14.000Z","2026-05-14T17:44:15.000Z","2026-05-14T17:44:16.000Z","2026-05-14T17:44:17.000Z","2026-05-14T17:44:18.000Z","2026-05-14T17:44:19.000Z","2026-05-14T17:44:20.000Z","2026-05-14T17:44:21.000Z","2026-05-14T17:44:22.000Z","2026-05-14T17:44:23.000Z","2026-05-14T17:44:24.000Z","2026-05-14T17:44:25.000Z","2026-05-14T17:44:26.000Z","2026-05-14T17:44:27.000Z","2026-05-14T17:44:28.000Z","2026-05-14T17:44:29.000Z","2026-05-14T17:44:30.000Z","2026-05-14T17:44:31.000Z","2026-05-14T17:44:32.000Z","2026-05-14T17:44:33.000Z","2026-05-14T17:44:34.000Z","2026-05-14T17:44:35.000Z","2026-05-14T17:44:36.000Z","2026-05-14T17:44:37.000Z","2026-05-14T17:44:38.000Z","2026-05-14T17:44:39.000Z","2026-05-14T17:44:40.000Z","2026-05-14T17:44:41.000Z","2026-05-14T17:44:42.000Z","2026-05-14T17:44:43.000Z","2026-05-14T17:44:44.000Z","2026-05-14T17:44:45.000Z","2026-05-14T17:44:46.000Z","2026-05-14T17:44:47.000Z","2026-05-14T17:44:48.000Z","2026-05-14T17:44:49.000Z","2026-05-14T17:44:50.000Z","2026-05-14T17:44:51.000Z","2026-05-14T17:44:52.000Z","2026-05-14T17:44:53.000Z","2026-05-14T17:44:54.000Z","2026-05-14T17:44:55.000Z","2026-05-14T17:44:56.000Z","2026-05-14T17:44:57.000Z","2026-05-14T17:44:58.000Z","2026-05-14T17:44:59.000Z","2026-05-14T17:45:00.000Z","2026-05-14T17:45:01.000Z","2026-05-14T17:45:02.000Z","2026-05-14T17:45:03.000Z","2026-05-14T17:45:04.000Z","2026-05-14T17:45:05.000Z","2026-05-14T17:45:06.000Z","2026-05-14T17:45:07.000Z","2026-05-14T17:45:08.000Z","2026-05-14T17:45:09.000Z","2026-05-14T17:45:10.000Z","2026-05-14T17:45:11.000Z","2026-05-14T17:45:12.000Z","2026-05-14T17:45:13.000Z","2026-05-14T17:45:14.000Z","2026-05-14T17:45:15.000Z","2026-05-14T17:45:16.000Z","2026-05-14T17:45:17.000Z","2026-05-14T17:45:18.000Z","2026-05-14T17:45:19.000Z","2026-05-14T17:45:20.000Z","2026-05-14T17:45:21.000Z","2026-05-14T17:45:22.000Z","2026-05-14T17:45:23.000Z"],"ns3:TrackPointExtensions":[83,83,83,82,81,80,80,80,78,77,77,77,77,78,80,81,82,84,84,84,84,84,84,84,84,84,83,84,84,84,84,84,84,84,84,84,84,84,84,85,84,85,84,84,84,84,84,84,84,85,85,84,83,83,83,83,83,83,83,85,87,87,88,88,88,88,88,88,88,88,88,87,87,87,87,87,87,87,87,87,87,87,87,87,87,87,87,88,88,88,88,88,89,89,89,90,89,89,89,89,89,88,88,88,88,88,88,88,87,87,87,87,86,86,86,86,86,86,85,86,86]},"stroke-width":4,"stroke-opacity":1,"stroke":"rgba(255, 0, 0, 1)"},"geometry":{"type":"LineString","coordinates":[[-71.092524,42.339139,6.2],[-71.092523,42.339139,6.2],[-71.092522,42.339139,6.2],[-71.092521,42.33914,6.2],[-71.092528,42.33915,6.2],[-71.092533,42.339159,6.2],[-71.092536,42.339166,6.2],[-71.092544,42.339174,6.2],[-71.092553,42.339182,6.4],[-71.092556,42.339185,6.4],[-71.09256,42.339199,6.4],[-71.092562,42.339208,6.4],[-71.092569,42.339219,6.4],[-71.092571,42.339228,6.4],[-71.092585,42.339242,6.4],[-71.092588,42.339256,6.4],[-71.092591,42.339271,6.4],[-71.092595,42.339286,6.4],[-71.092598,42.339298,6.4],[-71.092604,42.339313,6.4],[-71.092613,42.339329,6.4],[-71.09262,42.339343,6.4],[-71.092628,42.339359,6.4],[-71.092635,42.33937,6.4],[-71.092638,42.339383,6.4],[-71.092643,42.339393,6.4],[-71.092647,42.339404,6.4],[-71.092651,42.339415,6.4],[-71.092662,42.339422,6.4],[-71.092672,42.33943,6.4],[-71.092682,42.339441,6.4],[-71.09269,42.339451,6.4],[-71.092698,42.33946,6.4],[-71.092705,42.339469,6.4],[-71.09271,42.339479,6.4],[-71.092713,42.339492,6.4],[-71.092713,42.339503,6.4],[-71.092715,42.339514,6.4],[-71.092723,42.339523,6.4],[-71.092735,42.339534,6.4],[-71.092744,42.339543,6.4],[-71.092752,42.339553,6.4],[-71.092761,42.339563,6.4],[-71.092767,42.339572,6.4],[-71.092772,42.339582,6.4],[-71.092779,42.339594,6.4],[-71.092793,42.339608,6.4],[-71.092803,42.339619,6.4],[-71.092812,42.339628,6.4],[-71.092818,42.339638,6.4],[-71.092823,42.339647,6.4],[-71.092827,42.339655,6.4],[-71.092838,42.339665,6.4],[-71.092847,42.339676,6.4],[-71.092855,42.339687,6.4],[-71.092863,42.3397,6.4],[-71.092874,42.339705,6.4],[-71.092889,42.339708,6.4],[-71.092911,42.339716,6.4],[-71.092921,42.339727,6.4],[-71.092928,42.339739,6.4],[-71.092936,42.339752,6.4],[-71.092948,42.339766,6.4],[-71.092958,42.339778,6.4],[-71.092969,42.339786,6.4],[-71.09298,42.339795,6.4],[-71.092989,42.339803,6.4],[-71.092998,42.339816,6.4],[-71.093006,42.339825,6.4],[-71.093018,42.339844,6.4],[-71.093029,42.339862,6.4],[-71.093037,42.33988,6.4],[-71.093042,42.339896,6.4],[-71.093046,42.339907,6.4],[-71.093051,42.339921,6.4],[-71.093059,42.339937,6.4],[-71.093066,42.339948,6.4],[-71.093075,42.339962,6.4],[-71.093087,42.339976,6.4],[-71.093097,42.339985,6.6],[-71.093109,42.339997,6.6],[-71.093123,42.340011,6.6],[-71.093137,42.340017,6.6],[-71.093152,42.340024,6.6],[-71.093167,42.340049,6.6],[-71.093184,42.340072,6.6],[-71.093193,42.340072,6.6],[-71.093203,42.340084,6.6],[-71.093223,42.340099,6.6],[-71.093236,42.340106,6.6],[-71.093252,42.340118,6.6],[-71.093269,42.340124,6.6],[-71.093286,42.340137,6.6],[-71.093297,42.340144,6.6],[-71.093309,42.340147,6.6],[-71.093321,42.340155,6.6],[-71.09333,42.340161,6.6],[-71.093344,42.34017,6.6],[-71.093354,42.340183,6.6],[-71.09336,42.340201,6.6],[-71.093363,42.34022,6.6],[-71.093367,42.340239,6.6],[-71.093373,42.340243,6.6],[-71.093383,42.340252,6.6],[-71.093394,42.340251,6.6],[-71.093405,42.340259,6.6],[-71.093415,42.34027,6.6],[-71.09343,42.340278,6.6],[-71.093448,42.340282,6.6],[-71.09346,42.340287,6.6],[-71.093468,42.340295,6.6],[-71.093472,42.340307,6.8],[-71.093483,42.340322,6.8],[-71.093491,42.340335,6.8],[-71.093499,42.340356,6.8],[-71.093508,42.340373,6.8],[-71.093521,42.340388,6.8],[-71.093534,42.3404,6.8],[-71.093543,42.340412,6.8],[-71.093547,42.340437,6.8],[-71.093551,42.340454,6.8]]},"bbox":[-71.093551,42.339139,-71.092521,42.340454]},{"type":"Feature","properties":{"_gpxType":"trk","name":"Boston Running","type":"running","time":"2026-05-14T17:39:13.000Z","coordinateProperties":{"times":["2026-05-14T17:39:13.000Z","2026-05-14T17:39:14.000Z","2026-05-14T17:39:15.000Z","2026-05-14T17:39:16.000Z","2026-05-14T17:39:17.000Z","2026-05-14T17:39:18.000Z","2026-05-14T17:39:19.000Z","2026-05-14T17:39:20.000Z","2026-05-14T17:39:21.000Z","2026-05-14T17:39:22.000Z","2026-05-14T17:39:23.000Z","2026-05-14T17:39:24.000Z","2026-05-14T17:39:25.000Z","2026-05-14T17:39:26.000Z","2026-05-14T17:39:27.000Z","2026-05-14T17:39:28.000Z","2026-05-14T17:39:29.000Z","2026-05-14T17:39:30.000Z","2026-05-14T17:39:31.000Z","2026-05-14T17:39:32.000Z","2026-05-14T17:39:33.000Z","2026-05-14T17:39:34.000Z","2026-05-14T17:39:35.000Z","2026-05-14T17:39:36.000Z","2026-05-14T17:39:37.000Z","2026-05-14T17:39:38.000Z","2026-05-14T17:39:39.000Z","2026-05-14T17:39:40.000Z","2026-05-14T17:39:41.000Z","2026-05-14T17:39:42.000Z","2026-05-14T17:39:43.000Z","2026-05-14T17:39:44.000Z","2026-05-14T17:39:45.000Z","2026-05-14T17:39:46.000Z","2026-05-14T17:39:47.000Z","2026-05-14T17:39:48.000Z","2026-05-14T17:39:49.000Z","2026-05-14T17:39:50.000Z","2026-05-14T17:39:51.000Z","2026-05-14T17:39:52.000Z","2026-05-14T17:39:53.000Z","2026-05-14T17:39:54.000Z","2026-05-14T17:39:55.000Z","2026-05-14T17:39:56.000Z","2026-05-14T17:39:57.000Z","2026-05-14T17:39:58.000Z","2026-05-14T17:39:59.000Z","2026-05-14T17:40:00.000Z","2026-05-14T17:40:01.000Z","2026-05-14T17:40:02.000Z","2026-05-14T17:40:03.000Z","2026-05-14T17:40:04.000Z","2026-05-14T17:40:05.000Z","2026-05-14T17:40:06.000Z","2026-05-14T17:40:07.000Z","2026-05-14T17:40:08.000Z","2026-05-14T17:40:09.000Z","2026-05-14T17:40:10.000Z","2026-05-14T17:40:11.000Z","2026-05-14T17:40:12.000Z","2026-05-14T17:40:13.000Z","2026-05-14T17:40:14.000Z","2026-05-14T17:40:15.000Z","2026-05-14T17:40:16.000Z","2026-05-14T17:40:17.000Z","2026-05-14T17:40:18.000Z","2026-05-14T17:40:19.000Z","2026-05-14T17:40:20.000Z","2026-05-14T17:40:21.000Z","2026-05-14T17:40:22.000Z","2026-05-14T17:40:23.000Z","2026-05-14T17:40:24.000Z","2026-05-14T17:40:25.000Z","2026-05-14T17:40:26.000Z","2026-05-14T17:40:27.000Z","2026-05-14T17:40:28.000Z","2026-05-14T17:40:29.000Z","2026-05-14T17:40:30.000Z","2026-05-14T17:40:31.000Z","2026-05-14T17:40:32.000Z","2026-05-14T17:40:33.000Z","2026-05-14T17:40:34.000Z","2026-05-14T17:40:35.000Z","2026-05-14T17:40:36.000Z","2026-05-14T17:40:37.000Z","2026-05-14T17:40:38.000Z","2026-05-14T17:40:39.000Z","2026-05-14T17:40:40.000Z","2026-05-14T17:40:41.000Z","2026-05-14T17:40:42.000Z","2026-05-14T17:40:43.000Z","2026-05-14T17:40:44.000Z","2026-05-14T17:40:45.000Z","2026-05-14T17:40:46.000Z","2026-05-14T17:40:47.000Z","2026-05-14T17:40:48.000Z","2026-05-14T17:40:49.000Z","2026-05-14T17:40:50.000Z","2026-05-14T17:40:51.000Z","2026-05-14T17:40:52.000Z","2026-05-14T17:40:53.000Z","2026-05-14T17:40:54.000Z","2026-05-14T17:40:55.000Z","2026-05-14T17:40:56.000Z","2026-05-14T17:40:57.000Z","2026-05-14T17:40:58.000Z"],"ns3:TrackPointExtensions":[84,83,83,83,83,83,84,84,84,84,84,84,84,84,84,84,85,87,90,91,92,93,93,93,92,92,92,92,90,88,86,86,86,86,85,85,85,85,84,84,84,84,85,85,86,86,86,86,87,87,87,87,87,87,87,87,87,86,86,86,86,86,86,86,84,84,84,85,85,85,86,86,87,87,87,88,87,88,87,87,87,86,86,86,86,86,86,86,86,86,86,86,85,85,84,84,84,84,84,84,85,85,85,85,85,85]},"stroke-width":4,"stroke-opacity":1,"stroke":"rgba(255, 0, 0, 1)"},"geometry":{"type":"LineString","coordinates":[[-71.091282,42.338153,4],[-71.091288,42.338162,4],[-71.091292,42.338169,4],[-71.091292,42.338172,4],[-71.091298,42.338184,4],[-71.0913,42.338201,4],[-71.091303,42.338217,4],[-71.09131,42.338228,4],[-71.091313,42.338238,4],[-71.091318,42.338251,4],[-71.091326,42.338269,4],[-71.091331,42.338283,4.2],[-71.091339,42.338299,4.2],[-71.091347,42.338315,4.2],[-71.091353,42.338333,4.2],[-71.09136,42.338351,4.2],[-71.091364,42.338365,4.2],[-71.091367,42.338376,4.2],[-71.091369,42.338385,4],[-71.091371,42.338393,4],[-71.091368,42.338398,4],[-71.09137,42.338407,4],[-71.09137,42.338418,4],[-71.091363,42.338423,3.8],[-71.091363,42.338433,3.8],[-71.091365,42.338445,3.8],[-71.091371,42.338453,3.8],[-71.091386,42.338456,3.8],[-71.091395,42.338473,3.8],[-71.091407,42.338489,3.8],[-71.09142,42.338504,3.8],[-71.091431,42.33852,3.8],[-71.091437,42.338531,3.6],[-71.091438,42.338542,3.6],[-71.091437,42.338549,3.6],[-71.091444,42.338551,3.6],[-71.09144,42.338549,3.8],[-71.091451,42.338557,3.8],[-71.09145,42.338549,3.8],[-71.091447,42.338545,3.8],[-71.091445,42.338544,3.8],[-71.091449,42.338549,3.8],[-71.091455,42.338561,3.8],[-71.091462,42.338575,3.8],[-71.091472,42.338591,3.8],[-71.091486,42.338605,3.8],[-71.091496,42.338612,4],[-71.09151,42.338617,4],[-71.091527,42.338625,4],[-71.091541,42.338633,4],[-71.091555,42.338643,4],[-71.091568,42.338656,4],[-71.091585,42.338663,4],[-71.0916,42.33867,4],[-71.09161,42.338673,4],[-71.091633,42.338676,4],[-71.091654,42.338684,4],[-71.091677,42.338693,4],[-71.091703,42.338701,4],[-71.091728,42.338709,4],[-71.091752,42.338716,4],[-71.091776,42.338726,4],[-71.091796,42.338738,4],[-71.091812,42.338751,4],[-71.091828,42.338763,4],[-71.091846,42.338772,4.2],[-71.091866,42.338781,4.4],[-71.09188,42.338789,4.6],[-71.091891,42.338799,4.8],[-71.091901,42.338811,4.8],[-71.091916,42.33882,4.8],[-71.091927,42.338828,4.8],[-71.091937,42.338839,4.8],[-71.091945,42.338851,4.8],[-71.091952,42.338865,4.8],[-71.091959,42.338879,4.8],[-71.091969,42.338889,4.8],[-71.091977,42.338903,4.8],[-71.091983,42.338922,4.6],[-71.091991,42.338936,4.4],[-71.091998,42.338951,4.4],[-71.092005,42.338958,4.2],[-71.092013,42.338968,4.2],[-71.09202,42.33898,4.2],[-71.09203,42.338992,4.2],[-71.092043,42.339001,4.2],[-71.092058,42.338992,4.2],[-71.092079,42.338972,4],[-71.092099,42.338947,4],[-71.092116,42.338927,4],[-71.092134,42.338915,4.2],[-71.092155,42.3389,4.4],[-71.092174,42.33889,4.4],[-71.092194,42.338881,4.6],[-71.092213,42.338868,4.6],[-71.09223,42.338859,4.6],[-71.092245,42.338852,4.6],[-71.092259,42.338847,4.6],[-71.092273,42.338841,4.6],[-71.092288,42.338834,4.6],[-71.092303,42.338825,4.4],[-71.09232,42.338816,4.4],[-71.092335,42.338808,4.4],[-71.092352,42.338804,4.4],[-71.092368,42.338799,4.4],[-71.092382,42.338792,4.4]]},"bbox":[-71.092382,42.338153,-71.091282,42.339001]},{"type":"Feature","properties":{"_gpxType":"trk","name":"Boston Running","type":"running","time":"2026-04-24T19:09:10.000Z","coordinateProperties":{"times":["2026-04-24T19:09:10.000Z","2026-04-24T19:09:11.000Z","2026-04-24T19:09:12.000Z","2026-04-24T19:09:13.000Z","2026-04-24T19:09:14.000Z","2026-04-24T19:09:15.000Z","2026-04-24T19:09:16.000Z","2026-04-24T19:09:17.000Z","2026-04-24T19:09:18.000Z","2026-04-24T19:09:19.000Z","2026-04-24T19:09:20.000Z","2026-04-24T19:09:21.000Z","2026-04-24T19:09:22.000Z","2026-04-24T19:09:23.000Z","2026-04-24T19:09:24.000Z","2026-04-24T19:09:25.000Z","2026-04-24T19:09:26.000Z","2026-04-24T19:09:27.000Z","2026-04-24T19:09:28.000Z","2026-04-24T19:09:29.000Z","2026-04-24T19:09:30.000Z","2026-04-24T19:09:31.000Z","2026-04-24T19:09:32.000Z","2026-04-24T19:09:33.000Z","2026-04-24T19:09:34.000Z","2026-04-24T19:09:35.000Z","2026-04-24T19:09:36.000Z","2026-04-24T19:09:37.000Z","2026-04-24T19:09:38.000Z","2026-04-24T19:09:39.000Z","2026-04-24T19:09:40.000Z","2026-04-24T19:09:41.000Z","2026-04-24T19:09:42.000Z","2026-04-24T19:09:43.000Z","2026-04-24T19:09:44.000Z","2026-04-24T19:09:45.000Z","2026-04-24T19:09:46.000Z","2026-04-24T19:09:47.000Z","2026-04-24T19:09:48.000Z","2026-04-24T19:09:49.000Z","2026-04-24T19:09:50.000Z","2026-04-24T19:09:51.000Z","2026-04-24T19:09:52.000Z","2026-04-24T19:09:53.000Z","2026-04-24T19:09:54.000Z","2026-04-24T19:09:55.000Z","2026-04-24T19:09:56.000Z","2026-04-24T19:09:57.000Z","2026-04-24T19:09:58.000Z","2026-04-24T19:09:59.000Z","2026-04-24T19:10:00.000Z","2026-04-24T19:10:01.000Z","2026-04-24T19:10:02.000Z","2026-04-24T19:10:03.000Z","2026-04-24T19:10:04.000Z","2026-04-24T19:10:05.000Z","2026-04-24T19:10:06.000Z","2026-04-24T19:10:07.000Z","2026-04-24T19:10:08.000Z","2026-04-24T19:10:09.000Z","2026-04-24T19:10:10.000Z","2026-04-24T19:10:11.000Z","2026-04-24T19:10:12.000Z","2026-04-24T19:10:13.000Z","2026-04-24T19:10:14.000Z","2026-04-24T19:10:15.000Z","2026-04-24T19:10:16.000Z","2026-04-24T19:10:17.000Z","2026-04-24T19:10:18.000Z","2026-04-24T19:10:19.000Z","2026-04-24T19:10:20.000Z","2026-04-24T19:10:21.000Z","2026-04-24T19:10:22.000Z","2026-04-24T19:10:23.000Z","2026-04-24T19:10:24.000Z","2026-04-24T19:10:25.000Z","2026-04-24T19:10:26.000Z","2026-04-24T19:10:27.000Z","2026-04-24T19:10:28.000Z","2026-04-24T19:10:29.000Z","2026-04-24T19:10:30.000Z","2026-04-24T19:10:31.000Z","2026-04-24T19:10:32.000Z","2026-04-24T19:10:33.000Z","2026-04-24T19:10:34.000Z","2026-04-24T19:10:35.000Z","2026-04-24T19:10:36.000Z","2026-04-24T19:10:37.000Z","2026-04-24T19:10:38.000Z","2026-04-24T19:10:39.000Z","2026-04-24T19:10:40.000Z","2026-04-24T19:10:41.000Z","2026-04-24T19:10:42.000Z","2026-04-24T19:10:43.000Z","2026-04-24T19:10:44.000Z","2026-04-24T19:10:45.000Z","2026-04-24T19:10:46.000Z","2026-04-24T19:10:47.000Z","2026-04-24T19:10:48.000Z","2026-04-24T19:10:49.000Z","2026-04-24T19:10:50.000Z","2026-04-24T19:10:51.000Z","2026-04-24T19:10:52.000Z","2026-04-24T19:10:53.000Z","2026-04-24T19:10:54.000Z","2026-04-24T19:10:55.000Z","2026-04-24T19:10:56.000Z","2026-04-24T19:10:57.000Z","2026-04-24T19:10:58.000Z","2026-04-24T19:10:59.000Z","2026-04-24T19:11:00.000Z","2026-04-24T19:11:01.000Z","2026-04-24T19:11:02.000Z","2026-04-24T19:11:03.000Z","2026-04-24T19:11:04.000Z","2026-04-24T19:11:05.000Z","2026-04-24T19:11:06.000Z","2026-04-24T19:11:07.000Z","2026-04-24T19:11:08.000Z","2026-04-24T19:11:09.000Z","2026-04-24T19:11:10.000Z","2026-04-24T19:11:11.000Z","2026-04-24T19:11:12.000Z","2026-04-24T19:11:13.000Z","2026-04-24T19:11:14.000Z","2026-04-24T19:11:15.000Z","2026-04-24T19:11:16.000Z","2026-04-24T19:11:17.000Z","2026-04-24T19:11:18.000Z","2026-04-24T19:11:19.000Z","2026-04-24T19:11:20.000Z","2026-04-24T19:11:21.000Z","2026-04-24T19:11:22.000Z","2026-04-24T19:11:23.000Z","2026-04-24T19:11:24.000Z","2026-04-24T19:11:25.000Z","2026-04-24T19:11:26.000Z","2026-04-24T19:11:27.000Z","2026-04-24T19:11:28.000Z","2026-04-24T19:11:29.000Z","2026-04-24T19:11:30.000Z","2026-04-24T19:11:31.000Z","2026-04-24T19:11:32.000Z","2026-04-24T19:11:33.000Z","2026-04-24T19:11:34.000Z","2026-04-24T19:11:35.000Z","2026-04-24T19:11:36.000Z","2026-04-24T19:11:37.000Z","2026-04-24T19:11:38.000Z","2026-04-24T19:11:39.000Z","2026-04-24T19:11:40.000Z","2026-04-24T19:11:41.000Z","2026-04-24T19:11:42.000Z","2026-04-24T19:11:43.000Z","2026-04-24T19:11:44.000Z","2026-04-24T19:11:45.000Z","2026-04-24T19:11:46.000Z","2026-04-24T19:11:47.000Z","2026-04-24T19:11:48.000Z","2026-04-24T19:11:49.000Z","2026-04-24T19:11:50.000Z","2026-04-24T19:11:51.000Z","2026-04-24T19:11:52.000Z","2026-04-24T19:11:53.000Z","2026-04-24T19:11:54.000Z","2026-04-24T19:11:55.000Z","2026-04-24T19:11:56.000Z","2026-04-24T19:11:57.000Z","2026-04-24T19:11:58.000Z","2026-04-24T19:11:59.000Z","2026-04-24T19:12:00.000Z","2026-04-24T19:12:01.000Z","2026-04-24T19:12:02.000Z","2026-04-24T19:12:03.000Z","2026-04-24T19:12:04.000Z","2026-04-24T19:12:05.000Z","2026-04-24T19:12:06.000Z","2026-04-24T19:12:07.000Z","2026-04-24T19:12:08.000Z","2026-04-24T19:12:09.000Z","2026-04-24T19:12:10.000Z","2026-04-24T19:12:11.000Z","2026-04-24T19:12:12.000Z","2026-04-24T19:12:13.000Z","2026-04-24T19:12:14.000Z","2026-04-24T19:12:15.000Z","2026-04-24T19:12:16.000Z","2026-04-24T19:12:17.000Z","2026-04-24T19:12:18.000Z","2026-04-24T19:12:19.000Z","2026-04-24T19:12:20.000Z","2026-04-24T19:12:21.000Z","2026-04-24T19:12:22.000Z","2026-04-24T19:12:23.000Z","2026-04-24T19:12:24.000Z","2026-04-24T19:12:25.000Z","2026-04-24T19:12:26.000Z","2026-04-24T19:12:27.000Z","2026-04-24T19:12:28.000Z","2026-04-24T19:12:29.000Z","2026-04-24T19:12:30.000Z","2026-04-24T19:12:31.000Z","2026-04-24T19:12:32.000Z","2026-04-24T19:12:33.000Z","2026-04-24T19:12:34.000Z","2026-04-24T19:12:35.000Z","2026-04-24T19:12:36.000Z","2026-04-24T19:12:37.000Z","2026-04-24T19:12:38.000Z","2026-04-24T19:12:39.000Z","2026-04-24T19:12:40.000Z","2026-04-24T19:12:41.000Z","2026-04-24T19:12:42.000Z","2026-04-24T19:12:43.000Z","2026-04-24T19:12:44.000Z","2026-04-24T19:12:45.000Z","2026-04-24T19:12:46.000Z","2026-04-24T19:12:47.000Z","2026-04-24T19:12:48.000Z","2026-04-24T19:12:49.000Z","2026-04-24T19:12:50.000Z","2026-04-24T19:12:51.000Z","2026-04-24T19:12:52.000Z","2026-04-24T19:12:53.000Z","2026-04-24T19:12:54.000Z","2026-04-24T19:12:55.000Z","2026-04-24T19:12:56.000Z","2026-04-24T19:12:57.000Z","2026-04-24T19:12:58.000Z","2026-04-24T19:12:59.000Z","2026-04-24T19:13:00.000Z","2026-04-24T19:13:01.000Z","2026-04-24T19:13:02.000Z","2026-04-24T19:13:03.000Z","2026-04-24T19:13:04.000Z","2026-04-24T19:13:05.000Z","2026-04-24T19:13:06.000Z","2026-04-24T19:13:07.000Z","2026-04-24T19:13:08.000Z","2026-04-24T19:13:09.000Z","2026-04-24T19:13:10.000Z","2026-04-24T19:13:11.000Z","2026-04-24T19:13:12.000Z","2026-04-24T19:13:13.000Z","2026-04-24T19:13:14.000Z","2026-04-24T19:13:15.000Z","2026-04-24T19:13:16.000Z","2026-04-24T19:13:17.000Z","2026-04-24T19:13:18.000Z","2026-04-24T19:13:19.000Z","2026-04-24T19:13:20.000Z","2026-04-24T19:13:21.000Z","2026-04-24T19:13:22.000Z","2026-04-24T19:13:23.000Z","2026-04-24T19:13:24.000Z","2026-04-24T19:13:25.000Z","2026-04-24T19:13:26.000Z","2026-04-24T19:13:27.000Z","2026-04-24T19:13:28.000Z","2026-04-24T19:13:29.000Z","2026-04-24T19:13:30.000Z","2026-04-24T19:13:31.000Z","2026-04-24T19:13:32.000Z","2026-04-24T19:13:33.000Z","2026-04-24T19:13:34.000Z","2026-04-24T19:13:35.000Z","2026-04-24T19:13:36.000Z","2026-04-24T19:13:37.000Z","2026-04-24T19:13:38.000Z","2026-04-24T19:13:39.000Z","2026-04-24T19:13:40.000Z","2026-04-24T19:13:41.000Z","2026-04-24T19:13:42.000Z","2026-04-24T19:13:43.000Z","2026-04-24T19:13:44.000Z","2026-04-24T19:13:45.000Z","2026-04-24T19:13:46.000Z","2026-04-24T19:13:47.000Z","2026-04-24T19:13:48.000Z","2026-04-24T19:13:49.000Z","2026-04-24T19:13:50.000Z","2026-04-24T19:13:51.000Z","2026-04-24T19:13:52.000Z","2026-04-24T19:13:53.000Z","2026-04-24T19:13:54.000Z","2026-04-24T19:13:55.000Z","2026-04-24T19:13:56.000Z","2026-04-24T19:13:57.000Z","2026-04-24T19:13:58.000Z","2026-04-24T19:13:59.000Z","2026-04-24T19:14:00.000Z","2026-04-24T19:14:01.000Z","2026-04-24T19:14:02.000Z","2026-04-24T19:14:03.000Z","2026-04-24T19:14:04.000Z","2026-04-24T19:14:05.000Z","2026-04-24T19:14:06.000Z","2026-04-24T19:14:07.000Z","2026-04-24T19:14:08.000Z","2026-04-24T19:14:09.000Z","2026-04-24T19:14:10.000Z","2026-04-24T19:14:11.000Z","2026-04-24T19:14:12.000Z","2026-04-24T19:14:13.000Z","2026-04-24T19:14:14.000Z","2026-04-24T19:14:15.000Z","2026-04-24T19:14:16.000Z","2026-04-24T19:14:17.000Z","2026-04-24T19:14:18.000Z","2026-04-24T19:14:19.000Z","2026-04-24T19:14:20.000Z","2026-04-24T19:14:21.000Z","2026-04-24T19:14:22.000Z","2026-04-24T19:14:23.000Z","2026-04-24T19:14:24.000Z","2026-04-24T19:14:25.000Z","2026-04-24T19:14:26.000Z","2026-04-24T19:14:27.000Z","2026-04-24T19:14:28.000Z","2026-04-24T19:14:29.000Z","2026-04-24T19:14:30.000Z","2026-04-24T19:14:31.000Z","2026-04-24T19:14:32.000Z","2026-04-24T19:14:33.000Z","2026-04-24T19:14:34.000Z","2026-04-24T19:14:35.000Z","2026-04-24T19:14:36.000Z","2026-04-24T19:14:37.000Z","2026-04-24T19:14:38.000Z","2026-04-24T19:14:39.000Z","2026-04-24T19:14:40.000Z","2026-04-24T19:14:41.000Z","2026-04-24T19:14:42.000Z","2026-04-24T19:14:43.000Z","2026-04-24T19:14:44.000Z","2026-04-24T19:14:45.000Z","2026-04-24T19:14:46.000Z","2026-04-24T19:14:47.000Z","2026-04-24T19:14:48.000Z","2026-04-24T19:14:49.000Z","2026-04-24T19:14:50.000Z","2026-04-24T19:14:51.000Z","2026-04-24T19:14:52.000Z","2026-04-24T19:14:53.000Z","2026-04-24T19:14:54.000Z","2026-04-24T19:14:55.000Z","2026-04-24T19:14:56.000Z","2026-04-24T19:14:57.000Z","2026-04-24T19:14:58.000Z","2026-04-24T19:14:59.000Z","2026-04-24T19:15:00.000Z","2026-04-24T19:15:01.000Z","2026-04-24T19:15:02.000Z","2026-04-24T19:15:03.000Z","2026-04-24T19:15:04.000Z","2026-04-24T19:15:05.000Z","2026-04-24T19:15:06.000Z","2026-04-24T19:15:07.000Z","2026-04-24T19:15:08.000Z","2026-04-24T19:15:09.000Z","2026-04-24T19:15:10.000Z","2026-04-24T19:15:11.000Z","2026-04-24T19:15:12.000Z","2026-04-24T19:15:13.000Z","2026-04-24T19:15:14.000Z","2026-04-24T19:15:15.000Z","2026-04-24T19:15:16.000Z","2026-04-24T19:15:17.000Z","2026-04-24T19:15:18.000Z","2026-04-24T19:15:19.000Z","2026-04-24T19:15:20.000Z","2026-04-24T19:15:21.000Z","2026-04-24T19:15:22.000Z","2026-04-24T19:15:23.000Z","2026-04-24T19:15:24.000Z","2026-04-24T19:15:25.000Z","2026-04-24T19:15:26.000Z","2026-04-24T19:15:27.000Z","2026-04-24T19:15:28.000Z","2026-04-24T19:15:29.000Z","2026-04-24T19:15:30.000Z","2026-04-24T19:15:31.000Z","2026-04-24T19:15:32.000Z","2026-04-24T19:15:33.000Z","2026-04-24T19:15:34.000Z","2026-04-24T19:15:35.000Z","2026-04-24T19:15:36.000Z","2026-04-24T19:15:37.000Z","2026-04-24T19:15:38.000Z","2026-04-24T19:15:39.000Z","2026-04-24T19:15:40.000Z","2026-04-24T19:15:41.000Z","2026-04-24T19:15:42.000Z","2026-04-24T19:15:43.000Z","2026-04-24T19:15:44.000Z","2026-04-24T19:15:45.000Z","2026-04-24T19:15:46.000Z","2026-04-24T19:15:47.000Z","2026-04-24T19:15:48.000Z","2026-04-24T19:15:49.000Z","2026-04-24T19:15:50.000Z","2026-04-24T19:15:51.000Z","2026-04-24T19:15:52.000Z","2026-04-24T19:15:53.000Z","2026-04-24T19:15:54.000Z","2026-04-24T19:15:55.000Z","2026-04-24T19:15:56.000Z","2026-04-24T19:15:57.000Z","2026-04-24T19:15:58.000Z"],"ns3:TrackPointExtensions":[55,55,56,56,57,57,57,58,58,58,58,58,58,58,59,60,61,63,64,66,69,72,76,78,79,79,80,80,81,81,82,82,82,82,82,82,82,82,82,82,82,82,82,81,81,81,81,81,81,81,80,80,80,80,80,80,80,80,81,81,81,81,81,81,81,81,81,80,80,81,81,81,82,82,82,82,82,82,82,82,83,84,84,84,84,84,84,84,84,84,84,84,84,83,83,83,83,83,83,83,83,83,82,82,82,82,82,82,81,81,81,81,81,81,81,81,81,81,80,80,81,81,81,81,81,81,81,81,81,81,81,81,81,81,81,81,81,81,81,80,80,80,80,80,80,79,79,79,79,79,79,79,79,79,79,79,80,80,80,80,80,80,80,81,81,81,81,81,81,81,81,80,80,80,80,80,80,80,80,80,80,80,79,79,80,80,80,80,80,80,81,81,82,83,84,85,85,85,85,85,85,85,85,85,85,85,85,85,85,85,85,85,85,85,85,85,86,86,86,86,86,86,86,85,85,84,84,83,83,82,82,82,82,82,81,81,81,81,80,80,80,79,79,78,78,78,78,79,79,79,79,79,79,79,79,79,80,80,80,80,80,80,80,80,80,80,81,81,81,81,81,81,81,81,81,81,81,80,80,80,80,80,80,80,80,80,80,80,80,80,80,80,80,80,80,80,80,82,82,83,83,84,84,84,84,84,84,83,83,82,82,82,82,82,82,82,82,82,82,82,83,83,83,84,85,85,85,85,85,85,84,83,82,82,81,81,81,81,81,81,80,80,81,81,82,82,82,82,82,81,81,81,81,81,81,82,82,82,82,83,83,83,83,83,83,83,83,83,83,83,83,83,83,83,83,83,83,82,82,82,82,82,82,82,82,82,82,82,82,82,82,82,82,82,82,83,83,83,83,83,83,83,83,83,83,83,83,84,83]},"stroke-width":4,"stroke-opacity":1,"stroke":"rgba(255, 0, 0, 1)"},"geometry":{"type":"LineString","coordinates":[[-71.090596,42.336983,3],[-71.090606,42.336983,3],[-71.090607,42.336989,3],[-71.090614,42.336998,3],[-71.09063,42.336998,3],[-71.09065,42.337002,3],[-71.090664,42.337009,3],[-71.090676,42.337014,3],[-71.090689,42.337021,3.2],[-71.090704,42.337027,3.2],[-71.090718,42.337028,3.4],[-71.090734,42.337031,3.4],[-71.090757,42.337037,3.4],[-71.090781,42.337037,3.6],[-71.090803,42.337036,3.8],[-71.090823,42.337038,3.8],[-71.090841,42.337042,3.8],[-71.090854,42.337045,4],[-71.090865,42.337051,4],[-71.090876,42.337053,4],[-71.090887,42.337059,4],[-71.090895,42.337066,4],[-71.090908,42.337072,4],[-71.090923,42.337079,4],[-71.090937,42.337086,4],[-71.090954,42.337095,4],[-71.090975,42.337103,4],[-71.090994,42.337108,4],[-71.091013,42.337114,3.8],[-71.091032,42.337118,3.8],[-71.09105,42.337123,3.8],[-71.091063,42.337133,3.8],[-71.091076,42.337142,3.6],[-71.091089,42.337149,3.6],[-71.091097,42.337163,3.6],[-71.091126,42.337148,3.6],[-71.091132,42.337158,3.4],[-71.09115,42.337158,3.4],[-71.09116,42.337172,3.4],[-71.091168,42.337181,3.2],[-71.091174,42.337188,3.2],[-71.091181,42.337194,3.2],[-71.091188,42.3372,3.2],[-71.091194,42.337212,3],[-71.091206,42.337215,3],[-71.091219,42.337219,2.8],[-71.091223,42.337223,2.8],[-71.091224,42.337225,2.8],[-71.091222,42.337228,2.8],[-71.091219,42.337232,2.8],[-71.09122,42.337234,2.8],[-71.091214,42.337241,2.8],[-71.091205,42.337249,2.8],[-71.091198,42.337256,2.8],[-71.091196,42.337264,2.8],[-71.091197,42.337273,3],[-71.091195,42.337284,3],[-71.091192,42.337303,3],[-71.091184,42.337323,3],[-71.091176,42.33734,3.2],[-71.091163,42.337355,3.2],[-71.091153,42.337375,3.2],[-71.091136,42.337391,3.2],[-71.091114,42.337407,3.2],[-71.091087,42.337421,3.4],[-71.091055,42.337444,3.4],[-71.091057,42.337462,3.4],[-71.091053,42.337478,3.4],[-71.091041,42.337493,3.6],[-71.091031,42.33751,3.6],[-71.091022,42.337526,3.6],[-71.09101,42.337542,3.6],[-71.091007,42.337557,3.6],[-71.091007,42.33757,3.6],[-71.091013,42.33758,3.6],[-71.091014,42.337598,3.8],[-71.09101,42.337619,3.8],[-71.091012,42.337643,3.8],[-71.091011,42.337666,3.8],[-71.091015,42.337685,3.8],[-71.091018,42.337702,3.8],[-71.091028,42.337719,3.8],[-71.091046,42.337739,3.8],[-71.091047,42.33777,3.8],[-71.091076,42.337789,3.8],[-71.0911,42.337775,3.8],[-71.091135,42.33777,3.8],[-71.091158,42.337763,3.8],[-71.091171,42.33777,3.8],[-71.091176,42.337773,3.8],[-71.09118,42.337775,3.8],[-71.091171,42.337766,3.8],[-71.091165,42.337764,3.8],[-71.091159,42.337762,4],[-71.091149,42.337765,4],[-71.091145,42.337768,4],[-71.09114,42.337772,3.8],[-71.091141,42.337782,3.8],[-71.091142,42.337792,3.8],[-71.091142,42.337808,3.8],[-71.091141,42.337826,3.8],[-71.091139,42.337842,4],[-71.091152,42.337861,4],[-71.091148,42.337879,4],[-71.091135,42.337908,4],[-71.091135,42.337935,4],[-71.091131,42.337955,4],[-71.091136,42.337977,4],[-71.091134,42.338007,4],[-71.091138,42.338029,4.2],[-71.091147,42.338052,4.2],[-71.091145,42.338075,4.2],[-71.091149,42.338098,4.2],[-71.091145,42.338104,4.2],[-71.091146,42.338114,4.2],[-71.091152,42.338127,4.2],[-71.091158,42.33815,4.2],[-71.091163,42.338166,4.2],[-71.09118,42.338194,4.2],[-71.09119,42.33822,4.2],[-71.091198,42.338245,4.2],[-71.091208,42.338266,4.2],[-71.09122,42.338287,4.2],[-71.091232,42.338311,4.2],[-71.091235,42.338327,4.2],[-71.091241,42.338336,4.2],[-71.091245,42.338357,4.2],[-71.09125,42.338375,4.2],[-71.091248,42.338401,4.2],[-71.091256,42.338415,4.2],[-71.091272,42.338439,4],[-71.09128,42.338445,4],[-71.091286,42.338445,4],[-71.091296,42.338451,4],[-71.091301,42.338461,3.8],[-71.091309,42.338475,3.8],[-71.091316,42.338488,3.8],[-71.09133,42.338499,3.8],[-71.091339,42.338506,3.8],[-71.091351,42.338518,3.8],[-71.091354,42.338527,3.8],[-71.091361,42.33854,3.8],[-71.091375,42.338556,3.8],[-71.091381,42.338573,3.8],[-71.091387,42.33859,3.8],[-71.091394,42.338599,3.8],[-71.091388,42.33861,3.8],[-71.091376,42.33862,4],[-71.091368,42.338641,4],[-71.091375,42.33865,4],[-71.091377,42.33866,4],[-71.091385,42.33867,4],[-71.091395,42.338672,4],[-71.091402,42.338682,4],[-71.091417,42.338688,4],[-71.091426,42.338703,4],[-71.091434,42.338716,4],[-71.091437,42.338732,4],[-71.091449,42.338743,4],[-71.091459,42.33874,4],[-71.091468,42.338727,4],[-71.091491,42.338739,4],[-71.091512,42.33874,4],[-71.091531,42.338741,4],[-71.09155,42.338743,4],[-71.091566,42.338743,4],[-71.091583,42.33874,4],[-71.0916,42.338738,4.2],[-71.091617,42.338733,4.2],[-71.091636,42.338736,4.2],[-71.091656,42.338733,4.2],[-71.091669,42.338729,4.2],[-71.091686,42.338727,4.2],[-71.09171,42.33873,4.2],[-71.091724,42.338731,4.2],[-71.091746,42.338734,4.2],[-71.091764,42.338743,4.2],[-71.09178,42.338755,4.2],[-71.091798,42.338766,4.2],[-71.091818,42.338766,4.2],[-71.091823,42.338775,4.4],[-71.09183,42.338784,4.4],[-71.091843,42.338799,4.4],[-71.091857,42.338812,4.4],[-71.091874,42.338826,4.4],[-71.091885,42.338839,4.4],[-71.091896,42.338852,4.2],[-71.091904,42.338866,4.2],[-71.091915,42.338877,4.2],[-71.091928,42.338882,4],[-71.091936,42.338893,3.8],[-71.091945,42.338906,3.8],[-71.091956,42.338917,3.8],[-71.091962,42.338936,3.8],[-71.091969,42.338955,3.8],[-71.091979,42.338968,3.8],[-71.091987,42.338983,3.8],[-71.091995,42.338997,3.8],[-71.092006,42.339006,4],[-71.092016,42.339009,4],[-71.092026,42.339009,4],[-71.09203,42.339016,4.2],[-71.09204,42.339008,4.2],[-71.092055,42.338998,4.4],[-71.092072,42.338981,4.6],[-71.092092,42.338958,4.8],[-71.092111,42.338935,4.8],[-71.092131,42.338918,5],[-71.092152,42.338906,5],[-71.092172,42.338897,5],[-71.092191,42.338885,5],[-71.092205,42.338873,5],[-71.092223,42.338859,5],[-71.09224,42.338846,5],[-71.092254,42.338835,4.8],[-71.092271,42.338825,4.8],[-71.092286,42.338812,4.8],[-71.092297,42.338799,4.8],[-71.09231,42.338789,4.8],[-71.092324,42.338779,4.8],[-71.092336,42.33877,4.6],[-71.092351,42.338757,4.4],[-71.092365,42.338747,4.4],[-71.092377,42.338739,4.4],[-71.092393,42.338734,4.4],[-71.092406,42.338729,4.2],[-71.092413,42.338722,4.2],[-71.092419,42.338716,4.2],[-71.092421,42.338711,4.2],[-71.092423,42.338709,4.2],[-71.092428,42.338709,4.2],[-71.092436,42.338709,4.2],[-71.092443,42.338706,4.2],[-71.092459,42.3387,4.2],[-71.092468,42.338696,4.2],[-71.092485,42.338695,4.2],[-71.092505,42.3387,4.2],[-71.092528,42.338708,4.2],[-71.092547,42.338719,4.2],[-71.092565,42.338731,4.2],[-71.092577,42.338746,4.2],[-71.092592,42.338761,4.2],[-71.092601,42.338776,4.2],[-71.092614,42.338791,4.4],[-71.092618,42.338803,4.4],[-71.092625,42.338816,4.4],[-71.092626,42.33883,4.4],[-71.092631,42.338845,4.4],[-71.09263,42.33886,4.4],[-71.09263,42.33887,4.4],[-71.092629,42.338882,4.2],[-71.092628,42.338894,4.2],[-71.092628,42.338907,4.2],[-71.092631,42.338915,4.2],[-71.092633,42.338921,4.2],[-71.092637,42.338927,4.2],[-71.092637,42.338931,4.2],[-71.092639,42.338936,4.2],[-71.092642,42.338939,4.2],[-71.092646,42.338941,4.2],[-71.092644,42.33894,4.4],[-71.092646,42.338941,4.4],[-71.092646,42.338941,4.6],[-71.092646,42.338941,4.6],[-71.092645,42.338942,4.6],[-71.092644,42.338948,4.6],[-71.092645,42.338961,4.6],[-71.092644,42.338974,4.6],[-71.092643,42.338988,4.6],[-71.092641,42.339004,4.6],[-71.092637,42.339019,4.4],[-71.092629,42.339034,4.4],[-71.09262,42.339047,4.2],[-71.092608,42.339061,4],[-71.092599,42.339072,4],[-71.092589,42.339084,4],[-71.092581,42.339098,4],[-71.092576,42.33911,4],[-71.092571,42.339122,4.2],[-71.092567,42.339134,4.2],[-71.092561,42.339143,4.2],[-71.092557,42.339155,4.2],[-71.092556,42.339168,4.2],[-71.092558,42.33918,4.4],[-71.092563,42.339191,4.4],[-71.092566,42.339204,4.4],[-71.092578,42.339222,4.4],[-71.092579,42.339236,4.4],[-71.092576,42.339248,4.4],[-71.092573,42.339257,4.4],[-71.092577,42.339271,4.4],[-71.092584,42.339286,4.4],[-71.092584,42.339301,4.4],[-71.092586,42.339307,4.4],[-71.092588,42.339315,4.4],[-71.092593,42.339327,4.2],[-71.092596,42.339343,4.2],[-71.0926,42.339351,4.2],[-71.092608,42.339367,4.2],[-71.092608,42.339387,4.2],[-71.092613,42.339401,4.2],[-71.092622,42.339416,4.2],[-71.092629,42.339428,4.2],[-71.092639,42.339437,4.2],[-71.09265,42.339447,4.2],[-71.092669,42.339447,4.2],[-71.092683,42.339453,4.2],[-71.092698,42.339461,4.2],[-71.092706,42.339476,4.2],[-71.092714,42.339489,4.2],[-71.092722,42.339496,4.2],[-71.092727,42.3395,4.2],[-71.092731,42.339506,4.2],[-71.092738,42.339513,4.2],[-71.092744,42.339523,4.2],[-71.092751,42.339531,4.2],[-71.092761,42.339542,4.2],[-71.09277,42.33955,4.2],[-71.092777,42.339559,4.2],[-71.092782,42.339567,4.2],[-71.092783,42.339578,4.2],[-71.092778,42.33959,4.2],[-71.092775,42.339599,4.2],[-71.092781,42.339604,4.2],[-71.092789,42.339609,4.2],[-71.0928,42.339618,4.4],[-71.092805,42.33963,4.4],[-71.092808,42.339645,4.4],[-71.092817,42.339659,4.4],[-71.092825,42.339669,4.2],[-71.092833,42.339679,4.2],[-71.092838,42.339689,4.2],[-71.092841,42.339701,4.2],[-71.092854,42.339712,4.2],[-71.09286,42.339724,4.2],[-71.092872,42.339735,4],[-71.092878,42.339747,4],[-71.092889,42.339758,4],[-71.092898,42.339769,4],[-71.092907,42.339781,4],[-71.092914,42.339794,4],[-71.092922,42.339806,4],[-71.092931,42.339818,4],[-71.092937,42.339831,4],[-71.092943,42.339846,4],[-71.092947,42.339859,4],[-71.092954,42.339872,4],[-71.092965,42.339881,4],[-71.092978,42.339892,4],[-71.092989,42.339903,4],[-71.092997,42.339914,4],[-71.093004,42.339924,4.2],[-71.093011,42.339938,4.2],[-71.093019,42.339952,4.2],[-71.093028,42.339964,4.2],[-71.093038,42.339974,4.2],[-71.093051,42.339988,4],[-71.093061,42.340001,4],[-71.093073,42.340013,4],[-71.093082,42.340024,4],[-71.09309,42.340036,4],[-71.093099,42.340047,4.2],[-71.093107,42.340056,4.2],[-71.093123,42.340071,4.2],[-71.093134,42.340081,4.2],[-71.093146,42.340091,4.2],[-71.093155,42.340098,4.2],[-71.093165,42.340106,4.2],[-71.093173,42.340113,4.2],[-71.093181,42.340125,4.2],[-71.09319,42.340136,4.2],[-71.093202,42.340143,4.4],[-71.093215,42.340154,4.4],[-71.09322,42.340169,4.4],[-71.093227,42.34018,4.4],[-71.093236,42.340188,4.2],[-71.093243,42.3402,4.2],[-71.093254,42.340211,4.2],[-71.093268,42.340224,4.2],[-71.09328,42.340234,4.2],[-71.093294,42.34024,4.2],[-71.093312,42.340249,4.2],[-71.093327,42.340258,4.2],[-71.093338,42.340266,4.2],[-71.093347,42.340276,4.4],[-71.093351,42.340287,4.4],[-71.093358,42.340295,4.4],[-71.093367,42.340304,4.4],[-71.093373,42.340313,4.4],[-71.093381,42.340322,4.4],[-71.093388,42.340334,4.4],[-71.093395,42.340346,4.4],[-71.093404,42.340356,4.4],[-71.093413,42.340366,4.4],[-71.093419,42.340379,4.4],[-71.09343,42.340393,4.4],[-71.093434,42.340404,4.4],[-71.093439,42.340419,4.4],[-71.093441,42.340437,4.4],[-71.093444,42.340459,4.4],[-71.09345,42.340478,4.6],[-71.093461,42.340489,4.6],[-71.093474,42.340496,4.6],[-71.093489,42.340505,4.6],[-71.093502,42.340512,4.6],[-71.093511,42.340527,4.6],[-71.093519,42.340539,4.6],[-71.093525,42.34055,4.4],[-71.093535,42.340558,4.4]]},"bbox":[-71.093535,42.336983,-71.090596,42.340558]},{"type":"Feature","properties":{"stroke-width":0,"fill-opacity":0.5,"fill":"rgba(255, 0, 0, 1)"},"geometry":{"type":"Polygon","coordinates":[[[-71.097366,42.338863],[-71.097176,42.338945],[-71.096969,42.339124],[-71.096677,42.339455],[-71.096315,42.339887],[-71.09585,42.340161],[-71.095213,42.34039],[-71.092872,42.341141],[-71.092527,42.341268],[-71.092235,42.341446],[-71.092028,42.341675],[-71.091744,42.342127],[-71.091616,42.342502],[-71.091641,42.343208],[-71.093888,42.343138],[-71.09431,42.34303],[-71.094508,42.34289],[-71.094663,42.342629],[-71.095094,42.342247],[-71.09549,42.34205],[-71.097177,42.341573],[-71.098133,42.340784],[-71.09852,42.340644],[-71.098968,42.340542],[-71.0992,42.340548],[-71.099458,42.340587],[-71.099777,42.340701],[-71.099777,42.340599],[-71.09988,42.340498],[-71.099966,42.340396],[-71.100052,42.340281],[-71.100113,42.340148],[-71.100113,42.34002],[-71.099975,42.339829],[-71.099579,42.339568],[-71.098632,42.339021],[-71.098141,42.338824],[-71.097771,42.338767],[-71.097487,42.338786],[-71.097366,42.338863]]]},"bbox":[-71.100113,42.338767,-71.091616,42.343208]},{"type":"Feature","properties":{"fill":"rgba(255, 0, 0, 1)","fill-opacity":0.5,"stroke-width":0},"geometry":{"type":"Polygon","coordinates":[[[-71.091435,42.343406],[-71.09097,42.343883],[-71.090849,42.344315],[-71.090815,42.344366],[-71.090858,42.344557],[-71.090806,42.344888],[-71.090677,42.345429],[-71.090712,42.345664],[-71.090806,42.346072],[-71.091056,42.346345],[-71.091331,42.346517],[-71.091745,42.346619],[-71.092253,42.34681],[-71.092433,42.346956],[-71.092683,42.346784],[-71.092984,42.346657],[-71.093182,42.346549],[-71.093466,42.346288],[-71.094215,42.345626],[-71.094284,42.345543],[-71.094293,42.345448],[-71.094345,42.345251],[-71.094534,42.344716],[-71.094629,42.344284],[-71.094629,42.344042],[-71.094594,42.343838],[-71.094474,42.343221],[-71.094362,42.343183],[-71.094129,42.343221],[-71.093733,42.343291],[-71.093363,42.343297],[-71.092838,42.343272],[-71.09171,42.343348],[-71.091573,42.343367],[-71.091435,42.343406]]]},"bbox":[-71.094629,42.343183,-71.090677,42.346956]},{"type":"Feature","properties":{"fill":"rgba(255, 0, 0, 1)","fill-opacity":0.5,"stroke-width":0},"geometry":{"type":"Polygon","coordinates":[[[-71.072288,42.355369],[-71.072174,42.35505],[-71.070659,42.351971],[-71.070498,42.352045],[-71.067778,42.352638],[-71.067677,42.352767],[-71.067663,42.352832],[-71.067704,42.352936],[-71.067805,42.353185],[-71.069165,42.355612],[-71.069272,42.355727],[-71.069441,42.356005],[-71.069542,42.35605],[-71.069757,42.35603],[-71.07002,42.35601],[-71.07183,42.355583],[-71.072167,42.355488],[-71.072234,42.355438],[-71.072288,42.355369]]]},"bbox":[-71.072288,42.351971,-71.067663,42.35605]},{"type":"Feature","properties":{"fill":"rgba(255, 0, 0, 1)","fill-opacity":0.5,"stroke-width":0},"geometry":{"type":"Polygon","coordinates":[[[-71.068667,42.35512],[-71.067825,42.353558],[-71.067798,42.353438],[-71.067522,42.352921],[-71.067509,42.352836],[-71.067462,42.352702],[-71.0673,42.352578],[-71.064607,42.352443],[-71.064338,42.353309],[-71.06421,42.353682],[-71.063692,42.354702],[-71.06347,42.3551],[-71.063342,42.355269],[-71.062695,42.355941],[-71.062096,42.356508],[-71.063241,42.357662],[-71.064473,42.357254],[-71.065826,42.356956],[-71.069057,42.356209],[-71.069118,42.356175],[-71.069171,42.356135],[-71.069185,42.356065],[-71.069118,42.355871],[-71.06907,42.355737],[-71.06905,42.355652],[-71.068922,42.355423],[-71.068855,42.355309],[-71.068774,42.355219],[-71.068734,42.355165],[-71.068667,42.35512]]]},"bbox":[-71.069185,42.352443,-71.062096,42.357662]},{"type":"Feature","properties":{"stroke-width":4,"stroke":"rgba(255, 0, 0, 1)","stroke-opacity":1},"geometry":{"type":"LineString","coordinates":[[-71.060819,42.376303],[-71.061143,42.375747],[-71.061205,42.375778],[-71.061247,42.375716],[-71.060735,42.375523],[-71.06064,42.375492],[-71.060558,42.375459],[-71.060503,42.375415],[-71.060398,42.375313],[-71.060297,42.375209],[-71.060247,42.375087],[-71.060238,42.374979],[-71.060233,42.374854],[-71.060233,42.374817],[-71.060247,42.3748],[-71.06021,42.37477],[-71.06016,42.374723],[-71.060242,42.37429],[-71.060658,42.374304],[-71.060754,42.374257],[-71.060855,42.374182],[-71.061504,42.373662],[-71.061673,42.373625],[-71.062194,42.373413],[-71.061934,42.373061],[-71.061874,42.372967],[-71.061874,42.372285],[-71.061851,42.372251],[-71.061664,42.372157],[-71.061641,42.372146],[-71.061691,42.372065],[-71.061751,42.372052],[-71.061897,42.372025],[-71.06197,42.371971],[-71.062007,42.371903],[-71.062029,42.371795],[-71.062029,42.371711],[-71.061993,42.371637],[-71.061988,42.371606],[-71.062016,42.371566],[-71.062016,42.371528],[-71.061984,42.371512],[-71.061961,42.371512],[-71.061961,42.371431],[-71.061934,42.37136],[-71.061915,42.371329],[-71.061926,42.37131],[-71.061999,42.371288],[-71.061932,42.371261],[-71.061565,42.371128],[-71.061525,42.371089],[-71.061258,42.370919],[-71.061038,42.370709],[-71.060901,42.370559],[-71.060638,42.370187],[-71.060258,42.369637],[-71.059977,42.36925],[-71.059951,42.369203],[-71.059911,42.369159],[-71.059841,42.369095],[-71.059644,42.368841],[-71.059607,42.368777],[-71.059587,42.368715],[-71.059564,42.368654],[-71.059507,42.36859],[-71.058823,42.367621],[-71.058646,42.367352],[-71.058586,42.367291],[-71.058533,42.367259],[-71.058435,42.367227],[-71.058442,42.367119],[-71.058409,42.367078],[-71.058307,42.366962],[-71.058113,42.367132],[-71.058047,42.367168],[-71.057952,42.367195],[-71.057809,42.367316],[-71.05741,42.367649],[-71.057286,42.367725],[-71.056729,42.367262],[-71.056649,42.367187],[-71.056561,42.367157],[-71.054658,42.366429],[-71.054683,42.36637],[-71.054643,42.366318],[-71.054574,42.366278],[-71.054317,42.366167],[-71.054273,42.366194],[-71.054156,42.366124],[-71.053922,42.365989],[-71.054068,42.365878],[-71.053765,42.365694],[-71.053684,42.365769],[-71.053194,42.365456],[-71.05315,42.365491],[-71.053095,42.365464],[-71.053099,42.36544],[-71.052919,42.365415],[-71.053,42.365193],[-71.053131,42.364991],[-71.053325,42.364801],[-71.053809,42.364317],[-71.053468,42.364104],[-71.053479,42.364036],[-71.053512,42.363952],[-71.053622,42.363725],[-71.053728,42.363544],[-71.053823,42.363414],[-71.053878,42.363344],[-71.054032,42.3632],[-71.054098,42.363173],[-71.054178,42.363233],[-71.054288,42.363341],[-71.054552,42.363603],[-71.054658,42.363744],[-71.054683,42.363733],[-71.054735,42.363676],[-71.054746,42.363657],[-71.055276,42.363098],[-71.055419,42.362968],[-71.055511,42.362873],[-71.055584,42.362816],[-71.055664,42.362749],[-71.055712,42.362735],[-71.055738,42.362738],[-71.055825,42.362792],[-71.056118,42.362989],[-71.056206,42.362892],[-71.056243,42.362849],[-71.056316,42.362787],[-71.056393,42.36277],[-71.056429,42.362743],[-71.056481,42.362678],[-71.056517,42.362605],[-71.05655,42.3625],[-71.056565,42.362397],[-71.056565,42.362324],[-71.056557,42.362267],[-71.056576,42.36224],[-71.056667,42.3622],[-71.056726,42.362181],[-71.056711,42.362162],[-71.056605,42.362116],[-71.056473,42.362056],[-71.056649,42.361975],[-71.056759,42.361924],[-71.056861,42.361859],[-71.056876,42.361729],[-71.05689,42.361594],[-71.056931,42.361472],[-71.056989,42.36135],[-71.057019,42.361269],[-71.056971,42.361158],[-71.056876,42.360961],[-71.056858,42.360853],[-71.056843,42.360731],[-71.056806,42.360653],[-71.05677,42.360569],[-71.056744,42.360523],[-71.0567,42.360501],[-71.056664,42.360485],[-71.056645,42.360444],[-71.056572,42.360347],[-71.056484,42.360169],[-71.055986,42.360212],[-71.05591,42.359882],[-71.056942,42.359795],[-71.056766,42.359189],[-71.056693,42.359006],[-71.057041,42.358978],[-71.057136,42.358973],[-71.057114,42.358781],[-71.057253,42.358686],[-71.057311,42.358643],[-71.05774,42.35864],[-71.057765,42.358635],[-71.057787,42.358324],[-71.057809,42.358167],[-71.05786,42.357948],[-71.05789,42.357859],[-71.057985,42.357724],[-71.058106,42.357548],[-71.058256,42.357383],[-71.05842,42.357223],[-71.058505,42.357153],[-71.058607,42.357066],[-71.058633,42.357015],[-71.058629,42.356996],[-71.058732,42.356912],[-71.058834,42.356969],[-71.058841,42.35698],[-71.058728,42.357093],[-71.058666,42.357169],[-71.05849,42.357329],[-71.058457,42.357402],[-71.058424,42.357488],[-71.059917,42.357888],[-71.060313,42.358005],[-71.060342,42.358026],[-71.060536,42.35811],[-71.060591,42.357959],[-71.060624,42.357905],[-71.061085,42.357456],[-71.06133,42.357234],[-71.061715,42.356855],[-71.061868,42.356704],[-71.061931,42.356661],[-71.061993,42.356647],[-71.062018,42.356644],[-71.062136,42.356571],[-71.062183,42.356544],[-71.063127,42.357391],[-71.063208,42.357469],[-71.063256,42.357485],[-71.063307,42.357491],[-71.06334,42.357531],[-71.063373,42.357567],[-71.063665,42.357477],[-71.063622,42.357394],[-71.063669,42.357372],[-71.063603,42.357145],[-71.063142,42.355752],[-71.063116,42.355725],[-71.06308,42.355703],[-71.06308,42.355684],[-71.063376,42.355378],[-71.063461,42.355268],[-71.063512,42.355289]]},"bbox":[-71.063669,42.355268,-71.052919,42.376303]},{"type":"Feature","properties":{"stroke-width":4,"stroke-opacity":1,"stroke":"rgba(255, 0, 0, 1)"},"geometry":{"type":"LineString","coordinates":[[-71.060166,42.374696],[-71.060092,42.374673],[-71.060011,42.374631],[-71.059838,42.374542],[-71.059719,42.374484],[-71.059658,42.374448],[-71.059634,42.374391],[-71.059622,42.37438],[-71.059567,42.374358],[-71.059485,42.374324],[-71.059357,42.374263],[-71.059306,42.374281],[-71.059248,42.374272],[-71.059154,42.374246],[-71.059035,42.37423],[-71.058975,42.374225],[-71.058962,42.374219],[-71.058889,42.373902],[-71.058856,42.373866],[-71.058813,42.373839],[-71.058759,42.373835],[-71.058698,42.373837],[-71.058482,42.373675],[-71.058361,42.373588],[-71.058169,42.37374],[-71.058039,42.373639],[-71.057923,42.373592],[-71.057808,42.37352],[-71.057756,42.373462],[-71.057665,42.373348],[-71.057634,42.373231],[-71.057628,42.373065],[-71.05764,42.372988],[-71.057613,42.372964],[-71.057476,42.372932],[-71.057443,42.372923],[-71.056902,42.373208],[-71.056586,42.373377],[-71.056367,42.373143],[-71.056398,42.373116],[-71.056349,42.373074],[-71.056692,42.372914],[-71.056625,42.372753],[-71.056473,42.372669],[-71.056486,42.372647],[-71.056394,42.372602],[-71.056455,42.372528]]},"bbox":[-71.060166,42.372528,-71.056349,42.374696]},{"type":"Feature","properties":{"stroke-width":4,"stroke-opacity":1,"stroke":"rgba(255, 0, 0, 1)"},"geometry":{"type":"LineString","coordinates":[[-71.056519,42.373309],[-71.056315,42.373415],[-71.056176,42.373489],[-71.056106,42.373563],[-71.056015,42.373621],[-71.055759,42.373799],[-71.05572,42.373828]]},"bbox":[-71.056519,42.373309,-71.05572,42.373828]},{"type":"Feature","properties":{"stroke":"rgba(255, 0, 0, 1)","stroke-opacity":1,"stroke-width":4},"geometry":{"type":"LineString","coordinates":[[-71.057455,42.37293],[-71.057722,42.372784],[-71.057811,42.372737],[-71.058011,42.372643],[-71.058175,42.372564],[-71.058403,42.372458],[-71.058662,42.372337],[-71.058795,42.372277],[-71.05919,42.372063],[-71.059962,42.371702],[-71.060056,42.371652],[-71.060205,42.37159],[-71.060464,42.371947],[-71.060497,42.371965],[-71.060524,42.371967],[-71.060573,42.371938],[-71.061184,42.371515],[-71.06129,42.371453],[-71.061327,42.371441],[-71.061403,42.371374],[-71.061527,42.371273],[-71.061552,42.371226],[-71.061561,42.371167],[-71.061549,42.371125],[-71.061524,42.371093]]},"bbox":[-71.061561,42.371093,-71.057455,42.37293]},{"type":"Feature","properties":{"stroke":"rgba(255, 0, 0, 1)","stroke-width":4,"stroke-opacity":1},"geometry":{"type":"LineString","coordinates":[[-71.060339,42.358031],[-71.060311,42.358043],[-71.060264,42.358116],[-71.060211,42.358183],[-71.06013,42.358286],[-71.060068,42.358367],[-71.060052,42.35836]]},"bbox":[-71.060339,42.358031,-71.060052,42.358367]},{"type":"Feature","properties":{"stroke":"rgba(255, 0, 0, 1)","stroke-opacity":1,"stroke-width":4},"geometry":{"type":"LineString","coordinates":[[-71.056939,42.360105],[-71.056573,42.360145],[-71.056057,42.36024],[-71.055698,42.3603],[-71.05544,42.360366],[-71.054985,42.360391],[-71.054625,42.360421],[-71.054266,42.360456],[-71.054021,42.360481],[-71.053859,42.360466],[-71.053743,42.360406],[-71.053723,42.3603],[-71.053696,42.36021],[-71.053669,42.36008],[-71.053859,42.36006],[-71.054021,42.36001],[-71.054571,42.359934],[-71.054999,42.359879],[-71.055487,42.359879],[-71.055691,42.359899],[-71.055827,42.359909],[-71.056356,42.359874],[-71.056831,42.359874]]},"bbox":[-71.056939,42.359874,-71.053669,42.360481]},{"type":"Feature","properties":{"stroke":"rgba(255, 0, 0, 1)","stroke-opacity":1,"stroke-width":4},"geometry":{"type":"LineString","coordinates":[[-71.068565,42.358086],[-71.068674,42.358067],[-71.068687,42.358106],[-71.068628,42.358135],[-71.068608,42.358206],[-71.068647,42.358396],[-71.06871,42.358663],[-71.068733,42.358751],[-71.068779,42.358783],[-71.068832,42.35878],[-71.068871,42.358778],[-71.068911,42.358739],[-71.068924,42.358695],[-71.068885,42.358527],[-71.068832,42.358286],[-71.068806,42.358159],[-71.068766,42.358128],[-71.06872,42.358116],[-71.068697,42.358064],[-71.068776,42.358047],[-71.068865,42.358038],[-71.068891,42.35814],[-71.068997,42.358505],[-71.069063,42.35879]]},"bbox":[-71.069063,42.358038,-71.068565,42.35879]},{"type":"Feature","properties":{"stroke":"rgba(255, 0, 0, 1)","stroke-opacity":1,"stroke-width":4},"geometry":{"type":"LineString","coordinates":[[-71.156205,42.340813],[-71.155881,42.34039],[-71.15569,42.340257],[-71.156954,42.340002],[-71.157774,42.339815],[-71.157735,42.3398],[-71.157595,42.33976],[-71.157564,42.339734],[-71.157486,42.339708],[-71.156903,42.339533],[-71.156475,42.339375],[-71.155465,42.338938],[-71.154928,42.338668],[-71.154952,42.338625],[-71.1552,42.338418],[-71.155294,42.338456],[-71.155406,42.338318],[-71.155542,42.338209],[-71.155694,42.338154],[-71.155818,42.338137],[-71.155931,42.338154],[-71.156569,42.33839],[-71.157004,42.338562],[-71.1573,42.338657],[-71.157509,42.338688],[-71.15838,42.338832],[-71.15852,42.338855],[-71.158726,42.338849],[-71.158909,42.338803],[-71.159029,42.338714],[-71.159142,42.338637],[-71.159247,42.338562],[-71.159305,42.338476],[-71.159469,42.338243],[-71.15964,42.337953],[-71.159725,42.337838],[-71.159838,42.337766],[-71.159935,42.337732],[-71.160028,42.337709],[-71.160133,42.337703],[-71.160355,42.337746],[-71.160678,42.337809],[-71.160911,42.337826],[-71.161086,42.337823],[-71.161272,42.337789],[-71.161389,42.337754],[-71.161583,42.33766],[-71.161673,42.337594],[-71.161813,42.337441],[-71.161859,42.337358],[-71.16191,42.337263],[-71.161953,42.337105],[-71.161999,42.336924],[-71.162077,42.336769],[-71.162159,42.336671],[-71.162287,42.336585],[-71.162338,42.336562],[-71.162516,42.336507],[-71.16259,42.336487],[-71.162882,42.336433],[-71.162835,42.3363],[-71.1628,42.336266],[-71.162571,42.336237],[-71.162509,42.336229],[-71.162621,42.336151],[-71.162785,42.336016],[-71.162847,42.335964],[-71.162897,42.335898],[-71.162944,42.335806],[-71.162975,42.335674],[-71.16296,42.335568],[-71.162932,42.335487],[-71.162882,42.335453],[-71.162835,42.335444],[-71.162839,42.33551],[-71.162839,42.335622],[-71.162789,42.335786],[-71.162676,42.335944],[-71.162547,42.336071],[-71.162182,42.336298],[-71.161922,42.336467],[-71.161774,42.336608],[-71.161638,42.336818],[-71.161572,42.337099],[-71.161537,42.337188],[-71.16144,42.3373],[-71.16123,42.337424],[-71.161016,42.33747],[-71.160802,42.337473],[-71.160678,42.337441],[-71.160464,42.337358],[-71.159546,42.336976],[-71.159414,42.336924],[-71.159274,42.336901],[-71.159123,42.336898],[-71.158948,42.336933],[-71.158781,42.336993],[-71.158625,42.33714],[-71.158563,42.337341],[-71.158602,42.33751],[-71.158715,42.33764],[-71.158866,42.337795],[-71.15894,42.337941],[-71.158963,42.338062],[-71.158889,42.338229],[-71.158761,42.338361],[-71.158594,42.338441],[-71.158462,42.338476],[-71.158232,42.33847],[-71.15812,42.33845],[-71.157941,42.33839],[-71.15749,42.338237],[-71.156748,42.33799],[-71.156102,42.3378],[-71.155974,42.337769],[-71.155846,42.337757],[-71.155659,42.337772],[-71.155445,42.337849],[-71.155126,42.337987],[-71.154928,42.338068],[-71.15478,42.338076],[-71.154664,42.338042],[-71.154551,42.337993],[-71.154489,42.337927],[-71.154411,42.337913],[-71.154283,42.33791],[-71.154147,42.337924],[-71.154089,42.337961],[-71.153999,42.337869],[-71.153956,42.337803],[-71.153929,42.337637],[-71.153898,42.337476],[-71.153836,42.337407],[-71.153766,42.337309],[-71.153284,42.33722],[-71.153078,42.337142],[-71.153058,42.336956],[-71.153121,42.336858],[-71.153229,42.336786],[-71.153369,42.336752],[-71.15354,42.336795],[-71.153665,42.336867],[-71.153793,42.336832],[-71.153871,42.336752],[-71.153882,42.336648],[-71.153871,42.336568],[-71.153715,42.33647],[-71.153307,42.336398]]},"bbox":[-71.162975,42.335444,-71.153058,42.340813]},{"type":"Feature","properties":{"stroke":"rgba(255, 0, 0, 1)","stroke-opacity":1,"stroke-width":4},"geometry":{"type":"LineString","coordinates":[[-71.155101,42.340491],[-71.154699,42.341132],[-71.154637,42.341167],[-71.154576,42.341188],[-71.154509,42.341307],[-71.154519,42.341391],[-71.154414,42.341573],[-71.154026,42.342176],[-71.153524,42.342915],[-71.153372,42.343153],[-71.15332,42.343384],[-71.153296,42.343597],[-71.153353,42.343853],[-71.153372,42.344112],[-71.15333,42.344368],[-71.153259,42.34442],[-71.15324,42.344462],[-71.153225,42.344571],[-71.15341,42.344651],[-71.155111,42.34519],[-71.154168,42.346587]]},"bbox":[-71.155111,42.340491,-71.153225,42.346587]}]}