sole_id,timestamp,accel_x,accel_y,accel_z,gyro_x,gyro_y,gyro_z,magn_x,magn_y,magn_z,pressure_01,pressure_02,pressure_03,pressure_04,pressure_05,pressure_06,pressure_07,pressure_08,pressure_09,pressure_10,pressure_11,pressure_12,corrupt
2,1768494663264,306,497,10002,26878,-57421,-14660,0,0,0,404,508,259,451,408,465,570,552,365,288,287,345,0
2,1768494663280,315,488,10011,29321,-56199,-15882,0,0,0,405,511,274,443,398,468,575,554,377,286,284,346,0
2,1768494663296,315,478,10011,34208,-57421,-15882,0,0,0,408,506,291,444,396,478,569,548,379,288,285,350,0
2,1768494663312,315,473,10002,39095,-58643,-15882,0,0,0,410,509,278,448,403,478,570,549,379,312,297,346,0
2,1768494663328,311,464,9997,36651,-59864,-17104,0,0,0,410,510,272,448,412,474,566,549,379,303,292,347,0
2,1768494663344,306,459,9997,30543,-58643,-15882,0,0,0,410,509,275,447,408,472,563,545,375,287,284,351,0
2,1768494663360,311,464,10016,24434,-57421,-14660,0,0,0,412,509,273,450,401,475,567,543,372,288,285,354,0
2,1768494663376,306,464,10016,19547,-57421,-14660,0,0,0,411,509,268,451,402,475,565,548,373,326,310,348,0
2,1768494663392,306,469,10016,17104,-56199,-14660,0,0,0,409,507,260,448,398,470,561,552,374,377,344,340,0
2,1768494663408,306,464,10007,15882,-57421,-14660,0,0,0,411,510,260,450,400,471,569,547,368,288,284,352,0
2,1768494663424,306,464,10007,12217,-57421,-13439,0,0,0,411,511,261,447,397,468,574,550,370,288,284,353,0
2,1768494663440,301,464,10011,8552,-56199,-13439,0,0,0,414,511,261,451,401,472,573,549,370,290,289,354,0
2,1768494663456,301,478,10016,6108,-54977,-13439,0,0,0,411,511,260,452,403,474,578,556,374,286,286,350,0
2,1768494663472,311,483,10016,6108,-54977,-14660,0,0,0,410,508,260,454,406,474,572,550,368,289,288,353,0
2,1768494663488,320,473,10021,8552,-54977,-14660,0,0,0,411,510,264,448,402,471,570,549,368,287,288,349,0
2,1768494663504,315,469,10026,10995,-53756,-13439,0,0,0,411,511,266,447,404,471,572,553,372,289,292,351,0
2,1768494663520,311,469,10016,10995,-53756,-13439,0,0,0,411,511,268,447,404,471,569,555,372,288,292,350,0
2,1768494663536,306,473,10011,9773,-56199,-12217,0,0,0,409,510,270,447,402,472,572,557,375,286,290,348,0
2,1768494663552,306,473,10016,6108,-56199,-12217,0,0,0,406,508,268,447,402,472,576,558,376,286,290,348,0
2,1768494663568,301,478,10026,4886,-54977,-13439,0,0,0,401,507,265,446,403,472,576,557,374,288,291,347,0
2,1768494663584,301,483,10026,4886,-53756,-13439,0,0,0,396,509,264,447,404,472,572,557,373,287,291,345,0
2,1768494663600,306,492,10021,4886,-53756,-13439,0,0,0,395,509,263,445,403,469,568,557,371,286,290,344,0
2,1768494663616,311,497,10026,9773,-54977,-13439,0,0,0,394,509,266,443,401,468,567,556,371,285,291,345,0
2,1768494663632,311,492,10026,9773,-54977,-13439,0,0,0,396,511,267,446,404,471,574,558,373,285,291,344,0
2,1768494663648,306,492,10026,9773,-56199,-14660,0,0,0,391,508,262,444,401,470,573,558,373,286,291,346,0
2,1768494663664,306,497,10031,10995,-56199,-13439,0,0,0,391,509,263,442,401,469,573,561,374,284,289,344,0
2,1768494663680,311,502,10040,14660,-56199,-13439,0,0,0,394,510,263,442,399,467,569,558,370,284,290,343,0
2,1768494663696,306,507,10040,19547,-57421,-14660,0,0,0,392,508,262,441,399,466,569,558,369,285,291,345,0
2,1768494663712,306,502,10031,19547,-54977,-14660,0,0,0,395,511,266,445,403,469,575,562,375,286,290,344,0
2,1768494663728,311,497,10026,19547,-54977,-13439,0,0,0,397,512,267,448,407,472,574,561,375,283,290,343,0
2,1768494663744,320,497,10026,19547,-54977,-13439,0,0,0,396,512,266,446,404,471,574,560,374,285,292,345,0
2,1768494663760,320,497,10031,19547,-56199,-14660,0,0,0,397,512,267,443,402,470,574,558,372,286,292,345,0
2,1768494663776,306,497,10035,20769,-57421,-14660,0,0,0,397,511,267,443,401,468,574,559,371,286,291,345,0
2,1768494663792,306,497,10035,23212,-56199,-15882,0,0,0,397,512,268,444,403,469,573,560,371,287,291,345,0
2,1768494663808,306,502,10031,24434,-56199,-15882,0,0,0,397,512,268,448,407,473,574,560,373,287,293,345,0
2,1768494663824,315,492,10040,28099,-57421,-14660,0,0,0,393,509,265,448,408,474,575,563,375,287,293,346,0
2,1768494663840,311,488,10045,28099,-57421,-14660,0,0,0,395,509,265,444,405,471,572,562,374,285,293,345,0
2,1768494663856,311,488,10040,28099,-58643,-15882,0,0,0,399,511,268,449,408,477,576,565,377,287,292,347,0
2,1768494663872,311,488,10035,26878,-57421,-15882,0,0,0,399,512,270,446,405,472,573,562,374,286,292,346,0
2,1768494663888,306,478,10031,25656,-57421,-14660,0,0,0,401,514,270,446,405,474,575,561,374,287,292,346,0
2,1768494663904,306,483,10026,24434,-57421,-14660,0,0,0,399,511,268,449,409,476,573,559,370,288,293,347,0
2,1768494663920,311,497,10031,25656,-57421,-14660,0,0,0,396,508,264,449,407,475,578,565,376,288,294,352,0
2,1768494663936,315,502,10040,30543,-57421,-14660,0,0,0,400,512,268,448,407,474,576,562,374,287,293,350,0
2,1768494663952,311,492,10045,35430,-59864,-15882,0,0,0,397,509,266,447,404,473,576,562,374,282,287,345,0
2,1768494663968,296,473,10040,35430,-59864,-15882,0,0,0,398,508,263,445,404,471,574,563,375,282,288,346,0
2,1768494663984,296,473,10031,32986,-58643,-15882,0,0,0,400,509,268,448,404,474,575,561,373,287,293,352,0
2,1768494664000,315,478,10031,30543,-57421,-15882,0,0,0,403,511,270,448,402,474,577,562,376,288,292,353,0
2,1768494664016,320,483,10040,31764,-57421,-15882,0,0,0,402,509,267,448,401,473,577,562,377,290,292,351,0
2,1768494664032,311,488,10050,36651,-58643,-17104,0,0,0,401,507,265,448,401,472,576,559,374,290,291,350,0
2,1768494664048,296,473,10045,36651,-58643,-15882,0,0,0,401,509,265,445,399,470,574,559,373,284,288,352,0
2,1768494664064,301,469,10040,32986,-59864,-14660,0,0,0,406,510,268,446,398,472,577,560,373,283,288,352,0
2,1768494664080,315,473,10035,30543,-58643,-14660,0,0,0,412,508,264,453,402,474,579,558,372,285,285,349,0
2,1768494664096,315,478,10031,31764,-58643,-14660,0,0,0,403,512,257,447,398,461,576,557,368,286,288,352,0
2,1768494664112,306,478,10035,39095,-58643,-15882,0,0,0,406,513,256,454,403,458,580,551,377,281,281,343,0
2,1768494664128,306,464,10050,45204,-59864,-17104,0,0,0,409,513,256,454,403,456,583,547,377,282,281,343,0
2,1768494664144,306,459,10054,46425,-61086,-18325,0,0,0,412,513,265,452,397,452,587,548,385,329,300,338,0
2,1768494664160,306,459,10040,42760,-61086,-17104,0,0,0,412,513,259,457,403,455,588,546,381,289,282,345,0
2,1768494664176,301,459,10040,39095,-61086,-15882,0,0,0,412,515,261,454,401,452,585,542,382,282,277,347,0
2,1768494664192,301,454,10040,37873,-61086,-15882,0,0,0,412,517,264,449,398,451,588,542,385,282,277,348,0
2,1768494664208,306,445,10040,34208,-59864,-15882,0,0,0,411,518,261,454,402,453,590,542,387,281,276,346,0
2,1768494664224,301,445,10031,29321,-58643,-14660,0,0,0,409,515,258,456,403,458,593,541,390,279,275,343,0
2,1768494664240,301,449,10031,23212,-58643,-14660,0,0,0,409,518,257,456,405,458,590,540,388,279,275,343,0
2,1768494664256,301,454,10040,19547,-57421,-13439,0,0,0,410,523,258,454,405,455,584,540,385,280,277,346,0
2,1768494664272,311,459,10054,19547,-57421,-13439,0,0,0,412,519,259,452,403,455,586,543,385,282,278,349,0
2,1768494664288,311,454,10050,20769,-57421,-13439,0,0,0,412,516,260,452,404,457,584,545,386,287,279,349,0
2,1768494664304,306,449,10050,21991,-57421,-13439,0,0,0,413,517,266,450,404,457,577,544,386,293,281,349,0
2,1768494664320,301,449,10050,24434,-57421,-14660,0,0,0,412,514,260,455,411,461,586,541,386,283,276,350,0
2,1768494664336,301,449,10050,24434,-57421,-14660,0,0,0,414,515,263,456,412,462,587,542,386,281,275,350,0
2,1768494664352,301,445,10045,21991,-57421,-13439,0,0,0,412,515,259,453,409,461,586,540,386,281,275,350,0
2,1768494664368,311,445,10040,19547,-57421,-13439,0,0,0,416,519,264,453,408,461,591,535,386,369,319,338,0
2,1768494664384,311,449,10040,18325,-57421,-13439,0,0,0,418,518,261,450,402,457,587,540,386,304,287,348,0
2,1768494664400,306,454,10045,19547,-57421,-13439,0,0,0,413,515,257,453,403,459,584,544,385,281,277,350,0
2,1768494664416,306,449,10045,21991,-57421,-14660,0,0,0,415,517,259,456,405,463,580,542,382,282,277,350,0
2,1768494664432,306,445,10050,23212,-57421,-14660,0,0,0,415,517,258,456,407,463,584,541,383,283,278,351,0
2,1768494664448,301,449,10054,21991,-56199,-14660,0,0,0,414,517,258,454,407,461,589,541,386,282,278,350,0
2,1768494664464,301,445,10050,20769,-56199,-13439,0,0,0,413,516,258,452,405,458,588,540,387,281,277,349,0
2,1768494664480,311,440,10050,19547,-57421,-13439,0,0,0,414,517,258,452,405,458,588,540,388,281,277,349,0
2,1768494664496,315,445,10050,19547,-58643,-13439,0,0,0,415,519,259,454,407,460,590,542,392,280,277,349,0
2,1768494664512,306,445,10045,19547,-57421,-13439,0,0,0,409,514,254,452,406,458,589,539,394,279,277,348,0
2,1768494664528,296,449,10045,20769,-57421,-14660,0,0,0,412,516,255,452,405,458,585,531,393,277,274,347,0
2,1768494664544,296,454,10045,21991,-57421,-14660,0,0,0,414,518,259,450,405,458,591,545,399,282,279,351,0
2,1768494664560,301,449,10045,19547,-57421,-14660,0,0,0,415,518,259,454,407,461,592,543,394,280,277,351,0
2,1768494664576,311,445,10045,18325,-57421,-14660,0,0,0,412,517,254,452,408,460,587,544,395,281,278,352,0
2,1768494664592,311,445,10050,17104,-57421,-14660,0,0,0,414,517,256,449,403,459,589,544,396,311,290,350,0
2,1768494664608,306,449,10059,18325,-57421,-14660,0,0,0,414,517,256,451,405,459,588,544,396,291,283,351,0
2,1768494664624,301,449,10045,18325,-57421,-14660,0,0,0,412,513,252,450,405,459,588,545,396,283,279,353,0
2,1768494664640,301,449,10035,18325,-57421,-13439,0,0,0,416,517,258,450,403,458,587,545,394,281,277,352,0
2,1768494664656,306,454,10045,18325,-57421,-14660,0,0,0,416,518,259,451,404,458,588,545,392,278,276,351,0
2,1768494664672,301,449,10054,18325,-57421,-14660,0,0,0,413,516,257,456,408,462,589,543,390,280,277,351,0
2,1768494664688,301,449,10059,20769,-57421,-14660,0,0,0,414,517,258,457,409,464,590,541,389,282,279,352,0
2,1768494664704,306,445,10054,24434,-57421,-14660,0,0,0,412,516,255,454,405,460,589,537,389,280,278,351,0
2,1768494664720,311,445,10045,25656,-57421,-14660,0,0,0,414,516,257,455,406,461,583,531,384,278,276,351,0
2,1768494664736,306,454,10045,23212,-58643,-14660,0,0,0,418,518,260,456,408,460,585,541,389,283,280,355,0
2,1768494664752,306,449,10045,21991,-58643,-14660,0,0,0,422,517,259,455,404,459,595,545,393,283,279,356,0
2,1768494664768,306,449,10054,20769,-58643,-14660,0,0,0,417,517,260,453,402,459,594,545,394,279,277,352,0
2,1768494664784,301,454,10064,20769,-58643,-14660,0,0,0,415,513,254,458,408,463,594,544,392,281,275,352,0
2,1768494664800,301,454,10050,20769,-57421,-14660,0,0,0,413,513,251,455,403,460,594,543,390,281,279,353,0
2,1768494664816,306,454,10045,20769,-57421,-14660,0,0,0,414,515,252,454,403,460,588,541,388,282,280,354,0
2,1768494664832,301,449,10045,18325,-57421,-14660,0,0,0,415,515,253,455,404,462,589,543,391,280,277,352,0
2,1768494664848,296,445,10050,17104,-56199,-14660,0,0,0,415,515,254,455,404,461,594,544,394,280,277,353,0
2,1768494664864,296,445,10054,15882,-56199,-14660,0,0,0,416,516,255,455,405,461,596,545,396,282,278,354,0
2,1768494664880,306,449,10050,14660,-56199,-12217,0,0,0,418,517,258,455,405,462,593,542,394,354,317,345,0
2,1768494664896,311,454,10045,14660,-56199,-12217,0,0,0,419,519,261,455,405,463,591,542,395,345,313,346,0
2,1768494664912,311,459,10045,14660,-56199,-12217,0,0,0,418,518,261,457,407,464,593,544,398,279,277,354,0
2,1768494664928,306,454,10045,13439,-56199,-13439,0,0,0,416,516,261,457,408,464,596,545,399,281,278,355,0
2,1768494664944,311,449,10050,12217,-54977,-14660,0,0,0,416,516,261,457,408,464,597,547,401,280,278,354,0
2,1768494664960,311,454,10050,10995,-54977,-14660,0,0,0,414,515,261,459,409,467,595,545,401,280,277,354,0
2,1768494664976,311,459,10054,12217,-54977,-13439,0,0,0,415,516,264,455,405,465,598,547,404,281,277,356,0
2,1768494664992,311,464,10054,15882,-56199,-13439,0,0,0,417,518,268,455,405,465,594,549,403,281,278,355,0
2,1768494665008,311,459,10059,19547,-56199,-14660,0,0,0,418,518,269,456,406,465,591,542,396,281,278,355,0
2,1768494665024,301,459,10064,21991,-57421,-14660,0,0,0,412,513,264,454,405,465,595,549,404,279,276,354,0
2,1768494665040,301,459,10054,21991,-57421,-13439,0,0,0,416,515,268,456,404,466,591,549,403,287,281,355,0
2,1768494665056,301,459,10050,21991,-57421,-13439,0,0,0,418,517,270,459,419,467,586,549,402,283,280,356,0
2,1768494665072,311,459,10050,23212,-57421,-14660,0,0,0,416,517,267,460,414,469,590,546,400,282,278,356,0
2,1768494665088,311,459,10050,26878,-57421,-15882,0,0,0,416,517,267,457,406,468,592,545,399,280,276,355,0
2,1768494665104,301,454,10045,28099,-57421,-17104,0,0,0,416,516,266,457,406,467,591,546,400,277,276,354,0
2,1768494665120,301,454,10045,28099,-58643,-14660,0,0,0,417,517,268,458,407,468,594,548,401,278,276,355,0
2,1768494665136,301,454,10045,24434,-57421,-14660,0,0,0,417,518,270,458,405,469,593,548,401,281,278,357,0
2,1768494665152,301,459,10054,21991,-57421,-15882,0,0,0,416,517,269,457,404,469,591,546,399,281,280,358,0
2,1768494665168,301,454,10054,21991,-58643,-15882,0,0,0,417,518,269,457,407,470,580,537,411,279,279,356,0
2,1768494665184,301,449,10050,21991,-58643,-13439,0,0,0,416,517,267,457,409,468,546,514,417,276,274,352,0
2,1768494665200,306,454,10045,23212,-57421,-13439,0,0,0,416,517,269,456,405,467,594,549,404,280,277,355,0
2,1768494665216,306,454,10045,23212,-56199,-13439,0,0,0,417,516,269,456,405,467,598,547,404,284,277,357,0
2,1768494665232,311,454,10050,24434,-57421,-14660,0,0,0,416,516,270,456,408,470,599,547,409,282,276,357,0
2,1768494665248,306,464,10050,24434,-57421,-14660,0,0,0,416,515,270,456,407,469,605,549,420,281,277,356,0
2,1768494665264,296,464,10054,24434,-58643,-14660,0,0,0,419,518,272,453,403,464,604,551,421,283,280,357,0
2,1768494665280,306,454,10059,24434,-57421,-14660,0,0,0,416,515,269,456,406,468,597,545,408,280,277,355,0
2,1768494665296,315,454,10059,24434,-57421,-14660,0,0,0,415,515,268,455,405,468,595,546,405,281,277,358,0
2,1768494665312,320,459,10064,25656,-57421,-14660,0,0,0,416,516,269,451,402,465,597,543,407,279,276,359,0
2,1768494665328,301,449,10054,26878,-58643,-14660,0,0,0,417,516,271,450,402,468,601,540,406,277,274,357,0
2,1768494665344,301,445,10050,25656,-58643,-14660,0,0,0,418,516,271,450,403,470,602,542,408,278,275,358,0
2,1768494665360,301,449,10050,23212,-57421,-14660,0,0,0,419,516,272,453,405,471,601,545,414,279,276,358,0
2,1768494665376,296,454,10050,20769,-56199,-14660,0,0,0,419,517,272,456,408,474,601,545,414,280,277,359,0
2,1768494665392,296,459,10054,20769,-56199,-14660,0,0,0,417,515,269,450,403,468,600,544,415,284,281,363,0
2,1768494665408,301,459,10054,20769,-57421,-13439,0,0,0,419,515,272,449,402,467,599,541,409,282,278,361,0
2,1768494665424,301,445,10059,20769,-57421,-13439,0,0,0,421,516,276,452,405,471,599,542,407,278,275,360,0
2,1768494665440,296,445,10069,19547,-57421,-13439,0,0,0,423,518,279,452,407,472,597,542,403,278,275,360,0
2,1768494665456,306,445,10059,19547,-56199,-13439,0,0,0,419,516,278,450,424,464,594,549,406,281,276,362,0
2,1768494665472,311,449,10045,19547,-56199,-13439,0,0,0,421,516,278,451,406,472,596,548,402,280,276,362,0
2,1768494665488,301,449,10045,20769,-56199,-14660,0,0,0,422,517,275,452,405,474,600,550,402,281,277,361,0
2,1768494665504,291,445,10045,18325,-56199,-13439,0,0,0,422,518,275,447,399,467,599,544,397,280,274,361,0
2,1768494665520,301,440,10054,15882,-56199,-13439,0,0,0,421,516,276,450,406,469,546,511,410,278,270,357,0
2,1768494665536,306,440,10064,13439,-54977,-13439,0,0,0,422,516,277,452,406,471,570,526,407,279,273,359,0
2,1768494665552,306,449,10069,12217,-54977,-13439,0,0,0,421,516,275,452,405,471,599,546,405,281,278,362,0
2,1768494665568,306,454,10059,12217,-54977,-14660,0,0,0,421,517,273,455,408,473,598,547,408,281,278,361,0
2,1768494665584,311,449,10050,12217,-54977,-13439,0,0,0,421,517,270,456,409,474,599,546,407,279,277,359,0
2,1768494665600,315,449,10050,12217,-54977,-13439,0,0,0,419,516,265,454,406,469,601,547,408,279,277,358,0
2,1768494665616,306,454,10050,13439,-54977,-13439,0,0,0,419,518,265,452,403,466,598,544,406,282,277,359,0
2,1768494665632,306,459,10054,12217,-56199,-13439,0,0,0,413,513,259,449,401,465,595,544,403,282,278,358,0
2,1768494665648,306,459,10054,9773,-54977,-13439,0,0,0,415,516,265,453,404,467,600,548,409,279,277,356,0
2,1768494665664,306,459,10050,9773,-54977,-13439,0,0,0,417,518,266,456,409,470,601,547,410,282,279,357,0
2,1768494665680,311,459,10050,9773,-56199,-12217,0,0,0,416,518,264,459,418,471,594,552,410,280,278,356,0
2,1768494665696,315,473,10064,12217,-57421,-13439,0,0,0,418,519,268,452,406,465,604,552,411,281,278,358,0
2,1768494665712,311,473,10054,13439,-56199,-13439,0,0,0,420,521,268,453,406,467,599,547,405,282,279,357,0
2,1768494665728,311,469,10040,14660,-56199,-14660,0,0,0,415,516,264,450,402,465,601,551,409,282,279,357,0
2,1768494665744,311,473,10045,15882,-56199,-14660,0,0,0,414,516,264,451,403,465,597,548,405,283,280,358,0
2,1768494665760,311,473,10059,15882,-56199,-14660,0,0,0,413,517,263,452,404,465,599,550,407,283,281,356,0
2,1768494665776,315,478,10064,15882,-57421,-14660,0,0,0,412,515,262,450,402,462,600,553,410,283,281,356,0
2,1768494665792,315,473,10059,17104,-57421,-14660,0,0,0,414,517,263,451,404,463,597,550,408,283,280,357,0
2,1768494665808,296,473,10054,18325,-57421,-14660,0,0,0,417,518,266,451,437,456,595,551,409,283,280,356,0
2,1768494665824,296,473,10050,19547,-56199,-14660,0,0,0,416,516,265,450,448,453,593,556,410,284,282,356,0
2,1768494665840,306,469,10050,18325,-56199,-14660,0,0,0,417,517,264,455,406,468,593,551,405,283,283,357,0
2,1768494665856,315,469,10054,17104,-57421,-14660,0,0,0,420,518,265,454,407,468,599,548,403,282,280,356,0
2,1768494665872,311,473,10054,17104,-57421,-14660,0,0,0,420,518,264,451,404,467,592,546,400,281,280,356,0
2,1768494665888,311,478,10059,19547,-58643,-14660,0,0,0,420,518,265,450,403,467,596,552,406,280,280,355,0
2,1768494665904,311,464,10054,21991,-57421,-14660,0,0,0,424,520,265,457,407,473,596,553,406,280,279,354,0
2,1768494665920,311,464,10050,23212,-57421,-14660,0,0,0,423,520,265,453,404,469,590,546,397,280,279,354,0
2,1768494665936,306,469,10045,21991,-57421,-14660,0,0,0,421,519,263,454,405,469,596,551,401,283,281,356,0
2,1768494665952,301,473,10050,21991,-57421,-14660,0,0,0,425,522,270,455,407,469,599,549,402,280,278,353,0
2,1768494665968,301,478,10059,21991,-58643,-14660,0,0,0,422,519,264,452,405,469,599,549,401,282,283,356,0
2,1768494665984,301,478,10064,23212,-58643,-14660,0,0,0,421,518,262,452,403,468,596,547,399,283,282,357,0
2,1768494666000,301,478,10064,24434,-58643,-14660,0,0,0,424,520,266,452,403,468,596,550,402,282,280,357,0
2,1768494666016,301,478,10059,24434,-58643,-14660,0,0,0,426,522,267,452,404,469,597,550,404,281,280,355,0
2,1768494666032,301,478,10064,25656,-58643,-14660,0,0,0,426,523,267,453,404,468,597,549,403,282,281,355,0
2,1768494666048,306,473,10064,28099,-58643,-14660,0,0,0,425,521,267,453,404,468,594,548,401,282,280,356,0
2,1768494666064,306,469,10059,31764,-58643,-15882,0,0,0,425,519,266,453,405,469,592,548,399,280,279,355,0
2,1768494666080,301,459,10054,29321,-58643,-15882,0,0,0,425,519,265,453,403,468,594,550,400,283,281,356,0
2,1768494666096,301,459,10054,26878,-59864,-15882,0,0,0,426,520,266,456,410,470,593,553,405,285,282,355,0
2,1768494666112,301,464,10050,25656,-58643,-15882,0,0,0,427,521,266,455,422,467,597,557,409,282,282,356,0
2,1768494666128,306,464,10050,24434,-58643,-14660,0,0,0,427,521,269,452,401,467,599,551,405,282,282,356,0
2,1768494666144,311,469,10050,24434,-58643,-14660,0,0,0,424,518,264,452,403,468,596,549,402,283,282,357,0
2,1768494666160,306,464,10054,23212,-59864,-14660,0,0,0,425,518,264,453,404,468,583,537,405,279,275,354,0
2,1768494666176,306,464,10054,23212,-58643,-14660,0,0,0,425,519,265,453,403,468,593,546,403,282,281,357,0
2,1768494666192,301,469,10064,25656,-57421,-14660,0,0,0,429,522,268,455,405,470,601,551,405,283,280,356,0
2,1768494666208,306,464,10059,28099,-57421,-14660,0,0,0,428,522,268,456,405,469,597,548,401,281,279,355,0
2,1768494666224,311,459,10054,30543,-58643,-15882,0,0,0,426,521,266,454,403,469,597,549,401,281,280,356,0
2,1768494666240,306,459,10059,31764,-58643,-14660,0,0,0,428,523,268,452,401,467,599,552,404,283,280,357,0
2,1768494666256,306,464,10064,29321,-59864,-14660,0,0,0,430,525,271,451,400,465,598,550,403,282,278,357,0
2,1768494666272,306,459,10064,29321,-59864,-15882,0,0,0,428,524,270,453,403,468,598,549,401,278,276,354,0
2,1768494666288,301,459,10050,28099,-59864,-14660,0,0,0,428,523,270,455,406,470,598,549,404,281,276,355,0
2,1768494666304,296,464,10045,26878,-58643,-14660,0,0,0,428,522,267,454,407,467,591,547,399,283,279,357,0
2,1768494666320,301,454,10045,24434,-58643,-15882,0,0,0,428,522,267,456,407,468,591,547,398,282,279,357,0
2,1768494666336,301,454,10054,23212,-58643,-15882,0,0,0,426,519,264,452,403,466,601,550,404,280,276,355,0
2,1768494666352,306,454,10059,23212,-58643,-14660,0,0,0,429,524,265,456,407,468,598,546,401,282,276,355,0
2,1768494666368,306,449,10054,25656,-57421,-14660,0,0,0,428,522,264,456,408,468,594,543,401,282,276,355,0
2,1768494666384,306,449,10050,26878,-57421,-14660,0,0,0,425,519,260,453,404,466,594,538,401,277,272,352,0
2,1768494666400,306,449,10050,28099,-57421,-14660,0,0,0,424,519,258,458,408,470,596,540,401,282,276,355,0
2,1768494666416,306,440,10050,26878,-58643,-15882,0,0,0,422,517,257,458,410,470,599,543,402,281,275,354,0
2,1768494666432,301,440,10050,26878,-58643,-15882,0,0,0,425,521,262,457,410,469,598,542,399,282,276,357,0
2,1768494666448,301,454,10054,28099,-58643,-14660,0,0,0,426,522,263,455,407,468,596,542,399,283,277,359,0
2,1768494666464,301,449,10050,26878,-58643,-14660,0,0,0,426,522,263,454,405,468,595,542,400,282,276,358,0
2,1768494666480,301,440,10050,25656,-58643,-14660,0,0,0,430,524,269,458,408,473,594,541,397,282,276,357,0
2,1768494666496,301,440,10050,23212,-59864,-14660,0,0,0,428,523,266,458,409,472,595,542,395,282,276,357,0
2,1768494666512,301,445,10050,23212,-59864,-14660,0,0,0,424,521,265,458,407,471,599,541,395,282,276,358,0
2,1768494666528,311,449,10054,26878,-58643,-15882,0,0,0,424,521,270,457,406,470,593,538,392,287,278,359,0
2,1768494666544,311,445,10054,28099,-58643,-15882,0,0,0,424,521,272,455,406,472,593,539,393,291,279,359,0
2,1768494666560,306,440,10050,29321,-58643,-15882,0,0,0,424,521,271,458,410,472,603,546,406,291,279,357,0
2,1768494666576,301,440,10050,28099,-58643,-14660,0,0,0,421,519,271,449,404,467,594,538,398,292,279,354,0
2,1768494666592,301,440,10050,26878,-58643,-14660,0,0,0,422,518,270,451,404,467,596,536,398,298,285,355,0
2,1768494666608,301,440,10054,26878,-59864,-14660,0,0,0,429,522,274,452,408,466,597,534,394,295,282,354,0
2,1768494666624,296,440,10059,26878,-58643,-15882,0,0,0,427,520,270,453,410,463,597,533,391,295,282,354,0
2,1768494666640,296,445,10059,28099,-58643,-14660,0,0,0,423,518,268,453,412,464,595,532,384,299,283,353,0
2,1768494666656,306,449,10069,29321,-58643,-14660,0,0,0,422,516,262,452,412,463,592,532,381,300,279,354,0
2,1768494666672,306,445,10069,31764,-58643,-14660,0,0,0,423,517,259,451,410,461,591,527,380,290,270,355,0
2,1768494666688,306,440,10078,36651,-59864,-15882,0,0,0,423,520,264,452,407,462,589,523,380,282,266,359,0
2,1768494666704,306,435,10074,40317,-59864,-17104,0,0,0,424,522,269,454,403,465,587,526,383,284,266,363,0
2,1768494666720,301,425,10054,41538,-59864,-18325,0,0,0,428,523,273,453,402,465,587,525,384,284,265,362,0
2,1768494666736,301,421,10045,37873,-61086,-18325,0,0,0,432,526,275,456,405,467,590,528,387,286,266,361,0
2,1768494666752,301,421,10045,31764,-61086,-17104,0,0,0,429,524,269,459,406,469,595,530,394,281,262,363,0
2,1768494666768,301,425,10050,29321,-59864,-15882,0,0,0,428,524,278,459,407,475,593,523,391,281,259,364,0
2,1768494666784,301,425,10050,28099,-59864,-15882,0,0,0,425,525,277,459,408,473,585,522,390,281,261,364,0
2,1768494666800,291,421,10054,28099,-59864,-15882,0,0,0,424,525,264,461,415,472,575,529,390,292,265,364,0
2,1768494666816,296,416,10050,28099,-61086,-15882,0,0,0,433,527,285,454,403,467,587,520,384,279,258,364,0
2,1768494666832,296,411,10050,28099,-59864,-15882,0,0,0,426,526,278,458,406,470,583,520,385,282,260,365,0
2,1768494666848,296,411,10054,28099,-59864,-17104,0,0,0,425,528,274,456,408,468,584,522,386,281,257,363,0
2,1768494666864,291,416,10059,28099,-59864,-17104,0,0,0,427,529,274,456,407,467,585,520,384,283,260,367,0
2,1768494666880,291,416,10059,26878,-59864,-17104,0,0,0,428,529,274,455,406,467,583,517,383,283,263,368,0
2,1768494666896,287,416,10059,25656,-59864,-15882,0,0,0,433,529,271,456,409,466,582,514,381,281,259,365,0
2,1768494666912,287,416,10064,25656,-59864,-15882,0,0,0,434,529,274,458,409,468,577,506,382,279,256,365,0
2,1768494666928,291,421,10069,28099,-59864,-15882,0,0,0,432,528,276,456,407,468,580,500,382,349,325,354,0
2,1768494666944,287,416,10064,30543,-58643,-15882,0,0,0,428,527,277,455,405,468,590,500,382,435,409,339,0
2,1768494666960,287,411,10054,31764,-58643,-15882,0,0,0,427,526,279,458,405,471,590,500,382,432,405,339,0
2,1768494666976,287,402,10054,31764,-59864,-17104,0,0,0,427,524,272,460,408,469,590,496,379,433,408,340,0
2,1768494666992,291,402,10050,30543,-59864,-17104,0,0,0,428,527,274,456,405,466,589,494,378,433,408,340,0
2,1768494667008,291,402,10050,30543,-61086,-15882,0,0,0,426,525,273,456,407,468,586,493,381,437,413,345,0
2,1768494667024,287,411,10059,30543,-61086,-14660,0,0,0,428,527,274,455,406,466,586,493,382,434,405,342,0
2,1768494667040,287,416,10064,30543,-59864,-14660,0,0,0,425,526,267,454,406,463,586,493,385,433,400,341,0
2,1768494667056,291,411,10069,31764,-59864,-15882,0,0,0,422,521,263,455,407,465,586,491,383,462,427,345,0
2,1768494667072,291,402,10069,34208,-61086,-18325,0,0,0,422,521,267,460,410,471,591,491,388,458,423,341,0
2,1768494667088,282,402,10064,35430,-61086,-18325,0,0,0,424,524,264,457,410,468,588,487,384,455,420,341,0
2,1768494667104,282,402,10054,36651,-61086,-18325,0,0,0,424,522,260,454,409,464,588,487,385,428,393,343,0
2,1768494667120,282,392,10054,35430,-61086,-17104,0,0,0,425,522,259,458,410,467,590,491,385,420,382,344,0
2,1768494667136,277,382,10059,32986,-61086,-17104,0,0,0,426,522,259,462,412,468,586,488,382,423,384,345,0
2,1768494667152,282,387,10064,31764,-59864,-17104,0,0,0,428,522,259,463,412,467,582,484,381,423,385,346,0
2,1768494667168,282,387,10054,31764,-59864,-17104,0,0,0,429,522,259,463,414,467,585,486,382,427,390,344,0
2,1768494667184,282,392,10054,31764,-61086,-15882,0,0,0,429,522,258,462,413,466,583,484,382,452,417,338,0
2,1768494667200,282,392,10054,31764,-61086,-15882,0,0,0,431,523,258,459,411,464,580,485,386,434,400,341,0
2,1768494667216,282,387,10054,30543,-59864,-15882,0,0,0,429,522,256,460,416,466,583,500,391,284,250,373,0
2,1768494667232,287,382,10064,29321,-59864,-15882,0,0,0,428,522,257,456,413,463,583,495,390,283,250,374,0
2,1768494667248,287,382,10064,29321,-59864,-15882,0,0,0,426,521,256,459,418,464,582,492,388,282,248,373,0
2,1768494667264,287,387,10059,29321,-59864,-15882,0,0,0,428,521,256,459,418,464,580,493,389,283,251,377,0
2,1768494667280,287,392,10059,29321,-58643,-15882,0,0,0,431,525,260,461,420,467,582,493,388,282,248,376,0
2,1768494667296,282,382,10059,26878,-58643,-15882,0,0,0,426,520,253,462,419,466,579,492,387,280,245,373,0
2,1768494667312,277,378,10059,26878,-58643,-15882,0,0,0,431,523,255,461,416,464,583,491,388,285,249,376,0
2,1768494667328,282,378,10059,26878,-58643,-15882,0,0,0,428,521,253,459,416,464,590,493,392,280,245,372,0
2,1768494667344,282,368,10064,28099,-58643,-15882,0,0,0,431,521,255,458,415,465,591,495,397,280,244,372,0
2,1768494667360,277,368,10064,28099,-57421,-15882,0,0,0,432,521,257,460,417,464,589,493,396,280,247,374,0
2,1768494667376,277,373,10059,25656,-57421,-15882,0,0,0,430,520,256,460,418,464,589,488,391,347,278,366,0
2,1768494667392,282,378,10059,23212,-57421,-14660,0,0,0,429,521,255,457,414,467,589,488,395,362,284,371,0
2,1768494667408,287,387,10069,23212,-57421,-14660,0,0,0,429,522,255,455,412,468,590,496,402,283,246,386,0
2,1768494667424,287,392,10069,25656,-58643,-15882,0,0,0,429,522,254,457,412,466,590,498,398,282,244,379,0
2,1768494667440,277,378,10059,26878,-58643,-15882,0,0,0,431,524,257,462,415,469,582,495,394,284,247,381,0
2,1768494667456,277,368,10059,28099,-57421,-15882,0,0,0,431,524,259,465,420,475,579,494,395,284,247,380,0
2,1768494667472,282,368,10064,28099,-57421,-15882,0,0,0,434,526,260,460,415,472,582,499,397,284,248,385,0
2,1768494667488,287,368,10074,31764,-58643,-15882,0,0,0,445,525,259,461,424,469,586,494,392,283,245,385,0
2,1768494667504,282,368,10074,34208,-58643,-15882,0,0,0,445,527,258,461,417,469,581,493,384,283,245,381,0
2,1768494667520,282,368,10069,35430,-58643,-17104,0,0,0,437,523,255,466,420,470,581,493,388,284,245,381,0
2,1768494667536,282,363,10069,39095,-58643,-18325,0,0,0,437,527,259,462,419,480,575,492,392,281,244,389,0
2,1768494667552,287,363,10069,42760,-58643,-18325,0,0,0,440,525,261,463,419,480,578,491,395,283,241,393,0
2,1768494667568,282,363,10069,48869,-61086,-19547,0,0,0,442,523,263,464,418,480,573,489,392,282,239,396,0
2,1768494667584,282,358,10069,52534,-61086,-20769,0,0,0,446,525,263,466,418,477,571,484,388,285,239,394,0
2,1768494667600,287,354,10074,53756,-62308,-23212,0,0,0,449,528,264,467,420,475,573,484,386,287,240,393,0
2,1768494667616,277,344,10059,51312,-63529,-24434,0,0,0,450,528,265,466,419,476,571,486,380,285,237,396,0
2,1768494667632,272,339,10054,46425,-63529,-23212,0,0,0,451,526,263,466,417,476,569,488,377,286,235,397,0
2,1768494667648,272,330,10054,43982,-62308,-20769,0,0,0,452,526,262,469,420,478,571,488,382,289,237,400,0
2,1768494667664,268,330,10064,39095,-59864,-19547,0,0,0,452,526,266,468,422,476,575,489,382,288,235,401,0
2,1768494667680,268,330,10069,35430,-58643,-18325,0,0,0,455,526,264,473,426,480,571,486,382,287,235,400,0
2,1768494667696,277,330,10059,31764,-57421,-17104,0,0,0,454,526,262,470,423,478,571,480,383,286,235,399,0
2,1768494667712,282,330,10059,31764,-57421,-17104,0,0,0,451,528,261,470,424,479,574,486,384,290,241,401,0
2,1768494667728,282,335,10059,32986,-57421,-17104,0,0,0,453,535,271,471,424,480,566,487,384,334,256,395,0
2,1768494667744,277,325,10059,34208,-58643,-17104,0,0,0,455,532,267,470,423,480,574,484,384,291,236,405,0
2,1768494667760,268,320,10059,32986,-58643,-18325,0,0,0,459,535,270,470,423,476,574,484,377,287,237,405,0
2,1768494667776,268,315,10059,30543,-57421,-17104,0,0,0,457,533,272,474,427,482,570,480,382,284,233,404,0
2,1768494667792,268,315,10064,28099,-56199,-15882,0,0,0,460,532,273,477,430,486,571,483,386,287,232,404,0
2,1768494667808,272,320,10064,28099,-54977,-15882,0,0,0,459,530,271,474,430,483,575,486,382,285,231,404,0
2,1768494667824,263,320,10054,25656,-54977,-14660,0,0,0,458,530,271,471,427,480,575,483,374,284,230,406,0
2,1768494667840,263,315,10050,20769,-56199,-13439,0,0,0,460,530,272,472,427,480,574,479,374,286,232,408,0
2,1768494667856,272,311,10050,14660,-53756,-13439,0,0,0,461,531,274,475,430,483,576,482,380,288,234,407,0
2,1768494667872,277,311,10054,7330,-51312,-12217,0,0,0,461,530,272,477,430,484,576,485,383,286,233,406,0
2,1768494667888,268,320,10059,2443,-50090,-12217,0,0,0,459,529,271,474,427,483,572,482,381,283,230,405,0
2,1768494667904,277,330,10074,1221,-50090,-12217,0,0,0,458,528,271,471,425,481,575,482,383,283,229,405,0
2,1768494667920,282,330,10074,0,-50090,-12217,0,0,0,458,528,270,474,428,484,580,488,388,285,233,406,0
2,1768494667936,282,330,10069,1221,-52534,-12217,0,0,0,459,531,272,475,430,485,580,487,388,287,236,409,0
2,1768494667952,277,335,10059,1221,-52534,-12217,0,0,0,459,532,272,477,431,488,572,472,386,284,233,406,0
2,1768494667968,277,339,10059,2443,-52534,-12217,0,0,0,457,529,269,476,429,486,574,486,387,285,234,406,0
2,1768494667984,282,339,10069,3665,-52534,-12217,0,0,0,460,532,272,473,426,482,578,490,387,287,235,407,0
2,1768494668000,272,339,10069,3665,-52534,-12217,0,0,0,459,530,272,477,432,487,575,490,384,285,234,406,0
2,1768494668016,277,344,10064,4886,-53756,-12217,0,0,0,459,530,271,478,433,488,579,490,384,286,235,407,0
2,1768494668032,287,344,10059,6108,-54977,-12217,0,0,0,457,528,268,478,432,486,580,492,386,288,237,409,0
2,1768494668048,287,344,10059,6108,-53756,-13439,0,0,0,458,529,269,477,430,486,578,494,385,288,238,408,0
2,1768494668064,287,349,10069,6108,-53756,-13439,0,0,0,459,531,270,478,429,487,578,494,385,287,238,405,0
2,1768494668080,287,354,10074,7330,-53756,-13439,0,0,0,458,529,268,478,430,485,580,495,387,285,237,404,0
2,1768494668096,282,358,10074,9773,-53756,-13439,0,0,0,458,530,270,477,429,485,580,494,384,285,237,405,0
2,1768494668112,277,354,10064,12217,-54977,-13439,0,0,0,462,533,273,483,434,491,580,497,387,285,237,405,0
2,1768494668128,272,349,10059,13439,-54977,-13439,0,0,0,462,533,273,479,432,487,577,494,384,289,240,410,0
2,1768494668144,277,354,10054,14660,-54977,-13439,0,0,0,461,533,274,477,431,487,581,496,385,287,240,407,0
2,1768494668160,282,358,10054,14660,-54977,-12217,0,0,0,459,530,272,476,431,487,581,499,387,284,237,406,0
2,1768494668176,291,358,10059,14660,-54977,-12217,0,0,0,458,530,270,478,432,487,578,500,391,291,240,407,0
2,1768494668192,291,354,10064,17104,-54977,-13439,0,0,0,456,529,266,475,428,483,576,496,384,288,240,408,0
2,1768494668208,282,354,10064,18325,-56199,-14660,0,0,0,459,531,270,476,429,485,579,497,386,287,240,409,0
2,1768494668224,282,354,10064,18325,-56199,-14660,0,0,0,459,531,270,476,429,485,581,498,388,285,238,406,0
2,1768494668240,291,354,10064,17104,-56199,-13439,0,0,0,458,530,270,474,427,484,580,499,388,285,239,405,0
2,1768494668256,296,358,10069,15882,-56199,-13439,0,0,0,456,528,267,474,427,484,580,498,387,285,240,406,0
2,1768494668272,287,363,10074,15882,-56199,-13439,0,0,0,456,528,267,474,427,485,581,498,387,285,240,407,0
2,1768494668288,282,354,10064,15882,-56199,-14660,0,0,0,460,532,271,475,429,485,582,499,388,286,241,407,0
2,1768494668304,282,354,10054,17104,-56199,-14660,0,0,0,458,531,270,476,428,485,580,500,386,286,242,407,0
2,1768494668320,272,354,10054,15882,-54977,-14660,0,0,0,459,532,274,476,429,486,578,501,389,286,241,405,0
2,1768494668336,272,358,10054,15882,-54977,-14660,0,0,0,457,530,270,480,433,490,579,497,385,285,240,404,0
2,1768494668352,282,363,10059,15882,-56199,-14660,0,0,0,455,528,267,480,433,491,577,504,389,282,240,404,0
2,1768494668368,282,368,10059,14660,-56199,-14660,0,0,0,462,536,280,481,435,493,583,503,390,285,240,405,0
2,1768494668384,287,373,10059,14660,-56199,-14660,0,0,0,455,529,277,472,423,485,583,502,390,286,240,406,0
2,1768494668400,282,373,10064,14660,-56199,-14660,0,0,0,460,533,281,473,426,486,577,500,387,286,243,407,0
2,1768494668416,282,363,10050,15882,-57421,-13439,0,0,0,461,535,279,477,437,486,573,503,388,284,240,404,0
2,1768494668432,287,358,10050,15882,-57421,-13439,0,0,0,459,533,277,478,435,490,574,500,385,283,240,404,0
2,1768494668448,287,358,10069,17104,-56199,-13439,0,0,0,457,531,279,478,433,494,576,497,383,283,241,403,0
2,1768494668464,287,363,10069,18325,-56199,-13439,0,0,0,456,531,278,479,433,494,579,496,383,338,268,395,0
2,1768494668480,277,368,10064,19547,-57421,-14660,0,0,0,455,531,276,478,430,494,582,497,386,340,269,394,0
2,1768494668496,272,373,10054,18325,-57421,-13439,0,0,0,455,531,276,477,430,494,582,500,387,282,243,403,0
2,1768494668512,277,368,10054,18325,-57421,-13439,0,0,0,454,530,276,477,431,494,582,501,386,282,243,403,0
2,1768494668528,287,368,10064,18325,-56199,-13439,0,0,0,455,531,280,478,431,497,577,495,385,281,240,401,0
2,1768494668544,291,368,10064,20769,-56199,-13439,0,0,0,456,531,280,477,429,496,570,484,381,281,240,404,0
2,1768494668560,291,373,10064,21991,-56199,-14660,0,0,0,457,531,282,481,430,500,580,497,382,284,241,406,0
2,1768494668576,287,373,10054,21991,-57421,-14660,0,0,0,459,533,283,477,428,492,583,504,389,292,247,407,0
2,1768494668592,272,368,10050,19547,-57421,-15882,0,0,0,457,533,279,475,427,490,580,503,388,362,280,395,0
2,1768494668608,272,373,10054,18325,-57421,-14660,0,0,0,458,533,282,479,430,496,583,503,387,290,248,407,0
2,1768494668624,277,373,10069,17104,-57421,-13439,0,0,0,460,534,283,475,428,492,579,503,386,284,243,407,0
2,1768494668640,282,368,10074,17104,-57421,-13439,0,0,0,464,537,285,475,425,489,578,501,385,284,242,406,0
2,1768494668656,282,363,10069,18325,-57421,-13439,0,0,0,461,534,280,476,428,491,580,503,389,285,242,406,0
2,1768494668672,277,363,10064,19547,-57421,-14660,0,0,0,460,534,279,475,429,490,579,501,386,286,243,407,0
2,1768494668688,282,378,10054,20769,-58643,-14660,0,0,0,465,537,282,474,428,490,580,503,387,286,244,407,0
2,1768494668704,282,378,10054,20769,-58643,-13439,0,0,0,464,536,281,476,429,492,579,505,389,285,245,407,0
2,1768494668720,282,378,10054,20769,-57421,-13439,0,0,0,461,534,281,475,428,491,578,505,388,285,244,407,0
2,1768494668736,287,363,10059,19547,-57421,-14660,0,0,0,462,533,283,474,427,490,580,504,388,286,245,408,0
2,1768494668752,287,363,10059,19547,-57421,-13439,0,0,0,464,534,283,476,429,491,581,505,388,287,247,410,0
2,1768494668768,291,368,10054,19547,-58643,-13439,0,0,0,466,538,284,474,427,490,580,507,389,284,243,406,0
2,1768494668784,287,368,10054,18325,-57421,-13439,0,0,0,463,535,283,477,430,493,580,504,388,284,243,407,0
2,1768494668800,277,368,10069,17104,-57421,-13439,0,0,0,462,535,280,475,430,492,580,505,389,284,245,407,0
2,1768494668816,272,373,10069,17104,-57421,-15882,0,0,0,461,533,279,481,435,495,580,509,391,287,247,408,0
2,1768494668832,272,378,10059,15882,-56199,-13439,0,0,0,461,534,285,479,430,495,580,506,390,287,247,408,0
2,1768494668848,277,382,10059,14660,-56199,-13439,0,0,0,459,534,286,478,428,494,577,501,385,286,245,409,0
2,1768494668864,287,368,10064,14660,-56199,-13439,0,0,0,460,534,290,476,425,493,580,505,389,285,243,405,0
2,1768494668880,291,363,10069,14660,-57421,-13439,0,0,0,458,532,286,474,425,492,541,477,404,284,241,404,0
2,1768494668896,291,363,10064,15882,-57421,-13439,0,0,0,458,534,288,474,426,492,559,492,398,284,243,404,0
2,1768494668912,282,373,10059,15882,-57421,-14660,0,0,0,455,532,288,471,423,490,578,505,390,284,245,406,0
2,1768494668928,277,378,10054,14660,-57421,-13439,0,0,0,451,530,286,471,423,492,578,503,389,285,246,407,0
2,1768494668944,277,382,10054,13439,-57421,-13439,0,0,0,450,532,285,472,426,494,579,503,391,284,246,406,0
2,1768494668960,287,382,10059,12217,-57421,-13439,0,0,0,452,531,286,473,425,493,580,508,395,281,244,404,0
2,1768494668976,296,387,10064,12217,-56199,-13439,0,0,0,452,530,286,473,426,494,579,508,392,284,244,406,0
2,1768494668992,291,392,10069,14660,-56199,-13439,0,0,0,452,532,287,467,422,490,578,507,390,284,246,406,0
2,1768494669008,282,387,10078,15882,-57421,-13439,0,0,0,453,533,287,471,425,493,580,504,388,283,246,408,0
2,1768494669024,277,387,10078,19547,-57421,-13439,0,0,0,453,533,285,470,423,490,579,508,390,284,245,404,0
2,1768494669040,277,378,10059,20769,-56199,-14660,0,0,0,450,531,278,470,426,490,573,510,390,332,265,399,0
2,1768494669056,277,378,10050,20769,-56199,-14660,0,0,0,450,530,280,471,427,490,580,504,388,291,252,409,0
2,1768494669072,277,382,10054,18325,-56199,-13439,0,0,0,450,532,281,468,422,486,580,504,388,286,250,411,0
2,1768494669088,277,387,10064,18325,-57421,-13439,0,0,0,451,533,281,471,423,490,580,502,386,285,247,408,0
2,1768494669104,287,387,10074,19547,-57421,-14660,0,0,0,452,533,282,475,426,492,579,504,386,288,247,405,0
2,1768494669120,287,378,10069,20769,-56199,-14660,0,0,0,453,532,280,473,424,490,582,509,391,285,245,405,0
2,1768494669136,287,378,10059,21991,-56199,-14660,0,0,0,454,533,282,471,423,489,581,508,390,280,243,403,0
2,1768494669152,277,378,10050,23212,-57421,-13439,0,0,0,455,535,286,471,423,490,580,507,388,281,243,403,0
2,1768494669168,277,382,10054,23212,-57421,-13439,0,0,0,454,534,283,473,425,492,581,510,391,285,246,407,0
2,1768494669184,277,382,10064,23212,-57421,-13439,0,0,0,454,534,282,477,430,496,581,510,390,284,246,407,0
2,1768494669200,282,382,10069,23212,-57421,-13439,0,0,0,453,533,284,473,426,493,583,509,391,282,245,406,0
2,1768494669216,287,382,10064,23212,-57421,-13439,0,0,0,457,536,286,471,424,489,580,508,389,282,245,406,0
2,1768494669232,291,382,10059,23212,-57421,-14660,0,0,0,456,535,284,473,425,493,580,505,386,285,246,407,0
2,1768494669248,287,378,10054,21991,-57421,-14660,0,0,0,455,535,285,472,426,492,581,507,387,284,248,408,0
2,1768494669264,287,373,10050,20769,-58643,-14660,0,0,0,452,532,279,470,424,488,581,508,387,281,245,405,0
2,1768494669280,296,378,10054,19547,-58643,-14660,0,0,0,454,534,284,472,426,492,580,506,387,287,249,409,0
2,1768494669296,296,382,10064,19547,-57421,-14660,0,0,0,452,531,280,474,427,493,579,505,387,283,246,406,0
2,1768494669312,287,387,10069,20769,-57421,-14660,0,0,0,458,535,285,476,428,494,579,503,385,283,246,407,0
2,1768494669328,287,382,10069,20769,-57421,-14660,0,0,0,457,534,283,475,428,495,581,500,384,280,244,405,0
2,1768494669344,287,382,10059,21991,-57421,-14660,0,0,0,455,533,281,475,427,494,583,506,389,283,245,406,0
2,1768494669360,287,382,10059,20769,-58643,-14660,0,0,0,455,533,281,474,425,494,585,509,392,287,249,409,0
2,1768494669376,287,387,10069,19547,-57421,-14660,0,0,0,454,532,282,473,424,493,583,507,391,287,248,409,0
2,1768494669392,287,387,10074,19547,-57421,-14660,0,0,0,456,532,282,472,425,492,578,498,390,284,246,407,0
2,1768494669408,287,382,10059,20769,-56199,-14660,0,0,0,458,535,283,473,426,492,575,492,387,283,245,405,0
2,1768494669424,287,378,10050,23212,-56199,-14660,0,0,0,456,534,282,473,424,492,576,503,384,283,244,405,0
2,1768494669440,291,378,10050,24434,-57421,-14660,0,0,0,455,533,282,475,427,495,581,508,392,286,248,409,0
2,1768494669456,287,378,10054,24434,-57421,-14660,0,0,0,455,533,282,473,425,493,585,510,392,287,248,409,0
2,1768494669472,287,382,10059,24434,-58643,-14660,0,0,0,457,533,283,477,439,493,578,510,394,286,249,410,0
2,1768494669488,282,387,10059,21991,-57421,-14660,0,0,0,457,534,283,476,426,495,582,506,389,285,247,409,0
2,1768494669504,282,382,10064,20769,-56199,-14660,0,0,0,459,536,287,476,426,495,579,506,389,285,245,407,0
2,1768494669520,291,382,10064,21991,-57421,-15882,0,0,0,459,535,287,476,426,495,582,502,386,371,287,396,0
2,1768494669536,291,368,10059,21991,-57421,-14660,0,0,0,458,535,284,473,423,492,580,505,387,299,251,403,0
2,1768494669552,291,368,10050,18325,-58643,-14660,0,0,0,458,535,283,477,427,494,581,506,389,285,246,408,0
2,1768494669568,282,378,10045,15882,-58643,-13439,0,0,0,458,535,283,475,425,493,585,508,391,287,246,409,0
2,1768494669584,277,382,10054,15882,-58643,-13439,0,0,0,459,536,286,470,421,489,583,507,389,286,245,410,0
2,1768494669600,282,392,10069,17104,-57421,-14660,0,0,0,459,536,287,470,422,489,581,507,389,285,246,410,0
2,1768494669616,282,392,10064,18325,-57421,-14660,0,0,0,457,535,285,473,426,493,583,510,392,284,247,409,0
2,1768494669632,287,382,10054,19547,-57421,-13439,0,0,0,456,534,284,475,428,495,583,510,393,283,246,409,0
2,1768494669648,282,378,10050,18325,-58643,-13439,0,0,0,458,535,284,474,426,493,581,508,392,283,246,409,0
2,1768494669664,272,378,10050,14660,-57421,-13439,0,0,0,457,536,285,475,428,494,580,505,391,287,247,410,0
2,1768494669680,272,382,10054,12217,-57421,-13439,0,0,0,457,536,285,475,427,494,584,508,392,290,248,407,0
2,1768494669696,287,387,10069,12217,-57421,-13439,0,0,0,459,536,285,473,426,492,580,503,387,279,242,405,0
2,1768494669712,291,387,10074,17104,-57421,-13439,0,0,0,458,535,285,473,426,494,583,506,390,284,247,409,0
2,1768494669728,291,397,10074,23212,-59864,-14660,0,0,0,455,534,282,473,427,494,581,506,390,284,246,407,0
2,1768494669744,291,397,10059,24434,-58643,-14660,0,0,0,456,534,284,473,425,493,585,507,391,284,245,408,0
2,1768494669760,291,387,10059,25656,-57421,-14660,0,0,0,456,534,285,475,428,495,582,507,389,285,246,409,0
2,1768494669776,287,387,10059,28099,-57421,-15882,0,0,0,457,534,285,473,425,493,587,509,393,286,247,410,0
2,1768494669792,287,387,10064,30543,-57421,-15882,0,0,0,459,535,286,473,424,493,582,504,389,285,247,410,0
2,1768494669808,282,392,10064,31764,-58643,-15882,0,0,0,457,533,283,478,428,498,551,485,404,284,245,408,0
2,1768494669824,282,378,10064,32986,-58643,-15882,0,0,0,458,534,284,477,427,496,561,494,405,284,245,409,0
2,1768494669840,282,373,10069,34208,-58643,-15882,0,0,0,461,538,286,471,423,492,585,511,395,285,246,410,0
2,1768494669856,282,373,10064,35430,-58643,-15882,0,0,0,461,538,285,471,426,493,580,507,391,285,246,409,0
2,1768494669872,282,378,10064,39095,-58643,-15882,0,0,0,462,538,287,472,427,493,580,503,388,284,246,409,0
2,1768494669888,282,368,10069,40317,-59864,-17104,0,0,0,460,535,284,469,424,491,585,508,394,283,245,410,0
2,1768494669904,287,363,10059,36651,-59864,-17104,0,0,0,459,536,284,472,425,493,580,505,392,286,244,411,0
2,1768494669920,287,363,10059,35430,-58643,-15882,0,0,0,465,544,288,475,429,496,584,503,393,285,247,411,0
2,1768494669936,282,368,10074,34208,-58643,-17104,0,0,0,467,547,289,475,428,496,585,500,389,285,246,412,0
2,1768494669952,272,354,10074,31764,-58643,-17104,0,0,0,464,546,287,474,428,496,585,505,395,285,243,411,0
2,1768494669968,272,354,10069,29321,-58643,-15882,0,0,0,466,547,288,473,426,495,586,506,395,285,244,411,0
2,1768494669984,287,358,10069,26878,-58643,-15882,0,0,0,465,546,284,470,423,494,585,506,396,284,245,412,0
2,1768494670000,287,358,10064,25656,-58643,-15882,0,0,0,465,546,286,475,428,497,582,502,391,283,244,411,0
2,1768494670016,282,363,10059,24434,-58643,-15882,0,0,0,466,547,288,475,428,497,584,501,391,284,244,412,0
2,1768494670032,282,358,10050,21991,-58643,-14660,0,0,0,468,549,290,471,424,493,584,503,394,285,246,413,0
2,1768494670048,277,354,10050,19547,-57421,-14660,0,0,0,466,547,286,470,423,492,581,503,393,285,247,413,0
2,1768494670064,277,358,10064,18325,-57421,-14660,0,0,0,464,546,284,471,424,492,582,503,393,284,245,412,0
2,1768494670080,282,358,10069,19547,-57421,-14660,0,0,0,465,547,287,472,423,492,582,499,394,282,242,410,0
2,1768494670096,287,358,10074,23212,-58643,-14660,0,0,0,465,546,285,474,425,494,582,495,394,280,241,409,0
2,1768494670112,287,363,10078,28099,-59864,-14660,0,0,0,464,548,285,474,426,494,589,509,398,283,242,411,0
2,1768494670128,277,354,10069,30543,-59864,-15882,0,0,0,465,548,287,477,428,497,588,504,396,284,244,413,0
2,1768494670144,268,349,10054,30543,-59864,-17104,0,0,0,469,552,290,477,427,497,583,498,388,283,241,409,0
2,1768494670160,268,349,10054,30543,-58643,-15882,0,0,0,466,549,287,476,426,495,583,498,388,286,246,414,0
2,1768494670176,268,354,10059,30543,-57421,-15882,0,0,0,465,550,284,476,426,494,583,501,391,286,246,414,0
2,1768494670192,277,358,10069,32986,-58643,-15882,0,0,0,464,548,285,476,426,495,587,501,392,286,245,414,0
2,1768494670208,277,354,10069,32986,-58643,-15882,0,0,0,467,551,289,471,422,491,583,497,392,293,245,411,0
2,1768494670224,287,354,10074,39095,-61086,-17104,0,0,0,464,550,289,475,441,492,579,500,397,285,243,412,0
2,1768494670240,282,344,10078,45204,-62308,-17104,0,0,0,464,550,287,474,432,492,582,498,396,282,241,411,0
2,1768494670256,277,335,10083,48869,-63529,-18325,0,0,0,465,549,286,477,430,495,583,492,395,282,236,410,0
2,1768494670272,277,330,10083,51312,-63529,-18325,0,0,0,470,543,286,481,437,497,547,469,405,284,234,410,0
2,1768494670288,277,330,10064,51312,-63529,-18325,0,0,0,474,546,288,481,434,495,555,471,400,283,235,410,0
2,1768494670304,277,325,10054,50090,-64751,-17104,0,0,0,476,545,286,478,428,493,579,485,391,286,235,411,0
2,1768494670320,282,311,10045,43982,-63529,-17104,0,0,0,478,542,283,478,426,492,578,485,393,288,234,413,0
2,1768494670336,272,311,10040,35430,-61086,-17104,0,0,0,479,545,285,480,430,493,581,489,396,286,233,413,0
2,1768494670352,272,315,10045,26878,-58643,-17104,0,0,0,480,545,285,481,434,492,578,493,400,285,235,414,0
2,1768494670368,272,306,10050,19547,-56199,-15882,0,0,0,478,541,285,482,429,496,584,489,398,285,232,412,0
2,1768494670384,272,306,10054,17104,-54977,-14660,0,0,0,476,539,285,477,428,493,583,490,398,293,237,411,0
2,1768494670400,277,320,10069,15882,-53756,-13439,0,0,0,477,539,286,475,424,492,585,480,392,431,311,389,0
2,1768494670416,277,320,10078,15882,-53756,-13439,0,0,0,477,539,286,479,429,496,580,491,395,295,241,413,0
2,1768494670432,272,320,10083,15882,-53756,-13439,0,0,0,478,539,286,477,426,493,580,487,394,287,237,415,0
2,1768494670448,272,325,10078,17104,-54977,-14660,0,0,0,478,540,286,477,426,493,583,490,396,284,235,414,0
2,1768494670464,272,325,10074,15882,-54977,-14660,0,0,0,479,541,287,479,430,494,580,494,400,287,238,415,0
2,1768494670480,277,320,10074,15882,-54977,-14660,0,0,0,479,541,286,477,426,492,580,492,397,288,239,416,0
2,1768494670496,272,315,10069,19547,-56199,-13439,0,0,0,480,541,287,479,428,495,580,489,394,288,239,416,0
2,1768494670512,272,311,10054,20769,-56199,-13439,0,0,0,481,540,286,480,428,496,582,486,393,344,264,405,0
2,1768494670528,277,311,10054,18325,-56199,-13439,0,0,0,479,538,284,480,428,497,583,487,396,344,264,404,0
2,1768494670544,282,311,10059,17104,-57421,-12217,0,0,0,479,537,283,481,429,498,582,492,399,289,237,414,0
2,1768494670560,277,320,10069,14660,-56199,-12217,0,0,0,482,538,286,481,429,497,581,493,398,288,236,412,0
2,1768494670576,268,320,10064,12217,-56199,-13439,0,0,0,483,539,287,481,429,497,580,492,397,286,235,409,0
2,1768494670592,272,320,10059,12217,-56199,-13439,0,0,0,482,537,285,482,430,500,580,494,396,290,238,414,0
2,1768494670608,277,325,10059,12217,-56199,-13439,0,0,0,478,534,282,484,433,500,581,493,395,290,238,413,0
2,1768494670624,282,325,10064,13439,-56199,-13439,0,0,0,483,540,290,479,428,497,581,495,398,288,238,412,0
2,1768494670640,277,325,10069,13439,-57421,-13439,0,0,0,480,537,286,482,429,498,585,497,401,288,239,412,0
2,1768494670656,272,330,10069,13439,-57421,-12217,0,0,0,482,539,290,480,430,498,585,496,398,286,235,410,0
2,1768494670672,272,335,10069,15882,-57421,-12217,0,0,0,483,540,289,478,425,494,580,495,396,287,238,412,0
2,1768494670688,272,330,10064,17104,-57421,-12217,0,0,0,482,540,289,479,427,496,581,497,398,287,240,412,0
2,1768494670704,272,320,10064,18325,-57421,-13439,0,0,0,479,539,288,480,429,497,580,493,395,288,239,413,0
2,1768494670720,277,325,10069,18325,-57421,-13439,0,0,0,479,540,289,482,432,501,581,493,396,288,238,412,0
2,1768494670736,272,335,10064,15882,-57421,-13439,0,0,0,482,542,291,482,431,500,585,497,400,289,238,413,0
2,1768494670752,268,339,10064,14660,-58643,-13439,0,0,0,481,541,289,480,429,497,584,497,399,287,238,412,0
2,1768494670768,268,335,10069,14660,-58643,-12217,0,0,0,480,540,288,481,430,498,582,496,397,286,237,411,0
2,1768494670784,268,330,10069,12217,-57421,-12217,0,0,0,480,541,290,484,434,500,584,499,399,292,239,412,0
2,1768494670800,272,325,10069,12217,-57421,-12217,0,0,0,481,541,291,487,448,495,583,501,400,297,242,411,0
2,1768494670816,277,330,10059,12217,-57421,-10995,0,0,0,478,542,289,491,483,476,576,502,398,291,241,413,0
2,1768494670832,268,335,10050,12217,-57421,-10995,0,0,0,468,542,288,477,427,495,582,497,393,283,237,409,0
2,1768494670848,263,330,10035,4886,-58643,-9773,0,0,0,467,543,292,480,431,499,583,497,396,286,242,408,0
2,1768494670864,263,325,10031,-7330,-56199,-8552,0,0,0,457,537,293,477,431,497,579,497,393,285,244,405,0
2,1768494670880,258,330,10040,-19547,-53756,-7330,0,0,0,457,531,289,481,434,497,583,503,397,287,244,398,0
2,1768494670896,258,349,10069,-32986,-50090,-6108,0,0,0,457,531,283,477,430,488,580,504,393,288,248,390,0
2,1768494670912,272,373,10098,-36651,-46425,-6108,0,0,0,449,528,273,472,425,481,580,506,389,285,247,384,0
2,1768494670928,282,406,10117,-25656,-46425,-6108,0,0,0,453,530,272,472,425,480,580,508,389,285,247,381,0
2,1768494670944,301,430,10122,4886,-52534,-9773,0,0,0,451,530,271,472,426,479,582,509,391,285,247,375,0
2,1768494670960,306,411,10117,36651,-62308,-12217,0,0,0,444,528,269,471,425,476,576,509,389,285,250,371,0
2,1768494670976,277,363,10098,54977,-67195,-15882,0,0,0,434,526,266,467,421,473,566,510,381,283,254,362,0
2,1768494670992,268,354,10107,57421,-61086,-15882,0,0,0,425,522,259,463,418,471,566,512,380,277,254,349,0
2,1768494671008,291,368,10145,69638,-64751,-18325,0,0,0,413,515,251,462,420,470,567,515,380,274,256,337,0
2,1768494671024,306,373,10160,101403,-91629,-23212,0,0,0,400,512,244,459,418,468,554,507,371,269,255,328,0
2,1768494671040,287,368,10102,131946,-124616,-26878,0,0,0,401,513,246,457,418,471,535,494,375,273,259,326,0
2,1768494671056,258,339,10007,139277,-153938,-28099,0,0,0,408,517,248,457,419,467,556,508,368,334,320,321,0
2,1768494671072,258,306,10064,136833,-167377,-28099,0,0,0,409,521,249,454,421,467,556,515,373,270,260,336,0
2,1768494671088,272,330,10227,172263,-185703,-36651,0,0,0,416,521,248,458,424,473,554,515,377,270,259,345,0
2,1768494671104,306,363,10385,271224,-230907,-53756,0,0,0,431,527,244,460,430,473,557,516,372,274,259,357,0
2,1768494671120,277,301,10251,381179,-305432,-74525,0,0,0,451,535,254,464,434,474,554,506,367,277,253,376,0
2,1768494671136,177,167,9868,414166,-379958,-89186,0,0,0,466,547,259,468,437,482,557,507,364,285,254,402,0
2,1768494671152,9,-19,9523,295658,-412944,-90408,0,0,0,484,556,263,470,451,484,562,510,361,282,251,417,0
2,1768494671168,-263,-153,9327,87964,-370184,-68416,0,0,0,494,557,263,477,471,484,571,515,360,284,251,429,0
2,1768494671184,-296,-124,9490,-107512,-254119,-29321,0,0,0,506,565,274,487,481,488,577,518,362,291,253,449,0
2,1768494671200,-38,90,10074,-163711,-186924,-15882,0,0,0,520,574,294,493,486,494,575,516,368,365,330,461,0
2,1768494671216,43,301,10495,-51312,-219911,-30543,0,0,0,527,579,319,497,492,500,580,515,378,453,426,471,0
2,1768494671232,-167,210,10222,98960,-271224,-45204,0,0,0,538,592,360,499,493,511,594,521,387,387,359,505,0
2,1768494671248,-311,-43,9853,74525,-199142,-31764,0,0,0,548,603,370,506,505,526,593,523,384,371,337,532,0
2,1768494671264,-177,38,10375,28099,-87964,-29321,0,0,0,556,600,405,510,509,534,588,516,376,313,270,542,0
2,1768494671280,86,392,11500,232128,-50090,-64751,0,0,0,562,608,321,517,517,539,576,490,382,312,256,557,0
2,1768494671296,52,411,11911,596204,-75747,-108734,0,0,0,569,604,271,522,516,523,553,455,382,307,230,568,0
2,1768494671312,-234,129,12060,971275,-58643,-117286,0,0,0,562,603,235,524,533,530,505,407,385,306,212,566,0
2,1768494671328,-574,177,14146,1568701,127059,-56199,0,0,0,562,595,231,515,520,517,415,330,393,297,201,565,0
2,1768494671344,-641,751,17391,2328618,373849,31764,0,0,0,565,586,227,490,506,505,337,239,380,281,183,555,0
2,1768494671360,90,1373,20296,3545461,538783,67195,0,0,0,538,572,217,475,492,493,299,185,359,260,180,508,0
2,1768494671376,847,1541,21196,4805065,474031,-56199,0,0,0,490,546,204,464,486,450,305,175,351,244,166,444,0
2,1768494671392,655,775,21478,5536882,290771,-239459,0,0,0,421,511,195,428,433,423,334,173,341,220,138,358,0
2,1768494671408,818,-1167,20904,5116607,408057,-244346,0,0,0,351,479,199,396,381,422,361,179,337,194,123,278,0
2,1768494671424,2282,-5403,14989,3775147,726929,-322536,0,0,0,319,463,205,390,374,421,368,185,342,182,124,247,0
2,1768494671440,1703,-10241,4331,1802052,874759,-971275,0,0,0,314,458,200,388,372,417,360,181,338,178,123,241,0
2,1768494671456,-2507,-9930,114,-416610,339641,-1528384,0,0,0,286,448,194,379,372,408,356,191,328,174,129,222,0
2,1768494671472,-3575,-8202,1732,-972497,-250454,-946841,0,0,0,260,446,187,372,377,403,350,208,326,175,143,207,0
2,1768494671488,-1191,-382,818,-123394,-454483,326202,0,0,0,252,445,190,369,370,409,345,220,332,180,156,203,0
2,1768494671504,670,8164,-1718,-152716,-448375,1117883,0,0,0,249,441,182,363,367,401,338,235,324,190,183,205,0
2,1768494671520,1651,12055,-3010,-1286482,-323758,1313360,0,0,0,258,434,186,364,374,389,338,252,307,158,145,190,0
2,1768494671536,1383,8925,-1952,-2433687,-157603,1136209,0,0,0,265,438,194,372,374,393,337,246,307,160,143,190,0
2,1768494671552,1014,2804,-1000,-2957809,-87964,921184,0,0,0,253,432,187,368,376,399,337,253,317,156,144,197,0
2,1768494671568,914,-4714,-837,-2489886,-41538,609643,0,0,0,254,433,188,370,378,401,336,255,314,153,142,196,0
2,1768494671584,335,-9911,-263,-1170417,120951,65973,0,0,0,257,436,186,374,381,397,339,256,309,155,145,190,0
2,1768494671600,-1043,-10045,899,-256563,238237,-354301,0,0,0,254,439,181,377,390,394,341,255,305,158,144,189,0
2,1768494671616,-1995,-10519,1282,3665,118507,-251676,0,0,0,256,440,180,383,393,398,341,257,308,157,143,190,0
2,1768494671632,-1378,-13003,636,649960,7330,164933,0,0,0,282,458,189,392,398,416,334,245,317,181,154,274,0
2,1768494671648,-268,-11462,-134,1782504,103847,618195,0,0,0,369,504,198,430,431,463,314,223,337,230,167,428,0
2,1768494671664,-272,-2914,646,1985312,92851,844215,0,0,0,464,547,196,484,478,502,327,259,358,265,177,532,0
2,1768494671680,-311,4757,13606,-1039692,-497244,901637,0,0,0,473,556,217,494,483,488,438,383,359,279,212,512,0
2,1768494671696,3211,3340,25422,-6290690,-1167974,846659,0,0,0,467,572,311,490,464,478,600,494,355,377,338,415,0
2,1768494671712,3115,3780,30519,-9142209,-1420872,450818,0,0,0,455,570,422,484,465,479,659,547,373,651,635,324,0
2,1768494671728,43,5809,32194,-6751282,-1106887,119729,0,0,0,504,585,375,493,472,492,611,490,378,570,517,441,0
2,1768494671744,-296,7102,24517,-1809382,-504574,-61086,0,0,0,516,592,271,512,498,507,575,481,363,456,408,497,0
2,1768494671760,1067,3125,12706,2410474,-36651,-207694,0,0,0,532,606,294,515,514,510,585,494,365,340,295,526,0
2,1768494671776,382,-2005,5987,2191784,-430049,-291993,0,0,0,528,606,294,516,512,517,577,490,376,454,411,509,0
2,1768494671792,-1239,-2455,5379,321315,-575435,-226020,0,0,0,527,607,311,512,512,527,575,494,390,526,446,485,0
2,1768494671808,-1392,-153,9241,-704938,-196698,-57421,0,0,0,526,604,311,509,511,528,590,499,393,492,436,495,0
2,1768494671824,-52,832,11969,-356745,87964,24434,0,0,0,528,611,303,508,515,529,598,509,390,371,322,521,0
2,1768494671840,320,263,11079,152716,40317,-13439,0,0,0,523,605,290,507,511,526,592,505,392,310,260,529,0
2,1768494671856,-162,-244,9581,163711,-32986,-36651,0,0,0,517,597,275,512,510,524,576,486,385,356,304,521,0
2,1768494671872,-186,-14,9920,-21991,10995,-3665,0,0,0,511,591,265,514,505,519,567,478,372,358,304,511,0
2,1768494671888,-23,134,10356,-4886,39095,3665,0,0,0,502,585,261,509,498,512,564,481,363,299,245,502,0
2,1768494671904,-100,-19,9935,36651,53756,3665,0,0,0,498,579,255,506,494,508,552,474,359,333,287,485,0
2,1768494671920,-148,-67,9672,-18325,100181,18325,0,0,0,490,570,245,499,485,501,542,462,360,427,394,457,0
2,1768494671936,-57,0,9777,-103847,146607,30543,0,0,0,482,569,240,499,480,496,541,465,354,427,394,441,0
2,1768494671952,47,38,9940,-155159,162490,30543,0,0,0,465,563,232,507,480,512,551,460,353,425,392,432,0
2,1768494671968,124,114,10150,-158824,151494,29321,0,0,0,476,566,242,504,481,505,553,465,358,300,246,460,0
2,1768494671984,215,244,10356,-86742,109955,21991,0,0,0,473,568,254,501,481,511,555,451,362,281,222,462,0
2,1768494672000,234,244,10279,32986,42760,2443,0,0,0,477,569,245,496,477,506,553,448,362,284,221,468,0
2,1768494672016,205,167,10122,106290,-2443,-8552,0,0,0,481,569,243,498,480,504,509,437,381,282,211,470,0
2,1768494672032,196,138,10117,138055,-28099,-14660,0,0,0,486,572,244,500,480,500,539,437,375,287,214,475,0
2,1768494672048,162,105,10050,158824,-47647,-18325,0,0,0,492,574,246,507,484,507,557,437,368,292,217,482,0
2,1768494672064,114,23,9858,112399,-52534,-18325,0,0,0,495,576,251,514,489,514,559,438,369,290,219,486,0
2,1768494672080,100,0,9825,28099,-47647,-13439,0,0,0,500,578,261,512,487,512,566,440,375,293,222,494,0
2,1768494672096,143,71,10045,-19547,-39095,-9773,0,0,0,505,580,269,511,487,510,571,440,379,309,234,503,0
2,1768494672112,162,110,10131,-7330,-37873,-9773,0,0,0,507,582,271,520,492,515,569,439,377,325,250,503,0
2,1768494672128,172,100,10083,-2443,-46425,-9773,0,0,0,507,582,270,518,494,514,569,440,377,332,258,501,0
2,1768494672144,177,95,10102,-4886,-59864,-9773,0,0,0,510,585,269,511,493,511,579,444,383,343,271,501,0
2,1768494672160,167,100,10165,2443,-63529,-9773,0,0,0,505,582,269,515,495,513,580,440,379,345,270,507,0
2,1768494672176,167,105,10174,20769,-56199,-10995,0,0,0,510,586,273,520,501,519,576,436,376,349,274,514,0
2,1768494672192,167,90,10102,25656,-56199,-15882,0,0,0,507,585,273,521,501,522,580,440,380,347,274,512,0
2,1768494672208,148,76,10040,17104,-62308,-17104,0,0,0,506,585,272,522,502,522,578,436,379,347,272,513,0
2,1768494672224,134,81,10054,3665,-62308,-15882,0,0,0,511,591,275,524,503,525,579,435,380,337,261,510,0
2,1768494672240,153,95,10122,3665,-53756,-13439,0,0,0,512,593,277,521,500,522,580,436,384,333,252,513,0
2,1768494672256,191,110,10174,20769,-48869,-14660,0,0,0,509,591,272,518,497,520,581,432,386,321,241,513,0
2,1768494672272,215,124,10208,57421,-51312,-20769,0,0,0,505,588,261,523,503,523,571,416,385,315,232,514,0
2,1768494672288,224,129,10260,113620,-64751,-32986,0,0,0,505,588,250,522,503,520,552,394,383,359,271,511,0
2,1768494672304,253,129,10399,196698,-90408,-47647,0,0,0,507,586,242,517,499,515,526,366,381,397,305,503,0
2,1768494672320,320,119,10705,357967,-140499,-63529,0,0,0,507,581,235,517,505,514,491,326,380,388,289,499,0
2,1768494672336,497,23,11040,609643,-213802,-95294,0,0,0,504,572,227,513,504,516,448,290,377,368,267,502,0
2,1768494672352,918,-124,11619,977384,-304210,-182037,0,0,0,501,562,217,499,488,510,406,278,367,361,271,500,0
2,1768494672368,1019,-33,13041,1341460,-351858,-291993,0,0,0,501,556,216,485,475,488,375,290,352,360,286,471,0
2,1768494672384,1091,76,14381,1718974,-327423,-382401,0,0,0,475,526,210,461,451,478,354,284,329,319,266,453,0
2,1768494672400,2067,-157,14663,2151467,-223576,-509461,0,0,0,427,511,198,441,425,467,331,288,329,316,284,419,0
2,1768494672416,2976,-445,14625,2456899,-118507,-709825,0,0,0,363,486,181,425,406,436,325,298,304,295,283,358,0
2,1768494672432,3823,-646,13950,2522873,-62308,-987158,0,0,0,289,463,176,394,391,420,334,317,298,279,287,298,0
2,1768494672448,4565,-622,12897,2459343,19547,-1331686,0,0,0,245,443,174,366,372,398,329,333,285,253,295,215,0
2,1768494672464,3689,1608,11921,2201558,10995,-1648114,0,0,0,241,434,180,359,367,400,324,343,280,243,301,190,0
2,1768494672480,2866,7776,10203,1415985,-386066,-1806939,0,0,0,241,434,183,353,365,389,320,346,269,244,304,184,0
2,1768494672496,4178,12060,7834,423940,-610865,-1842369,0,0,0,239,436,183,347,364,382,314,351,262,244,309,183,0
2,1768494672512,5063,13117,5857,-536339,-334754,-1748296,0,0,0,239,435,181,344,364,377,308,355,254,243,316,179,0
2,1768494672528,4168,12610,5202,-1050688,91629,-1337794,0,0,0,239,435,176,347,366,371,304,356,245,239,320,171,0
2,1768494672544,3632,12299,5202,-1418429,423940,-774577,0,0,0,235,436,172,345,369,370,301,359,244,234,322,169,0
2,1768494672560,3259,11696,5982,-1788613,715934,-204028,0,0,0,235,433,176,338,367,369,302,363,249,235,325,172,0
2,1768494672576,2632,10313,7432,-2185675,957836,252898,0,0,0,235,432,173,330,372,362,303,363,247,232,322,169,0
2,1768494672592,1914,8834,9064,-2521651,1130100,576656,0,0,0,230,430,170,300,404,347,307,364,248,235,321,171,0
2,1768494672608,1263,7820,10533,-2790432,1198517,777020,0,0,0,230,434,171,346,366,374,302,364,248,235,320,171,0
2,1768494672624,727,6594,12017,-3075095,1200961,994488,0,0,0,230,429,171,344,367,372,303,364,247,237,320,169,0
2,1768494672640,579,4924,13314,-3295007,1132544,1210734,0,0,0,230,433,171,342,368,368,305,364,247,234,319,169,0
2,1768494672656,832,3115,14247,-3353650,1070235,1354899,0,0,0,236,435,176,343,366,371,307,366,252,236,317,170,0
2,1768494672672,1072,1646,14879,-3341432,1039692,1430646,0,0,0,240,436,180,344,364,375,309,363,255,233,318,171,0
2,1768494672688,1057,492,15032,-3286454,996932,1439198,0,0,0,241,436,180,342,360,373,309,360,255,232,321,169,0
2,1768494672704,952,-531,14716,-3183829,906524,1378111,0,0,0,240,436,180,344,364,375,307,358,253,232,319,169,0
2,1768494672720,990,-1507,14189,-3020117,811229,1247386,0,0,0,238,436,180,344,365,377,308,360,255,232,316,168,0
2,1768494672736,1043,-3062,13625,-2795319,736703,1067792,0,0,0,239,439,180,344,364,376,311,361,258,232,313,167,0
2,1768494672752,851,-5216,12974,-2511877,669508,882089,0,0,0,239,441,181,346,367,378,311,360,258,234,314,170,0
2,1768494672768,229,-7437,12222,-2131919,603534,703716,0,0,0,238,440,182,348,368,378,311,359,259,234,315,171,0
2,1768494672784,-976,-9332,11466,-1562593,498466,548556,0,0,0,238,441,181,348,369,377,310,359,259,232,313,169,0
2,1768494672800,-1722,-10524,10815,-976162,328645,488692,0,0,0,234,442,180,350,371,380,309,358,259,232,312,168,0
2,1768494672816,-1363,-11088,9992,-278554,101403,458148,0,0,0,234,440,179,346,369,376,303,358,256,234,313,170,0
2,1768494672832,-832,-10959,9423,296880,-19547,392175,0,0,0,234,440,179,348,372,379,302,358,257,234,309,171,0
2,1768494672848,-746,-10299,9265,812450,-75747,327423,0,0,0,237,444,181,348,373,379,299,354,257,240,317,172,0
2,1768494672864,-555,-9083,9466,1299921,-146607,340862,0,0,0,230,434,171,346,372,371,317,384,250,241,331,166,0
2,1768494672880,33,-6704,10662,1646892,-244346,404392,0,0,0,231,418,163,338,356,371,349,456,241,273,410,150,0
2,1768494672896,339,2014,13673,2101376,-885754,592539,0,0,0,243,408,151,339,338,340,388,472,234,241,383,134,0
2,1768494672912,655,8987,11131,3045774,-1951103,836885,0,0,0,245,400,150,336,334,339,405,466,236,257,403,137,0
2,1768494672928,-646,5317,9839,4127005,-1560149,906524,0,0,0,246,399,158,338,330,356,423,483,246,307,433,137,0
2,1768494672944,-2507,-593,15022,4458094,-168598,651182,0,0,0,250,408,161,351,331,359,458,508,246,352,455,138,0
2,1768494672960,-1636,-1943,19459,3617543,-23212,74525,0,0,0,254,422,185,364,343,366,488,519,253,371,463,148,0
2,1768494672976,583,-454,16477,2030516,-549778,-152716,0,0,0,258,438,205,378,359,382,514,528,268,382,466,173,0
2,1768494672992,789,717,11222,811229,-439822,0,0,0,0,279,457,201,395,387,395,541,540,279,400,478,220,0
2,1768494673008,-138,698,9078,433714,-67195,81855,0,0,0,322,477,214,414,415,413,557,550,296,402,479,266,0
2,1768494673024,14,95,9968,152716,-81855,-7330,0,0,0,362,492,231,429,418,427,566,564,309,385,460,292,0
2,1768494673040,330,229,10538,-108734,-216246,-31764,0,0,0,380,504,237,438,409,436,582,579,316,430,508,296,0
2,1768494673056,301,674,10380,-188146,-248011,-2443,0,0,0,388,511,241,440,407,437,585,581,316,492,521,293,0
2,1768494673072,148,832,10165,-139277,-155159,7330,0,0,0,391,513,241,448,412,446,596,591,332,457,533,309,0
2,1768494673088,157,808,10169,-81855,-70860,-1221,0,0,0,395,513,246,448,412,447,595,595,320,465,531,306,0
2,1768494673104,234,813,10189,-51312,-54977,-7330,0,0,0,396,514,274,449,412,456,601,601,330,466,531,312,0
2,1768494673120,248,851,10141,-26878,-56199,-7330,0,0,0,398,515,294,448,427,462,598,597,337,463,526,313,0
2,1768494673136,220,875,10088,-3665,-59864,-7330,0,0,0,395,515,317,453,421,472,600,599,339,468,529,312,0
2,1768494673152,191,871,10064,13439,-51312,-8552,0,0,0,402,519,279,453,417,457,606,605,329,470,533,307,0
2,1768494673168,191,866,10064,29321,-39095,-10995,0,0,0,405,522,259,454,419,452,611,611,327,471,531,303,0
2,1768494673184,201,866,10074,46425,-24434,-14660,0,0,0,404,523,265,450,417,450,610,609,327,469,531,301,0
2,1768494673200,229,871,10064,67195,-15882,-17104,0,0,0,404,523,266,450,417,450,610,608,329,462,527,303,0
2,1768494673216,244,861,10059,85521,-15882,-19547,0,0,0,409,524,261,454,421,453,611,609,332,453,512,307,0
2,1768494673232,253,847,10045,101403,-20769,-20769,0,0,0,416,527,264,455,422,453,611,606,333,445,496,313,0
2,1768494673248,258,832,10035,125838,-26878,-25656,0,0,0,417,528,263,457,423,456,608,604,336,420,466,329,0
2,1768494673264,248,823,10035,158824,-32986,-31764,0,0,0,413,534,264,457,431,459,600,596,338,369,409,352,0
2,1768494673280,239,794,10035,183259,-32986,-35430,0,0,0,417,534,271,456,441,460,605,586,350,447,478,341,0
2,1768494673296,253,751,10021,195476,-32986,-36651,0,0,0,419,540,285,462,443,474,607,574,359,420,446,365,0
2,1768494673312,272,717,10002,200363,-45204,-39095,0,0,0,428,540,297,468,446,486,602,557,360,452,476,370,0
2,1768494673328,277,698,10016,207694,-61086,-42760,0,0,0,438,553,310,481,451,484,602,542,359,474,472,391,0
2,1768494673344,277,679,10050,213802,-67195,-47647,0,0,0,451,559,300,484,494,475,594,548,370,376,359,432,0
2,1768494673360,291,655,10078,218689,-67195,-51312,0,0,0,465,573,320,482,476,483,601,522,370,331,298,460,0
2,1768494673376,296,636,10126,245567,-62308,-56199,0,0,0,473,587,314,488,472,490,605,499,375,307,261,477,0
2,1768494673392,287,622,10198,295658,-51312,-65973,0,0,0,486,594,322,495,484,501,597,472,397,303,234,498,0
2,1768494673408,282,555,10275,372627,-30543,-80634,0,0,0,499,595,324,504,492,514,589,454,400,294,217,519,0
2,1768494673424,291,469,10323,445931,-14660,-91629,0,0,0,509,599,305,514,506,525,586,442,394,280,207,541,0
2,1768494673440,358,397,10562,571769,4886,-109955,0,0,0,514,605,285,523,525,538,585,425,406,287,209,563,0
2,1768494673456,521,335,11055,803898,26878,-140499,0,0,0,515,612,253,538,538,554,575,415,411,295,214,571,0
2,1768494673472,727,291,11739,1172861,89186,-212581,0,0,0,528,621,246,556,548,563,536,416,417,294,209,579,0
2,1768494673488,569,311,12514,1568701,161268,-279776,0,0,0,534,621,227,563,574,569,508,414,419,308,218,589,0
2,1768494673504,172,268,13098,1937664,94073,-245567,0,0,0,543,617,219,562,571,565,485,408,418,308,220,602,0
2,1768494673520,306,95,13400,2289522,-67195,-152716,0,0,0,551,623,211,562,569,568,464,421,420,308,218,605,0
2,1768494673536,799,-28,14055,2739119,-200363,-118507,0,0,0,547,614,203,560,582,575,420,398,410,311,222,607,0
2,1768494673552,1335,-157,14912,3229033,-257785,-204028,0,0,0,575,613,223,545,555,571,379,387,405,308,210,601,0
2,1768494673568,1421,-181,16314,3875329,-294437,-335975,0,0,0,571,613,210,542,554,560,335,361,397,291,203,594,0
2,1768494673584,2211,-330,18076,4653571,-381179,-476474,0,0,0,559,605,213,524,561,547,301,317,398,264,187,565,0
2,1768494673600,2967,-497,20330,5514891,-509461,-678060,0,0,0,537,600,214,515,559,545,281,266,397,248,175,518,0
2,1768494673616,3517,-1191,23479,6422637,-697608,-853989,0,0,0,503,583,200,506,540,523,276,198,380,267,172,475,0
2,1768494673632,4273,-2081,26240,7167892,-724486,-1027475,0,0,0,464,550,179,484,509,488,275,165,356,255,161,447,0
2,1768494673648,4254,-1617,27949,7618711,-591317,-1259604,0,0,0,407,511,163,446,461,446,283,181,322,218,143,401,0
2,1768494673664,4350,-105,30059,7830070,-560774,-1501506,0,0,0,318,465,158,396,402,398,307,228,287,183,134,295,0
2,1768494673680,6475,3752,29126,7506312,-755029,-1699427,0,0,0,246,422,160,357,366,368,332,279,278,137,135,180,0
2,1768494673696,8810,14079,17870,6210056,-911410,-2009746,0,0,0,255,426,172,353,378,373,332,289,283,142,141,186,0
2,1768494673712,9337,21138,8274,4009719,-840550,-2179567,0,0,0,254,423,164,350,366,360,313,293,261,139,140,176,0
2,1768494673728,6135,20473,8088,267558,-565661,-1743409,0,0,0,251,423,164,341,366,354,311,298,251,139,146,178,0
2,1768494673744,3172,14965,9193,-2464230,-764803,-934623,0,0,0,247,420,164,334,365,345,301,302,239,136,146,172,0
2,1768494673760,4216,8949,6599,-3434284,-1219287,-141720,0,0,0,236,415,159,348,368,345,304,312,239,136,153,164,0
2,1768494673776,7537,6963,3038,-3315776,-638965,59864,0,0,0,230,416,159,333,362,342,299,322,239,135,156,170,0
2,1768494673792,7212,6901,3220,-3452610,459370,13439,0,0,0,225,416,158,329,361,342,298,330,233,129,156,163,0
2,1768494673808,4130,6910,6015,-3974289,1131322,122173,0,0,0,227,416,160,329,364,343,297,339,231,127,157,155,0
2,1768494673824,2885,6264,7896,-4494746,1204626,362853,0,0,0,232,416,161,329,366,341,296,346,230,124,159,149,0
2,1768494673840,3464,5302,8829,-4922352,1220508,558330,0,0,0,234,417,162,326,365,337,295,350,231,123,162,145,0
2,1768494673856,3694,4580,9964,-5255884,1490511,635299,0,0,0,232,415,161,329,364,339,296,347,233,124,162,142,0
2,1768494673872,2699,4134,11792,-5529552,1747074,731816,0,0,0,231,414,159,332,361,341,300,343,234,125,162,140,0
2,1768494673888,2091,3780,13854,-5810550,1798387,940732,0,0,0,235,416,160,333,360,339,302,343,234,130,165,141,0
2,1768494673904,2416,3498,15850,-6118426,1791056,1145983,0,0,0,236,416,161,333,358,341,301,345,235,130,167,141,0
2,1768494673920,3125,3048,17956,-6420193,1866804,1265712,0,0,0,232,417,163,332,358,342,303,349,239,122,161,136,0
2,1768494673936,3622,2278,20765,-6641326,2020742,1365894,0,0,0,228,421,156,335,366,340,303,348,237,127,162,134,0
2,1768494673952,3905,1694,24053,-6764721,2146580,1534493,0,0,0,234,419,158,335,361,339,303,343,235,122,155,132,0
2,1768494673968,4335,866,28389,-6867347,2193006,1901012,0,0,0,237,418,158,341,356,342,298,333,235,120,152,132,0
2,1768494673984,4862,-2775,31528,-6922324,2236988,2470339,0,0,0,235,418,161,342,354,348,313,339,246,121,150,135,0
2,1768494674000,3804,-10279,33811,-6765943,2371378,2849075,0,0,0,242,416,168,342,354,353,319,340,256,123,150,140,0
2,1768494674016,1990,-20981,33582,-6277251,2059837,2675589,0,0,0,241,418,168,347,359,359,327,340,263,130,153,146,0
2,1768494674032,3397,-33017,26039,-5160589,1243721,1626123,0,0,0,240,419,168,349,361,362,320,335,265,131,154,148,0
2,1768494674048,2761,-41153,16597,-3453832,1095892,-57421,0,0,0,238,420,168,349,361,361,323,340,265,135,159,150,0
2,1768494674064,-6207,-43364,13218,-1424537,1315803,-1749518,0,0,0,233,398,161,340,344,350,355,395,254,143,202,135,0
2,1768494674080,-14323,-42316,16783,226020,476474,-2153910,0,0,0,235,362,155,320,311,340,402,448,246,157,267,120,0
2,1768494674096,-17348,-31103,24115,2682920,-2243097,-1110553,0,0,0,243,342,157,306,286,340,439,463,250,181,328,126,0
2,1768494674112,-4876,-3948,18602,5685933,-4568050,680503,0,0,0,250,345,161,318,279,350,459,485,256,263,399,135,0
2,1768494674128,2579,7231,15563,7108027,-3029891,1930334,0,0,0,261,355,167,340,282,366,485,515,259,402,477,143,0
2,1768494674144,-3340,-349,22780,6014579,-357967,1574810,0,0,0,259,372,167,359,295,376,528,540,276,445,497,154,0
2,1768494674160,-4972,-4163,24412,3933972,-10995,299323,0,0,0,261,401,173,378,329,390,563,569,303,420,488,189,0
2,1768494674176,612,-1043,16075,1850921,-813672,-355523,0,0,0,262,444,193,408,361,424,570,570,324,396,473,262,0
2,1768494674192,2297,851,10088,874759,-663399,125838,0,0,0,309,476,226,434,386,450,592,592,338,404,465,312,0
2,1768494674208,1153,502,9337,398284,-441044,338419,0,0,0,346,499,249,438,399,464,603,598,346,497,539,331,0
2,1768494674224,148,119,10662,116064,-441044,139277,0,0,0,388,517,293,443,402,471,612,601,347,526,562,341,0
2,1768494674240,315,617,10705,-35430,-409279,-10995,0,0,0,404,533,298,446,408,472,620,606,342,513,560,349,0
2,1768494674256,660,1043,10174,-53756,-255341,0,0,0,0,409,536,296,445,411,469,622,609,343,536,571,342,0
2,1768494674272,646,1024,10093,-12217,-136833,23212,0,0,0,409,536,288,449,415,465,622,610,343,553,580,334,0
2,1768494674288,569,966,10126,30543,-68416,12217,0,0,0,412,541,286,449,422,463,623,609,343,548,578,329,0
2,1768494674304,550,961,10126,69638,-48869,-12217,0,0,0,416,541,284,450,423,464,621,603,343,538,569,334,0
2,1768494674320,564,995,10069,123394,-25656,-18325,0,0,0,418,539,279,456,430,467,616,598,346,514,539,350,0
2,1768494674336,559,976,10050,177150,-2443,-14660,0,0,0,424,542,277,461,444,466,611,594,349,475,494,366,0
2,1768494674352,583,904,10035,200363,6108,-8552,0,0,0,427,545,286,462,441,468,604,581,344,449,467,371,0
2,1768494674368,631,866,10031,211359,0,-9773,0,0,0,425,547,300,456,426,468,596,571,342,448,463,367,0
2,1768494674384,674,856,10031,223576,-17104,-19547,0,0,0,430,555,300,459,426,469,594,556,349,487,469,365,0
2,1768494674400,693,837,10031,235793,-32986,-31764,0,0,0,437,548,305,473,428,474,587,547,356,436,442,380,0
2,1768494674416,693,804,10026,243124,-45204,-43982,0,0,0,443,552,296,478,434,473,581,536,356,452,442,381,0
2,1768494674432,693,756,10035,257785,-58643,-59864,0,0,0,452,560,276,490,447,476,581,532,356,308,287,429,0
2,1768494674448,679,717,10040,283441,-76969,-74525,0,0,0,454,561,280,491,453,484,570,507,364,282,260,440,0
2,1768494674464,622,698,10083,320093,-96516,-83077,0,0,0,466,569,290,492,457,489,575,497,374,282,240,459,0
2,1768494674480,574,674,10155,368962,-112399,-81855,0,0,0,480,578,291,504,472,503,570,477,380,400,350,465,0
2,1768494674496,660,574,10203,421497,-133168,-76969,0,0,0,487,586,287,493,488,493,574,459,380,333,273,502,0
2,1768494674512,799,469,10303,474031,-188146,-92851,0,0,0,501,595,288,505,499,502,572,437,387,288,211,530,0
2,1768494674528,880,421,10480,577878,-310319,-144164,0,0,0,513,604,280,527,513,525,565,416,396,292,207,548,0
2,1768494674544,804,368,10629,717155,-405614,-196698,0,0,0,522,612,266,541,534,547,560,400,402,291,206,568,0
2,1768494674560,531,234,11050,940732,-430049,-227241,0,0,0,532,617,254,554,551,559,553,387,411,292,206,583,0
2,1768494674576,215,215,11916,1252273,-328645,-222354,0,0,0,537,614,233,561,556,558,531,388,420,298,208,596,0
2,1768494674592,81,263,12782,1640784,-80634,-186924,0,0,0,545,615,216,561,558,567,491,394,417,306,216,608,0
2,1768494674608,114,157,13290,2098932,70860,-125838,0,0,0,561,623,218,566,564,564,453,387,412,306,217,618,0
2,1768494674624,579,4,14099,2616946,58643,-69638,0,0,0,560,614,209,561,564,560,416,386,396,310,216,624,0
2,1768494674640,1631,-23,15271,3226590,-48869,-140499,0,0,0,560,611,218,566,580,571,396,386,390,299,216,626,0
2,1768494674656,2359,-52,16243,3859446,-164933,-327423,0,0,0,563,617,218,553,566,551,336,361,384,300,214,616,0
2,1768494674672,2397,-129,17611,4615697,-267558,-586430,0,0,0,568,606,217,542,573,557,299,312,400,276,199,598,0
2,1768494674688,2799,-148,20258,5574756,-353080,-778242,0,0,0,548,605,204,536,564,545,290,219,397,269,183,548,0
2,1768494674704,4685,-1019,23943,6624222,-509461,-989601,0,0,0,508,593,190,521,540,531,276,165,380,255,167,504,0
2,1768494674720,6838,-2129,27882,7439116,-543670,-1319468,0,0,0,469,567,179,501,506,518,265,154,358,242,160,469,0
2,1768494674736,6810,-1124,31079,8078081,-450818,-1743409,0,0,0,421,526,167,458,465,462,275,175,328,233,156,432,0
2,1768494674752,5379,2254,32634,8428718,-509461,-2100154,0,0,0,325,473,158,403,414,408,295,214,302,194,141,333,0
2,1768494674768,7130,6336,30461,8426275,-730594,-2335948,0,0,0,256,439,165,370,384,393,311,246,296,156,134,242,0
2,1768494674784,10643,13041,22407,7871609,-654847,-2696359,0,0,0,246,431,176,359,379,391,315,263,293,148,144,210,0
2,1768494674800,10782,21129,11490,5946162,-289550,-3097086,0,0,0,247,430,172,356,374,377,308,267,276,151,154,198,0
2,1768494674816,5900,25470,8351,1189965,-259006,-2411695,0,0,0,246,429,162,353,373,363,302,270,260,151,157,187,0
2,1768494674832,3043,21191,9667,-3258355,-624304,-885754,0,0,0,249,427,161,346,370,355,304,282,250,153,163,177,0
2,1768494674848,5532,11998,8193,-5033529,-878424,458148,0,0,0,237,423,156,342,370,349,303,289,244,153,168,169,0
2,1768494674864,8882,6149,5068,-5088507,-371406,919963,0,0,0,235,417,157,338,369,347,299,307,243,150,182,163,0
2,1768494674880,8657,5317,4517,-4703662,814894,618195,0,0,0,237,419,158,334,369,339,296,317,238,150,186,157,0
2,1768494674896,4929,6049,7638,-5024977,1442863,416610,0,0,0,238,419,158,334,369,339,295,322,234,147,186,151,0
2,1768494674912,2962,5704,10031,-5490456,1469741,470366,0,0,0,236,419,154,334,370,339,294,328,237,146,195,146,0
2,1768494674928,3330,4460,11016,-5815437,1384220,608421,0,0,0,233,417,153,334,370,338,292,332,236,148,198,144,0
2,1768494674944,3560,3766,12012,-5893627,1693318,654847,0,0,0,233,418,156,332,370,338,293,337,239,146,202,144,0
2,1768494674960,2689,3718,13787,-6017022,1993864,734260,0,0,0,234,419,159,332,369,340,291,334,242,145,200,142,0
2,1768494674976,1981,3546,15884,-6245486,2103819,918741,0,0,0,233,418,158,335,369,344,293,335,243,148,201,143,0
2,1768494674992,1856,3086,18334,-6489832,2171015,1145983,0,0,0,232,416,159,336,367,348,300,341,245,151,203,144,0
2,1768494675008,2196,2636,20765,-6666983,2261423,1281595,0,0,0,233,415,162,334,361,348,302,342,245,151,201,143,0
2,1768494675024,2579,2201,24264,-6907664,2372600,1408655,0,0,0,234,417,164,338,362,349,302,340,241,155,202,144,0
2,1768494675040,2790,1512,27752,-7130019,2432465,1632231,0,0,0,229,415,160,335,358,346,305,337,244,152,198,144,0
2,1768494675056,2421,-938,31447,-7294952,2474004,2106263,0,0,0,229,417,163,335,357,351,308,333,250,153,194,144,0
2,1768494675072,770,-8030,34797,-7160562,2464230,2625498,0,0,0,230,422,164,339,361,356,315,335,255,155,195,145,0
2,1768494675088,-689,-18813,35850,-6720739,2036624,2733011,0,0,0,231,422,164,348,368,362,319,330,263,159,201,146,0
2,1768494675104,1976,-33294,28853,-5638286,1088561,1971872,0,0,0,236,423,165,355,375,365,328,330,264,162,197,147,0
2,1768494675120,2560,-44106,18683,-3898541,866206,542448,0,0,0,231,423,162,345,383,361,328,334,265,163,201,150,0
2,1768494675136,-6637,-46671,13907,-1681101,1153313,-1081231,0,0,0,233,424,165,347,373,363,320,335,260,164,204,152,0
2,1768494675152,-14371,-44551,14682,101403,504574,-1766622,0,0,0,233,415,164,346,359,363,370,408,254,180,266,131,0
2,1768494675168,-11964,-35673,19420,1710422,-1081231,-1455080,0,0,0,236,371,158,325,311,347,410,475,244,264,384,118,0
2,1768494675184,-3632,-6700,22723,3754377,-3739716,-481361,0,0,0,244,340,161,311,286,351,436,501,254,349,459,128,0
2,1768494675200,2120,10768,17123,5715255,-4939456,601091,0,0,0,256,344,170,324,283,372,477,511,269,371,461,142,0
2,1768494675216,-1430,3718,18473,6530149,-2796541,1211956,0,0,0,265,350,170,344,274,382,517,527,273,404,474,150,0
2,1768494675232,-5388,-4101,23378,5437922,-791681,758694,0,0,0,266,364,169,360,287,394,548,550,290,443,497,161,0
2,1768494675248,-2038,-2057,20267,3522248,-612086,-111177,0,0,0,274,398,180,380,313,409,575,576,320,419,490,196,0
2,1768494675264,1459,727,13572,2219884,-711047,-32986,0,0,0,286,443,191,413,347,434,593,593,351,413,492,265,0
2,1768494675280,1340,38,10782,1088561,-555887,249233,0,0,0,307,475,201,443,382,456,609,610,346,427,497,314,0
2,1768494675296,-215,-861,10993,211359,-343306,222354,0,0,0,324,492,214,456,403,466,618,620,356,454,504,344,0
2,1768494675312,-90,258,10686,0,-250454,24434,0,0,0,352,506,216,456,421,468,574,598,396,487,539,344,0
2,1768494675328,421,1033,10179,21991,-178372,-34208,0,0,0,359,508,230,460,430,484,617,620,366,501,555,360,0
2,1768494675344,569,995,10031,51312,-119729,0,0,0,0,370,515,233,460,418,477,629,629,355,497,550,356,0
2,1768494675360,416,823,10131,24434,-87964,6108,0,0,0,371,520,243,454,414,475,634,633,357,481,535,358,0
2,1768494675376,330,847,10184,25656,-61086,-12217,0,0,0,370,519,242,451,412,472,635,635,357,537,572,344,0
2,1768494675392,358,890,10136,59864,-29321,-23212,0,0,0,372,520,239,451,412,468,628,630,356,548,582,342,0
2,1768494675408,387,885,10083,98960,0,-28099,0,0,0,372,517,233,453,415,467,618,619,354,510,555,348,0
2,1768494675424,392,856,10064,129503,15882,-28099,0,0,0,369,513,229,454,418,466,607,607,354,465,513,357,0
2,1768494675440,402,856,10045,150272,21991,-26878,0,0,0,367,514,229,451,419,465,600,597,358,454,496,363,0
2,1768494675456,445,875,10016,179594,19547,-26878,0,0,0,367,518,227,455,420,467,599,590,361,485,514,359,0
2,1768494675472,502,861,10011,232128,3665,-30543,0,0,0,374,520,227,467,423,473,594,578,366,450,468,374,0
2,1768494675488,521,789,10021,283441,-19547,-40317,0,0,0,383,526,232,466,426,477,590,562,367,363,385,402,0
2,1768494675504,512,713,10007,296880,-40317,-51312,0,0,0,390,532,241,464,426,476,584,554,374,289,302,419,0
2,1768494675520,516,674,9978,285884,-63529,-59864,0,0,0,413,545,249,482,440,484,583,518,374,395,398,414,0
2,1768494675536,536,670,10026,300545,-94073,-69638,0,0,0,433,551,249,492,445,488,578,517,383,299,264,460,0
2,1768494675552,512,641,10122,350636,-119729,-84299,0,0,0,450,557,253,487,461,499,578,484,380,416,391,460,0
2,1768494675568,454,545,10150,394618,-123394,-94073,0,0,0,461,570,270,495,469,508,581,470,388,317,270,501,0
2,1768494675584,454,469,10150,417831,-116064,-101403,0,0,0,475,578,280,507,487,525,576,436,399,380,322,523,0
2,1768494675600,588,416,10212,459370,-108734,-122173,0,0,0,493,592,294,511,501,537,565,404,414,413,355,538,0
2,1768494675616,827,335,10457,552222,-91629,-173485,0,0,0,511,605,274,529,521,549,558,398,418,412,354,556,0
2,1768494675632,981,258,11141,773355,-63529,-265115,0,0,0,518,611,244,538,536,553,549,384,435,416,348,576,0
2,1768494675648,679,277,12069,1153313,-29321,-331088,0,0,0,522,611,222,550,550,564,526,368,442,419,337,593,0
2,1768494675664,306,287,12955,1574810,-39095,-324980,0,0,0,528,610,209,560,559,575,501,363,426,412,325,608,0
2,1768494675680,95,282,13596,2012190,-79412,-246789,0,0,0,542,613,208,559,561,574,478,357,415,401,314,628,0
2,1768494675696,181,215,14386,2598620,-102625,-149051,0,0,0,558,612,214,565,559,573,435,348,411,388,307,643,0
2,1768494675712,808,162,15434,3199712,-107512,-123394,0,0,0,557,611,208,567,547,573,391,338,397,356,301,646,0
2,1768494675728,1785,86,16659,3903428,-155159,-238237,0,0,0,557,616,209,547,561,567,336,324,407,345,303,644,0
2,1768494675744,2301,71,18166,4717101,-208915,-449596,0,0,0,569,610,223,527,549,565,289,271,402,305,265,618,0
2,1768494675760,2670,234,20531,5663942,-270002,-670730,0,0,0,551,595,205,539,554,551,272,199,422,285,217,562,0
2,1768494675776,4441,-397,24843,6939429,-483805,-933402,0,0,0,517,583,193,520,532,528,259,159,394,262,183,503,0
2,1768494675792,6819,-1876,28466,7859392,-527787,-1187522,0,0,0,472,564,190,491,512,503,247,155,362,261,186,482,0
2,1768494675808,7078,-1794,31907,8535009,-134390,-1582140,0,0,0,409,526,161,454,480,455,264,170,326,257,187,441,0
2,1768494675824,5039,1579,34950,8868541,-21991,-1977981,0,0,0,300,459,153,384,401,403,292,216,304,231,209,329,0
2,1768494675840,6389,7408,34209,8663290,-554665,-2244318,0,0,0,246,435,159,360,368,386,310,252,295,208,233,230,0
2,1768494675856,10787,14970,25096,7859392,-889419,-2535090,0,0,0,236,434,165,355,365,379,308,271,284,199,244,193,0
2,1768494675872,11567,25704,10265,5139820,-681725,-2827084,0,0,0,240,434,164,349,366,369,300,276,268,200,247,187,0
2,1768494675888,6872,27523,9298,553443,-609643,-2065946,0,0,0,235,431,158,320,384,346,297,276,255,203,250,181,0
2,1768494675904,3464,20727,11079,-3773925,-1115439,-629191,0,0,0,230,427,155,308,388,337,295,280,249,205,257,174,0
2,1768494675920,6590,10610,8111,-5057964,-1629788,466701,0,0,0,232,424,155,336,364,349,291,287,243,209,264,167,0
2,1768494675936,10591,7264,3522,-4601036,-598647,437379,0,0,0,234,422,155,335,366,348,292,297,235,215,274,163,0
2,1768494675952,9054,7480,4235,-4758640,761138,195476,0,0,0,238,422,157,334,367,345,289,308,232,207,284,158,0
2,1768494675968,5446,7116,7776,-5407379,1295034,268780,0,0,0,236,419,152,335,367,338,282,311,225,207,290,150,0
2,1768494675984,4331,5518,9954,-5853310,1352455,483805,0,0,0,236,419,151,336,366,341,288,317,229,212,290,149,0
2,1768494676000,4852,3977,10959,-5981592,1530828,609643,0,0,0,233,419,150,334,363,340,286,316,227,207,290,141,0
2,1768494676016,3895,3747,12840,-6133086,1892460,637743,0,0,0,237,419,150,337,360,337,292,320,228,216,291,141,0
2,1768494676032,2651,3618,15486,-6478836,2100154,747699,0,0,0,234,418,151,336,361,340,290,320,229,213,294,141,0
2,1768494676048,2469,3015,17822,-6828251,2130697,911410,0,0,0,239,419,155,334,354,337,289,320,227,212,295,140,0
2,1768494676064,2737,2177,20248,-6971194,2254092,1036027,0,0,0,239,422,157,333,351,335,290,320,226,212,293,140,0
2,1768494676080,2809,1684,23187,-7034724,2416582,1144761,0,0,0,236,419,153,338,355,337,297,319,228,219,290,141,0
2,1768494676096,2847,1474,27441,-7160562,2524095,1350012,0,0,0,235,416,150,342,356,339,301,317,232,225,283,143,0
2,1768494676112,3474,162,32658,-7369478,2466673,1842369,0,0,0,234,416,151,341,354,344,303,312,239,224,275,146,0
2,1768494676128,4120,-4436,36367,-7417125,2481334,2482556,0,0,0,234,418,152,341,354,349,309,308,248,224,270,147,0
2,1768494676144,2268,-14745,37535,-7006624,2563190,2825862,0,0,0,232,421,152,346,356,352,319,307,256,226,268,146,0
2,1768494676160,220,-28777,33883,-6161186,2031737,2658485,0,0,0,230,426,155,351,364,358,319,310,263,227,273,152,0
2,1768494676176,665,-42737,22244,-4602258,1292590,1555262,0,0,0,229,426,154,350,364,359,323,314,266,227,277,155,0
2,1768494676192,-3058,-50710,12792,-2564412,1254717,-122173,0,0,0,232,424,155,351,362,358,324,327,261,233,286,152,0
2,1768494676208,-11926,-49973,12304,-449596,1080009,-1557706,0,0,0,229,413,153,343,355,352,332,411,252,248,355,153,0
2,1768494676224,-14051,-40411,19310,1500285,-526565,-1591914,0,0,0,237,351,152,323,306,347,396,471,244,319,427,128,0
2,1768494676240,-9203,-17267,25206,3898541,-3539353,-627969,0,0,0,246,333,153,308,281,342,431,494,249,365,451,128,0
2,1768494676256,-564,4484,19617,5919284,-5617516,581543,0,0,0,256,334,155,325,274,359,479,516,257,393,474,140,0
2,1768494676272,-780,4273,18616,6684087,-3360980,1439198,0,0,0,273,357,165,350,282,377,528,536,275,405,476,151,0
2,1768494676288,-6049,-2770,24651,5635842,-371406,1114218,0,0,0,272,376,166,366,297,388,555,557,284,432,494,169,0
2,1768494676304,-3905,-3273,23512,3679852,262672,-19547,0,0,0,270,406,178,384,319,408,581,582,305,455,515,199,0
2,1768494676320,2029,536,13907,1984090,-431270,-127059,0,0,0,282,440,201,412,354,436,606,606,329,481,534,242,0
2,1768494676336,2215,918,9255,905302,-657290,313984,0,0,0,309,464,219,433,389,456,619,619,345,492,544,291,0
2,1768494676352,143,-239,10342,322536,-480140,290771,0,0,0,345,490,235,436,397,462,627,627,360,483,545,327,0
2,1768494676368,-258,-4,10969,61086,-320093,70860,0,0,0,373,505,248,442,393,459,631,631,355,523,569,333,0
2,1768494676384,349,823,10514,25656,-204028,-45204,0,0,0,387,507,263,451,395,464,632,632,354,507,561,342,0
2,1768494676400,631,1048,10050,40317,-114842,-2443,0,0,0,389,509,291,441,395,471,648,646,363,518,572,347,0
2,1768494676416,531,942,10074,45204,-69638,17104,0,0,0,393,510,284,445,403,478,645,645,369,551,585,349,0
2,1768494676432,445,938,10174,80634,-50090,-4886,0,0,0,401,516,253,453,415,472,636,632,354,547,566,353,0
2,1768494676448,440,1000,10160,150272,-31764,-23212,0,0,0,412,522,267,447,408,483,630,617,360,513,547,376,0
2,1768494676464,449,971,10107,229685,-13439,-19547,0,0,0,426,533,266,454,417,480,625,601,361,500,534,379,0
2,1768494676480,469,894,10078,278554,-1221,-17104,0,0,0,433,538,262,458,418,479,617,585,356,509,533,381,0
2,1768494676496,507,813,10054,285884,2443,-21991,0,0,0,437,542,266,466,422,485,610,570,357,479,488,396,0
2,1768494676512,540,775,10035,276111,-1221,-30543,0,0,0,444,548,269,468,431,490,603,557,363,420,416,418,0
2,1768494676528,574,737,10021,272445,-12217,-40317,0,0,0,444,554,263,467,431,486,591,536,362,353,341,433,0
2,1768494676544,593,689,10011,270002,-35430,-53756,0,0,0,442,558,256,474,432,490,588,522,361,305,284,446,0
2,1768494676560,579,641,10002,262672,-62308,-65973,0,0,0,450,563,258,479,441,493,596,515,371,313,277,458,0
2,1768494676576,564,603,10007,262672,-89186,-80634,0,0,0,463,570,262,476,452,488,596,498,377,335,288,469,0
2,1768494676592,550,583,10045,283441,-114842,-91629,0,0,0,471,576,260,482,472,495,593,478,376,358,311,480,0
2,1768494676608,502,555,10078,312763,-138055,-96516,0,0,0,474,581,266,490,485,507,592,453,384,399,353,482,0
2,1768494676624,502,526,10179,356745,-158824,-97738,0,0,0,493,591,273,491,484,519,588,445,392,265,202,523,0
2,1768494676640,598,502,10390,437379,-201585,-108734,0,0,0,506,595,267,507,496,544,580,430,394,274,201,547,0
2,1768494676656,650,411,10629,593761,-280998,-138055,0,0,0,518,605,257,524,504,534,568,408,402,278,202,566,0
2,1768494676672,540,272,10806,794124,-333532,-166155,0,0,0,518,603,235,525,520,550,572,413,410,288,209,574,0
2,1768494676688,358,196,11241,1060462,-261450,-174707,0,0,0,535,616,229,540,537,551,562,400,418,360,231,567,0
2,1768494676704,191,201,11964,1382998,-120951,-169820,0,0,0,536,615,211,566,559,554,523,388,405,314,213,589,0
2,1768494676720,38,253,12821,1707979,21991,-144164,0,0,0,542,617,206,569,557,570,489,378,408,304,221,609,0
2,1768494676736,157,143,13663,2173458,109955,-85521,0,0,0,555,618,204,566,562,572,443,369,402,294,218,618,0
2,1768494676752,579,-23,14256,2687807,87964,-52534,0,0,0,571,625,213,563,558,573,410,365,394,286,213,621,0
2,1768494676768,1225,-52,15448,3298672,9773,-103847,0,0,0,580,623,221,550,551,569,366,351,391,290,210,624,0
2,1768494676784,2077,-52,17161,4090353,-74525,-273667,0,0,0,580,611,219,535,553,558,314,320,396,290,206,618,0
2,1768494676800,2373,52,19583,5050633,-117286,-519235,0,0,0,575,603,214,530,556,544,288,269,405,274,196,592,0
2,1768494676816,3216,-157,22799,6180734,-210137,-735481,0,0,0,558,592,210,524,550,533,271,200,405,256,175,547,0
2,1768494676832,5345,-1186,26948,7279070,-349414,-955393,0,0,0,514,582,196,511,542,532,257,161,390,243,161,493,0
2,1768494676848,6556,-1220,31265,8179485,-389732,-1304808,0,0,0,460,557,184,488,504,496,253,162,366,238,156,465,0
2,1768494676864,6087,722,33897,8864876,-527787,-1716531,0,0,0,389,501,167,441,452,445,284,186,324,227,152,427,0
2,1768494676880,6001,3651,33792,9100670,-733038,-2007303,0,0,0,271,448,167,377,388,403,305,228,301,177,140,293,0
2,1768494676896,10112,9676,28250,8619308,-719599,-2299296,0,0,0,272,433,169,366,376,389,321,275,297,155,151,215,0
2,1768494676912,12940,18875,16654,7051828,-400727,-2801427,0,0,0,264,430,169,361,373,378,312,270,282,149,146,203,0
2,1768494676928,10552,25254,7843,3844785,-164933,-2972470,0,0,0,255,427,168,356,372,366,311,276,267,144,144,185,0
2,1768494676944,4441,23512,8906,-1271821,-460592,-1731192,0,0,0,252,427,159,354,374,367,308,293,250,140,153,172,0
2,1768494676960,2651,15793,10174,-4492302,-1141096,-92851,0,0,0,246,424,160,349,375,360,307,297,250,142,160,171,0
2,1768494676976,6211,8423,7140,-5291314,-1500285,992045,0,0,0,241,420,161,344,376,351,304,314,247,143,169,166,0
2,1768494676992,9911,5632,3584,-4948008,-470366,994488,0,0,0,237,418,157,341,378,347,297,318,240,152,190,160,0
2,1768494677008,7686,5833,5111,-5000542,676838,691499,0,0,0,235,418,155,337,379,344,291,312,236,160,207,156,0
2,1768494677024,4254,5924,8111,-5325523,1246165,561996,0,0,0,238,421,158,333,378,340,289,321,234,162,223,151,0
2,1768494677040,3378,5034,10016,-5714033,1143539,647517,0,0,0,237,420,155,332,377,339,288,327,233,170,247,146,0
2,1768494677056,4307,4044,10897,-5926614,1285260,656069,0,0,0,235,419,153,333,373,339,289,322,232,174,239,142,0
2,1768494677072,4235,3536,12687,-6156299,1661553,627969,0,0,0,242,427,157,330,363,333,286,322,231,178,246,144,0
2,1768494677088,3206,3450,15142,-6454402,1915673,676838,0,0,0,238,423,155,330,358,333,286,322,233,194,270,143,0
2,1768494677104,2924,2981,17784,-6794043,1955990,833220,0,0,0,230,417,152,333,365,337,290,327,233,195,273,144,0
2,1768494677120,3359,2206,20263,-7013954,2041511,954171,0,0,0,228,417,152,336,365,340,290,327,236,198,280,144,0
2,1768494677136,3737,1454,23397,-7117801,2249205,1028697,0,0,0,230,417,153,336,361,337,288,326,233,198,278,143,0
2,1768494677152,3957,880,27719,-7228979,2452013,1204626,0,0,0,231,418,155,337,363,343,292,326,236,187,254,144,0
2,1768494677168,4158,-440,32332,-7379252,2543642,1643227,0,0,0,229,416,153,337,358,344,298,324,239,172,227,142,0
2,1768494677184,3962,-6116,35616,-7404908,2664594,2379930,0,0,0,231,420,155,338,358,349,306,320,248,168,218,143,0
2,1768494677200,2115,-15271,36989,-7053050,2722015,2752558,0,0,0,232,423,158,343,361,355,313,319,257,173,220,145,0
2,1768494677216,0,-27657,33936,-6223495,2186897,2527760,0,0,0,232,423,160,346,369,359,316,326,262,203,233,154,0
2,1768494677232,105,-40741,23053,-4663345,1365894,1448972,0,0,0,233,424,160,351,374,364,317,330,265,209,236,156,0
2,1768494677248,-2531,-48327,13792,-2764776,1204626,-39095,0,0,0,231,424,157,353,371,366,317,325,265,176,222,149,0
2,1768494677264,-10370,-48427,12840,-603534,974940,-1389107,0,0,0,232,421,157,349,363,361,318,344,256,168,219,144,0
2,1768494677280,-12950,-42493,15917,1303586,-54977,-1672549,0,0,0,240,402,160,341,345,351,355,400,250,160,234,135,0
2,1768494677296,-7910,-27350,20847,3037221,-1343903,-1175304,0,0,0,248,366,156,328,322,342,434,458,254,175,293,131,0
2,1768494677312,19,9456,23598,4272391,-3692069,160046,0,0,0,249,328,149,313,287,340,466,470,259,199,346,126,0
2,1768494677328,3728,20569,14620,4889365,-4866152,1488067,0,0,0,266,336,161,329,274,366,480,511,271,370,460,141,0
2,1768494677344,-2364,3680,14395,5648059,-2652376,2043955,0,0,0,272,353,170,353,274,381,531,547,272,448,500,150,0
2,1768494677360,-7872,-6671,23828,5188689,-596204,1314581,0,0,0,272,382,171,370,306,393,564,565,299,415,480,164,0
2,1768494677376,-2842,-2144,21808,3082425,-790459,167377,0,0,0,270,421,187,394,339,417,586,586,321,414,488,198,0
2,1768494677392,1397,1344,14055,1334129,-852767,-43982,0,0,0,281,455,205,423,379,440,596,596,336,422,496,244,0
2,1768494677408,1359,1028,8805,384845,-420275,255341,0,0,0,309,484,220,436,404,450,610,610,335,435,497,287,0
2,1768494677424,191,349,9873,223576,-195476,191811,0,0,0,339,498,232,440,409,453,622,622,345,446,500,313,0
2,1768494677440,105,684,10629,129503,-173485,45204,0,0,0,355,508,241,448,411,459,626,626,345,453,505,324,0
2,1768494677456,512,1287,10318,53756,-196698,-18325,0,0,0,363,515,246,454,414,464,628,628,336,458,508,327,0
2,1768494677472,531,1282,10011,25656,-122173,3665,0,0,0,371,517,249,454,416,462,631,631,337,461,509,330,0
2,1768494677488,469,1196,10002,28099,-63529,10995,0,0,0,377,519,251,458,416,459,632,631,333,460,506,329,0
2,1768494677504,421,1201,10122,48869,-47647,-2443,0,0,0,379,521,252,462,415,460,628,627,333,457,497,330,0
2,1768494677520,406,1277,10102,90408,-20769,-13439,0,0,0,382,521,250,458,418,464,619,618,330,445,473,343,0
2,1768494677536,406,1296,10040,149051,8552,-13439,0,0,0,388,519,252,457,419,469,617,613,341,414,432,351,0
2,1768494677552,445,1239,10011,205250,19547,-6108,0,0,0,390,525,245,453,413,465,618,596,330,440,451,348,0
2,1768494677568,502,1167,9997,245567,15882,-6108,0,0,0,396,530,248,462,420,482,611,577,345,432,448,349,0
2,1768494677584,545,1129,9992,273667,0,-19547,0,0,0,398,536,247,460,422,476,603,575,354,307,328,381,0
2,1768494677600,564,1100,9992,299323,-18325,-34208,0,0,0,403,535,246,464,430,476,598,559,347,292,301,394,0
2,1768494677616,583,1038,9987,316428,-51312,-53756,0,0,0,414,538,249,474,445,484,595,537,346,320,314,402,0
2,1768494677632,569,990,10002,320093,-83077,-70860,0,0,0,429,540,247,483,452,487,597,523,356,299,279,414,0
2,1768494677648,526,966,10031,335975,-103847,-84299,0,0,0,442,548,246,489,461,488,601,511,371,283,246,440,0
2,1768494677664,473,918,10078,366519,-107512,-86742,0,0,0,458,562,254,502,472,493,597,492,372,282,238,460,0
2,1768494677680,473,847,10165,411723,-108734,-86742,0,0,0,478,574,266,511,481,500,591,468,380,282,229,481,0
2,1768494677696,507,784,10279,478918,-125838,-97738,0,0,0,496,583,275,509,489,511,593,445,393,276,210,508,0
2,1768494677712,488,698,10346,558330,-150272,-112399,0,0,0,503,588,272,519,508,532,590,425,389,267,201,532,0
2,1768494677728,411,564,10461,657290,-151494,-108734,0,0,0,501,590,248,542,532,552,581,414,396,269,200,557,0
2,1768494677744,402,492,10835,835663,-113620,-96516,0,0,0,513,598,240,550,541,560,570,399,397,280,204,578,0
2,1768494677760,626,469,11495,1111774,26878,-125838,0,0,0,523,607,222,562,550,555,549,390,403,293,215,596,0
2,1768494677776,746,449,12246,1409876,186924,-193033,0,0,0,535,621,220,570,562,568,523,376,428,335,252,603,0
2,1768494677792,440,464,13141,1797165,228463,-226020,0,0,0,542,615,217,566,564,584,485,374,434,298,204,605,0
2,1768494677808,282,291,13563,2320066,94073,-139277,0,0,0,556,625,214,571,580,600,449,380,426,307,223,612,0
2,1768494677824,660,177,14094,2838079,36651,-80634,0,0,0,562,621,214,579,574,588,406,370,413,310,217,617,0
2,1768494677840,1373,148,15175,3381749,26878,-127059,0,0,0,569,631,220,563,561,587,353,357,403,309,221,628,0
2,1768494677856,1885,110,16491,4036597,-54977,-290771,0,0,0,572,632,223,543,568,565,307,327,421,294,209,622,0
2,1768494677872,2120,47,18281,4828278,-163711,-469144,0,0,0,570,619,211,535,586,553,279,269,427,277,190,593,0
2,1768494677888,2837,-291,20770,5756794,-274889,-645073,0,0,0,556,601,205,533,582,549,264,201,421,257,167,545,0
2,1768494677904,4221,-1670,25235,6849021,-313984,-855211,0,0,0,523,584,202,526,555,546,256,159,404,243,155,505,0
2,1768494677920,5125,-2402,29557,7760431,-193033,-1062905,0,0,0,477,561,184,502,521,527,256,160,371,241,159,482,0
2,1768494677936,5403,-1033,31595,8374962,-169820,-1340238,0,0,0,413,522,164,460,472,475,270,179,335,227,149,432,0
2,1768494677952,5345,1799,33352,8698721,-250454,-1650557,0,0,0,314,469,162,404,406,410,301,210,306,184,131,331,0
2,1768494677968,7255,7753,31332,8334645,-441044,-1910786,0,0,0,244,427,170,359,374,379,327,253,292,140,127,202,0
2,1768494677984,9643,15635,21292,7332826,-520457,-2295631,0,0,0,245,427,169,345,396,379,322,264,296,140,131,203,0
2,1768494678000,9801,21818,9327,5024977,-383623,-2762332,0,0,0,254,430,172,359,375,376,311,265,273,140,131,196,0
2,1768494678016,5216,22378,8939,560774,-311541,-2431243,0,0,0,254,430,171,354,370,363,307,273,263,140,135,190,0
2,1768494678032,1708,16826,10792,-3321885,-779464,-1359786,0,0,0,245,427,163,347,370,359,303,281,256,133,136,176,0
2,1768494678048,3594,9538,8289,-4544837,-1364672,-276111,0,0,0,240,423,162,341,368,356,302,292,252,133,144,170,0
2,1768494678064,7762,6513,3608,-4236961,-811229,131946,0,0,0,240,421,160,342,370,351,301,301,245,132,147,162,0
2,1768494678080,7733,6556,3302,-4344473,376292,142942,0,0,0,240,421,159,339,371,345,300,310,240,135,152,160,0
2,1768494678096,5106,6566,5924,-4867374,1040914,173485,0,0,0,237,420,161,336,369,346,300,319,240,133,152,152,0
2,1768494678112,3996,5111,7977,-5334075,1120326,337197,0,0,0,240,422,161,334,364,343,298,323,239,129,152,144,0
2,1768494678128,4455,4077,8748,-5514891,1257160,404392,0,0,0,243,424,158,334,363,338,294,324,235,128,156,143,0
2,1768494678144,3986,3914,10394,-5776341,1638340,401949,0,0,0,240,422,155,337,370,341,292,330,234,129,161,141,0
2,1768494678160,2976,3747,12390,-6092769,1874134,472809,0,0,0,237,422,155,339,374,341,293,335,236,131,163,139,0
2,1768494678176,2493,3125,14285,-6310237,1952325,635299,0,0,0,234,419,155,339,366,343,293,334,237,132,164,138,0
2,1768494678192,2531,2632,16290,-6437297,2048842,791681,0,0,0,231,418,156,337,365,342,294,336,237,131,164,138,0
2,1768494678208,2737,2579,18769,-6596122,2212553,897971,0,0,0,232,417,157,335,364,339,298,342,240,127,164,136,0
2,1768494678224,2727,2359,22421,-6867347,2405587,1033583,0,0,0,232,417,155,337,364,342,296,338,240,127,157,136,0
2,1768494678240,2694,1660,27001,-7079928,2538755,1290147,0,0,0,234,422,157,338,364,345,297,335,240,124,152,138,0
2,1768494678256,2182,-191,30906,-7153231,2575407,1750739,0,0,0,237,425,161,339,360,353,297,330,248,122,150,141,0
2,1768494678272,866,-4972,34601,-7152010,2582738,2334726,0,0,0,238,426,162,341,361,357,308,328,258,122,145,142,0
2,1768494678288,-1751,-14242,36525,-6912551,2382374,2726902,0,0,0,232,426,158,349,371,362,316,328,263,126,146,144,0
2,1768494678304,-847,-28265,32055,-6097656,1348790,2345722,0,0,0,233,427,158,351,373,363,321,334,265,126,147,146,0
2,1768494678320,4450,-41832,21378,-4569271,522900,934623,0,0,0,235,429,160,352,373,363,324,338,267,127,147,148,0
2,1768494678336,2895,-48284,12500,-2547308,1037249,-1224173,0,0,0,232,420,159,346,360,359,330,376,261,170,217,154,0
2,1768494678352,-10026,-47006,13859,-689055,1308473,-2426356,0,0,0,234,387,155,339,339,353,382,433,256,192,288,144,0
2,1768494678368,-20248,-38851,23507,1837482,-862541,-1935221,0,0,0,241,355,150,329,311,350,450,465,263,179,313,131,0
2,1768494678384,-8992,-13773,21933,4612032,-4552167,-219911,0,0,0,248,346,150,319,283,352,475,486,272,228,367,136,0
2,1768494678400,2962,6944,16434,6791599,-5492900,1343903,0,0,0,259,349,157,335,282,370,495,527,277,346,456,140,0
2,1768494678416,-904,3326,19339,6438519,-2323731,1687209,0,0,0,264,364,157,362,290,385,529,547,276,422,493,153,0
2,1768494678432,-5814,-2584,24034,4537506,-466701,657290,0,0,0,272,383,161,382,304,384,561,561,290,437,493,160,0
2,1768494678448,-1947,-1809,19535,2663372,-439822,-252898,0,0,0,270,412,182,392,328,409,584,585,324,451,506,195,0
2,1768494678464,1842,966,11710,1544267,-624304,-61086,0,0,0,279,452,198,414,358,433,589,588,337,411,482,255,0
2,1768494678480,1641,856,9069,747699,-540004,256563,0,0,0,316,483,210,438,395,448,609,608,347,438,500,304,0
2,1768494678496,81,-95,10538,179594,-459370,184481,0,0,0,355,501,240,422,455,439,614,614,352,457,525,334,0
2,1768494678512,-110,335,10935,-53756,-390953,19547,0,0,0,373,508,236,440,427,454,626,626,349,486,538,338,0
2,1768494678528,402,1162,10279,-29321,-278554,-30543,0,0,0,385,512,233,451,408,461,635,634,353,495,536,342,0
2,1768494678544,483,1182,10078,20769,-156381,6108,0,0,0,392,516,237,453,413,462,636,635,354,509,534,342,0
2,1768494678560,382,1033,10145,37873,-67195,14660,0,0,0,395,518,241,455,415,462,632,632,345,500,533,341,0
2,1768494678576,339,1009,10165,45204,-20769,-4886,0,0,0,397,519,242,454,414,462,626,626,342,455,511,350,0
2,1768494678592,373,1057,10098,68416,8552,-17104,0,0,0,396,518,237,453,415,466,620,621,341,470,516,348,0
2,1768494678608,416,1076,10021,103847,35430,-18325,0,0,0,394,516,236,450,414,467,616,616,336,522,547,333,0
2,1768494678624,440,1052,10002,136833,37873,-15882,0,0,0,400,516,237,453,418,470,608,607,343,494,504,338,0
2,1768494678640,454,1024,9997,162490,18325,-15882,0,0,0,397,515,236,462,425,477,604,600,339,488,531,348,0
2,1768494678656,473,990,9997,182037,1221,-15882,0,0,0,402,515,237,456,425,472,600,589,351,496,533,348,0
2,1768494678672,502,971,9978,190589,-9773,-20769,0,0,0,406,515,232,464,434,472,594,576,345,484,509,349,0
2,1768494678688,521,961,9973,206472,-24434,-29321,0,0,0,422,525,240,466,430,469,591,559,345,479,495,358,0
2,1768494678704,526,928,9973,230907,-43982,-36651,0,0,0,433,538,246,474,447,473,593,549,355,426,426,380,0
2,1768494678720,516,880,9973,256563,-63529,-46425,0,0,0,437,550,244,479,456,478,587,544,363,328,324,413,0
2,1768494678736,526,861,10011,284663,-76969,-57421,0,0,0,447,557,239,493,471,492,590,530,365,295,277,439,0
2,1768494678752,545,856,10107,338419,-89186,-69638,0,0,0,460,568,243,491,475,492,593,512,373,282,245,462,0
2,1768494678768,555,789,10212,411723,-106290,-86742,0,0,0,470,580,248,498,493,499,588,490,384,276,225,492,0
2,1768494678784,555,693,10299,487470,-125838,-106290,0,0,0,491,591,261,510,506,517,577,463,392,277,214,519,0
2,1768494678800,579,603,10409,576656,-153938,-131946,0,0,0,511,600,264,516,511,531,569,436,396,318,249,533,0
2,1768494678816,622,488,10600,713490,-179594,-163711,0,0,0,522,611,253,525,530,537,558,419,398,344,272,549,0
2,1768494678832,646,363,11060,932180,-190589,-191811,0,0,0,535,617,243,538,549,541,541,411,402,299,219,573,0
2,1768494678848,488,411,12084,1282817,-123394,-219911,0,0,0,537,613,224,553,567,554,518,404,409,305,223,586,0
2,1768494678864,268,488,13213,1694540,-17104,-219911,0,0,0,555,629,229,555,566,558,494,394,410,303,215,596,0
2,1768494678880,153,454,13749,2119702,-2443,-168598,0,0,0,558,631,219,565,564,563,455,392,399,313,214,598,0
2,1768494678896,248,330,14151,2608394,-43982,-94073,0,0,0,577,626,228,564,576,563,410,382,395,311,212,617,0
2,1768494678912,928,157,14917,3166725,-106290,-65973,0,0,0,580,628,230,564,570,569,382,375,389,304,219,619,0
2,1768494678928,1541,81,16113,3817907,-160046,-184481,0,0,0,589,632,232,545,567,551,330,360,383,303,213,609,0
2,1768494678944,1813,119,17616,4537506,-208915,-343306,0,0,0,584,629,229,536,563,551,288,307,390,288,205,605,0
2,1768494678960,3029,-4,20153,5519778,-316428,-570548,0,0,0,568,608,219,541,560,547,322,292,383,267,186,565,0
2,1768494678976,4742,-751,23498,6521597,-487470,-850324,0,0,0,529,595,209,522,540,534,277,207,382,245,169,516,0
2,1768494678992,6446,-1966,28236,7578394,-609643,-1233947,0,0,0,484,581,196,506,513,510,247,162,366,240,160,485,0
2,1768494679008,7183,-1378,30576,8268671,-478918,-1612684,0,0,0,428,540,176,474,477,470,262,173,334,233,153,452,0
2,1768494679024,6748,770,32323,8734151,-119729,-2028072,0,0,0,329,478,163,414,425,418,287,202,302,194,137,345,0
2,1768494679040,6039,4608,32998,8657182,-141720,-2353052,0,0,0,245,439,167,371,384,388,308,237,290,147,124,224,0
2,1768494679056,8638,13026,25249,7696902,-779464,-2687807,0,0,0,247,434,175,362,378,389,314,260,293,137,133,214,0
2,1768494679072,11146,20823,12060,5695707,-1117883,-2940705,0,0,0,249,431,171,359,380,381,306,270,275,140,134,199,0
2,1768494679088,8791,23345,7542,1748296,-568104,-2298075,0,0,0,246,429,164,357,382,364,305,275,263,139,140,188,0
2,1768494679104,4393,19818,8734,-2530203,-178372,-900415,0,0,0,245,430,169,353,382,362,303,287,260,135,143,182,0
2,1768494679120,3302,11615,9121,-4729318,-478918,654847,0,0,0,244,426,166,348,373,358,302,294,254,135,143,168,0
2,1768494679136,7150,7044,5087,-4536285,-349414,1116661,0,0,0,244,425,167,349,375,358,308,310,250,135,152,162,0
2,1768494679152,8260,5876,3598,-4373795,543670,899193,0,0,0,237,422,165,340,375,355,295,317,243,131,153,166,0
2,1768494679168,5178,6216,5790,-4662123,1483180,464257,0,0,0,238,422,163,339,373,353,294,322,240,133,157,163,0
2,1768494679184,2646,5666,8188,-5092172,1533271,338419,0,0,0,241,424,166,336,371,347,294,327,240,133,159,156,0
2,1768494679200,2311,4742,9308,-5348736,1478293,321315,0,0,0,238,421,162,335,372,345,290,337,237,126,160,146,0
2,1768494679216,2287,4379,10385,-5513669,1707979,317649,0,0,0,238,420,161,334,373,343,289,340,236,124,159,141,0
2,1768494679232,1617,4350,12065,-5749463,1955990,362853,0,0,0,241,423,165,334,372,344,291,340,238,128,162,141,0
2,1768494679248,890,4278,14199,-6069557,2094046,508239,0,0,0,240,424,167,332,374,347,293,343,243,131,164,144,0
2,1768494679264,760,3967,16362,-6366437,2146580,711047,0,0,0,238,422,166,331,374,349,295,345,245,128,162,143,0
2,1768494679280,856,3508,18918,-6659652,2222327,910189,0,0,0,236,421,164,334,366,349,293,344,241,122,158,137,0
2,1768494679296,990,2895,22325,-6916216,2320066,1105666,0,0,0,233,420,165,334,366,351,292,342,242,122,155,139,0
2,1768494679312,1038,2287,26393,-7094588,2388483,1376890,0,0,0,232,418,162,336,371,351,296,341,242,128,154,140,0
2,1768494679328,402,760,31012,-7210653,2403143,1903456,0,0,0,238,423,168,339,364,354,300,334,248,124,149,143,0
2,1768494679344,-717,-4852,34979,-7204544,2241875,2625498,0,0,0,237,423,169,341,364,357,305,330,254,128,150,149,0
2,1768494679360,-1560,-13988,37003,-6998072,1875356,3055547,0,0,0,234,424,169,344,363,358,314,327,259,128,148,146,0
2,1768494679376,2421,-29748,32309,-6243042,866206,2648711,0,0,0,231,425,170,354,370,373,316,330,260,129,148,150,0
2,1768494679392,7781,-44101,21182,-4736649,455705,1258382,0,0,0,233,426,167,356,371,370,319,333,264,132,150,153,0
2,1768494679408,1971,-50423,11710,-2345722,1425759,-863763,0,0,0,228,404,158,334,356,355,356,409,261,148,196,155,0
2,1768494679424,-13878,-48509,14347,-171042,1624901,-1960877,0,0,0,233,368,151,325,327,344,408,453,268,162,266,137,0
2,1768494679440,-18104,-39861,24728,2597398,-2156354,-1213178,0,0,0,239,348,149,324,296,347,433,485,256,288,395,129,0
2,1768494679456,-4833,-10825,21186,5677381,-5610186,-161268,0,0,0,257,354,160,340,288,366,467,512,254,370,458,140,0
2,1768494679472,2665,5422,18765,6932098,-4576602,714712,0,0,0,271,371,167,362,296,378,511,535,260,407,478,147,0
2,1768494679488,-2167,1727,23823,5907066,-955393,979827,0,0,0,267,391,166,371,309,378,548,562,266,443,504,151,0
2,1768494679504,-3474,-2349,22459,3743382,28099,162490,0,0,0,260,414,175,381,326,394,577,583,287,455,516,175,0
2,1768494679520,287,-765,14730,2048842,-271224,-272445,0,0,0,266,448,198,411,351,434,590,591,318,482,526,228,0
2,1768494679536,2431,1273,9011,1076344,-508239,31764,0,0,0,299,485,220,428,384,448,598,598,332,493,537,278,0
2,1768494679552,909,291,9696,414166,-390953,200363,0,0,0,351,497,232,436,403,458,620,619,347,474,536,319,0
2,1768494679568,-4,47,10720,15882,-384845,98960,0,0,0,358,517,244,445,407,472,641,633,359,554,585,330,0
2,1768494679584,215,674,10562,-39095,-368962,1221,0,0,0,372,525,258,444,407,467,656,640,389,522,569,336,0
2,1768494679600,464,1076,10241,-19547,-256563,-1221,0,0,0,377,525,269,439,430,466,650,645,390,513,560,333,0
2,1768494679616,483,1076,10179,7330,-107512,18325,0,0,0,394,538,278,449,413,463,649,638,383,515,560,333,0
2,1768494679632,425,1019,10198,34208,-39095,1221,0,0,0,400,542,280,451,412,470,645,635,378,533,574,326,0
2,1768494679648,416,1019,10150,70860,-6108,-17104,0,0,0,401,542,279,453,419,473,640,628,377,537,577,328,0
2,1768494679664,430,1052,10088,128281,12217,-25656,0,0,0,408,540,275,454,422,473,629,618,386,547,577,331,0
2,1768494679680,449,1019,10059,180816,26878,-23212,0,0,0,414,541,269,456,424,486,623,605,386,530,554,337,0
2,1768494679696,488,957,10035,217468,36651,-19547,0,0,0,419,541,265,459,426,489,619,593,384,506,529,345,0
2,1768494679712,536,914,10011,223576,29321,-20769,0,0,0,425,542,268,460,431,485,611,577,383,492,510,355,0
2,1768494679728,574,899,10007,224798,18325,-29321,0,0,0,431,548,271,466,437,494,599,558,372,450,458,374,0
2,1768494679744,593,880,10021,240680,3665,-40317,0,0,0,437,553,268,477,441,500,592,545,365,390,386,398,0
2,1768494679760,607,837,10016,268780,-9773,-52534,0,0,0,449,560,268,481,446,500,587,528,372,373,357,412,0
2,1768494679776,607,784,9997,296880,-24434,-63529,0,0,0,460,565,269,485,458,508,583,516,371,294,267,452,0
2,1768494679792,588,722,10016,321315,-40317,-74525,0,0,0,464,573,266,495,471,515,586,492,365,297,259,466,0
2,1768494679808,588,670,10054,343306,-61086,-75747,0,0,0,476,582,282,497,479,514,573,466,397,435,380,464,0
2,1768494679824,631,631,10107,371406,-81855,-81855,0,0,0,485,583,290,499,490,514,580,463,395,300,239,516,0
2,1768494679840,646,588,10222,415388,-100181,-98960,0,0,0,503,598,282,515,506,529,567,434,391,284,212,541,0
2,1768494679856,670,516,10385,499687,-114842,-122173,0,0,0,510,605,276,522,517,533,565,414,399,283,207,553,0
2,1768494679872,746,445,10638,632856,-139277,-152716,0,0,0,526,608,270,530,528,553,555,401,398,297,213,569,0
2,1768494679888,684,402,11174,875980,-208915,-178372,0,0,0,537,616,256,538,540,561,533,394,395,293,209,585,0
2,1768494679904,574,373,11806,1204626,-265115,-182037,0,0,0,544,624,240,542,554,565,517,387,398,287,200,593,0
2,1768494679920,459,311,12443,1546710,-250454,-172263,0,0,0,549,625,227,550,561,573,504,378,402,294,203,601,0
2,1768494679936,358,263,13256,1949881,-202807,-156381,0,0,0,560,630,223,555,569,578,470,375,405,300,212,609,0
2,1768494679952,373,224,13941,2433687,-160046,-127059,0,0,0,577,640,221,551,578,578,420,371,404,302,215,616,0
2,1768494679968,717,153,14764,2966361,-190589,-107512,0,0,0,574,636,208,554,563,574,369,357,387,309,214,626,0
2,1768494679984,1636,52,16032,3641978,-265115,-169820,0,0,0,577,628,228,542,558,558,319,341,385,305,216,611,0
2,1768494680000,2148,23,17645,4398229,-321315,-359188,0,0,0,572,622,223,537,559,556,290,307,387,293,212,602,0
2,1768494680016,2785,9,19990,5308418,-422718,-582765,0,0,0,568,614,233,537,566,561,265,240,394,293,220,573,0
2,1768494680032,4130,-358,23316,6351776,-682947,-852767,0,0,0,534,601,219,544,558,549,244,163,383,246,171,521,0
2,1768494680048,5977,-1426,27480,7413460,-902858,-1196074,0,0,0,498,588,202,508,526,525,241,164,361,238,166,496,0
2,1768494680064,6546,-1383,30662,8218580,-828333,-1532050,0,0,0,440,547,170,476,490,474,262,174,336,247,159,460,0
2,1768494680080,4647,933,33337,8663290,-758694,-1820378,0,0,0,352,501,164,414,425,416,282,201,308,208,138,369,0
2,1768494680096,5111,4718,33634,8629082,-1045801,-1953547,0,0,0,271,454,169,372,394,385,303,243,294,161,133,252,0
2,1768494680112,9490,13883,25656,7749436,-1317025,-2111150,0,0,0,243,435,170,363,389,380,311,266,287,140,135,203,0
2,1768494680128,9897,21799,13280,5605299,-1112996,-2274862,0,0,0,248,434,169,360,385,375,308,272,275,140,136,199,0
2,1768494680144,7006,24972,7575,1904677,-845437,-1847256,0,0,0,248,432,168,355,382,366,307,278,265,141,139,190,0
2,1768494680160,3517,20042,9346,-2334726,-799011,-481361,0,0,0,244,430,168,353,382,361,306,286,260,138,143,180,0
2,1768494680176,4838,12012,8298,-4015828,-977384,853989,0,0,0,244,428,166,348,377,357,302,293,254,133,144,172,0
2,1768494680192,7475,7518,5254,-4311486,-687834,1398881,0,0,0,243,427,162,345,375,352,300,302,249,128,145,161,0
2,1768494680208,7422,6666,4776,-4482529,210137,1181413,0,0,0,239,425,161,341,380,350,296,313,244,125,151,155,0
2,1768494680224,5427,6508,6695,-4988325,831998,883311,0,0,0,238,421,154,340,380,343,294,319,236,126,152,151,0
2,1768494680240,3910,5642,8868,-5585751,993266,687834,0,0,0,236,421,154,339,374,343,298,332,242,131,157,150,0
2,1768494680256,3914,4288,9901,-5887519,1104444,551000,0,0,0,235,422,160,335,373,350,296,341,244,118,152,144,0
2,1768494680272,3426,3508,11146,-6034126,1375668,442266,0,0,0,234,423,160,335,374,347,293,341,239,130,162,144,0
2,1768494680288,2297,3182,13003,-6181956,1620014,428827,0,0,0,230,421,158,338,379,349,293,342,242,128,166,138,0
2,1768494680304,1521,2809,15171,-6351776,1748296,503352,0,0,0,233,423,162,332,382,346,295,346,241,128,170,141,0
2,1768494680320,1220,2512,17362,-6493497,1871691,576656,0,0,0,236,424,165,333,375,347,294,349,241,128,170,140,0
2,1768494680336,1167,2311,19593,-6644992,2021963,615752,0,0,0,238,424,164,337,375,351,293,350,242,125,168,140,0
2,1768494680352,1072,2091,22617,-6839247,2145358,700051,0,0,0,236,422,164,337,375,354,293,346,246,135,169,144,0
2,1768494680368,1249,1842,26527,-7042054,2179567,912632,0,0,0,236,423,164,336,371,352,294,341,248,138,165,146,0
2,1768494680384,1861,38,30748,-7238753,2136806,1320690,0,0,0,239,424,163,337,368,352,300,340,252,132,159,147,0
2,1768494680400,2100,-5010,34108,-7303504,2123367,1742187,0,0,0,238,423,161,343,370,358,307,338,260,132,157,150,0
2,1768494680416,1344,-14237,35237,-7023728,2059837,1874134,0,0,0,235,423,157,350,376,360,315,336,265,132,156,149,0
2,1768494680432,1603,-27054,30653,-6128200,1580919,1370781,0,0,0,238,425,161,354,379,364,320,337,266,135,158,150,0
2,1768494680448,1799,-38008,21871,-4682892,1255938,415388,0,0,0,240,429,166,355,378,365,322,341,267,131,153,150,0
2,1768494680464,-4010,-43239,14515,-2692693,1386664,-834441,0,0,0,240,429,164,355,385,366,326,344,269,134,157,152,0
2,1768494680480,-11859,-44302,12859,-890641,1060462,-1629788,0,0,0,223,411,162,341,359,362,351,437,263,147,205,164,0
2,1768494680496,-14582,-40779,17784,836885,-349414,-1527163,0,0,0,234,355,151,325,309,344,395,474,242,291,405,132,0
2,1768494680512,-8767,-20392,23067,3522248,-3522248,-514348,0,0,0,243,347,148,314,292,344,457,475,260,219,370,135,0
2,1768494680528,14,3555,18238,6001140,-5564982,574213,0,0,0,255,350,154,328,290,359,469,500,264,323,428,137,0
2,1768494680544,-124,4460,17367,6467841,-3075095,1276708,0,0,0,260,363,160,349,296,376,493,514,265,388,462,146,0
2,1768494680560,-4642,-1172,21976,5530773,-383623,1103222,0,0,0,264,378,169,366,302,387,532,538,268,427,486,158,0
2,1768494680576,-4211,-2914,22742,3770260,279776,20769,0,0,0,266,397,183,375,315,402,564,568,288,475,512,191,0
2,1768494680592,1196,14,15549,2323731,-310319,-288328,0,0,0,272,429,199,390,337,424,586,588,316,505,527,234,0
2,1768494680608,2718,1110,10327,1292590,-493579,54977,0,0,0,290,465,210,412,365,442,605,606,333,527,549,265,0
2,1768494680624,703,28,10045,574213,-360410,313984,0,0,0,311,489,222,420,389,456,627,628,344,558,575,298,0
2,1768494680640,-19,67,10830,140499,-305432,98960,0,0,0,337,508,236,430,390,473,632,631,353,554,578,326,0
2,1768494680656,430,775,10490,7330,-273667,-37873,0,0,0,362,510,239,431,396,460,644,639,345,565,587,327,0
2,1768494680672,727,1081,10093,13439,-199142,-15882,0,0,0,373,516,257,439,405,459,632,632,341,577,590,336,0
2,1768494680688,655,1014,10107,21991,-113620,12217,0,0,0,382,518,254,443,400,457,633,632,341,577,589,337,0
2,1768494680704,564,971,10165,29321,-53756,-2443,0,0,0,378,524,254,448,401,457,632,632,332,572,588,330,0
2,1768494680720,574,990,10126,43982,-14660,-19547,0,0,0,381,521,256,439,402,457,632,633,336,575,589,335,0
2,1768494680736,617,1024,10045,64751,17104,-26878,0,0,0,374,515,248,441,399,458,626,627,329,572,588,331,0
2,1768494680752,636,1000,10011,80634,32986,-26878,0,0,0,368,512,242,442,398,462,619,619,333,549,574,333,0
2,1768494680768,650,971,10002,86742,37873,-26878,0,0,0,363,511,241,440,398,465,612,615,336,550,572,334,0
2,1768494680784,674,976,9992,95294,34208,-31764,0,0,0,363,510,245,442,402,469,610,613,342,549,569,334,0
2,1768494680800,713,1000,9973,124616,26878,-32986,0,0,0,370,511,250,445,406,470,606,605,349,538,558,335,0
2,1768494680816,756,1000,9949,163711,13439,-36651,0,0,0,379,513,255,442,405,464,602,592,349,538,547,337,0
2,1768494680832,770,952,9944,195476,-3665,-41538,0,0,0,387,518,258,442,406,463,606,578,352,528,527,347,0
2,1768494680848,760,894,9944,206472,-24434,-46425,0,0,0,393,530,256,454,413,470,611,564,355,500,498,359,0
2,1768494680864,746,871,9935,204028,-48869,-48869,0,0,0,407,537,256,472,418,478,594,544,368,467,457,374,0
2,1768494680880,756,866,9959,222354,-67195,-50090,0,0,0,424,544,263,483,423,481,549,506,404,390,378,407,0
2,1768494680896,756,832,9997,256563,-78190,-52534,0,0,0,435,546,257,484,446,490,603,542,386,300,289,455,0
2,1768494680912,737,784,10035,293215,-81855,-57421,0,0,0,461,561,277,495,453,493,604,523,388,341,306,472,0
2,1768494680928,760,741,10102,339641,-74525,-63529,0,0,0,473,570,272,503,472,514,607,501,404,309,251,509,0
2,1768494680944,823,708,10222,412944,-69638,-80634,0,0,0,490,585,276,502,489,524,597,466,400,365,307,529,0
2,1768494680960,856,646,10375,515570,-69638,-108734,0,0,0,505,602,282,512,506,548,598,448,406,299,228,556,0
2,1768494680976,918,574,10643,625526,-76969,-144164,0,0,0,515,609,268,528,522,564,583,423,400,292,215,573,0
2,1768494680992,1038,464,11170,831998,-103847,-191811,0,0,0,525,617,247,542,535,572,569,402,398,298,213,589,0
2,1768494681008,1009,363,11998,1244943,-155159,-234572,0,0,0,533,613,227,548,544,573,548,395,404,300,211,597,0
2,1768494681024,646,454,13065,1756848,-172263,-235793,0,0,0,545,612,221,546,547,570,520,392,410,303,212,601,0
2,1768494681040,492,540,13979,2229658,-94073,-189368,0,0,0,559,616,226,555,561,575,483,383,406,303,210,613,0
2,1768494681056,875,363,14635,2691472,-54977,-157603,0,0,0,564,610,219,566,574,585,438,372,403,304,208,626,0
2,1768494681072,1665,143,15352,3369532,-89186,-210137,0,0,0,567,608,215,554,562,575,392,362,401,304,213,628,0
2,1768494681088,1765,201,16377,4059810,-125838,-345749,0,0,0,576,611,224,536,555,552,338,336,397,295,210,624,0
2,1768494681104,2201,191,18200,4862487,-133168,-493579,0,0,0,567,612,220,531,545,553,302,293,410,287,203,607,0
2,1768494681120,3651,177,21296,5875301,-237015,-722042,0,0,0,551,606,215,544,558,557,273,209,414,259,176,556,0
2,1768494681136,4891,-512,25068,6896668,-464257,-983493,0,0,0,501,582,191,540,534,540,267,169,398,241,160,499,0
2,1768494681152,5905,-1928,28863,7814188,-509461,-1232726,0,0,0,462,552,185,502,505,512,262,170,369,241,160,479,0
2,1768494681168,4388,-521,31198,8383514,-179594,-1466076,0,0,0,407,518,169,454,457,456,275,186,330,227,150,436,0
2,1768494681184,3273,2273,32404,8565552,-186924,-1605353,0,0,0,288,457,164,387,396,401,301,228,301,175,139,288,0
2,1768494681200,6235,6748,29729,8221024,-530231,-1732413,0,0,0,252,434,171,370,376,388,320,261,292,150,137,216,0
2,1768494681216,9576,15328,17702,6855129,-593761,-2108706,0,0,0,252,431,175,366,371,383,320,275,288,147,137,200,0
2,1768494681232,8796,20521,8781,4475198,-547335,-2288301,0,0,0,254,429,172,360,369,372,312,281,274,143,138,190,0
2,1768494681248,4737,20301,8719,393397,-691499,-1635897,0,0,0,252,425,167,354,370,365,307,286,264,140,140,185,0
2,1768494681264,2550,14989,9705,-3071430,-1174082,-599869,0,0,0,248,423,165,349,372,363,302,291,259,137,142,179,0
2,1768494681280,4737,7982,6929,-4291939,-1574810,140499,0,0,0,244,421,163,344,375,354,299,301,251,135,146,167,0
2,1768494681296,7284,5589,3589,-4002389,-937067,97738,0,0,0,242,419,159,341,374,349,298,314,243,135,154,161,0
2,1768494681312,6738,5575,3225,-3935193,188146,-102625,0,0,0,243,420,156,344,374,348,295,325,235,136,159,154,0
2,1768494681328,3838,6245,5661,-4332256,835663,-111177,0,0,0,241,420,155,340,375,344,292,331,234,130,159,149,0
2,1768494681344,2804,5623,7413,-4806287,835663,119729,0,0,0,244,421,157,339,370,342,294,336,235,129,159,152,0
2,1768494681360,3182,4737,8289,-5137376,917519,320093,0,0,0,235,420,153,339,368,349,295,350,240,126,157,142,0
2,1768494681376,2885,4426,9605,-5414709,1252273,425162,0,0,0,238,420,159,340,374,349,295,341,240,127,163,144,0
2,1768494681392,1957,4254,11471,-5756794,1505171,560774,0,0,0,236,417,155,341,373,346,294,344,238,130,165,143,0
2,1768494681408,1483,3737,13366,-6086661,1571145,741590,0,0,0,236,418,156,340,368,345,298,353,240,128,165,138,0
2,1768494681424,1818,3048,15180,-6282138,1638340,833220,0,0,0,236,419,159,339,368,344,300,356,239,128,165,136,0
2,1768494681440,2091,2440,17406,-6451958,1776396,803898,0,0,0,236,421,160,340,369,346,301,358,240,129,166,137,0
2,1768494681456,2206,1799,20172,-6627887,1927890,708603,0,0,0,234,420,160,341,371,349,300,357,241,131,166,140,0
2,1768494681472,2301,1206,23378,-6781825,2056172,731816,0,0,0,233,418,158,340,368,348,299,353,238,130,162,139,0
2,1768494681488,2153,234,27279,-6908885,2140471,1086118,0,0,0,234,418,158,340,365,350,299,349,240,128,158,139,0
2,1768494681504,1852,-3531,30480,-6902777,2155132,1849699,0,0,0,233,419,159,334,377,352,302,348,248,130,158,144,0
2,1768494681520,1062,-11452,32658,-6646213,2124589,2539977,0,0,0,233,420,159,325,389,347,309,347,255,130,157,147,0
2,1768494681536,1296,-22646,30964,-6002361,1612684,2450791,0,0,0,236,426,161,346,369,354,310,344,256,129,153,144,0
2,1768494681552,3149,-32256,25163,-5006651,1081231,1759291,0,0,0,238,430,163,350,368,357,316,344,259,127,150,143,0
2,1768494681568,2182,-39066,16616,-3220481,1104444,357967,0,0,0,242,429,162,351,369,362,315,336,261,131,157,146,0
2,1768494681584,-5857,-41167,13653,-1276708,1255938,-825889,0,0,0,240,425,162,352,372,363,311,336,258,131,157,146,0
2,1768494681600,-11203,-40655,14635,200363,608421,-1214400,0,0,0,237,386,155,337,339,349,391,441,252,146,243,127,0
2,1768494681616,-11170,-31811,21636,2057394,-1312138,-834441,0,0,0,242,341,146,313,296,332,442,463,255,182,324,125,0
2,1768494681632,-2976,-5561,19645,4583932,-4118453,-13439,0,0,0,246,343,150,317,284,344,432,498,262,330,439,136,0
2,1768494681648,2747,8088,14553,6172182,-4301713,737925,0,0,0,259,352,161,333,285,366,468,513,271,374,462,150,0
2,1768494681664,-1057,1976,18253,5914397,-1352455,1237612,0,0,0,263,363,160,360,291,383,514,530,271,385,471,158,0
2,1768494681680,-4982,-3177,22986,4668232,134390,786794,0,0,0,268,389,170,378,307,396,550,554,285,409,488,177,0
2,1768494681696,-1981,-1641,19851,2913827,-414166,-254119,0,0,0,268,425,178,396,338,414,578,581,303,474,529,221,0
2,1768494681712,1478,368,13472,1615127,-546113,-249233,0,0,0,267,464,187,417,375,436,602,604,319,545,574,277,0
2,1768494681728,1856,392,10346,598647,-279776,0,0,0,0,296,495,212,434,398,455,620,618,340,550,580,317,0
2,1768494681744,555,9,10246,45204,-124616,130725,0,0,0,346,507,228,449,407,469,625,623,346,506,551,336,0
2,1768494681760,287,521,10461,29321,-260228,32986,0,0,0,373,513,232,458,411,471,620,620,338,477,526,349,0
2,1768494681776,473,894,10251,40317,-259006,-12217,0,0,0,382,516,240,454,408,468,629,628,343,490,540,358,0
2,1768494681792,550,933,10141,14660,-136833,-1221,0,0,0,388,520,243,455,416,474,621,621,338,479,533,358,0
2,1768494681808,540,938,10136,13439,-48869,1221,0,0,0,389,520,245,459,418,470,631,631,341,477,533,359,0
2,1768494681824,512,947,10145,41538,-19547,-9773,0,0,0,388,518,251,455,413,467,620,620,339,479,529,353,0
2,1768494681840,512,957,10107,68416,0,-17104,0,0,0,393,519,255,456,418,466,620,619,341,493,536,348,0
2,1768494681856,526,961,10059,95294,26878,-20769,0,0,0,389,523,243,454,442,461,618,617,348,470,512,349,0
2,1768494681872,555,976,10016,135612,35430,-20769,0,0,0,397,524,244,460,430,468,618,611,343,488,522,353,0
2,1768494681888,588,966,10002,179594,28099,-19547,0,0,0,400,523,243,465,418,469,616,602,337,495,524,352,0
2,1768494681904,636,909,10002,217468,12217,-20769,0,0,0,401,529,246,466,417,465,611,587,333,480,501,355,0
2,1768494681920,646,842,9983,217468,1221,-26878,0,0,0,408,535,252,468,418,468,608,572,341,471,483,363,0
2,1768494681936,655,804,9973,205250,-6108,-37873,0,0,0,411,534,253,471,422,475,606,569,354,405,415,386,0
2,1768494681952,674,789,9968,200363,-15882,-47647,0,0,0,410,534,254,474,425,480,605,569,358,292,299,423,0
2,1768494681968,684,784,9978,212581,-31764,-58643,0,0,0,423,538,255,483,434,484,606,557,358,294,287,437,0
2,1768494681984,665,780,10011,238237,-48869,-67195,0,0,0,431,539,248,493,455,494,607,540,364,292,271,452,0
2,1768494682000,636,741,10050,268780,-54977,-67195,0,0,0,443,547,252,487,461,494,613,523,377,286,248,478,0
2,1768494682016,650,684,10078,296880,-51312,-64751,0,0,0,460,551,261,487,466,498,623,506,386,275,227,486,0
2,1768494682032,703,626,10117,332310,-35430,-74525,0,0,0,476,562,273,497,470,504,624,486,397,267,206,522,0
2,1768494682048,756,579,10189,378736,-21991,-96516,0,0,0,486,571,273,503,476,529,624,450,398,268,200,540,0
2,1768494682064,765,555,10323,456927,-19547,-123394,0,0,0,502,584,282,512,493,539,611,428,404,280,198,562,0
2,1768494682080,832,492,10500,575435,-18325,-145385,0,0,0,512,588,277,527,521,548,609,414,431,279,196,578,0
2,1768494682096,1000,425,10988,756251,-6108,-185703,0,0,0,528,602,267,553,532,565,589,399,440,317,223,594,0
2,1768494682112,1105,373,11868,1081231,43982,-248011,0,0,0,539,615,242,574,540,580,564,390,428,343,238,609,0
2,1768494682128,942,354,12787,1577254,138055,-302989,0,0,0,543,612,222,575,554,582,539,382,422,327,229,610,0
2,1768494682144,612,335,13543,2086715,161268,-295658,0,0,0,549,606,217,577,567,583,507,372,421,312,216,611,0
2,1768494682160,684,272,14309,2681698,90408,-213802,0,0,0,556,603,216,578,569,592,466,361,435,310,211,622,0
2,1768494682176,1320,234,15137,3240029,7330,-186924,0,0,0,562,600,216,564,565,601,414,351,450,302,219,633,0
2,1768494682192,2297,167,16295,3980397,-86742,-313984,0,0,0,575,601,220,567,576,586,359,334,423,298,232,634,0
2,1768494682208,2392,205,17827,4751309,-135612,-522900,0,0,0,569,601,209,587,594,535,310,281,421,291,236,621,0
2,1768494682224,2890,-14,20296,5654168,-166155,-696386,0,0,0,559,607,210,553,572,566,284,218,426,267,178,581,0
2,1768494682240,5053,-1000,24264,6789156,-146607,-907745,0,0,0,508,581,198,555,556,547,277,160,411,251,169,509,0
2,1768494682256,6063,-1488,28485,7678576,-97738,-1213178,0,0,0,477,558,176,521,523,521,268,162,383,248,162,474,0
2,1768494682272,5742,-1091,31423,8404283,-73303,-1527163,0,0,0,416,526,154,473,472,464,266,165,333,237,162,438,0
2,1768494682288,4977,71,33337,8808676,-41538,-1781283,0,0,0,332,478,159,409,410,418,290,198,313,201,141,359,0
2,1768494682304,6250,5384,32438,8635191,-25656,-2003637,0,0,0,263,442,166,377,380,397,317,246,300,159,134,245,0
2,1768494682320,8111,15721,23833,7765318,-47647,-2379930,0,0,0,248,429,170,367,374,388,322,271,293,144,136,201,0
2,1768494682336,7121,22000,13065,5701816,-300545,-2662150,0,0,0,254,429,170,363,376,376,314,280,280,142,139,191,0
2,1768494682352,4771,24565,8269,2097711,-647517,-2366491,0,0,0,253,428,167,356,377,365,310,285,267,142,140,186,0
2,1768494682368,2909,19573,9083,-2251649,-1075122,-1248608,0,0,0,247,424,165,348,374,361,310,292,261,141,143,183,0
2,1768494682384,3766,12084,8284,-4503298,-1412320,-278554,0,0,0,244,422,164,345,371,360,308,299,257,138,146,176,0
2,1768494682400,7303,6188,4340,-4575380,-1205847,89186,0,0,0,241,421,161,345,371,355,305,304,249,135,150,166,0
2,1768494682416,7848,6073,3594,-4489859,-162490,-157603,0,0,0,240,420,157,343,378,347,305,314,241,142,155,161,0
2,1768494682432,5824,6365,5604,-4938234,733038,-315206,0,0,0,250,416,154,319,402,318,307,323,236,155,153,151,0
2,1768494682448,4139,5384,7853,-5455026,968832,-210137,0,0,0,240,418,154,345,369,342,301,338,237,135,155,150,0
2,1768494682464,3996,4144,8963,-5710368,1086118,-47647,0,0,0,240,418,157,339,374,343,298,340,236,132,160,150,0
2,1768494682480,4268,3374,9863,-5805663,1374446,95294,0,0,0,236,420,158,339,374,344,297,343,235,150,177,144,0
2,1768494682496,3622,3321,11715,-5968153,1707979,268780,0,0,0,233,417,156,338,372,341,296,345,236,140,176,144,0
2,1768494682512,3062,3297,13955,-6212499,1897347,525344,0,0,0,236,418,158,340,373,347,296,348,238,134,174,141,0
2,1768494682528,3306,3105,16276,-6506936,1992642,812450,0,0,0,238,417,160,339,368,346,296,350,238,131,169,139,0
2,1768494682544,3871,2723,18970,-6787934,2196671,1004262,0,0,0,240,417,159,339,363,344,298,351,240,131,165,142,0
2,1768494682560,3991,2254,22340,-7011511,2442239,1169196,0,0,0,242,418,159,340,362,344,299,350,240,133,163,142,0
2,1768494682576,3665,1665,27092,-7186218,2637716,1463633,0,0,0,244,418,161,344,361,346,301,347,242,134,161,143,0
2,1768494682592,2976,-234,31457,-7327939,2706133,2067167,0,0,0,245,417,161,349,360,352,306,345,251,135,160,147,0
2,1768494682608,1134,-6288,35601,-7380473,2807536,2889392,0,0,0,243,419,160,349,361,356,313,342,259,131,156,144,0
2,1768494682624,-1770,-17066,37003,-7011511,2448347,3207042,0,0,0,243,424,163,350,364,357,319,337,263,126,151,142,0
2,1768494682640,-378,-31543,32974,-6106208,1284038,2877175,0,0,0,244,428,163,356,369,363,322,337,266,130,152,147,0
2,1768494682656,5905,-45905,20813,-4282165,392175,1235169,0,0,0,239,424,161,359,373,367,323,344,269,130,155,150,0
2,1768494682672,-62,-50710,13132,-1970651,1219287,-1166752,0,0,0,242,423,161,358,372,368,323,349,269,137,165,152,0
2,1768494682688,-13012,-48547,13539,57421,1309695,-2425134,0,0,0,242,414,159,354,357,359,334,385,253,133,170,139,0
2,1768494682704,-15970,-39545,17946,1754404,-249233,-1897347,0,0,0,246,366,153,341,323,346,400,452,250,178,331,131,0
2,1768494682720,-3187,-8762,23919,3601661,-3064100,-390953,0,0,0,248,340,149,327,292,342,460,471,257,198,360,123,0
2,1768494682736,6135,16645,17626,4934569,-4998099,1050688,0,0,0,264,338,157,339,276,363,486,517,263,347,455,134,0
2,1768494682752,-344,6647,14797,5921727,-2946813,1784948,0,0,0,270,356,162,360,282,382,525,553,268,457,513,145,0
2,1768494682768,-7997,-5068,22756,5597969,-557109,1269377,0,0,0,272,389,176,379,304,402,561,582,289,500,540,167,0
2,1768494682784,-3321,-3431,22660,3567452,-353080,-8552,0,0,0,274,428,192,390,332,417,602,610,316,525,554,202,0
2,1768494682800,1933,330,15577,1676214,-511905,-307876,0,0,0,293,465,204,406,363,433,627,627,331,538,565,248,0
2,1768494682816,2086,1167,9212,448375,-365297,102625,0,0,0,331,494,214,425,388,447,636,635,337,539,574,286,0
2,1768494682832,497,277,9806,224798,-156381,127059,0,0,0,365,508,225,431,407,447,641,641,346,540,577,304,0
2,1768494682848,320,392,10629,155159,-102625,15882,0,0,0,387,515,236,433,416,442,644,643,355,545,580,315,0
2,1768494682864,804,1024,10356,116064,-116064,-26878,0,0,0,406,517,240,442,404,440,649,643,350,545,584,324,0
2,1768494682880,866,1172,10016,102625,-90408,-6108,0,0,0,406,525,238,443,408,446,650,634,380,540,580,319,0
2,1768494682896,722,1067,10002,134390,-65973,0,0,0,0,421,528,241,449,414,451,654,623,377,547,587,331,0
2,1768494682912,641,1043,10131,196698,-52534,-14660,0,0,0,431,537,248,448,427,458,638,618,344,496,534,352,0
2,1768494682928,650,1052,10165,260228,-13439,-26878,0,0,0,429,539,246,449,421,454,635,599,375,367,395,382,0
2,1768494682944,703,1000,10093,310319,34208,-34208,0,0,0,434,540,243,456,424,463,629,581,385,308,323,401,0
2,1768494682960,727,890,9992,332310,62308,-41538,0,0,0,435,541,246,464,435,481,619,553,358,429,432,383,0
2,1768494682976,765,832,9949,326202,68416,-51312,0,0,0,437,551,255,473,443,480,607,549,357,341,331,411,0
2,1768494682992,808,827,9959,312763,52534,-59864,0,0,0,443,555,251,477,451,484,594,534,360,288,263,432,0
2,1768494683008,856,784,9973,307876,10995,-67195,0,0,0,455,555,248,472,448,480,590,518,366,284,245,444,0
2,1768494683024,890,703,9968,298102,-32986,-75747,0,0,0,466,559,254,472,446,479,593,506,374,281,231,457,0
2,1768494683040,861,655,9983,294437,-73303,-89186,0,0,0,472,567,258,479,464,487,595,492,384,284,227,472,0
2,1768494683056,794,636,10021,305432,-91629,-100181,0,0,0,479,575,260,486,485,495,594,471,395,335,273,481,0
2,1768494683072,727,607,10093,335975,-79412,-101403,0,0,0,490,581,265,498,493,506,593,440,392,422,354,485,0
2,1768494683088,746,559,10217,395840,-61086,-98960,0,0,0,498,588,259,501,518,506,596,430,398,396,313,509,0
2,1768494683104,847,488,10351,500909,-53756,-102625,0,0,0,513,594,254,505,512,506,600,415,432,386,308,528,0
2,1768494683120,909,373,10480,634078,-43982,-122173,0,0,0,529,609,259,521,514,526,581,397,419,386,303,563,0
2,1768494683136,875,320,10782,795346,-6108,-144164,0,0,0,534,610,237,539,536,543,581,384,418,388,291,566,0
2,1768494683152,918,258,11155,1001818,51312,-162490,0,0,0,538,611,232,546,540,569,553,374,431,388,295,597,0
2,1768494683168,1024,157,11773,1290147,125838,-193033,0,0,0,553,614,235,552,544,568,530,369,437,377,295,608,0
2,1768494683184,990,129,12658,1616349,173485,-221133,0,0,0,559,616,228,550,551,564,491,357,446,379,293,622,0
2,1768494683200,804,129,13486,2086715,183259,-215024,0,0,0,565,614,236,551,557,565,446,353,442,382,293,622,0
2,1768494683216,770,57,14036,2599842,173485,-172263,0,0,0,570,613,233,552,563,568,404,348,431,371,293,625,0
2,1768494683232,1330,-52,14869,3185051,135612,-138055,0,0,0,577,613,223,544,556,562,354,338,423,348,296,629,0
2,1768494683248,2335,-134,16271,3870442,41538,-237015,0,0,0,584,616,220,529,545,552,305,310,420,324,286,627,0
2,1768494683264,3000,-181,17937,4691445,-29321,-450818,0,0,0,587,618,224,519,546,551,279,253,427,304,249,613,0
2,1768494683280,3153,-129,20387,5706703,-37873,-697608,0,0,0,570,606,225,521,544,549,280,207,432,285,206,566,0
2,1768494683296,5029,-1229,24087,6861238,-57421,-900415,0,0,0,525,582,204,512,538,530,287,206,414,270,185,511,0
2,1768494683312,7059,-2646,28274,7779979,7330,-1185078,0,0,0,486,562,190,493,505,508,261,164,392,265,187,487,0
2,1768494683328,5934,-1746,31787,8244237,3665,-1534493,0,0,0,405,522,164,454,459,460,264,169,334,257,181,438,0
2,1768494683344,4489,1067,33763,8504465,-133168,-1810604,0,0,0,315,467,160,393,399,417,285,190,316,228,181,358,0
2,1768494683360,5881,5029,32002,8564330,-158824,-1960877,0,0,0,259,432,165,367,366,388,314,230,297,199,195,220,0
2,1768494683376,6977,13318,22359,7825183,-125838,-2309070,0,0,0,247,431,168,361,361,387,315,241,299,196,207,202,0
2,1768494683392,5771,19626,12955,5628512,-700051,-2575407,0,0,0,252,429,170,358,362,377,317,250,283,173,169,194,0
2,1768494683408,5044,20516,9830,1308473,-1345125,-2212553,0,0,0,250,428,163,357,364,375,315,256,264,169,166,190,0
2,1768494683424,4450,16506,9164,-2335948,-1475850,-1615127,0,0,0,252,425,162,355,367,370,314,265,253,174,177,183,0
2,1768494683440,4192,10054,7178,-4101349,-1484402,-1067792,0,0,0,250,423,163,341,379,357,313,282,247,173,186,174,0
2,1768494683456,5628,6800,4053,-4063475,-1406211,-790459,0,0,0,243,423,160,335,378,349,312,294,243,169,191,166,0
2,1768494683472,7169,6006,2684,-4042706,-895528,-596204,0,0,0,240,421,159,344,366,351,309,300,241,168,195,162,0
2,1768494683488,7312,6417,3756,-4405560,-87964,-390953,0,0,0,238,420,158,343,368,350,306,307,239,170,205,163,0
2,1768494683504,6427,6345,5943,-5071403,549778,-41538,0,0,0,240,420,158,331,376,341,304,312,235,173,210,161,0
2,1768494683520,5886,5360,7872,-5673716,949284,368962,0,0,0,244,420,158,303,397,319,305,317,232,174,213,157,0
2,1768494683536,5723,3761,9246,-5936388,1247386,722042,0,0,0,244,421,160,342,362,343,303,319,231,171,215,151,0
2,1768494683552,5355,2790,10567,-5982814,1519832,940732,0,0,0,244,420,159,340,361,342,304,326,235,168,215,147,0
2,1768494683568,4809,2569,12304,-6035348,1729970,1077566,0,0,0,244,420,159,331,372,337,306,326,235,168,217,143,0
2,1768494683584,4570,2814,14812,-6324898,1891238,1170417,0,0,0,243,419,161,341,358,343,306,326,235,168,215,143,0
2,1768494683600,4532,2895,17516,-6714630,2086715,1182635,0,0,0,243,419,161,342,354,342,310,331,238,165,216,139,0
2,1768494683616,4101,2402,20861,-7104362,2354274,1108109,0,0,0,240,419,157,342,353,342,309,329,238,167,216,142,0
2,1768494683632,3220,1273,24943,-7268074,2550973,1066570,0,0,0,241,419,158,343,351,343,305,323,239,168,212,141,0
2,1768494683648,2096,81,29360,-7314500,2656042,1237612,0,0,0,240,419,159,344,351,346,309,322,241,170,209,144,0
2,1768494683664,-172,-3618,34012,-7329161,2653598,1864360,0,0,0,242,421,161,345,352,353,313,321,247,169,205,147,0
2,1768494683680,-2541,-11213,37252,-7246083,2436130,2535090,0,0,0,244,424,163,346,352,356,313,319,255,167,202,144,0
2,1768494683696,-579,-24972,35491,-6692639,1450194,2657263,0,0,0,243,425,162,348,356,358,313,321,263,169,203,145,0
2,1768494683712,4972,-38142,27389,-5553986,648738,1835039,0,0,0,241,424,163,352,361,367,315,323,273,174,206,156,0
2,1768494683728,4139,-47370,15161,-3354871,1171639,-244346,0,0,0,243,425,167,357,365,376,317,326,280,175,207,161,0
2,1768494683744,-12151,-46800,13883,-1106887,1560149,-1488067,0,0,0,241,426,166,352,364,368,318,339,277,171,212,149,0
2,1768494683760,-18712,-43321,15716,647517,265115,-1328021,0,0,0,235,415,156,345,355,360,337,416,263,179,258,144,0
2,1768494683776,-9882,-32572,19167,2333505,-1561371,-686612,0,0,0,248,355,149,333,308,344,406,480,242,281,417,129,0
2,1768494683792,1363,2775,22234,3803246,-3111747,-379958,0,0,0,240,328,150,309,282,349,415,496,250,327,446,129,0
2,1768494683808,4919,19904,15553,5087285,-3760486,-43982,0,0,0,261,338,167,321,266,368,462,529,258,386,487,146,0
2,1768494683824,478,5412,14156,6370102,-2210110,412944,0,0,0,269,361,164,356,286,385,528,552,274,424,501,156,0
2,1768494683840,-2211,-5527,23010,5437922,-752585,425162,0,0,0,272,392,175,372,310,396,567,575,291,470,521,173,0
2,1768494683856,-531,-3378,21885,3505144,-591317,207694,0,0,0,277,422,197,391,330,418,591,593,312,472,525,220,0
2,1768494683872,1296,717,13768,1902234,-653625,244346,0,0,0,293,454,216,412,359,444,613,613,332,494,547,282,0
2,1768494683888,1186,191,10294,992045,-515570,306654,0,0,0,323,483,227,430,389,460,634,634,342,531,579,325,0
2,1768494683904,492,-631,10701,412944,-326202,171042,0,0,0,354,498,232,441,405,469,648,646,347,548,588,339,0
2,1768494683920,526,210,10705,100181,-201585,17104,0,0,0,372,504,236,444,415,474,654,650,351,560,591,348,0
2,1768494683936,851,966,10078,72082,-153938,-7330,0,0,0,383,509,238,452,426,479,659,652,354,552,598,365,0
2,1768494683952,842,746,10026,97738,-107512,10995,0,0,0,402,515,248,446,423,475,662,651,367,544,591,370,0
2,1768494683968,784,607,10141,123394,-74525,3665,0,0,0,413,524,253,457,427,479,656,640,367,543,582,372,0
2,1768494683984,746,670,10193,173485,-61086,-12217,0,0,0,422,531,252,467,426,477,650,615,356,540,566,378,0
2,1768494684000,760,717,10155,251676,-41538,-18325,0,0,0,431,536,249,474,432,480,636,610,363,455,465,404,0
2,1768494684016,808,641,10126,318871,-23212,-24434,0,0,0,435,537,253,468,433,481,626,592,366,386,387,429,0
2,1768494684032,813,526,10078,362853,-24434,-42760,0,0,0,437,543,255,468,429,487,617,569,367,341,324,453,0
2,1768494684048,780,449,10035,379958,-32986,-61086,0,0,0,441,545,247,475,436,486,606,555,371,314,288,465,0
2,1768494684064,751,416,10007,370184,-40317,-72082,0,0,0,447,548,243,477,448,488,598,536,374,323,288,472,0
2,1768494684080,780,378,10016,343306,-45204,-76969,0,0,0,456,554,247,483,457,493,592,518,376,312,264,482,0
2,1768494684096,818,330,10031,326202,-62308,-80634,0,0,0,466,561,248,489,462,498,592,499,378,360,309,489,0
2,1768494684112,804,272,10026,327423,-97738,-87964,0,0,0,476,569,258,498,468,508,594,485,381,354,296,503,0
2,1768494684128,737,220,10026,335975,-123394,-91629,0,0,0,487,574,264,503,474,514,588,475,384,289,217,525,0
2,1768494684144,693,191,10102,356745,-128281,-90408,0,0,0,501,580,258,499,480,513,580,456,384,292,215,540,0
2,1768494684160,717,157,10236,405614,-118507,-90408,0,0,0,515,591,266,502,494,521,580,431,394,294,215,553,0
2,1768494684176,780,62,10342,503352,-125838,-101403,0,0,0,529,602,272,511,505,528,576,413,416,308,211,557,0
2,1768494684192,827,-47,10409,640186,-138055,-122173,0,0,0,529,605,259,527,513,538,557,407,437,382,242,548,0
2,1768494684208,899,-191,10524,797790,-124616,-150272,0,0,0,542,613,230,540,527,542,538,380,434,306,208,591,0
2,1768494684224,885,-287,10854,992045,-89186,-180816,0,0,0,551,618,230,539,526,529,522,370,425,304,208,607,0
2,1768494684240,765,-210,11706,1202182,-23212,-201585,0,0,0,557,618,223,561,543,568,502,354,419,299,204,614,0
2,1768494684256,713,-191,12644,1468520,19547,-207694,0,0,0,564,617,223,551,545,556,483,356,431,329,220,613,0
2,1768494684272,650,-272,13285,1830152,14660,-191811,0,0,0,568,625,229,559,551,568,433,348,420,311,212,613,0
2,1768494684288,588,-325,13831,2366491,2443,-151494,0,0,0,574,621,223,554,547,563,394,341,417,308,210,613,0
2,1768494684304,1119,-397,14730,2948035,-4886,-135612,0,0,0,579,620,220,542,547,560,352,338,413,307,217,618,0
2,1768494684320,2029,-488,16400,3677408,-68416,-250454,0,0,0,584,619,219,529,548,553,308,309,409,306,219,614,0
2,1768494684336,2766,-526,18391,4506963,-171042,-436157,0,0,0,576,610,215,526,553,556,282,252,416,285,200,596,0
2,1768494684352,3838,-674,21172,5551543,-300545,-701273,0,0,0,554,595,206,528,552,557,271,195,414,259,173,557,0
2,1768494684368,5350,-1703,25316,6673091,-386066,-995710,0,0,0,520,579,194,523,533,537,262,162,392,251,163,508,0
2,1768494684384,6618,-2469,29164,7608937,-293215,-1282817,0,0,0,470,558,182,501,508,505,250,163,366,248,165,481,0
2,1768494684400,6795,-2057,31653,8310210,-41538,-1633453,0,0,0,400,523,163,454,471,456,262,176,326,237,161,440,0
2,1768494684416,5982,473,32897,8621751,167377,-2004859,0,0,0,310,466,162,398,406,408,292,209,306,197,138,341,0
2,1768494684432,6302,6015,31184,8395731,144164,-2313957,0,0,0,251,434,178,365,378,393,316,256,298,147,130,213,0
2,1768494684448,6685,14955,20870,7139792,-304210,-2665815,0,0,0,254,432,178,362,377,386,310,264,288,145,132,209,0
2,1768494684464,6403,20803,10256,4721988,-812450,-2735454,0,0,0,258,430,178,359,376,379,304,272,278,143,134,205,0
2,1768494684480,4551,21837,7260,781907,-921184,-2100154,0,0,0,256,431,173,349,376,369,299,281,267,138,136,188,0
2,1768494684496,2273,15740,8748,-2957809,-1078788,-785572,0,0,0,251,427,166,347,373,363,295,284,260,134,138,178,0
2,1768494684512,3201,9040,7130,-4235739,-1428202,205250,0,0,0,245,424,164,345,375,363,297,297,256,135,144,174,0
2,1768494684528,6633,6058,3503,-3982841,-1148426,518013,0,0,0,239,422,164,342,379,360,293,310,250,130,151,165,0
2,1768494684544,7623,6049,2680,-4008497,-249233,453262,0,0,0,236,419,161,342,379,357,289,316,245,131,156,161,0
2,1768494684560,5403,6556,4958,-4547280,658512,353080,0,0,0,238,419,158,341,378,353,290,322,242,131,156,158,0
2,1768494684576,3565,5647,7150,-5021312,878424,437379,0,0,0,241,423,162,337,374,348,287,326,239,126,153,154,0
2,1768494684592,3168,4637,8389,-5301088,983493,521678,0,0,0,241,426,166,334,367,345,283,325,236,125,153,151,0
2,1768494684608,3115,4288,9485,-5539325,1232726,527787,0,0,0,239,424,164,333,366,343,284,327,236,126,158,148,0
2,1768494684624,2244,4178,11409,-5878967,1505171,532674,0,0,0,241,423,166,337,371,347,288,331,239,126,161,147,0
2,1768494684640,1526,3866,13414,-6168517,1624901,585208,0,0,0,240,426,166,336,370,345,293,337,239,128,163,143,0
2,1768494684656,1469,3388,15726,-6420193,1666440,641408,0,0,0,240,419,162,336,368,349,293,340,242,126,164,146,0
2,1768494684672,1732,3029,18190,-6673091,1750739,637743,0,0,0,240,418,161,338,368,349,294,343,245,124,163,140,0
2,1768494684688,2211,2603,21325,-6996850,1905899,597426,0,0,0,242,421,160,340,369,348,295,344,245,129,160,142,0
2,1768494684704,2699,1885,25465,-7279070,2086715,675616,0,0,0,243,421,160,340,364,351,294,339,243,130,159,148,0
2,1768494684720,3015,363,30342,-7445225,2233323,1059240,0,0,0,244,418,163,343,368,355,294,335,249,130,157,150,0
2,1768494684736,3019,-4000,33816,-7408573,2354274,1786169,0,0,0,248,421,166,344,363,356,304,331,258,132,153,150,0
2,1768494684752,1675,-14591,35936,-7023728,2495995,2453234,0,0,0,243,423,159,348,364,362,312,331,262,128,149,145,0
2,1768494684768,550,-27346,34386,-6320011,2052507,2494773,0,0,0,241,423,156,352,369,366,319,333,267,127,149,143,0
2,1768494684784,1445,-40971,24163,-4767192,1220508,1544267,0,0,0,243,423,160,355,375,368,323,334,271,131,151,147,0
2,1768494684800,-1301,-48465,14754,-2751337,1117883,122173,0,0,0,242,418,158,355,370,363,327,352,266,138,159,146,0
2,1768494684816,-8662,-49461,12165,-706160,1073901,-1147204,0,0,0,242,404,153,350,350,352,360,405,257,151,211,137,0
2,1768494684832,-13089,-40607,18875,1418429,-348193,-1389107,0,0,0,246,377,151,336,329,348,423,458,256,175,315,128,0
2,1768494684848,-7834,-14486,22986,3946189,-2955366,-621860,0,0,0,245,347,148,313,297,340,441,463,258,201,352,130,0
2,1768494684864,1923,5867,16649,5891184,-3822794,428827,0,0,0,251,364,154,326,300,360,467,487,267,288,418,146,0
2,1768494684880,2608,4766,16286,6387206,-2151467,1191187,0,0,0,262,370,162,358,300,388,489,519,266,347,453,163,0
2,1768494684896,-3833,-3957,22871,5073846,-149051,1054353,0,0,0,266,390,161,377,314,389,530,547,274,432,489,173,0
2,1768494684912,-2622,-2416,20732,3172834,-331088,195476,0,0,0,267,425,187,374,347,400,576,578,301,448,511,199,0
2,1768494684928,1048,536,14233,1822821,-607200,-67195,0,0,0,267,453,200,408,370,438,597,599,322,494,541,247,0
2,1768494684944,2158,818,9887,934623,-489913,174707,0,0,0,301,491,223,424,397,455,619,619,344,507,561,311,0
2,1768494684960,770,-181,10275,348193,-328645,188146,0,0,0,337,510,232,440,403,462,628,625,343,529,575,332,0
2,1768494684976,248,124,10643,53756,-299323,53756,0,0,0,359,521,243,451,404,471,639,635,345,528,576,341,0
2,1768494684992,579,808,10356,13439,-276111,-14660,0,0,0,366,519,246,460,415,478,648,642,341,535,583,342,0
2,1768494685008,765,971,10136,25656,-195476,-4886,0,0,0,377,520,249,467,419,482,653,646,339,545,588,338,0
2,1768494685024,722,880,10131,40317,-98960,2443,0,0,0,392,524,256,470,419,482,653,645,343,549,588,341,0
2,1768494685040,674,885,10136,69638,-52534,-6108,0,0,0,399,522,258,470,426,483,648,636,348,552,585,351,0
2,1768494685056,674,952,10122,130725,-36651,-18325,0,0,0,406,524,256,475,432,486,645,625,355,543,569,359,0
2,1768494685072,679,933,10107,211359,-12217,-18325,0,0,0,418,528,253,476,434,479,635,614,369,520,537,372,0
2,1768494685088,684,866,10074,262672,6108,-9773,0,0,0,427,531,258,481,440,487,629,592,377,507,520,379,0
2,1768494685104,722,784,10040,277332,19547,-9773,0,0,0,429,535,261,480,445,488,617,574,373,491,498,391,0
2,1768494685120,760,732,9992,257785,19547,-19547,0,0,0,438,537,263,475,442,482,606,555,369,468,460,402,0
2,1768494685136,794,708,9978,240680,10995,-29321,0,0,0,439,541,253,479,453,485,603,538,358,462,446,411,0
2,1768494685152,823,679,9983,241902,-6108,-40317,0,0,0,444,552,256,482,464,498,604,529,359,324,302,442,0
2,1768494685168,832,641,10002,257785,-28099,-54977,0,0,0,446,553,252,490,462,503,605,527,393,292,262,464,0
2,1768494685184,813,612,10035,283441,-52534,-68416,0,0,0,460,557,251,502,461,496,577,491,390,405,369,463,0
2,1768494685200,784,583,10054,315206,-65973,-74525,0,0,0,469,568,258,507,477,500,580,477,381,450,408,477,0
2,1768494685216,780,545,10088,348193,-69638,-79412,0,0,0,479,575,269,516,484,512,586,470,378,358,301,512,0
2,1768494685232,804,507,10184,395840,-72082,-86742,0,0,0,490,580,271,522,487,519,585,446,383,379,303,532,0
2,1768494685248,851,440,10303,477696,-91629,-100181,0,0,0,500,588,271,521,519,507,581,418,393,459,381,540,0
2,1768494685264,885,349,10375,576656,-116064,-124616,0,0,0,511,598,269,525,538,514,567,398,406,445,371,558,0
2,1768494685280,947,248,10605,715934,-135612,-160046,0,0,0,518,606,252,534,514,557,546,383,418,443,361,576,0
2,1768494685296,957,148,11021,908967,-184481,-190589,0,0,0,532,615,245,549,539,563,534,374,407,441,350,593,0
2,1768494685312,871,105,11720,1192408,-249233,-202807,0,0,0,535,615,225,552,549,562,519,367,412,425,346,607,0
2,1768494685328,842,90,12462,1511280,-196698,-222354,0,0,0,546,619,225,554,549,566,506,365,411,429,341,630,0
2,1768494685344,646,52,13079,1865582,-107512,-232128,0,0,0,548,629,222,569,561,572,472,360,414,426,334,644,0
2,1768494685360,555,-9,13653,2348165,-58643,-186924,0,0,0,563,616,203,563,553,588,425,347,445,398,327,641,0
2,1768494685376,976,-90,14529,2868623,-63529,-155159,0,0,0,574,617,230,565,572,579,385,336,435,379,317,649,0
2,1768494685392,1919,-186,15960,3568674,-127059,-234572,0,0,0,568,620,213,553,571,568,333,319,434,348,311,651,0
2,1768494685408,2191,-67,17717,4414112,-193033,-427605,0,0,0,565,612,221,538,574,559,290,274,431,311,270,628,0
2,1768494685424,2756,-95,19679,5307197,-248011,-612086,0,0,0,551,598,205,537,582,550,272,210,429,296,224,576,0
2,1768494685440,4168,-832,22727,6411641,-298102,-842994,0,0,0,520,587,192,529,558,537,265,167,416,283,198,522,0
2,1768494685456,5379,-2115,27982,7428121,-215024,-1086118,0,0,0,483,576,185,508,521,510,260,153,395,274,189,487,0
2,1768494685472,6345,-1923,31222,8169711,8552,-1350012,0,0,0,427,542,166,469,478,467,265,161,352,268,186,455,0
2,1768494685488,4915,315,32916,8582656,111177,-1696983,0,0,0,339,488,153,411,421,421,281,186,317,245,190,372,0
2,1768494685504,4742,4292,32706,8592430,-183259,-1970651,0,0,0,265,446,160,366,374,389,297,216,319,213,206,255,0
2,1768494685520,7532,12026,25800,7968126,-579100,-2207666,0,0,0,256,438,161,357,365,376,309,243,319,204,230,206,0
2,1768494685536,8619,19085,14041,6277251,-604756,-2493551,0,0,0,237,438,159,352,367,374,304,260,312,199,239,194,0
2,1768494685552,6202,23196,7504,2915048,-532674,-2288301,0,0,0,234,438,154,350,376,359,295,261,285,200,238,184,0
2,1768494685568,1919,21229,8638,-1854586,-741590,-1169196,0,0,0,245,437,162,344,367,359,296,273,261,202,249,185,0
2,1768494685584,2349,12313,8887,-4538728,-1455080,131946,0,0,0,245,443,172,337,360,354,287,272,245,201,255,176,0
2,1768494685600,6302,5652,5139,-4729318,-1655444,594982,0,0,0,235,428,156,341,372,356,289,290,246,209,273,170,0
2,1768494685616,8265,4828,2785,-4274834,-742812,240680,0,0,0,231,426,155,341,373,356,283,293,239,211,285,170,0
2,1768494685632,7006,5580,3555,-4400673,322536,-133168,0,0,0,231,426,151,336,368,350,279,300,234,213,296,167,0
2,1768494685648,4245,5939,6365,-4980995,860098,-229685,0,0,0,240,429,153,337,365,344,277,306,229,209,293,159,0
2,1768494685664,3843,4833,7977,-5375614,911410,-43982,0,0,0,236,427,151,308,390,327,279,310,230,211,300,156,0
2,1768494685680,4201,4020,8987,-5552765,1144761,120951,0,0,0,231,423,152,314,386,334,280,314,232,211,307,152,0
2,1768494685696,3613,3938,10988,-5797111,1547932,291993,0,0,0,231,423,154,337,368,347,282,317,233,212,307,150,0
2,1768494685712,2890,3881,13275,-6130643,1776396,500909,0,0,0,229,422,154,336,366,347,284,319,235,215,308,152,0
2,1768494685728,2804,3326,15534,-6458067,1887573,737925,0,0,0,226,419,153,336,365,348,282,321,236,210,308,149,0
2,1768494685744,3072,2565,17855,-6608340,2043955,882089,0,0,0,226,420,154,336,364,348,282,322,236,208,306,145,0
2,1768494685760,3115,2148,20674,-6737843,2218662,967610,0,0,0,229,420,155,338,363,350,283,323,236,213,308,149,0
2,1768494685776,3101,1909,24862,-7004180,2354274,1109331,0,0,0,233,422,156,338,362,350,287,323,239,214,304,148,0
2,1768494685792,3192,1038,29231,-7293730,2416582,1418429,0,0,0,234,421,156,337,358,350,291,321,242,215,299,150,0
2,1768494685808,3010,-2737,33189,-7446447,2486221,2062281,0,0,0,236,421,158,335,357,352,294,320,250,215,292,151,0
2,1768494685824,760,-11490,35419,-7090923,2608394,2636494,0,0,0,241,424,156,353,356,356,309,315,256,226,289,150,0
2,1768494685840,-1430,-22790,34922,-6394537,2144136,2816088,0,0,0,237,425,160,350,359,367,309,312,276,225,290,153,0
2,1768494685856,1249,-35946,27595,-5231449,963945,2222327,0,0,0,236,427,157,353,360,369,317,317,270,226,293,154,0
2,1768494685872,3804,-45886,15563,-3243694,773355,186924,0,0,0,231,428,158,348,361,369,308,319,267,232,301,156,0
2,1768494685888,-4029,-48260,11691,-1306029,1313360,-1821600,0,0,0,228,398,152,338,344,361,338,408,256,266,371,138,0
2,1768494685904,-16439,-44388,17463,529009,701273,-2511877,0,0,0,234,358,145,318,309,344,380,480,247,319,436,125,0
2,1768494685920,-15180,-23680,22909,3519805,-2780658,-1176526,0,0,0,245,349,149,315,293,349,416,499,252,360,462,132,0
2,1768494685936,-2627,808,18396,6239377,-4679227,219911,0,0,0,255,361,157,338,295,371,469,519,263,400,481,146,0
2,1768494685952,1718,3828,19894,6849021,-2601064,872315,0,0,0,267,376,161,366,301,387,528,545,275,439,497,158,0
2,1768494685968,-2206,-2684,25661,5148372,-894306,537561,0,0,0,273,402,171,380,323,401,558,561,293,439,497,179,0
2,1768494685984,-1373,-2225,20368,2989574,-737925,102625,0,0,0,278,434,197,395,343,420,577,577,321,416,493,226,0
2,1768494686000,1038,301,12409,1511280,-599869,124616,0,0,0,290,465,218,424,363,446,597,597,343,454,513,270,0
2,1768494686016,1689,698,9088,784350,-422718,316428,0,0,0,321,497,241,440,383,457,620,621,343,470,512,318,0
2,1768494686032,612,-67,10433,290771,-381179,183259,0,0,0,362,510,252,449,397,466,627,627,352,476,527,354,0
2,1768494686048,320,291,10820,50090,-343306,32986,0,0,0,366,519,256,441,413,467,636,635,351,499,551,354,0
2,1768494686064,579,923,10275,9773,-265115,-1221,0,0,0,370,518,251,442,417,472,644,644,351,496,542,363,0
2,1768494686080,713,1014,10059,25656,-151494,19547,0,0,0,387,523,260,446,417,474,644,644,352,497,541,363,0
2,1768494686096,689,938,10131,43982,-69638,12217,0,0,0,399,524,269,451,416,479,636,636,349,484,527,371,0
2,1768494686112,665,942,10160,85521,-21991,-10995,0,0,0,407,526,269,453,421,477,626,626,352,458,498,380,0
2,1768494686128,684,995,10102,155159,2443,-28099,0,0,0,411,528,262,455,425,472,620,620,357,427,461,392,0
2,1768494686144,693,981,10059,224798,15882,-30543,0,0,0,420,532,259,463,425,472,617,613,358,427,454,396,0
2,1768494686160,717,890,10035,280998,13439,-31764,0,0,0,431,538,263,472,430,476,613,604,356,432,447,397,0
2,1768494686176,737,789,10002,304210,1221,-35430,0,0,0,434,540,263,475,437,478,607,593,360,389,396,411,0
2,1768494686192,756,732,9968,305432,-18325,-47647,0,0,0,442,549,269,476,440,479,599,571,359,369,368,422,0
2,1768494686208,780,703,9983,307876,-43982,-59864,0,0,0,446,554,272,484,442,484,593,560,358,313,302,439,0
2,1768494686224,789,689,10026,322536,-73303,-76969,0,0,0,450,559,267,481,442,484,593,543,364,307,281,452,0
2,1768494686240,756,646,10026,326202,-85521,-83077,0,0,0,468,576,283,491,463,493,550,503,380,305,269,465,0
2,1768494686256,717,593,10026,327423,-91629,-85521,0,0,0,472,576,281,484,463,490,581,501,375,293,240,484,0
2,1768494686272,684,536,10021,337197,-97738,-83077,0,0,0,484,580,281,496,469,497,584,483,374,288,225,501,0
2,1768494686288,684,483,10054,348193,-101403,-83077,0,0,0,501,588,290,505,478,509,581,459,387,415,346,503,0
2,1768494686304,717,430,10160,373849,-106290,-87964,0,0,0,509,599,289,511,488,513,569,430,400,442,366,516,0
2,1768494686320,780,402,10323,438601,-124616,-103847,0,0,0,513,604,291,514,498,522,566,408,404,434,356,537,0
2,1768494686336,827,325,10447,571769,-136833,-135612,0,0,0,521,607,280,522,523,537,554,395,404,426,348,552,0
2,1768494686352,837,172,10543,728151,-135612,-168598,0,0,0,531,613,267,538,532,552,541,381,403,470,347,556,0
2,1768494686368,818,81,10935,943175,-127059,-193033,0,0,0,546,618,252,544,531,558,528,369,405,471,344,579,0
2,1768494686384,746,129,11787,1204626,-101403,-211359,0,0,0,559,623,238,541,539,557,512,362,415,421,332,611,0
2,1768494686400,665,172,12892,1578475,-78190,-217468,0,0,0,562,628,231,546,556,561,492,357,421,414,323,620,0
2,1768494686416,469,172,13711,2035402,-74525,-196698,0,0,0,562,624,213,559,574,569,460,355,411,412,322,633,0
2,1768494686432,650,-38,14065,2566855,-94073,-145385,0,0,0,563,621,210,559,554,574,413,348,406,400,317,644,0
2,1768494686448,1387,-143,14965,3165503,-122173,-171042,0,0,0,577,620,224,557,554,574,371,338,399,369,304,641,0
2,1768494686464,2077,-105,16348,3804468,-175929,-291993,0,0,0,585,619,227,542,556,560,316,318,402,342,294,641,0
2,1768494686480,2407,-177,18157,4572937,-243124,-485026,0,0,0,585,618,220,530,556,544,288,265,406,300,256,605,0
2,1768494686496,3306,-583,21076,5659055,-359188,-709825,0,0,0,556,603,206,523,560,532,261,195,395,289,224,557,0
2,1768494686512,5393,-1899,24565,6623000,-387288,-927293,0,0,0,521,594,197,519,557,513,252,170,383,277,201,522,0
2,1768494686528,6776,-2230,28958,7533190,-158824,-1312138,0,0,0,477,573,179,495,527,501,248,164,356,269,196,488,0
2,1768494686544,5594,-378,31710,8201476,-191811,-1737300,0,0,0,413,534,168,453,477,463,261,173,324,257,187,444,0
2,1768494686560,4900,2153,32634,8607091,-564439,-2054950,0,0,0,299,476,164,391,410,410,285,204,295,221,191,314,0
2,1768494686576,7398,6671,30284,8403062,-810007,-2255314,0,0,0,224,441,163,353,371,389,303,245,287,195,213,215,0
2,1768494686592,9456,14381,22158,7508755,-847880,-2554638,0,0,0,225,442,164,350,369,387,304,268,284,193,229,208,0
2,1768494686608,9107,21330,10921,5422039,-802676,-2863736,0,0,0,228,446,163,345,368,370,293,274,267,193,233,198,0
2,1768494686624,5479,23445,7920,1121548,-700051,-2335948,0,0,0,227,443,159,338,369,361,286,275,254,193,239,188,0
2,1768494686640,1837,18401,9389,-3378084,-933402,-946841,0,0,0,230,439,158,338,368,357,286,279,248,196,246,182,0
2,1768494686656,4134,10002,7173,-4527733,-1374446,291993,0,0,0,236,438,164,335,368,354,282,284,244,199,257,172,0
2,1768494686672,8059,5546,3369,-4250400,-1012814,737925,0,0,0,235,432,156,337,369,354,281,292,240,198,264,166,0
2,1768494686688,8786,5340,2278,-3882659,248011,527787,0,0,0,237,431,174,336,371,369,281,306,256,200,273,186,0
2,1768494686704,5010,6355,5360,-4333478,1042136,348193,0,0,0,234,431,157,334,366,349,274,304,232,210,275,162,0
2,1768494686720,2823,6125,7939,-4916243,1136209,397062,0,0,0,237,430,156,338,368,348,278,309,233,205,281,161,0
2,1768494686736,3412,5116,8982,-5326744,1161865,478918,0,0,0,231,428,156,336,369,345,282,314,232,204,287,155,0
2,1768494686752,3436,4632,10222,-5628512,1457524,480140,0,0,0,230,425,153,336,369,350,282,320,234,200,288,152,0
2,1768494686768,2402,4479,12184,-5929058,1745852,521678,0,0,0,233,425,157,338,369,351,282,324,236,199,290,149,0
2,1768494686784,1593,4182,14505,-6256481,1828930,707381,0,0,0,235,424,158,339,366,351,283,326,235,201,291,145,0
2,1768494686800,1541,3914,16688,-6541144,1880243,911410,0,0,0,234,423,155,338,363,350,285,329,235,202,290,143,0
2,1768494686816,1933,3728,19459,-6853907,2004859,1089783,0,0,0,232,423,154,337,365,349,288,332,236,203,290,144,0
2,1768494686832,2263,3321,23206,-7177666,2172236,1232726,0,0,0,229,421,151,339,370,350,288,331,235,203,289,145,0
2,1768494686848,2474,2651,27633,-7419569,2284635,1462411,0,0,0,228,420,150,339,369,351,287,328,237,203,285,146,0
2,1768494686864,2402,344,32376,-7556403,2310292,2021963,0,0,0,236,424,155,343,365,355,296,329,244,215,282,147,0
2,1768494686880,2081,-5757,35922,-7529524,2307848,2715906,0,0,0,239,422,157,348,365,360,305,322,253,232,279,150,0
2,1768494686896,1335,-17080,37472,-7137349,2139250,3088534,0,0,0,235,425,161,344,366,369,298,326,275,213,284,158,0
2,1768494686912,3082,-31744,32232,-6086661,1367116,2513099,0,0,0,231,428,155,351,372,366,306,328,263,215,283,154,0
2,1768494686928,4178,-44378,21201,-4322482,1010371,1097113,0,0,0,231,432,159,349,372,369,306,328,267,214,283,154,0
2,1768494686944,-2301,-49667,13184,-2145358,1409876,-660956,0,0,0,231,417,156,340,344,351,320,363,246,232,308,150,0
2,1768494686960,-12313,-48284,14362,-64751,836885,-1714087,0,0,0,235,371,156,334,325,354,378,459,245,268,394,128,0
2,1768494686976,-14697,-40918,22187,2149023,-1511280,-1605353,0,0,0,242,338,151,310,290,346,414,491,249,333,444,134,0
2,1768494686992,-3886,-10543,20914,5159367,-4707327,-695164,0,0,0,253,345,156,318,285,362,440,502,258,353,455,146,0
2,1768494687008,3661,7370,17128,6710965,-4340808,257785,0,0,0,264,362,162,349,291,383,490,513,271,365,453,155,0
2,1768494687024,-282,2201,21383,6041457,-1378111,769690,0,0,0,270,380,169,370,304,394,539,539,284,406,473,170,0
2,1768494687040,-3512,-3402,24096,4219857,72082,425162,0,0,0,274,407,184,383,324,410,564,564,312,411,484,209,0
2,1768494687056,-521,-1574,17568,2194227,-360410,-116064,0,0,0,278,443,205,407,352,437,585,585,344,415,492,254,0
2,1768494687072,1641,713,10581,996932,-568104,90408,0,0,0,292,478,222,432,386,457,611,610,349,485,534,288,0
2,1768494687088,1033,425,9370,356745,-453262,250454,0,0,0,326,504,235,444,408,467,626,626,345,505,553,328,0
2,1768494687104,-19,47,10653,62308,-329867,142942,0,0,0,355,513,240,443,415,465,638,638,374,517,564,345,0
2,1768494687120,220,746,10595,4886,-265115,4886,0,0,0,382,521,247,460,422,475,638,638,364,522,572,349,0
2,1768494687136,536,1143,10155,4886,-185703,-8552,0,0,0,376,525,254,450,420,464,646,646,373,534,575,351,0
2,1768494687152,559,1115,10026,20769,-96516,12217,0,0,0,373,524,254,450,423,466,640,639,377,529,575,352,0
2,1768494687168,459,1014,10117,43982,-37873,1221,0,0,0,384,525,249,452,424,467,639,639,370,516,568,354,0
2,1768494687184,440,1028,10136,84299,-2443,-18325,0,0,0,394,523,249,453,424,463,631,631,368,510,557,354,0
2,1768494687200,464,1057,10064,145385,17104,-24434,0,0,0,398,521,249,456,426,468,627,626,350,522,550,362,0
2,1768494687216,478,1033,10021,202807,32986,-23212,0,0,0,402,528,251,454,428,471,626,617,348,500,526,374,0
2,1768494687232,492,976,10002,243124,41538,-19547,0,0,0,410,528,251,461,434,479,620,605,351,486,511,375,0
2,1768494687248,516,923,9983,246789,41538,-19547,0,0,0,410,529,251,463,438,479,612,602,356,399,423,397,0
2,1768494687264,569,899,9983,245567,32986,-24434,0,0,0,410,532,250,465,438,479,600,593,361,322,342,420,0
2,1768494687280,617,866,9992,251676,8552,-34208,0,0,0,416,537,249,475,447,483,594,578,367,307,317,429,0
2,1768494687296,641,827,10011,257785,-14660,-46425,0,0,0,422,541,251,482,455,487,600,561,371,340,336,433,0
2,1768494687312,636,789,10031,262672,-37873,-58643,0,0,0,433,541,250,486,449,493,606,536,369,392,373,438,0
2,1768494687328,636,760,10045,283441,-54977,-68416,0,0,0,449,552,249,497,461,495,592,528,379,291,262,479,0
2,1768494687344,641,741,10088,328645,-74525,-80634,0,0,0,465,566,260,509,476,508,568,490,388,285,235,496,0
2,1768494687360,665,684,10169,390953,-94073,-95294,0,0,0,479,573,275,505,486,515,601,490,400,297,235,521,0
2,1768494687376,665,603,10260,459370,-117286,-116064,0,0,0,490,579,282,509,494,522,601,447,408,403,337,528,0
2,1768494687392,603,512,10337,542448,-152716,-139277,0,0,0,502,585,295,531,506,537,587,423,406,380,311,544,0
2,1768494687408,607,416,10442,632856,-178372,-152716,0,0,0,512,590,274,534,518,539,580,408,415,385,303,568,0
2,1768494687424,607,335,10758,767246,-199142,-162490,0,0,0,522,600,273,539,532,546,576,397,420,391,302,589,0
2,1768494687440,674,277,11347,994488,-175929,-175929,0,0,0,530,603,238,552,549,549,551,391,414,385,302,600,0
2,1768494687456,641,311,12222,1345125,-91629,-207694,0,0,0,546,605,225,551,556,549,530,382,419,459,328,593,0
2,1768494687472,521,258,12892,1731192,-30543,-222354,0,0,0,555,611,222,550,557,558,499,375,420,431,312,606,0
2,1768494687488,358,124,13361,2190562,-18325,-190589,0,0,0,565,618,226,560,559,568,456,365,418,379,294,627,0
2,1768494687504,478,33,14055,2714685,-39095,-133168,0,0,0,580,621,230,566,560,567,418,354,412,372,294,634,0
2,1768494687520,1325,-9,15324,3306002,-91629,-139277,0,0,0,586,621,225,557,557,556,380,344,401,358,289,634,0
2,1768494687536,2225,-43,16802,3981619,-146607,-326202,0,0,0,581,624,222,547,560,553,331,320,393,348,288,637,0
2,1768494687552,2373,-62,18722,4800179,-166155,-569326,0,0,0,575,608,217,545,577,565,287,262,395,302,238,608,0
2,1768494687568,3058,-162,21751,5859419,-216246,-777020,0,0,0,549,602,204,536,568,554,270,188,398,282,199,551,0
2,1768494687584,4479,-823,25714,6982189,-324980,-985936,0,0,0,492,579,180,529,543,541,265,157,386,271,186,505,0
2,1768494687600,5623,-1430,29523,7914370,-273667,-1209513,0,0,0,463,552,173,492,508,506,248,150,358,263,177,481,0
2,1768494687616,4498,-272,32591,8591208,-105068,-1478293,0,0,0,385,511,151,456,465,451,269,167,314,256,177,430,0
2,1768494687632,4379,2057,33988,8867319,-161268,-1684766,0,0,0,253,448,154,381,391,407,298,211,301,206,180,277,0
2,1768494687648,6958,7973,30988,8546004,-365297,-1919338,0,0,0,234,440,162,366,377,394,315,254,297,190,204,222,0
2,1768494687664,8691,17573,19550,7224092,-486248,-2311514,0,0,0,234,442,166,359,373,387,309,263,291,186,209,209,0
2,1768494687680,7705,24115,8982,4574158,-587652,-2456899,0,0,0,240,439,168,355,373,378,303,267,277,184,210,203,0
2,1768494687696,4096,23359,7906,-6108,-711047,-1670105,0,0,0,238,437,167,349,373,368,296,274,264,181,213,193,0
2,1768494687712,1895,16515,9179,-3720169,-1141096,-487470,0,0,0,236,436,166,345,372,362,291,279,254,180,216,182,0
2,1768494687728,4039,8461,7011,-4802622,-1628566,360410,0,0,0,242,433,168,345,373,362,287,287,246,179,220,173,0
2,1768494687744,7623,6039,3527,-4428772,-1094670,323758,0,0,0,242,429,168,344,373,363,286,296,243,176,228,166,0
2,1768494687760,7800,6087,3484,-4469090,-25656,70860,0,0,0,237,427,161,340,370,355,285,304,236,178,238,160,0
2,1768494687776,5111,6197,6537,-5011538,614530,50090,0,0,0,243,431,165,338,369,349,280,315,229,176,243,155,0
2,1768494687792,4288,5403,8576,-5462356,723264,232128,0,0,0,241,425,160,339,369,349,283,316,229,179,248,154,0
2,1768494687808,5245,4278,9609,-5771454,867428,436157,0,0,0,238,425,159,338,369,351,285,319,234,179,250,150,0
2,1768494687824,5321,3694,11198,-6021909,1317025,537561,0,0,0,238,425,163,335,366,347,288,325,236,180,254,149,0
2,1768494687840,4503,3340,13481,-6311459,1673770,663399,0,0,0,238,423,159,336,366,347,288,328,236,181,257,147,0
2,1768494687856,3948,2857,15721,-6592457,1804495,825889,0,0,0,238,423,161,339,368,349,293,329,237,182,256,142,0
2,1768494687872,4273,2072,17946,-6783047,1910786,937067,0,0,0,236,422,159,340,367,352,295,330,237,184,256,144,0
2,1768494687888,4632,1397,20454,-6879564,2111150,966388,0,0,0,237,421,160,341,366,354,299,333,242,181,253,142,0
2,1768494687904,4690,990,24417,-6952868,2386039,1023810,0,0,0,237,420,159,341,364,355,299,332,243,182,249,143,0
2,1768494687920,4589,229,29088,-7082371,2582738,1291369,0,0,0,236,420,158,339,360,355,298,329,243,185,247,148,0
2,1768494687936,3857,-3024,32639,-7238753,2748893,1877799,0,0,0,238,420,159,339,358,358,298,327,249,187,247,154,0
2,1768494687952,818,-11385,34812,-7076262,2897944,2441017,0,0,0,240,423,162,344,361,364,303,326,259,188,246,153,0
2,1768494687968,-1804,-22871,34845,-6497162,2419026,2605951,0,0,0,240,425,162,348,364,366,309,325,264,188,245,148,0
2,1768494687984,1076,-35840,26915,-5175250,1257160,1743409,0,0,0,241,427,164,350,368,369,314,327,265,190,246,152,0
2,1768494688000,2234,-44225,17262,-3442836,941954,106290,0,0,0,242,430,166,351,370,371,314,329,268,193,250,156,0
2,1768494688016,-4857,-47078,12514,-1445307,1284038,-1749518,0,0,0,243,427,166,351,367,372,313,332,268,190,250,151,0
2,1768494688032,-12864,-43426,14759,321315,656069,-2229658,0,0,0,235,399,156,346,350,364,357,452,256,263,351,140,0
2,1768494688048,-13199,-30744,20899,2059837,-1049466,-1671327,0,0,0,245,343,150,323,294,349,439,464,264,208,343,128,0
2,1768494688064,-4795,-2014,23412,3852116,-4387234,-146607,0,0,0,248,325,158,321,278,357,457,499,259,349,444,137,0
2,1768494688080,1880,10595,14367,5141041,-5425705,1314581,0,0,0,268,338,168,340,276,380,507,517,272,371,461,153,0
2,1768494688096,-2479,3182,15415,5687155,-2734232,1879021,0,0,0,268,348,169,356,274,388,535,552,277,445,510,157,0
2,1768494688112,-6910,-3086,22163,4835609,-326202,891863,0,0,0,276,369,170,380,290,394,569,580,292,500,536,165,0
2,1768494688128,-1914,-1655,20995,3209485,1221,-316428,0,0,0,276,401,185,400,319,424,601,601,310,523,549,198,0
2,1768494688144,2526,894,13414,1780061,-442266,-127059,0,0,0,276,433,202,417,353,451,619,618,332,529,557,247,0
2,1768494688160,1799,478,9815,796568,-466701,283441,0,0,0,301,465,217,434,382,455,631,631,345,532,563,287,0
2,1768494688176,-129,-363,10452,291993,-285884,268780,0,0,0,333,490,230,445,401,460,641,641,342,550,580,316,0
2,1768494688192,81,416,10696,112399,-204028,32986,0,0,0,349,502,226,456,415,470,642,641,350,569,590,335,0
2,1768494688208,617,1048,10260,75747,-174707,-35430,0,0,0,366,508,227,462,417,465,645,644,346,567,589,337,0
2,1768494688224,708,1072,9968,73303,-130725,2443,0,0,0,373,515,232,466,415,466,644,644,349,569,590,336,0
2,1768494688240,512,918,10093,74525,-85521,4886,0,0,0,373,515,234,467,422,473,636,636,348,566,584,346,0
2,1768494688256,449,942,10169,105068,-56199,-14660,0,0,0,381,520,237,471,418,470,636,633,345,551,568,348,0
2,1768494688272,478,1019,10126,168598,-28099,-28099,0,0,0,397,520,242,471,422,473,629,620,354,531,541,352,0
2,1768494688288,507,981,10050,248011,-3665,-21991,0,0,0,409,522,239,472,422,473,618,600,347,550,546,362,0
2,1768494688304,540,880,10031,299323,2443,-19547,0,0,0,415,526,239,476,437,475,615,591,360,513,500,379,0
2,1768494688320,583,799,10016,321315,0,-29321,0,0,0,417,535,236,478,435,476,606,578,365,463,425,391,0
2,1768494688336,612,756,10007,324980,-7330,-41538,0,0,0,422,540,233,490,443,483,598,565,367,363,332,422,0
2,1768494688352,636,737,10011,322536,-21991,-53756,0,0,0,436,547,237,496,445,489,593,547,371,306,279,448,0
2,1768494688368,655,698,10064,331088,-46425,-68416,0,0,0,448,552,240,503,452,494,593,529,374,309,271,464,0
2,1768494688384,631,641,10083,350636,-69638,-81855,0,0,0,453,556,239,508,466,501,593,513,377,309,258,483,0
2,1768494688400,555,564,10050,367740,-86742,-85521,0,0,0,458,562,241,507,474,505,588,493,385,289,227,505,0
2,1768494688416,516,512,10054,382401,-90408,-83077,0,0,0,470,569,249,510,484,512,588,471,393,292,216,517,0
2,1768494688432,531,473,10145,414166,-75747,-81855,0,0,0,481,578,250,522,502,517,585,456,392,294,209,527,0
2,1768494688448,531,406,10299,478918,-56199,-85521,0,0,0,489,589,241,527,518,524,585,433,393,300,215,542,0
2,1768494688464,574,320,10413,576656,-59864,-87964,0,0,0,498,589,241,531,532,540,588,424,403,315,226,555,0
2,1768494688480,612,244,10567,715934,-70860,-90408,0,0,0,513,601,234,542,535,557,578,402,415,331,237,580,0
2,1768494688496,641,172,10930,935845,-48869,-96516,0,0,0,523,604,231,547,540,566,545,386,423,319,227,584,0
2,1768494688512,780,105,11514,1153313,45204,-124616,0,0,0,530,609,217,557,546,561,536,378,426,320,231,601,0
2,1768494688528,961,33,12524,1450194,184481,-196698,0,0,0,538,614,221,558,565,566,506,374,440,318,226,609,0
2,1768494688544,847,33,13433,1839926,184481,-238237,0,0,0,548,616,216,566,573,572,478,364,437,330,236,623,0
2,1768494688560,636,19,14017,2356718,53756,-215024,0,0,0,559,612,221,578,564,574,441,351,424,347,246,627,0
2,1768494688576,1095,-76,14802,2938261,-81855,-175929,0,0,0,566,607,224,563,550,569,405,352,406,334,236,630,0
2,1768494688592,2019,-248,15807,3549127,-162490,-252898,0,0,0,565,609,212,552,560,559,356,334,403,317,235,631,0
2,1768494688608,2062,-105,17520,4378682,-208915,-454483,0,0,0,561,615,208,558,575,554,307,283,406,307,230,622,0
2,1768494688624,2373,-76,19631,5297423,-239459,-615752,0,0,0,557,612,216,555,570,555,281,215,405,281,199,580,0
2,1768494688640,3780,-330,22517,6365215,-266337,-797790,0,0,0,539,596,210,537,555,548,264,166,409,257,177,518,0
2,1768494688656,5479,-2048,26896,7468438,-241902,-1059240,0,0,0,496,570,186,511,525,528,258,163,389,251,172,490,0
2,1768494688672,6039,-3517,30992,8263784,47647,-1325577,0,0,0,431,536,163,478,480,485,257,163,344,251,169,453,0
2,1768494688688,4096,-1378,34252,8616865,400727,-1583362,0,0,0,354,494,156,428,430,426,285,183,312,231,158,397,0
2,1768494688704,3914,5206,34443,8557000,0,-1778839,0,0,0,239,432,160,358,365,367,316,236,292,161,149,197,0
2,1768494688720,6824,13476,27571,7979121,-810007,-2009746,0,0,0,240,434,165,364,369,391,324,261,305,160,165,203,0
2,1768494688736,9451,20751,13309,6068335,-1128878,-2315179,0,0,0,246,434,169,363,376,391,314,264,291,164,167,205,0
2,1768494688752,8174,24498,7183,2299296,-835663,-2218662,0,0,0,251,432,167,358,373,377,305,272,274,160,168,200,0
2,1768494688768,3551,21134,9404,-2257757,-640186,-1430646,0,0,0,248,428,169,350,371,368,301,280,266,158,173,188,0
2,1768494688784,2426,12347,9509,-4322482,-1276708,-359188,0,0,0,240,424,163,348,373,366,296,287,257,156,180,178,0
2,1768494688800,5494,7054,5809,-4525289,-1595580,216246,0,0,0,238,423,162,346,377,363,293,299,251,153,187,170,0
2,1768494688816,8212,6288,3244,-4410447,-753807,199142,0,0,0,239,425,164,340,374,357,290,309,244,152,195,165,0
2,1768494688832,7193,6432,4321,-4745201,317649,75747,0,0,0,236,423,160,329,379,347,290,317,239,152,201,159,0
2,1768494688848,4771,5805,6934,-5202128,806342,112399,0,0,0,233,420,152,330,385,344,290,325,238,152,206,155,0
2,1768494688864,4694,4781,8236,-5468465,857654,246789,0,0,0,233,421,153,341,375,349,290,331,238,151,208,152,0
2,1768494688880,5020,4087,9547,-5736024,1089783,318871,0,0,0,236,420,158,340,371,347,292,334,238,149,207,144,0
2,1768494688896,4570,3728,11485,-6020687,1415985,370184,0,0,0,237,419,158,338,366,344,291,331,238,149,205,141,0
2,1768494688912,3991,3436,13735,-6316346,1670105,474031,0,0,0,237,419,157,338,369,349,293,331,247,149,214,141,0
2,1768494688928,3819,3239,16171,-6636439,1860695,621860,0,0,0,237,419,157,338,366,349,293,340,242,154,221,142,0
2,1768494688944,3804,2976,19081,-6980967,2079385,764803,0,0,0,232,413,155,343,370,355,295,343,249,159,232,143,0
2,1768494688960,3689,2431,22526,-7264409,2271196,949284,0,0,0,229,414,152,342,370,351,302,347,246,164,236,143,0
2,1768494688976,3833,1660,26891,-7428121,2403143,1251052,0,0,0,231,414,153,342,366,353,302,341,243,162,222,146,0
2,1768494688992,4173,-110,31505,-7508755,2519208,1817934,0,0,0,234,416,157,344,366,358,302,338,250,155,205,149,0
2,1768494689008,3589,-5312,34950,-7468438,2730567,2557081,0,0,0,236,418,159,346,363,362,308,336,257,154,198,151,0
2,1768494689024,981,-14328,36912,-7147123,2818532,3053104,0,0,0,236,420,159,349,362,367,315,333,264,154,196,149,0
2,1768494689040,-253,-28978,34017,-6280916,1821600,2905275,0,0,0,233,421,157,355,365,374,320,334,268,155,195,149,0
2,1768494689056,3364,-42287,23349,-4835609,775798,1674992,0,0,0,231,423,154,360,369,380,322,338,270,157,198,150,0
2,1768494689072,-445,-48690,14620,-2722015,1165530,-646295,0,0,0,231,417,154,359,365,375,330,364,266,160,211,148,0
2,1768494689088,-11466,-49346,13854,-659734,1210734,-2430021,0,0,0,232,391,150,348,343,363,359,431,258,193,276,140,0
2,1768494689104,-16109,-37654,22115,1584584,-1017701,-2311514,0,0,0,238,344,150,329,308,353,422,476,260,267,401,128,0
2,1768494689120,-8021,-11299,24130,3927863,-4581489,-1092227,0,0,0,242,326,148,317,290,354,471,474,271,213,357,132,0
2,1768494689136,4173,10198,15635,5797111,-6047565,421497,0,0,0,267,342,160,339,284,380,492,494,272,317,419,140,0
2,1768494689152,1258,3608,16372,6148969,-2471560,1414763,0,0,0,266,351,160,367,286,394,525,537,271,404,479,145,0
2,1768494689168,-5508,-3225,22890,5222897,24434,1249830,0,0,0,272,383,156,376,306,388,544,547,287,352,456,160,0
2,1768494689184,-4627,-2708,22502,3447723,-2443,84299,0,0,0,274,409,179,390,330,416,577,581,315,388,484,205,0
2,1768494689200,1172,550,14314,2079385,-559552,-167377,0,0,0,275,442,193,422,362,442,599,600,330,431,512,247,0
2,1768494689216,2340,650,10327,1039692,-511905,119729,0,0,0,293,476,208,436,395,459,613,613,348,461,531,295,0
2,1768494689232,579,14,10442,313984,-304210,210137,0,0,0,327,500,227,440,409,466,622,622,354,523,562,318,0
2,1768494689248,-67,425,10681,31764,-250454,65973,0,0,0,358,510,236,448,412,467,626,626,355,554,577,324,0
2,1768494689264,402,1072,10289,48869,-244346,-35430,0,0,0,370,513,236,456,419,468,628,628,356,545,572,332,0
2,1768494689280,559,1076,10107,61086,-156381,-6108,0,0,0,368,516,237,457,424,466,627,628,353,543,571,335,0
2,1768494689296,473,990,10122,52534,-69638,6108,0,0,0,373,518,239,456,422,464,625,625,353,519,553,339,0
2,1768494689312,416,1009,10131,65973,-32986,-10995,0,0,0,385,515,244,457,423,464,619,619,362,448,502,353,0
2,1768494689328,430,1057,10098,101403,-10995,-24434,0,0,0,396,515,244,460,430,464,614,614,359,472,519,348,0
2,1768494689344,459,1062,10045,152716,12217,-25656,0,0,0,396,522,242,459,451,464,608,609,363,472,503,348,0
2,1768494689360,483,1033,10016,197920,19547,-23212,0,0,0,404,517,245,466,429,467,612,608,357,505,521,349,0
2,1768494689376,516,976,10007,237015,9773,-24434,0,0,0,402,522,246,473,432,477,607,595,359,492,499,363,0
2,1768494689392,540,918,9997,248011,0,-30543,0,0,0,405,526,247,475,445,482,603,576,362,484,483,372,0
2,1768494689408,559,885,9987,238237,-15882,-39095,0,0,0,411,533,242,480,451,482,559,536,386,437,431,386,0
2,1768494689424,574,856,9992,229685,-37873,-46425,0,0,0,431,548,247,487,465,487,575,546,386,350,344,407,0
2,1768494689440,588,837,10026,239459,-59864,-54977,0,0,0,446,560,253,497,479,498,596,545,379,304,289,430,0
2,1768494689456,579,818,10064,277332,-72082,-64751,0,0,0,455,567,256,503,482,500,597,524,378,295,262,451,0
2,1768494689472,550,784,10102,316428,-78190,-73303,0,0,0,468,576,263,508,484,502,593,501,380,290,240,477,0
2,1768494689488,559,741,10179,360410,-78190,-80634,0,0,0,484,583,272,516,493,512,584,476,391,295,235,506,0
2,1768494689504,612,684,10270,422718,-87964,-92851,0,0,0,496,592,277,526,501,525,575,455,396,305,237,526,0
2,1768494689520,698,598,10413,516791,-117286,-112399,0,0,0,504,607,272,531,512,542,569,445,393,296,223,539,0
2,1768494689536,851,449,10648,673173,-171042,-158824,0,0,0,508,606,254,526,518,540,556,424,404,305,223,573,0
2,1768494689552,871,368,11127,880867,-233350,-215024,0,0,0,537,618,253,541,551,563,534,406,397,312,223,575,0
2,1768494689568,746,373,11911,1207069,-339641,-240680,0,0,0,537,620,232,556,560,575,517,405,408,318,233,583,0
2,1768494689584,579,368,12572,1554041,-365297,-254119,0,0,0,544,626,222,568,569,590,488,397,404,318,233,600,0
2,1768494689600,258,301,13012,1883908,-296880,-252898,0,0,0,551,624,213,566,577,577,461,393,408,324,240,603,0
2,1768494689616,67,220,13577,2306627,-243124,-194255,0,0,0,561,629,211,570,571,572,410,379,405,371,299,623,0
2,1768494689632,545,57,14448,2857627,-252898,-125838,0,0,0,575,634,216,567,577,567,372,376,407,355,275,628,0
2,1768494689648,1914,-28,15960,3514918,-317649,-213802,0,0,0,573,631,214,561,574,547,326,354,391,325,263,622,0
2,1768494689664,2986,-114,17956,4288273,-394618,-455705,0,0,0,575,629,222,543,565,539,291,313,388,300,249,612,0
2,1768494689680,3464,-81,20622,5325523,-455705,-805120,0,0,0,574,623,224,530,560,532,267,247,394,285,222,577,0
2,1768494689696,4647,-464,23909,6541144,-514348,-1130100,0,0,0,547,607,213,522,549,522,250,187,386,278,194,531,0
2,1768494689712,6389,-1780,28011,7547850,-575435,-1446528,0,0,0,498,584,195,503,527,506,245,170,367,268,178,499,0
2,1768494689728,7729,-1914,31079,8256454,-558330,-1852143,0,0,0,431,548,176,466,489,467,254,175,338,255,174,462,0
2,1768494689744,6173,1392,32055,8706051,-366519,-2342057,0,0,0,330,493,164,411,434,416,274,197,299,229,177,368,0
2,1768494689760,5498,5192,31557,8702386,-488692,-2602285,0,0,0,241,447,166,367,400,391,295,240,285,185,181,236,0
2,1768494689776,7398,12189,24709,7877718,-979827,-2817310,0,0,0,241,441,172,363,376,387,304,266,285,172,191,209,0
2,1768494689792,8021,20334,13567,5992587,-1501506,-2838079,0,0,0,253,438,170,364,377,376,300,273,271,175,191,200,0
2,1768494689808,6815,25226,6503,2279749,-1604132,-1976759,0,0,0,253,438,168,362,378,370,297,280,260,175,196,191,0
2,1768494689824,4288,20186,8064,-2486221,-1285260,24434,0,0,0,245,432,162,349,374,361,297,296,264,170,199,177,0
2,1768494689840,4661,11222,8394,-4505742,-1292590,1591914,0,0,0,238,426,160,347,372,359,296,294,251,170,206,171,0
2,1768494689856,8102,5422,5087,-4313930,-1136209,2151467,0,0,0,241,425,160,341,370,358,293,306,248,166,210,163,0
2,1768494689872,9030,5537,3464,-4089131,-133168,1739744,0,0,0,240,426,161,336,367,350,291,316,242,166,216,159,0
2,1768494689888,6647,6484,5202,-4532620,603534,1329242,0,0,0,239,427,162,335,370,347,288,330,239,164,225,157,0
2,1768494689904,4584,5891,7657,-5176472,795346,1086118,0,0,0,240,427,163,332,370,346,281,340,238,163,232,156,0
2,1768494689920,4345,4532,9035,-5579643,894306,885754,0,0,0,239,425,161,332,371,349,280,344,238,163,235,153,0
2,1768494689936,4010,3689,10270,-5769011,1237612,657290,0,0,0,241,425,161,336,371,350,284,341,237,163,234,146,0
2,1768494689952,2938,3187,12012,-5957157,1539380,496022,0,0,0,245,428,162,336,368,346,285,336,235,163,233,141,0
2,1768494689968,1899,2847,14137,-6175847,1725083,420275,0,0,0,239,424,157,337,370,347,287,340,238,167,237,143,0
2,1768494689984,1555,2751,16391,-6399424,1860695,390953,0,0,0,235,423,160,338,369,350,286,339,239,168,240,141,0
2,1768494690000,1493,2555,18817,-6638883,2024407,350636,0,0,0,233,424,163,337,366,351,288,341,239,168,239,143,0
2,1768494690016,1521,2105,21339,-6847799,2178345,323758,0,0,0,233,422,161,336,363,351,288,339,236,167,237,143,0
2,1768494690032,1804,1564,24752,-6974859,2290744,422718,0,0,0,231,422,161,340,366,355,289,337,241,170,235,145,0
2,1768494690048,2359,722,28614,-7024950,2376265,667064,0,0,0,230,422,163,336,364,353,292,337,247,172,235,148,0
2,1768494690064,2479,-1904,32557,-7011511,2463008,1081231,0,0,0,231,423,160,340,365,359,295,331,251,174,232,150,0
2,1768494690080,607,-9341,35166,-6823364,2544864,1485624,0,0,0,232,427,163,345,371,364,304,329,259,179,232,150,0
2,1768494690096,-2402,-19530,34247,-6421415,2304183,1555262,0,0,0,233,428,168,348,370,367,312,331,265,182,233,152,0
2,1768494690112,-2694,-33065,26499,-5275432,1406211,1033583,0,0,0,235,431,164,351,369,368,316,332,266,188,234,156,0
2,1768494690128,-1450,-42880,16281,-3425732,845437,-168598,0,0,0,232,432,162,352,370,369,313,333,264,186,236,158,0
2,1768494690144,-6843,-45039,12366,-1451415,961501,-1632231,0,0,0,229,423,159,352,364,369,326,378,261,194,261,151,0
2,1768494690160,-14228,-42569,14486,290771,481361,-2252871,0,0,0,234,387,152,347,338,361,388,441,259,217,320,138,0
2,1768494690176,-14692,-30222,22593,2112371,-1698205,-1495398,0,0,0,244,347,150,338,303,352,458,478,256,261,386,129,0
2,1768494690192,-2450,-1488,21588,4010941,-5564982,129503,0,0,0,251,341,156,330,283,358,483,492,265,286,421,138,0
2,1768494690208,4302,11677,14352,5272988,-5943718,1384220,0,0,0,261,342,159,333,279,371,500,500,282,265,423,153,0
2,1768494690224,-2043,3598,14625,5897293,-2409252,1893682,0,0,0,270,347,162,351,273,383,512,522,283,339,448,153,0
2,1768494690240,-7796,-3244,19841,5064072,-2443,858876,0,0,0,267,351,157,371,273,402,507,542,313,402,486,160,0
2,1768494690256,-2761,-1737,18411,3786142,-197920,-329867,0,0,0,285,380,163,408,301,428,569,570,322,403,481,198,0
2,1768494690272,2459,224,14075,2605951,-741590,-252898,0,0,0,269,426,172,411,342,441,615,619,325,543,568,233,0
2,1768494690288,1914,-402,11864,1308473,-706160,251676,0,0,0,275,458,184,443,377,465,622,622,339,512,564,283,0
2,1768494690304,-579,-899,11390,349414,-401949,300545,0,0,0,311,483,185,448,399,466,637,637,350,542,587,327,0
2,1768494690320,-339,143,10586,40317,-249233,23212,0,0,0,319,493,190,452,409,468,643,643,353,550,592,333,0
2,1768494690336,430,727,10155,58643,-205250,-62308,0,0,0,326,499,195,461,417,475,644,645,354,553,590,336,0
2,1768494690352,593,684,10160,91629,-161268,-14660,0,0,0,339,505,203,458,417,475,641,641,352,555,590,340,0
2,1768494690368,325,569,10198,52534,-92851,7330,0,0,0,348,506,205,455,418,473,641,641,353,555,590,343,0
2,1768494690384,248,607,10160,34208,-42760,-7330,0,0,0,354,506,204,457,417,470,639,638,351,556,590,341,0
2,1768494690400,311,650,10122,51312,-7330,-20769,0,0,0,354,504,202,460,416,465,631,630,352,557,588,333,0
2,1768494690416,358,641,10088,64751,14660,-20769,0,0,0,348,500,200,462,416,465,621,621,358,549,581,330,0
2,1768494690432,368,617,10064,69638,23212,-18325,0,0,0,348,500,204,458,412,468,617,619,354,528,571,336,0
2,1768494690448,363,617,10031,79412,23212,-18325,0,0,0,352,500,211,457,411,471,616,617,351,504,558,338,0
2,1768494690464,392,650,9987,98960,20769,-19547,0,0,0,356,500,213,455,415,466,613,612,361,487,542,348,0
2,1768494690480,449,670,9968,131946,4886,-19547,0,0,0,357,501,215,455,422,466,605,605,361,475,522,367,0
2,1768494690496,492,641,9997,160046,-13439,-20769,0,0,0,362,504,218,462,422,466,599,599,371,425,454,377,0
2,1768494690512,507,579,10016,178372,-37873,-28099,0,0,0,368,506,216,472,429,472,601,599,364,465,497,366,0
2,1768494690528,478,531,9987,189368,-59864,-37873,0,0,0,388,514,218,473,446,480,582,582,377,330,351,402,0
2,1768494690544,454,521,9983,202807,-75747,-47647,0,0,0,406,536,235,486,438,477,588,573,369,306,307,425,0
2,1768494690560,445,536,10031,234572,-81855,-56199,0,0,0,429,547,247,488,444,481,603,544,376,426,409,431,0
2,1768494690576,445,526,10131,293215,-72082,-61086,0,0,0,444,555,243,500,459,491,597,530,389,359,319,478,0
2,1768494690592,440,473,10203,349414,-57421,-67195,0,0,0,459,564,239,517,476,508,596,512,398,300,237,520,0
2,1768494690608,483,378,10279,405614,-34208,-81855,0,0,0,477,574,245,524,494,523,596,483,404,302,224,538,0
2,1768494690624,612,301,10370,464257,-31764,-106290,0,0,0,500,590,254,525,506,535,583,452,405,297,214,551,0
2,1768494690640,751,239,10552,554665,-62308,-144164,0,0,0,518,605,251,531,511,548,569,423,404,294,209,570,0
2,1768494690656,918,134,11083,766025,-108734,-207694,0,0,0,521,607,235,546,523,552,561,403,414,300,210,587,0
2,1768494690672,894,129,12084,1102000,-102625,-283441,0,0,0,531,605,220,565,543,556,542,400,429,314,216,595,0
2,1768494690688,196,282,13247,1593136,-35430,-288328,0,0,0,550,615,229,555,551,567,518,391,418,321,220,604,0
2,1768494690704,23,196,13682,2069611,25656,-216246,0,0,0,568,617,226,550,554,581,473,382,417,321,233,615,0
2,1768494690720,368,52,14213,2609616,48869,-140499,0,0,0,571,619,224,550,557,567,440,371,417,326,237,615,0
2,1768494690736,1134,-28,15515,3255911,-18325,-146607,0,0,0,575,608,227,535,540,567,383,356,398,314,230,615,0
2,1768494690752,1852,19,17118,4036597,-109955,-262672,0,0,0,576,616,228,557,569,533,327,340,401,308,230,619,0
2,1768494690768,2340,28,18980,4906469,-190589,-459370,0,0,0,553,609,223,552,563,561,285,268,407,291,224,594,0
2,1768494690784,2718,-110,22287,5966931,-262672,-662177,0,0,0,532,592,222,534,558,566,267,199,407,272,196,550,0
2,1768494690800,3766,-985,26264,7056715,-357967,-816115,0,0,0,499,578,209,519,549,546,259,167,392,263,184,518,0
2,1768494690816,4919,-1799,29346,7975456,-256563,-1001818,0,0,0,452,555,185,491,516,505,258,167,357,261,184,488,0
2,1768494690832,4450,-679,31414,8535009,-100181,-1251052,0,0,0,385,515,173,442,462,450,270,184,318,245,180,423,0
2,1768494690848,4977,2105,32232,8574104,-235793,-1486845,0,0,0,296,470,167,391,408,406,292,220,295,207,182,304,0
2,1768494690864,7374,8107,28226,8120842,-531452,-1769065,0,0,0,228,440,158,362,375,384,313,263,285,172,193,192,0
2,1768494690880,9518,16802,16927,6962641,-730594,-2135584,0,0,0,233,443,163,362,378,384,311,269,288,171,194,192,0
2,1768494690896,8528,21990,9514,4438546,-538783,-2103819,0,0,0,241,436,163,362,378,378,303,275,279,167,187,194,0
2,1768494690912,4881,23436,8040,90408,-342084,-1359786,0,0,0,250,427,166,361,394,370,306,290,265,167,195,186,0
2,1768494690928,2416,16731,9834,-3821572,-730594,-21991,0,0,0,240,424,169,347,376,369,303,291,264,166,195,182,0
2,1768494690944,5733,8987,6432,-4560719,-1102000,590095,0,0,0,237,422,160,342,386,359,297,310,254,158,206,169,0
2,1768494690960,8657,5513,3067,-4351803,-541226,394618,0,0,0,235,422,160,341,377,357,298,313,249,169,206,161,0
2,1768494690976,7202,5757,3555,-4340808,582765,-157603,0,0,0,235,424,158,336,373,350,284,315,238,161,210,159,0
2,1768494690992,3225,6101,6609,-4809952,1137431,-401949,0,0,0,235,423,159,338,376,349,286,325,236,158,213,156,0
2,1768494691008,1746,5575,8346,-5188689,1104444,-335975,0,0,0,232,419,152,337,391,347,288,335,237,158,220,153,0
2,1768494691024,2397,4771,9284,-5442809,1148426,-164933,0,0,0,232,421,153,334,389,346,286,341,236,159,228,151,0
2,1768494691040,2608,4388,10691,-5666385,1439198,-23212,0,0,0,233,423,156,309,397,333,288,346,240,158,227,147,0
2,1768494691056,1957,4249,12969,-5968153,1743409,180816,0,0,0,234,423,158,311,389,333,290,351,242,157,224,145,0
2,1768494691072,1598,3957,15132,-6271142,1882686,422718,0,0,0,235,423,158,335,366,347,288,353,241,156,224,145,0
2,1768494691088,1919,3311,17319,-6547253,1953547,648738,0,0,0,234,421,155,335,364,348,288,352,243,156,224,142,0
2,1768494691104,2651,2474,19956,-6740287,2103819,773355,0,0,0,235,421,154,337,369,349,289,351,243,157,226,140,0
2,1768494691120,3230,1789,23230,-6878342,2307848,873537,0,0,0,235,422,153,341,371,353,287,349,239,159,225,144,0
2,1768494691136,3326,1244,27298,-6989520,2486221,1103222,0,0,0,237,421,156,341,367,354,294,342,247,163,220,150,0
2,1768494691152,2392,-1397,31399,-7120245,2583959,1758070,0,0,0,234,420,156,338,363,354,299,341,254,163,217,150,0
2,1768494691168,397,-7609,34256,-7064045,2657263,2454456,0,0,0,244,425,163,343,363,360,312,339,263,163,211,150,0
2,1768494691184,-2885,-17544,35319,-6646213,2417804,2869844,0,0,0,239,423,156,348,365,364,311,332,265,164,210,149,0
2,1768494691200,-665,-32055,29255,-5545434,1117883,2492330,0,0,0,243,426,163,355,370,367,315,335,267,165,211,149,0
2,1768494691216,4915,-43187,18176,-3903428,455705,1040914,0,0,0,239,426,159,354,371,366,317,337,272,166,211,149,0
2,1768494691232,-1081,-46656,12074,-1793500,1207069,-1336573,0,0,0,232,390,154,337,338,353,354,421,265,185,276,136,0
2,1768494691248,-14520,-45800,16688,89186,913854,-2466673,0,0,0,237,352,149,325,297,350,426,460,266,178,300,129,0
2,1768494691264,-19104,-34888,24479,2763554,-2400700,-1695761,0,0,0,244,333,151,320,285,354,469,489,259,284,390,137,0
2,1768494691280,-3000,-3474,19851,5750685,-6514266,-134390,0,0,0,258,336,160,332,281,367,491,519,260,351,450,146,0
2,1768494691296,3675,7485,17257,6318790,-5331631,845437,0,0,0,269,351,161,358,282,379,520,547,268,395,476,144,0
2,1768494691312,-2546,1311,21871,5299866,-1672549,1029918,0,0,0,268,370,162,375,299,390,553,573,276,479,522,150,0
2,1768494691328,-5178,-2948,22431,3587000,272445,311541,0,0,0,270,401,177,383,321,415,580,588,300,485,526,182,0
2,1768494691344,43,-555,15065,2034181,-235793,-212581,0,0,0,276,444,195,408,353,445,598,606,326,492,535,228,0
2,1768494691360,1914,851,9743,845437,-525344,62308,0,0,0,287,476,208,438,385,451,621,621,339,466,529,273,0
2,1768494691376,689,306,9581,184481,-414166,200363,0,0,0,291,490,224,452,404,463,638,639,336,536,574,294,0
2,1768494691392,-129,335,10624,7330,-305432,69638,0,0,0,322,505,246,452,405,470,650,651,349,552,579,304,0
2,1768494691408,95,880,10528,12217,-257785,-24434,0,0,0,342,501,266,447,407,481,660,661,361,558,584,307,0
2,1768494691424,416,1158,10107,31764,-194255,-15882,0,0,0,346,509,255,452,410,478,661,662,361,559,584,312,0
2,1768494691440,354,1095,10107,32986,-106290,1221,0,0,0,347,505,256,454,411,474,664,664,357,557,586,313,0
2,1768494691456,263,1048,10160,53756,-31764,-2443,0,0,0,354,504,260,450,407,463,660,659,348,555,584,307,0
2,1768494691472,258,1072,10131,92851,13439,-20769,0,0,0,361,508,262,453,410,468,649,648,352,544,575,312,0
2,1768494691488,306,1110,10050,142942,39095,-23212,0,0,0,364,514,258,452,413,472,638,636,355,540,570,318,0
2,1768494691504,344,1086,10007,190589,51312,-20769,0,0,0,367,517,256,452,413,472,632,625,356,539,567,321,0
2,1768494691520,378,1014,10002,219911,47647,-20769,0,0,0,371,514,258,459,412,471,624,613,357,491,518,333,0
2,1768494691536,406,947,9992,222354,36651,-26878,0,0,0,371,511,256,464,413,470,613,605,358,386,413,355,0
2,1768494691552,411,918,9987,211359,25656,-36651,0,0,0,370,514,256,460,417,473,612,600,365,298,329,377,0
2,1768494691568,440,918,9983,206472,15882,-46425,0,0,0,366,516,250,459,420,475,610,589,372,293,315,378,0
2,1768494691584,478,904,9997,208915,0,-51312,0,0,0,372,517,252,468,418,483,602,578,372,293,307,391,0
2,1768494691600,492,861,10002,215024,-29321,-57421,0,0,0,372,524,255,467,425,489,607,569,386,295,297,406,0
2,1768494691616,473,823,10002,221133,-54977,-62308,0,0,0,383,529,254,474,437,489,613,552,396,395,382,392,0
2,1768494691632,430,799,10021,235793,-70860,-65973,0,0,0,406,544,266,486,451,489,618,529,408,446,426,401,0
2,1768494691648,406,770,10054,259006,-67195,-64751,0,0,0,428,541,286,496,452,499,616,524,424,303,264,446,0
2,1768494691664,454,741,10126,291993,-58643,-67195,0,0,0,451,552,301,507,457,501,627,489,424,295,239,460,0
2,1768494691680,555,722,10203,346971,-57421,-83077,0,0,0,469,570,309,515,473,513,617,471,412,344,267,489,0
2,1768494691696,603,665,10299,434936,-59864,-118507,0,0,0,489,583,317,525,479,521,607,447,406,313,237,527,0
2,1768494691712,603,579,10504,552222,-57421,-156381,0,0,0,506,600,317,531,488,538,610,425,416,285,207,553,0
2,1768494691728,665,497,10873,741590,-65973,-183259,0,0,0,514,603,288,541,508,554,609,411,420,286,199,569,0
2,1768494691744,689,449,11567,1038470,-72082,-216246,0,0,0,523,603,259,563,529,562,589,401,421,294,201,586,0
2,1768494691760,483,469,12476,1441641,-50090,-237015,0,0,0,540,614,252,581,544,576,559,394,429,306,210,600,0
2,1768494691776,191,406,13113,1915673,17104,-205250,0,0,0,552,615,234,583,556,596,525,393,429,311,215,614,0
2,1768494691792,162,229,13548,2384817,94073,-150272,0,0,0,559,623,226,583,554,607,471,387,437,305,215,627,0
2,1768494691808,411,162,14338,2946813,123394,-94073,0,0,0,562,614,209,587,561,610,425,362,454,309,221,628,0
2,1768494691824,1005,196,15611,3587000,79412,-84299,0,0,0,574,613,217,553,564,586,364,346,420,315,239,635,0
2,1768494691840,1919,181,17228,4342030,-21991,-202807,0,0,0,569,616,222,543,558,597,315,308,402,302,240,627,0
2,1768494691856,2397,119,19444,5268101,-120951,-438601,0,0,0,555,602,209,553,570,583,289,240,419,283,212,592,0
2,1768494691872,2641,-191,23029,6315124,-223576,-642630,0,0,0,544,588,211,547,552,568,268,171,410,265,181,529,0
2,1768494691888,3393,-928,27044,7210653,-334754,-729373,0,0,0,498,586,197,528,537,547,265,160,385,262,177,499,0
2,1768494691904,5240,-1919,29538,8016995,-294437,-874759,0,0,0,443,553,173,497,500,508,287,201,350,261,175,467,0
2,1768494691920,4436,-1407,31653,8498357,-195476,-1177748,0,0,0,368,501,158,446,445,456,293,208,314,235,164,399,0
2,1768494691936,4924,2656,32538,8418944,-605978,-1428202,0,0,0,286,456,161,388,389,408,307,221,294,193,162,285,0
2,1768494691952,8758,10528,26968,7838622,-847880,-1644449,0,0,0,250,438,170,361,366,389,323,253,293,172,173,210,0
2,1768494691968,10380,18635,15668,6593679,-664621,-2039068,0,0,0,251,438,169,361,371,386,314,262,293,172,181,201,0
2,1768494691984,7351,22201,8844,3536909,-499687,-2122145,0,0,0,248,437,163,358,372,372,305,267,283,173,186,191,0
2,1768494692000,3105,20957,9016,-808785,-619417,-1364672,0,0,0,251,436,163,353,369,362,307,277,267,176,194,181,0
2,1768494692016,1856,14199,10423,-3892433,-1143539,-84299,0,0,0,239,426,158,347,369,360,300,290,256,171,203,178,0
2,1768494692032,5637,7729,6585,-4422664,-1389107,720820,0,0,0,238,424,160,345,372,360,298,299,249,168,210,170,0
2,1768494692048,8446,5398,3239,-4251622,-696386,723264,0,0,0,237,425,157,341,372,357,293,306,244,166,213,164,0
2,1768494692064,6365,5585,4326,-4461759,356745,379958,0,0,0,237,425,155,342,376,354,289,316,236,166,221,159,0
2,1768494692080,3508,5470,6594,-4841717,827111,221133,0,0,0,235,423,154,337,375,348,288,325,236,166,222,153,0
2,1768494692096,2785,4910,8001,-5141041,790459,238237,0,0,0,230,422,151,337,374,347,288,333,233,167,227,154,0
2,1768494692112,3364,4580,9073,-5445252,972497,218689,0,0,0,231,423,153,338,370,348,285,330,229,164,228,148,0
2,1768494692128,2847,4498,10715,-5755572,1296256,195476,0,0,0,232,423,154,338,369,350,287,334,234,163,229,147,0
2,1768494692144,1483,4235,12979,-6068335,1535715,273667,0,0,0,234,422,154,337,370,349,289,337,236,163,230,146,0
2,1768494692160,1005,3618,15065,-6334672,1546710,463035,0,0,0,233,420,152,337,367,348,292,337,235,166,232,146,0
2,1768494692176,1301,3125,17176,-6613227,1611462,590095,0,0,0,233,421,152,339,363,350,293,341,234,167,234,143,0
2,1768494692192,1507,2804,19679,-6878342,1772730,629191,0,0,0,236,423,152,340,361,353,289,341,232,165,232,141,0
2,1768494692208,1541,2435,23192,-7116580,1951103,729373,0,0,0,239,421,154,340,359,355,290,336,233,167,229,143,0
2,1768494692224,1287,2014,27092,-7236309,2043955,1036027,0,0,0,244,421,161,340,356,352,295,339,242,170,227,148,0
2,1768494692240,622,-23,30973,-7367034,2061059,1649336,0,0,0,243,425,164,339,355,352,299,342,249,170,225,149,0
2,1768494692256,-47,-6532,33792,-7325495,1968207,2470339,0,0,0,241,423,158,345,359,359,305,339,254,172,224,146,0
2,1768494692272,-737,-17831,33759,-6748839,1594358,2807536,0,0,0,241,423,156,348,360,363,309,338,255,172,222,146,0
2,1768494692288,2474,-30916,29083,-5674938,713490,2400700,0,0,0,241,426,158,354,365,369,311,338,261,176,226,150,0
2,1768494692304,7054,-40397,19664,-4034154,372627,1004262,0,0,0,239,424,158,354,367,370,311,338,264,174,226,150,0
2,1768494692320,-488,-42603,14180,-1942551,1114218,-872315,0,0,0,234,419,152,349,362,369,312,365,252,180,239,148,0
2,1768494692336,-10887,-41665,14682,-321315,911410,-1599245,0,0,0,236,379,158,336,332,358,367,434,250,210,329,133,0
2,1768494692352,-12682,-38808,20349,1491732,-886976,-1171639,0,0,0,245,350,158,318,303,345,426,464,261,244,389,122,0
2,1768494692368,-2450,-13606,19980,4676784,-4344473,-417831,0,0,0,249,347,157,315,291,354,438,484,263,315,431,129,0
2,1768494692384,4111,7202,15386,6400645,-4682892,136833,0,0,0,256,359,161,329,290,373,451,509,267,380,464,144,0
2,1768494692400,512,3857,17645,6089104,-1516167,846659,0,0,0,268,372,163,352,295,382,498,525,274,393,470,154,0
2,1768494692416,-4187,-2244,22053,4882034,376292,758694,0,0,0,278,389,165,374,306,384,519,536,292,402,475,163,0
2,1768494692432,-1689,-1679,19392,3194825,-248011,-125838,0,0,0,283,414,184,389,323,401,516,551,328,452,508,184,0
2,1768494692448,1445,536,13749,1811826,-593761,-342084,0,0,0,280,442,212,407,347,433,586,587,324,484,523,228,0
2,1768494692464,1646,1124,9968,816115,-326202,-17104,0,0,0,281,470,237,418,380,454,612,615,338,523,559,275,0
2,1768494692480,564,239,10299,300545,-215024,114842,0,0,0,317,494,233,432,400,473,620,619,345,531,570,320,0
2,1768494692496,157,325,10662,45204,-272445,70860,0,0,0,341,501,238,440,407,478,620,620,345,539,570,330,0
2,1768494692512,330,942,10361,7330,-271224,8552,0,0,0,355,506,242,443,408,475,624,625,345,552,580,333,0
2,1768494692528,445,1153,10083,9773,-174707,8552,0,0,0,365,507,243,448,408,462,635,635,344,558,583,338,0
2,1768494692544,425,1124,10064,12217,-98960,10995,0,0,0,368,510,248,454,412,465,635,635,336,560,586,336,0
2,1768494692560,387,1100,10102,26878,-65973,-1221,0,0,0,371,513,248,455,415,468,635,636,344,558,586,328,0
2,1768494692576,378,1119,10093,46425,-37873,-13439,0,0,0,371,514,248,450,412,463,633,634,336,557,586,328,0
2,1768494692592,378,1134,10050,70860,-2443,-24434,0,0,0,367,515,247,448,411,461,629,629,329,555,584,328,0
2,1768494692608,392,1105,10011,84299,23212,-26878,0,0,0,365,517,251,448,411,462,624,624,333,552,580,324,0
2,1768494692624,416,1081,9978,92851,39095,-28099,0,0,0,365,517,256,447,409,458,622,622,330,548,577,323,0
2,1768494692640,440,1081,9959,94073,34208,-28099,0,0,0,361,515,247,453,411,456,620,621,328,539,572,325,0
2,1768494692656,459,1086,9954,94073,21991,-28099,0,0,0,358,513,244,456,414,459,620,619,338,524,565,330,0
2,1768494692672,492,1091,9968,105068,7330,-28099,0,0,0,360,512,253,457,415,468,620,619,342,512,557,338,0
2,1768494692688,512,1062,9978,123394,0,-30543,0,0,0,363,512,239,454,410,460,619,618,341,497,544,332,0
2,1768494692704,516,1028,9964,130725,-9773,-36651,0,0,0,361,514,235,466,419,459,617,608,340,517,552,331,0
2,1768494692720,526,1024,9949,134390,-24434,-43982,0,0,0,370,515,240,468,421,466,617,606,362,489,513,349,0
2,1768494692736,531,1028,9949,151494,-45204,-47647,0,0,0,384,517,245,469,429,464,626,599,373,477,495,358,0
2,1768494692752,526,1024,9964,182037,-64751,-47647,0,0,0,402,524,253,474,437,480,611,586,372,450,459,385,0
2,1768494692768,526,995,10007,221133,-74525,-42760,0,0,0,418,533,256,483,444,482,609,571,375,341,339,427,0
2,1768494692784,536,981,10050,268780,-78190,-43982,0,0,0,437,545,268,492,462,489,613,551,378,297,281,465,0
2,1768494692800,555,942,10112,337197,-75747,-54977,0,0,0,463,560,285,498,471,499,622,530,388,296,257,503,0
2,1768494692816,579,856,10174,412944,-67195,-74525,0,0,0,481,574,295,510,478,513,623,496,396,299,235,537,0
2,1768494692832,593,770,10308,504574,-58643,-100181,0,0,0,498,594,319,523,497,530,616,463,416,301,228,561,0
2,1768494692848,646,722,10576,614530,-42760,-123394,0,0,0,515,609,325,535,517,543,612,438,430,305,225,575,0
2,1768494692864,799,665,11194,855211,-36651,-162490,0,0,0,526,612,281,547,530,553,601,418,417,311,222,587,0
2,1768494692880,899,521,12031,1277930,-24434,-210137,0,0,0,541,626,253,552,547,573,570,410,423,307,223,597,0
2,1768494692896,555,512,13122,1883908,26878,-227241,0,0,0,546,623,242,564,561,590,538,404,425,328,230,610,0
2,1768494692912,416,574,14185,2469117,84299,-190589,0,0,0,554,623,232,577,567,575,493,387,412,351,249,625,0
2,1768494692928,842,531,14984,2933374,63529,-155159,0,0,0,558,623,216,574,572,570,454,381,429,343,251,633,0
2,1768494692944,1320,550,15927,3501479,-65973,-201585,0,0,0,576,616,215,566,582,565,395,362,400,353,287,628,0
2,1768494692960,1928,478,16975,4147774,-194255,-316428,0,0,0,573,613,220,566,570,572,339,345,397,321,267,628,0
2,1768494692976,3048,330,19143,5026199,-277332,-555887,0,0,0,569,607,214,557,568,576,297,280,414,291,233,595,0
2,1768494692992,3819,215,22057,6006027,-377514,-835663,0,0,0,535,596,217,548,558,570,275,204,409,271,199,538,0
2,1768494693008,4288,-378,25441,7095810,-505796,-1092227,0,0,0,496,578,199,528,537,543,266,164,383,263,181,505,0
2,1768494693024,4766,-1359,27609,7920478,-290771,-1260825,0,0,0,448,546,167,502,505,509,269,162,349,260,177,473,0
2,1768494693040,3862,-1426,29672,8425053,210137,-1418429,0,0,0,390,507,152,459,455,456,284,183,319,248,172,422,0
2,1768494693056,3192,143,31950,8500800,488692,-1534493,0,0,0,309,465,158,402,401,401,306,219,293,242,172,311,0
2,1768494693072,4785,6896,29389,8084190,102625,-1770287,0,0,0,249,438,165,370,376,383,321,256,285,219,184,205,0
2,1768494693088,6470,17032,19870,7131240,-580321,-2090380,0,0,0,252,438,167,369,376,385,316,272,287,174,187,200,0
2,1768494693104,6317,23929,9973,4460537,-1106887,-1898569,0,0,0,256,438,166,364,376,377,306,277,276,173,190,196,0
2,1768494693120,5269,24847,7604,123394,-1187522,-1067792,0,0,0,253,435,160,359,374,364,304,284,261,171,193,183,0
2,1768494693136,4517,17224,8987,-3511253,-1119105,-79412,0,0,0,248,432,161,354,370,360,300,289,257,170,195,179,0
2,1768494693152,5508,9375,7293,-4693888,-1015258,359188,0,0,0,242,424,161,349,371,362,300,297,253,168,202,172,0
2,1768494693168,6949,6369,4149,-4234517,-483805,134390,0,0,0,246,426,165,343,370,356,294,305,248,166,211,165,0
2,1768494693184,5910,6896,4149,-4234517,401949,-222354,0,0,0,242,426,161,343,370,354,291,311,239,165,212,160,0
2,1768494693200,2857,7130,7370,-5032307,880867,-280998,0,0,0,238,422,153,344,370,350,291,321,236,165,219,154,0
2,1768494693216,2196,5805,9246,-5594303,862541,-120951,0,0,0,240,423,159,342,369,351,289,324,238,159,221,147,0
2,1768494693232,2742,4355,10279,-5856975,961501,41538,0,0,0,239,422,158,340,370,352,287,331,237,158,225,146,0
2,1768494693248,2555,3953,11596,-5952270,1303586,146607,0,0,0,238,422,156,339,371,350,287,336,236,161,230,146,0
2,1768494693264,1579,3962,13764,-6178291,1513724,332310,0,0,0,239,421,155,340,369,349,289,340,236,160,230,141,0
2,1768494693280,1430,3584,15869,-6450736,1568701,564439,0,0,0,240,421,155,342,367,349,293,342,239,170,231,138,0
2,1768494693296,2148,2943,17841,-6677978,1638340,723264,0,0,0,238,420,154,342,366,350,296,344,242,177,235,139,0
2,1768494693312,2641,2421,20440,-6855129,1825265,802676,0,0,0,238,418,151,341,367,351,295,346,241,165,236,140,0
2,1768494693328,2780,1990,23694,-7009067,2001194,941954,0,0,0,242,419,154,345,367,355,294,345,241,167,234,146,0
2,1768494693344,2770,1167,27532,-7144679,2100154,1297477,0,0,0,242,419,156,346,367,355,295,341,244,169,227,147,0
2,1768494693360,2589,-2392,30796,-7181331,2146580,2025629,0,0,0,244,419,157,343,362,357,296,340,253,169,226,151,0
2,1768494693376,1363,-9595,33103,-6966307,2212553,2711019,0,0,0,246,422,159,348,364,359,304,333,255,171,221,147,0
2,1768494693392,320,-20966,32778,-6361550,1738522,2823419,0,0,0,246,424,158,355,368,362,313,342,264,172,222,147,0
2,1768494693408,3149,-33792,26834,-5283984,872315,2188119,0,0,0,243,424,158,357,367,364,316,344,266,173,223,149,0
2,1768494693424,4776,-42684,17530,-3561344,747699,700051,0,0,0,246,426,161,361,370,369,320,341,270,173,223,149,0
2,1768494693440,-1727,-45623,13117,-1726305,1205847,-796568,0,0,0,238,397,156,344,342,355,346,419,256,195,290,138,0
2,1768494693456,-11696,-45489,16712,226020,531452,-1358564,0,0,0,245,366,154,334,317,347,403,454,253,189,315,128,0
2,1768494693472,-10557,-31122,20861,3268129,-2142915,-750142,0,0,0,251,353,149,328,296,344,421,484,268,266,389,123,0
2,1768494693488,-268,-2292,18085,6403089,-4378682,43982,0,0,0,260,356,148,338,287,352,442,515,283,360,463,129,0
2,1768494693504,3728,7901,17645,7005402,-3430619,637743,0,0,0,273,368,152,359,295,366,488,531,289,396,478,137,0
2,1768494693520,-2067,588,22608,5396383,-1211956,750142,0,0,0,276,388,157,377,312,380,524,540,287,407,478,151,0
2,1768494693536,-4024,-2981,21473,3478266,-257785,215024,0,0,0,278,416,176,394,332,400,556,556,290,428,488,185,0
2,1768494693552,-641,-746,15285,2103819,-318871,-201585,0,0,0,279,447,199,405,355,424,578,578,311,469,516,219,0
2,1768494693568,1526,1134,10366,957836,-315206,-63529,0,0,0,291,480,218,420,379,445,596,596,323,499,540,265,0
2,1768494693584,918,674,9810,317649,-271224,94073,0,0,0,328,495,244,429,394,453,611,611,335,543,562,298,0
2,1768494693600,110,397,10533,62308,-306654,56199,0,0,0,354,508,260,433,392,467,622,621,352,542,569,315,0
2,1768494693616,62,770,10524,2443,-294437,-3665,0,0,0,366,512,264,436,400,465,633,628,360,527,565,328,0
2,1768494693632,311,1177,10169,4886,-200363,-13439,0,0,0,376,513,281,442,400,471,628,627,351,549,573,330,0
2,1768494693648,335,1186,10102,13439,-96516,0,0,0,0,378,513,274,443,408,472,628,627,351,540,565,333,0
2,1768494693664,291,1129,10126,32986,-40317,-3665,0,0,0,378,516,276,438,406,469,631,630,358,543,568,331,0
2,1768494693680,287,1134,10098,56199,-14660,-17104,0,0,0,376,519,276,438,405,470,637,626,364,552,577,329,0
2,1768494693696,301,1158,10054,83077,7330,-24434,0,0,0,379,518,276,442,406,470,631,624,369,535,563,336,0
2,1768494693712,315,1158,10035,109955,24434,-26878,0,0,0,382,515,267,445,407,467,624,622,370,517,547,340,0
2,1768494693728,335,1119,10021,129503,25656,-25656,0,0,0,384,516,266,448,407,470,621,617,365,512,536,339,0
2,1768494693744,358,1086,10007,141720,15882,-25656,0,0,0,389,518,275,451,409,476,615,609,362,503,522,343,0
2,1768494693760,382,1081,9997,151494,1221,-29321,0,0,0,394,519,266,453,412,472,606,593,365,488,507,350,0
2,1768494693776,397,1081,9997,163711,-14660,-36651,0,0,0,399,527,265,459,416,474,607,581,365,470,486,359,0
2,1768494693792,397,1062,9992,183259,-31764,-45204,0,0,0,406,535,264,467,421,481,610,571,369,448,462,366,0
2,1768494693808,397,1024,9983,200363,-45204,-50090,0,0,0,398,531,259,468,428,485,612,564,369,411,416,381,0
2,1768494693824,397,985,9973,221133,-56199,-57421,0,0,0,421,545,280,468,436,493,597,563,374,292,296,422,0
2,1768494693840,387,952,9992,246789,-62308,-63529,0,0,0,433,549,279,473,437,490,609,549,376,301,283,445,0
2,1768494693856,397,928,10054,277332,-57421,-65973,0,0,0,437,551,297,471,444,499,613,517,395,300,258,475,0
2,1768494693872,459,914,10126,320093,-52534,-75747,0,0,0,458,569,321,490,464,517,605,496,412,384,347,475,0
2,1768494693888,473,875,10241,387288,-51312,-92851,0,0,0,476,583,305,502,470,523,611,469,407,313,257,514,0
2,1768494693904,483,780,10380,486248,-58643,-112399,0,0,0,488,594,291,506,480,524,610,442,423,283,209,547,0
2,1768494693920,636,698,10591,605978,-74525,-146607,0,0,0,511,614,316,519,496,530,594,423,429,284,207,570,0
2,1768494693936,655,650,10997,814894,-151494,-185703,0,0,0,528,619,312,536,517,556,578,414,420,295,217,581,0
2,1768494693952,540,555,11519,1147204,-171042,-221133,0,0,0,537,619,272,550,538,576,561,411,415,312,226,585,0
2,1768494693968,349,478,12136,1516167,-45204,-228463,0,0,0,550,626,242,558,549,576,536,402,418,318,223,597,0
2,1768494693984,239,411,12888,1943773,76969,-201585,0,0,0,564,627,230,562,556,579,504,386,428,313,222,615,0
2,1768494694000,268,339,13548,2409252,133168,-156381,0,0,0,576,633,226,568,571,592,465,376,437,314,235,627,0
2,1768494694016,598,301,14314,2906496,112399,-123394,0,0,0,585,632,221,564,566,589,423,375,426,315,235,630,0
2,1768494694032,1378,172,15343,3467271,45204,-167377,0,0,0,585,627,221,556,564,584,371,357,413,327,262,632,0
2,1768494694048,1756,105,16812,4163657,-58643,-322536,0,0,0,585,638,232,547,555,565,347,344,419,317,253,626,0
2,1768494694064,2306,43,18367,4929682,-152716,-491135,0,0,0,577,637,222,547,563,576,305,284,431,283,230,607,0
2,1768494694080,2861,-124,21282,5948605,-262672,-728151,0,0,0,561,609,227,544,559,579,278,208,429,261,187,550,0
2,1768494694096,3541,-1167,25604,6935763,-406836,-877202,0,0,0,519,581,206,534,542,555,287,202,389,258,177,513,0
2,1768494694112,5154,-2086,29222,7817853,-342084,-1012814,0,0,0,464,558,182,504,514,518,271,178,362,254,174,482,0
2,1768494694128,5259,-981,30902,8329758,-131946,-1268156,0,0,0,398,521,169,459,472,464,279,178,334,241,169,434,0
2,1768494694144,4742,1770,32069,8517904,-335975,-1566258,0,0,0,308,468,167,404,409,408,309,210,305,200,158,300,0
2,1768494694160,7403,7437,29782,8266228,-676838,-1828930,0,0,0,257,439,169,373,371,388,323,241,299,173,160,208,0
2,1768494694176,9131,15707,20430,7158118,-702495,-2150245,0,0,0,256,440,169,367,371,390,314,255,299,172,173,211,0
2,1768494694192,8217,22330,10653,4761083,-713490,-2268753,0,0,0,254,440,168,360,374,379,305,263,281,169,178,204,0
2,1768494694208,4426,23608,8241,381179,-822224,-1521054,0,0,0,255,437,167,357,377,369,302,272,264,168,181,193,0
2,1768494694224,2665,17080,10203,-3210707,-1273043,-206472,0,0,0,253,431,166,355,372,368,300,281,258,166,188,187,0
2,1768494694240,4527,9538,8695,-4783074,-1684766,751364,0,0,0,245,426,167,349,372,369,296,289,254,162,195,175,0
2,1768494694256,8284,5446,4584,-4491081,-1324355,867428,0,0,0,247,427,166,344,371,359,295,306,248,161,205,163,0
2,1768494694272,7839,5738,4297,-4421442,-185703,492357,0,0,0,247,427,164,344,371,352,294,320,239,162,213,158,0
2,1768494694288,5092,6255,6728,-4921130,565661,291993,0,0,0,251,430,163,338,366,344,288,319,234,162,212,154,0
2,1768494694304,3565,5637,9021,-5544212,613308,362853,0,0,0,247,424,154,344,366,343,303,318,231,169,214,147,0
2,1768494694320,4417,4144,9820,-5875301,648738,465479,0,0,0,243,424,155,343,371,344,287,331,231,161,229,147,0
2,1768494694336,4709,3263,10926,-6003583,1009149,476474,0,0,0,251,430,161,338,363,341,285,331,231,158,221,141,0
2,1768494694352,3814,3278,12825,-6142860,1373225,503352,0,0,0,245,426,159,341,364,345,289,337,237,160,223,141,0
2,1768494694368,2952,3283,15577,-6531371,1572367,668286,0,0,0,241,424,158,342,365,347,289,342,239,161,225,140,0
2,1768494694384,3172,2560,17745,-6885672,1671327,801455,0,0,0,243,425,159,326,376,346,289,342,242,161,224,140,0
2,1768494694400,3527,1507,20124,-7092145,1841147,883311,0,0,0,243,422,159,322,377,347,291,342,244,165,226,144,0
2,1768494694416,3531,909,22928,-7067710,2070833,951728,0,0,0,242,420,158,341,361,351,293,345,240,167,229,147,0
2,1768494694432,3230,780,26814,-7071376,2257757,1198517,0,0,0,245,422,161,343,363,354,295,353,244,178,233,148,0
2,1768494694448,2550,-909,30724,-7148345,2360383,1736079,0,0,0,246,423,160,341,358,354,295,351,248,211,248,156,0
2,1768494694464,1368,-6360,33328,-7082371,2379930,2437352,0,0,0,246,423,159,345,361,357,299,347,251,166,223,149,0
2,1768494694480,-559,-16506,33610,-6582683,2101376,2784323,0,0,0,247,425,161,348,360,362,312,348,261,168,220,146,0
2,1768494694496,134,-28303,29437,-5687155,1271821,2486221,0,0,0,248,429,165,354,366,364,310,349,260,168,222,147,0
2,1768494694512,2756,-37635,19999,-4001167,748920,1043357,0,0,0,245,430,164,354,367,365,313,348,260,166,223,147,0
2,1768494694528,-536,-41406,14505,-2218662,905302,-662177,0,0,0,243,430,163,358,373,369,311,348,261,169,223,148,0
2,1768494694544,-8700,-41607,14051,-610865,806342,-1885130,0,0,0,245,428,163,355,371,367,308,351,258,169,224,147,0
2,1768494694560,-10232,-38133,15204,849102,-184481,-1826487,0,0,0,243,407,157,347,354,362,368,433,255,251,317,146,0
2,1768494694576,-5494,-25206,19966,2497217,-1484402,-1307251,0,0,0,246,358,149,328,313,349,429,463,256,218,340,132,0
2,1768494694592,1110,-291,21536,3889989,-3472158,-519235,0,0,0,260,346,153,327,292,356,457,482,258,286,396,126,0
2,1768494694608,3034,11165,14367,5359731,-4059810,497244,0,0,0,273,360,161,344,290,370,486,514,257,370,454,134,0
2,1768494694624,-2139,1378,17798,6082996,-1607797,1075122,0,0,0,280,374,161,370,298,376,526,540,257,379,464,142,0
2,1768494694640,-3603,-3254,23330,4714657,-421497,472809,0,0,0,282,392,165,389,316,385,554,554,267,402,475,151,0
2,1768494694656,-95,-698,18798,2586403,-423940,-207694,0,0,0,279,412,186,392,328,404,575,576,294,450,505,176,0
2,1768494694672,2105,2689,10222,1540602,-610865,-70860,0,0,0,279,433,210,400,344,428,599,599,331,495,531,210,0
2,1768494694688,952,1139,9317,1216843,-483805,167377,0,0,0,285,463,222,418,365,447,618,619,345,525,554,249,0
2,1768494694704,282,-545,11385,685390,-416610,152716,0,0,0,324,489,237,446,388,458,615,616,341,524,556,292,0
2,1768494694720,277,205,11127,210137,-326202,57421,0,0,0,340,494,243,446,396,458,631,632,346,574,589,302,0
2,1768494694736,421,1110,10184,9773,-207694,9773,0,0,0,347,502,248,447,405,463,640,640,352,595,605,310,0
2,1768494694752,531,1316,9849,39095,-112399,10995,0,0,0,359,504,246,445,406,459,644,644,343,601,611,316,0
2,1768494694768,526,1124,10078,67195,-69638,9773,0,0,0,360,507,247,450,408,458,643,642,343,605,612,322,0
2,1768494694784,478,1091,10131,63529,-42760,-3665,0,0,0,365,508,252,449,404,460,644,638,350,598,606,324,0
2,1768494694800,469,1158,10054,91629,-17104,-14660,0,0,0,375,512,253,455,406,464,640,633,354,568,588,330,0
2,1768494694816,478,1167,10011,147829,7330,-18325,0,0,0,384,516,255,464,412,475,631,626,355,533,565,338,0
2,1768494694832,512,1095,10007,196698,23212,-19547,0,0,0,393,518,262,469,415,485,625,621,357,514,547,342,0
2,1768494694848,540,1043,9987,213802,17104,-19547,0,0,0,400,519,262,472,419,483,622,616,358,505,535,347,0
2,1768494694864,564,1005,9978,221133,6108,-25656,0,0,0,403,521,255,472,424,476,619,606,356,467,497,366,0
2,1768494694880,574,985,9987,233350,0,-40317,0,0,0,408,524,252,472,425,475,615,592,362,386,407,392,0
2,1768494694896,583,966,10011,254119,0,-56199,0,0,0,408,524,249,472,430,475,616,579,376,299,309,419,0
2,1768494694912,607,947,10040,287106,-6108,-69638,0,0,0,422,528,248,476,437,481,616,559,400,322,322,424,0
2,1768494694928,646,923,10064,335975,-30543,-79412,0,0,0,440,539,247,480,439,488,616,524,406,454,440,419,0
2,1768494694944,655,866,10069,375071,-57421,-87964,0,0,0,454,548,247,497,468,510,605,535,400,294,249,475,0
2,1768494694960,607,775,10059,398284,-78190,-94073,0,0,0,460,560,247,495,487,509,615,511,405,288,241,495,0
2,1768494694976,536,698,10102,416610,-79412,-90408,0,0,0,479,570,253,496,493,515,609,490,414,284,226,516,0
2,1768494694992,579,650,10241,458148,-73303,-90408,0,0,0,494,576,251,512,499,530,601,460,410,286,215,539,0
2,1768494695008,703,569,10385,543670,-81855,-109955,0,0,0,510,581,250,518,502,541,584,434,406,282,207,561,0
2,1768494695024,722,449,10504,674395,-113620,-139277,0,0,0,520,588,243,530,526,550,575,416,412,291,213,579,0
2,1768494695040,626,315,10653,857654,-134390,-161268,0,0,0,528,593,228,544,539,550,566,406,419,304,220,586,0
2,1768494695056,655,296,11246,1086118,-83077,-168598,0,0,0,541,602,220,555,543,557,544,394,442,304,220,595,0
2,1768494695072,818,330,12146,1361007,46425,-213802,0,0,0,551,613,224,570,554,575,480,372,448,309,219,602,0
2,1768494695088,722,349,13098,1727526,163711,-272445,0,0,0,554,620,225,582,563,581,428,361,421,325,224,603,0
2,1768494695104,368,191,13409,2222327,142942,-229685,0,0,0,566,620,220,575,562,574,468,380,429,327,227,620,0
2,1768494695120,167,110,13692,2703689,129503,-134390,0,0,0,577,625,222,573,559,578,423,376,437,321,222,629,0
2,1768494695136,894,-47,14472,3169168,122173,-98960,0,0,0,586,627,223,562,561,584,384,365,416,310,221,638,0
2,1768494695152,1732,-167,15721,3767816,69638,-179594,0,0,0,597,641,235,561,578,610,331,344,416,305,219,629,0
2,1768494695168,2306,-301,17391,4535063,-34208,-360410,0,0,0,604,641,238,561,581,594,303,294,440,291,204,621,0
2,1768494695184,3426,-837,19593,5451361,-118507,-590095,0,0,0,562,614,224,569,589,594,293,227,429,267,182,579,0
2,1768494695200,4618,-2029,23498,6421415,-76969,-853989,0,0,0,525,599,199,557,560,568,276,171,413,257,169,516,0
2,1768494695216,5637,-2780,27547,7254635,86742,-1080009,0,0,0,482,578,188,528,526,531,277,161,386,252,163,483,0
2,1768494695232,5963,-2311,30069,7914370,190589,-1396437,0,0,0,428,548,165,490,492,481,285,168,347,239,158,449,0
2,1768494695248,5273,-287,31959,8351749,94073,-1792278,0,0,0,344,497,154,433,437,430,298,190,319,213,147,377,0
2,1768494695264,5790,3354,32591,8373740,-61086,-2043955,0,0,0,270,457,158,392,396,405,316,219,302,169,129,272,0
2,1768494695280,8107,12543,26546,7704232,-139277,-2405587,0,0,0,240,442,162,377,382,398,322,240,294,148,128,212,0
2,1768494695296,7465,18650,16491,6043900,-305432,-2764776,0,0,0,243,440,162,370,379,389,311,251,282,146,133,200,0
2,1768494695312,5029,22196,9719,2783102,-613308,-2656042,0,0,0,249,437,164,364,379,376,302,260,268,137,129,188,0
2,1768494695328,2187,19798,9590,-1693318,-996932,-1676214,0,0,0,247,429,167,356,377,369,298,268,266,140,139,190,0
2,1768494695344,2636,12237,9231,-4144109,-1442863,-421497,0,0,0,247,429,168,351,375,370,293,278,261,136,146,185,0
2,1768494695360,5637,6905,5781,-4499633,-1468520,249233,0,0,0,245,428,163,346,378,358,294,292,252,136,153,166,0
2,1768494695376,7910,5652,3206,-4222300,-695164,272445,0,0,0,242,425,158,312,406,343,295,306,252,134,156,167,0
2,1768494695392,6513,6207,4670,-4599815,366519,135612,0,0,0,242,425,157,344,380,355,291,322,241,131,166,153,0
2,1768494695408,4321,6135,7312,-5260771,889419,166155,0,0,0,242,427,156,341,372,350,286,324,236,129,165,148,0
2,1768494695424,3957,5005,8777,-5725029,896750,328645,0,0,0,241,425,154,341,372,349,287,331,234,132,169,147,0
2,1768494695440,4331,3709,9863,-6007248,1044579,463035,0,0,0,238,425,156,342,373,348,285,333,234,130,171,142,0
2,1768494695456,3991,3201,11280,-6122091,1370781,522900,0,0,0,238,425,158,343,372,349,285,337,234,129,173,140,0
2,1768494695472,3182,3101,13299,-6288246,1576032,636521,0,0,0,240,425,158,343,369,351,288,340,234,131,174,139,0
2,1768494695488,3010,2962,15443,-6524040,1693318,785572,0,0,0,241,425,158,344,368,352,291,343,236,134,177,139,0
2,1768494695504,3517,2723,17822,-6849021,1842369,897971,0,0,0,240,425,157,346,373,354,291,348,235,132,181,138,0
2,1768494695520,3728,2120,20765,-7138571,2069611,961501,0,0,0,241,424,156,345,375,355,291,354,236,131,183,137,0
2,1768494695536,3670,1416,24335,-7288844,2276083,1095892,0,0,0,243,423,158,344,370,356,295,357,243,142,187,140,0
2,1768494695552,3354,440,28379,-7307169,2441017,1475850,0,0,0,244,423,160,344,369,359,296,358,251,152,189,146,0
2,1768494695568,2010,-2866,32208,-7236309,2612059,2151467,0,0,0,244,423,162,345,366,360,304,357,258,134,176,146,0
2,1768494695584,-985,-10126,34879,-6906442,2616946,2796541,0,0,0,244,423,158,349,367,361,315,354,262,137,172,145,0
2,1768494695600,-2569,-21584,34003,-6214942,1769065,2907718,0,0,0,247,428,158,353,367,363,323,346,266,137,170,145,0
2,1768494695616,2469,-34644,26417,-5092172,499687,2056172,0,0,0,245,429,160,353,367,363,322,346,276,137,172,146,0
2,1768494695632,4321,-41244,17535,-3428175,641408,42760,0,0,0,247,431,162,360,372,371,320,347,270,141,175,151,0
2,1768494695648,-4125,-43469,13778,-1473406,1141096,-1925447,0,0,0,245,415,158,346,352,354,329,387,251,151,194,147,0
2,1768494695664,-13869,-41545,15874,155159,583987,-2291966,0,0,0,240,390,151,339,337,351,383,440,248,172,300,130,0
2,1768494695680,-12227,-31586,21727,2240653,-1616349,-1280373,0,0,0,241,356,146,318,308,347,423,464,253,196,376,123,0
2,1768494695696,-3034,-8499,20425,4728096,-4096462,-136833,0,0,0,245,346,150,310,290,348,423,492,251,305,444,129,0
2,1768494695712,4407,8423,14912,6291911,-4015828,725707,0,0,0,256,356,156,324,290,362,455,503,257,324,449,140,0
2,1768494695728,162,2412,17808,5743354,-1257160,1145983,0,0,0,267,365,158,343,292,377,503,515,267,337,455,151,0
2,1768494695744,-4221,-2656,21368,4422664,-72082,773355,0,0,0,272,378,161,365,301,387,534,548,282,396,489,164,0
2,1768494695760,-1569,-971,18195,3078760,-734260,40317,0,0,0,277,408,178,386,324,403,569,569,310,386,483,196,0
2,1768494695776,1560,961,13098,1810604,-946841,-106290,0,0,0,285,448,203,407,355,425,586,587,330,411,498,249,0
2,1768494695792,1430,507,10868,799011,-507018,131946,0,0,0,299,478,221,432,385,448,602,602,338,421,514,296,0
2,1768494695808,339,52,10820,191811,-301767,138055,0,0,0,336,497,248,446,409,463,610,610,344,438,531,341,0
2,1768494695824,62,569,10581,9773,-282219,40317,0,0,0,364,507,265,456,420,480,606,606,356,432,518,355,0
2,1768494695840,358,1062,10222,56199,-238237,0,0,0,0,374,512,258,454,417,472,623,623,349,436,523,360,0
2,1768494695856,478,1124,10078,70860,-140499,1221,0,0,0,376,513,258,454,418,471,622,623,349,435,526,365,0
2,1768494695872,425,1019,10098,57421,-56199,3665,0,0,0,386,520,262,456,423,468,627,627,349,436,521,367,0
2,1768494695888,402,1038,10098,65973,-31764,-9773,0,0,0,394,518,255,459,424,469,621,620,349,438,518,368,0
2,1768494695904,421,1081,10078,96516,-9773,-19547,0,0,0,397,517,258,462,425,472,616,616,350,437,506,372,0
2,1768494695920,440,1072,10050,130725,9773,-19547,0,0,0,400,519,260,464,427,472,613,612,352,429,491,375,0
2,1768494695936,464,1043,10021,158824,21991,-17104,0,0,0,403,523,255,470,433,471,609,609,355,400,458,382,0
2,1768494695952,502,1019,10007,178372,17104,-17104,0,0,0,413,530,257,469,437,469,575,579,370,406,460,383,0
2,1768494695968,545,1000,10002,201585,0,-20769,0,0,0,421,535,260,468,443,469,571,570,369,432,478,387,0
2,1768494695984,564,966,10002,224798,-25656,-28099,0,0,0,424,538,261,472,449,473,605,586,355,411,446,402,0
2,1768494696000,559,914,9997,227241,-43982,-34208,0,0,0,431,545,267,475,451,477,606,574,362,389,415,411,0
2,1768494696016,531,875,9983,219911,-56199,-41538,0,0,0,439,550,268,475,459,475,603,557,365,422,440,415,0
2,1768494696032,531,871,9997,227241,-61086,-50090,0,0,0,452,561,270,485,469,490,600,541,374,291,284,460,0
2,1768494696048,564,871,10074,271224,-65973,-61086,0,0,0,467,568,276,496,477,493,596,527,378,285,255,477,0
2,1768494696064,603,856,10155,338419,-81855,-72082,0,0,0,482,577,298,503,488,512,594,497,394,310,266,505,0
2,1768494696080,617,799,10222,414166,-102625,-87964,0,0,0,497,586,330,507,496,522,578,455,384,422,374,512,0
2,1768494696096,607,713,10318,476474,-114842,-107512,0,0,0,503,587,322,512,503,532,571,423,389,422,355,536,0
2,1768494696112,646,598,10538,580321,-131946,-138055,0,0,0,522,603,296,526,520,540,564,404,404,405,330,554,0
2,1768494696128,717,502,10945,774577,-152716,-177150,0,0,0,529,612,267,548,537,557,541,386,403,411,329,580,0
2,1768494696144,703,421,11404,1103222,-116064,-221133,0,0,0,539,617,246,556,550,565,524,375,401,403,318,601,0
2,1768494696160,679,325,11840,1423316,-84299,-245567,0,0,0,554,622,236,558,562,565,502,365,406,393,307,616,0
2,1768494696176,583,311,12605,1792278,-129503,-244346,0,0,0,562,628,230,565,571,568,474,361,405,392,307,631,0
2,1768494696192,272,272,13419,2232101,-199142,-206472,0,0,0,567,631,223,569,576,572,443,361,398,387,309,638,0
2,1768494696208,119,248,14022,2703689,-212581,-124616,0,0,0,574,628,216,568,578,571,408,358,399,374,301,636,0
2,1768494696224,693,177,14749,3119077,-163711,-103847,0,0,0,579,632,212,565,578,574,371,356,399,354,291,638,0
2,1768494696240,1799,-90,15860,3732386,-162490,-205250,0,0,0,586,639,212,551,581,576,329,332,390,334,273,639,0
2,1768494696256,2498,-258,16956,4394564,-226020,-412944,0,0,0,586,623,212,544,583,563,296,290,402,316,241,632,0
2,1768494696272,2301,-258,19277,5379279,-323758,-680503,0,0,0,589,619,215,538,581,560,285,232,425,301,222,611,0
2,1768494696288,2680,-808,22512,6299242,-387288,-841772,0,0,0,550,600,206,537,549,542,265,160,406,270,182,526,0
2,1768494696304,3876,-2321,26226,7183775,-317649,-973719,0,0,0,505,585,200,517,529,528,257,158,384,258,174,508,0
2,1768494696320,5326,-3005,28810,8027990,-6108,-1127657,0,0,0,442,553,170,498,501,521,256,158,343,251,174,487,0
2,1768494696336,3776,-1043,32127,8587543,448375,-1358564,0,0,0,372,507,158,438,442,440,283,176,315,235,166,411,0
2,1768494696352,2445,3326,35008,8449487,-158824,-1532050,0,0,0,276,452,170,384,384,394,314,203,294,193,155,249,0
2,1768494696368,6513,10064,30054,7946135,-1017701,-1700648,0,0,0,241,441,169,371,371,391,323,232,296,182,171,205,0
2,1768494696384,9179,16740,18229,6715852,-1036027,-2007303,0,0,0,238,441,164,365,373,388,316,250,290,182,186,204,0
2,1768494696400,7035,21933,10404,3888768,-869872,-1958433,0,0,0,243,441,161,356,371,373,304,256,272,184,196,197,0
2,1768494696416,2196,21947,9681,-1277930,-1053131,-1006705,0,0,0,242,439,159,351,369,363,297,260,258,184,206,189,0
2,1768494696432,2421,13381,10136,-4250400,-1688431,168598,0,0,0,236,433,158,348,368,358,294,271,251,183,216,181,0
2,1768494696448,5881,6231,6623,-4704884,-1901012,697608,0,0,0,235,431,159,343,367,356,292,286,248,182,227,175,0
2,1768494696464,8126,5082,3531,-4172209,-1077566,433714,0,0,0,238,426,158,343,372,357,290,296,243,182,238,169,0
2,1768494696480,7226,5982,4024,-4337143,-79412,100181,0,0,0,238,426,155,344,373,349,287,305,234,184,245,162,0
2,1768494696496,5101,6312,6838,-5093394,408057,-2443,0,0,0,239,426,152,344,370,346,289,314,235,184,250,157,0
2,1768494696512,5297,5168,8207,-5593082,478918,94073,0,0,0,240,423,156,344,368,349,289,317,236,185,256,150,0
2,1768494696528,5824,4072,9164,-5896071,769690,173485,0,0,0,233,422,159,338,368,355,286,322,237,185,261,153,0
2,1768494696544,5384,3479,10638,-6113539,1266934,237015,0,0,0,233,423,158,338,363,350,285,325,233,183,263,147,0
2,1768494696560,4422,3211,12845,-6410419,1639562,383623,0,0,0,236,424,155,340,363,348,288,330,233,187,266,144,0
2,1768494696576,4063,2881,14946,-6715852,1869247,542448,0,0,0,240,425,159,338,364,351,289,331,239,188,269,149,0
2,1768494696592,4000,2388,17190,-6976081,2053728,659734,0,0,0,241,425,163,336,360,356,291,332,245,190,269,154,0
2,1768494696608,3977,1804,20210,-7112914,2257757,733038,0,0,0,238,421,161,339,358,359,295,335,249,193,269,157,0
2,1768494696624,4034,1584,23488,-7167892,2454456,831998,0,0,0,236,417,160,340,356,361,298,340,251,194,270,159,0
2,1768494696640,3852,966,27901,-7301061,2678033,1156978,0,0,0,235,416,159,319,370,349,300,344,254,193,269,158,0
2,1768494696656,2823,-2043,32045,-7425677,2879618,1749518,0,0,0,234,416,156,309,381,341,303,343,255,194,267,154,0
2,1768494696672,-559,-10543,35084,-7193549,2937040,2361605,0,0,0,234,417,156,346,359,362,311,340,258,198,265,148,0
2,1768494696688,-4058,-21253,35505,-6605896,2386039,2543642,0,0,0,235,422,157,348,364,363,312,338,261,197,265,150,0
2,1768494696704,-2096,-33452,29710,-5485569,974940,1935221,0,0,0,240,426,161,356,369,369,317,338,264,200,267,149,0
2,1768494696720,3297,-41540,19195,-3665191,384845,-50090,0,0,0,240,426,160,357,369,368,324,340,266,208,264,149,0
2,1768494696736,-162,-44579,13854,-1859473,774577,-2168571,0,0,0,243,427,159,358,368,370,318,342,259,208,265,150,0
2,1768494696752,-11619,-42258,15826,-141720,673173,-2966361,0,0,0,234,383,152,335,334,361,371,447,251,232,370,125,0
2,1768494696768,-16128,-31993,23048,1788613,-1247386,-2127032,0,0,0,239,339,150,318,295,348,419,475,251,281,408,125,0
2,1768494696784,-6623,-7891,23196,3955963,-4803844,-460592,0,0,0,250,335,158,319,277,363,450,495,261,350,445,132,0
2,1768494696800,1732,5843,16013,5535660,-5320636,735481,0,0,0,266,345,161,336,278,373,497,513,268,354,447,140,0
2,1768494696816,-492,3340,17267,5905845,-2840523,1260825,0,0,0,277,367,158,362,295,377,527,527,267,360,448,145,0
2,1768494696832,-4838,-1718,21517,4489859,-718377,621860,0,0,0,277,388,162,381,310,385,555,555,269,424,484,151,0
2,1768494696848,-2756,-1215,19090,3012787,-207694,-40317,0,0,0,277,410,182,391,329,399,589,589,289,496,527,169,0
2,1768494696864,1675,1100,12562,1784948,-345749,-194255,0,0,0,283,435,207,404,348,419,609,609,316,534,553,204,0
2,1768494696880,1694,722,10476,1044579,-436157,42760,0,0,0,293,455,223,420,362,438,620,620,329,558,569,241,0
2,1768494696896,397,-52,10887,411723,-443488,150272,0,0,0,309,472,228,435,378,448,626,626,329,572,576,266,0
2,1768494696912,-110,325,10973,102625,-313984,68416,0,0,0,326,483,233,437,386,454,633,632,341,580,581,282,0
2,1768494696928,330,1038,10251,52534,-166155,-2443,0,0,0,343,490,241,442,394,462,642,642,375,592,592,287,0
2,1768494696944,574,1234,9949,61086,-90408,-12217,0,0,0,352,496,242,443,394,463,641,641,358,593,593,293,0
2,1768494696960,497,1100,10054,68416,-63529,0,0,0,0,352,491,241,440,399,460,632,633,339,596,596,303,0
2,1768494696976,416,1072,10112,73303,-30543,-7330,0,0,0,348,491,241,440,398,463,639,638,342,593,594,300,0
2,1768494696992,421,1119,10078,102625,15882,-19547,0,0,0,355,497,245,439,405,454,632,632,336,588,591,297,0
2,1768494697008,459,1124,10021,153938,46425,-19547,0,0,0,356,497,243,442,402,455,624,624,338,563,576,304,0
2,1768494697024,488,1086,9997,200363,57421,-18325,0,0,0,362,499,245,449,404,465,623,619,341,545,565,310,0
2,1768494697040,536,1019,9997,234572,51312,-19547,0,0,0,369,503,244,456,407,470,623,609,343,528,550,318,0
2,1768494697056,569,976,9987,250454,34208,-24434,0,0,0,376,505,243,462,409,473,619,601,346,500,520,333,0
2,1768494697072,583,947,9992,261450,8552,-31764,0,0,0,383,510,245,467,414,481,617,598,359,447,463,357,0
2,1768494697088,612,928,10011,277332,-14660,-39095,0,0,0,390,515,248,469,422,488,612,589,373,393,393,382,0
2,1768494697104,622,871,10016,291993,-39095,-48869,0,0,0,402,519,250,470,443,488,603,575,377,344,330,407,0
2,1768494697120,579,827,10007,305432,-53756,-58643,0,0,0,421,528,249,478,467,486,598,563,382,294,287,434,0
2,1768494697136,540,804,10045,331088,-52534,-62308,0,0,0,437,538,246,489,452,496,600,545,386,291,266,451,0
2,1768494697152,559,775,10098,366519,-46425,-62308,0,0,0,447,547,246,489,460,497,599,520,392,301,249,476,0
2,1768494697168,617,703,10136,410501,-46425,-63529,0,0,0,471,563,248,498,471,508,587,492,404,385,274,493,0
2,1768494697184,674,626,10198,463035,-46425,-75747,0,0,0,499,578,256,513,484,520,597,470,410,291,218,537,0
2,1768494697200,660,550,10299,530231,-47647,-97738,0,0,0,503,583,257,529,517,542,591,439,425,289,215,561,0
2,1768494697216,631,449,10471,647517,-34208,-117286,0,0,0,518,598,251,528,514,550,583,422,403,301,220,577,0
2,1768494697232,626,354,10844,829554,-17104,-122173,0,0,0,527,602,231,538,529,571,575,413,412,308,223,582,0
2,1768494697248,794,258,11529,1166752,-28099,-125838,0,0,0,535,605,224,549,550,573,555,403,420,318,220,590,0
2,1768494697264,961,282,12447,1550375,-18325,-158824,0,0,0,544,610,215,556,563,573,523,396,420,319,220,603,0
2,1768494697280,871,335,13414,1960877,69638,-223576,0,0,0,557,620,214,562,566,572,493,386,423,315,218,613,0
2,1768494697296,607,268,14003,2412917,129503,-223576,0,0,0,564,620,211,572,571,579,459,375,420,315,212,626,0
2,1768494697312,746,167,14702,2907718,107512,-185703,0,0,0,570,615,211,575,578,591,411,367,410,315,212,632,0
2,1768494697328,1435,71,15764,3533244,28099,-206472,0,0,0,591,622,229,565,576,585,366,355,414,310,214,623,0
2,1768494697344,1794,100,17181,4293160,-21991,-343306,0,0,0,589,618,217,568,584,583,324,324,413,291,203,625,0
2,1768494697360,2282,4,19090,5241223,-46425,-515570,0,0,0,573,607,202,574,578,579,286,253,420,272,185,593,0
2,1768494697376,3182,-421,22043,6257703,-52534,-701273,0,0,0,553,599,198,554,566,557,277,180,403,265,168,542,0
2,1768494697392,4340,-1550,27130,7359704,30543,-879645,0,0,0,506,593,183,545,553,549,273,163,387,249,163,492,0
2,1768494697408,5608,-1804,30543,8208807,213802,-1062905,0,0,0,458,556,159,507,499,509,263,164,361,241,162,462,0
2,1768494697424,4594,-679,32457,8682838,359188,-1356120,0,0,0,383,507,159,449,446,444,288,181,323,225,145,420,0
2,1768494697440,4163,2086,34204,8824559,175929,-1605353,0,0,0,278,442,165,386,379,396,326,216,301,161,117,242,0
2,1768494697456,6934,9782,30686,8317541,-195476,-1839926,0,0,0,259,429,170,373,380,400,338,246,306,145,121,212,0
2,1768494697472,8537,19066,18927,6773273,-421497,-2278527,0,0,0,261,431,177,369,376,395,327,258,299,143,125,213,0
2,1768494697488,6384,24412,9523,3738495,-654847,-2302961,0,0,0,259,433,172,363,373,382,315,266,285,140,129,201,0
2,1768494697504,2732,22191,9346,-1009149,-1055575,-1255938,0,0,0,256,430,167,357,370,373,309,274,272,138,135,186,0
2,1768494697520,2096,15099,10117,-4239404,-1584584,-89186,0,0,0,252,427,165,353,369,370,305,285,263,136,140,177,0
2,1768494697536,5010,8131,7523,-4935791,-1861917,524122,0,0,0,248,426,163,349,371,365,300,298,256,132,144,169,0
2,1768494697552,7753,5833,3866,-4524067,-1192408,364075,0,0,0,246,425,163,344,370,359,296,310,251,128,148,162,0
2,1768494697568,6939,6073,4154,-4632801,-186924,50090,0,0,0,242,423,160,344,373,356,296,323,248,128,155,157,0
2,1768494697584,4742,6030,6838,-5156924,274889,-14660,0,0,0,243,424,161,343,375,355,296,330,244,127,161,152,0
2,1768494697600,3953,5427,8820,-5648059,463035,36651,0,0,0,242,421,160,340,372,350,289,334,238,122,159,142,0
2,1768494697616,4417,4527,9944,-6021909,712268,100181,0,0,0,245,423,160,341,371,349,295,337,246,127,160,141,0
2,1768494697632,3819,3747,11787,-6293133,1152091,130725,0,0,0,245,421,160,349,367,352,310,335,238,136,156,140,0
2,1768494697648,2857,3168,13888,-6489832,1411098,216246,0,0,0,241,421,154,342,370,345,302,343,261,127,162,135,0
2,1768494697664,2526,2593,16027,-6677978,1507615,362853,0,0,0,236,419,150,340,369,344,301,342,268,141,170,134,0
2,1768494697680,3019,2144,18119,-6871012,1644449,459370,0,0,0,234,418,148,341,366,347,302,343,269,131,166,132,0
2,1768494697696,3350,1861,20961,-7098254,1892460,544891,0,0,0,237,419,157,340,363,354,304,344,273,130,166,138,0
2,1768494697712,3311,1646,24867,-7301061,2130697,752585,0,0,0,243,418,163,342,362,360,307,344,265,135,165,147,0
2,1768494697728,3364,890,29045,-7425677,2285857,1144761,0,0,0,244,416,161,343,360,363,308,344,256,133,160,148,0
2,1768494697744,2971,-2407,32711,-7435451,2454456,1842369,0,0,0,243,417,161,342,363,363,310,345,261,128,160,145,0
2,1768494697760,598,-10973,34917,-7094588,2590068,2516764,0,0,0,241,420,160,348,371,366,313,347,264,127,161,148,0
2,1768494697776,-1761,-22694,34634,-6428745,2096489,2734232,0,0,0,240,421,157,353,373,367,322,345,268,129,159,146,0
2,1768494697792,1067,-35142,26786,-5182580,971275,1880243,0,0,0,245,427,162,356,374,368,326,347,272,132,160,147,0
2,1768494697808,2392,-43440,17573,-3464827,663399,238237,0,0,0,247,428,165,357,376,370,326,348,272,138,165,152,0
2,1768494697824,-4852,-46403,12916,-1359786,1047023,-1775174,0,0,0,250,429,164,358,379,373,325,349,266,137,165,149,0
2,1768494697840,-12280,-43560,15439,227241,351858,-2172236,0,0,0,236,402,154,344,348,364,388,450,261,153,262,126,0
2,1768494697856,-11519,-31452,21545,2223549,-1462411,-1627344,0,0,0,239,342,142,311,299,339,362,443,276,175,320,126,0
2,1768494697872,-990,-3445,21033,4643797,-4058588,-577878,0,0,0,245,343,152,315,296,353,421,482,259,288,410,134,0
2,1768494697888,4919,8078,14505,6169738,-3995058,305432,0,0,0,259,349,156,335,289,366,461,510,261,359,459,134,0
2,1768494697904,1215,1100,17272,6073222,-1558928,1054353,0,0,0,270,368,157,360,302,382,499,513,276,328,437,150,0
2,1768494697920,-3637,-2660,21823,4631580,-353080,784350,0,0,0,274,390,164,377,316,393,541,541,289,368,458,169,0
2,1768494697936,-2837,-1526,20076,3246137,-304210,152716,0,0,0,277,417,183,394,331,414,573,572,308,438,497,203,0
2,1768494697952,1651,1129,13204,1874134,-590095,-211359,0,0,0,283,452,205,416,361,439,596,596,331,476,526,259,0
2,1768494697968,1675,368,10772,981049,-433714,68416,0,0,0,304,481,215,437,393,463,610,610,345,489,540,319,0
2,1768494697984,378,-248,10677,298102,-309097,163711,0,0,0,341,495,222,451,408,477,612,611,351,490,538,358,0
2,1768494698000,19,363,10696,43982,-245567,45204,0,0,0,364,507,231,456,416,468,618,618,357,491,533,366,0
2,1768494698016,540,957,10217,50090,-186924,-19547,0,0,0,376,507,237,463,422,472,627,627,364,495,530,370,0
2,1768494698032,737,1028,10011,62308,-120951,-12217,0,0,0,387,507,238,469,426,475,627,627,365,502,536,378,0
2,1768494698048,603,909,10078,48869,-67195,-2443,0,0,0,395,511,245,468,427,475,627,627,362,502,535,379,0
2,1768494698064,536,918,10098,52534,-25656,-14660,0,0,0,397,511,250,466,424,475,630,630,362,510,539,372,0
2,1768494698080,569,981,10078,81855,1221,-26878,0,0,0,398,511,241,465,420,468,617,618,354,509,533,379,0
2,1768494698096,588,981,10045,128281,25656,-26878,0,0,0,396,511,240,470,427,474,619,618,357,499,527,371,0
2,1768494698112,603,952,10021,169820,39095,-21991,0,0,0,399,513,242,467,425,471,613,612,359,499,516,373,0
2,1768494698128,641,904,10016,195476,37873,-18325,0,0,0,405,521,244,470,447,472,607,604,358,497,507,378,0
2,1768494698144,679,866,10007,205250,32986,-21991,0,0,0,405,523,243,471,441,475,607,596,360,480,489,389,0
2,1768494698160,717,837,9992,208915,21991,-31764,0,0,0,406,528,240,470,436,477,603,589,364,394,406,415,0
2,1768494698176,741,813,9978,210137,3665,-41538,0,0,0,409,527,235,474,439,480,600,580,375,314,322,436,0
2,1768494698192,760,784,9978,213802,-17104,-52534,0,0,0,417,528,235,480,438,485,583,550,394,297,291,450,0
2,1768494698208,746,765,9987,232128,-36651,-62308,0,0,0,432,544,240,485,444,493,567,521,397,330,312,467,0
2,1768494698224,713,746,10007,266337,-50090,-65973,0,0,0,447,552,244,490,455,506,601,530,379,376,345,475,0
2,1768494698240,693,703,10050,305432,-56199,-63529,0,0,0,465,562,252,499,474,516,587,509,383,313,265,505,0
2,1768494698256,732,641,10136,351858,-48869,-63529,0,0,0,479,568,258,506,483,527,587,486,392,365,308,529,0
2,1768494698272,804,588,10212,409279,-36651,-78190,0,0,0,497,571,256,512,499,531,593,458,404,295,220,552,0
2,1768494698288,847,540,10299,494800,-35430,-105068,0,0,0,505,587,248,526,520,552,586,438,404,303,216,571,0
2,1768494698304,961,449,10457,615752,-53756,-140499,0,0,0,518,589,239,531,531,558,577,413,394,302,208,585,0
2,1768494698320,1072,315,10768,789237,-92851,-189368,0,0,0,522,594,220,548,551,564,569,400,403,311,211,600,0
2,1768494698336,1124,181,11423,1076344,-166155,-238237,0,0,0,532,607,217,553,550,568,546,392,416,322,220,607,0
2,1768494698352,971,224,12457,1451415,-194255,-274889,0,0,0,544,623,218,565,559,581,505,391,418,332,235,622,0
2,1768494698368,555,454,13783,1938886,-100181,-283441,0,0,0,554,626,216,572,565,586,479,393,419,333,240,628,0
2,1768494698384,210,435,14338,2398256,2443,-213802,0,0,0,569,626,220,573,567,584,458,385,416,329,237,635,0
2,1768494698400,626,201,14941,2973691,39095,-111177,0,0,0,580,626,224,569,574,585,420,368,408,319,228,644,0
2,1768494698416,1550,105,15812,3619987,3665,-151494,0,0,0,576,624,219,562,577,583,382,356,400,304,222,644,0
2,1768494698432,2120,105,16989,4375016,-40317,-296880,0,0,0,575,626,223,561,578,578,355,337,400,299,227,637,0
2,1768494698448,2775,57,18970,5347514,-90408,-521678,0,0,0,572,610,220,564,602,597,285,241,414,289,200,608,0
2,1768494698464,4053,-536,22359,6420193,-174707,-788016,0,0,0,544,592,205,559,584,580,279,164,413,264,167,535,0
2,1768494698480,5393,-1957,26910,7457442,-161268,-1038470,0,0,0,502,576,189,535,557,564,272,165,392,264,170,507,0
2,1768494698496,5565,-2565,30452,8166046,91629,-1269377,0,0,0,462,555,169,496,500,503,267,164,352,247,158,459,0
2,1768494698512,4201,-1287,32998,8580213,189368,-1525941,0,0,0,388,506,162,445,456,446,289,183,325,226,153,415,0
2,1768494698528,4225,3187,34041,8607091,-98960,-1734857,0,0,0,281,440,171,383,382,397,325,223,304,157,112,246,0
2,1768494698544,7633,11777,28384,8020660,-408057,-1985312,0,0,0,257,430,176,372,374,397,330,250,306,144,121,210,0
2,1768494698560,9849,19497,17339,6704856,-481361,-2400700,0,0,0,267,433,178,366,374,391,315,256,300,141,125,209,0
2,1768494698576,8111,24149,8140,3569896,-410501,-2572964,0,0,0,270,433,175,360,372,378,308,262,279,141,129,200,0
2,1768494698592,3292,21823,9337,-1303586,-668286,-1703092,0,0,0,266,430,171,356,370,365,305,272,263,142,135,190,0
2,1768494698608,1732,14434,10504,-4366464,-1320690,-594982,0,0,0,256,426,167,353,371,360,300,282,258,141,143,180,0
2,1768494698624,5039,6929,7121,-4791626,-1760513,111177,0,0,0,247,426,167,350,374,362,299,296,255,139,152,171,0
2,1768494698640,8102,5570,3369,-4206418,-825889,2443,0,0,0,250,427,166,348,375,358,298,308,251,133,153,164,0
2,1768494698656,6590,6776,4307,-4502076,441044,-179594,0,0,0,248,424,161,346,378,352,294,316,245,131,156,158,0
2,1768494698672,3584,6776,7647,-5379279,840550,-12217,0,0,0,249,424,163,345,377,350,292,326,238,129,161,152,0
2,1768494698688,3125,5230,9394,-5938831,801455,279776,0,0,0,249,424,163,339,374,346,291,336,238,132,172,146,0
2,1768494698704,3948,3704,10102,-6019466,983493,441044,0,0,0,244,425,161,336,376,346,287,339,237,132,176,143,0
2,1768494698720,3670,3144,11447,-6076887,1291369,514348,0,0,0,242,425,162,335,372,346,289,346,237,130,173,140,0
2,1768494698736,2732,3139,13677,-6294355,1545489,616973,0,0,0,242,424,163,340,377,352,287,356,238,121,178,135,0
2,1768494698752,2828,2818,15807,-6618113,1649336,759916,0,0,0,244,422,161,340,371,351,294,354,241,132,177,138,0
2,1768494698768,3306,2139,18214,-6890559,1815491,866206,0,0,0,245,423,161,329,378,344,299,354,247,127,172,140,0
2,1768494698784,3474,1493,20851,-7013954,2009746,935845,0,0,0,247,426,163,335,372,347,298,351,249,124,169,138,0
2,1768494698800,3431,1186,24546,-7114136,2168571,1121548,0,0,0,248,425,165,340,368,352,296,350,252,128,171,143,0
2,1768494698816,3575,579,28872,-7230200,2267531,1486845,0,0,0,248,422,166,340,367,356,298,346,255,133,169,149,0
2,1768494698832,3809,-2785,32423,-7241196,2329840,2125811,0,0,0,248,422,165,341,364,359,303,341,257,133,162,150,0
2,1768494698848,3115,-9897,34515,-7001737,2397035,2689028,0,0,0,246,423,164,347,365,363,311,341,262,130,158,148,0
2,1768494698864,1636,-21713,33649,-6368880,2059837,2724458,0,0,0,244,423,163,353,370,366,321,344,268,131,159,148,0
2,1768494698880,3058,-33524,25738,-5247332,1290147,1717753,0,0,0,246,424,163,346,382,363,326,343,272,134,159,149,0
2,1768494698896,1694,-41933,16587,-3517362,1172861,9773,0,0,0,246,424,163,320,405,351,331,342,274,141,158,151,0
2,1768494698912,-7260,-44632,13854,-1599245,1257160,-1539380,0,0,0,248,425,165,355,372,371,323,347,273,128,158,148,0
2,1768494698928,-13697,-43670,14505,83077,537561,-2122145,0,0,0,248,425,167,352,370,367,315,348,262,139,166,152,0
2,1768494698944,-10471,-36281,15855,1913229,-899193,-1777617,0,0,0,235,414,155,354,367,370,389,451,258,149,264,125,0
2,1768494698960,-2163,-12878,21048,3259576,-2118480,-1154535,0,0,0,259,341,152,322,298,346,453,468,259,192,350,132,0
2,1768494698976,3177,14740,20138,4039040,-3734830,-167377,0,0,0,255,332,159,315,284,360,462,495,266,299,422,136,0
2,1768494698992,1631,11993,14271,5181358,-3550348,897971,0,0,0,265,335,163,338,280,381,506,518,269,371,461,144,0
2,1768494699008,-3752,-1464,18985,5749463,-1820378,1139874,0,0,0,275,349,165,361,278,387,553,552,279,416,489,152,0
2,1768494699024,-4982,-5503,24704,4608367,-583987,287106,0,0,0,282,374,177,376,293,398,579,578,299,437,505,185,0
2,1768494699040,354,90,17329,2778215,-522900,-226020,0,0,0,284,404,193,391,322,421,597,596,324,456,517,226,0
2,1768494699056,2359,1943,10878,1689653,-518013,-17104,0,0,0,291,435,204,410,353,435,617,616,339,492,538,259,0
2,1768494699072,1105,81,10050,979827,-465479,254119,0,0,0,312,466,218,425,376,445,628,627,345,518,555,291,0
2,1768494699088,253,-382,10959,453262,-334754,152716,0,0,0,337,489,231,437,391,457,633,632,350,523,560,314,0
2,1768494699104,382,473,10614,131946,-202807,9773,0,0,0,357,497,235,446,398,460,640,639,352,531,568,323,0
2,1768494699120,708,995,9992,108734,-145385,-6108,0,0,0,370,504,238,450,401,457,640,640,350,549,573,323,0
2,1768494699136,713,923,9964,120951,-116064,7330,0,0,0,383,515,251,456,408,469,633,631,359,499,536,346,0
2,1768494699152,622,818,10141,141720,-95294,2443,0,0,0,392,515,251,453,410,472,633,630,359,496,528,357,0
2,1768494699168,579,880,10150,204028,-70860,-17104,0,0,0,399,520,251,456,422,469,638,617,357,508,531,358,0
2,1768494699184,574,875,10083,277332,-31764,-28099,0,0,0,409,526,255,453,416,469,630,605,360,505,515,365,0
2,1768494699200,617,775,10045,324980,9773,-29321,0,0,0,412,525,253,457,415,468,630,594,370,488,489,380,0
2,1768494699216,646,679,10031,333532,30543,-36651,0,0,0,420,529,256,458,433,472,626,576,377,469,464,392,0
2,1768494699232,655,626,10016,335975,35430,-51312,0,0,0,415,528,250,465,444,470,612,574,383,350,342,427,0
2,1768494699248,655,603,10007,335975,32986,-61086,0,0,0,411,527,249,474,443,480,610,562,385,308,292,441,0
2,1768494699264,693,583,10007,332310,28099,-64751,0,0,0,414,532,247,482,442,485,608,548,388,301,270,446,0
2,1768494699280,784,536,10016,328645,9773,-73303,0,0,0,422,538,244,482,446,487,604,540,392,285,243,453,0
2,1768494699296,808,469,10021,328645,-25656,-91629,0,0,0,430,543,242,483,451,493,606,528,396,282,234,462,0
2,1768494699312,717,397,10026,329867,-69638,-107512,0,0,0,438,551,242,496,459,503,605,508,399,287,229,480,0
2,1768494699328,617,363,10074,338419,-90408,-102625,0,0,0,460,564,250,506,471,514,596,488,397,288,221,502,0
2,1768494699344,622,349,10141,364075,-85521,-89186,0,0,0,471,570,253,511,476,518,600,472,409,288,213,525,0
2,1768494699360,713,315,10232,417831,-74525,-89186,0,0,0,479,578,255,506,482,519,605,443,417,288,207,544,0
2,1768494699376,794,224,10327,499687,-81855,-109955,0,0,0,487,578,253,528,491,538,595,422,407,285,206,560,0
2,1768494699392,823,110,10442,615752,-90408,-136833,0,0,0,503,587,251,542,507,544,587,406,424,296,214,570,0
2,1768494699408,899,-19,10691,775798,-73303,-163711,0,0,0,519,602,244,548,524,563,582,403,415,300,220,587,0
2,1768494699424,985,-14,11399,993266,23212,-215024,0,0,0,527,604,225,563,543,574,558,390,417,303,224,600,0
2,1768494699440,885,47,12342,1292590,95294,-261450,0,0,0,538,611,214,581,556,584,528,376,417,312,228,615,0
2,1768494699456,674,0,12993,1705535,52534,-252898,0,0,0,548,614,219,586,561,593,499,365,414,314,222,621,0
2,1768494699472,492,-71,13610,2188119,15882,-207694,0,0,0,553,611,213,575,559,592,468,354,410,306,214,625,0
2,1768494699488,760,-148,14472,2765997,12217,-152716,0,0,0,559,616,212,571,559,584,417,341,413,302,213,625,0
2,1768494699504,1526,-244,15544,3447723,4886,-200363,0,0,0,566,623,221,572,563,579,362,328,418,300,217,622,0
2,1768494699520,1698,-191,16807,4188092,-6108,-315206,0,0,0,569,617,216,555,568,576,323,298,420,289,217,616,0
2,1768494699536,2392,-177,18956,5145928,-34208,-464257,0,0,0,568,603,214,544,571,579,275,216,437,270,181,591,0
2,1768494699552,3953,-698,21962,6172182,-141720,-671951,0,0,0,546,600,206,539,568,569,265,169,432,257,169,534,0
2,1768494699568,5757,-2230,27001,7283957,-288328,-956614,0,0,0,496,570,187,530,546,553,260,169,395,252,172,492,0
2,1768494699584,6972,-3273,29992,7954687,-87964,-1220508,0,0,0,456,551,180,503,500,514,263,164,362,243,166,476,0
2,1768494699600,5704,-2110,32318,8464148,366519,-1579697,0,0,0,387,504,165,447,455,456,282,178,330,224,148,435,0
2,1768494699616,3326,2522,33778,8592430,415388,-1852143,0,0,0,277,449,172,382,388,403,314,224,305,155,122,254,0
2,1768494699632,5111,10993,29155,8091520,-199142,-2042733,0,0,0,249,439,178,374,380,400,318,270,307,141,124,212,0
2,1768494699648,7173,19392,18281,6812369,-687834,-2235766,0,0,0,251,434,175,370,381,391,319,268,297,141,129,202,0
2,1768494699664,6302,23957,9509,3393967,-885754,-1973094,0,0,0,255,431,171,365,380,382,314,266,287,140,132,188,0
2,1768494699680,3900,22139,8753,-828333,-977384,-1106887,0,0,0,253,429,170,358,374,372,311,275,276,138,137,182,0
2,1768494699696,2952,13845,10217,-4138001,-1279151,112399,0,0,0,247,427,169,350,370,364,310,288,268,136,140,178,0
2,1768494699712,5441,8600,6977,-4502076,-1381777,521678,0,0,0,245,425,167,346,372,363,306,299,261,133,142,171,0
2,1768494699728,7159,6585,4541,-4616919,-965167,466701,0,0,0,246,425,166,345,375,361,301,309,254,130,148,164,0
2,1768494699744,6159,6183,5355,-5035973,-171042,149051,0,0,0,245,422,162,342,377,352,299,319,248,130,155,158,0
2,1768494699760,4312,5379,7279,-5490456,346971,-59864,0,0,0,246,423,161,341,378,350,298,326,245,131,158,153,0
2,1768494699776,3498,4254,8600,-5737246,549778,-112399,0,0,0,240,420,160,339,378,352,294,331,243,130,160,150,0
2,1768494699792,3589,3795,9581,-5843536,844215,-83077,0,0,0,238,420,162,335,382,349,297,339,246,125,158,145,0
2,1768494699808,2962,3632,11404,-6025574,1211956,7330,0,0,0,240,420,162,339,373,349,297,339,243,126,164,145,0
2,1768494699824,1947,3464,13821,-6300464,1446528,213802,0,0,0,240,418,158,339,373,349,297,343,244,127,164,141,0
2,1768494699840,1976,2847,15927,-6565579,1511280,436157,0,0,0,240,420,159,339,374,351,297,345,246,125,165,141,0
2,1768494699856,2512,1990,17913,-6750060,1635897,551000,0,0,0,240,419,160,341,375,352,290,341,244,130,168,144,0
2,1768494699872,2991,1043,20334,-6849021,1859473,569326,0,0,0,244,420,162,343,373,354,295,343,245,131,166,143,0
2,1768494699888,2943,483,23661,-6873455,2074498,681725,0,0,0,242,419,161,343,371,353,299,343,246,135,162,143,0
2,1768494699904,2837,-148,28040,-6910107,2200336,1093448,0,0,0,242,418,161,343,367,354,301,339,249,138,162,146,0
2,1768494699920,3149,-3230,31538,-6941872,2232101,1890017,0,0,0,245,420,164,343,367,357,305,339,254,137,162,150,0
2,1768494699936,2560,-9518,33203,-6808703,2318844,2549751,0,0,0,246,422,164,345,369,360,312,340,262,134,158,150,0
2,1768494699952,904,-19162,32505,-6343224,2091602,2800206,0,0,0,244,424,163,350,371,364,319,339,267,129,153,149,0
2,1768494699968,1574,-30538,25924,-5227784,1258382,2345722,0,0,0,242,425,163,353,376,369,322,338,269,126,151,149,0
2,1768494699984,1641,-38966,17032,-3568674,891863,1285260,0,0,0,242,426,163,354,374,372,323,335,268,130,155,150,0
2,1768494700000,-3895,-42617,13347,-1808161,1012814,-62308,0,0,0,243,426,164,351,371,367,320,341,267,130,157,149,0
2,1768494700016,-9437,-43124,13529,-173485,558330,-987158,0,0,0,247,423,162,351,369,367,315,351,262,133,164,151,0
2,1768494700032,-7092,-34410,16391,1745852,-680503,-1123992,0,0,0,239,372,154,331,327,353,398,449,255,170,323,129,0
2,1768494700048,-1407,-14448,21387,3353650,-2254092,-735481,0,0,0,243,333,149,312,293,339,456,468,262,182,341,124,0
2,1768494700064,3383,8504,18827,4720766,-4217413,108734,0,0,0,257,336,156,320,290,357,475,476,267,220,398,142,0
2,1768494700080,2024,8896,13586,5725029,-3819129,950506,0,0,0,266,337,162,334,280,374,482,517,268,363,472,151,0
2,1768494700096,-3809,-1091,18650,5535660,-1189965,1152091,0,0,0,270,357,162,354,285,383,521,536,281,381,471,156,0
2,1768494700112,-5269,-3345,21622,4389677,140499,403171,0,0,0,282,393,172,383,310,397,563,563,302,396,477,182,0
2,1768494700128,-153,-90,17295,3144734,-307876,-265115,0,0,0,284,431,187,417,349,427,589,589,324,437,510,237,0
2,1768494700144,2301,607,13208,1882686,-642630,-210137,0,0,0,290,470,208,443,390,462,610,611,347,462,534,303,0
2,1768494700160,938,-402,11328,591317,-427605,92851,0,0,0,315,501,225,459,413,483,629,629,358,472,543,350,0
2,1768494700176,-81,-167,10638,58643,-213802,122173,0,0,0,346,514,234,474,418,487,635,635,355,483,545,374,0
2,1768494700192,71,756,10246,64751,-156381,2443,0,0,0,366,520,254,482,426,496,628,631,364,489,544,389,0
2,1768494700208,406,837,10193,96516,-129503,-13439,0,0,0,371,517,271,476,425,498,617,629,395,490,546,393,0
2,1768494700224,430,756,10184,65973,-70860,-1221,0,0,0,382,521,264,479,440,499,638,638,368,479,538,400,0
2,1768494700240,344,789,10160,68416,-28099,-4886,0,0,0,386,524,246,478,440,491,638,638,372,465,510,401,0
2,1768494700256,330,875,10150,122173,-8552,-20769,0,0,0,396,527,246,478,439,488,630,630,370,461,491,403,0
2,1768494700272,354,885,10145,195476,7330,-28099,0,0,0,403,526,247,483,438,491,631,624,363,461,483,411,0
2,1768494700288,358,789,10098,246789,34208,-25656,0,0,0,407,527,244,481,438,493,624,608,364,476,491,413,0
2,1768494700304,368,708,10045,265115,53756,-25656,0,0,0,406,526,241,485,440,497,615,590,369,464,473,422,0
2,1768494700320,392,655,10002,262672,63529,-29321,0,0,0,408,529,243,491,443,500,603,584,372,350,356,448,0
2,1768494700336,430,617,9987,248011,61086,-34208,0,0,0,412,532,245,491,443,498,605,578,375,293,290,461,0
2,1768494700352,483,607,10002,238237,52534,-37873,0,0,0,415,534,241,493,449,497,601,562,378,297,277,472,0
2,1768494700368,545,603,10026,240680,29321,-47647,0,0,0,425,537,245,503,456,497,599,546,379,297,255,483,0
2,1768494700384,574,564,10007,244346,-4886,-61086,0,0,0,437,544,252,512,456,500,603,534,381,295,241,491,0
2,1768494700400,564,516,9992,243124,-47647,-76969,0,0,0,442,552,260,513,457,506,604,520,383,295,237,503,0
2,1768494700416,488,488,10035,248011,-70860,-80634,0,0,0,455,560,276,511,467,513,614,499,389,289,229,517,0
2,1768494700432,469,459,10117,266337,-69638,-78190,0,0,0,462,559,274,511,477,522,615,468,395,290,226,540,0
2,1768494700448,559,421,10241,307876,-51312,-81855,0,0,0,466,565,287,532,486,535,623,440,404,290,219,558,0
2,1768494700464,626,382,10337,378736,-43982,-107512,0,0,0,491,579,305,538,496,540,615,416,434,298,214,574,0
2,1768494700480,698,354,10461,480140,-46425,-140499,0,0,0,504,583,262,554,528,552,607,411,432,302,210,580,0
2,1768494700496,789,277,10863,656069,-9773,-188146,0,0,0,507,583,243,557,528,549,598,394,434,305,216,602,0
2,1768494700512,990,148,11409,915076,39095,-251676,0,0,0,519,596,237,560,544,563,579,385,448,334,248,620,0
2,1768494700528,985,76,12179,1287703,52534,-324980,0,0,0,538,604,227,567,561,566,545,380,466,327,231,622,0
2,1768494700544,445,143,12926,1726305,7330,-317649,0,0,0,543,609,214,585,576,593,521,379,444,394,266,609,0
2,1768494700560,-9,157,13610,2229658,-23212,-223576,0,0,0,551,613,211,592,576,593,495,370,428,375,261,623,0
2,1768494700576,459,43,14357,2761110,1221,-133168,0,0,0,559,611,212,589,574,586,456,356,425,328,232,638,0
2,1768494700592,1407,-14,15539,3373197,-1221,-153938,0,0,0,567,612,212,587,585,590,405,342,426,315,223,638,0
2,1768494700608,2349,-57,16802,4080579,-63529,-329867,0,0,0,573,617,214,578,590,586,350,312,427,305,214,636,0
2,1768494700624,2206,-4,18549,4993212,-75747,-581543,0,0,0,571,613,218,561,580,577,300,253,428,289,195,614,0
2,1768494700640,2129,-81,21354,6053674,-28099,-748920,0,0,0,546,593,214,561,572,583,277,180,430,267,182,555,0
2,1768494700656,3149,-981,25455,7166670,73303,-830776,0,0,0,488,567,190,545,546,580,277,155,411,250,168,496,0
2,1768494700672,4474,-2455,29442,8030434,387288,-924849,0,0,0,457,549,173,512,506,544,272,166,376,248,166,463,0
2,1768494700688,3900,-1679,32318,8567995,725707,-1086118,0,0,0,389,506,153,467,472,474,284,177,331,230,154,427,0
2,1768494700704,1842,2995,34276,8736594,551000,-1285260,0,0,0,288,461,157,390,397,410,313,208,307,191,140,331,0
2,1768494700720,3244,9112,31126,8559443,-173485,-1402546,0,0,0,248,441,176,373,379,402,332,238,309,157,133,234,0
2,1768494700736,7150,15515,20019,7866722,-634078,-1631010,0,0,0,245,432,175,365,381,396,332,259,307,148,141,211,0
2,1768494700752,6570,21359,10916,5090950,-604756,-1968207,0,0,0,247,431,172,356,381,382,330,271,291,148,145,200,0
2,1768494700768,2948,23766,9375,135612,-823446,-1793500,0,0,0,249,427,171,347,373,371,323,277,275,150,154,193,0
2,1768494700784,1292,16989,10954,-4043927,-1576032,-1033583,0,0,0,245,424,163,341,370,361,319,290,260,150,163,182,0
2,1768494700800,3058,9629,9265,-5655390,-2186897,-518013,0,0,0,246,423,159,342,371,353,323,303,249,152,169,171,0
2,1768494700816,7341,4484,4843,-5451361,-2118480,-436157,0,0,0,248,422,159,343,370,347,324,315,243,155,176,163,0
2,1768494700832,8212,4455,3943,-5169141,-1069014,-654847,0,0,0,245,421,156,342,371,347,317,325,239,152,182,159,0
2,1768494700848,6743,4785,5364,-5205793,-189368,-656069,0,0,0,245,421,156,341,375,347,309,332,236,146,186,156,0
2,1768494700864,5178,4546,7413,-5375614,216246,-305432,0,0,0,249,422,157,336,368,343,301,342,236,144,189,154,0
2,1768494700880,5762,3780,8494,-5506339,411723,189368,0,0,0,257,421,152,336,361,338,307,353,236,137,189,147,0
2,1768494700896,6436,3364,9791,-5705481,801455,593761,0,0,0,237,421,158,332,364,344,305,359,236,141,189,148,0
2,1768494700912,6149,3220,11782,-6052452,1247386,875980,0,0,0,237,421,158,332,365,344,306,368,242,136,190,146,0
2,1768494700928,5647,2627,13878,-6388428,1529606,1091005,0,0,0,245,424,158,337,365,345,306,362,240,134,190,137,0
2,1768494700944,5479,1579,16051,-6603453,1649336,1194852,0,0,0,241,422,159,338,364,345,307,365,241,138,195,138,0
2,1768494700960,5738,990,18511,-6673091,1783726,1120326,0,0,0,242,422,162,337,363,347,305,365,241,140,194,142,0
2,1768494700976,5680,961,21746,-6757391,2032959,1011592,0,0,0,241,420,159,336,358,344,304,364,241,140,190,140,0
2,1768494700992,5125,894,26240,-6916216,2298075,1061683,0,0,0,242,420,159,337,357,349,306,362,242,141,189,143,0
2,1768494701008,4560,-966,30629,-7144679,2449569,1496619,0,0,0,241,420,162,338,356,354,312,370,248,144,187,145,0
2,1768494701024,3010,-6604,33586,-7248526,2667037,2135584,0,0,0,242,422,162,340,356,357,317,365,256,146,189,145,0
2,1768494701040,-325,-17027,34649,-6828251,2522873,2426356,0,0,0,244,423,162,344,360,362,321,355,263,148,193,147,0
2,1768494701056,-588,-28537,31552,-5953492,1679879,2149023,0,0,0,245,423,164,348,364,366,324,354,270,152,196,149,0
2,1768494701072,2378,-38923,22402,-4372573,871093,929736,0,0,0,244,424,164,348,366,364,327,356,271,151,196,149,0
2,1768494701088,-1153,-43450,15568,-2463008,1117883,-923628,0,0,0,242,426,163,346,366,362,330,359,275,147,195,147,0
2,1768494701104,-10064,-44484,13912,-630412,1048244,-2250427,0,0,0,240,423,162,348,365,362,330,379,274,151,209,144,0
2,1768494701120,-11921,-39358,15343,1018923,-96516,-2074498,0,0,0,233,404,154,348,353,363,358,444,260,164,257,136,0
2,1768494701136,-7006,-23560,20172,2623055,-1488067,-1420872,0,0,0,243,343,147,326,304,353,436,462,253,208,339,139,0
2,1768494701152,1244,8083,22019,3918089,-3665191,-210137,0,0,0,242,331,151,308,286,352,427,501,254,356,457,132,0
2,1768494701168,3350,12945,13041,4987103,-4134335,987158,0,0,0,268,343,161,336,282,372,488,492,269,317,426,148,0
2,1768494701184,-1354,1660,14075,5767789,-2315179,1600466,0,0,0,268,355,157,357,285,385,532,537,277,453,498,147,0
2,1768494701200,-6025,-4245,22536,4814839,-267558,839328,0,0,0,271,381,160,372,303,393,567,569,283,480,516,154,0
2,1768494701216,-2742,-1555,21464,3306002,19547,-119729,0,0,0,278,414,179,390,333,413,594,595,312,519,542,196,0
2,1768494701232,2589,1430,13529,1805717,-376292,-338419,0,0,0,283,443,202,412,360,440,608,609,338,545,563,256,0
2,1768494701248,1818,263,10480,888198,-399505,91629,0,0,0,294,468,218,430,378,455,617,617,345,557,573,299,0
2,1768494701264,416,-76,10275,342084,-300545,208915,0,0,0,319,491,228,443,397,467,624,624,349,564,579,328,0
2,1768494701280,4,516,10586,124616,-217468,76969,0,0,0,346,507,239,452,412,474,630,630,350,569,586,345,0
2,1768494701296,478,866,10284,109955,-185703,-3665,0,0,0,362,516,247,459,416,477,635,635,349,573,592,351,0
2,1768494701312,646,899,10088,94073,-125838,-8552,0,0,0,371,520,252,468,419,482,639,639,350,570,592,351,0
2,1768494701328,559,866,10098,103847,-76969,-1221,0,0,0,386,519,258,475,426,487,640,640,354,562,586,354,0
2,1768494701344,507,899,10145,145385,-53756,-10995,0,0,0,404,523,252,475,426,486,626,626,360,546,569,373,0
2,1768494701360,507,928,10145,215024,-23212,-24434,0,0,0,411,525,252,476,439,487,620,616,355,547,561,376,0
2,1768494701376,531,856,10078,267558,20769,-24434,0,0,0,416,530,253,475,434,495,618,599,355,522,521,394,0
2,1768494701392,550,770,10016,287106,46425,-25656,0,0,0,422,528,252,479,436,490,610,582,357,504,507,409,0
2,1768494701408,579,717,9992,283441,50090,-28099,0,0,0,429,533,247,479,434,483,606,577,363,329,324,455,0
2,1768494701424,617,698,9992,284663,48869,-39095,0,0,0,432,540,243,487,472,493,592,564,371,298,283,467,0
2,1768494701440,665,679,10021,300545,43982,-52534,0,0,0,440,544,248,492,460,501,594,547,376,292,269,476,0
2,1768494701456,703,641,10035,318871,26878,-62308,0,0,0,451,554,253,495,462,512,598,521,377,392,358,469,0
2,1768494701472,713,588,10040,334754,6108,-68416,0,0,0,460,558,252,498,472,520,596,502,381,359,326,488,0
2,1768494701488,698,526,10040,342084,-4886,-72082,0,0,0,468,563,254,505,481,524,591,488,385,280,236,512,0
2,1768494701504,698,464,10078,354301,-10995,-79412,0,0,0,475,571,259,511,490,531,590,469,397,276,214,525,0
2,1768494701520,737,435,10198,394618,-23212,-89186,0,0,0,482,577,253,518,501,538,589,450,412,277,209,543,0
2,1768494701536,818,387,10366,487470,-51312,-107512,0,0,0,491,586,244,528,513,540,586,431,413,303,216,553,0
2,1768494701552,866,291,10471,616973,-96516,-131946,0,0,0,503,596,239,534,521,542,578,411,412,336,226,560,0
2,1768494701568,928,114,10562,780685,-145385,-161268,0,0,0,518,608,233,544,532,549,562,395,415,301,211,581,0
2,1768494701584,966,28,10930,982271,-175929,-191811,0,0,0,535,604,219,551,544,555,550,387,408,306,210,585,0
2,1768494701600,894,67,11610,1188743,-177150,-224798,0,0,0,531,605,219,554,565,572,537,379,416,309,210,597,0
2,1768494701616,746,52,12246,1407433,-145385,-250454,0,0,0,540,608,219,562,575,578,512,383,426,312,218,601,0
2,1768494701632,531,-38,12763,1704314,-124616,-248011,0,0,0,552,617,228,563,566,582,492,367,443,319,219,613,0
2,1768494701648,277,-191,13242,2142915,-89186,-196698,0,0,0,554,623,206,566,570,571,452,360,443,319,220,630,0
2,1768494701664,387,-210,13984,2648711,-17104,-124616,0,0,0,570,625,212,569,566,579,417,353,423,310,215,645,0
2,1768494701680,1167,-215,15218,3205820,1221,-118507,0,0,0,579,626,223,559,561,583,374,338,402,315,220,644,0
2,1768494701696,2292,-344,16659,3904650,-67195,-265115,0,0,0,568,616,210,558,580,580,329,313,408,305,215,639,0
2,1768494701712,2522,-454,18348,4813618,-96516,-518013,0,0,0,559,608,208,557,588,580,303,254,422,284,200,620,0
2,1768494701728,2828,-564,21124,5892406,-45204,-731816,0,0,0,544,599,212,548,576,571,286,187,423,262,183,567,0
2,1768494701744,4158,-1521,25120,6963863,45204,-883311,0,0,0,509,582,197,532,552,549,274,161,407,247,170,507,0
2,1768494701760,5527,-2833,28954,7891157,295658,-1055575,0,0,0,463,555,177,502,511,514,275,167,372,244,169,475,0
2,1768494701776,4469,-1928,32342,8497135,614530,-1319468,0,0,0,389,513,162,457,465,456,285,181,332,233,163,424,0
2,1768494701792,4072,1856,34070,8621751,349414,-1577254,0,0,0,301,459,163,390,400,410,313,218,309,198,150,329,0
2,1768494701808,7250,8183,30902,8238128,-80634,-1876578,0,0,0,246,431,168,364,368,392,338,265,297,159,154,206,0
2,1768494701824,9614,17324,18300,6696304,-241902,-2381152,0,0,0,246,436,168,362,368,388,332,274,294,161,162,199,0
2,1768494701840,9222,23393,8351,3670078,-201585,-2759889,0,0,0,255,434,169,356,366,374,320,275,272,160,162,197,0
2,1768494701856,5297,22603,7987,-605978,-171042,-2454456,0,0,0,253,427,168,343,398,362,317,292,262,154,174,190,0
2,1768494701872,2010,14591,9236,-3711617,-847880,-1373225,0,0,0,249,426,166,344,370,362,308,292,253,153,173,183,0
2,1768494701888,3488,7992,6336,-4403116,-1528384,-510683,0,0,0,244,424,164,345,369,361,299,302,254,151,174,174,0
2,1768494701904,7623,5374,2196,-3953519,-1297477,-173485,0,0,0,243,424,164,342,369,355,299,319,247,147,186,165,0
2,1768494701920,7963,5814,2526,-3952298,-17104,-249233,0,0,0,243,423,163,341,370,352,301,330,245,146,196,164,0
2,1768494701936,5551,6058,5211,-4277278,966388,-200363,0,0,0,240,421,161,340,375,353,294,338,243,146,205,164,0
2,1768494701952,4024,5656,7384,-4678005,1159422,102625,0,0,0,238,420,161,339,376,354,290,348,241,147,221,160,0
2,1768494701968,3876,5005,8887,-5142263,1275486,455705,0,0,0,237,420,161,337,374,354,291,350,243,148,232,157,0
2,1768494701984,3704,4364,10495,-5589416,1551597,675616,0,0,0,237,421,164,336,373,354,290,346,243,144,225,155,0
2,1768494702000,2866,3895,12567,-5986479,1808161,849102,0,0,0,235,420,162,338,372,354,292,352,243,144,218,149,0
2,1768494702016,2148,3589,14730,-6313903,1903456,1012814,0,0,0,234,417,158,341,370,355,292,352,245,145,218,145,0
2,1768494702032,2220,3153,17013,-6629109,1935221,1155757,0,0,0,233,417,160,343,373,356,297,356,246,141,214,142,0
2,1768494702048,2507,2555,19875,-6883229,2072054,1194852,0,0,0,239,419,162,342,370,357,297,358,245,142,215,141,0
2,1768494702064,2364,2038,23302,-7053050,2218662,1211956,0,0,0,237,419,162,302,397,339,297,359,250,143,214,145,0
2,1768494702080,1928,1435,28198,-7213096,2271196,1409876,0,0,0,240,420,162,334,366,355,303,344,251,144,190,146,0
2,1768494702096,1258,-526,32711,-7376808,2223549,1899790,0,0,0,241,419,161,345,360,362,309,337,258,151,188,151,0
2,1768494702112,502,-7781,36094,-7390247,2111150,2620611,0,0,0,240,420,163,348,363,362,318,340,262,196,208,156,0
2,1768494702128,732,-18784,36683,-7076262,1726305,2918714,0,0,0,240,422,166,352,367,370,324,337,269,177,198,158,0
2,1768494702144,4982,-32505,31198,-6177069,886976,2310292,0,0,0,239,425,164,354,371,374,324,336,272,156,189,160,0
2,1768494702160,7025,-43421,19191,-4181983,951728,356745,0,0,0,239,426,161,354,373,373,322,343,272,159,198,162,0
2,1768494702176,-2814,-47106,12696,-1883908,1736079,-1538158,0,0,0,238,421,161,352,368,370,329,376,269,164,215,161,0
2,1768494702192,-16740,-45106,14218,23212,1308473,-2007303,0,0,0,241,398,159,347,348,361,365,428,261,169,248,152,0
2,1768494702208,-14773,-34807,20722,1868025,-1161865,-954171,0,0,0,248,354,156,335,317,352,434,459,254,176,305,132,0
2,1768494702224,-4407,-10887,21411,4025601,-4102570,190589,0,0,0,248,335,150,323,297,358,467,477,260,221,368,135,0
2,1768494702240,2445,6704,15812,5605299,-4712214,1061683,0,0,0,268,343,159,340,283,378,483,528,261,403,486,145,0
2,1768494702256,-1249,3919,17372,5900958,-2607172,1502728,0,0,0,274,357,162,363,284,383,541,546,270,413,486,153,0
2,1768494702272,-7470,-4235,23761,4849048,-408057,911410,0,0,0,280,380,165,383,302,399,577,576,286,429,501,166,0
2,1768494702288,-2589,-1708,19818,3470936,-563217,6108,0,0,0,275,404,183,386,320,428,597,598,318,485,532,220,0
2,1768494702304,1947,741,13472,2197893,-690277,-119729,0,0,0,285,438,195,419,351,451,607,607,341,511,545,266,0
2,1768494702320,1737,19,10567,1083674,-505796,250454,0,0,0,300,473,205,427,382,461,621,621,354,519,555,311,0
2,1768494702336,-47,-488,10882,359188,-302989,204028,0,0,0,332,491,218,440,394,475,637,637,347,543,576,339,0
2,1768494702352,-181,244,10624,72082,-207694,21991,0,0,0,354,500,222,449,402,478,643,643,337,564,590,358,0
2,1768494702368,402,823,10131,81855,-178372,-20769,0,0,0,365,508,225,450,416,478,642,642,338,557,585,357,0
2,1768494702384,502,813,10045,80634,-133168,3665,0,0,0,377,512,232,448,423,478,639,640,344,549,580,357,0
2,1768494702400,344,689,10155,61086,-84299,14660,0,0,0,389,511,235,450,421,475,635,636,346,542,574,365,0
2,1768494702416,291,741,10179,79412,-46425,-7330,0,0,0,395,514,236,455,419,475,629,629,343,537,569,369,0
2,1768494702432,315,794,10136,124616,-10995,-20769,0,0,0,400,518,240,454,419,475,624,623,343,554,581,367,0
2,1768494702448,349,775,10074,177150,15882,-23212,0,0,0,403,514,237,460,426,472,607,607,350,545,564,366,0
2,1768494702464,363,698,10035,207694,19547,-20769,0,0,0,413,520,240,466,422,476,568,567,382,538,551,367,0
2,1768494702480,382,641,10016,218689,9773,-24434,0,0,0,414,523,232,468,427,478,608,602,340,487,507,387,0
2,1768494702496,402,607,10011,216246,-1221,-30543,0,0,0,432,527,245,469,426,476,606,594,352,491,502,397,0
2,1768494702512,406,603,10011,211359,-18325,-37873,0,0,0,437,528,239,483,439,482,599,579,353,486,489,401,0
2,1768494702528,411,583,10007,211359,-34208,-43982,0,0,0,436,535,248,485,444,486,598,568,356,471,472,412,0
2,1768494702544,421,545,9992,207694,-53756,-46425,0,0,0,449,549,251,490,458,492,586,548,354,513,511,416,0
2,1768494702560,440,516,10007,215024,-72082,-52534,0,0,0,460,559,251,501,472,498,587,534,361,491,478,443,0
2,1768494702576,445,507,10069,250454,-84299,-61086,0,0,0,468,568,249,505,477,501,588,527,372,374,337,486,0
2,1768494702592,416,473,10145,298102,-89186,-67195,0,0,0,481,577,255,511,488,513,585,511,377,331,284,511,0
2,1768494702608,402,416,10208,350636,-89186,-72082,0,0,0,492,588,257,510,500,518,581,490,382,319,270,534,0
2,1768494702624,454,363,10260,406836,-89186,-81855,0,0,0,505,600,261,508,508,517,570,462,389,341,284,563,0
2,1768494702640,536,325,10399,481361,-97738,-103847,0,0,0,519,606,269,517,519,528,555,429,396,412,350,582,0
2,1768494702656,559,258,10648,614530,-125838,-134390,0,0,0,529,611,260,526,531,540,540,411,404,407,344,597,0
2,1768494702672,650,100,10983,814894,-166155,-168598,0,0,0,545,618,256,537,544,546,519,403,411,417,349,610,0
2,1768494702688,641,38,11792,1121548,-219911,-201585,0,0,0,562,622,233,538,549,538,497,395,401,417,344,621,0
2,1768494702704,287,210,12959,1494176,-223576,-204028,0,0,0,554,619,234,540,552,548,474,384,413,416,340,631,0
2,1768494702720,100,181,13582,1891238,-196698,-174707,0,0,0,578,631,231,555,568,542,447,386,393,415,336,632,0
2,1768494702736,134,28,13917,2355496,-175929,-129503,0,0,0,579,630,235,543,558,554,393,374,389,407,336,646,0
2,1768494702752,713,-110,14773,2974913,-201585,-103847,0,0,0,586,634,221,538,562,551,355,360,382,390,326,644,0
2,1768494702768,1665,-224,16003,3612657,-245567,-186924,0,0,0,586,622,215,527,565,544,319,347,382,358,309,645,0
2,1768494702784,2230,-210,18061,4470311,-285884,-423940,0,0,0,584,622,218,528,565,542,284,302,388,320,280,631,0
2,1768494702800,2718,-47,20650,5423261,-342084,-665843,0,0,0,564,615,209,538,573,540,313,298,385,299,237,588,0
2,1768494702816,3771,-138,23742,6487388,-542448,-913854,0,0,0,531,599,201,529,562,531,299,239,376,286,205,538,0
2,1768494702832,5455,-1057,27159,7567398,-676838,-1219287,0,0,0,493,578,190,504,525,509,245,159,362,271,191,500,0
2,1768494702848,5819,-1430,30231,8417722,-480140,-1527163,0,0,0,426,543,170,472,482,473,256,171,337,261,184,461,0
2,1768494702864,4048,894,32581,8864876,-239459,-1791056,0,0,0,322,489,163,397,438,411,280,201,307,236,189,359,0
2,1768494702880,4627,4891,32021,8735372,-491135,-1944994,0,0,0,245,443,171,324,399,362,299,240,284,201,203,227,0
2,1768494702896,8059,12476,23388,7694458,-847880,-2184454,0,0,0,244,449,171,358,369,386,303,253,287,197,222,213,0
2,1768494702912,8925,19942,12175,5677381,-1021366,-2309070,0,0,0,241,449,170,352,369,385,297,261,281,194,223,210,0
2,1768494702928,5848,23785,7035,1816713,-1098335,-1640784,0,0,0,242,449,170,352,372,372,293,264,265,218,228,200,0
2,1768494702944,3321,20177,8494,-2449569,-1323134,-227241,0,0,0,229,441,160,350,374,362,285,273,254,196,238,185,0
2,1768494702960,5360,11428,7552,-4451985,-1561371,855211,0,0,0,231,440,160,347,373,360,285,279,248,194,245,174,0
2,1768494702976,8657,5431,4235,-4647462,-1220508,1048244,0,0,0,235,437,168,339,369,356,280,290,241,194,265,167,0
2,1768494702992,8667,4733,3278,-4399451,-223576,585208,0,0,0,234,434,160,334,366,348,285,303,239,190,268,162,0
2,1768494703008,6345,5326,4900,-4623028,542448,280998,0,0,0,237,431,159,336,371,348,278,311,236,192,269,160,0
2,1768494703024,4541,5264,7130,-5126381,748920,345749,0,0,0,243,442,168,330,378,342,273,315,234,192,270,157,0
2,1768494703040,5087,4149,8121,-5419596,873537,543670,0,0,0,243,440,167,332,375,342,273,318,232,192,273,153,0
2,1768494703056,5326,3316,9246,-5577199,1215621,668286,0,0,0,239,429,162,338,369,347,276,323,232,196,278,149,0
2,1768494703072,4402,3101,11318,-5770233,1629788,786794,0,0,0,236,426,161,339,367,349,280,327,234,197,281,148,0
2,1768494703088,3517,3125,13443,-6042678,1859473,934623,0,0,0,234,426,160,338,366,349,280,330,235,196,284,148,0
2,1768494703104,3158,2890,16003,-6454402,1979203,1105666,0,0,0,234,425,159,337,365,348,283,332,238,195,285,147,0
2,1768494703120,3292,2124,18372,-6741508,2096489,1102000,0,0,0,231,423,158,335,362,347,285,335,239,194,284,144,0
2,1768494703136,3187,1359,21038,-6912551,2254092,984714,0,0,0,232,423,157,335,362,346,285,336,239,192,284,139,0
2,1768494703152,2799,789,24651,-6993185,2443460,845437,0,0,0,233,423,157,340,368,354,283,335,240,192,278,143,0
2,1768494703168,1828,-201,29159,-7071376,2587625,981049,0,0,0,233,423,156,340,362,354,281,328,238,197,276,145,0
2,1768494703184,263,-3579,33538,-7150788,2612059,1435533,0,0,0,236,430,162,339,359,358,284,322,248,195,269,148,0
2,1768494703200,-2182,-12045,35840,-6994406,2443460,1935221,0,0,0,237,433,158,345,360,360,295,322,254,200,267,147,0
2,1768494703216,-3196,-23115,34218,-6467841,1828930,1992642,0,0,0,235,434,158,349,362,360,305,322,269,206,270,150,0
2,1768494703232,363,-35635,26403,-5301088,884532,1242499,0,0,0,235,434,159,352,367,363,308,329,268,209,276,155,0
2,1768494703248,1201,-43967,15826,-3263242,934623,-726929,0,0,0,237,434,160,355,371,366,310,333,265,213,281,158,0
2,1768494703264,-7657,-45513,12433,-1369559,1314581,-2354274,0,0,0,237,430,158,353,368,364,305,344,257,210,288,152,0
2,1768494703280,-15429,-40923,14682,362853,428827,-2445904,0,0,0,236,395,155,342,344,359,352,411,252,230,348,142,0
2,1768494703296,-10787,-25029,20885,2359161,-1648114,-1451415,0,0,0,237,346,151,328,306,355,426,484,256,287,423,136,0
2,1768494703312,1608,4479,22938,3894876,-4458094,-174707,0,0,0,246,326,151,323,280,359,460,505,257,349,453,135,0
2,1768494703328,3756,11471,14883,5185024,-5455026,779464,0,0,0,260,334,157,340,275,379,498,534,260,400,487,139,0
2,1768494703344,-2426,971,16252,5987701,-3351206,1334129,0,0,0,265,342,158,361,273,386,553,566,271,438,514,146,0
2,1768494703360,-7035,-5235,23656,5280319,-1091005,917519,0,0,0,275,371,170,379,292,397,588,600,293,488,542,170,0
2,1768494703376,-2273,-1660,20851,3547905,-915076,108734,0,0,0,277,411,181,399,332,432,604,606,313,480,537,218,0
2,1768494703392,1722,512,14070,1793500,-867428,13439,0,0,0,285,446,190,439,371,448,629,630,351,492,553,282,0
2,1768494703408,899,-134,10571,687834,-524122,233350,0,0,0,319,470,187,442,402,455,652,652,373,497,562,336,0
2,1768494703424,-335,-301,10160,151494,-257785,185703,0,0,0,338,500,202,449,424,469,656,656,373,505,572,368,0
2,1768494703440,-9,416,10485,100181,-196698,26878,0,0,0,351,511,208,451,431,473,661,663,375,514,581,373,0
2,1768494703456,402,794,10299,83077,-156381,-15882,0,0,0,364,514,211,457,433,476,655,656,370,514,578,376,0
2,1768494703472,440,760,10050,65973,-97738,7330,0,0,0,376,517,216,464,431,480,647,647,365,513,566,381,0
2,1768494703488,311,703,10093,92851,-54977,4886,0,0,0,387,518,219,468,433,483,641,642,362,513,558,385,0
2,1768494703504,282,722,10165,144164,-31764,-4886,0,0,0,392,519,216,478,442,488,633,634,365,481,520,399,0
2,1768494703520,335,746,10174,212581,-4886,-14660,0,0,0,395,523,212,486,443,494,631,625,372,454,485,413,0
2,1768494703536,358,679,10107,256563,19547,-14660,0,0,0,401,526,210,485,443,494,629,618,374,429,456,420,0
2,1768494703552,378,593,10040,276111,25656,-19547,0,0,0,405,529,213,490,451,494,603,599,383,316,338,439,0
2,1768494703568,392,540,10016,262672,14660,-26878,0,0,0,409,534,214,492,458,496,565,555,401,314,324,447,0
2,1768494703584,416,521,10011,241902,1221,-34208,0,0,0,415,542,214,500,458,501,605,582,370,309,310,453,0
2,1768494703600,445,521,10026,229685,-15882,-40317,0,0,0,423,545,216,503,469,500,598,566,378,313,307,459,0
2,1768494703616,478,492,10031,233350,-41538,-47647,0,0,0,431,551,212,492,463,493,607,551,382,291,272,481,0
2,1768494703632,464,449,10035,244346,-70860,-57421,0,0,0,440,563,218,498,476,502,605,531,383,298,260,506,0
2,1768494703648,421,406,10059,260228,-91629,-65973,0,0,0,449,566,218,509,482,517,600,510,388,368,327,511,0
2,1768494703664,392,387,10136,283441,-102625,-68416,0,0,0,462,579,223,521,490,523,594,489,387,315,259,538,0
2,1768494703680,416,354,10198,316428,-105068,-72082,0,0,0,479,587,231,526,502,539,590,466,390,279,217,550,0
2,1768494703696,516,277,10260,371406,-106290,-87964,0,0,0,494,594,232,532,516,550,580,444,400,283,214,559,0
2,1768494703712,574,215,10394,459370,-120951,-123394,0,0,0,509,599,234,540,523,549,570,426,411,296,215,567,0
2,1768494703728,641,119,10557,607200,-135612,-163711,0,0,0,524,606,238,543,530,549,562,413,416,307,216,572,0
2,1768494703744,660,28,10844,803898,-117286,-206472,0,0,0,532,616,232,545,542,561,547,403,414,309,218,586,0
2,1768494703760,315,52,11519,1050688,-67195,-234572,0,0,0,535,617,222,553,549,573,529,397,411,308,218,608,0
2,1768494703776,134,76,12237,1284038,-10995,-219911,0,0,0,542,626,227,566,562,580,507,393,414,307,217,614,0
2,1768494703792,248,9,13031,1671327,18325,-193033,0,0,0,557,630,224,561,562,582,489,382,417,313,221,621,0
2,1768494703808,248,-67,13768,2179567,19547,-157603,0,0,0,575,629,233,560,569,574,458,374,413,314,215,617,0
2,1768494703824,603,-205,14376,2751337,21991,-129503,0,0,0,574,612,230,557,570,588,411,364,405,315,218,632,0
2,1768494703840,1311,-325,15367,3347541,18325,-178372,0,0,0,582,610,230,553,570,576,372,347,418,312,210,638,0
2,1768494703856,1971,-339,17080,4091575,-18325,-340862,0,0,0,580,622,218,550,574,572,322,315,404,299,210,624,0
2,1768494703872,2239,-191,19784,5006651,-140499,-532674,0,0,0,566,611,211,550,594,578,288,243,422,280,196,593,0
2,1768494703888,3397,-411,22976,6086661,-342084,-734260,0,0,0,538,596,208,542,582,563,270,189,413,258,176,545,0
2,1768494703904,5058,-1488,26872,7216761,-430049,-983493,0,0,0,503,586,196,525,546,536,262,170,387,247,166,505,0
2,1768494703920,6207,-2129,30212,8208807,-139277,-1249830,0,0,0,453,555,174,495,500,494,264,170,356,242,163,471,0
2,1768494703936,4297,-722,33562,8858767,351858,-1541823,0,0,0,363,499,155,443,445,438,284,190,319,219,151,401,0
2,1768494703952,3866,3034,35233,8845328,-8552,-1753183,0,0,0,271,453,161,389,397,401,313,240,300,175,134,288,0
2,1768494703968,7528,10614,29700,8173376,-548556,-1992642,0,0,0,247,437,176,371,379,391,326,275,297,144,133,207,0
2,1768494703984,10567,19741,15611,6533814,-684169,-2332283,0,0,0,250,434,172,368,382,382,318,284,287,138,139,192,0
2,1768494704000,7351,23627,7604,2896722,-412944,-2051285,0,0,0,253,434,171,362,383,371,308,288,269,139,141,187,0
2,1768494704016,2689,21158,8413,-1328021,-541226,-938289,0,0,0,253,430,168,360,379,370,306,293,268,139,141,180,0
2,1768494704032,2708,12682,8260,-3918089,-1309695,414166,0,0,0,244,427,165,355,380,363,304,302,259,140,149,177,0
2,1768494704048,6379,6795,4580,-4360356,-1560149,863763,0,0,0,242,425,161,346,377,360,300,310,255,131,147,166,0
2,1768494704064,9097,5168,1684,-4107457,-791681,471587,0,0,0,244,426,166,344,377,357,295,322,247,128,152,162,0
2,1768494704080,7006,5695,3168,-4344473,412944,-131946,0,0,0,243,424,161,344,376,352,291,323,238,131,153,156,0
2,1768494704096,4053,5699,5723,-4739092,954171,-401949,0,0,0,243,424,161,340,374,348,286,326,236,130,156,155,0
2,1768494704112,3211,5015,7408,-5092172,1012814,-360410,0,0,0,244,425,163,342,375,350,287,333,239,131,159,156,0
2,1768494704128,3512,4474,8695,-5426926,1242499,-252898,0,0,0,245,428,167,340,372,350,287,336,239,128,158,150,0
2,1768494704144,3048,4216,10457,-5770233,1634675,-117286,0,0,0,247,430,169,336,369,346,286,336,237,125,157,145,0
2,1768494704160,1919,3737,12974,-6156299,1882686,167377,0,0,0,249,428,166,337,369,346,288,339,238,127,160,145,0
2,1768494704176,1837,3019,15022,-6427524,1913229,474031,0,0,0,247,425,163,338,365,348,292,344,242,129,164,145,0
2,1768494704192,2675,2297,17023,-6576575,1982868,664621,0,0,0,249,425,165,336,362,348,293,344,244,124,161,140,0
2,1768494704208,3302,1703,19688,-6698748,2161241,770911,0,0,0,248,424,165,342,366,355,293,344,242,121,158,138,0
2,1768494704224,3527,1167,23220,-6823364,2375044,873537,0,0,0,247,424,165,341,367,354,296,345,246,126,159,142,0
2,1768494704240,3756,62,28044,-6996850,2533869,1215621,0,0,0,247,425,168,338,357,353,295,338,249,125,152,140,0
2,1768494704256,3680,-2900,32026,-7166670,2669481,1800830,0,0,0,247,425,168,338,357,355,298,337,253,125,153,147,0
2,1768494704272,1727,-9447,34548,-7155675,2868623,2392148,0,0,0,248,427,168,349,365,363,309,335,262,126,151,147,0
2,1768494704288,-2273,-20689,34768,-6665761,2536312,2636494,0,0,0,246,429,170,351,367,363,313,336,267,126,152,147,0
2,1768494704304,-2067,-32639,29614,-5643173,1478293,2337170,0,0,0,246,430,168,352,368,365,317,337,271,127,150,146,0
2,1768494704320,1612,-41627,18702,-3624874,812450,847880,0,0,0,252,431,167,364,369,367,319,337,271,131,151,149,0
2,1768494704336,-1263,-44541,12543,-1632231,1056796,-955393,0,0,0,257,433,169,369,368,365,316,337,266,135,153,148,0
2,1768494704352,-10275,-42770,12964,-68416,1122770,-2026850,0,0,0,246,423,163,361,366,366,352,391,266,138,199,138,0
2,1768494704368,-12514,-33395,17415,1688431,-206472,-1546710,0,0,0,238,383,152,345,333,363,428,460,270,153,275,129,0
2,1768494704384,-4407,-7288,23685,3485597,-2857627,-130725,0,0,0,250,340,151,332,290,359,479,481,269,212,348,134,0
2,1768494704400,1971,10782,18076,4585154,-5111720,1264491,0,0,0,258,336,157,334,300,367,497,507,268,319,436,143,0
2,1768494704416,-861,7939,14180,5488013,-4579045,2026850,0,0,0,268,347,158,333,320,364,538,555,279,417,495,143,0
2,1768494704432,-8786,-3517,20373,5439144,-1729970,1495398,0,0,0,277,375,168,377,300,401,581,584,292,484,530,150,0
2,1768494704448,-5374,-3038,22359,3905872,-613308,152716,0,0,0,276,417,181,393,338,411,594,594,315,462,515,175,0
2,1768494704464,880,191,16692,2109928,-428827,-368962,0,0,0,273,454,197,418,376,435,612,612,331,478,528,226,0
2,1768494704480,2330,947,10284,722042,-311541,-3665,0,0,0,288,490,217,428,407,449,628,628,342,478,541,292,0
2,1768494704496,488,272,9676,212581,-146607,152716,0,0,0,320,502,225,441,412,463,644,644,358,482,548,312,0
2,1768494704512,-47,483,10232,101403,-144164,80634,0,0,0,340,508,237,447,419,467,643,644,354,518,566,324,0
2,1768494704528,349,957,10404,108734,-211359,-10995,0,0,0,352,513,238,452,432,469,651,651,357,539,579,327,0
2,1768494704544,464,1024,10136,54977,-175929,-2443,0,0,0,356,520,237,452,435,464,654,653,350,549,590,345,0
2,1768494704560,378,971,10078,31764,-105068,3665,0,0,0,355,523,248,457,436,472,652,652,350,551,589,338,0
2,1768494704576,320,990,10131,59864,-62308,-8552,0,0,0,363,526,251,460,438,477,651,649,357,542,578,319,0
2,1768494704592,311,1048,10136,105068,-34208,-20769,0,0,0,376,529,244,457,436,469,651,643,356,536,574,321,0
2,1768494704608,330,1062,10088,166155,-2443,-25656,0,0,0,383,527,242,459,435,472,647,633,358,537,571,331,0
2,1768494704624,354,985,10035,210137,13439,-21991,0,0,0,386,526,241,460,439,472,635,618,360,479,507,350,0
2,1768494704640,387,909,10007,227241,10995,-21991,0,0,0,386,536,241,464,443,472,624,617,367,321,362,392,0
2,1768494704656,416,875,10007,219911,-3665,-24434,0,0,0,390,538,242,470,445,476,614,604,368,298,330,399,0
2,1768494704672,435,866,10021,223576,-18325,-31764,0,0,0,402,548,244,478,456,477,607,589,367,293,314,417,0
2,1768494704688,449,851,10040,244346,-29321,-42760,0,0,0,415,542,249,483,453,487,605,544,369,333,328,423,0
2,1768494704704,454,832,10064,270002,-34208,-56199,0,0,0,430,553,256,498,470,494,596,542,372,302,285,449,0
2,1768494704720,454,808,10074,305432,-39095,-69638,0,0,0,437,564,277,505,477,504,601,527,379,289,249,466,0
2,1768494704736,454,765,10107,345749,-45204,-78190,0,0,0,457,575,296,502,482,502,599,504,376,288,233,488,0
2,1768494704752,469,679,10184,390953,-45204,-86742,0,0,0,466,581,307,508,480,521,547,469,399,286,223,515,0
2,1768494704768,469,607,10265,448375,-51312,-98960,0,0,0,481,589,289,524,490,532,562,449,397,290,219,540,0
2,1768494704784,512,545,10399,551000,-46425,-113620,0,0,0,497,600,273,539,507,539,582,437,393,296,215,556,0
2,1768494704800,574,459,10591,684169,-23212,-131946,0,0,0,511,606,267,548,519,549,572,424,400,307,214,570,0
2,1768494704816,574,315,10849,908967,40317,-160046,0,0,0,522,609,257,555,531,558,562,410,407,318,216,583,0
2,1768494704832,617,201,11117,1130100,153938,-193033,0,0,0,526,610,241,562,549,564,544,395,418,320,217,594,0
2,1768494704848,722,143,11557,1320690,251676,-229685,0,0,0,528,606,219,572,562,559,529,391,421,323,223,610,0
2,1768494704864,636,148,12543,1613905,199142,-234572,0,0,0,535,613,216,590,572,579,506,378,416,326,226,631,0
2,1768494704880,531,124,13414,2013411,76969,-200363,0,0,0,546,615,217,575,562,589,483,376,423,327,221,626,0
2,1768494704896,344,67,13950,2542421,-17104,-135612,0,0,0,556,620,209,568,576,589,438,363,441,327,222,633,0
2,1768494704912,914,-90,14582,3115412,-45204,-98960,0,0,0,568,617,219,569,571,580,392,352,411,332,227,638,0
2,1768494704928,1718,-177,15635,3695734,-72082,-180816,0,0,0,565,615,213,566,568,569,340,331,404,332,229,632,0
2,1768494704944,2335,-196,17458,4449542,-168598,-360410,0,0,0,561,606,208,553,577,573,297,283,406,302,214,618,0
2,1768494704960,3283,-263,19822,5325523,-305432,-585208,0,0,0,547,605,217,546,568,563,279,209,416,285,207,575,0
2,1768494704976,4197,-751,23493,6400645,-498466,-860098,0,0,0,515,587,198,536,550,547,313,240,394,274,199,523,0
2,1768494704992,5226,-2311,28317,7487986,-502131,-1109331,0,0,0,479,566,179,520,524,525,279,205,366,263,191,483,0
2,1768494705008,5135,-2536,31150,8142833,-349414,-1321912,0,0,0,427,537,167,481,484,481,252,163,337,255,185,446,0
2,1768494705024,5072,-210,32926,8473922,-270002,-1557706,0,0,0,329,485,162,413,422,424,286,199,308,235,196,346,0
2,1768494705040,7217,4479,32797,8422609,-326202,-1825265,0,0,0,240,437,167,362,371,392,307,245,290,205,224,216,0
2,1768494705056,9724,12624,25939,7695680,-339641,-2197893,0,0,0,248,438,165,362,368,388,306,258,285,203,238,197,0
2,1768494705072,8863,20765,13347,5503895,-315206,-2524095,0,0,0,256,440,165,360,370,377,299,264,279,204,242,191,0
2,1768494705088,5264,23809,7633,1408655,-384845,-2090380,0,0,0,247,439,158,356,385,366,297,273,262,204,249,179,0
2,1768494705104,2340,18434,9624,-2519208,-719599,-839328,0,0,0,242,438,158,353,377,363,290,275,259,204,256,178,0
2,1768494705120,3747,10533,7939,-3880215,-1175304,262672,0,0,0,235,434,160,347,373,359,290,288,250,208,270,170,0
2,1768494705136,6724,6508,3991,-3929085,-959058,634078,0,0,0,232,430,156,344,372,357,286,297,244,207,278,167,0
2,1768494705152,6556,6432,3249,-4051258,64751,367740,0,0,0,232,431,151,339,372,350,278,301,236,205,289,158,0
2,1768494705168,4058,6336,5101,-4504520,821002,140499,0,0,0,243,432,156,338,370,347,276,309,232,208,295,157,0
2,1768494705184,2244,5479,7006,-4899139,937067,113620,0,0,0,240,429,156,340,372,349,279,317,231,211,304,155,0
2,1768494705200,2412,4589,7791,-5103168,948062,150272,0,0,0,239,427,157,340,374,350,285,325,235,210,307,150,0
2,1768494705216,2555,4335,9131,-5362175,1282817,151494,0,0,0,234,425,156,338,371,351,285,330,237,210,308,149,0
2,1768494705232,1770,4345,11189,-5726250,1596801,204028,0,0,0,230,425,157,340,370,351,284,334,236,211,310,149,0
2,1768494705248,1167,3996,13524,-6141639,1715309,376292,0,0,0,234,426,158,343,368,350,286,335,236,213,308,145,0
2,1768494705264,1320,3302,15486,-6427524,1772730,557109,0,0,0,237,426,158,343,365,351,286,333,236,212,304,142,0
2,1768494705280,1631,2598,17626,-6571688,1886351,651182,0,0,0,240,425,158,342,364,353,286,333,237,212,308,142,0
2,1768494705296,1861,2096,20330,-6706078,2034181,700051,0,0,0,242,427,158,340,361,351,285,332,236,212,308,142,0
2,1768494705312,2100,1842,23962,-6886894,2196671,784350,0,0,0,241,430,156,339,360,355,283,330,236,209,303,141,0
2,1768494705328,2163,1067,28681,-7101919,2313957,1121548,0,0,0,241,429,156,338,359,355,282,329,240,209,300,144,0
2,1768494705344,1809,-2033,32409,-7219205,2344500,1683544,0,0,0,247,431,163,338,362,355,287,329,247,210,297,150,0
2,1768494705360,358,-9179,34874,-7106806,2344500,2266310,0,0,0,244,434,158,344,367,358,292,327,254,215,295,151,0
2,1768494705376,-1387,-22163,34319,-6535036,1804495,2430021,0,0,0,238,435,157,350,370,361,302,327,258,222,296,152,0
2,1768494705392,1703,-34443,27590,-5472130,873537,1843591,0,0,0,235,436,157,352,370,368,303,325,264,224,297,156,0
2,1768494705408,2703,-42603,16606,-3331659,861319,168598,0,0,0,236,437,158,353,373,371,304,327,266,227,298,159,0
2,1768494705424,-5039,-44388,12715,-1315803,1249830,-1274264,0,0,0,238,437,160,352,375,371,296,337,259,223,303,159,0
2,1768494705440,-12490,-41579,14615,255341,559552,-1555262,0,0,0,240,416,156,347,359,364,347,396,259,187,288,144,0
2,1768494705456,-11016,-31371,19880,1909564,-1086118,-1042136,0,0,0,243,373,149,334,323,351,433,462,266,167,296,129,0
2,1768494705472,-1158,-4388,22488,3857003,-3941302,-45204,0,0,0,250,343,150,325,291,351,463,484,263,253,381,132,0
2,1768494705488,3129,9212,14984,5247332,-4891808,791681,0,0,0,261,343,159,332,281,370,469,512,260,378,468,137,0
2,1768494705504,-957,3555,14491,5836206,-2866179,1351233,0,0,0,270,350,160,347,281,379,499,531,267,394,480,143,0
2,1768494705520,-6341,-3608,20550,5092172,-653625,1025031,0,0,0,274,360,167,369,284,397,552,551,295,378,468,155,0
2,1768494705536,-3350,-1665,20172,3668856,-471587,26878,0,0,0,275,386,170,381,310,406,583,583,297,452,513,198,0
2,1768494705552,1277,655,15419,2378709,-592539,-343306,0,0,0,281,421,178,416,351,428,597,597,330,459,524,255,0
2,1768494705568,2158,258,11576,1253495,-476474,-21991,0,0,0,303,454,200,433,376,460,609,608,354,460,532,329,0
2,1768494705584,296,-138,10480,361632,-310319,190589,0,0,0,319,480,206,444,401,471,629,629,360,517,567,353,0
2,1768494705600,-335,392,10356,46425,-254119,107512,0,0,0,343,491,213,453,414,473,626,626,362,488,547,381,0
2,1768494705616,153,827,10284,43982,-207694,-2443,0,0,0,353,496,245,458,414,486,629,629,372,479,540,393,0
2,1768494705632,425,875,10184,42760,-140499,-14660,0,0,0,361,501,256,463,419,489,631,631,375,485,547,396,0
2,1768494705648,363,842,10131,26878,-74525,6108,0,0,0,369,505,240,468,423,481,632,632,371,486,543,395,0
2,1768494705664,277,885,10122,39095,-41538,-2443,0,0,0,370,503,228,470,424,477,632,632,366,487,536,393,0
2,1768494705680,272,933,10126,85521,-9773,-19547,0,0,0,365,502,222,468,427,476,631,631,362,494,543,390,0
2,1768494705696,296,918,10098,141720,23212,-20769,0,0,0,365,506,219,468,433,475,626,626,363,499,550,390,0
2,1768494705712,320,880,10069,185703,50090,-18325,0,0,0,371,510,222,471,436,475,622,622,367,485,528,394,0
2,1768494705728,358,842,10026,206472,54977,-18325,0,0,0,368,513,221,476,437,480,615,616,368,428,467,407,0
2,1768494705744,402,804,9987,216246,48869,-23212,0,0,0,365,513,218,477,437,483,611,612,379,328,363,435,0
2,1768494705760,440,770,9973,217468,34208,-29321,0,0,0,365,510,218,484,434,489,612,611,382,323,346,438,0
2,1768494705776,464,741,9964,213802,12217,-37873,0,0,0,364,513,223,476,431,502,605,604,392,302,319,454,0
2,1768494705792,459,708,9964,201585,-10995,-46425,0,0,0,380,506,215,487,430,508,603,597,390,302,309,462,0
2,1768494705808,440,698,9997,195476,-31764,-51312,0,0,0,382,508,219,490,434,508,608,586,392,296,295,468,0
2,1768494705824,449,698,10035,207694,-46425,-51312,0,0,0,396,517,224,489,451,514,610,569,396,293,282,482,0
2,1768494705840,454,689,10059,238237,-58643,-51312,0,0,0,414,526,223,502,459,526,606,548,395,300,269,499,0
2,1768494705856,449,646,10088,273667,-63529,-51312,0,0,0,427,537,228,505,469,532,611,533,409,310,266,516,0
2,1768494705872,469,574,10126,311541,-54977,-59864,0,0,0,443,549,233,506,486,532,614,503,405,337,281,534,0
2,1768494705888,531,507,10165,346971,-40317,-76969,0,0,0,457,559,238,518,495,532,618,470,407,384,325,551,0
2,1768494705904,564,473,10251,409279,-34208,-108734,0,0,0,468,567,244,535,501,537,619,442,416,420,354,574,0
2,1768494705920,593,421,10394,513126,-31764,-139277,0,0,0,483,578,244,547,514,549,601,417,421,421,349,594,0
2,1768494705936,813,268,10658,665843,-29321,-182037,0,0,0,497,595,231,554,537,555,580,402,436,417,355,600,0
2,1768494705952,1062,181,11251,896750,-35430,-244346,0,0,0,506,608,218,560,556,556,568,391,447,425,358,623,0
2,1768494705968,832,268,12318,1254717,7330,-316428,0,0,0,528,620,229,572,555,578,537,382,451,418,343,645,0
2,1768494705984,239,349,13218,1687209,98960,-327423,0,0,0,529,616,214,580,575,608,503,372,454,408,337,653,0
2,1768494706000,148,215,13682,2155132,133168,-240680,0,0,0,550,618,226,570,587,601,494,375,459,392,328,663,0
2,1768494706016,660,119,14400,2653598,74525,-160046,0,0,0,550,611,209,578,584,605,457,358,430,379,315,665,0
2,1768494706032,1426,52,15228,3194825,-84299,-212581,0,0,0,569,609,224,564,579,597,407,345,431,359,314,656,0
2,1768494706048,1560,-67,16099,3819129,-183259,-332310,0,0,0,582,615,224,556,577,597,357,315,423,330,288,654,0
2,1768494706064,1966,-143,17659,4588819,-183259,-467922,0,0,0,558,607,217,562,573,607,307,259,435,301,251,624,0
2,1768494706080,3091,-220,20464,5580864,-194255,-689055,0,0,0,534,590,209,557,563,599,284,198,425,280,207,554,0
2,1768494706096,3742,-593,24192,6687752,-257785,-926071,0,0,0,511,570,197,537,544,571,275,165,401,271,185,503,0
2,1768494706112,4632,-1445,27106,7683462,-122173,-1071457,0,0,0,473,549,180,511,517,535,266,157,370,267,183,474,0
2,1768494706128,4651,-1928,29121,8313875,294437,-1226617,0,0,0,409,516,162,477,475,484,272,169,335,257,181,440,0
2,1768494706144,2909,-1009,32352,8515461,572991,-1441641,0,0,0,320,466,155,420,415,420,299,200,305,227,179,333,0
2,1768494706160,4972,5077,31409,8101294,213802,-1671327,0,0,0,250,431,160,370,369,384,319,235,288,190,190,191,0
2,1768494706176,7312,14395,22780,7154453,-54977,-2014633,0,0,0,250,446,169,374,377,395,315,249,286,199,206,196,0
2,1768494706192,5910,20535,11931,4805065,-365297,-2153910,0,0,0,252,444,166,368,376,378,310,255,279,238,210,198,0
2,1768494706208,3268,21430,8935,1182635,-788016,-1517389,0,0,0,248,444,163,360,374,366,303,262,267,192,214,180,0
2,1768494706224,2053,16065,10351,-2610838,-1330464,-193033,0,0,0,243,438,158,357,375,361,300,272,258,190,224,171,0
2,1768494706240,4465,8896,7705,-3861890,-1711644,697608,0,0,0,235,436,156,354,372,358,292,283,253,190,234,171,0
2,1768494706256,6915,5809,3981,-3867998,-1492954,759916,0,0,0,234,431,156,345,372,353,286,294,249,188,244,164,0
2,1768494706272,7169,5604,2775,-3955963,-734260,370184,0,0,0,233,427,153,345,369,348,288,295,245,193,255,154,0
2,1768494706288,4905,5714,4819,-4555832,26878,-35430,0,0,0,233,428,152,345,369,348,284,307,241,187,259,151,0
2,1768494706304,3589,5206,6527,-5022533,266337,-201585,0,0,0,236,430,154,341,368,345,282,315,241,184,259,148,0
2,1768494706320,3776,4613,7480,-5354844,448375,-260228,0,0,0,239,428,158,337,367,342,283,318,241,188,263,147,0
2,1768494706336,3780,4206,8848,-5690820,800233,-274889,0,0,0,238,426,158,337,379,343,283,324,240,189,269,143,0
2,1768494706352,3082,3914,10839,-6006027,1126435,-182037,0,0,0,238,425,158,339,384,346,287,329,240,186,272,140,0
2,1768494706368,2809,3407,13022,-6306572,1249830,51312,0,0,0,237,426,159,341,367,348,292,330,242,188,271,140,0
2,1768494706384,3412,2660,15051,-6582683,1345125,295658,0,0,0,233,423,158,340,364,348,290,332,242,188,271,139,0
2,1768494706400,4307,1751,17329,-6746395,1574810,480140,0,0,0,233,419,156,338,362,346,292,335,242,189,274,137,0
2,1768494706416,4809,1048,19846,-6805038,1858252,625526,0,0,0,235,419,155,341,363,350,292,336,241,191,274,142,0
2,1768494706432,5111,588,23292,-6839247,2172236,810007,0,0,0,234,419,151,340,357,343,293,336,241,200,273,151,0
2,1768494706448,5522,-430,27930,-6946759,2426356,1180191,0,0,0,240,420,158,344,360,352,303,337,254,191,265,143,0
2,1768494706464,5829,-3354,31002,-7022506,2631607,1672549,0,0,0,237,419,155,344,357,355,301,333,254,195,260,150,0
2,1768494706480,3972,-9126,32141,-6862460,2934596,2119702,0,0,0,237,420,156,305,397,340,310,330,262,196,260,151,0
2,1768494706496,-1483,-19191,32476,-6190508,2798984,2331061,0,0,0,237,422,156,341,373,359,312,332,263,193,261,147,0
2,1768494706512,-3785,-29968,28470,-5108055,1781283,2111150,0,0,0,235,423,155,355,371,366,313,332,261,195,262,145,0
2,1768494706528,-253,-39301,18377,-3306002,766025,817337,0,0,0,235,428,156,356,372,367,311,333,263,208,280,147,0
2,1768494706544,-516,-43976,12419,-1648114,758694,-896750,0,0,0,237,430,158,354,368,367,309,335,263,218,296,150,0
2,1768494706560,-7695,-43780,12519,-140499,917519,-2139250,0,0,0,236,416,153,354,357,363,334,398,261,231,342,135,0
2,1768494706576,-12672,-33247,17674,1709200,-174707,-1853365,0,0,0,235,375,145,343,325,354,393,471,257,245,391,120,0
2,1768494706592,-6934,-6298,24359,3447723,-2790432,-509461,0,0,0,241,331,144,325,289,348,443,482,253,279,410,129,0
2,1768494706608,3024,14012,16520,4483750,-5089729,1009149,0,0,0,256,330,155,327,282,365,461,502,260,359,457,138,0
2,1768494706624,1756,7346,12060,5327966,-3842342,1800830,0,0,0,274,346,165,350,282,391,513,519,281,371,463,149,0
2,1768494706640,-6704,-3771,19243,5277875,-948062,1588249,0,0,0,270,360,161,362,289,381,538,565,268,481,532,145,0
2,1768494706656,-5862,-2785,21895,3766595,6108,200363,0,0,0,273,387,170,374,313,394,578,588,279,519,548,181,0
2,1768494706672,315,775,16640,2349387,-105068,-502131,0,0,0,271,419,195,391,338,413,603,604,301,519,556,201,0
2,1768494706688,3345,1813,10524,1331686,-339641,-178372,0,0,0,274,448,209,419,369,434,610,610,310,544,563,238,0
2,1768494706704,1038,320,10026,603534,-296880,191811,0,0,0,298,489,225,416,386,453,629,628,335,550,576,280,0
2,1768494706720,-105,153,10691,180816,-256563,146607,0,0,0,329,513,242,427,400,452,649,645,336,558,586,295,0
2,1768494706736,272,813,10619,53756,-244346,-7330,0,0,0,344,509,254,435,408,454,649,646,337,573,591,304,0
2,1768494706752,679,1139,10145,48869,-196698,-25656,0,0,0,355,506,259,436,425,457,648,646,341,593,601,314,0
2,1768494706768,626,1124,10059,37873,-123394,1221,0,0,0,363,513,259,438,423,459,656,648,338,606,613,313,0
2,1768494706784,516,1110,10131,32986,-69638,-2443,0,0,0,363,517,259,437,411,454,655,644,329,607,617,308,0
2,1768494706800,492,1139,10136,41538,-26878,-20769,0,0,0,358,516,257,437,409,451,648,640,327,590,609,303,0
2,1768494706816,540,1153,10064,67195,12217,-30543,0,0,0,355,516,252,433,431,450,643,636,333,566,592,301,0
2,1768494706832,574,1158,10007,97738,31764,-29321,0,0,0,354,517,252,426,461,444,629,626,335,557,580,306,0
2,1768494706848,588,1158,9968,131946,29321,-25656,0,0,0,359,516,261,456,418,464,625,617,332,551,576,304,0
2,1768494706864,617,1129,9954,151494,15882,-25656,0,0,0,364,520,260,455,423,469,620,605,337,536,571,313,0
2,1768494706880,655,1095,9954,161268,1221,-28099,0,0,0,372,523,256,455,426,469,614,596,337,527,563,317,0
2,1768494706896,679,1057,9949,166155,-20769,-36651,0,0,0,376,528,257,455,423,467,614,586,346,518,553,328,0
2,1768494706912,655,1033,9940,166155,-46425,-43982,0,0,0,394,534,264,461,429,482,616,576,354,519,548,339,0
2,1768494706928,636,1024,9940,171042,-61086,-47647,0,0,0,406,544,263,476,439,484,617,561,350,501,523,355,0
2,1768494706944,636,1033,9978,208915,-67195,-50090,0,0,0,423,551,267,478,443,479,616,556,360,350,362,405,0
2,1768494706960,636,1028,10031,270002,-69638,-51312,0,0,0,437,559,268,487,455,488,613,541,367,290,288,444,0
2,1768494706976,646,981,10083,335975,-67195,-54977,0,0,0,462,575,276,487,466,491,610,518,392,321,300,475,0
2,1768494706992,689,885,10150,389732,-64751,-62308,0,0,0,486,591,301,491,479,499,609,498,413,314,273,507,0
2,1768494707008,746,808,10227,445931,-67195,-78190,0,0,0,499,602,309,511,495,515,604,475,410,283,227,539,0
2,1768494707024,837,727,10346,527787,-81855,-109955,0,0,0,511,611,293,530,506,525,592,447,397,287,217,566,0
2,1768494707040,971,631,10610,654847,-107512,-162490,0,0,0,528,615,293,534,533,528,571,429,404,300,223,580,0
2,1768494707056,1086,617,11246,889419,-190589,-227241,0,0,0,536,623,287,551,585,523,554,418,413,316,240,596,0
2,1768494707072,904,617,12199,1279151,-381179,-251676,0,0,0,550,632,248,560,576,560,528,410,400,341,264,619,0
2,1768494707088,469,603,13194,1769065,-438601,-241902,0,0,0,560,632,228,565,586,566,489,399,398,352,268,626,0
2,1768494707104,157,555,13945,2346944,-197920,-194255,0,0,0,565,644,223,570,597,578,459,399,400,351,269,636,0
2,1768494707120,296,507,14419,2847853,-32986,-131946,0,0,0,578,643,225,562,582,562,414,384,414,356,269,633,0
2,1768494707136,1067,349,15185,3434284,-28099,-98960,0,0,0,582,638,226,556,572,559,366,378,391,341,267,624,0
2,1768494707152,1919,306,16558,4083023,-119729,-190589,0,0,0,581,631,229,545,573,564,323,358,392,326,260,627,0
2,1768494707168,2814,311,18851,4919908,-257785,-419053,0,0,0,573,630,225,537,579,558,336,347,395,291,225,609,0
2,1768494707184,4240,229,21249,5852088,-460592,-722042,0,0,0,547,620,209,535,573,550,289,244,397,271,195,559,0
2,1768494707200,5628,-583,25135,6994406,-741590,-1137431,0,0,0,509,598,194,527,550,545,248,167,386,263,185,515,0
2,1768494707216,6575,-1550,28585,7878939,-842994,-1495398,0,0,0,460,568,177,502,517,523,247,163,365,245,173,481,0
2,1768494707232,6484,-1177,30227,8478809,-558330,-1831373,0,0,0,395,529,159,458,470,473,263,180,330,223,154,434,0
2,1768494707248,5288,1244,31471,8731707,-163711,-2111150,0,0,0,315,479,155,404,414,413,288,207,294,195,145,331,0
2,1768494707264,5786,6613,30093,8388401,-194255,-2311514,0,0,0,254,438,169,366,378,380,313,250,286,157,148,203,0
2,1768494707280,7575,14783,21028,7349930,-575435,-2603507,0,0,0,262,443,177,366,378,389,313,269,295,155,158,203,0
2,1768494707296,7518,21416,10428,5314527,-933402,-2571742,0,0,0,256,435,167,365,385,379,305,277,272,158,164,198,0
2,1768494707312,5446,24422,6326,1280373,-963945,-1584584,0,0,0,255,430,164,355,388,367,305,285,267,150,156,193,0
2,1768494707328,3723,18315,8576,-3039665,-915076,178372,0,0,0,254,429,156,357,378,359,299,288,255,159,183,182,0
2,1768494707344,4910,8973,8078,-4955338,-1048244,1501506,0,0,0,246,426,161,355,378,361,299,296,254,167,195,174,0
2,1768494707360,7700,4838,4398,-4387234,-696386,1462411,0,0,0,244,426,159,350,377,359,292,302,244,163,205,165,0
2,1768494707376,7652,4948,3656,-4238183,85521,1007927,0,0,0,243,423,159,346,378,355,291,315,241,159,207,162,0
2,1768494707392,5307,5943,5819,-4761083,752585,632856,0,0,0,240,423,157,342,377,348,291,325,238,157,208,154,0
2,1768494707408,3517,5307,8155,-5369505,926071,542448,0,0,0,241,424,157,341,377,347,291,333,236,156,207,151,0
2,1768494707424,2928,4187,9399,-5656612,1014036,548556,0,0,0,242,422,156,343,377,350,296,336,237,159,209,149,0
2,1768494707440,2550,3393,10595,-5749463,1236391,587652,0,0,0,243,421,159,342,377,350,296,340,239,159,212,147,0
2,1768494707456,1909,3163,12371,-5929058,1475850,652404,0,0,0,239,420,158,339,374,349,292,347,239,156,215,144,0
2,1768494707472,1430,3144,14529,-6250373,1632231,751364,0,0,0,235,419,155,340,374,350,293,350,239,155,216,140,0
2,1768494707488,1306,2694,16601,-6533814,1727526,836885,0,0,0,235,418,153,343,375,353,293,350,239,150,213,138,0
2,1768494707504,1234,2048,18803,-6702413,1811826,893084,0,0,0,233,416,151,342,372,352,295,351,242,150,211,138,0
2,1768494707520,1459,1627,21641,-6784269,1879021,940732,0,0,0,236,418,155,342,371,353,295,350,243,151,207,137,0
2,1768494707536,1899,1416,25058,-6896668,1949881,1045801,0,0,0,237,418,155,343,374,355,298,349,246,150,199,140,0
2,1768494707552,2249,402,29384,-7078706,1987755,1328021,0,0,0,234,416,155,344,371,354,301,345,247,150,191,140,0
2,1768494707568,2593,-4197,32797,-7123910,1920560,1810604,0,0,0,234,416,155,348,370,358,310,342,250,162,191,144,0
2,1768494707584,2603,-12366,34266,-6883229,1844813,2109928,0,0,0,236,421,155,350,370,359,317,344,260,153,189,144,0
2,1768494707600,2546,-23254,31739,-6284581,1539380,1907121,0,0,0,239,422,158,355,372,363,320,346,263,151,187,151,0
2,1768494707616,2751,-34697,22981,-4927239,1142317,981049,0,0,0,240,424,158,359,374,368,323,347,266,154,186,154,0
2,1768494707632,-804,-42005,14620,-2957809,1183856,-364075,0,0,0,242,425,159,361,378,371,323,349,268,156,189,156,0
2,1768494707648,-9509,-43258,13041,-948062,1016479,-1453859,0,0,0,241,419,157,357,374,367,332,396,262,166,224,151,0
2,1768494707664,-13342,-39774,15218,734260,-9773,-1655444,0,0,0,242,386,153,342,340,357,375,449,256,204,309,136,0
2,1768494707680,-8810,-25790,21990,2560747,-1920560,-1071457,0,0,0,246,348,153,322,297,350,421,477,254,289,408,129,0
2,1768494707696,153,1296,19846,4737870,-4530176,-160046,0,0,0,254,348,155,324,289,360,450,502,260,351,444,137,0
2,1768494707712,2646,8719,15534,5995031,-4196644,503352,0,0,0,265,358,156,350,293,377,501,519,270,360,444,142,0
2,1768494707728,-2005,-382,20923,5594303,-1391551,756251,0,0,0,271,370,155,371,299,385,533,542,268,412,481,149,0
2,1768494707744,-3235,-2928,22517,4228409,-445931,321315,0,0,0,278,390,160,386,314,398,559,558,293,393,475,171,0
2,1768494707760,-373,-244,17013,2768441,-520457,-119729,0,0,0,276,417,180,401,331,413,578,579,322,412,488,213,0
2,1768494707776,1483,1052,11557,1684766,-526565,10995,0,0,0,276,446,199,428,370,448,594,594,330,444,510,270,0
2,1768494707792,1052,33,10495,797790,-392175,183259,0,0,0,297,484,212,438,393,455,613,614,338,479,542,320,0
2,1768494707808,277,-205,10935,208915,-293215,135612,0,0,0,330,493,215,452,406,462,619,618,343,510,561,337,0
2,1768494707824,378,737,10437,53756,-256563,29321,0,0,0,354,506,229,456,412,464,629,628,354,489,554,350,0
2,1768494707840,583,1186,10021,42760,-208915,-2443,0,0,0,360,504,228,460,413,466,635,635,348,543,585,355,0
2,1768494707856,598,1057,10098,35430,-130725,6108,0,0,0,364,505,226,460,416,464,636,639,346,516,573,356,0
2,1768494707872,569,1005,10145,30543,-68416,1221,0,0,0,364,506,224,461,418,463,631,634,348,478,551,356,0
2,1768494707888,555,1057,10102,43982,-31764,-10995,0,0,0,366,505,227,464,420,466,628,628,350,473,541,353,0
2,1768494707904,574,1081,10064,67195,-3665,-17104,0,0,0,371,507,231,467,424,466,621,622,351,472,522,350,0
2,1768494707920,593,1072,10035,86742,17104,-19547,0,0,0,373,505,229,468,424,466,613,613,349,466,507,354,0
2,1768494707936,617,1052,9997,102625,21991,-18325,0,0,0,369,502,227,466,422,470,610,609,349,448,498,358,0
2,1768494707952,641,1043,9968,119729,9773,-18325,0,0,0,367,506,226,464,420,466,610,610,349,441,490,356,0
2,1768494707968,646,1014,9964,130725,-3665,-20769,0,0,0,370,506,225,467,419,466,607,607,344,447,491,356,0
2,1768494707984,670,1000,9949,141720,-18325,-26878,0,0,0,367,511,223,467,426,467,608,608,351,419,460,368,0
2,1768494708000,708,1005,9949,161268,-36651,-34208,0,0,0,375,514,230,466,424,470,607,607,353,390,428,373,0
2,1768494708016,713,981,9954,189368,-57421,-46425,0,0,0,377,516,223,483,430,469,599,598,358,346,377,381,0
2,1768494708032,655,923,9930,194255,-73303,-52534,0,0,0,391,526,233,477,435,483,602,597,361,379,405,395,0
2,1768494708048,612,904,9916,191811,-79412,-52534,0,0,0,403,530,231,481,443,483,606,597,368,344,361,416,0
2,1768494708064,617,904,9973,211359,-84299,-46425,0,0,0,425,543,238,487,454,486,606,579,368,392,394,436,0
2,1768494708080,641,885,10054,252898,-86742,-43982,0,0,0,448,552,245,496,473,498,605,562,373,345,335,467,0
2,1768494708096,674,842,10131,305432,-86742,-47647,0,0,0,462,558,247,502,480,523,602,541,386,295,266,494,0
2,1768494708112,727,789,10179,366519,-79412,-62308,0,0,0,477,571,252,511,485,542,599,509,400,290,239,519,0
2,1768494708128,765,732,10241,433714,-76969,-87964,0,0,0,497,589,262,521,502,542,598,472,410,289,225,543,0
2,1768494708144,770,646,10366,505796,-81855,-119729,0,0,0,511,598,267,525,515,542,593,445,417,290,218,557,0
2,1768494708160,909,545,10629,603534,-97738,-155159,0,0,0,519,603,250,538,536,556,579,430,418,295,215,575,0
2,1768494708176,1067,469,11256,819781,-150272,-211359,0,0,0,529,609,234,562,557,578,557,424,408,307,216,585,0
2,1768494708192,722,502,12419,1307251,-235793,-252898,0,0,0,542,614,221,560,548,568,541,416,422,369,248,586,0
2,1768494708208,244,593,13438,1852143,-213802,-223576,0,0,0,548,614,218,576,569,576,501,416,414,320,236,617,0
2,1768494708224,315,512,14027,2313957,-75747,-157603,0,0,0,558,624,228,574,563,593,469,409,404,320,230,619,0
2,1768494708240,871,421,14893,2842966,-7330,-124616,0,0,0,571,633,216,585,577,582,418,398,422,313,219,630,0
2,1768494708256,1454,363,15764,3413514,-70860,-164933,0,0,0,573,627,215,574,567,570,378,390,394,328,231,622,0
2,1768494708272,1608,416,16635,4074471,-155159,-278554,0,0,0,574,632,219,561,577,562,334,362,398,321,227,621,0
2,1768494708288,2038,358,18205,4908913,-175929,-421497,0,0,0,579,630,224,543,579,557,299,306,404,294,207,610,0
2,1768494708304,2919,229,20708,5924171,-206472,-636521,0,0,0,557,614,216,533,571,556,278,230,402,269,186,569,0
2,1768494708320,3536,-607,24546,7026171,-221133,-825889,0,0,0,511,592,201,522,550,543,268,176,393,258,177,525,0
2,1768494708336,5226,-1904,28140,8092742,68416,-1007927,0,0,0,462,565,184,497,526,511,270,173,373,252,175,497,0
2,1768494708352,3670,-1014,30667,8497135,277332,-1263269,0,0,0,400,524,168,465,488,468,280,182,340,232,159,452,0
2,1768494708368,2981,1234,31911,8602204,61086,-1448972,0,0,0,319,473,166,418,414,417,304,199,307,194,131,353,0
2,1768494708384,5427,6532,29963,8385957,-317649,-1605353,0,0,0,253,427,169,373,374,396,330,244,296,139,115,208,0
2,1768494708400,7767,15601,21129,7418347,-507018,-1910786,0,0,0,262,429,169,373,381,399,329,261,303,143,128,212,0
2,1768494708416,7408,22861,10988,5211902,-734260,-2036624,0,0,0,254,429,165,373,383,383,319,265,294,146,127,203,0
2,1768494708432,4776,25096,7480,998153,-992045,-1441641,0,0,0,242,425,163,325,409,356,310,275,275,143,132,198,0
2,1768494708448,2823,17650,9935,-3485597,-1500285,-255341,0,0,0,245,424,165,353,383,367,302,285,266,141,140,186,0
2,1768494708464,4312,9222,8906,-4972443,-2008524,343306,0,0,0,242,422,162,351,380,363,295,292,258,137,144,176,0
2,1768494708480,7604,5173,5068,-4602258,-1924225,221133,0,0,0,240,421,162,349,382,362,291,305,245,134,149,168,0
2,1768494708496,9006,5125,3407,-4433659,-844215,-270002,0,0,0,240,421,161,348,382,359,290,310,241,131,150,161,0
2,1768494708512,7087,5652,5508,-4932125,324980,-581543,0,0,0,242,421,161,347,383,358,288,317,241,128,152,157,0
2,1768494708528,4666,4852,8427,-5483126,659734,-382401,0,0,0,243,421,163,345,382,355,286,324,241,130,154,157,0
2,1768494708544,4513,3814,9652,-5751907,719599,-14660,0,0,0,247,423,162,341,374,348,283,327,238,129,155,153,0
2,1768494708560,5307,3125,10562,-5942497,983493,353080,0,0,0,245,423,158,341,372,347,283,331,238,126,155,147,0
2,1768494708576,5111,2876,12821,-6255260,1472185,680503,0,0,0,233,415,153,347,380,354,290,341,243,130,161,146,0
2,1768494708592,4613,2421,15448,-6582683,1764178,960280,0,0,0,231,415,153,342,377,353,293,346,249,131,167,148,0
2,1768494708608,4613,1402,17975,-6784269,1861917,1104444,0,0,0,233,416,157,344,381,354,293,348,247,126,164,143,0
2,1768494708624,4594,516,20311,-6857573,1973094,1083674,0,0,0,233,415,158,344,373,356,298,347,248,134,165,147,0
2,1768494708640,4221,0,22914,-6878342,2139250,985936,0,0,0,235,414,157,346,374,358,305,351,253,133,161,146,0
2,1768494708656,3680,-201,26398,-6908885,2317622,1016479,0,0,0,239,418,157,347,373,358,304,353,249,133,162,144,0
2,1768494708672,3239,-961,30026,-6947981,2421469,1307251,0,0,0,237,417,160,346,369,357,303,345,250,133,160,147,0
2,1768494708688,2660,-4527,32548,-6878342,2421469,1866804,0,0,0,242,420,160,347,371,360,306,347,259,130,156,146,0
2,1768494708704,1617,-10720,33543,-6592457,2343279,2254092,0,0,0,242,421,158,353,371,363,312,342,262,133,156,148,0
2,1768494708720,579,-19770,31528,-6021909,1958433,2169793,0,0,0,245,424,159,357,374,365,319,342,271,135,157,153,0
2,1768494708736,957,-31878,23742,-4875926,1356120,1208291,0,0,0,246,426,160,360,379,369,322,345,276,135,159,156,0
2,1768494708752,-1167,-41464,15472,-3224146,1233947,-348193,0,0,0,247,427,161,361,381,369,322,346,276,135,160,155,0
2,1768494708768,-8537,-44153,13333,-1464854,1150870,-1612684,0,0,0,242,421,159,353,377,366,332,386,270,137,176,152,0
2,1768494708784,-13558,-41177,14434,405614,282219,-2096489,0,0,0,236,393,155,340,354,357,377,445,263,152,235,142,0
2,1768494708800,-11189,-27652,20655,2268753,-1572367,-1500285,0,0,0,243,355,152,325,316,347,435,459,261,173,303,133,0
2,1768494708816,-1952,-1086,19956,4315152,-4521624,-191811,0,0,0,248,343,150,313,293,352,457,465,262,194,342,142,0
2,1768494708832,4245,9059,13199,5718920,-4943121,1010371,0,0,0,254,349,159,325,294,369,475,480,278,238,399,146,0
2,1768494708848,957,1569,14156,5904623,-2161241,1820378,0,0,0,262,349,164,341,283,392,491,519,281,376,460,149,0
2,1768494708864,-5608,-2249,20311,4776966,-514348,1346346,0,0,0,277,363,163,373,288,392,529,528,297,298,423,165,0
2,1768494708880,-4532,-894,20703,3319441,-728151,68416,0,0,0,277,386,166,376,311,398,559,560,305,367,463,177,0
2,1768494708896,842,583,15233,2052507,-770911,-232128,0,0,0,292,431,198,397,333,424,592,592,318,447,510,222,0
2,1768494708912,1976,679,11251,1098335,-406836,28099,0,0,0,288,453,212,411,374,443,611,611,337,452,518,265,0
2,1768494708928,464,172,10241,442266,-196698,218689,0,0,0,300,479,221,419,390,449,628,628,354,461,517,306,0
2,1768494708944,-38,402,10586,138055,-279776,79412,0,0,0,324,496,230,428,399,456,637,637,354,513,553,335,0
2,1768494708960,205,842,10476,46425,-280998,-18325,0,0,0,343,504,244,432,405,461,642,642,366,498,540,346,0
2,1768494708976,464,1062,10179,54977,-180816,-21991,0,0,0,351,508,253,434,412,465,642,641,366,481,523,354,0
2,1768494708992,430,1038,10069,50090,-80634,0,0,0,0,350,507,262,436,418,471,639,639,359,479,521,355,0
2,1768494709008,368,1033,10083,42760,-46425,-7330,0,0,0,353,506,266,437,419,468,639,639,360,471,517,350,0
2,1768494709024,368,1067,10083,54977,-20769,-21991,0,0,0,361,508,259,440,418,458,639,639,353,479,526,342,0
2,1768494709040,387,1086,10059,79412,18325,-28099,0,0,0,356,503,264,440,419,462,638,638,351,490,543,327,0
2,1768494709056,406,1057,10021,98960,42760,-24434,0,0,0,350,502,263,437,412,461,636,635,366,494,540,324,0
2,1768494709072,445,1033,9992,112399,47647,-24434,0,0,0,346,505,269,439,412,469,625,624,362,484,530,328,0
2,1768494709088,492,1009,9968,118507,34208,-24434,0,0,0,341,503,253,440,416,469,622,622,365,492,539,323,0
2,1768494709104,512,1005,9949,118507,14660,-25656,0,0,0,358,505,238,446,418,464,623,623,364,488,529,325,0
2,1768494709120,521,1009,9949,124616,-1221,-29321,0,0,0,345,506,239,445,422,461,628,620,361,488,523,323,0
2,1768494709136,536,995,9959,134390,-17104,-35430,0,0,0,339,507,242,442,423,459,625,618,367,472,512,327,0
2,1768494709152,521,957,9959,138055,-34208,-40317,0,0,0,342,506,246,441,423,460,628,618,379,432,472,349,0
2,1768494709168,512,947,9959,141720,-46425,-42760,0,0,0,355,510,262,448,423,465,630,608,380,446,475,356,0
2,1768494709184,502,947,9959,155159,-56199,-45204,0,0,0,376,517,269,456,425,472,625,600,372,450,466,369,0
2,1768494709200,497,928,9978,174707,-61086,-40317,0,0,0,398,524,269,465,431,478,623,595,390,369,376,407,0
2,1768494709216,536,928,10031,210137,-63529,-39095,0,0,0,420,535,272,481,454,489,621,581,412,329,326,446,0
2,1768494709232,588,909,10088,282219,-68416,-48869,0,0,0,446,549,279,498,481,505,614,555,409,414,376,464,0
2,1768494709248,622,851,10145,372627,-65973,-70860,0,0,0,470,564,294,502,479,517,616,525,409,407,331,497,0
2,1768494709264,622,799,10275,460592,-45204,-101403,0,0,0,486,583,296,508,486,530,620,488,403,294,226,554,0
2,1768494709280,622,780,10610,590095,-18325,-127059,0,0,0,503,588,282,539,511,544,618,456,397,303,224,574,0
2,1768494709296,756,684,11127,817337,-10995,-153938,0,0,0,514,603,270,550,526,560,606,426,411,295,213,591,0
2,1768494709312,832,454,11686,1180191,0,-194255,0,0,0,521,605,254,563,552,572,577,415,412,308,218,616,0
2,1768494709328,804,330,12486,1655444,87964,-232128,0,0,0,539,626,231,577,578,587,544,404,412,321,226,623,0
2,1768494709344,804,358,13381,2152689,229685,-265115,0,0,0,541,616,215,569,581,581,520,404,427,306,217,624,0
2,1768494709360,626,497,14347,2629163,218689,-245567,0,0,0,554,620,211,582,590,590,484,395,410,322,212,634,0
2,1768494709376,1033,425,15185,3141069,0,-191811,0,0,0,575,622,216,575,596,590,433,384,435,318,214,643,0
2,1768494709392,1488,291,15860,3711617,-156381,-254119,0,0,0,575,620,216,566,590,579,382,367,423,316,219,638,0
2,1768494709408,1574,315,16922,4418999,-160046,-372627,0,0,0,569,621,222,561,586,578,334,334,413,308,219,636,0
2,1768494709424,2263,248,18731,5248554,-65973,-513126,0,0,0,560,618,213,558,587,574,294,267,423,283,200,610,0
2,1768494709440,3843,124,21612,6258925,-15882,-730594,0,0,0,538,607,202,556,578,566,272,195,420,260,178,555,0
2,1768494709456,5364,-976,25852,7441560,56199,-1054353,0,0,0,501,588,194,542,551,553,269,168,400,252,169,504,0
2,1768494709472,4714,-2000,29423,8293106,157603,-1341460,0,0,0,450,556,166,508,513,517,270,168,371,240,162,466,0
2,1768494709488,4522,-732,29442,8635191,370184,-1485624,0,0,0,381,508,154,460,464,463,283,175,329,224,151,419,0
2,1768494709504,4254,2120,29313,8644964,831998,-1660331,0,0,0,303,466,159,405,408,417,315,196,309,190,133,340,0
2,1768494709520,3795,8724,26168,8020660,674395,-1982868,0,0,0,277,438,174,385,388,408,321,232,313,152,117,239,0
2,1768494709536,3933,16587,17769,6772052,-52534,-2299296,0,0,0,274,435,173,388,391,411,327,241,311,142,109,220,0
2,1768494709552,3618,21588,9322,4337143,-906524,-2179567,0,0,0,268,433,169,382,390,399,323,244,304,136,109,209,0
2,1768494709568,3211,20894,7786,-171042,-1343903,-1097113,0,0,0,261,434,174,370,381,384,315,254,295,132,114,194,0
2,1768494709584,3479,13926,9270,-3804468,-1472185,184481,0,0,0,251,427,163,360,379,371,309,270,277,134,130,178,0
2,1768494709600,4627,7212,8413,-4670675,-1552819,857654,0,0,0,248,428,160,361,381,369,304,289,269,132,137,175,0
2,1768494709616,6403,5020,5321,-4411668,-1457524,856433,0,0,0,242,428,156,360,382,363,295,297,257,130,143,164,0
2,1768494709632,6848,5680,4757,-4725653,-981049,543670,0,0,0,242,426,154,355,384,359,294,310,252,129,151,156,0
2,1768494709648,5671,5417,7030,-5561317,-409279,226020,0,0,0,243,424,154,349,381,354,298,324,254,132,157,154,0
2,1768494709664,4685,4182,8896,-6052452,-90408,41538,0,0,0,242,423,152,345,377,349,298,334,249,129,160,146,0
2,1768494709680,4268,2909,10050,-6196616,155159,-18325,0,0,0,239,422,148,341,386,344,296,342,250,123,165,135,0
2,1768494709696,4034,2139,11342,-6289468,472809,8552,0,0,0,236,421,145,337,397,339,295,348,266,123,168,130,0
2,1768494709712,3967,1689,13041,-6396980,779464,135612,0,0,0,236,421,146,342,379,345,295,351,265,119,165,132,0
2,1768494709728,4359,918,14893,-6447071,985936,313984,0,0,0,236,422,150,341,380,347,300,356,268,120,169,131,0
2,1768494709744,5063,-138,16922,-6406754,1219287,489913,0,0,0,238,423,150,341,376,347,303,359,266,122,169,133,0
2,1768494709760,5312,-684,18650,-6311459,1488067,566882,0,0,0,240,419,153,346,379,356,306,364,250,126,172,140,0
2,1768494709776,4886,-574,20827,-6240599,1781283,629191,0,0,0,242,422,157,349,379,360,302,360,249,126,171,140,0
2,1768494709792,4441,-531,23440,-6206390,2018298,725707,0,0,0,243,424,159,352,387,363,300,358,249,123,166,140,0
2,1768494709808,3996,-1876,26097,-6185621,2166128,883311,0,0,0,245,426,162,355,385,364,300,352,252,127,165,141,0
2,1768494709824,2967,-5221,27781,-6085439,2227214,1102000,0,0,0,242,424,158,357,384,365,304,351,255,128,165,141,0
2,1768494709840,722,-10543,28121,-5841093,2171015,1287703,0,0,0,240,425,155,357,382,367,304,350,257,126,161,144,0
2,1768494709856,-2086,-17291,26633,-5403713,1858252,1279151,0,0,0,241,429,158,357,381,369,304,347,260,125,157,147,0
2,1768494709872,-3172,-24268,23101,-4659680,1387885,1060462,0,0,0,243,432,161,358,382,370,305,346,263,126,156,150,0
2,1768494709888,-2244,-30715,18076,-3491705,992045,530231,0,0,0,245,433,161,359,386,371,308,348,265,127,157,152,0
2,1768494709904,-3211,-36439,13658,-1936442,906524,-414166,0,0,0,241,428,159,358,383,369,311,367,262,135,176,152,0
2,1768494709920,-7829,-38109,12380,-450818,802676,-1103222,0,0,0,232,409,152,349,365,362,329,412,262,149,223,145,0
2,1768494709936,-11533,-33711,17205,1134987,-226020,-919963,0,0,0,231,383,145,338,336,362,386,450,274,158,273,129,0
2,1768494709952,-8801,-19344,20775,3125186,-2610838,-252898,0,0,0,249,345,155,320,296,360,458,472,263,209,339,135,0
2,1768494709968,-1052,1703,16420,4959004,-4273613,365297,0,0,0,249,351,157,329,293,383,476,515,267,372,463,140,0
2,1768494709984,646,6211,15462,5602855,-2787988,724486,0,0,0,264,364,159,353,291,395,511,513,273,345,433,144,0
2,1768494710000,-2464,-397,20847,4864930,-544891,591317,0,0,0,278,380,158,378,305,388,532,532,273,342,447,149,0
2,1768494710016,-1502,-1612,20062,3352428,-371406,102625,0,0,0,284,396,159,387,319,397,549,549,290,351,449,160,0
2,1768494710032,679,603,13945,2108706,-553443,-63529,0,0,0,280,419,178,399,333,408,579,578,302,433,491,176,0
2,1768494710048,1311,1957,9528,1561371,-419053,36651,0,0,0,280,436,189,409,349,420,592,592,310,444,502,235,0
2,1768494710064,1067,397,10524,1086118,-378736,119729,0,0,0,289,462,205,425,369,441,604,604,330,452,510,266,0
2,1768494710080,536,-421,11615,448375,-469144,145385,0,0,0,294,476,212,432,391,453,615,615,346,466,521,284,0
2,1768494710096,177,349,10949,58643,-422718,85521,0,0,0,301,484,214,435,404,457,623,622,353,487,535,295,0
2,1768494710112,330,1095,10074,3665,-228463,8552,0,0,0,309,489,219,438,410,460,627,626,355,504,544,306,0
2,1768494710128,521,1100,10035,65973,-109955,-9773,0,0,0,323,489,223,441,409,465,628,627,353,507,544,316,0
2,1768494710144,502,976,10160,73303,-72082,-4886,0,0,0,341,492,228,444,404,470,627,627,352,509,540,315,0
2,1768494710160,469,966,10141,62308,-31764,-9773,0,0,0,334,491,229,445,409,468,627,627,350,500,531,315,0
2,1768494710176,483,1028,10059,68416,3665,-18325,0,0,0,337,492,232,445,411,469,620,620,348,482,523,321,0
2,1768494710192,521,1019,10021,91629,23212,-19547,0,0,0,337,491,228,444,408,458,622,622,359,502,537,312,0
2,1768494710208,540,985,9992,105068,20769,-19547,0,0,0,345,491,234,435,428,452,612,611,359,466,494,320,0
2,1768494710224,555,981,9973,107512,6108,-19547,0,0,0,349,494,230,450,414,459,606,607,345,456,477,324,0
2,1768494710240,583,990,9968,118507,-10995,-21991,0,0,0,349,493,232,453,418,460,602,602,344,450,475,329,0
2,1768494710256,617,990,9959,150272,-32986,-28099,0,0,0,354,495,233,450,423,466,604,603,345,525,537,317,0
2,1768494710272,622,947,9959,188146,-57421,-37873,0,0,0,359,500,238,449,434,469,599,598,354,494,508,334,0
2,1768494710288,564,880,9964,208915,-72082,-46425,0,0,0,369,506,241,456,433,469,597,597,357,444,456,367,0
2,1768494710304,545,875,9973,224798,-76969,-51312,0,0,0,381,516,241,463,434,473,603,591,361,459,463,373,0
2,1768494710320,579,904,10011,273667,-85521,-56199,0,0,0,395,531,239,474,440,480,609,583,372,409,412,385,0
2,1768494710336,603,856,10059,333532,-98960,-61086,0,0,0,419,543,243,485,446,487,609,574,387,299,296,432,0
2,1768494710352,612,770,10117,379958,-100181,-65973,0,0,0,450,557,258,487,461,502,608,542,401,294,269,473,0
2,1768494710368,650,717,10203,450818,-98960,-78190,0,0,0,469,581,263,497,478,519,609,506,408,285,236,502,0
2,1768494710384,670,670,10318,555887,-100181,-103847,0,0,0,489,590,263,512,492,544,605,473,397,285,227,537,0
2,1768494710400,641,512,10447,654847,-92851,-131946,0,0,0,502,597,258,527,514,560,605,442,405,291,215,563,0
2,1768494710416,660,382,10715,759916,-91629,-157603,0,0,0,516,613,258,551,519,570,577,417,413,300,208,573,0
2,1768494710432,875,229,11246,1020144,-100181,-189368,0,0,0,532,623,250,559,532,577,557,401,421,304,209,585,0
2,1768494710448,971,268,12443,1433089,-39095,-252898,0,0,0,534,625,233,570,549,570,527,389,420,315,215,603,0
2,1768494710464,497,507,14017,1955990,46425,-282219,0,0,0,534,628,224,565,556,575,496,384,429,322,220,619,0
2,1768494710480,119,516,14740,2506990,61086,-222354,0,0,0,555,638,227,564,559,585,457,379,433,325,223,627,0
2,1768494710496,469,287,14845,3022561,6108,-124616,0,0,0,575,637,218,557,562,574,412,371,427,322,217,630,0
2,1768494710512,1344,162,15668,3670078,-67195,-150272,0,0,0,585,632,221,553,569,570,360,359,419,315,217,631,0
2,1768494710528,1995,134,16860,4437325,-156381,-295658,0,0,0,588,631,227,552,577,574,310,323,423,304,223,624,0
2,1768494710544,2282,177,18501,5294979,-194255,-505796,0,0,0,574,626,222,550,573,573,287,256,425,281,205,595,0
2,1768494710560,2689,-4,21497,6283359,-190589,-707381,0,0,0,547,610,212,545,567,569,278,192,413,261,175,551,0
2,1768494710576,3905,-1277,26030,7422012,-217468,-889419,0,0,0,512,586,198,528,558,549,264,162,393,254,165,517,0
2,1768494710592,5541,-2359,29571,8152607,-96516,-1033583,0,0,0,459,560,186,496,520,511,259,167,363,248,165,496,0
2,1768494710608,5513,-1076,31610,8514239,-2443,-1332907,0,0,0,397,512,165,447,459,453,278,182,329,240,157,442,0
2,1768494710624,6135,1603,31605,8690168,-23212,-1661553,0,0,0,301,453,165,384,389,409,311,211,309,247,155,322,0
2,1768494710640,8188,7824,28399,8219802,81855,-2042733,0,0,0,277,433,170,375,373,399,330,240,309,145,114,224,0
2,1768494710656,9102,15903,18927,6911329,42760,-2563190,0,0,0,276,433,174,375,373,396,327,246,304,144,112,216,0
2,1768494710672,7887,22498,8379,3941302,-189368,-2801427,0,0,0,265,431,175,367,379,386,313,253,285,140,117,212,0
2,1768494710688,3752,21158,8805,-757472,-536339,-1869247,0,0,0,268,432,183,359,376,382,308,260,278,135,124,199,0
2,1768494710704,1612,13773,10571,-4139222,-1216843,-471587,0,0,0,251,426,171,358,381,374,306,277,269,139,140,187,0
2,1768494710720,4656,6925,7690,-4751309,-1701870,463035,0,0,0,244,425,167,352,382,366,302,292,260,136,149,177,0
2,1768494710736,8829,5240,3397,-4298047,-902858,486248,0,0,0,240,423,164,347,382,364,301,305,258,135,154,173,0
2,1768494710752,8159,5704,3522,-4359134,332310,216246,0,0,0,236,423,158,346,380,363,296,306,250,158,197,169,0
2,1768494710768,4441,5762,6580,-4831944,992045,130725,0,0,0,235,425,155,341,382,355,289,308,241,180,242,162,0
2,1768494710784,2885,5111,8533,-5232671,1025031,254119,0,0,0,234,425,153,336,389,347,288,317,242,177,246,157,0
2,1768494710800,3508,4532,9298,-5513669,1056796,381179,0,0,0,234,422,153,336,382,348,287,319,243,173,239,153,0
2,1768494710816,3565,4201,10906,-5881410,1422094,474031,0,0,0,238,423,157,339,374,351,287,325,243,169,234,153,0
2,1768494710832,2694,3838,13189,-6250373,1748296,624304,0,0,0,241,427,163,338,372,351,282,324,234,170,239,149,0
2,1768494710848,1990,3149,15582,-6530149,1864360,852767,0,0,0,233,421,157,338,373,353,285,329,242,169,243,148,0
2,1768494710864,1761,2402,17621,-6684087,1938886,1000597,0,0,0,233,420,158,341,375,356,290,336,242,171,242,147,0
2,1768494710880,1550,1713,19875,-6767165,2050063,1038470,0,0,0,233,420,158,340,372,356,290,336,244,173,245,147,0
2,1768494710896,1201,1354,22699,-6827029,2147802,1045801,0,0,0,229,418,153,341,372,357,291,337,246,170,237,148,0
2,1768494710912,1052,1167,26030,-6906442,2204001,1169196,0,0,0,231,417,157,339,367,358,292,336,250,170,235,150,0
2,1768494710928,698,-311,30160,-7057936,2201558,1605353,0,0,0,234,419,161,339,366,358,294,335,251,172,235,150,0
2,1768494710944,172,-5288,33625,-7142236,2101376,2173458,0,0,0,238,425,161,343,366,360,297,330,252,172,230,146,0
2,1768494710960,-95,-15314,34725,-6912551,1792278,2478891,0,0,0,238,426,159,349,368,363,307,331,258,173,228,144,0
2,1768494710976,2785,-28710,29672,-6023131,1080009,1915673,0,0,0,239,425,158,354,371,366,313,332,264,175,227,145,0
2,1768494710992,4714,-39037,20847,-4489859,844215,674395,0,0,0,240,425,158,356,374,367,314,332,265,175,229,148,0
2,1768494711008,-2412,-42612,14931,-2430021,1242499,-808785,0,0,0,241,426,159,356,376,367,312,337,263,173,226,149,0
2,1768494711024,-12639,-42794,14022,-541226,967610,-1585806,0,0,0,242,424,159,353,375,366,320,373,263,173,243,142,0
2,1768494711040,-13653,-39674,15673,960280,-411723,-1251052,0,0,0,241,401,158,344,355,362,368,443,263,181,295,131,0
2,1768494711056,-4886,-21105,20746,2645046,-2052507,-697608,0,0,0,248,344,153,324,300,352,449,467,258,201,333,133,0
2,1768494711072,2804,5465,19540,4301713,-3958406,-129503,0,0,0,251,332,155,324,290,367,476,488,268,335,433,134,0
2,1768494711088,3015,11572,13988,5589416,-4306599,409279,0,0,0,265,339,166,340,280,387,506,533,273,406,485,146,0
2,1768494711104,-2239,119,19679,5497787,-2384817,631634,0,0,0,281,368,165,365,292,384,540,542,281,382,465,150,0
2,1768494711120,-3441,-3618,23192,4046371,-1044579,320093,0,0,0,284,389,165,382,317,392,563,563,301,419,483,166,0
2,1768494711136,-33,335,16343,2302961,-773355,53756,0,0,0,279,414,185,392,342,413,586,586,324,438,496,197,0
2,1768494711152,1383,2024,10184,1317025,-668286,141720,0,0,0,284,441,201,409,359,432,607,607,340,457,511,231,0
2,1768494711168,612,655,9739,792903,-541226,235793,0,0,0,287,469,218,426,382,451,622,622,346,456,517,270,0
2,1768494711184,0,153,10935,300545,-362853,139277,0,0,0,306,489,231,441,399,454,628,628,351,470,529,300,0
2,1768494711200,124,794,10681,73303,-230907,41538,0,0,0,330,499,242,447,409,457,630,630,351,477,533,314,0
2,1768494711216,406,1359,10031,45204,-146607,7330,0,0,0,342,506,248,448,416,465,635,634,354,474,530,320,0
2,1768494711232,440,1320,9973,64751,-90408,10995,0,0,0,348,508,248,452,419,467,637,636,361,468,522,329,0
2,1768494711248,402,1229,10093,70860,-48869,4886,0,0,0,357,508,251,453,419,465,630,630,361,457,508,340,0
2,1768494711264,382,1277,10093,100181,-26878,-7330,0,0,0,363,510,255,451,421,464,624,624,357,445,490,345,0
2,1768494711280,387,1316,10050,153938,-6108,-12217,0,0,0,364,509,257,453,424,469,622,622,362,415,456,354,0
2,1768494711296,416,1277,10011,211359,9773,-14660,0,0,0,363,513,256,458,427,473,622,621,360,415,456,357,0
2,1768494711312,445,1196,9987,230907,9773,-15882,0,0,0,373,513,255,462,427,477,616,614,349,496,528,346,0
2,1768494711328,464,1139,9968,232128,1221,-20769,0,0,0,373,515,263,467,430,480,614,604,348,494,522,341,0
2,1768494711344,483,1115,9959,227241,-6108,-30543,0,0,0,377,516,254,467,429,473,602,601,352,390,418,367,0
2,1768494711360,502,1086,9959,224798,-19547,-40317,0,0,0,376,516,247,472,432,480,602,598,356,341,366,380,0
2,1768494711376,502,1048,9954,221133,-40317,-51312,0,0,0,380,517,249,473,439,482,602,594,367,304,331,393,0
2,1768494711392,483,1024,9944,207694,-57421,-54977,0,0,0,391,523,261,475,442,483,604,588,373,311,330,402,0
2,1768494711408,473,1014,9949,200363,-73303,-56199,0,0,0,406,528,259,480,445,495,600,572,374,344,354,433,0
2,1768494711424,454,1000,9992,215024,-87964,-57421,0,0,0,417,534,262,494,453,505,606,562,377,316,313,450,0
2,1768494711440,454,985,10064,252898,-95294,-56199,0,0,0,433,548,269,500,463,511,609,551,384,290,267,467,0
2,1768494711456,483,952,10136,306654,-91629,-57421,0,0,0,451,561,285,506,477,521,606,530,392,290,246,492,0
2,1768494711472,531,880,10179,365297,-86742,-73303,0,0,0,468,572,302,515,489,530,609,510,400,286,230,516,0
2,1768494711488,579,799,10260,438601,-98960,-102625,0,0,0,483,584,302,524,498,535,615,485,406,285,219,538,0
2,1768494711504,603,746,10413,530231,-145385,-135612,0,0,0,494,588,288,538,509,545,614,451,408,293,217,559,0
2,1768494711520,617,641,10681,682947,-211359,-166155,0,0,0,507,596,257,548,528,558,609,432,408,296,220,571,0
2,1768494711536,516,564,11251,910189,-256563,-186924,0,0,0,526,614,254,567,544,578,601,418,414,297,218,584,0
2,1768494711552,454,569,12213,1310916,-156381,-201585,0,0,0,531,621,223,564,558,580,569,415,419,313,226,600,0
2,1768494711568,349,583,13089,1788613,42760,-227241,0,0,0,545,621,217,574,573,588,521,400,419,314,224,611,0
2,1768494711584,210,536,13787,2306627,168598,-211359,0,0,0,558,620,224,569,571,578,493,394,428,319,222,616,0
2,1768494711600,540,416,14510,2839301,105068,-153938,0,0,0,567,620,223,576,585,578,452,390,429,327,228,617,0
2,1768494711616,1258,272,15333,3407406,4886,-173485,0,0,0,574,620,220,570,584,572,403,376,410,321,228,622,0
2,1768494711632,1459,263,16271,4021936,-56199,-294437,0,0,0,579,622,218,556,584,570,347,355,406,312,228,624,0
2,1768494711648,1603,320,17937,4862487,-64751,-428827,0,0,0,578,622,216,555,582,571,302,298,418,298,215,624,0
2,1768494711664,2689,129,20296,5837428,-100181,-604756,0,0,0,560,610,211,562,590,543,278,222,416,275,192,586,0
2,1768494711680,3283,-574,23608,6781825,-186924,-807563,0,0,0,525,591,200,545,575,520,266,173,397,258,175,538,0
2,1768494711696,4441,-2163,27068,7699345,-89186,-946841,0,0,0,482,571,185,513,527,521,259,161,375,247,166,506,0
2,1768494711712,5427,-2723,29140,8297993,388510,-1131322,0,0,0,426,539,172,488,489,489,266,168,346,227,153,464,0
2,1768494711728,3015,-38,31600,8431162,436157,-1415985,0,0,0,344,485,160,439,438,434,297,185,313,196,134,391,0
2,1768494711744,3651,5106,31361,8268671,-193033,-1635897,0,0,0,260,435,169,398,380,400,328,219,306,154,114,229,0
2,1768494711760,7820,13558,22991,7535633,-715934,-1919338,0,0,0,279,431,170,384,387,404,329,245,312,146,116,220,0
2,1768494711776,8858,19416,13783,6113539,-802676,-2277305,0,0,0,268,428,169,370,377,393,321,261,304,142,125,208,0
2,1768494711792,5939,23823,7939,2521651,-840550,-2195449,0,0,0,257,428,167,364,381,378,307,267,277,139,129,198,0
2,1768494711808,2986,20425,9313,-2488664,-1133765,-1145983,0,0,0,257,424,163,360,381,370,304,277,269,139,132,189,0
2,1768494711824,3168,12199,10045,-5207015,-1555262,-125838,0,0,0,247,423,163,354,379,365,299,288,264,138,142,183,0
2,1768494711840,6365,5929,6848,-5050633,-1578475,249233,0,0,0,245,423,162,353,379,361,299,300,259,135,145,171,0
2,1768494711856,8686,4087,3900,-4428772,-867428,151494,0,0,0,242,423,159,353,381,358,296,307,250,138,152,168,0
2,1768494711872,7446,5130,4790,-4566828,147829,-39095,0,0,0,241,422,160,350,381,359,294,311,245,136,154,164,0
2,1768494711888,5068,5020,7671,-5191132,607200,86742,0,0,0,242,422,160,347,379,357,291,318,245,132,155,162,0
2,1768494711904,4647,4144,9260,-5599190,678060,360410,0,0,0,247,425,162,343,373,352,286,324,243,162,179,160,0
2,1768494711920,5455,3388,10098,-5844758,835663,620639,0,0,0,247,425,162,341,371,348,286,330,241,168,185,152,0
2,1768494711936,5446,2928,11557,-6102543,1194852,806342,0,0,0,237,419,155,342,376,347,291,336,242,127,161,144,0
2,1768494711952,4972,2153,13677,-6374989,1519832,1007927,0,0,0,233,418,155,342,376,350,294,340,244,125,160,142,0
2,1768494711968,4958,1325,15640,-6513045,1670105,1128878,0,0,0,235,419,158,342,372,348,296,344,247,125,160,140,0
2,1768494711984,5178,880,18176,-6626666,1885130,1138652,0,0,0,238,419,159,343,372,351,295,343,247,129,164,142,0
2,1768494712000,4934,784,21249,-6789156,2141693,1119105,0,0,0,242,419,158,345,372,353,299,345,251,129,164,146,0
2,1768494712016,4446,559,25154,-6988298,2335948,1205847,0,0,0,242,422,156,345,373,353,298,340,251,134,165,147,0
2,1768494712032,3919,-483,29279,-7145901,2475225,1464854,0,0,0,243,422,161,343,368,356,298,345,254,130,158,145,0
2,1768494712048,2675,-3823,32510,-7150788,2588846,1898569,0,0,0,245,420,159,347,371,359,301,338,255,134,161,148,0
2,1768494712064,-81,-11897,34668,-6808703,2492330,2276083,0,0,0,244,423,159,351,372,362,309,336,269,129,155,145,0
2,1768494712080,-1091,-22746,32969,-6166073,1743409,2197893,0,0,0,243,425,162,355,376,367,313,338,276,127,155,151,0
2,1768494712096,2311,-33859,24240,-4977329,878424,1132544,0,0,0,245,427,166,357,379,372,318,338,281,130,156,157,0
2,1768494712112,2402,-42249,14400,-3145955,880867,-834441,0,0,0,245,427,167,356,381,376,318,339,285,131,156,159,0
2,1768494712128,-6259,-43828,11840,-1364672,1352455,-2552194,0,0,0,241,421,162,353,374,373,329,385,278,134,179,151,0
2,1768494712144,-14314,-40224,15352,260228,536339,-2733011,0,0,0,236,390,156,344,347,362,376,447,265,147,233,137,0
2,1768494712160,-15080,-27145,23148,2216219,-1865582,-1704314,0,0,0,243,346,154,332,308,354,444,463,265,169,295,129,0
2,1768494712176,-4838,-3852,20397,4031710,-5149593,-168598,0,0,0,259,343,155,334,286,363,480,484,277,238,362,135,0
2,1768494712192,2479,8044,13984,5172806,-5949827,1053131,0,0,0,267,344,164,349,283,386,497,511,278,369,450,142,0
2,1768494712208,-1804,2431,15271,5205793,-2629163,1577254,0,0,0,271,348,164,351,285,389,521,526,285,360,446,149,0
2,1768494712224,-6456,-1411,19889,4449542,-282219,897971,0,0,0,278,372,161,370,295,382,560,562,303,454,499,145,0
2,1768494712240,-3144,-861,19104,3342654,102625,-200363,0,0,0,280,397,176,382,319,396,581,581,304,469,513,166,0
2,1768494712256,2493,923,14055,2188119,-441044,-403171,0,0,0,282,433,190,406,343,436,591,597,332,488,525,214,0
2,1768494712272,1904,488,11012,1137431,-442266,58643,0,0,0,289,468,197,428,384,442,614,614,334,514,549,250,0
2,1768494712288,38,-220,10547,305432,-306654,213802,0,0,0,295,488,200,437,408,447,638,637,343,545,573,270,0
2,1768494712304,-143,339,10624,-8552,-260228,46425,0,0,0,322,495,214,442,416,453,647,648,349,571,589,288,0
2,1768494712320,287,990,10313,-23212,-234572,-37873,0,0,0,340,500,224,447,423,459,655,655,350,601,608,303,0
2,1768494712336,416,1110,10126,25656,-155159,-15882,0,0,0,340,503,225,441,425,456,658,657,345,615,618,308,0
2,1768494712352,335,1019,10126,36651,-80634,-1221,0,0,0,339,505,226,438,427,453,653,653,340,611,617,307,0
2,1768494712368,277,985,10150,36651,-36651,-13439,0,0,0,339,508,229,444,429,454,646,646,337,607,612,307,0
2,1768494712384,301,1019,10107,54977,-7330,-24434,0,0,0,339,508,228,445,422,454,638,638,333,597,602,308,0
2,1768494712400,325,1024,10045,74525,18325,-26878,0,0,0,342,505,225,449,420,459,627,628,331,575,584,309,0
2,1768494712416,344,995,10007,87964,31764,-25656,0,0,0,344,504,224,457,418,452,625,626,331,564,580,305,0
2,1768494712432,363,995,9992,97738,26878,-25656,0,0,0,342,506,222,447,423,455,625,625,335,552,572,305,0
2,1768494712448,402,1024,9978,123394,13439,-25656,0,0,0,357,505,225,455,427,459,617,617,333,540,559,316,0
2,1768494712464,430,1024,9978,161268,-4886,-25656,0,0,0,370,505,234,455,428,462,605,604,349,394,433,356,0
2,1768494712480,430,947,9978,180816,-25656,-29321,0,0,0,381,509,234,456,430,463,609,609,350,463,493,342,0
2,1768494712496,425,899,9978,178372,-40317,-34208,0,0,0,391,510,251,460,439,475,599,598,346,473,500,353,0
2,1768494712512,421,880,9968,166155,-50090,-39095,0,0,0,400,519,244,462,439,472,605,601,356,453,478,364,0
2,1768494712528,406,875,9964,160046,-58643,-41538,0,0,0,414,536,241,467,444,471,611,585,361,381,402,394,0
2,1768494712544,406,899,9987,180816,-67195,-45204,0,0,0,430,549,240,477,462,477,609,575,369,316,331,429,0
2,1768494712560,425,899,10054,238237,-67195,-48869,0,0,0,448,565,247,490,477,492,614,554,381,385,382,446,0
2,1768494712576,473,871,10126,317649,-64751,-56199,0,0,0,463,576,257,505,487,503,619,519,392,466,440,465,0
2,1768494712592,507,794,10165,382401,-62308,-65973,0,0,0,478,584,264,518,516,506,611,495,398,404,359,505,0
2,1768494712608,550,698,10217,453262,-56199,-84299,0,0,0,498,596,269,527,549,514,599,478,407,291,231,548,0
2,1768494712624,631,598,10380,524122,-63529,-116064,0,0,0,510,603,259,538,533,536,595,442,429,295,223,569,0
2,1768494712640,732,531,10710,663399,-118507,-162490,0,0,0,519,618,258,552,548,548,577,424,436,300,222,583,0
2,1768494712656,784,478,11265,921184,-171042,-213802,0,0,0,531,618,239,559,580,561,561,417,409,300,221,586,0
2,1768494712672,780,454,12108,1326799,-149051,-261450,0,0,0,538,624,224,573,578,560,551,406,408,312,231,593,0
2,1768494712688,291,497,13218,1810604,-23212,-276111,0,0,0,553,634,231,565,594,574,510,399,417,317,230,602,0
2,1768494712704,-229,540,14156,2317622,68416,-207694,0,0,0,559,632,228,570,597,574,476,385,410,315,220,612,0
2,1768494712720,502,339,14740,2835636,37873,-108734,0,0,0,564,631,224,559,590,567,427,374,422,316,212,624,0
2,1768494712736,1502,153,15439,3392745,-35430,-142942,0,0,0,566,627,214,556,585,573,372,361,401,317,225,625,0
2,1768494712752,1828,129,16544,4058588,-140499,-298102,0,0,0,572,626,216,543,574,569,335,338,399,299,215,613,0
2,1768494712768,2522,67,18315,4825835,-272445,-475253,0,0,0,577,620,217,533,570,566,298,280,402,273,194,599,0
2,1768494712784,3780,-38,20602,5743354,-452040,-747699,0,0,0,549,607,210,529,560,560,272,207,398,256,175,559,0
2,1768494712800,4551,-708,23527,6701191,-663399,-1047023,0,0,0,505,587,196,520,540,543,261,168,387,246,162,514,0
2,1768494712816,5886,-2010,26154,7500203,-558330,-1297477,0,0,0,461,561,174,501,518,514,261,177,365,239,160,484,0
2,1768494712832,5963,-2187,28217,7991339,-138055,-1587027,0,0,0,398,522,157,462,481,466,276,201,334,225,156,439,0
2,1768494712848,4044,612,30835,8051203,-106290,-1899790,0,0,0,317,472,162,404,425,410,296,212,305,193,143,345,0
2,1768494712864,6039,5537,29174,7765318,-621860,-2117258,0,0,0,245,429,162,364,377,386,316,255,290,148,145,199,0
2,1768494712880,9279,13744,19679,6840468,-877202,-2442239,0,0,0,253,430,171,361,379,388,310,276,294,151,163,208,0
2,1768494712896,9356,20847,10050,4780631,-774577,-2580294,0,0,0,257,433,174,362,383,381,301,278,275,150,162,204,0
2,1768494712912,5489,23618,7427,613308,-529009,-1874134,0,0,0,257,429,162,359,383,368,298,285,261,150,162,191,0
2,1768494712928,2761,17406,9341,-3018896,-783129,-388510,0,0,0,252,426,163,359,384,368,295,291,256,145,163,181,0
2,1768494712944,4173,8963,7800,-4604702,-1164309,905302,0,0,0,246,423,161,353,383,364,297,306,255,166,171,173,0
2,1768494712960,7700,4852,4034,-4076914,-803898,1148426,0,0,0,244,423,161,348,380,363,297,314,255,145,159,169,0
2,1768494712976,7059,5144,3938,-3826459,267558,747699,0,0,0,244,425,162,348,382,360,293,320,246,131,155,162,0
2,1768494712992,4455,5771,6216,-4202752,873537,448375,0,0,0,244,425,162,343,381,354,286,324,239,130,159,158,0
2,1768494713008,3235,5254,8351,-4828278,869872,366519,0,0,0,241,425,161,339,378,350,284,328,237,130,162,155,0
2,1768494713024,3512,4273,9380,-5204571,915076,339641,0,0,0,238,424,160,340,376,351,287,332,239,127,160,149,0
2,1768494713040,3512,3618,10528,-5436700,1231504,309097,0,0,0,237,423,159,339,375,350,288,336,239,128,163,145,0
2,1768494713056,2775,3670,12246,-5739689,1475850,377514,0,0,0,237,423,159,338,374,348,290,342,240,131,169,145,0
2,1768494713072,2598,3441,14142,-6123313,1633453,554665,0,0,0,239,422,159,343,376,351,294,346,244,128,168,143,0
2,1768494713088,3053,2574,15912,-6320011,1783726,759916,0,0,0,241,421,157,347,378,356,296,349,245,125,166,136,0
2,1768494713104,3378,1718,18004,-6352998,1964542,937067,0,0,0,241,420,161,340,374,353,296,351,245,124,164,140,0
2,1768494713120,3546,1268,20464,-6323676,2130697,1097113,0,0,0,240,419,161,340,372,356,298,350,248,127,165,142,0
2,1768494713136,3785,1086,24058,-6403089,2265088,1339016,0,0,0,239,419,160,345,372,356,296,347,246,127,165,143,0
2,1768494713152,4503,148,28571,-6604674,2324953,1717753,0,0,0,239,418,157,345,370,358,302,347,250,128,160,143,0
2,1768494713168,5211,-3192,31265,-6797708,2386039,2128254,0,0,0,242,420,160,348,369,360,305,342,254,136,160,148,0
2,1768494713184,2876,-11844,32452,-6679200,2565634,2340835,0,0,0,240,421,157,350,371,363,313,340,264,152,195,151,0
2,1768494713200,263,-22612,31313,-6170960,2166128,2144136,0,0,0,239,424,160,354,372,367,319,337,270,142,176,154,0
2,1768494713216,851,-33419,24733,-5086063,1296256,1312138,0,0,0,239,425,161,357,374,369,319,338,271,136,162,155,0
2,1768494713232,387,-39928,16075,-3204599,1134987,-410501,0,0,0,240,426,162,360,378,372,321,343,272,135,161,154,0
2,1768494713248,-5814,-42474,12400,-1348790,1315803,-2062281,0,0,0,240,420,164,358,372,374,335,387,270,138,177,152,0
2,1768494713264,-13036,-40243,14912,191811,638965,-2419026,0,0,0,238,386,155,346,342,368,383,440,260,152,233,142,0
2,1768494713280,-15190,-28676,22196,2118480,-1642005,-1550375,0,0,0,245,347,147,336,305,359,449,464,257,174,302,131,0
2,1768494713296,-5714,-3225,22000,4255287,-5604077,311541,0,0,0,261,343,156,337,288,360,486,492,267,232,363,134,0
2,1768494713312,1268,6853,14414,5249775,-5748241,1667662,0,0,0,272,347,161,347,280,374,512,531,267,351,455,138,0
2,1768494713328,-3579,2392,16123,5378057,-2581516,2074498,0,0,0,275,359,161,367,287,388,540,540,279,413,476,149,0
2,1768494713344,-7585,-2000,21521,4406781,-316428,806342,0,0,0,282,381,161,384,304,389,572,572,288,493,528,159,0
2,1768494713360,-2459,-1225,19664,3065321,-23212,-382401,0,0,0,273,431,168,407,345,408,598,599,311,515,538,178,0
2,1768494713376,3273,837,13026,1673770,-464257,-335975,0,0,0,273,447,192,424,372,444,603,604,326,545,557,226,0
2,1768494713392,2225,660,9964,704938,-419053,162490,0,0,0,290,476,203,451,397,456,620,620,338,556,567,261,0
2,1768494713408,47,239,10150,158824,-267558,205250,0,0,0,310,496,215,455,413,465,586,615,382,566,582,282,0
2,1768494713424,57,655,10428,40317,-273667,40317,0,0,0,326,506,221,461,422,475,617,631,362,579,587,288,0
2,1768494713440,497,1067,10294,31764,-266337,-29321,0,0,0,337,512,226,465,433,481,643,643,349,583,588,299,0
2,1768494713456,502,1105,10145,18325,-173485,0,0,0,0,347,519,232,462,434,477,639,640,344,583,589,305,0
2,1768494713472,354,1052,10126,21991,-78190,0,0,0,0,354,520,236,463,431,472,634,636,337,585,587,303,0
2,1768494713488,320,1052,10107,46425,-19547,-18325,0,0,0,354,518,236,470,435,475,634,635,342,584,587,304,0
2,1768494713504,382,1081,10059,86742,15882,-30543,0,0,0,360,519,235,473,437,475,632,633,343,579,584,309,0
2,1768494713520,425,1091,10016,134390,36651,-26878,0,0,0,372,519,233,480,439,476,614,620,355,564,577,317,0
2,1768494713536,469,1076,10016,195476,41538,-18325,0,0,0,371,522,233,479,446,474,576,593,389,535,555,339,0
2,1768494713552,526,1009,10002,260228,34208,-18325,0,0,0,392,524,235,490,444,481,612,608,364,452,462,379,0
2,1768494713568,559,933,9987,300545,25656,-34208,0,0,0,406,537,256,496,445,482,609,596,359,329,336,417,0
2,1768494713584,574,894,9997,317649,24434,-53756,0,0,0,405,534,233,496,450,491,625,568,381,354,340,446,0
2,1768494713600,598,894,10040,337197,18325,-74525,0,0,0,415,534,232,495,454,498,603,557,392,305,290,472,0
2,1768494713616,574,866,10050,356745,6108,-85521,0,0,0,432,544,230,499,466,506,599,537,408,281,246,482,0
2,1768494713632,550,794,10064,367740,-7330,-79412,0,0,0,443,554,230,509,479,518,607,517,402,291,245,490,0
2,1768494713648,569,741,10107,384845,-21991,-69638,0,0,0,453,561,235,513,484,528,602,501,391,284,229,510,0
2,1768494713664,679,684,10193,415388,-36651,-70860,0,0,0,464,568,236,521,495,533,597,475,389,282,217,534,0
2,1768494713680,756,583,10256,459370,-62308,-90408,0,0,0,476,577,235,530,505,537,591,441,392,288,213,548,0
2,1768494713696,866,449,10327,526565,-113620,-129503,0,0,0,487,582,235,539,519,551,588,422,403,293,210,554,0
2,1768494713712,1000,387,10538,619417,-182037,-191811,0,0,0,499,589,233,549,536,565,586,416,414,298,210,567,0
2,1768494713728,899,387,10930,795346,-316428,-250454,0,0,0,516,600,226,558,544,573,572,404,409,299,213,587,0
2,1768494713744,569,330,11208,1014036,-408057,-265115,0,0,0,524,602,214,569,554,593,556,393,408,293,207,589,0
2,1768494713760,459,172,11572,1244943,-376292,-245567,0,0,0,529,605,204,573,569,586,540,386,416,311,214,600,0
2,1768494713776,416,95,12299,1523497,-290771,-238237,0,0,0,543,608,216,574,578,586,508,374,422,308,214,612,0
2,1768494713792,23,215,13318,1926668,-163711,-224798,0,0,0,551,618,217,574,587,593,476,372,424,313,226,628,0
2,1768494713808,-229,177,13807,2372600,-105068,-119729,0,0,0,581,620,223,567,587,587,438,375,417,416,310,594,0
2,1768494713824,502,-38,14582,2913827,-75747,-26878,0,0,0,586,618,224,567,582,599,400,363,409,333,236,628,0
2,1768494713840,1612,-162,15759,3525914,-106290,-128281,0,0,0,589,623,216,557,575,578,352,339,400,310,218,634,0
2,1768494713856,2144,-172,17420,4280943,-199142,-322536,0,0,0,582,628,213,544,571,563,308,293,419,296,207,624,0
2,1768494713872,2770,-196,19559,5193576,-354301,-558330,0,0,0,568,619,206,542,569,554,282,230,414,279,188,588,0
2,1768494713888,3283,-349,22579,6212499,-505796,-801455,0,0,0,541,603,197,538,558,549,277,180,400,259,171,543,0
2,1768494713904,3828,-1536,26082,7199657,-549778,-967610,0,0,0,501,583,187,521,533,533,272,162,382,245,161,504,0
2,1768494713920,4608,-2172,28442,7997447,-107512,-1136209,0,0,0,440,548,168,489,493,492,269,172,349,238,157,467,0
2,1768494713936,2412,-545,31629,8367632,89186,-1353677,0,0,0,352,497,155,438,441,442,291,191,319,208,144,389,0
2,1768494713952,2574,2732,32959,8265006,-593761,-1475850,0,0,0,273,455,167,386,393,406,318,222,310,163,124,278,0
2,1768494713968,7786,10935,25637,7533190,-1302364,-1617571,0,0,0,255,438,172,377,388,401,325,252,305,142,124,221,0
2,1768494713984,9523,18899,14773,6067113,-1402546,-1778839,0,0,0,257,433,170,368,391,391,315,270,299,140,133,211,0
2,1768494714000,7068,23158,7839,2834414,-1298699,-1505171,0,0,0,259,433,167,366,395,380,311,269,279,141,133,203,0
2,1768494714016,4168,18784,9523,-1357342,-1396437,-450818,0,0,0,253,428,166,359,386,368,307,277,270,140,142,187,0
2,1768494714032,4187,11284,9629,-3798360,-1720196,565661,0,0,0,245,424,161,357,382,368,303,287,266,138,146,180,0
2,1768494714048,7126,7245,5967,-3975510,-1659109,816115,0,0,0,236,423,161,351,382,366,297,294,256,133,147,172,0
2,1768494714064,9021,5905,3407,-4073249,-897971,568104,0,0,0,239,423,164,350,382,363,293,303,249,129,150,167,0
2,1768494714080,7394,5905,5034,-4603480,-19547,186924,0,0,0,236,420,163,346,383,364,294,313,254,128,153,170,0
2,1768494714096,5647,5039,7379,-5144707,270002,57421,0,0,0,235,421,160,345,384,360,292,321,250,130,158,168,0
2,1768494714112,5451,3986,8628,-5484348,423940,51312,0,0,0,237,422,160,343,381,354,291,327,242,130,160,158,0
2,1768494714128,6025,3254,9327,-5646838,772133,108734,0,0,0,249,422,161,346,377,352,291,331,239,127,157,147,0
2,1768494714144,5336,3086,11050,-5822767,1275486,232128,0,0,0,255,426,163,345,374,352,291,334,239,126,157,142,0
2,1768494714160,4398,2986,13405,-6093991,1627344,472809,0,0,0,242,428,166,338,373,350,289,336,238,126,162,144,0
2,1768494714176,4489,2474,15410,-6372546,1773952,715934,0,0,0,241,426,164,339,372,352,289,337,240,125,161,142,0
2,1768494714192,4742,1608,17501,-6550918,1981646,850324,0,0,0,241,426,163,340,371,352,291,338,243,127,162,141,0
2,1768494714208,4412,871,20282,-6566801,2239431,868650,0,0,0,240,423,160,336,381,354,295,340,244,130,165,143,0
2,1768494714224,3948,665,23244,-6579018,2420248,921184,0,0,0,236,420,160,295,410,333,296,339,246,126,162,143,0
2,1768494714240,3527,588,27169,-6686530,2548529,1120326,0,0,0,239,422,162,345,375,361,296,336,247,130,158,145,0
2,1768494714256,2895,-1129,30691,-6842912,2615724,1577254,0,0,0,241,422,164,344,373,363,296,333,255,127,155,148,0
2,1768494714272,1177,-5953,33117,-6845355,2685363,2116037,0,0,0,241,423,163,348,373,364,309,328,259,127,151,149,0
2,1768494714288,-1876,-15333,33261,-6454402,2390926,2399478,0,0,0,244,427,165,353,369,366,317,326,264,127,147,149,0
2,1768494714304,-1746,-26499,29380,-5722585,1529606,2135584,0,0,0,243,429,167,354,370,369,319,329,269,125,147,150,0
2,1768494714320,2421,-38329,19995,-4345695,731816,850324,0,0,0,242,430,169,354,372,372,318,331,273,127,152,155,0
2,1768494714336,-957,-44211,13151,-2450791,1166752,-1238834,0,0,0,241,428,167,355,375,376,317,334,273,129,156,157,0
2,1768494714352,-11208,-44235,12677,-596204,1284038,-2613281,0,0,0,241,423,164,350,372,374,318,356,264,133,167,153,0
2,1768494714368,-15845,-38372,15324,1031140,73303,-2444682,0,0,0,236,395,158,339,351,364,367,414,257,152,232,140,0
2,1768494714384,-8590,-22096,20095,2509434,-1695761,-1503950,0,0,0,234,353,155,324,315,362,439,463,267,177,317,132,0
2,1768494714400,1536,6748,21115,3916867,-4089131,-202807,0,0,0,243,331,158,316,288,369,471,486,276,246,385,138,0
2,1768494714416,4326,14323,13960,4955338,-4828278,808785,0,0,0,259,336,161,335,278,372,498,526,272,373,467,145,0
2,1768494714432,-1928,818,17142,5549099,-2725680,1270599,0,0,0,276,355,167,354,279,381,544,545,278,350,454,153,0
2,1768494714448,-5355,-4268,22837,4616919,-1218065,810007,0,0,0,284,388,168,382,306,393,562,562,298,369,465,170,0
2,1768494714464,-1708,-976,19396,2753780,-866206,139277,0,0,0,278,419,179,400,337,410,591,590,314,383,480,194,0
2,1768494714480,1378,1459,12639,1271821,-571769,-6108,0,0,0,290,441,201,416,346,428,603,604,333,462,511,236,0
2,1768494714496,1392,1005,9294,599869,-313984,155159,0,0,0,289,453,229,418,360,449,607,611,357,446,508,276,0
2,1768494714512,449,354,10289,343306,-301767,141720,0,0,0,308,478,232,433,376,459,618,619,349,467,528,299,0
2,1768494714528,215,626,10705,167377,-315206,57421,0,0,0,323,488,239,438,389,463,634,634,354,478,537,319,0
2,1768494714544,397,1143,10323,67195,-240680,-6108,0,0,0,337,495,249,439,395,473,638,638,364,470,529,343,0
2,1768494714560,540,1220,10050,52534,-116064,-7330,0,0,0,349,499,256,430,390,466,619,630,379,452,513,352,0
2,1768494714576,564,1182,10064,59864,-50090,-7330,0,0,0,354,499,253,430,388,461,621,630,377,450,513,349,0
2,1768494714592,521,1182,10141,78190,-18325,-18325,0,0,0,347,498,244,439,396,468,639,638,360,489,543,340,0
2,1768494714608,516,1206,10107,101403,13439,-26878,0,0,0,340,501,239,440,400,469,641,641,353,534,575,329,0
2,1768494714624,564,1220,10007,147829,35430,-28099,0,0,0,346,509,244,438,403,470,633,633,354,497,540,341,0
2,1768494714640,607,1196,9959,195476,28099,-24434,0,0,0,351,510,253,442,413,473,618,618,356,428,472,362,0
2,1768494714656,622,1129,9964,228463,1221,-20769,0,0,0,355,515,240,449,425,475,615,613,354,478,514,357,0
2,1768494714672,622,1057,9964,223576,-12217,-21991,0,0,0,365,517,245,453,438,476,615,609,368,446,478,368,0
2,1768494714688,631,1014,9935,206472,-19547,-26878,0,0,0,364,518,240,449,422,473,598,597,362,326,363,398,0
2,1768494714704,650,1009,9920,190589,-31764,-34208,0,0,0,374,522,240,455,416,477,598,593,372,302,333,409,0
2,1768494714720,646,995,9930,190589,-51312,-40317,0,0,0,388,523,242,466,440,483,605,574,370,422,435,397,0
2,1768494714736,622,976,9935,202807,-64751,-41538,0,0,0,409,531,255,473,434,484,612,561,376,341,342,434,0
2,1768494714752,612,961,9959,227241,-70860,-42760,0,0,0,426,535,256,481,438,493,613,555,388,300,286,460,0
2,1768494714768,641,947,10026,259006,-73303,-43982,0,0,0,451,544,265,485,448,503,615,538,390,290,257,477,0
2,1768494714784,708,909,10107,300545,-70860,-54977,0,0,0,468,553,272,491,465,510,616,513,401,278,231,498,0
2,1768494714800,760,851,10184,359188,-75747,-80634,0,0,0,477,563,273,496,485,522,615,488,414,279,222,524,0
2,1768494714816,799,804,10275,437379,-90408,-109955,0,0,0,488,577,282,501,496,534,616,467,419,285,217,551,0
2,1768494714832,784,756,10471,564439,-118507,-149051,0,0,0,497,588,283,519,507,544,606,449,434,290,216,568,0
2,1768494714848,765,665,10792,740368,-128281,-184481,0,0,0,504,599,270,535,526,556,585,430,448,296,220,583,0
2,1768494714864,818,536,11380,1045801,-107512,-221133,0,0,0,520,605,249,535,539,561,580,421,462,305,225,594,0
2,1768494714880,727,430,12079,1461189,-78190,-234572,0,0,0,536,607,228,549,555,573,545,415,467,317,231,602,0
2,1768494714896,536,344,12979,1988977,1221,-221133,0,0,0,552,612,230,549,569,577,526,401,462,309,217,609,0
2,1768494714912,354,492,13893,2455678,85521,-186924,0,0,0,559,613,221,553,574,581,493,394,465,335,232,610,0
2,1768494714928,775,349,14467,2899166,61086,-149051,0,0,0,561,613,224,552,566,586,472,378,457,322,220,624,0
2,1768494714944,1354,119,15037,3391523,25656,-196698,0,0,0,571,631,229,559,585,592,423,377,459,310,222,626,0
2,1768494714960,1349,52,16094,4009719,40317,-315206,0,0,0,579,624,223,551,571,588,376,347,444,330,290,645,0
2,1768494714976,1708,0,18233,4770857,86742,-414166,0,0,0,568,609,212,554,570,583,327,290,455,301,236,620,0
2,1768494714992,2857,-76,21607,5778785,40317,-569326,0,0,0,544,599,201,548,567,572,290,211,446,278,193,558,0
2,1768494715008,3579,-737,25168,6748839,-130725,-734260,0,0,0,517,586,194,535,549,563,275,169,415,257,176,513,0
2,1768494715024,5474,-2445,28925,7877718,-56199,-852767,0,0,0,470,557,177,514,517,533,273,165,380,240,162,480,0
2,1768494715040,4819,-760,31887,8470257,356745,-1098335,0,0,0,398,516,161,469,471,472,283,181,341,228,153,434,0
2,1768494715056,3067,2383,34084,8641299,56199,-1381777,0,0,0,322,470,162,411,413,418,307,218,307,195,139,339,0
2,1768494715072,6551,6623,31457,8416501,-773355,-1595580,0,0,0,266,423,164,359,374,382,334,258,302,161,136,202,0
2,1768494715088,11122,14419,20033,7294952,-540004,-2026850,0,0,0,272,432,168,337,403,372,329,269,310,148,143,202,0
2,1768494715104,9973,20320,10222,4780631,-59864,-2542421,0,0,0,266,427,169,367,371,384,315,272,309,151,150,191,0
2,1768494715120,4115,21239,8834,427605,-156381,-2398256,0,0,0,251,426,169,364,372,381,314,276,273,154,160,183,0
2,1768494715136,1612,14769,10260,-3066543,-996932,-1291369,0,0,0,252,432,171,349,364,363,305,286,258,148,164,177,0
2,1768494715152,3977,7695,7221,-4399451,-1613905,-197920,0,0,0,239,425,165,347,370,365,305,303,256,146,173,169,0
2,1768494715168,7059,6092,3455,-4157548,-993266,117286,0,0,0,238,424,165,343,375,362,296,320,259,143,185,165,0
2,1768494715184,6996,6235,2890,-4245513,52534,200363,0,0,0,233,421,159,343,378,360,300,329,254,144,191,161,0
2,1768494715200,4469,6393,5068,-4681671,733038,270002,0,0,0,233,421,156,342,376,359,297,331,248,145,193,156,0
2,1768494715216,3436,5551,6618,-5073846,830776,409279,0,0,0,234,420,157,341,372,357,298,338,248,146,198,150,0
2,1768494715232,3551,4714,7465,-5316971,965167,453262,0,0,0,233,419,158,341,371,357,297,345,247,145,201,145,0
2,1768494715248,3263,4374,8868,-5551543,1325577,390953,0,0,0,231,418,159,343,372,359,298,348,247,142,199,142,0
2,1768494715264,2139,4374,10959,-5930279,1554041,382401,0,0,0,232,417,160,345,374,362,303,350,253,141,198,141,0
2,1768494715280,1411,3771,13151,-6387206,1662775,427605,0,0,0,234,416,159,347,373,364,304,353,257,143,200,143,0
2,1768494715296,1229,2761,14802,-6515488,1771509,414166,0,0,0,235,418,161,348,370,366,308,357,260,146,202,146,0
2,1768494715312,794,1880,16841,-6470284,1936442,331088,0,0,0,240,418,161,352,369,367,312,357,261,155,203,148,0
2,1768494715328,282,1402,19516,-6404311,2111150,265115,0,0,0,241,419,162,351,367,366,311,354,262,156,204,153,0
2,1768494715344,-387,1320,23062,-6414085,2243097,397062,0,0,0,240,417,161,349,364,366,307,354,262,151,199,153,0
2,1768494715360,-1349,818,27384,-6550918,2225992,928515,0,0,0,242,417,160,351,361,368,311,346,264,149,191,151,0
2,1768494715376,-1579,-3239,30547,-6745173,2037846,1656666,0,0,0,243,418,161,351,362,368,314,347,272,152,192,151,0
2,1768494715392,-1215,-12270,32864,-6787934,1727526,2230879,0,0,0,243,420,159,353,369,371,318,350,273,153,194,152,0
2,1768494715408,272,-25422,31672,-6332229,1196074,2117258,0,0,0,238,423,158,354,373,371,316,351,270,153,197,153,0
2,1768494715424,2995,-35080,25068,-5034751,781907,1273043,0,0,0,238,427,159,356,379,372,316,351,268,153,195,152,0
2,1768494715440,2215,-39928,17865,-3075095,866206,221133,0,0,0,237,427,158,358,379,373,319,354,271,153,195,151,0
2,1768494715456,-5293,-39999,15060,-967610,978606,-383623,0,0,0,231,404,155,344,355,364,356,407,263,169,245,138,0
2,1768494715472,-10969,-39923,17659,745255,259006,-283441,0,0,0,233,365,154,322,318,353,406,454,257,214,334,131,0
2,1768494715488,-9322,-29447,20770,3145955,-1847256,163711,0,0,0,245,347,157,319,297,358,435,474,264,291,410,138,0
2,1768494715504,-1770,-2656,17310,5490456,-3391523,134390,0,0,0,256,351,160,331,291,372,458,503,271,361,453,144,0
2,1768494715520,1718,7528,16549,6274807,-2786767,76969,0,0,0,268,359,163,345,288,382,494,522,277,369,462,148,0
2,1768494715536,67,478,20612,5389053,-789237,196698,0,0,0,279,390,168,376,308,392,527,526,303,328,435,171,0
2,1768494715552,-588,-2488,20267,3788586,-254119,95294,0,0,0,278,412,175,404,323,414,569,568,319,449,499,211,0
2,1768494715568,861,-598,15448,2138028,-449596,7330,0,0,0,280,440,195,411,354,440,586,586,348,426,500,286,0
2,1768494715584,1277,603,11222,979827,-538783,85521,0,0,0,334,481,218,434,393,455,600,600,353,463,513,357,0
2,1768494715600,756,244,10064,271224,-417831,106290,0,0,0,356,495,220,448,410,463,609,609,358,470,519,385,0
2,1768494715616,449,244,10562,13439,-270002,32986,0,0,0,383,509,242,456,418,481,620,620,367,476,522,409,0
2,1768494715632,679,847,10394,10995,-210137,-2443,0,0,0,394,511,244,457,421,478,627,627,366,484,526,415,0
2,1768494715648,789,1076,10136,19547,-161268,-1221,0,0,0,396,512,241,459,422,479,632,632,367,486,525,412,0
2,1768494715664,751,1024,10045,20769,-90408,2443,0,0,0,399,513,236,465,425,479,633,634,369,517,531,389,0
2,1768494715680,717,985,10093,34208,-28099,-6108,0,0,0,400,516,237,469,428,479,633,633,367,500,521,391,0
2,1768494715696,741,1014,10102,64751,17104,-17104,0,0,0,402,519,237,471,431,480,627,627,362,467,501,404,0
2,1768494715712,770,1019,10050,98960,36651,-19547,0,0,0,402,516,234,469,430,476,619,619,362,450,480,406,0
2,1768494715728,794,995,10011,130725,46425,-20769,0,0,0,398,512,230,466,427,473,618,618,361,463,488,404,0
2,1768494715744,818,961,9992,161268,46425,-23212,0,0,0,394,512,228,467,428,478,615,614,353,501,525,398,0
2,1768494715760,837,957,9978,183259,43982,-26878,0,0,0,398,515,231,470,432,482,604,595,356,484,509,407,0
2,1768494715776,885,961,9959,206472,34208,-34208,0,0,0,401,519,230,483,438,484,604,585,366,469,486,411,0
2,1768494715792,938,933,9959,222354,10995,-41538,0,0,0,401,523,232,482,436,491,608,579,369,394,398,432,0
2,1768494715808,952,880,9973,229685,-12217,-47647,0,0,0,411,524,231,482,442,491,602,568,377,378,362,446,0
2,1768494715824,928,832,9978,237015,-39095,-52534,0,0,0,422,530,234,496,450,497,604,565,385,372,336,465,0
2,1768494715840,894,808,9987,259006,-54977,-58643,0,0,0,435,538,240,496,458,504,603,541,395,308,279,494,0
2,1768494715856,890,794,10026,288328,-59864,-64751,0,0,0,447,543,243,503,470,514,599,521,407,294,239,513,0
2,1768494715872,914,756,10088,320093,-61086,-68416,0,0,0,463,561,250,507,477,516,602,500,409,285,224,524,0
2,1768494715888,938,674,10107,344527,-63529,-69638,0,0,0,470,568,253,519,492,528,606,475,403,280,214,535,0
2,1768494715904,1024,603,10145,375071,-70860,-85521,0,0,0,479,577,259,522,504,534,610,460,410,283,211,548,0
2,1768494715920,1110,607,10366,449596,-102625,-119729,0,0,0,495,587,261,528,522,539,607,435,420,288,211,560,0
2,1768494715936,1162,579,10681,624304,-206472,-166155,0,0,0,513,598,259,550,539,548,590,410,423,302,215,571,0
2,1768494715952,1172,440,11016,877202,-320093,-213802,0,0,0,527,604,248,569,547,563,570,400,423,310,214,586,0
2,1768494715968,990,392,11734,1185078,-283441,-245567,0,0,0,538,607,236,573,558,573,554,394,425,309,213,600,0
2,1768494715984,770,344,12524,1543045,-134390,-265115,0,0,0,545,610,234,575,571,573,532,390,430,320,223,608,0
2,1768494716000,655,205,13022,1964542,-1221,-246789,0,0,0,550,606,220,583,584,594,496,382,436,309,211,615,0
2,1768494716016,598,114,13601,2439795,87964,-205250,0,0,0,570,616,232,575,601,591,463,376,418,320,226,621,0
2,1768494716032,904,110,14639,2960252,90408,-152716,0,0,0,570,615,212,572,589,577,416,361,410,326,233,635,0
2,1768494716048,1986,-23,15989,3572339,-19547,-205250,0,0,0,580,622,217,556,573,565,372,361,411,325,234,632,0
2,1768494716064,2593,14,17429,4268726,-127059,-375071,0,0,0,586,627,218,549,575,572,327,310,421,302,212,631,0
2,1768494716080,2852,129,19430,5180137,-210137,-618195,0,0,0,569,609,206,555,580,574,294,236,419,271,188,612,0
2,1768494716096,2976,268,22761,6324898,-300545,-845437,0,0,0,544,595,200,549,569,565,277,179,416,254,171,554,0
2,1768494716112,2488,-157,26470,7492873,-371406,-957836,0,0,0,504,579,189,524,543,538,271,164,405,254,167,521,0
2,1768494716128,4087,-1995,28379,8406727,78190,-904080,0,0,0,458,548,177,492,532,480,273,172,378,249,165,492,0
2,1768494716144,3417,-2263,31265,8961393,937067,-962723,0,0,0,376,503,164,447,477,435,295,184,341,225,151,430,0
2,1768494716160,392,1421,33524,8764694,945619,-1125213,0,0,0,299,458,161,404,399,415,318,198,312,199,144,313,0
2,1768494716176,2656,10524,27212,7955908,-111177,-1292590,0,0,0,274,435,168,385,375,403,327,216,306,176,139,221,0
2,1768494716192,5613,17961,16324,6739065,-944397,-1620014,0,0,0,270,432,172,378,380,403,330,232,314,141,113,215,0
2,1768494716208,5872,20890,9064,3954741,-1252273,-1903456,0,0,0,256,431,170,373,381,396,322,240,297,137,112,205,0
2,1768494716224,4149,20502,7657,-420275,-1309695,-1747074,0,0,0,251,428,164,367,381,384,314,252,282,136,114,189,0
2,1768494716240,2560,14754,9466,-4158770,-1470963,-1161865,0,0,0,249,425,167,354,385,371,307,264,268,136,128,183,0
2,1768494716256,3914,8231,8169,-5276653,-1865582,-659734,0,0,0,237,424,164,296,412,339,299,284,263,136,144,178,0
2,1768494716272,6570,4848,5537,-5246110,-1890017,-445931,0,0,0,241,425,163,349,384,365,296,298,255,132,149,169,0
2,1768494716288,8111,4541,4388,-5112942,-1208291,-431270,0,0,0,237,425,162,345,384,358,294,309,246,129,154,162,0
2,1768494716304,7059,4532,5967,-5380501,-344527,-274889,0,0,0,234,421,155,344,384,353,295,322,242,133,161,156,0
2,1768494716320,5843,4024,7896,-5633399,217468,59864,0,0,0,237,419,154,347,382,352,300,329,238,133,163,153,0
2,1768494716336,5623,3340,9308,-5803219,499687,472809,0,0,0,241,418,154,353,378,348,309,328,236,134,160,148,0
2,1768494716352,5747,2751,10586,-5962044,777020,784350,0,0,0,240,417,154,355,380,353,313,332,238,134,162,146,0
2,1768494716368,5742,2182,12328,-6135530,1110553,967610,0,0,0,237,417,157,352,379,355,314,338,242,132,163,143,0
2,1768494716384,5589,1761,14300,-6282138,1346346,972497,0,0,0,237,417,160,351,376,354,315,340,243,133,163,141,0
2,1768494716400,5403,1296,16913,-6464175,1590693,883311,0,0,0,240,416,159,353,374,355,317,340,244,136,165,143,0
2,1768494716416,5120,909,19439,-6605896,1791056,748920,0,0,0,248,415,157,355,370,352,319,340,244,138,164,143,0
2,1768494716432,4776,507,22531,-6732956,2015855,663399,0,0,0,257,416,158,356,369,352,320,339,245,140,163,145,0
2,1768494716448,4407,-86,26623,-6830695,2210110,777020,0,0,0,246,417,158,354,373,356,317,337,242,137,163,147,0
2,1768494716464,4312,-2345,30188,-6875899,2269975,1259604,0,0,0,248,419,161,356,373,360,316,335,247,140,162,150,0
2,1768494716480,3584,-7274,31619,-6794043,2373822,1827708,0,0,0,250,420,159,353,370,358,315,329,251,143,163,150,0
2,1768494716496,1148,-15960,31232,-6348111,2301740,2097711,0,0,0,240,420,159,357,376,366,324,337,263,134,157,149,0
2,1768494716512,-287,-25991,27652,-5501452,1739744,1828930,0,0,0,239,422,161,359,378,370,326,334,267,132,157,151,0
2,1768494716528,-86,-34027,20272,-4212526,1181413,759916,0,0,0,242,425,163,360,381,371,329,337,271,138,160,152,0
2,1768494716544,-3263,-38812,15233,-2720793,1116661,-748920,0,0,0,243,422,162,361,383,373,328,343,274,137,164,156,0
2,1768494716560,-8624,-41368,13194,-1115439,817337,-2001194,0,0,0,245,422,166,357,376,372,324,343,270,133,161,152,0
2,1768494716576,-10906,-38257,13649,629191,-58643,-2381152,0,0,0,236,411,158,353,363,372,368,408,261,141,219,136,0
2,1768494716592,-7298,-24742,18549,2174680,-1221730,-1916895,0,0,0,237,372,151,337,329,360,419,456,257,196,291,129,0
2,1768494716608,-2019,1430,22450,3511253,-3307224,-769690,0,0,0,244,346,151,320,298,354,432,479,256,293,383,133,0
2,1768494716624,1804,10495,14247,4559498,-4001167,505796,0,0,0,246,352,153,322,290,365,453,509,258,354,457,139,0
2,1768494716640,100,3455,12423,5440365,-2265088,1229060,0,0,0,257,363,156,343,293,379,510,528,268,359,461,147,0
2,1768494716656,-4355,-4106,20468,4927239,-171042,900415,0,0,0,273,383,163,371,311,391,537,538,283,374,458,160,0
2,1768494716672,-1909,-1469,20411,3252246,-294437,23212,0,0,0,272,405,181,384,326,410,566,566,310,401,479,191,0
2,1768494716688,1737,1229,14553,1855808,-635299,-191811,0,0,0,278,434,203,389,342,421,585,584,330,424,495,223,0
2,1768494716704,1732,765,10825,968832,-508239,131946,0,0,0,280,456,219,405,364,435,601,602,333,454,518,272,0
2,1768494716720,603,76,10270,365297,-317649,254119,0,0,0,299,480,229,419,384,443,608,607,343,464,527,302,0
2,1768494716736,196,320,10705,130725,-246789,114842,0,0,0,330,498,235,433,399,453,624,625,344,465,529,319,0
2,1768494716752,593,880,10385,89186,-218689,6108,0,0,0,345,503,240,431,406,454,631,631,346,472,533,333,0
2,1768494716768,804,1119,10064,72082,-157603,-8552,0,0,0,359,506,248,429,407,453,631,630,352,478,531,341,0
2,1768494716784,722,1057,10064,59864,-92851,6108,0,0,0,365,509,255,429,409,454,631,630,355,472,525,345,0
2,1768494716800,655,1048,10112,68416,-50090,-3665,0,0,0,365,509,255,431,411,456,631,630,354,462,514,346,0
2,1768494716816,646,1100,10107,105068,-15882,-17104,0,0,0,366,511,253,434,411,457,614,613,365,459,506,350,0
2,1768494716832,674,1119,10050,163711,15882,-18325,0,0,0,372,515,252,439,412,460,605,604,367,441,478,359,0
2,1768494716848,698,1076,10007,210137,37873,-17104,0,0,0,375,519,250,441,413,457,619,614,354,411,440,367,0
2,1768494716864,741,1005,9968,241902,41538,-17104,0,0,0,373,520,248,438,416,456,625,601,355,415,440,367,0
2,1768494716880,784,957,9949,256563,25656,-23212,0,0,0,380,519,245,448,428,466,626,581,354,434,453,365,0
2,1768494716896,832,933,9959,273667,7330,-40317,0,0,0,387,523,248,453,429,483,619,575,367,437,446,378,0
2,1768494716912,856,909,9992,294437,-18325,-58643,0,0,0,396,530,256,467,434,488,599,564,370,288,293,423,0
2,1768494716928,847,875,9997,309097,-48869,-70860,0,0,0,416,546,257,475,443,486,601,547,378,287,279,439,0
2,1768494716944,799,823,9987,312763,-80634,-74525,0,0,0,438,548,262,486,449,505,599,533,391,301,267,461,0
2,1768494716960,765,775,10026,328645,-96516,-72082,0,0,0,447,554,259,498,472,503,605,520,387,277,237,484,0
2,1768494716976,808,732,10112,367740,-100181,-74525,0,0,0,466,570,279,508,480,510,612,484,400,370,327,494,0
2,1768494716992,847,684,10203,431270,-105068,-91629,0,0,0,470,578,276,510,484,521,608,469,406,306,251,526,0
2,1768494717008,808,588,10251,497244,-114842,-113620,0,0,0,477,590,268,524,498,527,604,448,408,275,211,552,0
2,1768494717024,823,492,10313,558330,-136833,-133168,0,0,0,488,598,259,535,510,538,596,425,406,283,211,564,0
2,1768494717040,899,411,10504,654847,-179594,-151494,0,0,0,500,603,254,546,523,556,586,409,412,289,211,574,0
2,1768494717056,1009,325,10916,841772,-200363,-182037,0,0,0,515,610,247,555,540,565,573,399,432,296,212,589,0
2,1768494717072,1038,282,11591,1123992,-141720,-235793,0,0,0,532,616,236,557,550,568,557,390,442,304,218,600,0
2,1768494717088,866,277,12419,1458746,-76969,-280998,0,0,0,544,622,230,562,557,580,541,380,433,314,223,605,0
2,1768494717104,454,320,13156,1832595,-57421,-277332,0,0,0,549,621,218,562,567,575,517,375,427,319,222,607,0
2,1768494717120,201,148,13524,2283414,-51312,-189368,0,0,0,563,623,217,576,592,596,481,364,435,334,225,626,0
2,1768494717136,607,-57,14079,2808758,-9773,-103847,0,0,0,572,629,221,565,573,580,425,368,443,317,223,624,0
2,1768494717152,1627,-110,15214,3380528,13439,-127059,0,0,0,572,626,217,556,568,569,369,342,426,316,227,639,0
2,1768494717168,2546,-38,16826,4133114,-69638,-329867,0,0,0,578,621,218,540,580,572,321,307,425,296,223,634,0
2,1768494717184,2761,14,18659,4966334,-185703,-563217,0,0,0,569,617,213,543,563,571,288,238,422,282,198,617,0
2,1768494717200,3254,157,21564,6080552,-307876,-806342,0,0,0,547,609,214,547,560,572,269,170,417,268,179,566,0
2,1768494717216,4187,-315,25087,7170336,-426383,-1007927,0,0,0,508,586,201,537,547,560,261,154,398,253,165,518,0
2,1768494717232,6159,-2201,28451,8142833,-265115,-1216843,0,0,0,462,559,180,507,515,519,263,165,367,239,157,479,0
2,1768494717248,5072,-2483,31275,8585100,227241,-1490511,0,0,0,391,520,164,456,462,458,282,180,335,220,147,431,0
2,1768494717264,4474,373,32227,8614421,491135,-1706757,0,0,0,311,466,163,400,402,411,312,200,316,181,125,328,0
2,1768494717280,6168,7652,28844,8147720,419053,-1999972,0,0,0,271,432,171,372,370,398,330,222,309,143,110,228,0
2,1768494717296,7293,15022,19545,7024950,23212,-2492330,0,0,0,261,432,173,374,377,404,326,233,310,138,110,221,0
2,1768494717312,6456,20425,9758,4569271,-458148,-2718350,0,0,0,259,429,173,371,378,394,315,241,298,137,110,212,0
2,1768494717328,3220,20799,8126,227241,-842994,-1870469,0,0,0,253,428,170,368,384,382,306,249,274,137,117,197,0
2,1768494717344,1335,15400,9504,-3618765,-1426981,-626747,0,0,0,248,427,167,361,383,374,301,265,267,137,131,185,0
2,1768494717360,3464,7489,8490,-4941899,-2040289,277332,0,0,0,240,426,165,350,384,367,294,282,263,135,146,180,0
2,1768494717376,7427,4948,4374,-4548502,-1663996,282219,0,0,0,239,426,165,355,385,367,292,291,253,135,148,171,0
2,1768494717392,8145,5417,3249,-4564385,-518013,10995,0,0,0,236,423,161,351,386,363,296,307,250,137,156,168,0
2,1768494717408,5360,5948,5589,-5060407,445931,-84299,0,0,0,236,423,159,346,386,356,292,320,246,136,160,161,0
2,1768494717424,3498,5211,7714,-5464800,597426,153938,0,0,0,235,423,162,344,384,362,290,328,251,129,159,157,0
2,1768494717440,3551,4197,8801,-5698150,629191,445931,0,0,0,238,420,160,357,379,361,291,332,249,139,159,155,0
2,1768494717456,4134,3570,9834,-5828876,889419,635299,0,0,0,241,420,161,356,380,365,288,335,248,137,162,151,0
2,1768494717472,4058,3172,11648,-6012135,1229060,772133,0,0,0,243,423,164,349,380,367,291,341,252,131,165,150,0
2,1768494717488,3948,2675,13859,-6222273,1433089,869872,0,0,0,240,423,164,348,377,367,296,343,255,130,166,151,0
2,1768494717504,4469,1861,15917,-6381098,1579697,850324,0,0,0,237,420,164,346,374,368,297,342,256,145,173,151,0
2,1768494717520,5025,770,18458,-6519153,1846034,720820,0,0,0,236,418,164,344,371,367,298,343,257,160,180,150,0
2,1768494717536,4967,-38,21450,-6597344,2179567,599869,0,0,0,235,418,162,342,370,368,298,344,257,129,163,148,0
2,1768494717552,4402,-191,26197,-6724404,2453234,816115,0,0,0,238,418,165,344,369,369,300,338,256,131,162,147,0
2,1768494717568,4589,-1081,30624,-6934542,2559525,1401324,0,0,0,238,420,161,343,364,360,297,331,252,132,159,146,0
2,1768494717584,4637,-6575,32825,-7064045,2737898,2223549,0,0,0,241,420,164,349,370,368,310,335,265,135,162,153,0
2,1768494717600,2474,-15769,33404,-6802595,2850297,2626720,0,0,0,240,420,160,351,369,369,315,328,268,128,153,151,0
2,1768494717616,-961,-27676,30854,-5952270,2337170,2394591,0,0,0,240,424,162,359,373,373,323,330,274,133,155,156,0
2,1768494717632,-2292,-37372,22584,-4329812,1459967,1390329,0,0,0,240,422,161,360,374,375,324,334,277,131,152,157,0
2,1768494717648,-3575,-43325,15051,-2477669,1003040,-12217,0,0,0,243,423,163,357,373,375,323,338,279,131,155,157,0
2,1768494717664,-7178,-44503,12342,-700051,756251,-1502728,0,0,0,240,415,168,354,361,375,338,376,275,127,166,147,0
2,1768494717680,-10150,-39774,13845,846659,177150,-2191784,0,0,0,240,380,166,344,335,365,395,433,268,149,249,138,0
2,1768494717696,-9073,-19722,21895,2726902,-1648114,-1642005,0,0,0,245,347,156,334,309,356,447,466,266,178,313,133,0
2,1768494717712,-445,5254,19674,3985284,-4092797,-92851,0,0,0,256,343,156,334,293,363,477,481,268,231,366,137,0
2,1768494717728,3431,10844,13706,4894252,-4134335,1182635,0,0,0,264,349,164,341,284,375,500,513,274,334,449,145,0
2,1768494717744,-2230,1110,16487,5079955,-1732413,1404990,0,0,0,269,356,165,352,284,382,525,546,285,403,489,152,0
2,1768494717760,-5537,-3388,20205,4244291,-425162,522900,0,0,0,278,380,169,375,304,393,556,557,302,387,471,168,0
2,1768494717776,-339,4,17094,2820975,-496022,-437379,0,0,0,278,409,185,396,325,417,579,578,320,411,483,206,0
2,1768494717792,2392,1019,12964,1825265,-427605,-129503,0,0,0,283,446,196,410,353,443,595,595,340,449,512,261,0
2,1768494717808,1598,76,11069,893084,-353080,207694,0,0,0,291,478,210,426,391,453,602,602,350,517,535,299,0
2,1768494717824,0,-339,10815,239459,-340862,190589,0,0,0,323,493,226,431,403,465,622,622,354,475,539,339,0
2,1768494717840,287,526,10452,80634,-298102,21991,0,0,0,352,507,237,440,411,468,625,625,355,470,544,352,0
2,1768494717856,717,976,10169,67195,-227241,-24434,0,0,0,362,513,231,451,429,475,628,628,357,479,545,355,0
2,1768494717872,741,904,10131,65973,-144164,0,0,0,0,374,517,238,455,428,477,631,631,359,481,546,363,0
2,1768494717888,641,842,10141,52534,-98960,1221,0,0,0,378,517,238,455,425,476,631,630,359,477,540,361,0
2,1768494717904,603,904,10126,54977,-70860,-15882,0,0,0,388,518,240,454,424,471,627,627,359,471,531,358,0
2,1768494717920,612,947,10098,81855,-25656,-24434,0,0,0,396,519,242,457,426,470,622,622,357,466,523,360,0
2,1768494717936,622,933,10040,117286,13439,-24434,0,0,0,400,522,243,459,429,472,614,614,353,455,506,366,0
2,1768494717952,655,923,9997,153938,23212,-19547,0,0,0,406,524,246,460,431,470,606,605,354,433,475,373,0
2,1768494717968,698,894,9987,188146,15882,-18325,0,0,0,408,525,245,461,432,474,603,602,359,420,455,380,0
2,1768494717984,741,827,9978,204028,1221,-20769,0,0,0,409,525,245,463,432,481,602,597,362,428,463,388,0
2,1768494718000,756,770,9930,191811,-14660,-25656,0,0,0,411,530,245,471,438,480,607,592,364,443,480,386,0
2,1768494718016,756,751,9925,175929,-34208,-31764,0,0,0,417,532,248,478,448,482,606,584,359,464,493,389,0
2,1768494718032,746,756,9959,167377,-48869,-42760,0,0,0,425,538,248,475,447,477,601,572,358,437,452,402,0
2,1768494718048,746,756,9997,177150,-57421,-52534,0,0,0,437,545,255,485,456,490,601,567,370,402,407,427,0
2,1768494718064,751,760,10035,211359,-67195,-56199,0,0,0,450,557,278,488,465,495,600,555,379,312,307,462,0
2,1768494718080,746,765,10093,276111,-72082,-59864,0,0,0,460,572,277,502,485,504,605,540,385,297,281,487,0
2,1768494718096,746,727,10150,342084,-63529,-64751,0,0,0,472,584,283,515,490,526,595,504,391,377,353,494,0
2,1768494718112,775,622,10203,403171,-40317,-76969,0,0,0,477,591,291,521,500,537,592,477,401,348,300,516,0
2,1768494718128,813,540,10279,452040,-31764,-91629,0,0,0,500,604,315,524,507,542,589,455,411,316,255,536,0
2,1768494718144,880,473,10399,516791,-31764,-112399,0,0,0,513,610,302,531,522,554,578,433,419,321,255,556,0
2,1768494718160,1062,402,10811,674395,-79412,-152716,0,0,0,519,614,263,539,544,560,565,414,424,329,258,578,0
2,1768494718176,1301,315,11390,924849,-180816,-205250,0,0,0,536,622,245,550,562,562,553,402,424,338,261,594,0
2,1768494718192,1110,373,12467,1351233,-277332,-277332,0,0,0,545,626,223,565,573,570,522,401,419,341,258,607,0
2,1768494718208,521,354,13103,1784948,-230907,-268780,0,0,0,557,631,223,566,570,565,476,401,414,339,252,615,0
2,1768494718224,349,201,13534,2236988,-162490,-208915,0,0,0,561,632,219,567,573,579,474,384,419,333,246,614,0
2,1768494718240,732,167,14328,2764776,-119729,-147829,0,0,0,577,635,219,565,581,577,426,374,413,342,258,624,0
2,1768494718256,1675,105,15462,3357315,-131946,-208915,0,0,0,577,628,228,554,570,562,381,360,405,333,262,630,0
2,1768494718272,2287,33,16582,4058588,-142942,-392175,0,0,0,582,622,212,555,575,555,329,333,399,319,259,632,0
2,1768494718288,2000,153,18157,4864930,-139277,-596204,0,0,0,576,616,220,542,586,554,291,271,406,293,227,619,0
2,1768494718304,2641,224,20756,5977927,-167377,-759916,0,0,0,557,612,220,543,573,555,271,199,416,275,195,572,0
2,1768494718320,4259,-665,24206,7111693,-189368,-945619,0,0,0,519,590,206,532,552,544,260,166,403,250,167,526,0
2,1768494718336,5250,-2182,28202,7932695,54977,-1148426,0,0,0,467,562,180,505,519,515,262,166,377,241,159,493,0
2,1768494718352,5690,-1995,30825,8504465,416610,-1369559,0,0,0,403,526,165,462,471,466,279,179,339,230,153,449,0
2,1768494718368,4910,1282,31639,8712160,678060,-1701870,0,0,0,315,473,164,402,419,412,307,205,308,186,130,334,0
2,1768494718384,5206,6891,29150,8394510,361632,-2063502,0,0,0,250,435,167,364,384,389,326,234,300,144,115,224,0
2,1768494718400,8035,14505,19693,7384139,-195476,-2493551,0,0,0,254,434,175,371,377,400,323,251,302,142,124,217,0
2,1768494718416,9059,20248,9217,5111720,-97738,-2838079,0,0,0,257,433,174,366,377,388,313,264,288,144,127,207,0
2,1768494718432,5541,23579,6322,1080009,128281,-2525316,0,0,0,258,430,172,363,378,377,309,269,271,142,130,196,0
2,1768494718448,459,19090,9471,-3634648,-311541,-1279151,0,0,0,257,427,171,356,376,371,303,277,265,139,134,188,0
2,1768494718464,2273,8748,8571,-5192354,-1350012,-46425,0,0,0,244,426,167,348,383,371,300,302,261,132,153,177,0
2,1768494718480,6915,3642,4551,-4713436,-1376890,279776,0,0,0,244,426,164,348,378,369,299,304,253,133,149,169,0
2,1768494718496,8054,4522,3168,-4243069,-43982,-3665,0,0,0,237,423,159,347,377,364,297,312,248,129,152,166,0
2,1768494718512,5235,6255,5436,-4610810,1023810,-109955,0,0,0,238,423,156,351,380,369,289,316,239,126,153,159,0
2,1768494718528,2368,6278,8628,-5369505,1273043,157603,0,0,0,242,424,161,349,379,361,290,324,242,132,157,159,0
2,1768494718544,2928,4594,9629,-5703037,1200961,508239,0,0,0,246,427,164,342,373,352,292,328,243,131,157,155,0
2,1768494718560,3417,3364,10480,-5754350,1450194,687834,0,0,0,241,424,162,341,375,352,294,334,244,128,158,149,0
2,1768494718576,2402,3129,12385,-5776341,1771509,744033,0,0,0,237,422,162,343,375,355,297,340,248,125,158,144,0
2,1768494718592,1579,3139,14520,-5926614,1882686,797790,0,0,0,234,421,162,343,374,356,299,344,249,123,158,142,0
2,1768494718608,1603,3000,17133,-6276029,1893682,812450,0,0,0,231,419,159,344,375,359,298,345,248,122,160,141,0
2,1768494718624,1928,2378,19564,-6627887,2045176,687834,0,0,0,232,419,159,345,375,361,296,345,248,124,161,141,0
2,1768494718640,1751,1612,22306,-6861238,2224771,585208,0,0,0,233,418,159,344,374,361,295,344,249,124,163,141,0
2,1768494718656,1296,875,25915,-6958976,2339613,674395,0,0,0,237,421,162,343,372,360,297,341,251,126,160,142,0
2,1768494718672,402,-603,30121,-7031058,2284635,1258382,0,0,0,236,418,161,344,369,360,298,336,251,133,161,148,0
2,1768494718688,-67,-5168,33807,-7079928,2103819,2164906,0,0,0,241,420,162,348,371,366,305,332,259,134,158,151,0
2,1768494718704,-301,-14754,34486,-6822142,1837482,2797762,0,0,0,238,422,158,352,375,370,309,335,267,128,157,149,0
2,1768494718720,1608,-27666,30677,-6111095,1147204,2724458,0,0,0,243,427,163,354,373,369,318,336,272,203,196,164,0
2,1768494718736,5656,-39645,20842,-4664566,612086,1615127,0,0,0,246,429,165,356,374,372,316,336,270,148,167,160,0
2,1768494718752,382,-44536,12840,-2370157,1229060,-285884,0,0,0,242,416,160,347,357,361,329,372,264,135,169,154,0
2,1768494718768,-10351,-44153,12988,-487470,1273043,-1429424,0,0,0,238,390,157,340,341,360,383,430,262,146,232,141,0
2,1768494718784,-15214,-38573,20181,1572367,-926071,-1194852,0,0,0,245,361,156,326,314,353,434,461,262,170,292,136,0
2,1768494718800,-7867,-16520,20579,4361577,-4381125,-388510,0,0,0,252,345,156,321,290,357,450,483,263,278,383,139,0
2,1768494718816,3335,7164,15060,6065891,-5260771,353080,0,0,0,258,349,160,337,284,377,468,510,274,391,466,144,0
2,1768494718832,976,4211,17568,5540547,-2216219,944397,0,0,0,274,365,167,366,290,387,520,530,290,403,469,153,0
2,1768494718848,-4422,-2010,22857,4293160,-108734,800233,0,0,0,279,389,169,392,308,394,557,557,294,440,493,166,0
2,1768494718864,-3086,-2167,20401,2888170,-175929,39095,0,0,0,280,415,191,394,330,425,577,578,311,463,506,192,0
2,1768494718880,1143,765,12524,1764178,-498466,-119729,0,0,0,290,438,201,409,345,447,602,602,332,487,527,245,0
2,1768494718896,1698,732,9858,973719,-361632,75747,0,0,0,301,470,225,418,377,458,631,627,341,519,559,301,0
2,1768494718912,473,-105,10643,328645,-257785,145385,0,0,0,350,495,245,426,394,462,631,628,355,523,560,337,0
2,1768494718928,33,258,10763,48869,-260228,63529,0,0,0,369,504,245,429,397,455,649,640,354,544,569,352,0
2,1768494718944,339,933,10236,20769,-233350,-6108,0,0,0,374,511,259,431,401,460,652,631,347,587,606,349,0
2,1768494718960,540,1014,10050,32986,-145385,-1221,0,0,0,375,510,257,431,404,460,659,638,352,609,622,359,0
2,1768494718976,507,904,10112,29321,-78190,3665,0,0,0,392,512,272,431,405,460,664,638,352,609,622,358,0
2,1768494718992,440,914,10141,37873,-52534,-6108,0,0,0,391,510,264,435,409,461,657,637,348,609,617,356,0
2,1768494719008,430,971,10112,65973,-30543,-18325,0,0,0,394,513,260,442,415,464,647,634,346,584,594,352,0
2,1768494719024,445,985,10059,116064,-1221,-24434,0,0,0,401,516,261,444,417,466,643,627,353,541,555,355,0
2,1768494719040,454,947,10026,151494,13439,-19547,0,0,0,403,515,264,443,415,467,634,616,356,515,528,362,0
2,1768494719056,488,923,10011,178372,17104,-18325,0,0,0,410,519,271,445,415,473,625,608,354,499,507,369,0
2,1768494719072,516,904,9987,202807,8552,-19547,0,0,0,414,519,260,448,417,478,629,604,368,455,460,392,0
2,1768494719088,516,847,9964,215024,-1221,-24434,0,0,0,419,522,261,449,417,475,615,598,365,404,409,407,0
2,1768494719104,526,794,9968,217468,-7330,-30543,0,0,0,417,525,256,454,421,475,611,583,363,413,410,413,0
2,1768494719120,559,780,9983,217468,-14660,-37873,0,0,0,427,526,264,456,420,478,617,585,379,301,303,446,0
2,1768494719136,588,770,9983,221133,-29321,-47647,0,0,0,433,527,264,469,443,486,618,575,385,305,294,458,0
2,1768494719152,588,746,9987,230907,-50090,-59864,0,0,0,452,542,266,472,449,496,627,544,377,472,439,442,0
2,1768494719168,550,722,10054,261450,-62308,-69638,0,0,0,466,550,269,479,459,500,618,540,393,324,300,492,0
2,1768494719184,521,703,10131,312763,-65973,-73303,0,0,0,476,561,277,493,473,511,614,520,399,334,292,511,0
2,1768494719200,540,626,10160,379958,-57421,-72082,0,0,0,486,570,274,496,484,516,618,503,413,299,245,529,0
2,1768494719216,579,536,10165,431270,-50090,-75747,0,0,0,499,584,283,499,493,523,619,473,427,281,218,551,0
2,1768494719232,617,464,10246,471587,-47647,-90408,0,0,0,517,602,285,510,501,531,608,446,433,278,210,568,0
2,1768494719248,665,421,10495,555887,-53756,-116064,0,0,0,534,611,281,525,515,546,589,425,431,282,208,581,0
2,1768494719264,713,354,10849,713490,-70860,-141720,0,0,0,544,609,272,530,527,553,573,407,436,296,214,594,0
2,1768494719280,804,277,11557,1049466,-54977,-180816,0,0,0,555,609,256,527,536,554,560,400,442,310,221,601,0
2,1768494719296,804,205,12500,1513724,-26878,-215024,0,0,0,566,619,242,541,556,565,533,399,432,315,221,608,0
2,1768494719312,569,244,13443,2052507,-52534,-207694,0,0,0,570,617,229,553,568,562,494,398,430,319,223,620,0
2,1768494719328,650,220,14108,2526538,-108734,-158824,0,0,0,577,618,235,551,557,567,454,392,424,321,224,621,0
2,1768494719344,1191,105,14917,2981022,-150272,-162490,0,0,0,586,629,219,540,565,560,399,368,408,326,238,636,0
2,1768494719360,1832,-4,16003,3523470,-164933,-274889,0,0,0,596,613,213,544,560,574,343,355,397,326,271,635,0
2,1768494719376,2053,-47,17741,4310265,-145385,-477696,0,0,0,604,628,222,532,560,569,311,323,401,310,258,631,0
2,1768494719392,2450,153,20038,5205793,-149051,-658512,0,0,0,581,624,215,539,562,568,280,243,412,281,222,597,0
2,1768494719408,3881,-23,22957,6298020,-335975,-871093,0,0,0,548,606,208,525,549,549,282,211,396,262,187,540,0
2,1768494719424,5819,-1292,26259,7402464,-367740,-1171639,0,0,0,497,583,192,509,525,529,265,177,378,257,177,505,0
2,1768494719440,5441,-1234,29619,8295549,-84299,-1479515,0,0,0,433,552,169,479,489,491,262,167,349,250,180,468,0
2,1768494719456,3283,425,31275,8709716,14660,-1685988,0,0,0,353,502,163,430,437,440,279,186,317,230,175,401,0
2,1768494719472,3661,2502,30768,8640077,-180816,-1792278,0,0,0,289,456,169,387,387,405,307,216,304,205,168,307,0
2,1768494719488,7307,9317,24589,7941248,-343306,-1990198,0,0,0,266,439,167,370,368,397,323,241,302,186,174,231,0
2,1768494719504,8188,16908,13993,6362772,-342084,-2375044,0,0,0,258,439,164,363,371,390,309,252,289,178,183,209,0
2,1768494719520,5996,21167,7609,3747047,-476474,-2306627,0,0,0,260,437,166,361,369,377,308,256,273,180,187,197,0
2,1768494719536,2139,20234,7733,-707381,-907745,-1116661,0,0,0,255,432,166,356,365,377,303,262,271,175,190,194,0
2,1768494719552,1459,13697,8561,-4101349,-1605353,332310,0,0,0,255,432,164,352,371,368,298,274,260,172,206,181,0
2,1768494719568,5580,6637,5781,-4737870,-1933999,960280,0,0,0,239,426,162,343,368,361,293,289,253,171,208,170,0
2,1768494719584,8901,4106,3072,-4505742,-1378111,785572,0,0,0,235,424,162,343,374,364,293,300,252,167,211,170,0
2,1768494719600,8461,4852,3249,-4557054,-175929,268780,0,0,0,233,424,162,340,375,363,291,306,247,166,219,166,0
2,1768494719616,5364,5321,5915,-5042081,566882,46425,0,0,0,235,424,158,338,378,353,290,313,243,169,228,163,0
2,1768494719632,3962,4335,7887,-5381722,609643,202807,0,0,0,236,423,154,341,380,354,288,317,242,167,229,158,0
2,1768494719648,4541,3335,8758,-5511226,698829,420275,0,0,0,236,424,159,337,371,353,286,320,243,167,230,159,0
2,1768494719664,4924,3024,10064,-5630955,1119105,579100,0,0,0,234,423,159,338,370,353,286,323,240,167,233,156,0
2,1768494719680,4355,2928,12136,-5849645,1496619,740368,0,0,0,231,421,157,341,373,356,289,330,241,166,232,148,0
2,1768494719696,3646,2531,14730,-6148969,1684766,950506,0,0,0,230,421,158,340,372,358,292,336,245,165,231,147,0
2,1768494719712,3417,1856,16807,-6344446,1797165,1067792,0,0,0,230,420,158,340,370,357,294,336,246,167,232,150,0
2,1768494719728,3172,871,19329,-6448293,1980425,1059240,0,0,0,230,420,158,341,367,357,295,334,248,168,231,148,0
2,1768494719744,2770,354,22388,-6456845,2140471,999375,0,0,0,230,420,160,340,364,356,295,326,249,167,228,150,0
2,1768494719760,2450,129,26207,-6530149,2218662,1067792,0,0,0,230,420,159,339,359,354,295,316,248,169,221,153,0
2,1768494719776,2100,-1210,30701,-6757391,2173458,1453859,0,0,0,224,419,153,345,360,359,295,313,246,167,219,152,0
2,1768494719792,2129,-7465,33352,-6924768,2085493,2079385,0,0,0,233,422,155,347,363,362,301,314,252,167,216,149,0
2,1768494719808,2191,-17956,33333,-6723182,1905899,2397035,0,0,0,236,423,157,316,392,348,312,319,261,171,219,151,0
2,1768494719824,3479,-29983,28408,-5911953,1345125,2014633,0,0,0,236,424,157,343,374,362,316,323,266,172,220,153,0
2,1768494719840,3632,-38583,18497,-4195422,1182635,708603,0,0,0,235,427,158,355,374,370,315,326,268,175,226,157,0
2,1768494719856,-2167,-41971,12534,-2298075,1523497,-785572,0,0,0,238,427,160,352,371,371,307,327,264,183,231,159,0
2,1768494719872,-10988,-41306,13050,-580321,1081231,-1800830,0,0,0,237,403,156,346,351,364,347,396,258,233,333,143,0
2,1768494719888,-14620,-35520,18162,1045801,-531452,-1888795,0,0,0,239,362,150,329,317,352,411,455,254,229,365,131,0
2,1768494719904,-8107,-12591,19937,3425732,-3591887,-814894,0,0,0,247,340,150,323,294,355,447,474,257,236,363,136,0
2,1768494719920,1052,6235,14960,5495343,-4910134,447153,0,0,0,258,351,157,340,291,377,474,502,271,319,435,145,0
2,1768494719936,1043,4493,15099,6177069,-2653598,1236391,0,0,0,269,363,164,357,288,391,525,525,293,357,446,154,0
2,1768494719952,-4077,-2656,22837,4856378,-685390,704938,0,0,0,269,385,176,376,304,404,560,560,307,425,487,171,0
2,1768494719968,-2378,-2656,21866,2966361,-541226,-73303,0,0,0,269,414,192,385,327,420,586,586,329,424,501,230,0
2,1768494719984,1660,603,13601,1357342,-653625,-163711,0,0,0,285,460,206,416,367,456,586,586,347,423,497,294,0
2,1768494720000,1454,722,9719,601091,-333532,131946,0,0,0,335,485,225,434,387,460,605,604,363,415,488,342,0
2,1768494720016,421,148,9739,155159,-222354,144164,0,0,0,360,496,230,441,398,460,616,615,354,445,507,361,0
2,1768494720032,320,425,10514,23212,-310319,10995,0,0,0,383,509,251,444,399,460,630,631,362,456,517,364,0
2,1768494720048,526,894,10423,-4886,-311541,-29321,0,0,0,394,520,279,445,399,462,633,634,359,467,525,367,0
2,1768494720064,598,1052,10093,6108,-195476,1221,0,0,0,402,523,291,444,398,459,634,635,352,466,524,365,0
2,1768494720080,536,995,10117,29321,-98960,2443,0,0,0,403,523,288,448,405,464,620,623,377,465,521,362,0
2,1768494720096,492,976,10160,58643,-51312,-12217,0,0,0,406,526,281,455,418,472,617,621,382,451,504,367,0
2,1768494720112,502,995,10131,96516,-18325,-24434,0,0,0,413,532,271,458,425,471,628,628,361,445,489,374,0
2,1768494720128,526,1014,10069,142942,17104,-21991,0,0,0,421,536,263,458,424,465,627,623,357,468,499,374,0
2,1768494720144,559,1000,10031,196698,37873,-18325,0,0,0,434,541,266,463,428,467,622,610,358,480,498,377,0
2,1768494720160,598,938,10007,234572,31764,-21991,0,0,0,440,542,266,471,440,473,614,595,356,445,459,387,0
2,1768494720176,631,875,9978,241902,13439,-30543,0,0,0,437,552,271,469,445,472,603,585,357,354,368,419,0
2,1768494720192,660,842,9973,232128,-6108,-40317,0,0,0,441,556,277,472,449,477,606,579,372,303,307,430,0
2,1768494720208,674,813,9997,234572,-20769,-50090,0,0,0,444,559,280,470,438,478,608,563,372,298,294,432,0
2,1768494720224,670,784,10026,250454,-35430,-61086,0,0,0,444,559,301,474,441,486,600,546,376,306,296,445,0
2,1768494720240,646,765,10064,278554,-43982,-70860,0,0,0,457,569,289,477,451,488,605,539,394,294,268,461,0
2,1768494720256,593,732,10064,312763,-43982,-73303,0,0,0,463,572,280,485,468,490,603,517,388,378,336,467,0
2,1768494720272,631,684,10064,346971,-43982,-73303,0,0,0,474,582,283,485,479,502,594,487,393,432,388,482,0
2,1768494720288,708,607,10088,378736,-54977,-79412,0,0,0,485,590,284,485,480,510,591,467,401,340,287,510,0
2,1768494720304,765,531,10193,419053,-73303,-100181,0,0,0,495,597,283,495,492,521,586,454,409,280,216,534,0
2,1768494720320,708,473,10385,509461,-94073,-124616,0,0,0,503,607,282,509,510,530,568,435,414,284,215,552,0
2,1768494720336,741,406,10509,624304,-98960,-141720,0,0,0,508,616,289,519,522,539,552,415,416,285,212,564,0
2,1768494720352,933,253,10614,788016,-105068,-173485,0,0,0,522,620,285,528,528,550,546,402,421,295,217,573,0
2,1768494720368,981,186,11127,992045,-119729,-223576,0,0,0,539,626,257,534,534,550,539,396,421,360,248,576,0
2,1768494720384,646,311,12122,1257160,-117286,-249233,0,0,0,544,630,239,532,556,549,528,395,419,436,283,576,0
2,1768494720400,287,382,13122,1617571,-120951,-206472,0,0,0,552,630,226,539,569,558,500,393,418,324,228,607,0
2,1768494720416,315,196,13567,2095267,-111177,-134390,0,0,0,563,634,226,555,564,570,460,384,413,338,241,613,0
2,1768494720432,617,43,14132,2662150,-85521,-75747,0,0,0,574,638,218,544,557,568,433,372,407,321,220,620,0
2,1768494720448,1306,-9,15218,3345098,-83077,-109955,0,0,0,577,633,228,548,564,572,365,356,406,318,225,620,0
2,1768494720464,1780,-23,16597,4035375,-107512,-229685,0,0,0,570,627,219,534,555,570,323,328,402,295,215,620,0
2,1768494720480,2421,-43,18449,4783074,-151494,-398284,0,0,0,564,626,218,535,558,560,293,271,411,279,198,603,0
2,1768494720496,3977,-181,21311,5830097,-318871,-695164,0,0,0,548,615,216,529,556,553,275,204,410,256,177,559,0
2,1768494720512,5522,-1287,24838,6921103,-583987,-1036027,0,0,0,525,597,204,521,545,539,257,170,389,250,170,538,0
2,1768494720528,6862,-2761,28566,7814188,-453262,-1373225,0,0,0,479,573,188,497,521,508,259,174,364,246,163,511,0
2,1768494720544,5049,-1813,31844,8273558,-271224,-1687209,0,0,0,404,534,172,455,478,459,274,190,335,228,152,457,0
2,1768494720560,4608,1871,31997,8484918,-368962,-1905899,0,0,0,315,478,162,399,415,409,295,215,304,182,135,331,0
2,1768494720576,7202,7518,28528,8338310,-324980,-2142915,0,0,0,261,434,166,363,370,386,318,250,291,140,125,206,0
2,1768494720592,8686,14941,20263,7462329,-305432,-2524095,0,0,0,269,430,172,367,374,394,318,270,297,144,136,210,0
2,1768494720608,8035,21373,8982,5192354,-393397,-2724458,0,0,0,272,429,173,362,372,388,309,271,285,141,136,207,0
2,1768494720624,4245,23034,6518,467922,-454483,-1773952,0,0,0,262,427,168,357,375,376,310,283,274,140,137,196,0
2,1768494720640,1703,17238,8513,-3360980,-871093,-343306,0,0,0,259,425,168,355,376,371,304,289,266,139,145,190,0
2,1768494720656,3603,8748,7360,-4673119,-1417207,663399,0,0,0,250,426,169,350,386,369,298,301,263,135,151,182,0
2,1768494720672,7499,5183,3431,-4243069,-944397,568104,0,0,0,237,420,159,346,384,366,298,314,256,132,153,172,0
2,1768494720688,7657,5321,2790,-4150218,232128,78190,0,0,0,244,424,162,344,382,359,295,318,251,131,158,165,0
2,1768494720704,3953,6192,6049,-4747644,1036027,-191811,0,0,0,241,424,162,343,381,356,294,321,247,130,159,162,0
2,1768494720720,1966,5589,8504,-5293758,1126435,-112399,0,0,0,239,424,160,339,380,354,286,322,244,128,160,162,0
2,1768494720736,2589,4383,9255,-5488013,1156978,89186,0,0,0,239,422,158,338,378,349,288,332,241,129,163,155,0
2,1768494720752,2876,3852,10246,-5610186,1429424,241902,0,0,0,239,423,158,341,380,350,293,338,242,127,162,147,0
2,1768494720768,2263,3910,12232,-5860641,1795943,409279,0,0,0,238,423,159,342,381,353,295,339,245,126,160,146,0
2,1768494720784,1899,3637,14477,-6197838,1941329,610865,0,0,0,237,420,159,342,377,355,294,341,247,128,161,148,0
2,1768494720800,2014,2957,16649,-6432410,2040289,764803,0,0,0,237,419,161,343,374,358,294,342,249,128,162,149,0
2,1768494720816,2254,2048,18956,-6536258,2163684,817337,0,0,0,237,420,162,341,377,359,296,346,254,130,166,150,0
2,1768494720832,2392,1177,22100,-6594901,2317622,805120,0,0,0,238,421,162,340,371,357,295,340,255,133,164,148,0
2,1768494720848,2632,660,26077,-6707300,2433687,901637,0,0,0,237,421,161,341,370,362,296,327,265,124,152,145,0
2,1768494720864,2665,-162,30442,-6890559,2484999,1303586,0,0,0,230,419,160,342,370,368,302,329,262,133,156,151,0
2,1768494720880,2225,-4709,33802,-7013954,2517986,2097711,0,0,0,233,421,161,344,371,368,307,327,266,127,152,149,0
2,1768494720896,914,-13644,35443,-6867347,2513099,2708576,0,0,0,233,421,158,350,376,367,318,327,266,125,152,148,0
2,1768494720912,215,-27350,31533,-6108652,1819156,2564412,0,0,0,233,425,161,353,378,371,319,332,272,132,156,156,0
2,1768494720928,1732,-39564,22053,-4747644,1058018,1676214,0,0,0,236,426,163,354,379,371,321,333,274,134,157,158,0
2,1768494720944,-33,-47097,11801,-2636494,1111774,-13439,0,0,0,236,415,155,351,363,364,331,365,267,134,162,150,0
2,1768494720960,-9734,-46508,12189,-581543,1196074,-1332907,0,0,0,238,390,157,341,341,360,384,425,264,147,221,138,0
2,1768494720976,-16482,-39660,20325,1502728,-438601,-1430646,0,0,0,243,357,155,320,309,351,439,462,264,172,291,136,0
2,1768494720992,-10189,-15544,22981,4245513,-4238183,-329867,0,0,0,250,348,156,313,300,354,463,472,274,233,365,142,0
2,1768494721008,1517,4522,15912,5812993,-5123937,762359,0,0,0,261,357,162,328,301,372,478,483,281,281,412,147,0
2,1768494721024,713,3656,15975,5722585,-2318844,1448972,0,0,0,271,361,165,350,291,385,503,507,281,326,433,151,0
2,1768494721040,-4666,-1402,19875,4885700,-23212,1236391,0,0,0,271,372,167,366,295,394,535,547,288,421,486,161,0
2,1768494721056,-4326,-2110,20713,3546683,-7330,47647,0,0,0,271,399,177,374,315,407,566,571,300,434,496,187,0
2,1768494721072,1708,76,15333,2356718,-838107,-367740,0,0,0,276,434,198,402,343,431,595,595,330,483,524,245,0
2,1768494721088,2340,95,11490,1254717,-752585,117286,0,0,0,293,461,217,418,363,443,611,612,342,487,531,298,0
2,1768494721104,531,-526,10605,378736,-470366,337197,0,0,0,329,493,233,433,389,459,618,618,350,544,567,330,0
2,1768494721120,-157,-62,10677,68416,-348193,130725,0,0,0,358,507,241,435,398,464,633,634,351,577,584,340,0
2,1768494721136,220,521,10394,40317,-293215,-8552,0,0,0,379,517,254,443,406,470,638,638,354,584,589,349,0
2,1768494721152,559,708,10165,59864,-208915,-9773,0,0,0,381,519,258,446,411,472,643,643,357,583,592,353,0
2,1768494721168,469,646,10155,51312,-107512,13439,0,0,0,390,517,257,442,412,473,640,640,357,579,591,361,0
2,1768494721184,382,646,10160,68416,-54977,4886,0,0,0,405,519,262,448,413,474,637,636,361,569,581,371,0
2,1768494721200,392,722,10150,140499,-35430,-8552,0,0,0,411,521,262,453,416,476,632,630,363,545,551,386,0
2,1768494721216,416,732,10136,218689,-17104,-9773,0,0,0,415,523,259,458,421,481,625,618,361,522,519,401,0
2,1768494721232,435,655,10107,267558,2443,-3665,0,0,0,424,528,262,463,428,485,622,602,363,506,497,412,0
2,1768494721248,469,559,10059,285884,9773,-2443,0,0,0,427,533,262,464,430,485,622,588,365,468,460,421,0
2,1768494721264,488,488,10007,277332,1221,-6108,0,0,0,425,536,260,467,431,484,620,581,368,395,391,432,0
2,1768494721280,488,459,9987,256563,-7330,-13439,0,0,0,421,533,255,459,438,479,619,582,383,299,296,451,0
2,1768494721296,502,454,10011,244346,-14660,-21991,0,0,0,422,537,256,458,438,479,618,567,383,297,285,460,0
2,1768494721312,545,440,10040,250454,-28099,-32986,0,0,0,426,541,258,460,444,483,618,556,383,289,273,463,0
2,1768494721328,569,397,10040,270002,-57421,-50090,0,0,0,442,549,311,466,449,496,616,541,386,285,261,470,0
2,1768494721344,536,349,10021,277332,-85521,-61086,0,0,0,456,558,275,481,458,497,620,534,398,283,241,486,0
2,1768494721360,469,306,10007,273667,-106290,-64751,0,0,0,461,565,268,487,519,473,608,524,409,282,234,499,0
2,1768494721376,449,268,10016,271224,-111177,-65973,0,0,0,476,573,282,486,486,496,613,501,414,400,355,499,0
2,1768494721392,464,234,10069,282219,-105068,-69638,0,0,0,485,576,306,493,488,518,613,495,418,425,367,511,0
2,1768494721408,469,191,10150,326202,-97738,-78190,0,0,0,490,581,298,503,496,525,613,480,429,339,271,537,0
2,1768494721424,483,153,10232,389732,-94073,-87964,0,0,0,501,589,283,506,497,524,608,454,429,285,211,559,0
2,1768494721440,531,100,10346,469144,-97738,-102625,0,0,0,517,598,279,515,507,530,596,430,427,292,210,573,0
2,1768494721456,598,19,10500,565661,-114842,-124616,0,0,0,528,605,278,529,523,542,583,414,435,300,212,581,0
2,1768494721472,650,-76,10892,717155,-124616,-151494,0,0,0,530,608,272,533,532,552,571,396,436,301,209,585,0
2,1768494721488,598,-43,11854,1044579,-31764,-190589,0,0,0,537,611,256,542,543,562,551,381,423,307,213,593,0
2,1768494721504,402,-23,12557,1436755,92851,-211359,0,0,0,549,618,238,554,554,570,530,366,423,317,216,604,0
2,1768494721520,277,-114,12988,1882686,125838,-178372,0,0,0,557,619,226,559,556,569,508,370,428,319,216,615,0
2,1768494721536,660,-272,13783,2378709,8552,-125838,0,0,0,563,623,218,556,562,561,446,353,414,324,221,619,0
2,1768494721552,1268,-339,14797,2967583,-141720,-144164,0,0,0,572,619,224,553,557,561,391,337,419,327,223,618,0
2,1768494721568,1450,-311,15874,3648087,-244346,-270002,0,0,0,576,626,225,547,560,566,349,315,406,306,220,620,0
2,1768494721584,1718,-368,17233,4317595,-245567,-404392,0,0,0,571,623,222,540,560,564,298,265,408,290,209,611,0
2,1768494721600,2526,-478,19387,5153259,-228463,-582765,0,0,0,558,617,224,544,565,559,274,203,409,272,186,584,0
2,1768494721616,3441,-971,22493,6163630,-313984,-792903,0,0,0,535,602,216,527,550,550,263,167,398,256,170,543,0
2,1768494721632,4130,-2100,26039,7134905,-348193,-983493,0,0,0,492,583,195,511,525,524,258,166,376,253,167,517,0
2,1768494721648,5044,-3196,28485,7794640,-171042,-1154535,0,0,0,436,547,173,483,491,483,269,176,347,248,160,484,0
2,1768494721664,4642,-1698,29389,8093964,251676,-1412320,0,0,0,359,499,162,427,438,433,289,193,318,219,146,408,0
2,1768494721680,4402,1631,29188,8074416,389732,-1685988,0,0,0,293,456,167,379,388,399,310,221,303,175,129,304,0
2,1768494721696,5747,8700,23474,7356039,28099,-2025629,0,0,0,269,436,175,364,370,393,323,244,299,146,120,228,0
2,1768494721712,6915,14879,13663,6001140,-384845,-2411695,0,0,0,261,435,171,367,373,389,316,255,291,145,126,210,0
2,1768494721728,6221,18545,6575,3323106,-520457,-2471560,0,0,0,262,430,169,365,376,376,309,260,276,144,130,202,0
2,1768494721744,2742,17831,7666,-806342,-547335,-1600466,0,0,0,259,428,170,357,376,372,304,270,267,143,138,195,0
2,1768494721760,1368,12208,8590,-3810577,-981049,-394618,0,0,0,255,427,175,352,376,373,300,282,266,139,146,186,0
2,1768494721776,4120,6173,5915,-4415333,-1357342,350636,0,0,0,246,426,169,350,378,369,296,298,259,134,152,174,0
2,1768494721792,7298,4225,2742,-4007275,-753807,272445,0,0,0,238,421,164,347,381,370,293,305,255,134,155,172,0
2,1768494721808,6810,4632,2924,-4030488,207694,-37873,0,0,0,235,424,162,342,381,360,294,309,248,131,157,169,0
2,1768494721824,4254,4895,5197,-4423886,778242,-173485,0,0,0,238,424,164,343,383,358,291,316,244,132,161,166,0
2,1768494721840,3029,4465,6800,-4732983,963945,-109955,0,0,0,238,423,161,347,385,356,291,322,243,135,164,161,0
2,1768494721856,3287,4005,7700,-4864930,1172861,46425,0,0,0,239,424,161,344,382,352,290,332,243,134,166,158,0
2,1768494721872,2952,3981,9260,-5028642,1543045,237015,0,0,0,238,424,162,340,380,352,289,340,244,133,171,159,0
2,1768494721888,1923,4101,11337,-5297423,1771509,485026,0,0,0,234,423,161,339,379,353,290,345,245,133,173,159,0
2,1768494721904,1722,3799,13294,-5626068,1780061,784350,0,0,0,231,423,160,337,376,351,291,347,245,131,172,153,0
2,1768494721920,2158,3273,15218,-5913175,1826487,1000597,0,0,0,231,422,160,329,383,349,292,347,245,130,170,149,0
2,1768494721936,2488,2627,17391,-6136752,1988977,1059240,0,0,0,232,421,161,315,398,344,296,348,248,125,167,146,0
2,1768494721952,2364,1761,20267,-6332229,2160019,1031140,0,0,0,230,420,158,339,378,355,296,348,250,130,167,145,0
2,1768494721968,2325,933,23699,-6486167,2252871,1067792,0,0,0,230,421,157,338,377,354,298,340,253,133,168,148,0
2,1768494721984,2263,-325,27872,-6615670,2252871,1407433,0,0,0,231,421,158,342,374,359,299,329,254,129,156,144,0
2,1768494722000,1775,-3594,30969,-6680422,2246762,1981646,0,0,0,236,424,164,343,378,361,300,324,257,129,156,149,0
2,1768494722016,406,-10323,32816,-6577796,2255314,2526538,0,0,0,238,425,163,350,379,366,308,324,261,129,155,149,0
2,1768494722032,-153,-21746,31155,-6090326,1690874,2572964,0,0,0,235,425,160,351,375,367,314,323,266,133,155,158,0
2,1768494722048,2718,-33247,24115,-5115385,890641,1870469,0,0,0,237,428,161,351,378,367,316,325,267,133,156,158,0
2,1768494722064,3862,-41746,13869,-3365867,882089,162490,0,0,0,240,430,163,354,380,368,319,332,272,134,159,159,0
2,1768494722080,-6302,-43263,11040,-1321912,1414763,-1622458,0,0,0,237,420,162,353,371,366,329,376,267,138,182,157,0
2,1768494722096,-14448,-40507,13778,288328,733038,-2101376,0,0,0,236,388,160,340,342,358,379,430,263,151,241,147,0
2,1768494722112,-11146,-24852,20952,2218662,-1852143,-1251052,0,0,0,241,351,160,322,306,354,445,464,266,172,304,139,0
2,1768494722128,-1378,-942,19550,3968180,-4842939,-256563,0,0,0,253,338,163,321,284,366,487,488,271,246,373,146,0
2,1768494722144,3881,9633,13476,5158146,-5496565,482583,0,0,0,266,343,167,343,275,387,522,529,281,393,473,155,0
2,1768494722160,-1718,1335,17927,5400048,-2478891,928515,0,0,0,265,350,166,363,279,397,556,576,297,495,531,151,0
2,1768494722176,-5360,-3613,23598,4371351,-384845,530231,0,0,0,271,376,173,375,296,404,587,590,319,517,541,173,0
2,1768494722192,-1129,-971,18626,2762332,-353080,-19547,0,0,0,275,420,195,396,322,435,614,613,334,518,553,225,0
2,1768494722208,1617,737,12294,1473406,-453262,-3665,0,0,0,282,444,201,426,364,461,616,617,352,534,569,287,0
2,1768494722224,875,28,9983,663399,-282219,178372,0,0,0,313,466,202,446,381,464,625,625,353,529,569,315,0
2,1768494722240,143,-81,10270,261450,-129503,102625,0,0,0,342,485,206,455,410,471,633,633,380,525,569,335,0
2,1768494722256,296,469,10327,106290,-130725,-1221,0,0,0,360,499,211,466,416,478,633,634,365,530,573,349,0
2,1768494722272,559,827,10122,92851,-180816,-19547,0,0,0,373,511,221,474,426,481,642,642,359,536,580,351,0
2,1768494722288,507,746,10122,101403,-153938,0,0,0,0,379,514,221,474,432,482,640,640,361,545,583,361,0
2,1768494722304,435,679,10184,118507,-123394,0,0,0,0,388,517,226,475,434,484,640,640,368,545,577,367,0
2,1768494722320,382,722,10208,144164,-101403,-13439,0,0,0,397,517,226,476,434,485,633,633,373,525,553,383,0
2,1768494722336,373,770,10203,179594,-63529,-19547,0,0,0,407,520,229,475,432,484,627,620,373,511,532,394,0
2,1768494722352,397,727,10160,218689,-15882,-18325,0,0,0,415,528,234,476,435,487,626,610,374,508,521,399,0
2,1768494722368,416,622,10074,230907,3665,-14660,0,0,0,417,531,234,482,443,495,623,600,379,500,507,409,0
2,1768494722384,449,559,9997,223576,7330,-14660,0,0,0,417,533,236,486,448,499,618,585,379,475,476,416,0
2,1768494722400,492,550,9973,207694,-3665,-20769,0,0,0,416,534,233,488,450,498,609,572,377,422,419,426,0
2,1768494722416,531,536,9983,204028,-15882,-30543,0,0,0,418,539,236,486,450,499,605,558,380,406,394,443,0
2,1768494722432,540,507,9997,204028,-31764,-40317,0,0,0,420,545,232,492,455,499,596,565,389,304,298,470,0
2,1768494722448,507,473,9997,201585,-51312,-50090,0,0,0,425,547,229,493,454,499,601,552,387,309,292,475,0
2,1768494722464,464,449,9992,196698,-62308,-53756,0,0,0,430,553,229,499,462,503,605,542,388,300,274,487,0
2,1768494722480,469,440,10031,205250,-63529,-53756,0,0,0,445,560,237,502,475,510,600,531,388,316,271,494,0
2,1768494722496,526,425,10102,232128,-57421,-59864,0,0,0,456,570,245,507,476,521,602,507,394,375,329,501,0
2,1768494722512,555,411,10184,280998,-58643,-73303,0,0,0,459,577,242,510,482,522,610,500,403,324,271,522,0
2,1768494722528,540,387,10246,351858,-73303,-86742,0,0,0,470,584,245,515,497,526,611,487,419,283,221,541,0
2,1768494722544,492,311,10241,430049,-79412,-92851,0,0,0,486,592,244,520,509,534,614,466,424,292,221,558,0
2,1768494722560,512,229,10265,493579,-69638,-100181,0,0,0,497,596,242,530,516,545,611,443,421,296,215,566,0
2,1768494722576,622,138,10461,575435,-63529,-118507,0,0,0,508,599,240,542,530,562,597,421,434,294,209,576,0
2,1768494722592,813,28,10825,722042,-76969,-151494,0,0,0,516,606,225,550,549,577,585,410,440,295,209,595,0
2,1768494722608,808,47,11600,982271,-43982,-208915,0,0,0,523,618,219,560,564,585,564,404,422,300,212,601,0
2,1768494722624,483,110,12447,1315803,4886,-245567,0,0,0,529,625,218,571,573,594,536,397,419,304,211,607,0
2,1768494722640,291,-4,12845,1701870,62308,-222354,0,0,0,534,613,215,579,576,595,518,394,418,319,222,622,0
2,1768494722656,354,-95,13428,2157576,108734,-173485,0,0,0,550,616,222,571,575,575,486,378,414,333,240,628,0
2,1768494722672,861,-196,14390,2695137,75747,-144164,0,0,0,550,620,216,575,576,583,433,376,418,332,248,635,0
2,1768494722688,1569,-301,15625,3334102,20769,-207694,0,0,0,560,611,222,576,573,561,390,349,411,321,228,621,0
2,1768494722704,2234,-181,17544,4164879,-10995,-375071,0,0,0,562,611,220,553,563,563,330,302,416,302,226,619,0
2,1768494722720,3575,-138,20143,5207015,-107512,-635299,0,0,0,546,602,207,544,569,565,296,249,431,275,210,590,0
2,1768494722736,3575,-210,23330,6320011,-377514,-921184,0,0,0,517,594,199,534,565,557,276,186,416,259,186,531,0
2,1768494722752,3799,-1631,26365,7308391,-522900,-1056796,0,0,0,487,578,192,514,535,531,261,163,386,251,175,497,0
2,1768494722768,4656,-3062,28537,8111068,-32986,-1122770,0,0,0,440,545,174,483,493,488,271,172,351,242,167,469,0
2,1768494722784,3838,-1502,30217,8427496,610865,-1291369,0,0,0,359,494,160,429,438,435,297,197,317,220,154,402,0
2,1768494722800,3732,1751,30945,8244237,525344,-1545489,0,0,0,285,449,161,380,387,398,318,237,296,218,161,294,0
2,1768494722816,6269,9930,23723,7260744,-400727,-1910786,0,0,0,253,431,166,365,369,390,326,266,291,210,172,211,0
2,1768494722832,9227,16846,11529,5726250,-1027475,-2299296,0,0,0,249,433,170,365,373,391,316,271,286,153,159,200,0
2,1768494722848,9294,19109,5010,3243694,-800233,-2510656,0,0,0,253,433,167,362,376,377,309,277,271,157,166,191,0
2,1768494722864,4560,17607,7054,-735481,-399505,-2058615,0,0,0,257,429,168,359,380,372,305,283,262,156,171,187,0
2,1768494722880,1876,12983,8083,-3538131,-691499,-1169196,0,0,0,246,425,162,352,377,365,303,294,256,150,172,180,0
2,1768494722896,4144,7336,5202,-4492302,-1191187,-267558,0,0,0,241,422,162,345,374,370,296,306,256,148,177,168,0
2,1768494722912,7633,4781,2163,-4207639,-577878,26878,0,0,0,238,422,161,343,377,362,293,317,250,145,182,167,0
2,1768494722928,7054,4580,2565,-4083023,487470,51312,0,0,0,237,420,162,348,380,361,290,323,249,147,186,165,0
2,1768494722944,3905,4915,5082,-4229630,1170417,171042,0,0,0,237,421,158,344,376,355,292,330,245,148,187,162,0
2,1768494722960,2335,4580,7035,-4489859,1148426,516791,0,0,0,237,422,157,341,375,351,290,331,244,143,189,156,0
2,1768494722976,2675,4192,7906,-4706105,1121548,768468,0,0,0,239,424,159,337,369,347,287,330,243,139,187,150,0
2,1768494722992,2986,4053,9169,-4988325,1334129,917519,0,0,0,236,423,158,337,369,349,289,332,243,138,188,148,0
2,1768494723008,2617,3977,11083,-5321857,1557706,1044579,0,0,0,230,420,157,340,374,354,292,338,244,139,192,149,0
2,1768494723024,2459,3598,13046,-5613851,1596801,1182635,0,0,0,228,420,157,341,375,355,294,342,246,141,194,150,0
2,1768494723040,2747,3000,15060,-5860641,1618792,1276708,0,0,0,230,421,155,343,375,354,294,342,248,143,193,148,0
2,1768494723056,3139,2402,17367,-6070778,1706757,1262047,0,0,0,231,420,157,340,374,354,294,341,251,142,193,148,0
2,1768494723072,3302,1818,20708,-6352998,1863138,1161865,0,0,0,231,419,156,342,373,355,297,338,253,141,186,146,0
2,1768494723088,3330,1134,24694,-6621779,1998751,1128878,0,0,0,232,420,160,342,371,358,295,329,250,138,180,144,0
2,1768494723104,3158,62,28939,-6783047,2072054,1321912,0,0,0,234,418,158,343,368,360,298,323,250,143,179,151,0
2,1768494723120,2402,-3962,32715,-6888116,2122145,1881464,0,0,0,235,420,155,345,373,360,304,324,255,140,177,148,0
2,1768494723136,880,-11299,34797,-6867347,2138028,2337170,0,0,0,236,424,159,350,373,364,314,322,265,140,174,148,0
2,1768494723152,727,-23819,31988,-6335894,1492954,2223549,0,0,0,232,425,157,352,376,368,319,326,270,144,177,154,0
2,1768494723168,3393,-36147,23168,-5119050,806342,1293812,0,0,0,234,427,160,354,377,371,320,331,274,146,180,160,0
2,1768494723184,1727,-43919,13256,-3170390,1045801,-417831,0,0,0,234,427,161,354,379,372,319,332,271,146,182,159,0
2,1768494723200,-10117,-44369,11600,-1007927,1310916,-1811826,0,0,0,231,423,155,352,375,368,331,390,261,155,211,149,0
2,1768494723216,-16314,-39358,15137,772133,149051,-1887573,0,0,0,232,392,153,339,346,359,379,448,257,162,261,138,0
2,1768494723232,-9863,-22474,22115,2603507,-2158797,-985936,0,0,0,239,352,155,323,306,353,428,465,257,202,333,136,0
2,1768494723248,1067,2871,18458,4465424,-4564385,-80634,0,0,0,251,349,158,325,289,364,451,488,259,298,419,138,0
2,1768494723264,3517,8528,13443,5541769,-4626693,476474,0,0,0,260,355,161,341,286,382,490,515,273,366,455,146,0
2,1768494723280,-1526,253,16898,5373170,-2144136,779464,0,0,0,268,362,164,358,286,393,518,536,279,400,476,152,0
2,1768494723296,-3972,-2976,20287,4454429,-587652,481361,0,0,0,275,385,168,376,301,400,554,554,304,337,448,177,0
2,1768494723312,-727,-555,18147,3277902,-712268,-79412,0,0,0,276,417,189,396,334,425,588,588,330,379,471,239,0
2,1768494723328,1416,28,13381,1968207,-788016,7330,0,0,0,292,449,201,424,368,446,624,624,342,516,567,299,0
2,1768494723344,823,-1110,11203,833220,-463035,172263,0,0,0,327,488,200,446,400,466,631,632,352,504,565,363,0
2,1768494723360,100,-813,10734,196698,-239459,109955,0,0,0,358,506,208,451,418,473,643,642,369,500,560,390,0
2,1768494723376,172,124,10409,24434,-173485,9773,0,0,0,369,511,208,459,430,474,609,617,405,509,569,389,0
2,1768494723392,502,512,10193,73303,-151494,-10995,0,0,0,379,517,212,469,430,477,641,644,395,526,583,393,0
2,1768494723408,540,349,10174,63529,-78190,6108,0,0,0,386,520,217,468,429,480,658,658,388,516,570,403,0
2,1768494723424,478,320,10174,52534,-32986,2443,0,0,0,391,522,220,467,431,482,651,652,386,513,550,406,0
2,1768494723440,445,406,10141,81855,-18325,-13439,0,0,0,395,524,220,475,434,484,645,644,379,526,551,403,0
2,1768494723456,464,430,10136,139277,-2443,-19547,0,0,0,399,522,218,485,438,486,641,637,371,523,559,407,0
2,1768494723472,483,402,10145,195476,18325,-23212,0,0,0,402,520,216,485,446,489,631,626,368,506,536,418,0
2,1768494723488,492,354,10102,229685,26878,-23212,0,0,0,402,521,220,478,441,488,624,615,370,483,506,430,0
2,1768494723504,521,311,10035,254119,19547,-24434,0,0,0,404,521,226,474,433,487,618,603,369,427,443,443,0
2,1768494723520,559,248,9987,262672,2443,-29321,0,0,0,413,528,230,477,437,491,631,590,379,462,475,439,0
2,1768494723536,574,191,9968,246789,-15882,-35430,0,0,0,410,532,220,477,441,491,618,588,382,388,389,458,0
2,1768494723552,583,167,9987,227241,-34208,-41538,0,0,0,408,537,211,477,445,491,606,587,385,314,303,477,0
2,1768494723568,579,153,10002,217468,-53756,-47647,0,0,0,423,532,215,484,444,490,613,577,386,298,282,500,0
2,1768494723584,559,138,9997,213802,-73303,-52534,0,0,0,430,536,216,492,454,507,604,562,383,298,277,508,0
2,1768494723600,536,110,10011,216246,-84299,-53756,0,0,0,438,544,218,499,462,505,609,552,385,294,263,514,0
2,1768494723616,512,71,10059,230907,-80634,-53756,0,0,0,450,551,220,503,474,513,614,547,395,291,245,523,0
2,1768494723632,497,38,10098,243124,-72082,-52534,0,0,0,458,556,219,522,483,520,614,530,401,328,268,527,0
2,1768494723648,516,9,10122,261450,-64751,-52534,0,0,0,465,565,221,529,488,519,618,498,396,411,347,528,0
2,1768494723664,583,-9,10155,289550,-67195,-58643,0,0,0,473,577,227,520,494,524,618,464,393,455,392,529,0
2,1768494723680,665,-47,10208,333532,-80634,-76969,0,0,0,483,587,233,519,504,540,607,439,400,447,379,539,0
2,1768494723696,737,-124,10308,393397,-98960,-111177,0,0,0,497,592,236,536,517,556,597,421,410,442,366,559,0
2,1768494723712,741,-181,10514,496022,-124616,-155159,0,0,0,509,599,228,550,530,566,590,403,423,433,355,571,0
2,1768494723728,713,-224,10906,678060,-109955,-194255,0,0,0,519,605,221,558,541,577,573,389,434,434,347,587,0
2,1768494723744,617,-282,11682,1029918,-8552,-222354,0,0,0,525,606,218,561,547,576,541,371,421,427,337,611,0
2,1768494723760,660,-363,12361,1440420,106290,-234572,0,0,0,537,615,222,574,556,581,511,359,424,426,335,626,0
2,1768494723776,583,-315,13366,1881464,183259,-235793,0,0,0,553,610,222,567,555,570,478,348,424,413,323,636,0
2,1768494723792,890,-306,14367,2305405,122173,-232128,0,0,0,553,609,218,564,552,570,446,341,424,409,332,646,0
2,1768494723808,1249,-311,15429,2866179,-40317,-260228,0,0,0,561,607,219,552,556,571,392,321,416,373,314,640,0
2,1768494723824,1564,-291,16908,3705508,-175929,-334754,0,0,0,565,612,217,549,561,556,343,295,408,346,289,630,0
2,1768494723840,2354,-196,18750,4609589,-226020,-467922,0,0,0,558,604,209,535,558,549,302,236,405,314,253,613,0
2,1768494723856,3201,-157,21138,5626068,-251676,-689055,0,0,0,536,589,208,529,553,544,283,179,404,287,210,567,0
2,1768494723872,3077,-335,24685,6897890,-254119,-884532,0,0,0,500,569,202,521,534,534,276,157,394,274,190,530,0
2,1768494723888,4044,-1521,27657,7804414,12217,-928515,0,0,0,448,545,178,493,499,502,293,203,359,267,187,492,0
2,1768494723904,2981,-1186,31189,8354193,477696,-1091005,0,0,0,378,505,162,439,444,451,308,233,321,254,185,429,0
2,1768494723920,2297,1249,32242,8448266,166155,-1301142,0,0,0,303,458,167,383,383,406,303,212,303,232,197,335,0
2,1768494723936,6087,7657,26116,7929030,-474031,-1535715,0,0,0,249,438,165,361,363,387,321,247,292,209,225,214,0
2,1768494723952,8389,14649,16113,6856351,-668286,-1875356,0,0,0,247,434,161,363,365,390,319,256,296,209,235,207,0
2,1768494723968,8250,20210,7346,4464203,-558330,-2302961,0,0,0,250,440,165,361,368,382,307,257,278,208,241,200,0
2,1768494723984,4694,20799,7279,-25656,-368962,-2200336,0,0,0,251,441,165,349,368,371,303,261,266,210,246,200,0
2,1768494724000,1574,15357,8786,-3480710,-658512,-1523497,0,0,0,244,438,164,341,367,367,298,269,257,204,247,189,0
2,1768494724016,2077,7891,7293,-4604702,-1346346,-695164,0,0,0,235,433,164,341,369,365,293,276,254,204,255,187,0
2,1768494724032,6207,4484,3752,-4168544,-1406211,-291993,0,0,0,240,429,164,342,366,370,289,283,251,206,263,183,0
2,1768494724048,8356,4632,2737,-4020715,-586430,-266337,0,0,0,236,428,161,339,366,361,289,288,247,209,272,180,0
2,1768494724064,6867,5704,4723,-4459316,481361,-277332,0,0,0,234,426,160,340,369,356,289,295,241,209,279,173,0
2,1768494724080,4163,5350,7800,-5169141,945619,36651,0,0,0,232,426,157,339,369,353,288,303,239,209,283,167,0
2,1768494724096,3852,4063,9284,-5574756,983493,444709,0,0,0,229,424,157,338,369,351,288,311,241,210,290,164,0
2,1768494724112,4422,3072,10074,-5695707,1188743,697608,0,0,0,230,423,161,338,370,351,289,317,240,211,297,162,0
2,1768494724128,4096,2689,11572,-5792224,1459967,869872,0,0,0,229,422,157,335,368,348,287,320,236,211,299,160,0
2,1768494724144,3546,2713,13572,-5955936,1584584,1023810,0,0,0,227,420,155,337,369,350,289,323,238,208,297,154,0
2,1768494724160,3723,2498,15841,-6221051,1646892,1142317,0,0,0,229,421,155,338,368,351,288,324,240,211,301,156,0
2,1768494724176,3962,1861,18549,-6487388,1814269,1177748,0,0,0,231,421,155,335,360,348,286,319,245,210,300,157,0
2,1768494724192,3876,942,21674,-6632774,2034181,1174082,0,0,0,230,420,151,338,363,348,286,318,239,210,294,153,0
2,1768494724208,3761,105,25403,-6729291,2190562,1312138,0,0,0,231,421,155,337,360,346,289,320,240,211,289,153,0
2,1768494724224,3718,-1378,29466,-6841690,2233323,1805717,0,0,0,233,417,154,340,356,349,295,314,245,211,281,151,0
2,1768494724240,3847,-6432,31691,-6860016,2282192,2603507,0,0,0,233,417,155,344,359,359,302,311,252,219,283,159,0
2,1768494724256,3354,-15242,32739,-6572909,2309070,3105638,0,0,0,235,419,156,347,361,363,311,313,261,218,281,157,0
2,1768494724272,3000,-25393,30437,-5883853,1865582,2877175,0,0,0,234,421,157,351,364,367,318,316,270,218,285,157,0
2,1768494724288,3196,-35544,21249,-4428772,1275486,1676214,0,0,0,232,424,156,323,386,353,319,315,273,222,289,160,0
2,1768494724304,134,-41143,13328,-2720793,1295034,103847,0,0,0,232,425,155,323,383,353,316,314,270,224,290,162,0
2,1768494724320,-7212,-42344,11567,-850324,1144761,-1381777,0,0,0,237,426,159,349,363,365,310,318,262,220,292,159,0
2,1768494724336,-10236,-38554,13070,823446,227241,-1924225,0,0,0,240,410,160,344,350,360,334,375,253,238,339,145,0
2,1768494724352,-7207,-26326,16759,2399478,-907745,-1624901,0,0,0,237,363,152,324,313,351,393,479,248,296,430,127,0
2,1768494724368,-1914,4398,21162,3739716,-2971248,-233350,0,0,0,243,331,154,309,285,350,428,494,251,338,449,130,0
2,1768494724384,2043,16659,14879,4685336,-3925420,1274264,0,0,0,256,345,161,328,294,372,470,503,270,342,445,149,0
2,1768494724400,-1646,3350,14711,5545434,-2075720,1833817,0,0,0,262,347,163,345,282,381,500,535,275,405,490,150,0
2,1768494724416,-6231,-5374,21033,5242445,-645073,1108109,0,0,0,276,379,165,376,297,402,548,548,300,371,463,176,0
2,1768494724432,-3216,-2359,21890,3729943,-680503,-232128,0,0,0,282,411,190,399,325,430,572,572,322,382,483,237,0
2,1768494724448,1890,402,15587,2079385,-712268,-212581,0,0,0,292,451,207,425,367,450,593,594,352,401,492,302,0
2,1768494724464,2033,-76,11203,831998,-452040,175929,0,0,0,332,477,218,438,396,461,618,617,371,414,492,357,0
2,1768494724480,38,-770,10040,200363,-223576,252898,0,0,0,367,494,223,447,416,473,634,634,373,427,489,393,0
2,1768494724496,62,105,10437,140499,-188146,28099,0,0,0,400,513,231,453,420,477,643,643,383,437,487,423,0
2,1768494724512,598,693,10385,149051,-178372,-40317,0,0,0,420,526,239,454,450,468,639,639,391,441,482,438,0
2,1768494724528,703,674,10150,141720,-138055,-8552,0,0,0,432,530,246,456,460,471,636,636,395,442,474,443,0
2,1768494724544,526,526,10098,145385,-101403,1221,0,0,0,447,533,254,463,433,488,643,636,394,442,463,454,0
2,1768494724560,464,550,10169,167377,-73303,-12217,0,0,0,454,539,264,471,438,488,638,621,386,446,446,464,0
2,1768494724576,540,626,10222,224798,-32986,-21991,0,0,0,456,541,265,478,444,493,634,609,388,426,403,470,0
2,1768494724592,583,593,10203,293215,-1221,-26878,0,0,0,453,546,260,487,447,501,636,592,387,301,311,494,0
2,1768494724608,545,478,10088,322536,12217,-32986,0,0,0,468,553,262,493,447,501,624,571,383,301,299,506,0
2,1768494724624,540,397,9978,288328,17104,-31764,0,0,0,468,550,257,495,450,508,608,562,383,304,299,512,0
2,1768494724640,593,363,9935,218689,4886,-26878,0,0,0,470,554,259,498,458,510,614,555,389,300,290,515,0
2,1768494724656,636,349,9940,158824,-29321,-26878,0,0,0,473,561,257,496,453,510,608,550,388,297,285,514,0
2,1768494724672,636,330,9949,122173,-63529,-32986,0,0,0,470,561,255,497,454,509,604,549,384,296,287,508,0
2,1768494724688,588,306,9944,86742,-83077,-37873,0,0,0,467,566,254,498,456,507,605,544,383,294,286,507,0
2,1768494724704,559,325,9978,63529,-83077,-37873,0,0,0,467,566,255,500,465,514,604,531,384,297,285,512,0
2,1768494724720,579,382,10078,83077,-75747,-37873,0,0,0,475,569,259,498,474,514,605,515,390,315,300,517,0
2,1768494724736,588,387,10122,138055,-70860,-40317,0,0,0,484,576,265,490,477,514,609,494,400,364,334,526,0
2,1768494724752,607,339,10117,190589,-70860,-45204,0,0,0,492,583,268,490,485,523,606,478,407,347,296,537,0
2,1768494724768,655,268,10102,235793,-70860,-57421,0,0,0,502,592,278,498,495,525,598,465,406,286,220,548,0
2,1768494724784,717,215,10150,278554,-78190,-83077,0,0,0,509,602,287,505,500,522,593,446,399,292,215,563,0
2,1768494724800,780,201,10294,344527,-113620,-118507,0,0,0,517,612,272,515,508,526,587,423,405,295,213,574,0
2,1768494724816,851,186,10519,471587,-178372,-166155,0,0,0,527,613,266,534,526,542,574,404,409,299,214,592,0
2,1768494724832,1062,105,10873,638965,-223576,-226020,0,0,0,535,620,257,541,540,562,567,398,419,298,214,602,0
2,1768494724848,1119,57,11753,929736,-249233,-320093,0,0,0,547,630,247,545,562,563,548,389,425,306,214,603,0
2,1768494724864,291,196,12969,1404990,-226020,-345749,0,0,0,555,632,245,559,569,571,511,381,430,317,219,606,0
2,1768494724880,-167,162,13505,1913229,-193033,-257785,0,0,0,575,634,237,564,573,578,470,374,417,313,213,613,0
2,1768494724896,-100,-43,13936,2483778,-163711,-113620,0,0,0,568,628,231,562,574,583,427,366,411,313,214,612,0
2,1768494724912,938,-162,15051,3211929,-85521,-51312,0,0,0,575,627,231,549,560,569,373,354,415,321,232,618,0
2,1768494724928,1837,-14,16740,3853337,4886,-182037,0,0,0,575,627,230,542,563,561,326,326,411,312,223,618,0
2,1768494724944,2479,-28,19052,4654793,-46425,-409279,0,0,0,571,619,220,534,567,554,291,271,413,289,203,606,0
2,1768494724960,3441,-81,21794,5694485,-186924,-678060,0,0,0,555,602,212,529,556,542,272,203,410,281,185,560,0
2,1768494724976,4288,-516,25436,6812369,-361632,-937067,0,0,0,518,587,208,520,539,531,261,163,391,271,168,512,0
2,1768494724992,5441,-1488,28992,7767762,-386066,-1149648,0,0,0,469,565,190,491,508,504,257,169,365,245,159,495,0
2,1768494725008,5288,-588,31342,8461705,-208915,-1423316,0,0,0,397,522,170,451,459,455,275,188,334,230,151,447,0
2,1768494725024,3642,2794,32840,8735372,-323758,-1672549,0,0,0,303,467,166,384,405,413,301,226,311,188,138,337,0
2,1768494725040,6068,7877,30193,8423831,-582765,-1811826,0,0,0,239,430,166,324,406,372,327,283,298,140,142,205,0
2,1768494725056,10318,17535,18353,7086036,-566882,-2144136,0,0,0,245,432,171,365,378,394,316,287,294,144,149,208,0
2,1768494725072,9193,24192,8068,3704286,-197920,-2502104,0,0,0,251,432,170,359,378,378,309,288,270,143,152,197,0
2,1768494725088,3594,23349,8413,-476474,-255341,-2069611,0,0,0,247,430,172,350,377,370,306,295,263,143,152,194,0
2,1768494725104,224,15817,10346,-3523470,-1103222,-867428,0,0,0,242,425,168,346,381,367,302,302,259,139,154,186,0
2,1768494725120,4551,8389,5982,-4015828,-1748296,197920,0,0,0,241,424,168,346,378,366,296,307,255,134,152,179,0
2,1768494725136,8671,6010,2211,-3810577,-1106887,444709,0,0,0,242,422,167,343,375,364,295,310,251,132,152,175,0
2,1768494725152,7231,6360,3321,-4045149,270002,263893,0,0,0,240,422,168,343,377,367,292,315,246,130,155,174,0
2,1768494725168,4158,6298,6058,-4536285,880867,262672,0,0,0,239,422,169,340,384,365,292,325,247,130,162,173,0
2,1768494725184,3196,5379,7877,-5033529,830776,449596,0,0,0,239,422,168,338,389,361,294,333,251,133,168,171,0
2,1768494725200,4455,4513,8619,-5420818,996932,546113,0,0,0,236,421,166,340,388,361,295,335,251,133,168,167,0
2,1768494725216,4436,4197,10117,-5789780,1409876,543670,0,0,0,230,418,163,341,383,360,297,340,250,129,166,160,0
2,1768494725232,3330,3833,12438,-6173404,1689653,602313,0,0,0,234,419,163,342,382,358,297,343,246,133,167,153,0
2,1768494725248,2742,3182,14711,-6462954,1792278,731816,0,0,0,239,418,163,346,385,359,302,348,250,149,178,147,0
2,1768494725264,2871,2555,16898,-6604674,1872912,852767,0,0,0,238,418,162,343,382,356,302,348,249,127,167,148,0
2,1768494725280,3005,2163,20306,-6735400,2102598,926071,0,0,0,235,414,160,344,381,356,303,345,249,133,172,147,0
2,1768494725296,2981,1689,24249,-6895446,2327396,1026253,0,0,0,236,416,162,344,382,358,306,345,251,133,166,147,0
2,1768494725312,2584,430,28944,-7057936,2453234,1408655,0,0,0,237,417,162,346,373,361,299,335,252,136,165,151,0
2,1768494725328,1880,-2890,32873,-7138571,2483778,2130697,0,0,0,235,417,162,342,376,361,309,336,258,129,160,151,0
2,1768494725344,808,-9791,35295,-7031058,2469117,2869844,0,0,0,242,420,163,357,377,364,318,337,267,129,156,150,0
2,1768494725360,-421,-19841,35419,-6644992,2096489,3101973,0,0,0,238,422,163,356,377,370,324,336,274,130,155,154,0
2,1768494725376,1832,-32347,28193,-5594303,1098335,2322509,0,0,0,236,424,166,352,375,373,325,338,276,171,179,163,0
2,1768494725392,3120,-42512,17257,-3864333,807563,668286,0,0,0,237,427,169,353,377,375,323,340,277,161,174,164,0
2,1768494725408,-5226,-45742,12108,-1734857,1248608,-1238834,0,0,0,241,428,170,353,380,374,319,342,274,131,161,157,0
2,1768494725424,-12529,-43799,12553,-72082,769690,-1986533,0,0,0,240,423,167,353,377,372,334,382,267,136,191,142,0
2,1768494725440,-10026,-34223,15372,1678657,-623082,-1662775,0,0,0,234,395,157,343,349,365,385,448,265,159,262,130,0
2,1768494725456,-1832,-11514,20847,3302337,-2199114,-935845,0,0,0,241,340,150,321,296,353,446,471,270,231,355,141,0
2,1768494725472,5096,14716,18870,4499633,-3922976,35430,0,0,0,249,337,157,324,285,365,470,500,262,360,452,144,0
2,1768494725488,1775,7925,13744,5786115,-3349984,913854,0,0,0,267,353,167,346,283,384,525,525,281,341,455,163,0
2,1768494725504,-4173,-4221,20090,5860641,-1455080,1059240,0,0,0,273,374,164,375,300,391,557,557,287,397,484,167,0
2,1768494725520,-3455,-3709,22474,4279721,-752585,320093,0,0,0,280,408,186,389,319,418,582,582,318,417,495,219,0
2,1768494725536,411,157,17080,2503325,-621860,-84299,0,0,0,285,449,195,426,361,445,614,614,327,484,539,275,0
2,1768494725552,1813,617,11217,1207069,-469144,90408,0,0,0,307,484,210,436,391,457,623,623,349,493,542,322,0
2,1768494725568,512,-737,10227,405614,-294437,167377,0,0,0,333,504,220,450,410,474,634,634,360,495,542,357,0
2,1768494725584,14,-306,10581,89186,-215024,54977,0,0,0,354,511,228,457,421,485,640,640,360,490,539,374,0
2,1768494725600,392,588,10476,90408,-172263,-21991,0,0,0,374,515,232,452,459,481,638,637,369,486,535,391,0
2,1768494725616,583,689,10160,114842,-108734,-3665,0,0,0,392,524,235,457,460,480,643,642,373,484,527,406,0
2,1768494725632,588,569,10078,141720,-63529,6108,0,0,0,408,530,238,467,438,488,648,647,367,475,510,418,0
2,1768494725648,516,540,10145,185703,-75747,-12217,0,0,0,421,530,241,470,443,494,643,636,367,473,498,430,0
2,1768494725664,483,579,10179,232128,-74525,-24434,0,0,0,432,541,254,474,442,495,640,620,373,483,499,437,0
2,1768494725680,492,574,10184,279776,-36651,-29321,0,0,0,438,544,254,480,449,493,636,603,377,435,442,444,0
2,1768494725696,512,473,10131,306654,3665,-31764,0,0,0,444,544,239,485,457,501,624,590,378,313,306,487,0
2,1768494725712,502,392,10069,310319,28099,-36651,0,0,0,449,554,236,498,474,508,624,575,389,312,282,500,0
2,1768494725728,516,363,10045,295658,37873,-41538,0,0,0,451,548,236,496,482,508,611,546,386,307,266,505,0
2,1768494725744,569,344,10045,290771,40317,-46425,0,0,0,455,563,239,495,486,505,602,525,386,317,261,517,0
2,1768494725760,641,311,10050,291993,23212,-54977,0,0,0,456,560,240,498,490,510,599,509,392,285,226,525,0
2,1768494725776,703,258,10054,294437,-10995,-69638,0,0,0,464,565,244,498,494,512,603,501,402,279,218,540,0
2,1768494725792,650,201,10064,300545,-61086,-84299,0,0,0,468,571,243,507,502,524,600,480,403,285,220,543,0
2,1768494725808,569,153,10054,307876,-92851,-86742,0,0,0,475,578,239,507,503,529,600,463,400,285,217,549,0
2,1768494725824,540,110,10045,311541,-96516,-81855,0,0,0,485,587,240,507,505,531,601,448,399,287,214,556,0
2,1768494725840,559,62,10083,318871,-97738,-80634,0,0,0,494,591,243,513,518,538,595,431,401,294,214,563,0
2,1768494725856,583,19,10189,351858,-97738,-85521,0,0,0,507,593,247,515,525,544,586,418,406,299,216,570,0
2,1768494725872,607,-4,10265,416610,-87964,-96516,0,0,0,525,601,258,515,520,544,582,407,406,300,212,581,0
2,1768494725888,674,-86,10289,497244,-67195,-109955,0,0,0,536,606,265,525,522,549,584,393,407,299,207,593,0
2,1768494725904,746,-167,10461,601091,-34208,-140499,0,0,0,527,605,238,538,524,559,588,393,422,301,210,593,0
2,1768494725920,813,-234,10748,734260,-34208,-172263,0,0,0,538,612,229,547,539,565,568,380,434,301,213,601,0
2,1768494725936,818,-277,11251,939510,-39095,-207694,0,0,0,541,611,221,548,539,565,549,364,419,309,213,611,0
2,1768494725952,665,-282,11978,1199739,-8552,-239459,0,0,0,549,616,217,558,552,573,517,367,434,314,213,621,0
2,1768494725968,473,-296,12672,1528384,29321,-239459,0,0,0,553,618,221,564,567,567,492,358,433,314,212,616,0
2,1768494725984,478,-373,13261,1936442,25656,-204028,0,0,0,562,614,222,566,562,578,455,343,455,362,277,635,0
2,1768494726000,971,-473,14213,2498438,-26878,-179594,0,0,0,567,618,225,561,556,570,425,337,442,328,234,629,0
2,1768494726016,1608,-497,15391,3109304,-96516,-235793,0,0,0,569,615,222,560,564,563,383,322,422,310,209,621,0
2,1768494726032,1938,-488,17209,3952298,-174707,-399505,0,0,0,572,614,216,541,561,554,327,281,423,298,203,618,0
2,1768494726048,2517,-469,19492,4915021,-201585,-565661,0,0,0,563,607,214,541,557,552,292,222,430,283,190,594,0
2,1768494726064,4091,-641,23062,6156299,-255341,-830776,0,0,0,535,588,209,541,546,548,278,179,425,264,171,541,0
2,1768494726080,5331,-1598,26905,7188662,-311541,-1102000,0,0,0,493,565,192,519,523,535,268,168,402,247,160,493,0
2,1768494726096,5317,-2325,30385,8042651,-123394,-1364672,0,0,0,439,541,173,495,492,510,268,165,358,241,157,469,0
2,1768494726112,4312,-526,31840,8587543,157603,-1555262,0,0,0,361,499,163,438,439,450,289,188,321,213,143,395,0
2,1768494726128,5661,2306,31773,8692612,393397,-1745852,0,0,0,252,438,171,372,379,404,316,238,304,156,130,246,0
2,1768494726144,5996,10581,25958,7808079,226020,-2191784,0,0,0,277,429,169,373,370,397,337,267,309,151,138,215,0
2,1768494726160,5733,18525,14161,6031683,-514348,-2647489,0,0,0,274,427,168,367,373,388,322,285,290,145,144,204,0
2,1768494726176,6331,21651,6054,3060434,-984714,-2741563,0,0,0,260,424,170,356,396,376,311,288,274,147,150,204,0
2,1768494726192,3685,18937,6925,-1372003,-768468,-2035402,0,0,0,251,423,166,352,385,370,307,289,267,143,149,198,0
2,1768494726208,1115,12342,8107,-3987728,-1051909,-999375,0,0,0,246,423,165,349,385,369,303,293,257,140,151,190,0
2,1768494726224,2770,6365,5675,-4408003,-1690874,-124616,0,0,0,243,424,166,346,385,365,300,301,251,136,154,181,0
2,1768494726240,7580,4637,2191,-3957185,-1326799,147829,0,0,0,239,422,164,344,389,361,296,312,247,135,160,174,0
2,1768494726256,8533,5034,2244,-3977954,-172263,102625,0,0,0,239,421,162,344,388,360,292,321,244,135,164,173,0
2,1768494726272,5795,5503,5010,-4412890,763581,141720,0,0,0,239,421,165,342,386,359,293,330,247,132,163,169,0
2,1768494726288,3938,4919,7485,-4957782,858876,476474,0,0,0,239,421,164,341,387,355,291,332,249,129,165,162,0
2,1768494726304,4422,3933,8566,-5358509,846659,803898,0,0,0,238,421,159,341,387,352,289,332,244,131,167,157,0
2,1768494726320,4934,3101,9585,-5602855,1149648,966388,0,0,0,237,420,159,342,385,352,296,338,239,133,167,154,0
2,1768494726336,4503,2694,11131,-5782450,1448972,1053131,0,0,0,236,419,159,342,381,352,298,344,240,132,170,152,0
2,1768494726352,4091,2603,13352,-6039013,1633453,1130100,0,0,0,237,417,160,342,384,353,298,359,244,127,178,148,0
2,1768494726368,4235,2488,15702,-6350555,1795943,1143539,0,0,0,232,416,155,343,380,358,297,360,241,127,179,147,0
2,1768494726384,4422,1995,18645,-6717074,2070833,1047023,0,0,0,238,416,161,339,378,350,296,360,245,135,185,155,0
2,1768494726400,3881,923,22335,-6974859,2344500,910189,0,0,0,237,415,158,341,379,353,296,357,244,134,184,151,0
2,1768494726416,3263,-162,26685,-7077484,2471560,935845,0,0,0,235,414,158,342,374,354,300,353,248,129,174,149,0
2,1768494726432,2727,-1555,30887,-7075041,2434908,1342681,0,0,0,235,414,159,342,372,357,301,349,251,128,171,149,0
2,1768494726448,2368,-6862,34261,-7006624,2415361,2171015,0,0,0,240,416,161,345,368,360,311,346,260,132,170,152,0
2,1768494726464,1737,-16357,35687,-6726848,2339613,2658485,0,0,0,239,419,163,343,374,363,319,349,267,130,166,153,0
2,1768494726480,2584,-28987,30610,-5878967,1644449,2214997,0,0,0,240,422,165,347,374,367,322,350,274,132,168,157,0
2,1768494726496,3474,-40157,19995,-4387234,1196074,999375,0,0,0,242,424,166,351,370,371,322,349,278,131,168,158,0
2,1768494726512,-1665,-45613,11753,-2453234,1567480,-602313,0,0,0,242,423,166,352,372,373,323,352,277,127,167,155,0
2,1768494726528,-11261,-44967,12299,-507018,1312138,-1587027,0,0,0,238,417,163,353,370,374,340,386,272,132,192,146,0
2,1768494726544,-13079,-38477,15199,1295034,-17104,-1707979,0,0,0,231,386,154,342,345,365,397,449,262,153,260,131,0
2,1768494726560,-6551,-13797,22014,2934596,-2141693,-896750,0,0,0,241,330,148,317,292,344,463,469,258,204,342,137,0
2,1768494726576,1215,14371,19899,4250400,-4579045,620639,0,0,0,256,333,158,323,289,363,472,482,282,256,413,145,0
2,1768494726592,1296,12443,12495,5321857,-3976732,1797165,0,0,0,266,334,162,343,275,379,466,517,318,350,468,151,0
2,1768494726608,-5661,-2000,19037,5551543,-1147204,1510058,0,0,0,272,358,168,354,275,387,563,563,282,433,501,161,0
2,1768494726624,-5522,-4948,23340,4345695,-178372,185703,0,0,0,277,388,177,379,302,404,579,579,310,438,501,189,0
2,1768494726640,1220,14,17803,2670702,-610865,-475253,0,0,0,269,415,186,401,330,436,601,601,339,482,533,240,0
2,1768494726656,2665,990,11490,1468520,-638965,100181,0,0,0,292,454,201,427,372,449,619,619,350,473,542,308,0
2,1768494726672,837,-512,10308,690277,-425162,346971,0,0,0,320,486,223,441,396,469,634,635,371,469,542,339,0
2,1768494726688,-62,-612,10815,228463,-273667,164933,0,0,0,348,506,231,452,405,469,646,645,373,476,544,359,0
2,1768494726704,550,559,10442,103847,-241902,-10995,0,0,0,360,515,233,462,413,471,650,650,366,479,545,372,0
2,1768494726720,808,894,10083,114842,-199142,-6108,0,0,0,371,520,242,466,422,477,648,649,363,480,543,379,0
2,1768494726736,693,708,10083,127059,-139277,13439,0,0,0,385,524,246,466,430,483,650,648,366,480,537,385,0
2,1768494726752,593,636,10150,144164,-109955,-1221,0,0,0,395,529,241,468,433,487,656,645,372,481,528,391,0
2,1768494726768,569,708,10193,184481,-87964,-23212,0,0,0,406,535,241,470,436,485,651,631,375,478,514,401,0
2,1768494726784,593,727,10193,260228,-39095,-29321,0,0,0,416,535,238,480,446,484,642,612,379,456,476,415,0
2,1768494726800,631,650,10150,337197,-3665,-35430,0,0,0,420,540,237,483,452,484,627,584,380,456,456,421,0
2,1768494726816,631,521,10045,361632,1221,-41538,0,0,0,424,544,243,486,442,488,576,533,411,427,424,432,0
2,1768494726832,617,449,9973,334754,0,-43982,0,0,0,426,543,233,488,448,487,619,553,383,468,458,432,0
2,1768494726848,636,435,9983,295658,-1221,-42760,0,0,0,431,547,232,502,457,492,607,549,383,334,317,463,0
2,1768494726864,689,397,9997,272445,-14660,-47647,0,0,0,447,557,241,511,460,498,596,538,385,303,279,473,0
2,1768494726880,708,349,9997,256563,-37873,-54977,0,0,0,454,563,244,512,470,502,595,527,386,301,278,484,0
2,1768494726896,674,311,9983,238237,-65973,-59864,0,0,0,464,566,247,503,469,499,590,516,387,296,260,494,0
2,1768494726912,641,287,9983,224798,-87964,-62308,0,0,0,466,570,250,510,475,504,597,506,387,290,243,500,0
2,1768494726928,607,277,10021,227241,-98960,-59864,0,0,0,471,574,251,511,480,509,603,496,388,286,230,508,0
2,1768494726944,617,239,10107,248011,-98960,-59864,0,0,0,479,580,253,512,490,511,600,482,395,282,222,517,0
2,1768494726960,670,186,10136,273667,-98960,-65973,0,0,0,489,588,260,521,507,519,597,468,407,283,220,529,0
2,1768494726976,674,143,10102,298102,-108734,-80634,0,0,0,500,594,267,523,511,531,596,458,417,284,216,547,0
2,1768494726992,646,110,10112,324980,-116064,-91629,0,0,0,506,600,266,530,503,539,592,436,414,281,208,560,0
2,1768494727008,660,81,10208,371406,-120951,-101403,0,0,0,512,607,263,531,508,544,577,417,397,290,214,576,0
2,1768494727024,813,38,10480,469144,-146607,-125838,0,0,0,518,610,256,547,535,557,568,402,401,277,208,580,0
2,1768494727040,928,-28,10921,637743,-215024,-163711,0,0,0,526,621,249,557,599,533,558,397,417,306,218,591,0
2,1768494727056,760,-38,11892,1003040,-259006,-202807,0,0,0,554,634,246,561,556,573,540,386,414,306,215,592,0
2,1768494727072,363,86,12979,1442863,-135612,-213802,0,0,0,556,638,232,572,559,570,503,376,405,309,211,610,0
2,1768494727088,148,138,13730,1891238,-13439,-173485,0,0,0,556,636,220,577,575,570,476,375,414,321,215,610,0
2,1768494727104,569,-9,14496,2412917,-65973,-114842,0,0,0,564,640,221,565,572,565,430,362,408,318,216,615,0
2,1768494727120,1325,-186,15501,3117856,-169820,-119729,0,0,0,572,635,224,561,567,560,373,346,401,313,218,613,0
2,1768494727136,1832,-100,16879,3935193,-249233,-245567,0,0,0,571,627,222,547,559,557,323,315,399,298,207,606,0
2,1768494727152,2684,33,19100,4913799,-311541,-455705,0,0,0,561,618,213,536,562,552,287,255,399,274,187,582,0
2,1768494727168,4058,-224,21679,5935166,-439822,-725707,0,0,0,541,607,207,525,561,540,266,192,395,256,172,548,0
2,1768494727184,5551,-1761,25465,6972415,-520457,-1021366,0,0,0,507,592,200,508,540,524,257,163,381,251,166,519,0
2,1768494727200,5364,-2282,30385,7723780,-425162,-1323134,0,0,0,456,564,184,487,506,496,260,171,352,244,161,487,0
2,1768494727216,5264,-205,31069,8216137,-382401,-1622458,0,0,0,380,520,174,433,469,437,278,188,323,220,150,424,0
2,1768494727232,4733,2593,31122,8487361,-475253,-1904677,0,0,0,290,466,167,358,432,378,302,224,296,184,141,318,0
2,1768494727248,5972,7480,27829,8060977,-886976,-2069611,0,0,0,263,433,169,362,366,386,323,266,290,147,138,216,0
2,1768494727264,8255,14950,16214,6618113,-1147204,-2272418,0,0,0,260,435,178,360,368,392,319,280,294,148,140,213,0
2,1768494727280,8365,20019,7207,4043927,-993266,-2312735,0,0,0,264,432,178,359,374,386,313,281,280,227,183,214,0
2,1768494727296,4627,20488,6862,183259,-696386,-1736079,0,0,0,257,427,172,350,374,375,302,285,266,150,152,205,0
2,1768494727312,2033,14233,8456,-2951700,-1154535,-553443,0,0,0,252,427,172,348,371,374,301,293,261,139,150,196,0
2,1768494727328,4134,7183,6235,-4085466,-1738522,343306,0,0,0,246,423,169,351,371,371,297,299,257,142,154,191,0
2,1768494727344,8796,3886,2187,-3738495,-1417207,470366,0,0,0,242,424,168,345,372,365,293,310,252,136,157,187,0
2,1768494727360,8719,4742,2354,-3770260,-139277,150272,0,0,0,238,425,167,341,375,364,291,315,247,145,164,179,0
2,1768494727376,5857,5561,4891,-4255287,703716,74525,0,0,0,239,424,164,341,376,359,288,320,239,142,167,171,0
2,1768494727392,4288,5130,7001,-4795292,758694,360410,0,0,0,241,423,163,342,375,354,287,326,236,138,169,166,0
2,1768494727408,5570,3943,7690,-5148372,839328,728151,0,0,0,239,421,162,341,377,353,290,331,238,140,171,164,0
2,1768494727424,6097,3249,8714,-5363396,1257160,938289,0,0,0,238,420,162,340,381,354,290,335,238,135,171,161,0
2,1768494727440,5072,2971,10777,-5595525,1661553,1133765,0,0,0,236,421,164,340,383,352,292,342,238,135,177,155,0
2,1768494727456,4335,2727,13031,-5918062,1795943,1354899,0,0,0,236,421,162,341,382,352,292,349,238,135,186,155,0
2,1768494727472,4642,2254,14950,-6239377,1831373,1433089,0,0,0,230,417,159,343,380,354,293,352,239,129,182,151,0
2,1768494727488,4871,1507,17200,-6495940,1980425,1378111,0,0,0,233,420,163,338,374,353,297,353,242,127,180,151,0
2,1768494727504,4718,636,20033,-6607118,2228436,1210734,0,0,0,231,416,161,342,390,354,293,348,241,129,180,151,0
2,1768494727520,4259,138,23828,-6631553,2475225,1144761,0,0,0,232,416,159,342,374,354,294,340,242,137,174,151,0
2,1768494727536,3149,-502,28025,-6703635,2653598,1364672,0,0,0,234,417,163,341,367,355,295,336,247,136,170,155,0
2,1768494727552,1335,-3598,32275,-6829473,2719572,1971872,0,0,0,234,419,164,343,367,361,302,335,254,135,166,155,0
2,1768494727568,-1191,-12438,34859,-6784269,2619390,2494773,0,0,0,236,421,165,348,370,368,309,334,264,132,162,155,0
2,1768494727584,-2450,-23646,33562,-6379876,1977981,2465452,0,0,0,239,423,165,352,371,370,314,332,269,132,161,156,0
2,1768494727600,713,-35635,25905,-5294979,869872,1612684,0,0,0,240,425,166,354,372,371,316,334,270,133,164,159,0
2,1768494727616,2412,-43493,14620,-3182607,817337,-472809,0,0,0,240,425,166,343,385,366,317,338,271,133,166,159,0
2,1768494727632,-5886,-44972,10763,-1091005,1457524,-2307848,0,0,0,240,425,166,338,389,363,317,343,267,132,168,155,0
2,1768494727648,-14721,-40272,13716,593761,785572,-2392148,0,0,0,236,422,164,352,374,367,326,374,263,130,179,147,0
2,1768494727664,-12653,-32208,15855,2133141,-626747,-1583362,0,0,0,226,402,157,346,357,364,378,446,265,172,237,137,0
2,1768494727680,-995,-12361,20100,3417180,-1949881,-470366,0,0,0,239,339,146,327,292,355,472,472,258,314,353,145,0
2,1768494727696,7322,22000,19913,3644422,-3881437,929736,0,0,0,258,338,166,333,284,380,508,507,280,294,424,145,0
2,1768494727712,1225,19349,13543,4291939,-4652349,1808161,0,0,0,277,352,171,367,276,394,554,554,283,384,473,148,0
2,1768494727728,-7130,-1344,20397,5028642,-2840523,1211956,0,0,0,279,387,169,383,312,394,586,586,301,421,500,164,0
2,1768494727744,-4723,-6446,23522,3750712,-1175304,228463,0,0,0,276,422,189,405,352,416,603,603,324,435,511,221,0
2,1768494727760,1383,-459,16707,1598023,-555887,-14660,0,0,0,285,450,213,416,366,436,611,612,340,444,522,266,0
2,1768494727776,1469,1708,10399,552222,-411723,219911,0,0,0,309,482,228,433,387,450,627,627,359,449,526,308,0
2,1768494727792,19,770,9102,276111,-265115,224798,0,0,0,339,504,245,438,409,458,606,611,402,453,525,334,0
2,1768494727808,124,411,10270,241902,-196698,70860,0,0,0,360,513,254,445,421,471,623,626,392,454,526,355,0
2,1768494727824,574,885,10533,174707,-162490,-2443,0,0,0,380,518,272,451,429,478,648,645,376,464,518,379,0
2,1768494727840,713,1306,10117,177150,-136833,3665,0,0,0,397,524,284,458,434,485,655,634,375,522,547,394,0
2,1768494727856,559,1100,9987,244346,-123394,8552,0,0,0,415,534,291,464,435,488,658,609,370,587,594,394,0
2,1768494727872,507,1000,10141,294437,-113620,-3665,0,0,0,434,543,299,462,435,482,659,585,369,585,584,394,0
2,1768494727888,531,1033,10279,351858,-78190,-24434,0,0,0,434,544,284,465,447,488,656,563,379,539,528,414,0
2,1768494727904,512,1000,10241,441044,-12217,-50090,0,0,0,449,552,286,470,454,488,650,553,389,402,389,450,0
2,1768494727920,478,851,10145,491135,47647,-64751,0,0,0,462,554,292,469,465,489,652,526,388,404,373,466,0
2,1768494727936,507,689,10031,459370,74525,-63529,0,0,0,460,561,284,476,476,494,637,528,396,323,286,484,0
2,1768494727952,559,607,9949,405614,64751,-61086,0,0,0,458,558,276,485,486,497,619,509,392,314,266,486,0
2,1768494727968,626,579,9949,366519,24434,-63529,0,0,0,458,564,275,496,488,509,613,492,394,282,234,497,0
2,1768494727984,679,531,9968,343306,-18325,-73303,0,0,0,456,559,263,494,498,510,604,473,390,274,216,501,0
2,1768494728000,674,464,10021,335975,-59864,-86742,0,0,0,459,567,261,500,500,516,609,466,395,273,214,513,0
2,1768494728016,626,445,10102,345749,-91629,-97738,0,0,0,465,572,259,512,501,516,604,448,397,269,211,520,0
2,1768494728032,588,440,10179,383623,-112399,-100181,0,0,0,468,576,252,521,506,514,601,429,396,274,212,534,0
2,1768494728048,583,382,10217,441044,-113620,-102625,0,0,0,473,579,256,525,511,523,599,414,401,279,210,549,0
2,1768494728064,583,282,10217,508239,-106290,-106290,0,0,0,482,584,259,526,527,530,593,402,413,296,226,557,0
2,1768494728080,598,181,10251,582765,-120951,-108734,0,0,0,495,596,249,528,537,531,591,396,424,324,251,566,0
2,1768494728096,655,134,10423,668286,-112399,-123394,0,0,0,511,604,238,531,534,544,586,399,426,319,231,576,0
2,1768494728112,703,76,10643,769690,-63529,-155159,0,0,0,516,603,225,543,552,557,562,396,416,288,194,580,0
2,1768494728128,789,-38,10892,901637,-39095,-190589,0,0,0,527,613,224,556,568,565,552,377,429,302,202,587,0
2,1768494728144,904,-134,11375,1067792,-68416,-223576,0,0,0,536,608,221,560,574,572,542,371,432,320,214,600,0
2,1768494728160,784,-86,12199,1310916,-125838,-259006,0,0,0,547,616,218,567,566,577,519,365,439,328,220,610,0
2,1768494728176,387,-28,12926,1661553,-168598,-262672,0,0,0,555,624,230,574,562,570,488,360,457,314,209,615,0
2,1768494728192,124,-201,13256,2091602,-162490,-190589,0,0,0,563,622,233,564,580,578,451,354,431,321,223,629,0
2,1768494728208,612,-445,13893,2582738,-138055,-123394,0,0,0,564,619,227,564,569,594,404,345,425,318,219,620,0
2,1768494728224,1593,-526,15156,3149621,-135612,-173485,0,0,0,569,619,227,549,563,575,356,336,421,312,216,613,0
2,1768494728240,1990,-421,17071,3953519,-191811,-365297,0,0,0,565,619,219,542,562,560,310,293,413,290,204,607,0
2,1768494728256,2584,-425,19205,4851491,-250454,-560774,0,0,0,553,615,208,552,574,554,286,228,414,264,184,577,0
2,1768494728272,3809,-402,21598,5883853,-340862,-802676,0,0,0,529,601,197,547,565,547,271,177,409,249,169,531,0
2,1768494728288,4321,-1263,24991,7005402,-426383,-1058018,0,0,0,497,582,191,522,535,534,263,169,397,241,161,496,0
2,1768494728304,5307,-2713,28111,7887491,-81855,-1226617,0,0,0,449,553,180,488,498,502,267,181,369,233,155,466,0
2,1768494728320,3110,-1320,31428,8293106,425162,-1447750,0,0,0,363,503,161,441,442,449,284,193,321,212,145,397,0
2,1768494728336,2871,1957,32543,8365188,289550,-1626123,0,0,0,279,453,161,392,388,410,308,231,299,172,133,294,0
2,1768494728352,5647,8528,26781,7709119,-89186,-1870469,0,0,0,265,432,175,370,371,400,328,264,302,142,128,213,0
2,1768494728368,6537,16324,15328,6191730,-469144,-2202780,0,0,0,265,432,172,368,376,397,314,270,293,141,134,202,0
2,1768494728384,5594,20794,6992,3199712,-825889,-2290744,0,0,0,268,433,176,361,373,389,307,280,277,139,134,197,0
2,1768494728400,3383,18143,7882,-744033,-963945,-1639562,0,0,0,258,428,170,355,373,374,302,284,266,141,146,189,0
2,1768494728416,2163,11902,8207,-3367089,-1288925,-691499,0,0,0,244,431,162,351,381,371,297,289,259,134,145,179,0
2,1768494728432,4000,6944,5307,-3927863,-1596801,15882,0,0,0,242,427,164,346,375,367,291,297,255,130,148,172,0
2,1768494728448,7126,5551,2479,-3846007,-1097113,200363,0,0,0,240,424,164,345,375,366,290,306,249,130,152,167,0
2,1768494728464,7413,5508,2756,-4013384,-119729,151494,0,0,0,237,423,160,343,378,362,289,316,246,129,156,163,0
2,1768494728480,5336,5355,5020,-4355469,470366,216246,0,0,0,239,424,163,340,380,362,289,325,247,130,159,164,0
2,1768494728496,4450,4867,6657,-4728096,646295,410501,0,0,0,241,423,166,338,380,361,289,332,248,128,160,161,0
2,1768494728512,5125,4307,7542,-5092172,835663,571769,0,0,0,237,422,166,337,376,358,289,336,248,126,161,155,0
2,1768494728528,5451,3852,9088,-5524665,1264491,682947,0,0,0,232,420,166,338,371,358,291,335,249,128,161,152,0
2,1768494728544,4819,3522,11031,-5875301,1602910,767246,0,0,0,230,417,162,338,372,357,293,338,247,128,163,149,0
2,1768494728560,4259,2742,13352,-6181956,1751961,891863,0,0,0,232,420,164,341,372,360,299,343,250,123,161,147,0
2,1768494728576,4240,1761,15553,-6363994,1843591,929736,0,0,0,231,419,163,342,371,364,298,344,253,122,161,149,0
2,1768494728592,4326,765,17793,-6449515,2007303,812450,0,0,0,229,418,157,337,368,358,298,347,249,121,165,143,0
2,1768494728608,3991,-38,20827,-6498384,2243097,621860,0,0,0,230,418,160,341,371,360,299,337,249,127,159,145,0
2,1768494728624,3412,-449,25053,-6524040,2458121,593761,0,0,0,226,414,157,342,365,363,304,328,255,128,154,145,0
2,1768494728640,2397,-1694,29064,-6587570,2553416,1028697,0,0,0,232,417,161,343,366,366,302,327,257,124,151,148,0
2,1768494728656,1038,-6049,32251,-6673091,2626720,1666440,0,0,0,235,419,160,346,372,367,305,327,258,129,152,152,0
2,1768494728672,-832,-15534,33974,-6598566,2510656,2185675,0,0,0,235,421,160,349,376,369,314,326,264,129,151,154,0
2,1768494728688,-885,-27346,31481,-6063448,1792278,2081828,0,0,0,237,422,163,351,374,370,319,329,270,129,151,157,0
2,1768494728704,1612,-37918,21741,-4506963,1076344,1005484,0,0,0,239,424,165,354,374,373,321,330,273,132,151,161,0
2,1768494728720,-2124,-42359,14113,-2415361,1306029,-531452,0,0,0,236,407,161,345,355,367,344,379,269,139,180,155,0
2,1768494728736,-12400,-43407,14529,-367740,1171639,-1622458,0,0,0,235,373,157,331,321,356,395,449,264,154,244,144,0
2,1768494728752,-21225,-37779,22330,1927890,-1328021,-1147204,0,0,0,245,352,158,328,305,357,442,463,266,186,313,145,0
2,1768494728768,-9389,-9743,18066,4816061,-4693888,205250,0,0,0,254,354,157,333,297,367,471,475,269,227,370,150,0
2,1768494728784,1756,7954,13821,6263812,-4309043,1070235,0,0,0,267,360,162,352,291,388,505,505,291,262,410,158,0
2,1768494728800,-81,3278,18391,5814215,-1224173,1092227,0,0,0,272,377,166,374,298,399,540,539,297,329,439,172,0
2,1768494728816,-3866,-3469,24479,4372573,-72082,399505,0,0,0,270,423,182,399,342,428,553,553,332,314,424,233,0
2,1768494728832,-421,-2359,18999,2075720,-572991,-155159,0,0,0,262,448,198,426,374,460,565,566,362,310,407,314,0
2,1768494728848,1569,162,11624,700051,-467922,45204,0,0,0,294,477,199,451,393,468,591,591,364,344,423,354,0
2,1768494728864,1311,899,8695,113620,-233350,188146,0,0,0,333,499,216,459,405,477,610,610,376,393,461,371,0
2,1768494728880,521,306,9916,45204,-246789,91629,0,0,0,363,516,227,464,426,480,625,625,370,425,486,381,0
2,1768494728896,583,430,10571,6108,-337197,-2443,0,0,0,366,521,231,469,427,481,628,628,367,449,496,381,0
2,1768494728912,693,775,10351,-25656,-289550,-14660,0,0,0,375,521,234,472,422,476,631,632,368,457,497,380,0
2,1768494728928,713,928,10112,0,-157603,-1221,0,0,0,383,522,236,478,429,477,631,632,369,450,490,379,0
2,1768494728944,689,904,10107,58643,-78190,-7330,0,0,0,384,526,236,482,440,479,629,629,375,440,477,380,0
2,1768494728960,655,871,10136,112399,-47647,-23212,0,0,0,390,530,237,478,440,477,634,630,385,427,461,382,0
2,1768494728976,660,899,10102,158824,-14660,-24434,0,0,0,403,536,240,478,433,479,636,626,391,410,442,385,0
2,1768494728992,708,890,10054,219911,17104,-21991,0,0,0,409,540,234,479,436,481,629,616,390,403,426,397,0
2,1768494729008,760,808,10007,252898,15882,-21991,0,0,0,410,536,229,486,456,496,628,603,393,380,396,403,0
2,1768494729024,789,737,9978,251676,-8552,-31764,0,0,0,414,548,237,494,457,494,623,581,404,308,323,436,0
2,1768494729040,813,746,10011,260228,-37873,-45204,0,0,0,423,556,237,493,459,490,621,566,411,302,295,441,0
2,1768494729056,813,746,10059,296880,-54977,-61086,0,0,0,432,556,252,493,461,499,613,546,419,297,279,454,0
2,1768494729072,784,679,10078,332310,-59864,-72082,0,0,0,441,568,243,504,480,515,607,525,417,291,265,470,0
2,1768494729088,727,583,10059,351858,-57421,-79412,0,0,0,453,575,249,506,475,515,608,512,424,304,263,484,0
2,1768494729104,698,540,10064,351858,-52534,-76969,0,0,0,466,584,258,510,475,519,602,491,433,290,234,497,0
2,1768494729120,727,512,10098,351858,-51312,-74525,0,0,0,476,589,258,510,482,520,598,466,432,280,215,516,0
2,1768494729136,789,440,10112,350636,-59864,-74525,0,0,0,485,597,261,519,490,525,599,446,436,279,209,530,0
2,1768494729152,861,354,10145,361632,-97738,-85521,0,0,0,493,605,266,532,502,542,590,428,443,277,207,539,0
2,1768494729168,784,315,10236,404392,-124616,-107512,0,0,0,502,607,264,546,511,557,576,410,436,276,203,545,0
2,1768494729184,665,301,10337,476474,-102625,-113620,0,0,0,515,611,265,557,510,566,571,397,425,277,199,555,0
2,1768494729200,827,196,10437,582765,-62308,-116064,0,0,0,525,611,276,556,515,582,568,393,421,279,197,577,0
2,1768494729216,1091,95,10677,697608,-42760,-147829,0,0,0,532,616,250,559,526,581,557,390,426,283,199,587,0
2,1768494729232,957,90,11155,844215,-72082,-196698,0,0,0,534,630,241,563,545,593,545,378,437,289,206,592,0
2,1768494729248,737,62,11567,1038470,-131946,-211359,0,0,0,543,630,227,568,552,583,522,371,417,291,217,598,0
2,1768494729264,574,4,11978,1310916,-147829,-186924,0,0,0,547,629,226,569,561,585,504,368,428,312,229,614,0
2,1768494729280,521,-100,12447,1666440,-136833,-145385,0,0,0,549,629,222,569,547,583,481,361,403,319,225,624,0
2,1768494729296,746,-205,13199,2087937,-118507,-107512,0,0,0,557,631,217,583,559,587,435,356,417,319,220,620,0
2,1768494729312,1253,-229,14424,2601064,-142942,-118507,0,0,0,564,622,207,560,555,578,386,343,404,311,223,623,0
2,1768494729328,1813,-157,16156,3334102,-257785,-208915,0,0,0,571,622,219,539,548,556,332,309,393,333,273,629,0
2,1768494729344,2737,-105,18099,4258952,-387288,-394618,0,0,0,570,628,223,530,553,545,295,266,394,302,227,607,0
2,1768494729360,3651,-81,20507,5309640,-483805,-663399,0,0,0,544,614,215,524,554,540,274,210,399,264,176,557,0
2,1768494729376,4551,-521,23632,6426302,-594982,-943175,0,0,0,506,589,198,512,540,523,262,174,392,256,169,520,0
2,1768494729392,6068,-1938,27116,7257079,-524122,-1216843,0,0,0,463,565,186,492,513,492,260,169,364,253,164,494,0
2,1768494729408,5647,-1072,29021,7733553,-346971,-1549154,0,0,0,405,533,179,456,470,456,269,179,329,235,151,450,0
2,1768494729424,4312,1469,29112,7992560,-381179,-1858252,0,0,0,328,482,164,400,413,414,288,208,302,196,139,365,0
2,1768494729440,6494,4024,26164,7860613,-684169,-2059837,0,0,0,249,428,164,356,367,378,315,258,287,143,132,222,0
2,1768494729456,9155,9748,18516,7064045,-775798,-2356718,0,0,0,262,431,172,359,377,388,315,275,291,158,144,215,0
2,1768494729472,9270,16238,9255,5049412,-551000,-2715906,0,0,0,269,434,174,355,377,380,304,277,271,202,168,207,0
2,1768494729488,6379,19980,6058,1696983,-172263,-2593733,0,0,0,264,433,176,348,373,369,300,282,261,138,141,200,0
2,1768494729504,1641,17243,8183,-2140471,-189368,-1521054,0,0,0,263,434,178,349,373,373,297,287,260,135,141,192,0
2,1768494729520,1986,10088,7212,-3755599,-858876,-102625,0,0,0,251,433,174,348,370,367,294,295,252,130,145,178,0
2,1768494729536,6034,5340,3838,-3963293,-957836,700051,0,0,0,245,428,165,347,372,369,296,307,250,130,146,174,0
2,1768494729552,8504,4513,2215,-3778812,-4886,641408,0,0,0,242,425,166,346,376,367,292,317,248,131,153,172,0
2,1768494729568,5594,5197,4474,-4056145,1115439,318871,0,0,0,239,425,165,346,379,363,287,323,242,127,156,167,0
2,1768494729584,2469,5173,6972,-4458094,1406211,259006,0,0,0,248,432,172,336,386,350,282,328,237,120,158,160,0
2,1768494729600,2345,4417,7834,-4686558,1288925,376292,0,0,0,249,435,173,335,390,348,284,331,236,120,162,156,0
2,1768494729616,2814,3857,8671,-4849048,1430646,450818,0,0,0,247,433,166,351,380,354,284,328,234,125,161,152,0
2,1768494729632,2488,3881,10155,-5024977,1751961,486248,0,0,0,247,433,163,354,369,354,282,326,231,124,160,149,0
2,1768494729648,1646,4005,12270,-5324301,1920560,605978,0,0,0,235,425,158,340,371,352,287,338,237,126,166,150,0
2,1768494729664,1354,3828,14395,-5663942,1954768,777020,0,0,0,236,420,156,347,369,352,299,345,242,137,170,153,0
2,1768494729680,1756,3177,16668,-5981592,1993864,912632,0,0,0,241,419,158,360,368,351,309,346,241,143,166,147,0
2,1768494729696,2268,2316,19248,-6219829,2106263,976162,0,0,0,236,423,158,343,367,352,296,341,242,142,173,151,0
2,1768494729712,2751,1474,22383,-6363994,2247984,1017701,0,0,0,236,423,159,345,369,354,296,335,242,128,161,151,0
2,1768494729728,3067,579,26642,-6487388,2365270,1204626,0,0,0,244,422,169,352,360,364,303,322,245,135,153,160,0
2,1768494729744,2794,-1813,30490,-6638883,2442239,1623679,0,0,0,245,422,173,342,360,363,300,323,256,127,148,153,0
2,1768494729760,1670,-7729,32935,-6674313,2561968,2114815,0,0,0,252,433,202,335,349,363,301,315,261,122,143,153,0
2,1768494729776,-981,-17607,32931,-6250373,2436130,2277305,0,0,0,243,428,196,343,362,376,313,320,274,129,149,158,0
2,1768494729792,-1335,-28858,28111,-5362175,1521054,1937664,0,0,0,238,424,190,350,367,383,320,324,280,130,149,164,0
2,1768494729808,2182,-38401,17683,-3999945,563217,750142,0,0,0,235,424,190,350,368,386,315,323,289,129,147,167,0
2,1768494729824,-827,-43072,9212,-1925447,1060462,-1397659,0,0,0,237,424,192,348,366,384,312,330,288,128,147,166,0
2,1768494729840,-10792,-41138,10677,-136833,1332907,-2460565,0,0,0,237,422,190,348,367,381,325,374,275,151,207,157,0
2,1768494729856,-13510,-32605,15194,1519832,-19547,-1971872,0,0,0,235,392,168,344,349,365,371,435,259,179,287,146,0
2,1768494729872,-6403,-9260,22498,3224146,-2484999,-645073,0,0,0,245,346,144,329,303,341,442,459,246,169,293,140,0
2,1768494729888,3249,14941,20387,3760486,-4767192,780685,0,0,0,255,344,153,332,293,358,475,475,257,208,340,139,0
2,1768494729904,2311,10619,10959,4379903,-4609589,1836260,0,0,0,277,349,163,350,285,377,507,507,266,319,425,149,0
2,1768494729920,-5972,-2378,14812,5020090,-2070833,1788613,0,0,0,278,374,166,371,295,386,551,551,273,447,497,154,0
2,1768494729936,-6513,-4024,21694,3988950,-437379,465479,0,0,0,272,406,177,384,323,402,574,576,291,477,519,170,0
2,1768494729952,-95,-215,18602,2345722,-416610,-339641,0,0,0,272,427,202,393,337,420,594,594,313,508,536,201,0
2,1768494729968,3115,1775,11753,1149648,-577878,-107512,0,0,0,281,453,223,405,353,438,613,613,334,517,549,249,0
2,1768494729984,1201,382,9806,641408,-399505,213802,0,0,0,295,484,248,417,383,451,630,629,341,535,566,281,0
2,1768494730000,47,-440,10471,283441,-249233,174707,0,0,0,312,503,249,432,400,461,640,639,351,547,571,302,0
2,1768494730016,488,387,10619,103847,-204028,14660,0,0,0,328,511,246,441,411,469,650,643,362,556,579,315,0
2,1768494730032,799,961,10145,59864,-163711,-17104,0,0,0,342,516,248,447,415,472,659,645,360,574,595,326,0
2,1768494730048,756,933,9983,80634,-92851,8552,0,0,0,352,516,253,454,420,477,661,644,356,593,606,336,0
2,1768494730064,713,827,10102,114842,-50090,3665,0,0,0,359,511,260,459,426,484,658,640,361,589,597,345,0
2,1768494730080,703,847,10141,155159,-43982,-12217,0,0,0,365,515,267,461,428,489,652,635,366,540,549,358,0
2,1768494730096,679,861,10107,202807,-21991,-19547,0,0,0,371,522,264,464,435,495,640,629,364,473,478,376,0
2,1768494730112,674,818,10083,243124,18325,-23212,0,0,0,378,527,262,456,430,486,637,615,364,445,451,386,0
2,1768494730128,717,746,10050,268780,54977,-32986,0,0,0,380,529,269,451,418,486,629,603,370,381,396,407,0
2,1768494730144,746,693,9992,276111,58643,-42760,0,0,0,375,524,253,464,440,489,626,599,377,300,316,426,0
2,1768494730160,770,674,9959,272445,46425,-51312,0,0,0,379,523,249,469,443,491,628,588,385,285,292,434,0
2,1768494730176,813,646,9973,262672,21991,-56199,0,0,0,383,526,251,473,444,492,627,575,388,282,280,440,0
2,1768494730192,861,593,9978,252898,-12217,-59864,0,0,0,387,530,253,478,450,495,623,562,393,283,274,450,0
2,1768494730208,847,521,9964,240680,-47647,-62308,0,0,0,391,531,250,480,454,501,629,553,392,277,264,458,0
2,1768494730224,784,483,9949,219911,-68416,-63529,0,0,0,402,536,257,483,456,504,632,540,393,282,262,464,0
2,1768494730240,751,483,9973,196698,-72082,-58643,0,0,0,407,536,255,485,459,506,631,530,401,274,243,470,0
2,1768494730256,775,492,10031,196698,-70860,-57421,0,0,0,419,541,259,490,468,512,629,521,409,270,226,485,0
2,1768494730272,794,464,10098,221133,-65973,-61086,0,0,0,435,554,270,496,472,526,631,510,415,272,220,498,0
2,1768494730288,804,425,10155,267558,-70860,-64751,0,0,0,449,568,290,500,470,535,635,494,422,272,216,511,0
2,1768494730304,818,378,10165,312763,-84299,-69638,0,0,0,467,580,316,501,473,536,629,472,426,275,212,530,0
2,1768494730320,847,325,10212,372627,-107512,-85521,0,0,0,481,588,315,503,481,534,614,448,429,276,206,548,0
2,1768494730336,861,282,10275,439822,-136833,-107512,0,0,0,497,594,310,520,486,533,622,434,445,285,206,565,0
2,1768494730352,904,205,10390,530231,-169820,-131946,0,0,0,512,597,295,538,516,551,615,422,464,282,194,574,0
2,1768494730368,957,138,10686,669508,-216246,-156381,0,0,0,512,612,264,546,517,557,590,403,449,292,209,584,0
2,1768494730384,861,62,11217,919963,-211359,-175929,0,0,0,529,626,251,550,524,567,506,408,439,300,214,610,0
2,1768494730400,722,9,11859,1243721,-73303,-200363,0,0,0,531,627,223,552,536,567,546,393,421,317,222,614,0
2,1768494730416,631,-14,12610,1645670,155159,-216246,0,0,0,545,632,226,568,551,570,517,375,422,318,217,611,0
2,1768494730432,713,-14,13510,2078163,216246,-188146,0,0,0,550,631,224,580,562,574,475,359,425,322,217,611,0
2,1768494730448,1052,0,14769,2669481,69638,-158824,0,0,0,552,616,215,570,558,568,424,340,415,317,213,616,0
2,1768494730464,1497,9,16051,3374419,-23212,-211359,0,0,0,557,610,215,549,547,562,370,321,408,308,215,619,0
2,1768494730480,2263,4,17563,4174653,-68416,-338419,0,0,0,563,608,215,541,545,560,320,279,408,291,204,611,0
2,1768494730496,3158,124,20052,5280319,-136833,-592539,0,0,0,555,602,210,548,550,555,285,213,414,268,176,574,0
2,1768494730512,3254,-196,22670,6257703,-237015,-766025,0,0,0,522,593,202,545,546,547,275,169,415,252,165,525,0
2,1768494730528,4000,-1512,26321,7331604,-97738,-877202,0,0,0,473,572,184,523,530,532,272,164,391,240,166,491,0
2,1768494730544,3575,-1675,29054,7936361,309097,-973719,0,0,0,417,538,166,479,496,489,270,175,352,224,153,454,0
2,1768494730560,2703,-71,29246,8148942,296880,-1122770,0,0,0,351,496,165,425,440,431,300,205,318,212,146,401,0
2,1768494730576,4245,2249,27618,8015773,133168,-1296256,0,0,0,234,427,163,358,364,387,332,268,301,145,136,215,0
2,1768494730592,6278,8092,21392,7316943,-19547,-1565036,0,0,0,252,428,171,366,381,391,332,279,306,145,143,213,0
2,1768494730608,6503,16506,9576,5497787,-263893,-2009746,0,0,0,256,429,167,365,372,384,320,275,293,142,138,210,0
2,1768494730624,5446,20296,5503,2647489,-387288,-2277305,0,0,0,256,429,168,358,371,376,313,282,271,142,142,196,0
2,1768494730640,2297,17678,7709,-988379,-608421,-1958433,0,0,0,253,426,169,350,375,372,308,288,262,137,144,196,0
2,1768494730656,813,11304,7949,-3483153,-1269377,-1246165,0,0,0,244,425,169,347,374,377,300,294,259,131,145,189,0
2,1768494730672,3369,6580,4852,-3839898,-1815491,-673173,0,0,0,240,423,167,341,374,371,297,303,257,129,146,180,0
2,1768494730688,6776,5656,2531,-3693291,-1340238,-471587,0,0,0,238,422,165,341,376,364,295,309,250,130,151,174,0
2,1768494730704,7207,6030,2981,-3908315,-376292,-394618,0,0,0,240,422,164,341,378,360,293,312,244,131,156,169,0
2,1768494730720,5470,6130,5058,-4365242,428827,-186924,0,0,0,244,430,168,338,374,354,290,313,238,129,155,161,0
2,1768494730736,4192,5283,7126,-4855156,745255,248011,0,0,0,245,438,173,338,363,350,284,312,231,120,148,154,0
2,1768494730752,4154,4216,8566,-5249775,940732,624304,0,0,0,244,437,173,338,362,349,283,315,231,117,148,150,0
2,1768494730768,4082,3417,10021,-5545434,1211956,792903,0,0,0,245,437,175,340,363,350,288,320,235,119,150,149,0
2,1768494730784,3570,2770,11830,-5760459,1444085,862541,0,0,0,242,433,169,341,360,350,291,322,235,125,150,148,0
2,1768494730800,3216,2187,13859,-5874080,1567480,850324,0,0,0,239,429,168,338,361,350,291,329,239,122,153,148,0
2,1768494730816,3144,1703,16156,-5987701,1705535,766025,0,0,0,234,422,160,338,363,350,294,335,240,127,158,150,0
2,1768494730832,3005,1340,19004,-6181956,1901012,607200,0,0,0,234,422,160,341,363,356,294,332,242,127,157,150,0
2,1768494730848,2742,727,22478,-6428745,2065946,507018,0,0,0,233,421,157,342,365,354,287,327,243,122,156,150,0
2,1768494730864,2292,-378,26302,-6597344,2178345,643851,0,0,0,233,421,158,349,365,355,298,323,243,125,149,147,0
2,1768494730880,1411,-3086,29633,-6614448,2171015,1310916,0,0,0,238,421,160,349,362,356,305,319,245,130,145,148,0
2,1768494730896,1143,-7982,31682,-6516710,2127032,2113593,0,0,0,242,425,163,349,363,361,305,318,251,128,143,148,0
2,1768494730912,1497,-17099,31873,-6148969,1975538,2744006,0,0,0,242,430,166,348,366,364,308,320,258,125,144,150,0
2,1768494730928,2182,-27729,26838,-5260771,1478293,2427578,0,0,0,241,431,167,350,369,366,315,323,265,126,145,154,0
2,1768494730944,1167,-36769,17669,-3772703,1192408,1425759,0,0,0,239,431,165,354,371,371,318,325,270,128,145,157,0
2,1768494730960,-3847,-40870,11342,-2056172,1302364,188146,0,0,0,234,417,161,347,362,368,338,366,268,133,174,152,0
2,1768494730976,-10562,-41866,13472,-248011,658512,-742812,0,0,0,231,381,155,331,332,356,391,447,256,152,247,141,0
2,1768494730992,-13945,-33610,20598,2329840,-1842369,-963945,0,0,0,250,353,151,322,302,349,435,458,253,183,303,146,0
2,1768494731008,-4603,-7130,17224,4676784,-4105014,-551000,0,0,0,257,356,161,325,297,365,457,471,266,216,347,153,0
2,1768494731024,3594,7867,13601,5789780,-3457497,65973,0,0,0,269,367,167,341,285,380,483,508,267,356,448,149,0
2,1768494731040,1340,2435,18066,5188689,-889419,585208,0,0,0,276,379,166,368,300,391,510,509,290,302,421,174,0
2,1768494731056,-2187,-2301,21004,3734830,-300545,265115,0,0,0,276,397,174,375,314,402,541,541,293,406,469,180,0
2,1768494731072,-559,-1263,16333,2351831,-626747,-94073,0,0,0,276,425,193,389,330,426,571,571,337,448,503,230,0
2,1768494731088,1507,842,11016,1423316,-641408,48869,0,0,0,291,457,206,413,364,443,583,583,344,447,494,289,0
2,1768494731104,885,76,10279,645073,-367740,202807,0,0,0,353,483,220,436,384,454,601,601,348,462,502,331,0
2,1768494731120,153,-363,10672,101403,-274889,124616,0,0,0,367,497,226,446,400,464,614,614,352,460,505,355,0
2,1768494731136,229,354,10504,-10995,-288328,3665,0,0,0,368,507,230,446,409,470,624,624,355,511,545,359,0
2,1768494731152,430,804,10189,0,-246789,-20769,0,0,0,374,514,237,449,416,476,633,632,356,559,583,362,0
2,1768494731168,473,775,10145,21991,-147829,6108,0,0,0,381,517,241,452,419,476,641,634,356,583,601,368,0
2,1768494731184,425,717,10212,26878,-75747,0,0,0,0,388,518,243,455,418,473,646,631,353,607,618,371,0
2,1768494731200,421,765,10150,52534,-42760,-15882,0,0,0,393,521,249,461,417,477,645,630,356,605,615,377,0
2,1768494731216,421,789,10074,95294,-31764,-21991,0,0,0,394,527,257,462,417,483,643,628,367,597,607,383,0
2,1768494731232,406,765,10064,130725,-18325,-21991,0,0,0,404,532,253,465,422,480,640,617,364,582,596,385,0
2,1768494731248,421,737,10074,158824,-6108,-19547,0,0,0,407,531,252,465,434,480,632,609,357,588,599,390,0
2,1768494731264,449,708,10035,175929,-10995,-19547,0,0,0,412,535,251,474,436,483,633,598,360,581,591,393,0
2,1768494731280,464,679,10007,190589,-25656,-23212,0,0,0,411,537,248,472,442,486,626,581,361,581,581,406,0
2,1768494731296,469,655,10007,199142,-35430,-29321,0,0,0,414,539,248,476,446,487,625,573,362,572,571,411,0
2,1768494731312,469,631,10016,196698,-35430,-35430,0,0,0,417,543,252,478,444,489,626,567,369,573,560,418,0
2,1768494731328,502,626,10040,201585,-36651,-40317,0,0,0,431,550,256,482,457,495,618,547,372,556,538,437,0
2,1768494731344,526,617,10083,234572,-46425,-50090,0,0,0,442,562,257,486,470,500,616,542,384,479,456,463,0
2,1768494731360,521,574,10098,273667,-59864,-58643,0,0,0,451,572,257,493,480,506,616,537,396,358,329,487,0
2,1768494731376,507,502,10102,304210,-70860,-67195,0,0,0,464,581,257,499,489,517,611,517,394,288,250,503,0
2,1768494731392,492,449,10126,323758,-78190,-72082,0,0,0,474,590,256,505,499,524,606,501,391,288,241,514,0
2,1768494731408,473,397,10155,342084,-83077,-78190,0,0,0,481,592,260,511,504,522,601,486,392,338,286,516,0
2,1768494731424,473,349,10145,345749,-83077,-79412,0,0,0,492,596,268,512,503,526,596,462,398,419,362,519,0
2,1768494731440,497,306,10160,356745,-85521,-84299,0,0,0,504,603,268,520,509,535,600,456,413,288,218,546,0
2,1768494731456,559,268,10246,397062,-95294,-95294,0,0,0,510,603,267,525,522,543,596,433,417,295,216,554,0
2,1768494731472,631,196,10361,476474,-120951,-119729,0,0,0,526,616,268,526,532,547,587,413,420,295,211,562,0
2,1768494731488,737,90,10500,579100,-150272,-158824,0,0,0,535,620,254,536,539,550,575,400,421,292,206,572,0
2,1768494731504,650,76,10954,729373,-195476,-200363,0,0,0,543,624,240,539,551,560,547,390,422,308,215,583,0
2,1768494731520,354,76,11509,996932,-224798,-191811,0,0,0,547,624,232,540,563,552,529,387,423,306,207,581,0
2,1768494731536,239,-14,11926,1304808,-179594,-157603,0,0,0,548,628,222,555,576,558,506,379,416,314,215,590,0
2,1768494731552,378,-105,12409,1588249,-81855,-140499,0,0,0,552,628,218,552,570,562,480,366,416,315,219,599,0
2,1768494731568,713,-105,13606,2008524,-68416,-153938,0,0,0,563,629,221,542,569,554,444,359,418,306,208,604,0
2,1768494731584,1249,-124,15271,2619390,-173485,-207694,0,0,0,568,621,223,535,564,549,390,347,414,301,206,606,0
2,1768494731600,1861,-71,16975,3370754,-293215,-311541,0,0,0,568,612,219,525,550,539,334,318,404,297,209,602,0
2,1768494731616,2301,129,18789,4283387,-404392,-488692,0,0,0,564,610,215,512,547,522,294,269,396,282,197,587,0
2,1768494731632,2861,19,20492,5290092,-507018,-686612,0,0,0,535,597,208,508,548,525,269,207,394,269,182,555,0
2,1768494731648,3651,-536,22900,6355441,-521678,-905302,0,0,0,489,582,199,505,536,524,254,166,388,265,174,514,0
2,1768494731664,3665,-885,26173,7188662,-505796,-1106887,0,0,0,456,556,190,481,510,494,258,166,363,242,156,495,0
2,1768494731680,4201,-981,25278,7579615,-442266,-1274264,0,0,0,403,530,175,454,478,454,269,181,319,239,154,464,0
2,1768494731696,3996,-1430,23742,7684684,-268780,-1501506,0,0,0,323,488,168,391,418,419,279,215,304,201,140,398,0
2,1768494731712,4063,995,21311,7103140,-598647,-1709200,0,0,0,249,431,168,359,377,384,310,270,287,149,143,234,0
2,1768494731728,6034,7619,14352,6179512,-1070235,-1915673,0,0,0,249,431,173,362,378,387,321,281,288,143,144,205,0
2,1768494731744,8676,15214,5838,4847826,-1073901,-2211332,0,0,0,249,431,179,355,376,393,301,286,281,139,147,214,0
2,1768494731760,7623,19224,4312,2029294,-277332,-2401922,0,0,0,249,429,176,348,378,379,298,293,267,159,159,208,0
2,1768494731776,3058,18210,6532,-1389107,156381,-1974316,0,0,0,246,427,173,347,380,375,298,301,258,150,156,199,0
2,1768494731792,-110,11117,7910,-4061032,-480140,-679282,0,0,0,242,425,168,346,377,372,293,304,250,136,151,186,0
2,1768494731808,4283,5762,4694,-4078136,-977384,276111,0,0,0,237,425,163,346,379,367,291,308,246,129,152,172,0
2,1768494731824,8475,3713,2163,-3654195,-340862,653625,0,0,0,233,425,158,346,379,365,291,315,244,126,154,166,0
2,1768494731840,6422,4900,4005,-3782477,797790,610865,0,0,0,234,425,157,347,378,363,288,322,239,128,156,163,0
2,1768494731856,2833,5522,7303,-4373795,1334129,799011,0,0,0,234,425,159,350,381,362,287,330,235,129,162,165,0
2,1768494731872,2431,4345,8772,-4872261,1120326,1133765,0,0,0,225,420,155,349,380,362,287,337,238,133,165,173,0
2,1768494731888,3527,2785,9169,-4998099,1171639,1237612,0,0,0,226,423,154,347,375,362,287,339,238,124,163,152,0
2,1768494731904,3436,1990,10299,-4993212,1448972,1159422,0,0,0,225,422,172,345,371,366,288,341,242,125,164,154,0
2,1768494731920,2483,1914,12376,-5075068,1646892,1042136,0,0,0,225,422,170,346,371,366,290,343,243,125,163,153,0
2,1768494731936,1919,1569,14548,-5260771,1729970,957836,0,0,0,223,422,170,344,373,366,291,345,244,125,163,154,0
2,1768494731952,1756,808,16534,-5430591,1780061,888198,0,0,0,224,422,175,344,369,370,289,341,252,127,164,159,0
2,1768494731968,1521,512,18545,-5497787,1817934,855211,0,0,0,226,422,177,347,369,371,294,340,252,125,159,154,0
2,1768494731984,1464,617,21316,-5644394,1821600,893084,0,0,0,227,424,177,349,370,372,294,333,250,124,156,152,0
2,1768494732000,1794,148,24522,-5897293,1815491,1058018,0,0,0,228,425,180,351,369,375,294,325,253,124,151,155,0
2,1768494732016,2215,-1986,27652,-6112317,1791056,1312138,0,0,0,229,426,182,354,372,378,296,321,253,126,150,156,0
2,1768494732032,2881,-6867,29356,-6111095,1726305,1541823,0,0,0,226,428,177,359,376,380,297,320,251,128,150,153,0
2,1768494732048,3575,-14434,28159,-5728694,1657888,1467298,0,0,0,224,428,177,359,378,385,300,319,260,128,149,161,0
2,1768494732064,3043,-22498,23752,-4905247,1640784,1075122,0,0,0,229,427,180,355,378,388,307,320,273,129,148,171,0
2,1768494732080,-507,-27743,16989,-3546683,1736079,504574,0,0,0,232,430,178,360,380,386,312,321,270,129,148,164,0
2,1768494732096,-5642,-30380,12395,-1935221,1657888,17104,0,0,0,233,430,178,359,380,385,311,319,268,143,156,166,0
2,1768494732112,-9006,-32175,10854,-520457,1191187,-398284,0,0,0,233,432,182,361,381,383,307,323,259,206,195,169,0
2,1768494732128,-8006,-29447,11509,662177,259006,-745255,0,0,0,231,429,177,354,373,375,305,333,255,129,153,156,0
2,1768494732144,-4388,-22177,12423,1888795,-602313,-1006705,0,0,0,231,414,184,351,369,377,353,434,271,137,203,152,0
2,1768494732160,-2541,-5958,17319,2945592,-1551597,-747699,0,0,0,237,373,174,331,322,356,408,453,260,166,265,141,0
2,1768494732176,-162,8863,16286,3253468,-3115412,659734,0,0,0,246,362,160,332,308,351,435,460,259,201,321,133,0
2,1768494732192,947,9006,11079,3608991,-3299894,1871691,0,0,0,259,365,163,350,297,369,470,492,260,313,414,143,0
2,1768494732208,-2976,100,11964,4229630,-1522276,2107485,0,0,0,261,374,161,366,300,394,520,529,269,366,453,146,0
2,1768494732224,-5479,-2024,17898,3787364,-621860,917519,0,0,0,264,398,172,376,318,404,559,560,295,420,481,168,0
2,1768494732240,-1856,-679,17611,2737898,-461814,-284663,0,0,0,271,436,195,394,344,425,578,578,327,457,504,225,0
2,1768494732256,1785,134,13644,1715309,-426383,-222354,0,0,0,304,470,216,416,369,451,593,593,348,474,518,291,0
2,1768494732272,1895,-425,10902,692721,-326202,177150,0,0,0,357,492,231,432,388,462,607,607,358,488,529,339,0
2,1768494732288,282,-559,10404,171042,-296880,215024,0,0,0,395,505,239,444,401,469,612,612,363,491,531,364,0
2,1768494732304,344,201,10318,51312,-270002,30543,0,0,0,412,514,248,456,407,473,619,616,362,495,529,376,0
2,1768494732320,784,626,10179,41538,-217468,-36651,0,0,0,414,519,253,448,407,470,618,613,367,503,531,388,0
2,1768494732336,818,579,10117,32986,-153938,-6108,0,0,0,421,524,256,449,412,472,565,576,400,508,533,385,0
2,1768494732352,746,540,10102,28099,-118507,3665,0,0,0,437,529,262,461,424,478,629,627,368,512,537,396,0
2,1768494732368,727,598,10093,59864,-116064,-13439,0,0,0,448,536,257,469,428,481,633,625,364,516,534,397,0
2,1768494732384,717,622,10093,127059,-117286,-29321,0,0,0,455,538,260,469,434,486,632,615,369,524,534,406,0
2,1768494732400,665,569,10083,182037,-97738,-29321,0,0,0,460,544,260,471,458,490,624,605,369,513,517,414,0
2,1768494732416,626,507,10064,199142,-57421,-23212,0,0,0,462,547,258,472,453,491,623,595,372,519,516,427,0
2,1768494732432,650,478,10040,195476,-28099,-23212,0,0,0,466,552,260,473,450,493,625,585,377,510,504,434,0
2,1768494732448,698,464,10011,195476,-18325,-25656,0,0,0,466,557,263,474,452,499,624,574,375,498,489,438,0
2,1768494732464,727,445,9997,200363,-26878,-30543,0,0,0,467,562,265,476,452,502,623,568,373,468,454,454,0
2,1768494732480,727,421,10007,202807,-36651,-35430,0,0,0,470,567,266,482,465,503,621,570,378,423,406,475,0
2,1768494732496,722,392,10026,196698,-41538,-41538,0,0,0,473,573,264,490,488,508,618,567,382,390,370,490,0
2,1768494732512,717,358,10026,186924,-46425,-46425,0,0,0,475,579,265,495,484,512,614,559,378,338,317,505,0
2,1768494732528,713,339,10021,178372,-50090,-50090,0,0,0,473,579,257,491,479,503,612,553,382,321,302,504,0
2,1768494732544,698,320,10002,169820,-50090,-50090,0,0,0,479,583,261,490,475,501,606,544,378,316,291,511,0
2,1768494732560,684,296,9992,161268,-50090,-46425,0,0,0,475,584,257,497,482,502,605,530,368,317,284,515,0
2,1768494732576,684,277,10007,151494,-54977,-37873,0,0,0,479,593,260,503,490,510,611,530,375,304,284,522,0
2,1768494732592,713,253,10026,146607,-58643,-35430,0,0,0,489,599,274,492,497,503,611,521,382,299,271,531,0
2,1768494732608,741,215,10035,146607,-67195,-37873,0,0,0,490,600,267,500,507,513,606,513,383,374,291,530,0
2,1768494732624,737,201,10035,150272,-74525,-43982,0,0,0,496,603,266,505,510,522,606,506,381,327,265,538,0
2,1768494732640,703,201,10064,161268,-74525,-47647,0,0,0,500,607,269,511,517,533,611,496,389,292,244,547,0
2,1768494732656,708,186,10093,177150,-73303,-51312,0,0,0,509,611,280,517,514,544,603,479,396,380,327,546,0
2,1768494732672,765,177,10165,207694,-70860,-58643,0,0,0,520,613,295,526,538,533,595,458,408,374,311,551,0
2,1768494732688,799,177,10299,283441,-61086,-75747,0,0,0,527,615,293,534,549,532,583,434,414,298,222,566,0
2,1768494732704,832,134,10447,394618,-37873,-102625,0,0,0,535,622,278,538,528,550,570,414,412,294,212,575,0
2,1768494732720,856,62,10792,561996,-42760,-128281,0,0,0,543,628,267,543,540,552,558,405,416,297,212,581,0
2,1768494732736,947,14,11390,840550,-151494,-139277,0,0,0,543,622,242,547,555,555,526,394,411,309,214,587,0
2,1768494732752,1033,0,12175,1207069,-312763,-146607,0,0,0,548,628,234,551,565,560,496,388,410,315,219,593,0
2,1768494732768,1019,-4,13165,1640784,-436157,-168598,0,0,0,562,632,244,548,569,557,459,376,408,346,246,605,0
2,1768494732784,1038,-38,14041,2050063,-416610,-215024,0,0,0,562,624,228,540,574,552,421,369,397,323,226,596,0
2,1768494732800,1273,-114,14960,2586403,-381179,-270002,0,0,0,563,624,219,535,571,544,370,352,382,318,220,595,0
2,1768494732816,1708,-215,15979,3275459,-394618,-343306,0,0,0,558,617,228,518,550,535,323,327,377,303,218,588,0
2,1768494732832,1986,-205,17492,4070805,-417831,-461814,0,0,0,547,603,214,516,556,521,297,282,377,288,205,575,0
2,1768494732848,1727,253,19497,4878369,-488692,-582765,0,0,0,532,600,219,509,549,521,266,219,375,265,183,562,0
2,1768494732864,1746,392,20526,5726250,-642630,-662177,0,0,0,507,590,215,498,538,519,253,177,374,253,169,537,0
2,1768494732880,1990,-335,20736,6632774,-744033,-725707,0,0,0,471,571,197,485,526,506,253,167,369,253,164,511,0
2,1768494732896,2751,-2105,20708,7045719,-521678,-777020,0,0,0,432,550,179,470,513,477,256,168,344,249,160,488,0
2,1768494732912,2809,-3153,20344,6921103,-207694,-904080,0,0,0,384,524,170,444,481,444,265,177,317,233,153,451,0
2,1768494732928,2651,-1387,17760,6462954,-355523,-1070235,0,0,0,315,487,171,403,421,421,282,205,305,203,148,383,0
2,1768494732944,3881,923,14419,6064670,-524122,-1229060,0,0,0,253,449,174,365,379,400,303,242,294,170,148,287,0
2,1768494732960,5106,4168,10169,5512447,-441044,-1486845,0,0,0,257,435,176,359,375,389,312,258,291,148,140,218,0
2,1768494732976,5872,9638,5168,4394564,-279776,-1852143,0,0,0,259,432,173,361,378,385,305,264,278,148,141,213,0
2,1768494732992,5661,15807,3326,1695761,-7330,-2161241,0,0,0,258,433,176,354,381,373,299,268,261,146,143,207,0
2,1768494733008,2761,14998,5867,-2008524,7330,-1789835,0,0,0,253,429,172,347,379,367,296,272,254,139,142,198,0
2,1768494733024,1440,9380,7016,-4222300,-387288,-1022588,0,0,0,246,428,172,347,378,371,295,286,256,136,143,195,0
2,1768494733040,3517,3594,5173,-4506963,-720820,-259006,0,0,0,243,425,169,343,375,365,292,297,253,135,148,191,0
2,1768494733056,5589,2469,3531,-3959628,-140499,-19547,0,0,0,241,424,168,342,375,361,293,304,249,135,151,183,0
2,1768494733072,4699,3038,4374,-3814242,635299,103847,0,0,0,240,422,169,343,377,359,294,311,244,136,156,175,0
2,1768494733088,2177,3747,6733,-4065919,1044579,419053,0,0,0,241,423,170,340,374,354,291,317,239,135,158,169,0
2,1768494733104,1966,3292,7906,-4309043,952949,913854,0,0,0,242,422,169,338,370,351,292,324,238,133,158,166,0
2,1768494733120,2857,2498,8595,-4408003,1025031,1259604,0,0,0,239,420,164,341,371,356,294,328,238,131,160,162,0
2,1768494733136,2823,2048,9911,-4451985,1326799,1314581,0,0,0,237,421,161,343,370,359,293,332,237,130,160,156,0
2,1768494733152,1904,1914,11868,-4580267,1555262,1265712,0,0,0,239,422,165,341,370,350,298,342,242,130,160,158,0
2,1768494733168,957,1722,13926,-4840496,1568701,1164309,0,0,0,236,421,165,332,377,349,296,342,242,131,160,159,0
2,1768494733184,378,1253,15630,-5089729,1539380,1029918,0,0,0,232,420,165,293,403,330,298,342,246,133,164,161,0
2,1768494733200,-100,622,17195,-5237558,1528384,857654,0,0,0,235,421,175,342,371,359,299,340,246,132,163,163,0
2,1768494733216,-435,196,18779,-5208237,1521054,744033,0,0,0,235,421,170,342,370,359,295,332,245,132,160,160,0
2,1768494733232,-440,-14,20770,-5153259,1502728,750142,0,0,0,233,420,166,344,372,360,297,331,245,138,160,160,0
2,1768494733248,-363,-583,23211,-5219232,1441641,979827,0,0,0,236,423,169,343,373,360,298,327,247,135,156,160,0
2,1768494733264,-263,-2479,25283,-5357288,1291369,1345125,0,0,0,236,422,167,345,374,360,300,325,248,136,156,160,0
2,1768494733280,459,-7159,26144,-5402492,1060462,1739744,0,0,0,236,424,166,347,373,359,300,322,247,135,155,158,0
2,1768494733296,2067,-13433,24115,-5077511,873537,1649336,0,0,0,239,425,165,349,373,361,310,320,250,138,153,160,0
2,1768494733312,3785,-19798,19818,-4388455,767246,1117883,0,0,0,241,427,166,351,374,364,317,322,257,138,152,163,0
2,1768494733328,2823,-23866,14189,-3209485,987158,162490,0,0,0,240,430,170,351,376,367,313,325,261,134,152,163,0
2,1768494733344,-2187,-24962,11332,-1902234,1187522,-658512,0,0,0,241,431,172,351,376,368,311,325,258,134,153,164,0
2,1768494733360,-7054,-25431,10452,-634078,873537,-1192408,0,0,0,237,426,172,349,373,367,309,340,255,137,157,165,0
2,1768494733376,-6532,-23670,10820,320093,45204,-1244943,0,0,0,233,417,175,340,361,364,323,388,257,140,181,166,0
2,1768494733392,-4694,-18635,13534,1496619,-912632,-1064127,0,0,0,234,408,167,341,354,357,368,441,253,152,225,150,0
2,1768494733408,-866,-5293,15032,3088534,-2388483,-317649,0,0,0,243,381,153,338,331,345,411,453,251,169,266,141,0
2,1768494733424,2627,3914,12041,3888768,-2877175,585208,0,0,0,258,389,159,349,324,356,451,465,256,196,296,135,0
2,1768494733440,698,3728,12289,4023158,-1923003,1091005,0,0,0,251,389,161,361,324,372,470,500,264,337,425,149,0
2,1768494733456,-3498,-287,16439,3630982,-615752,814894,0,0,0,262,405,166,378,336,389,509,526,284,416,468,160,0
2,1768494733472,-2110,-1100,17750,2627942,-304210,28099,0,0,0,271,429,193,384,341,405,546,549,295,431,486,186,0
2,1768494733488,1311,-205,14702,1414763,-294437,-288328,0,0,0,285,452,208,398,355,420,564,564,308,438,497,229,0
2,1768494733504,1794,430,11203,587652,-235793,-2443,0,0,0,322,473,222,415,375,433,578,576,335,456,505,273,0
2,1768494733520,866,545,9753,180816,-189368,161268,0,0,0,359,493,237,423,388,447,586,583,361,485,522,297,0
2,1768494733536,373,411,9925,10995,-228463,74525,0,0,0,386,509,255,424,393,452,599,588,354,529,552,312,0
2,1768494733552,808,536,10198,-75747,-290771,-14660,0,0,0,401,517,265,427,397,454,613,597,344,553,569,325,0
2,1768494733568,894,804,10189,-102625,-282219,-18325,0,0,0,407,520,267,434,404,464,619,605,357,538,561,332,0
2,1768494733584,713,957,10136,-59864,-200363,1221,0,0,0,413,528,277,437,406,468,623,608,363,527,555,333,0
2,1768494733600,703,957,10141,8552,-122173,-4886,0,0,0,421,534,273,441,405,459,628,610,361,529,559,340,0
2,1768494733616,760,938,10136,54977,-90408,-18325,0,0,0,432,541,288,448,409,474,632,607,361,531,555,345,0
2,1768494733632,746,933,10098,79412,-72082,-20769,0,0,0,431,545,289,453,413,475,638,609,365,537,561,358,0
2,1768494733648,708,923,10054,100181,-50090,-21991,0,0,0,436,554,286,454,419,471,641,608,367,525,539,357,0
2,1768494733664,703,923,10026,123394,-30543,-23212,0,0,0,434,552,271,454,428,477,634,592,365,530,536,364,0
2,1768494733680,732,942,10040,163711,-20769,-26878,0,0,0,444,562,281,461,460,491,630,583,370,517,512,372,0
2,1768494733696,775,942,10074,228463,-19547,-29321,0,0,0,448,577,287,474,458,486,629,565,376,458,445,405,0
2,1768494733712,794,851,10031,266337,-29321,-30543,0,0,0,457,587,293,475,450,484,623,545,383,462,437,422,0
2,1768494733728,804,780,10002,273667,-47647,-34208,0,0,0,461,590,292,479,462,487,620,534,391,380,357,450,0
2,1768494733744,804,760,10054,280998,-58643,-45204,0,0,0,475,597,298,481,467,492,612,517,393,307,271,483,0
2,1768494733760,813,737,10131,320093,-50090,-61086,0,0,0,495,607,306,486,472,498,601,498,397,294,243,503,0
2,1768494733776,813,679,10145,372627,-51312,-79412,0,0,0,508,613,307,493,481,503,596,479,406,357,300,506,0
2,1768494733792,756,607,10064,393397,-61086,-85521,0,0,0,517,618,306,496,484,511,595,465,406,394,327,517,0
2,1768494733808,722,531,9987,383623,-69638,-84299,0,0,0,522,629,303,504,496,524,592,458,398,301,227,551,0
2,1768494733824,727,445,9973,353080,-78190,-76969,0,0,0,525,635,321,508,515,528,585,438,401,295,227,560,0
2,1768494733840,727,378,10007,324980,-92851,-72082,0,0,0,525,630,331,513,506,532,582,434,412,286,218,562,0
2,1768494733856,746,335,10016,295658,-108734,-68416,0,0,0,528,628,326,506,518,531,584,431,421,295,224,565,0
2,1768494733872,784,325,10050,274889,-119729,-69638,0,0,0,528,627,324,514,518,545,575,419,423,317,233,565,0
2,1768494733888,823,325,10184,290771,-141720,-76969,0,0,0,531,633,337,516,530,540,564,403,437,301,225,577,0
2,1768494733904,804,296,10275,337197,-180816,-85521,0,0,0,552,643,336,513,524,544,558,397,440,304,225,583,0
2,1768494733920,693,258,10342,409279,-212581,-86742,0,0,0,552,649,310,521,542,540,558,394,432,364,242,580,0
2,1768494733936,646,220,10504,500909,-215024,-79412,0,0,0,552,642,299,524,547,559,543,390,423,332,232,585,0
2,1768494733952,708,157,10753,631634,-184481,-75747,0,0,0,558,641,287,526,554,560,530,382,419,321,234,591,0
2,1768494733968,703,71,11007,791681,-140499,-87964,0,0,0,557,639,259,529,570,548,515,378,419,324,232,594,0
2,1768494733984,698,-19,11222,976162,-101403,-101403,0,0,0,558,635,240,528,563,536,447,350,406,327,228,587,0
2,1768494734000,703,-43,11811,1216843,-70860,-109955,0,0,0,560,631,237,532,555,535,415,326,397,329,225,586,0
2,1768494734016,1072,-90,13036,1577254,-68416,-124616,0,0,0,558,621,230,533,558,536,433,322,404,323,218,595,0
2,1768494734032,1981,-100,14970,2166128,-124616,-211359,0,0,0,557,610,217,518,540,526,385,298,399,310,212,592,0
2,1768494734048,2517,71,16937,2944370,-285884,-404392,0,0,0,553,598,212,511,534,519,337,273,387,301,208,574,0
2,1768494734064,2809,52,18243,3787364,-486248,-599869,0,0,0,537,587,211,505,533,511,306,238,376,281,195,564,0
2,1768494734080,2833,52,18779,4605923,-570548,-768468,0,0,0,479,577,198,494,517,492,290,197,365,271,189,517,0
2,1768494734096,3134,4,18597,5271767,-604756,-899193,0,0,0,437,553,190,474,501,478,285,202,350,249,171,487,0
2,1768494734112,4398,-1072,17812,5531995,-404392,-1034805,0,0,0,407,532,177,445,468,450,283,214,324,239,165,453,0
2,1768494734128,4919,-2680,16156,5343849,337197,-1374446,0,0,0,362,504,175,409,433,426,293,247,307,226,170,414,0
2,1768494734144,2445,-2469,15166,5002986,718377,-1689653,0,0,0,262,468,165,378,391,400,304,273,291,232,246,320,0
2,1768494734160,488,-244,13108,4411668,193033,-1778839,0,0,0,229,447,162,356,376,382,312,294,278,220,273,231,0
2,1768494734176,3254,6451,7633,3237585,-541226,-1826487,0,0,0,229,444,163,347,376,377,305,302,268,208,271,196,0
2,1768494734192,6432,14008,4216,1445307,-541226,-2197893,0,0,0,227,442,161,342,375,372,296,305,256,208,276,192,0
2,1768494734208,4895,15912,5154,-594982,-112399,-2554638,0,0,0,232,436,165,339,379,365,293,315,247,204,276,188,0
2,1768494734224,2397,13778,5991,-1953547,-124616,-2410474,0,0,0,238,431,169,339,382,363,292,324,243,189,255,183,0
2,1768494734240,2967,10911,4915,-2437352,-288328,-1710422,0,0,0,242,428,165,345,377,363,293,327,242,169,224,177,0
2,1768494734256,4589,9581,4044,-2669481,74525,-1003040,0,0,0,244,429,160,347,380,363,291,330,239,158,211,173,0
2,1768494734272,4091,8925,5111,-2943148,812450,-431270,0,0,0,238,431,165,336,387,360,291,335,241,156,209,175,0
2,1768494734288,2617,7647,6872,-3214372,1126435,91629,0,0,0,237,430,165,345,379,363,291,339,242,155,214,170,0
2,1768494734304,2258,6331,8121,-3444058,1222952,500909,0,0,0,239,431,166,345,375,365,291,336,246,165,226,175,0
2,1768494734320,2464,5250,9346,-3695734,1328021,726929,0,0,0,238,430,164,346,373,366,290,336,243,177,227,168,0
2,1768494734336,2129,4503,11127,-4023158,1486845,780685,0,0,0,239,429,159,345,372,359,294,337,242,169,227,168,0
2,1768494734352,1641,3785,13189,-4394564,1600466,827111,0,0,0,240,429,164,341,362,356,291,332,239,164,221,161,0
2,1768494734368,1349,3048,15405,-4747644,1651779,926071,0,0,0,244,429,166,345,368,358,291,335,239,157,213,161,0
2,1768494734384,1541,2282,17702,-4967556,1657888,1111774,0,0,0,245,429,166,347,372,361,294,333,240,153,200,162,0
2,1768494734400,2100,1344,20105,-5073846,1659109,1362229,0,0,0,245,428,165,349,370,362,298,326,245,152,192,161,0
2,1768494734416,3067,-583,22397,-5101946,1670105,1777617,0,0,0,242,426,162,351,367,361,301,322,247,153,189,160,0
2,1768494734432,3862,-3938,23503,-5079955,1755626,2273640,0,0,0,240,425,158,351,370,360,305,322,247,150,184,159,0
2,1768494734448,3555,-9930,23560,-4840496,1946216,2741563,0,0,0,242,429,160,353,374,365,312,324,254,145,173,158,0
2,1768494734464,1966,-15185,21823,-4223522,1698205,2624277,0,0,0,243,432,162,357,373,370,316,325,261,141,166,160,0
2,1768494734480,1215,-19478,17157,-3362202,1142317,2073276,0,0,0,236,431,158,358,378,371,317,325,262,143,168,163,0
2,1768494734496,938,-23268,11529,-2306627,901637,990823,0,0,0,235,432,157,361,377,372,320,326,267,142,168,163,0
2,1768494734512,-1574,-26135,8781,-1252273,996932,-168598,0,0,0,235,433,157,360,376,374,320,330,266,141,167,163,0
2,1768494734528,-6116,-25996,9605,-112399,891863,-1044579,0,0,0,240,438,163,358,375,371,314,331,257,141,167,166,0
2,1768494734544,-6719,-20373,11342,1049466,96516,-1149648,0,0,0,233,426,160,361,374,372,332,428,249,147,210,144,0
2,1768494734560,-5537,-9557,14922,2103819,-971275,-757472,0,0,0,239,396,159,341,339,353,355,441,264,178,275,150,0
2,1768494734576,-1861,5857,15673,2924822,-2389704,233350,0,0,0,252,386,163,345,324,354,421,463,258,253,370,147,0
2,1768494734592,760,7714,10825,3671300,-2208888,1083674,0,0,0,257,397,167,362,324,375,480,507,258,347,442,153,0
2,1768494734608,-2244,593,14658,4184426,-574213,1088561,0,0,0,257,414,178,377,333,394,529,541,277,402,474,177,0
2,1768494734624,-2421,-2254,19061,3232698,47647,161268,0,0,0,262,435,197,390,346,415,561,561,309,419,488,220,0
2,1768494734640,1115,-1038,16788,1749518,-144164,-399505,0,0,0,282,457,212,403,361,432,578,577,327,424,495,263,0
2,1768494734656,3206,674,11390,626747,-398284,-87964,0,0,0,312,472,222,417,381,440,592,588,331,442,503,296,0
2,1768494734672,1464,626,9729,326202,-229685,200363,0,0,0,341,488,240,430,399,448,602,593,338,461,510,327,0
2,1768494734688,617,497,9825,216246,-100181,152716,0,0,0,372,515,268,438,406,458,607,593,346,452,496,349,0
2,1768494734704,1086,583,10122,140499,-149051,18325,0,0,0,410,526,278,440,408,460,622,592,354,464,495,382,0
2,1768494734720,1397,751,10112,112399,-245567,-20769,0,0,0,441,538,306,448,424,475,626,585,359,471,492,402,0
2,1768494734736,1253,880,10088,173485,-299323,-14660,0,0,0,477,557,333,452,433,485,631,569,365,484,487,412,0
2,1768494734752,1028,842,10198,271224,-266337,-20769,0,0,0,486,573,364,470,441,493,631,557,371,463,452,441,0
2,1768494734768,961,765,10227,316428,-185703,-23212,0,0,0,501,582,352,476,449,495,631,548,381,423,392,488,0
2,1768494734784,1005,708,10150,317649,-97738,-17104,0,0,0,512,591,349,476,456,494,634,535,393,321,288,506,0
2,1768494734800,1110,655,10088,321315,-48869,-17104,0,0,0,519,595,360,481,466,511,624,520,395,300,257,522,0
2,1768494734816,1153,598,10069,334754,-41538,-34208,0,0,0,527,600,363,481,469,504,611,500,400,299,248,531,0
2,1768494734832,1095,540,10064,351858,-50090,-51312,0,0,0,529,602,356,492,479,511,611,484,417,294,234,540,0
2,1768494734848,1052,473,10016,351858,-47647,-59864,0,0,0,533,608,353,498,489,518,599,470,418,291,225,548,0
2,1768494734864,1052,421,9959,327423,-45204,-59864,0,0,0,534,613,346,499,491,521,587,459,415,291,220,552,0
2,1768494734880,1062,406,9968,305432,-56199,-59864,0,0,0,536,614,338,503,492,526,586,453,417,292,217,555,0
2,1768494734896,1048,373,9964,291993,-79412,-58643,0,0,0,542,614,336,506,496,527,590,448,414,323,226,555,0
2,1768494734912,1024,306,9868,265115,-102625,-52534,0,0,0,541,618,330,509,498,528,589,446,412,359,236,551,0
2,1768494734928,985,224,9748,190589,-106290,-42760,0,0,0,545,624,334,511,498,531,589,451,409,299,213,565,0
2,1768494734944,961,210,9739,106290,-92851,-32986,0,0,0,545,630,341,516,502,536,592,457,412,298,214,569,0
2,1768494734960,1000,239,9853,52534,-78190,-23212,0,0,0,552,635,341,514,509,540,590,459,411,296,213,567,0
2,1768494734976,1014,268,9944,25656,-74525,-18325,0,0,0,547,634,337,514,506,538,594,459,410,306,219,577,0
2,1768494734992,971,268,9925,6108,-72082,-12217,0,0,0,546,632,334,515,505,539,595,460,409,302,219,570,0
2,1768494735008,952,229,9839,-45204,-57421,0,0,0,0,541,630,338,516,507,533,595,465,410,302,223,571,0
2,1768494735024,981,220,9791,-118507,-46425,8552,0,0,0,546,631,355,517,508,536,601,472,417,300,225,567,0
2,1768494735040,1067,277,9911,-188146,-59864,10995,0,0,0,548,629,360,521,514,536,611,475,416,303,227,570,0
2,1768494735056,1129,382,10117,-193033,-91629,2443,0,0,0,548,632,361,524,519,536,609,476,410,300,229,567,0
2,1768494735072,1081,473,10246,-122173,-117286,-9773,0,0,0,548,637,364,533,551,523,606,475,411,301,231,567,0
2,1768494735088,981,473,10189,-29321,-107512,-15882,0,0,0,551,641,369,531,549,520,608,475,414,300,228,568,0
2,1768494735104,976,449,10174,45204,-83077,-17104,0,0,0,553,646,375,520,513,533,604,467,414,295,221,564,0
2,1768494735120,1062,435,10265,118507,-68416,-25656,0,0,0,547,646,373,519,516,535,590,447,412,297,219,567,0
2,1768494735136,1134,416,10323,205250,-78190,-42760,0,0,0,543,641,361,517,525,536,576,434,411,300,219,574,0
2,1768494735152,1172,387,10370,302989,-125838,-70860,0,0,0,537,638,351,520,520,540,560,422,411,301,221,577,0
2,1768494735168,1139,349,10399,405614,-194255,-100181,0,0,0,542,638,341,519,515,541,556,405,413,297,210,576,0
2,1768494735184,1052,306,10495,519235,-250454,-124616,0,0,0,542,631,306,524,524,543,536,374,413,297,209,576,0
2,1768494735200,1028,234,10787,668286,-298102,-140499,0,0,0,542,615,275,524,528,544,510,356,411,305,213,576,0
2,1768494735216,957,129,11509,922406,-414166,-140499,0,0,0,550,606,246,523,536,543,487,354,405,299,203,563,0
2,1768494735232,1091,153,12443,1258382,-553443,-125838,0,0,0,552,601,237,510,522,523,455,340,388,289,198,560,0
2,1768494735248,1239,244,13055,1594358,-569326,-157603,0,0,0,541,592,229,498,515,510,407,325,388,360,256,538,0
2,1768494735264,1206,0,13424,2047620,-483805,-216246,0,0,0,533,584,226,491,508,503,363,301,378,319,226,544,0
2,1768494735280,1363,-354,13874,2640159,-367740,-276111,0,0,0,523,576,223,493,510,497,332,279,370,280,194,542,0
2,1768494735296,1684,-397,14558,3082425,-276111,-337197,0,0,0,501,566,213,494,511,487,325,258,360,271,189,528,0
2,1768494735312,1909,-521,14922,3402519,-262672,-425162,0,0,0,455,557,195,486,500,475,321,245,346,281,214,500,0
2,1768494735328,2603,-1081,14462,3602883,-344527,-548556,0,0,0,411,547,183,471,486,467,307,254,336,280,226,469,0
2,1768494735344,3436,-1765,13764,3652974,-332310,-706160,0,0,0,395,529,184,455,469,457,305,274,330,243,180,454,0
2,1768494735360,4379,-2833,12199,3530801,-69638,-937067,0,0,0,373,510,185,431,442,443,312,284,317,234,176,424,0
2,1768494735376,2708,-2818,11725,3216816,195476,-1226617,0,0,0,336,485,186,408,421,432,319,294,311,222,175,390,0
2,1768494735392,1019,-2761,11170,2888170,-94073,-1343903,0,0,0,276,465,167,384,397,416,321,305,300,197,174,337,0
2,1768494735408,2560,-2105,8772,2543642,-563217,-1393994,0,0,0,241,438,166,365,377,392,332,323,293,169,172,241,0
2,1768494735424,4436,1268,6858,2076941,-288328,-1679879,0,0,0,250,430,171,360,371,392,327,329,285,160,166,227,0
2,1768494735440,3991,5484,6015,1348790,59864,-2153910,0,0,0,244,429,167,358,371,381,317,326,270,182,211,208,0
2,1768494735456,2751,7327,5862,505796,21991,-2471560,0,0,0,242,425,171,350,366,379,315,323,259,198,242,207,0
2,1768494735472,1914,7585,5915,-403171,-117286,-2459343,0,0,0,235,428,169,344,369,376,300,320,250,214,274,201,0
2,1768494735488,1569,6786,6006,-1241278,-237015,-2030516,0,0,0,236,431,170,344,370,371,299,341,247,185,230,195,0
2,1768494735504,2091,5776,5723,-1723861,-217468,-1450194,0,0,0,239,432,172,342,365,366,302,349,245,183,229,190,0
2,1768494735520,2833,4632,5446,-1985312,85521,-805120,0,0,0,240,427,172,343,368,365,300,346,244,178,226,185,0
2,1768494735536,2703,3871,5910,-2119702,449596,-280998,0,0,0,238,422,169,344,369,364,296,342,242,176,227,184,0
2,1768494735552,2450,3474,6714,-2267531,678060,141720,0,0,0,238,425,169,340,364,362,288,333,238,201,269,182,0
2,1768494735568,2617,3220,7705,-2513099,818559,540004,0,0,0,242,429,174,341,364,362,290,335,239,193,253,181,0
2,1768494735584,2847,2952,8643,-2715906,985936,823446,0,0,0,239,421,172,335,377,358,300,348,246,155,192,183,0
2,1768494735600,2742,2636,9920,-2867401,1200961,1106887,0,0,0,240,420,173,303,401,343,305,351,249,146,173,182,0
2,1768494735616,2402,2354,11452,-2967583,1356120,1347568,0,0,0,240,420,171,344,369,363,296,347,242,141,171,179,0
2,1768494735632,2196,2072,13022,-3087312,1458746,1541823,0,0,0,241,421,174,348,372,368,296,349,247,145,174,182,0
2,1768494735648,2014,1708,14639,-3242472,1527163,1674992,0,0,0,241,422,175,348,373,368,297,346,248,142,169,180,0
2,1768494735664,1407,1038,16286,-3429397,1535715,1781283,0,0,0,239,423,171,348,373,368,299,344,249,139,167,181,0
2,1768494735680,722,162,17434,-3563787,1452637,1880243,0,0,0,239,423,171,349,374,370,301,338,250,141,166,184,0
2,1768494735696,291,-1196,18320,-3621209,1235169,1971872,0,0,0,240,424,173,350,375,374,301,336,253,140,161,189,0
2,1768494735712,751,-2502,18602,-3519805,1009149,1910786,0,0,0,239,425,173,350,374,374,304,337,255,137,158,188,0
2,1768494735728,1402,-3819,18190,-3330437,850324,1685988,0,0,0,240,426,173,350,376,375,308,334,256,137,158,184,0
2,1768494735744,1947,-5221,16683,-3089756,786794,1291369,0,0,0,247,427,174,354,377,378,311,330,258,140,158,183,0
2,1768494735760,2292,-7288,14151,-2750115,813672,689055,0,0,0,251,428,174,355,376,377,315,329,261,141,157,185,0
2,1768494735776,1684,-9830,11873,-2304183,959058,4886,0,0,0,242,429,175,349,376,375,318,329,264,139,157,185,0
2,1768494735792,-1311,-12447,10653,-1674992,1134987,-668286,0,0,0,245,432,178,352,378,378,319,328,263,142,157,185,0
2,1768494735808,-5393,-13888,10457,-928515,988379,-1116661,0,0,0,245,432,177,352,378,379,314,330,261,140,157,184,0
2,1768494735824,-6657,-12668,10653,-174707,287106,-1131322,0,0,0,242,432,176,353,382,379,306,326,258,139,161,184,0
2,1768494735840,-3010,-9370,10050,509461,-378736,-981049,0,0,0,241,433,176,351,382,378,306,330,260,139,161,185,0
2,1768494735856,516,-5886,9504,1037249,-570548,-882089,0,0,0,236,431,174,353,383,380,308,330,262,139,161,186,0
2,1768494735872,449,-3082,9696,1182635,-411723,-657290,0,0,0,234,424,167,348,381,373,308,362,254,141,180,184,0
2,1768494735888,-770,-1746,10897,1126435,-464257,-138055,0,0,0,236,419,164,350,372,367,331,416,247,150,202,179,0
2,1768494735904,258,-1225,12021,1441641,-1205847,489913,0,0,0,235,410,162,345,355,363,368,439,251,161,228,172,0
2,1768494735920,1804,1052,10394,2029294,-1991420,725707,0,0,0,248,407,166,347,342,359,401,452,251,170,249,163,0
2,1768494735936,1387,2459,9107,2484999,-2219884,637743,0,0,0,257,408,171,362,338,367,447,465,259,193,277,166,0
2,1768494735952,-780,1330,12165,2469117,-1704314,461814,0,0,0,261,413,177,375,338,383,498,497,271,292,371,172,0
2,1768494735968,-1526,124,14888,2087937,-1156978,230907,0,0,0,263,423,185,382,341,396,530,530,286,373,444,185,0
2,1768494735984,-100,-344,14099,1374446,-817337,21991,0,0,0,273,438,196,389,347,410,544,544,302,410,459,215,0
2,1768494736000,942,-277,11940,752585,-598647,53756,0,0,0,294,453,209,403,353,425,562,562,315,455,490,251,0
2,1768494736016,842,-157,10787,296880,-373849,114842,0,0,0,312,465,214,416,367,434,585,584,332,442,514,278,0
2,1768494736032,354,196,10284,30543,-200363,103847,0,0,0,337,474,223,430,384,447,587,583,340,459,518,307,0
2,1768494736048,435,325,10169,2443,-174707,48869,0,0,0,344,482,231,436,391,458,598,594,347,470,523,322,0
2,1768494736064,593,272,10184,-7330,-162490,19547,0,0,0,353,500,240,444,412,457,604,603,351,472,518,330,0
2,1768494736080,607,330,10136,-34208,-128281,7330,0,0,0,354,502,243,445,400,457,613,612,355,508,550,322,0
2,1768494736096,603,421,10069,-47647,-95294,1221,0,0,0,354,502,243,447,404,462,620,618,363,473,521,336,0
2,1768494736112,626,469,10054,-40317,-84299,0,0,0,0,351,503,243,452,406,468,620,617,359,499,548,326,0
2,1768494736128,631,459,10093,-26878,-89186,0,0,0,0,357,507,244,455,410,469,624,623,362,510,549,324,0
2,1768494736144,612,464,10107,-9773,-87964,-3665,0,0,0,357,508,245,453,406,466,620,620,359,520,557,328,0
2,1768494736160,574,488,10078,7330,-73303,-6108,0,0,0,360,508,245,453,405,465,624,624,359,524,561,326,0
2,1768494736176,559,497,10035,23212,-56199,-7330,0,0,0,360,508,244,454,406,467,628,628,361,523,561,324,0
2,1768494736192,579,497,10016,32986,-46425,-7330,0,0,0,359,507,244,452,407,469,632,630,365,526,563,325,0
2,1768494736208,598,488,10040,45204,-40317,-7330,0,0,0,361,507,245,450,407,470,633,629,369,520,556,331,0
2,1768494736224,593,483,10054,63529,-32986,-7330,0,0,0,364,512,248,451,408,471,630,626,370,506,539,332,0
2,1768494736240,593,473,10031,75747,-28099,-9773,0,0,0,369,516,253,449,407,470,637,628,377,516,547,329,0
2,1768494736256,603,464,9987,75747,-30543,-12217,0,0,0,375,518,255,451,408,474,634,630,370,498,528,337,0
2,1768494736272,607,454,9983,65973,-43982,-13439,0,0,0,376,516,252,454,410,474,634,629,368,505,534,343,0
2,1768494736288,612,449,9997,61086,-53756,-13439,0,0,0,379,516,249,452,407,474,635,630,368,506,531,342,0
2,1768494736304,607,449,10002,67195,-61086,-13439,0,0,0,381,517,253,451,413,475,631,625,368,528,546,346,0
2,1768494736320,607,449,10002,78190,-64751,-12217,0,0,0,383,519,256,451,413,484,639,626,370,542,558,349,0
2,1768494736336,607,435,10002,72082,-63529,-9773,0,0,0,387,518,258,453,415,487,639,624,366,550,563,357,0
2,1768494736352,612,425,10016,63529,-62308,-8552,0,0,0,388,518,254,457,418,485,637,624,366,539,553,359,0
2,1768494736368,626,435,10021,67195,-65973,-8552,0,0,0,395,519,257,459,418,484,640,620,371,530,544,364,0
2,1768494736384,636,440,10021,83077,-75747,-9773,0,0,0,405,524,263,466,426,487,644,619,382,529,538,371,0
2,1768494736400,631,421,10035,96516,-89186,-12217,0,0,0,413,527,267,472,430,490,648,616,391,526,531,376,0
2,1768494736416,612,402,10035,91629,-91629,-12217,0,0,0,418,527,269,471,428,492,650,611,398,518,522,378,0
2,1768494736432,593,392,10035,87964,-89186,-12217,0,0,0,423,529,275,472,431,496,650,606,403,518,521,385,0
2,1768494736448,593,392,10059,91629,-84299,-10995,0,0,0,428,533,284,476,435,501,652,601,405,514,517,399,0
2,1768494736464,612,392,10083,111177,-83077,-10995,0,0,0,437,538,289,473,434,503,653,592,406,484,484,412,0
2,1768494736480,612,382,10088,139277,-85521,-14660,0,0,0,446,552,309,474,438,506,658,588,411,445,439,424,0
2,1768494736496,579,339,10040,149051,-87964,-14660,0,0,0,441,552,347,477,438,530,653,583,411,439,431,425,0
2,1768494736512,550,301,10021,135612,-84299,-9773,0,0,0,452,553,315,481,445,514,647,575,412,434,431,445,0
2,1768494736528,555,287,10040,111177,-74525,-4886,0,0,0,458,564,308,482,449,512,655,577,423,428,417,445,0
2,1768494736544,588,301,10069,103847,-68416,-4886,0,0,0,451,555,293,487,455,521,651,563,415,476,462,444,0
2,1768494736560,607,306,10083,112399,-72082,-6108,0,0,0,460,564,295,491,462,522,651,563,418,455,431,462,0
2,1768494736576,598,263,10069,119729,-79412,-10995,0,0,0,464,567,314,487,456,525,646,551,417,460,431,467,0
2,1768494736592,579,220,10040,116064,-84299,-12217,0,0,0,466,573,316,488,458,524,643,545,418,486,452,469,0
2,1768494736608,550,196,10007,95294,-84299,-14660,0,0,0,471,574,313,488,464,516,647,539,419,501,462,475,0
2,1768494736624,550,196,10016,75747,-76969,-14660,0,0,0,473,574,313,484,467,509,653,534,419,488,447,485,0
2,1768494736640,569,201,10045,65973,-70860,-14660,0,0,0,473,580,313,483,468,509,651,535,421,403,369,500,0
2,1768494736656,593,205,10074,74525,-70860,-20769,0,0,0,475,585,314,488,470,513,646,533,423,301,276,509,0
2,1768494736672,588,205,10102,95294,-74525,-26878,0,0,0,479,591,318,488,474,512,639,523,424,297,265,506,0
2,1768494736688,588,210,10141,130725,-80634,-36651,0,0,0,485,591,318,489,480,518,623,509,414,294,255,511,0
2,1768494736704,588,196,10179,179594,-85521,-47647,0,0,0,497,595,327,500,489,532,617,490,412,304,257,513,0
2,1768494736720,593,167,10208,234572,-91629,-59864,0,0,0,500,592,319,509,502,541,606,463,426,447,386,496,0
2,1768494736736,598,119,10251,288328,-113620,-76969,0,0,0,505,598,307,502,499,528,606,462,417,286,221,528,0
2,1768494736752,583,81,10337,342084,-149051,-92851,0,0,0,507,598,303,509,509,537,590,446,413,280,214,534,0
2,1768494736768,583,23,10428,414166,-179594,-107512,0,0,0,507,607,286,517,519,545,579,437,420,285,210,543,0
2,1768494736784,569,-67,10447,503352,-199142,-120951,0,0,0,508,606,263,527,526,548,554,423,418,279,205,547,0
2,1768494736800,502,-81,10882,668286,-226020,-120951,0,0,0,514,597,247,523,522,537,528,410,411,284,203,546,0
2,1768494736816,655,19,11921,967610,-256563,-122173,0,0,0,512,589,230,506,515,521,501,393,411,290,206,553,0
2,1768494736832,631,119,13199,1455080,-365297,-123394,0,0,0,516,583,225,501,514,511,464,378,392,301,208,555,0
2,1768494736848,363,33,13496,1874134,-428827,-111177,0,0,0,518,581,217,503,515,509,420,357,376,297,204,559,0
2,1768494736864,205,-306,12806,2218662,-349414,-89186,0,0,0,519,578,213,496,511,501,378,338,365,296,210,560,0
2,1768494736880,224,-598,12165,2498438,-230907,-78190,0,0,0,521,573,213,483,507,491,349,324,355,300,220,554,0
2,1768494736896,378,-985,11543,2707354,-141720,-78190,0,0,0,510,570,210,476,510,491,331,305,350,283,207,544,0
2,1768494736912,737,-1569,10859,2726902,-138055,-105068,0,0,0,490,567,208,476,502,483,325,293,338,269,191,535,0
2,1768494736928,904,-2072,10562,2663372,-144164,-161268,0,0,0,480,563,200,479,498,474,352,310,337,271,186,517,0
2,1768494736944,722,-2522,10849,2533869,-195476,-216246,0,0,0,450,557,202,477,491,476,346,265,339,264,187,500,0
2,1768494736960,952,-2962,10868,2409252,-318871,-241902,0,0,0,427,546,192,469,483,468,321,257,333,269,202,482,0
2,1768494736976,1349,-3326,10437,2332283,-423940,-295658,0,0,0,409,535,185,458,479,464,311,259,333,259,187,465,0
2,1768494736992,1301,-3551,9944,2290744,-481361,-384845,0,0,0,400,529,189,442,470,460,300,260,322,236,173,449,0
2,1768494737008,1062,-3876,9250,2247984,-536339,-469144,0,0,0,389,528,185,425,452,446,297,269,313,230,167,442,0
2,1768494737024,1579,-4455,8504,2189341,-485026,-547335,0,0,0,386,514,186,418,447,441,296,269,309,230,170,439,0
2,1768494737040,1536,-4886,8490,2019520,-279776,-673173,0,0,0,377,501,187,418,436,436,310,272,306,229,169,429,0
2,1768494737056,909,-4910,8533,1791056,-219911,-778242,0,0,0,353,492,187,407,421,431,309,280,300,219,170,408,0
2,1768494737072,1028,-5144,7934,1622458,-240680,-867428,0,0,0,338,481,186,390,406,423,301,289,292,209,170,385,0
2,1768494737088,1215,-5355,7465,1508837,-156381,-971275,0,0,0,328,472,182,381,395,412,303,297,280,204,170,360,0
2,1768494737104,923,-5336,7130,1365894,2443,-1116661,0,0,0,306,466,177,375,391,406,302,302,266,198,175,332,0
2,1768494737120,358,-5163,6843,1262047,61086,-1209513,0,0,0,278,457,173,361,385,398,300,307,258,192,180,313,0
2,1768494737136,-181,-4857,6628,1172861,84299,-1276708,0,0,0,268,446,169,344,385,372,303,316,256,185,182,296,0
2,1768494737152,-708,-3919,6613,1033583,72082,-1295034,0,0,0,261,440,176,315,402,357,306,320,255,167,176,249,0
2,1768494737168,-1292,-1899,6767,687834,-37873,-1198517,0,0,0,243,441,173,331,362,365,295,312,249,167,201,222,0
2,1768494737184,-1320,569,6704,171042,-249233,-957836,0,0,0,256,427,175,336,366,360,309,328,247,153,169,214,0
2,1768494737200,-330,2096,6456,-386066,-373849,-577878,0,0,0,250,423,176,338,372,367,307,335,249,215,215,209,0
2,1768494737216,100,382,6499,-816115,-202807,-255341,0,0,0,246,420,174,337,371,360,302,336,241,162,180,198,0
2,1768494737232,67,-291,6652,-1143539,59864,-135612,0,0,0,241,419,171,333,368,355,303,341,240,143,167,191,0
2,1768494737248,-148,665,7217,-1373225,206472,-21991,0,0,0,242,422,174,333,370,355,305,340,242,144,169,195,0
2,1768494737264,-320,392,7829,-1569923,250454,196698,0,0,0,243,422,174,333,370,355,307,342,243,144,170,193,0
2,1768494737280,-358,-1411,8370,-1725083,273667,329867,0,0,0,243,421,175,333,369,356,310,348,242,142,169,190,0
2,1768494737296,-665,-2177,8829,-1936442,393397,193033,0,0,0,243,424,178,337,374,361,310,353,243,142,173,193,0
2,1768494737312,-1344,-2828,9236,-2045176,443488,91629,0,0,0,242,425,176,341,376,361,313,357,245,149,191,190,0
2,1768494737328,-2096,-4178,9834,-1996307,362853,50090,0,0,0,241,420,171,338,365,354,315,358,241,173,233,174,0
2,1768494737344,-2077,-3661,10069,-1969429,295658,6108,0,0,0,235,424,170,334,363,354,311,352,241,204,290,174,0
2,1768494737360,-1430,-2067,9940,-1976759,296880,64751,0,0,0,227,432,169,333,368,355,307,350,239,230,328,184,0
2,1768494737376,-1048,-2220,10184,-1964542,350636,233350,0,0,0,238,423,173,335,374,359,316,371,246,192,267,185,0
2,1768494737392,-1737,-4082,11021,-1995085,393397,302989,0,0,0,239,428,178,340,384,367,310,388,252,146,189,194,0
2,1768494737408,-4307,-9619,12117,-1810604,201585,180816,0,0,0,230,426,178,342,380,378,310,398,255,153,194,210,0
2,1768494737424,-7059,-16831,13084,-1285260,-164933,24434,0,0,0,242,417,179,333,355,366,320,401,251,139,186,167,0
2,1768494737440,-5183,-14166,11533,-698829,-401949,0,0,0,0,240,416,181,336,356,366,322,406,253,136,184,162,0
2,1768494737456,-1244,-2828,9863,-875980,79412,56199,0,0,0,239,415,179,337,357,367,325,409,255,136,184,162,0
2,1768494737472,-1368,1722,8753,-1103222,310319,272445,0,0,0,241,415,179,337,355,367,326,410,254,136,184,160,0
2,1768494737488,-1895,19,8379,-919963,85521,542448,0,0,0,242,415,178,336,353,366,333,415,256,138,186,159,0
2,1768494737504,-1579,-253,8734,-810007,9773,673173,0,0,0,240,414,176,336,353,367,335,417,259,140,188,160,0
2,1768494737520,-1263,1421,9499,-981049,62308,701273,0,0,0,239,412,175,338,353,367,332,415,259,140,190,161,0
2,1768494737536,-1000,2110,9715,-1227839,10995,745255,0,0,0,240,412,175,337,351,363,333,415,257,140,192,158,0
2,1768494737552,-449,1866,9849,-1396437,-26878,796568,0,0,0,241,413,176,337,351,361,335,419,256,142,195,156,0
2,1768494737568,143,1483,10165,-1539380,2443,824668,0,0,0,243,414,175,337,350,361,338,421,256,141,196,152,0
2,1768494737584,516,1143,10461,-1726305,65973,827111,0,0,0,248,417,177,338,350,360,340,425,257,137,193,149,0
2,1768494737600,550,526,10614,-1826487,116064,839328,0,0,0,248,416,175,338,350,357,339,425,254,139,193,148,0
2,1768494737616,411,-220,10815,-1770287,155159,924849,0,0,0,250,415,173,338,346,356,339,424,250,141,193,143,0
2,1768494737632,641,-756,11069,-1622458,208915,1154535,0,0,0,246,412,169,342,348,356,340,424,250,137,193,143,0
2,1768494737648,981,-1249,11184,-1513724,280998,1428202,0,0,0,246,409,169,341,346,356,345,427,252,141,194,148,0
2,1768494737664,1076,-1856,11117,-1375668,357967,1729970,0,0,0,248,410,173,341,347,357,345,426,252,141,195,147,0
2,1768494737680,856,-2431,10978,-1188743,404392,1979203,0,0,0,251,413,175,342,346,359,342,424,249,138,193,145,0
2,1768494737696,670,-2995,10844,-971275,398284,2131919,0,0,0,251,414,176,342,344,358,342,425,250,141,195,147,0
2,1768494737712,808,-3551,10787,-737925,355523,2151467,0,0,0,249,414,174,342,345,357,344,426,252,143,197,148,0
2,1768494737728,966,-3862,10758,-579100,302989,2056172,0,0,0,249,415,175,344,347,360,345,424,253,143,198,149,0
2,1768494737744,1344,-4115,10485,-439822,241902,1842369,0,0,0,249,416,175,345,349,362,344,423,255,143,196,151,0
2,1768494737760,1971,-4278,10040,-272445,230907,1579697,0,0,0,247,415,173,343,349,362,342,420,255,142,192,152,0
2,1768494737776,2593,-4264,9466,-50090,298102,1269377,0,0,0,246,414,173,341,350,361,341,419,255,141,191,154,0
2,1768494737792,2699,-4197,9002,205250,415388,1001818,0,0,0,246,416,174,341,353,359,343,424,253,145,196,158,0
2,1768494737808,1727,-5647,9652,592539,582765,800233,0,0,0,253,427,178,347,358,358,352,422,248,156,199,164,0
2,1768494737824,-378,-5728,10811,1211956,930958,766025,0,0,0,280,443,192,365,371,376,392,414,259,182,208,207,0
2,1768494737840,-909,-2871,12629,1340238,1291369,566882,0,0,0,307,452,196,391,386,404,434,430,282,215,221,261,0
2,1768494737856,1239,-832,12878,367740,1021366,131946,0,0,0,335,468,200,406,396,409,462,446,284,233,225,301,0
2,1768494737872,2067,-220,11050,-453262,302989,-13439,0,0,0,368,484,207,417,399,425,489,465,301,254,256,328,0
2,1768494737888,1584,358,9997,-583987,-150272,-3665,0,0,0,390,502,210,427,404,430,506,460,318,258,236,351,0
2,1768494737904,760,540,10112,-226020,-180816,14660,0,0,0,404,507,214,449,417,450,526,466,325,268,229,382,0
2,1768494737920,756,402,10289,-35430,-79412,-15882,0,0,0,416,515,216,454,420,456,539,470,336,271,230,402,0
2,1768494737936,871,296,10174,0,-53756,-26878,0,0,0,424,521,223,457,426,460,544,472,342,278,237,418,0
2,1768494737952,847,258,9987,-30543,-65973,-10995,0,0,0,427,528,226,463,434,469,549,480,347,284,244,428,0
2,1768494737968,799,272,9925,-54977,-59864,1221,0,0,0,431,532,227,469,442,478,558,490,353,288,249,435,0
2,1768494737984,827,330,9964,-72082,-40317,6108,0,0,0,441,538,235,471,447,485,569,496,360,335,301,436,0
