sole_id,timestamp,accel_x,accel_y,accel_z,gyro_x,gyro_y,gyro_z,magn_x,magn_y,magn_z,pressure_01,pressure_02,pressure_03,pressure_04,pressure_05,pressure_06,pressure_07,pressure_08,pressure_09,pressure_10,pressure_11,pressure_12,corrupt,concrete
1,1775671347984,-7116,-1560,13304,4752531,2913827,2173458,0,0,0,258,284,239,255,184,294,321,254,277,178,221,129,0,
2,1775671347984,28,-14,12002,370184,-1200961,268780,0,0,0,441,490,342,434,403,457,558,516,333,268,263,337,0,
1,1775671348000,-8088,2617,9858,4180761,3468492,1980425,0,0,0,258,288,245,253,182,294,322,258,277,178,222,127,0,
2,1775671348000,1909,1914,9839,240680,-296880,41538,0,0,0,447,497,346,439,405,459,559,511,336,273,263,349,0,
1,1775671348016,-11371,8528,8212,2702467,2830749,1186300,0,0,0,266,291,244,258,182,295,323,258,277,181,223,130,0,
2,1775671348016,1359,1407,9451,127059,215024,-86742,0,0,0,449,499,346,442,409,464,559,506,339,274,256,362,0,
1,1775671348032,-11146,12021,8638,259006,955393,-182037,0,0,0,261,295,247,254,183,292,321,259,275,183,226,132,0,
2,1775671348032,617,684,10165,174707,31764,-51312,0,0,0,450,502,348,439,406,469,549,497,352,251,229,375,0,
1,1775671348048,-7274,9705,8265,-1695761,261450,-1411098,0,0,0,248,299,253,245,183,293,320,257,275,184,228,133,0,
2,1775671348048,871,938,10212,244346,-70860,-30543,0,0,0,448,504,346,440,409,473,488,458,378,244,218,380,0,
1,1775671348064,-6465,5977,6556,-2425134,437379,-1810604,0,0,0,240,299,252,244,184,295,322,256,278,191,226,135,0,
2,1775671348064,1115,1119,10054,284663,-19547,-41538,0,0,0,461,508,346,452,423,486,559,484,349,253,217,398,0,
1,1775671348080,-7638,4201,5259,-2333505,196698,-1263269,0,0,0,234,299,247,245,186,292,325,259,277,197,225,134,0,
2,1775671348080,1100,985,9997,309097,23212,-52534,0,0,0,458,515,355,446,419,484,560,475,349,252,207,407,0,
1,1775671348096,-5953,4991,6073,-2574186,-420275,-678060,0,0,0,230,299,247,245,186,292,327,259,275,184,225,129,0,
2,1775671348096,1052,851,9987,326202,10995,-53756,0,0,0,465,518,360,452,423,493,558,469,354,256,206,420,0,
1,1775671348112,-4283,5642,7269,-3128851,-518013,-505796,0,0,0,229,299,248,246,187,296,327,261,277,184,228,127,0,
2,1775671348112,1057,818,9987,332310,-4886,-54977,0,0,0,467,519,355,452,427,492,558,458,356,254,198,431,0,
1,1775671348128,-4723,5398,8088,-3738495,-450818,-675616,0,0,0,229,302,248,247,189,296,327,261,274,189,229,127,0,
2,1775671348128,1091,818,9983,335975,-3665,-59864,0,0,0,471,518,351,455,432,495,554,447,358,258,194,441,0,
1,1775671348144,-5340,4919,8805,-4173431,-714712,-875980,0,0,0,231,301,250,244,189,294,330,264,279,183,228,124,0,x
2,1775671348144,1124,784,9997,346971,2443,-63529,0,0,0,478,517,347,459,436,499,551,434,361,256,189,450,0,x
1,1775671348160,-5254,4379,9791,-4525289,-1163087,-1175304,0,0,0,230,302,250,247,190,295,327,264,275,186,230,125,0,
2,1775671348160,1124,717,9987,362853,-2443,-68416,0,0,0,480,521,350,462,439,500,544,415,362,256,184,464,0,
1,1775671348176,-5053,3646,10988,-4791626,-1468520,-1598023,0,0,0,233,300,251,254,190,297,330,265,276,188,230,126,0,
2,1775671348176,1076,631,9959,375071,-4886,-72082,0,0,0,480,526,358,464,447,503,540,401,363,259,180,477,0,
1,1775671348192,-5302,2761,12337,-4969999,-1750739,-1969429,0,0,0,231,299,250,249,189,293,333,269,280,189,231,127,0,
2,1775671348192,1052,569,9959,378736,8552,-72082,0,0,0,478,532,363,465,458,506,541,392,367,260,178,484,0,
1,1775671348208,-5489,1890,14156,-5057964,-2064724,-2094046,0,0,0,234,299,251,252,189,296,331,268,279,186,230,128,0,
2,1775671348208,1129,526,10026,384845,20769,-69638,0,0,0,477,539,365,467,463,509,539,379,371,260,178,489,0,
1,1775671348224,-5230,1215,16161,-5136154,-2244318,-2021963,0,0,0,232,299,251,251,189,294,329,270,279,188,233,132,0,
2,1775671348224,1220,488,10098,399505,15882,-73303,0,0,0,483,546,373,475,460,520,534,362,374,261,179,496,0,
1,1775671348240,-4642,421,18367,-5248554,-2217440,-1817934,0,0,0,234,300,251,251,187,292,328,270,279,188,232,132,0,
2,1775671348240,1258,435,10141,419053,3665,-85521,0,0,0,488,549,373,479,474,520,526,349,383,260,179,506,0,
1,1775671348256,-3924,-550,20153,-5310862,-1976759,-1654223,0,0,0,237,300,251,252,187,294,327,267,279,185,228,130,0,
2,1775671348256,1258,358,10155,438601,0,-100181,0,0,0,494,551,372,497,508,505,522,330,392,272,178,511,0,
1,1775671348272,-3354,-1598,21593,-5252219,-1643227,-1700648,0,0,0,237,301,254,255,189,298,325,262,280,184,224,129,0,
2,1775671348272,1282,282,10246,475253,-6108,-119729,0,0,0,500,543,374,482,472,521,516,316,392,428,229,494,0,
1,1775671348288,-3637,-2948,22579,-5061629,-1457524,-2091602,0,0,0,237,303,255,255,191,299,324,257,280,186,225,128,0,
2,1775671348288,1306,224,10318,551000,-40317,-142942,0,0,0,503,545,366,474,461,517,507,302,388,261,169,529,0,
1,1775671348304,-4335,-5494,23814,-4836830,-1488067,-2601064,0,0,0,236,304,253,255,191,298,324,256,280,186,227,126,0,
2,1775671348304,1335,143,10289,631634,-63529,-168598,0,0,0,507,547,350,477,469,519,495,285,388,270,176,550,0,
1,1775671348320,-5264,-10160,24833,-4709770,-1624901,-2932153,0,0,0,234,304,250,258,190,297,328,258,281,188,226,124,0,
2,1775671348320,1421,62,10370,701273,-51312,-199142,0,0,0,514,545,343,481,475,529,481,267,392,282,181,564,0,
1,1775671348336,-6183,-17161,23187,-4783074,-1528384,-2482556,0,0,0,234,304,249,258,189,297,330,261,283,190,226,123,0,
2,1775671348336,1488,23,10734,803898,-31764,-239459,0,0,0,512,540,325,487,478,534,461,248,389,284,185,563,0,
1,1775671348352,-4355,-23895,19664,-4641354,-1610240,-1473406,0,0,0,241,310,251,269,197,302,331,267,280,195,230,123,0,
2,1775671348352,1450,-14,11165,967610,-19547,-284663,0,0,0,517,549,313,489,486,538,446,244,392,288,190,579,0,
1,1775671348368,3665,-29920,15984,-3717725,-1698205,-290771,0,0,0,246,307,246,270,199,297,329,264,285,215,225,129,0,
2,1775671348368,1335,-57,11567,1209513,-20769,-312763,0,0,0,521,557,304,492,493,541,430,244,395,281,183,581,0,
1,1775671348384,10222,-33711,13802,-2460565,-1055575,353080,0,0,0,232,312,226,267,200,289,337,280,280,209,265,120,0,
2,1775671348384,1186,-95,12036,1517389,-35430,-315206,0,0,0,521,558,288,496,503,545,407,244,399,275,181,582,0,
1,1775671348400,12079,-35596,13639,-889419,433714,712268,0,0,0,231,289,224,264,193,282,364,329,268,240,311,108,0,
2,1775671348400,1210,-157,12538,1847256,-62308,-296880,0,0,0,520,557,272,495,507,543,377,243,397,276,184,590,0,
1,1775671348416,9782,-29466,14946,1170417,2484999,860098,0,0,0,236,275,199,266,178,265,421,381,257,273,357,95,0,
2,1775671348416,1574,-325,13079,2236988,-134390,-301767,0,0,0,520,557,262,487,507,536,349,242,391,274,183,595,0,
1,1775671348432,1172,-6432,14424,3055547,3665191,575435,0,0,0,245,269,188,269,167,260,448,420,257,292,385,93,0,
2,1775671348432,2000,-502,13706,2689028,-230907,-353080,0,0,0,522,555,258,482,513,534,323,234,388,268,181,592,0,
1,1775671348448,-3306,8145,13376,3698178,2841745,92851,0,0,0,251,269,184,275,165,258,458,443,258,309,403,89,0,
2,1775671348448,2359,-497,14630,3253468,-342084,-459370,0,0,0,521,551,256,479,515,533,285,211,389,268,180,588,0,
1,1775671348464,-1052,5953,14635,4117231,1477072,-6108,0,0,0,257,273,184,286,168,264,465,459,260,335,416,86,0,
2,1775671348464,2991,-492,15711,3830125,-447153,-598647,0,0,0,523,554,254,470,512,523,269,192,391,269,185,586,0,
1,1775671348480,1569,-966,18382,4120896,521678,390953,0,0,0,261,280,201,288,169,271,478,468,266,350,421,89,0,
2,1775671348480,3752,-555,17501,4602258,-554665,-845437,0,0,0,521,547,255,469,500,517,266,163,381,252,160,542,0,
1,1775671348496,-1799,-1584,18119,2937040,321315,657290,0,0,0,263,286,229,290,174,283,491,469,275,355,425,96,0,
2,1775671348496,3833,-703,20354,5479461,-624304,-1094670,0,0,0,513,538,265,469,494,515,265,156,382,228,144,470,0,
1,1775671348512,-3460,81,13639,1726305,265115,249233,0,0,0,262,290,251,305,189,309,494,473,286,371,434,110,0,
2,1775671348512,4221,-727,23369,6261368,-597426,-1251052,0,0,0,453,512,240,458,486,501,265,162,368,205,136,411,0,
1,1775671348528,-2608,942,9753,878424,172263,-151494,0,0,0,267,293,267,324,203,334,500,479,297,390,444,135,0,
2,1775671348528,5111,-201,25197,6911329,-346971,-1400103,0,0,0,392,484,221,425,445,462,280,171,342,193,131,355,0,
1,1775671348544,-1732,373,9346,453262,145385,-179594,0,0,0,281,299,289,342,210,356,509,483,314,399,452,160,0,
2,1775671348544,4991,588,25254,7456221,90408,-1661553,0,0,0,334,463,215,381,418,425,293,216,306,167,123,320,0,
1,1775671348560,-1871,268,10323,68416,216246,-81855,0,0,0,315,304,277,353,210,355,521,473,316,422,467,171,0,
2,1775671348560,5561,780,24340,7844731,734260,-1958433,0,0,0,266,436,227,338,378,382,311,262,282,121,104,226,0,
1,1775671348576,-1938,756,10547,-139277,227241,-37873,0,0,0,309,319,272,352,228,344,528,503,300,422,480,187,0,
2,1775671348576,7068,2349,19961,7975456,1440420,-2389704,0,0,0,255,436,235,328,371,377,316,286,279,113,112,205,0,
1,1775671348592,-1842,1167,10265,-158824,151494,-34208,0,0,0,312,319,275,353,218,348,527,501,296,425,480,190,0,
2,1775671348592,7078,7355,12988,7253413,1153313,-3040887,0,0,0,254,436,238,331,371,383,302,296,284,113,115,203,0,
1,1775671348608,-1837,1234,10117,-83077,50090,-19547,0,0,0,319,321,281,351,213,348,527,492,302,422,487,189,0,
2,1775671348608,4292,13649,9901,5178915,111177,-3194825,0,0,0,252,435,237,331,370,381,306,296,277,114,115,201,0,
1,1775671348624,-1890,1263,10069,-9773,-7330,1221,0,0,0,318,325,280,357,218,352,529,487,303,423,486,190,0,
2,1775671348624,1943,18296,9873,366519,-1263269,-1750739,0,0,0,253,434,234,331,370,376,322,295,268,116,115,200,0,
1,1775671348640,-1899,1354,9987,65973,-45204,21991,0,0,0,322,327,273,368,217,354,531,483,298,427,488,192,0,
2,1775671348640,3278,15113,9715,-4128227,-2111150,131946,0,0,0,256,432,231,334,370,377,327,299,269,117,115,200,0,
1,1775671348656,-1880,1373,9920,167377,-89186,37873,0,0,0,320,329,270,368,217,356,532,475,303,425,492,197,0,
2,1775671348656,6484,7293,7652,-5651725,-1905899,923628,0,0,0,257,434,234,336,371,380,329,301,271,117,116,201,0,
1,1775671348672,-1923,1258,9844,254119,-122173,47647,0,0,0,317,332,272,365,223,362,531,464,310,420,493,203,0,
2,1775671348672,7729,3441,5699,-5466022,-1205847,757472,0,0,0,256,435,236,338,373,381,331,302,273,119,121,203,0,
1,1775671348688,-1990,1095,9696,272445,-111177,48869,0,0,0,322,339,275,367,228,367,527,459,310,422,491,209,0,
2,1775671348688,6824,3627,5489,-5049412,-439822,280998,0,0,0,255,435,235,335,370,376,332,304,273,119,121,203,0,
1,1775671348704,-2014,1009,9600,239459,-65973,48869,0,0,0,328,347,277,368,227,365,525,458,310,421,493,211,0,
2,1775671348704,5422,4613,7221,-5456248,-81855,129503,0,0,0,254,437,235,339,374,380,328,303,269,120,122,202,0,
1,1775671348720,-1976,1033,9619,200363,-28099,50090,0,0,0,331,352,281,366,227,361,525,453,309,405,493,207,0,
2,1775671348720,4804,4532,8600,-5926614,146607,195476,0,0,0,255,438,237,337,373,379,331,307,273,120,122,201,0,
1,1775671348736,-1914,1048,9657,174707,-10995,50090,0,0,0,330,358,283,369,239,368,526,454,313,399,485,212,0,
2,1775671348736,4412,3814,9633,-6183177,571769,415388,0,0,0,256,437,237,340,375,380,333,307,272,117,120,198,0,
1,1775671348752,-1899,1052,9676,164933,-14660,48869,0,0,0,327,356,278,371,229,370,523,460,317,388,485,218,0,
2,1775671348752,3761,3527,10729,-6162408,1048244,711047,0,0,0,257,438,238,340,376,383,332,308,272,117,119,198,0,
1,1775671348768,-1880,1024,9696,160046,-20769,45204,0,0,0,327,353,298,371,229,380,523,457,322,389,478,224,0,
2,1775671348768,3149,3397,12146,-6156299,1389107,1001818,0,0,0,258,439,240,341,376,384,333,310,276,120,119,199,0,
1,1775671348784,-1885,990,9686,156381,-29321,41538,0,0,0,331,360,290,371,235,377,528,444,323,393,472,229,0,
2,1775671348784,2675,3168,14146,-6173404,1610240,1235169,0,0,0,259,439,242,339,375,387,336,311,280,118,119,201,0,
1,1775671348800,-1904,971,9643,149051,-30543,37873,0,0,0,331,360,290,373,246,380,526,439,330,385,468,233,0,
2,1775671348800,2306,2885,16429,-6221051,1772730,1346346,0,0,0,259,439,240,340,374,386,339,313,283,119,119,200,0,
1,1775671348816,-1914,957,9629,138055,-20769,34208,0,0,0,328,363,288,378,255,385,528,435,333,391,461,243,0,
2,1775671348816,1981,2541,18851,-6348111,1864360,1302364,0,0,0,260,440,240,341,374,385,337,309,280,133,142,199,0,
1,1775671348832,-1914,957,9676,138055,-10995,34208,0,0,0,326,367,294,367,289,389,523,440,343,384,462,258,0,
2,1775671348832,1770,2349,20995,-6515488,1838704,1175304,0,0,0,259,440,241,342,373,385,335,306,278,149,168,199,0,
1,1775671348848,-1909,957,9739,146607,-4886,39095,0,0,0,332,371,295,374,278,396,524,434,350,382,452,270,0,
2,1775671348848,1655,2407,23436,-6674313,1788613,1125213,0,0,0,258,441,240,341,370,384,337,301,279,162,185,198,0,
1,1775671348864,-1914,933,9786,163711,0,46425,0,0,0,339,373,294,386,255,399,525,419,349,383,436,284,0,
2,1775671348864,1732,2057,26120,-6770830,1743409,1352455,0,0,0,257,442,238,342,368,383,335,295,277,170,195,197,0,
1,1775671348880,-1933,899,9777,184481,6108,58643,0,0,0,339,380,294,387,270,402,521,408,348,382,426,302,0,
2,1775671348880,2249,435,28590,-6787934,1663996,1756848,0,0,0,257,441,237,344,369,387,335,294,279,172,193,196,0,
1,1775671348896,-1947,880,10021,197920,24434,74525,0,0,0,339,387,299,386,288,409,521,402,351,383,415,325,0,
2,1775671348896,3431,-3594,30160,-6646213,1623679,2224771,0,0,0,259,440,238,343,368,389,341,296,287,174,191,197,0,
1,1775671348912,-1952,890,11509,163711,89186,102625,0,0,0,351,388,310,386,277,411,522,395,352,382,395,345,0,
2,1775671348912,4063,-12715,29633,-6183177,1739744,2404365,0,0,0,261,440,238,353,374,394,345,298,291,179,191,199,0,
1,1775671348928,-1904,890,11203,221133,91629,124616,0,0,0,361,407,307,392,305,411,516,389,356,368,357,359,0,
2,1775671348928,2622,-25178,26001,-5232671,1775174,2080607,0,0,0,262,440,236,353,373,399,345,299,293,182,197,201,0,
1,1775671348944,-1885,894,10035,365297,54977,141720,0,0,0,366,409,317,394,301,428,510,359,356,362,336,387,0,
2,1775671348944,-1962,-36448,19660,-3488040,1627344,1172861,0,0,0,263,441,239,351,372,394,345,300,293,184,197,203,0,
1,1775671348960,-1909,952,9897,542448,45204,157603,0,0,0,389,428,317,414,325,452,518,327,372,341,302,423,0,
2,1775671348960,-8131,-39535,16367,-1495398,1091005,70860,0,0,0,264,443,241,352,373,396,348,300,297,183,196,201,0,
1,1775671348976,-1885,904,10409,724486,37873,174707,0,0,0,394,458,313,418,393,448,503,299,376,334,296,434,0,
2,1775671348976,-10595,-37874,16056,-2443,97738,-656069,0,0,0,262,441,241,352,375,398,346,298,294,184,203,202,0,
1,1775671348992,-1909,674,10921,899193,-29321,190589,0,0,0,400,469,316,454,375,471,491,262,392,315,247,472,0,
2,1775671348992,-6465,-31562,16621,1238834,-1103222,-933402,0,0,0,258,441,245,353,380,394,370,383,283,163,199,189,0,
1,1775671349008,-2349,531,11265,1094670,-134390,244346,0,0,0,411,466,309,455,378,488,471,250,407,297,229,518,0,
2,1775671349008,1435,-12720,18521,2448347,-1721418,-819781,0,0,0,250,427,221,348,373,376,396,439,268,200,258,179,0,
1,1775671349024,-2713,459,12031,1393994,-206472,361632,0,0,0,413,464,279,461,393,494,441,236,417,286,213,534,0,
2,1775671349024,8513,13395,15333,3224146,-2135584,-290771,0,0,0,253,412,208,346,364,375,424,467,265,184,247,178,0,
1,1775671349040,-2368,469,13692,1876578,-211359,498466,0,0,0,408,467,264,464,408,509,413,224,418,275,203,544,0,
2,1775671349040,7307,13639,8973,3854559,-1995085,678060,0,0,0,257,409,207,348,365,385,441,476,277,196,269,180,0,
1,1775671349056,-2282,512,15032,2431243,-155159,572991,0,0,0,411,470,251,457,419,521,365,216,417,267,199,553,0,
2,1775671349056,693,2651,10643,4753753,-1138652,1354899,0,0,0,261,414,206,353,365,390,455,483,284,204,289,187,0,
1,1775671349072,-2555,674,15510,3145955,-46425,646295,0,0,0,428,462,237,444,419,520,291,211,418,257,193,553,0,
2,1775671349072,-5671,-2627,17784,4737870,-175929,817337,0,0,0,263,419,216,356,363,395,472,491,288,200,290,194,0,
1,1775671349088,-2976,760,15711,3831346,30543,772133,0,0,0,441,440,240,436,402,508,241,202,416,237,176,542,0,
2,1775671349088,-4991,-100,19358,4015828,164933,-371406,0,0,0,266,425,237,359,363,400,485,501,296,205,291,196,0,
1,1775671349104,-3914,799,16688,4535063,119729,957836,0,0,0,438,424,249,429,379,489,224,196,405,209,153,518,0,
2,1775671349104,2488,3077,15663,3057991,177150,-1130100,0,0,0,278,434,261,367,367,401,492,514,300,208,279,197,0,
1,1775671349120,-5829,516,18755,5301088,291993,1286482,0,0,0,430,430,243,388,378,482,186,211,401,178,148,471,0,
2,1775671349120,4063,1373,13706,2277305,76969,-491135,0,0,0,295,448,292,377,372,405,519,519,297,217,282,214,0,
1,1775671349136,-7671,23,20851,5957157,510683,1670105,0,0,0,405,419,235,386,387,460,190,176,397,179,136,423,0,
2,1775671349136,2450,430,11739,1387885,-106290,68416,0,0,0,309,461,312,392,386,422,534,532,305,227,285,242,0,
1,1775671349152,-9002,71,22703,6603453,753807,2161241,0,0,0,355,406,237,354,332,435,189,169,355,157,120,323,0,
2,1775671349152,593,492,10528,608421,-254119,166155,0,0,0,335,465,321,402,388,435,539,539,315,238,284,263,0,
1,1775671349168,-8490,703,24192,7109249,916297,2568077,0,0,0,290,371,229,309,281,394,202,180,332,142,136,274,0,
2,1775671349168,933,679,10356,125838,-280998,31764,0,0,0,356,475,328,410,395,436,528,528,320,366,344,261,0,
1,1775671349184,-7480,2110,24977,7468438,1084896,2800206,0,0,0,251,333,218,283,242,333,235,210,306,147,169,194,0,
2,1775671349184,1148,1100,10337,-84299,-265115,-20769,0,0,0,367,477,336,411,393,437,545,539,308,288,340,276,0,
1,1775671349200,-8049,3718,22694,7806857,1367116,2962696,0,0,0,238,294,231,247,188,283,293,245,274,181,192,140,0,
2,1775671349200,933,1493,10313,-91629,-177150,-6108,0,0,0,374,480,337,414,392,439,548,544,312,268,321,284,0,
1,1775671349216,-10212,5580,16707,7827627,1494176,3155729,0,0,0,239,291,239,240,182,280,301,265,270,170,217,125,0,
2,1775671349216,1000,1617,10270,-45204,-98960,0,0,0,0,379,481,342,415,390,440,554,544,311,303,355,279,0,
1,1775671349232,-11304,8671,10916,6974859,1103222,3337767,0,0,0,238,302,243,244,195,288,297,282,271,157,239,123,0,
2,1775671349232,1091,1679,10198,7330,-92851,-7330,0,0,0,386,481,341,414,391,441,553,540,308,314,356,280,0,
1,1775671349248,-8035,14563,9997,3866776,354301,2376265,0,0,0,236,308,242,244,202,289,298,293,271,155,249,123,0,
2,1775671349248,1038,1775,10145,102625,-102625,-17104,0,0,0,398,488,345,416,395,442,554,537,308,293,326,299,0,
1,1775671349264,-4331,17487,10418,-346971,324980,216246,0,0,0,232,310,237,244,206,289,299,296,268,154,250,123,0,
2,1775671349264,966,1799,10136,213802,-85521,-25656,0,0,0,409,493,345,419,397,446,552,540,317,260,290,309,0,
1,1775671349280,-5666,12936,9346,-3423288,961501,-1815491,0,0,0,226,310,233,245,210,290,298,295,266,155,252,123,0,
2,1775671349280,899,1694,10122,320093,-37873,-34208,0,0,0,417,495,344,421,398,450,553,535,325,244,271,312,0,
1,1775671349296,-8734,7274,7054,-4494746,864985,-2340835,0,0,0,222,310,233,245,209,290,300,294,268,157,254,123,0,
2,1775671349296,899,1574,10031,355523,6108,-35430,0,0,0,422,498,346,425,401,452,554,525,327,248,270,318,0,
1,1775671349312,-8997,3957,5259,-4173431,-340862,-1310916,0,0,0,225,311,235,251,210,294,301,292,269,158,254,122,0,
2,1775671349312,990,1483,9949,362853,37873,-36651,0,0,0,425,501,346,430,404,456,553,517,333,251,263,331,0,
1,1775671349328,-5183,4656,6637,-4304156,-827111,-485026,0,0,0,226,311,238,258,208,293,303,288,268,163,256,123,0,
2,1775671349328,1091,1454,9920,350636,24434,-42760,0,0,0,427,504,343,435,411,461,553,506,334,256,246,352,0,
1,1775671349344,-3187,5355,8303,-4875926,-598647,-306654,0,0,0,223,312,240,251,215,293,302,289,268,162,257,123,0,
2,1775671349344,1139,1430,9920,351858,-3665,-52534,0,0,0,434,509,341,443,422,469,547,497,340,259,247,352,0,
1,1775671349360,-3326,5211,9605,-5521000,-548556,-471587,0,0,0,216,312,241,243,217,297,295,299,269,159,262,126,0,
2,1775671349360,1148,1392,9920,364075,-45204,-61086,0,0,0,436,515,345,439,413,474,546,479,338,244,221,367,0,
1,1775671349376,-3129,4718,10825,-5892406,-955393,-669508,0,0,0,216,314,244,243,222,302,295,300,271,159,262,127,0,
2,1775671349376,1134,1344,9920,377514,-84299,-64751,0,0,0,444,519,345,445,412,473,545,466,340,244,208,376,0,
1,1775671349392,-2014,4259,12132,-6034126,-1375668,-910189,0,0,0,217,316,241,245,223,300,294,304,268,160,263,124,0,
2,1775671349392,1100,1292,9930,393397,-111177,-68416,0,0,0,451,522,355,449,419,483,542,453,348,243,197,392,0,
1,1775671349408,-1402,3713,13510,-6123313,-1492954,-1156978,0,0,0,218,315,243,246,220,301,294,302,268,165,265,129,0,
2,1775671349408,1038,1249,9978,420275,-124616,-73303,0,0,0,455,526,349,448,427,488,540,434,351,248,196,410,0,
1,1775671349424,-1253,3211,15089,-6202725,-1566258,-1254717,0,0,0,225,317,251,245,209,301,302,296,273,166,264,132,0,
2,1775671349424,961,1172,10002,459370,-113620,-72082,0,0,0,458,534,352,452,430,496,539,420,360,247,189,429,0,
1,1775671349440,-741,2751,17238,-6283359,-1637118,-1116661,0,0,0,226,321,250,243,210,295,302,301,273,162,269,127,0,
2,1775671349440,961,1076,10026,485026,-83077,-67195,0,0,0,464,531,351,453,434,499,529,398,363,244,183,441,0,
1,1775671349456,-110,2043,19765,-6377433,-1616349,-919963,0,0,0,226,320,246,245,214,291,299,303,269,164,272,123,0,
2,1775671349456,1048,995,10083,503352,-57421,-70860,0,0,0,475,533,358,456,442,502,521,376,360,245,176,451,0,
1,1775671349472,-67,1215,21765,-6442184,-1554041,-963945,0,0,0,226,320,244,248,214,291,296,300,264,168,272,123,0,
2,1775671349472,1182,928,10155,532674,-42760,-89186,0,0,0,481,537,360,460,446,502,517,355,361,248,169,459,0,
1,1775671349488,-1038,-196,23704,-6422637,-1600466,-1662775,0,0,0,225,322,244,247,215,291,295,300,263,166,271,123,0,
2,1775671349488,1311,856,10265,585208,-36651,-130725,0,0,0,481,543,352,462,449,502,510,333,364,254,167,479,0,
1,1775671349504,-2651,-2809,25881,-6284581,-1743409,-2685363,0,0,0,226,324,245,244,216,288,298,304,266,162,268,121,0,
2,1775671349504,1421,784,10428,662177,-52534,-186924,0,0,0,485,553,350,470,458,512,503,312,374,259,166,501,0,
1,1775671349520,-4345,-8121,28446,-5997474,-1864360,-3616322,0,0,0,226,327,244,241,215,287,302,306,268,161,273,120,0,
2,1775671349520,1373,708,10586,779464,-98960,-254119,0,0,0,495,558,355,480,470,526,497,294,388,309,179,501,0,
1,1775671349536,-6044,-18406,29169,-5562538,-1683544,-3638313,0,0,0,223,325,242,240,217,286,307,309,268,163,275,119,0,
2,1775671349536,1172,559,10796,918741,-118507,-284663,0,0,0,504,556,350,483,477,524,480,270,392,370,199,503,0,
1,1775671349552,-7528,-29303,25632,-5020090,-1431868,-2591290,0,0,0,223,326,243,240,217,283,305,307,266,161,272,118,0,
2,1775671349552,1134,497,11261,1086118,-102625,-290771,0,0,0,511,557,335,487,483,526,458,252,396,265,168,535,0,
1,1775671349568,-3632,-35405,18626,-3954741,-1715309,-693942,0,0,0,222,326,237,247,220,290,312,307,269,165,275,117,0,
2,1775671349568,1191,516,12060,1335351,-69638,-300545,0,0,0,510,557,324,491,490,529,430,238,394,275,175,553,0,
1,1775671349584,4484,-36520,14156,-2586403,-1942551,702495,0,0,0,223,325,239,247,217,289,312,307,269,169,275,117,0,
2,1775671349584,1014,464,12691,1695761,-34208,-313984,0,0,0,516,561,305,492,496,525,410,239,398,278,176,563,0,
1,1775671349600,9786,-37023,13194,-1204626,-1164309,1154535,0,0,0,224,319,237,251,219,293,330,280,273,241,237,144,0,
2,1775671349600,861,421,13199,2119702,-32986,-296880,0,0,0,527,571,287,489,504,535,362,236,394,278,189,586,0,
1,1775671349616,9652,-36458,13601,43982,87964,1042136,0,0,0,229,296,233,252,189,275,361,328,265,251,303,108,0,
2,1775671349616,1306,330,13826,2643824,-107512,-271224,0,0,0,535,574,287,483,515,530,318,222,386,271,180,585,0,
1,1775671349632,5001,-25599,16515,1423316,1238834,561996,0,0,0,233,272,215,257,171,284,417,396,268,279,372,107,0,
2,1775671349632,1890,172,14319,3174055,-201585,-316428,0,0,0,536,582,270,486,531,535,295,228,398,271,184,585,0,
1,1775671349648,-3077,5125,14783,3061656,2149023,-75747,0,0,0,248,262,180,267,163,260,455,450,261,309,407,92,0,
2,1775671349648,2067,105,15008,3739716,-299323,-421497,0,0,0,534,571,257,475,525,529,269,215,385,265,179,585,0,
1,1775671349664,-4163,14591,11433,4212526,2244318,-238237,0,0,0,249,259,165,269,189,248,468,468,262,344,421,91,0,
2,1775671349664,2684,177,16424,4458094,-430049,-560774,0,0,0,536,557,265,469,525,528,254,191,384,248,167,568,0,
1,1775671349680,631,3503,16405,5236336,1088561,97738,0,0,0,252,262,174,281,183,260,477,476,277,377,430,94,0,
2,1775671349680,3991,224,18482,5235115,-592539,-779464,0,0,0,536,547,274,464,521,526,246,169,377,230,152,518,0,
1,1775671349696,2033,-3776,22947,4951673,-128281,663399,0,0,0,264,269,196,297,166,273,486,486,298,399,435,98,0,
2,1775671349696,5441,-162,22091,6190508,-835663,-1130100,0,0,0,504,527,259,456,510,515,245,167,368,215,145,455,0,
1,1775671349712,-2512,-1957,21052,3265685,-276111,879645,0,0,0,268,275,229,304,175,299,492,493,322,413,439,111,0,
2,1775671349712,6824,-1919,26676,7106806,-922406,-1456302,0,0,0,444,505,241,440,486,493,257,169,353,201,137,410,0,
1,1775671349728,-4417,492,13314,1656666,2443,274889,0,0,0,269,282,260,313,188,340,499,499,335,426,445,134,0,
2,1775671349728,7700,-2010,29729,7826405,-507018,-1780061,0,0,0,376,481,224,410,447,453,276,187,319,180,126,364,0,
1,1775671349744,-2866,603,9523,862541,64751,-146607,0,0,0,287,296,264,332,199,348,516,516,325,431,457,163,0,
2,1775671349744,6231,1995,30748,8202698,-19547,-2125811,0,0,0,306,450,218,364,400,404,297,238,287,141,114,274,0,
1,1775671349760,-1995,138,9949,436157,40317,-136833,0,0,0,309,313,267,349,209,352,530,530,330,444,472,183,0,
2,1775671349760,7465,5518,28121,8455596,285884,-2487443,0,0,0,266,430,231,331,368,378,313,281,279,108,105,202,0,
1,1775671349776,-2057,531,10634,125838,63529,-36651,0,0,0,327,308,284,359,203,357,537,533,320,443,478,190,0,
2,1775671349776,10701,8805,18406,8257676,339641,-3067765,0,0,0,276,435,239,326,366,380,316,292,282,111,111,203,0,
1,1775671349792,-2244,1095,10351,21991,74525,-8552,0,0,0,325,315,276,361,218,362,531,530,319,453,479,196,0,
2,1775671349792,9576,13419,10748,6294355,-238237,-3613878,0,0,0,272,437,238,330,369,382,317,293,274,132,123,201,0,
1,1775671349808,-2196,1287,9892,48869,50090,-14660,0,0,0,322,310,269,355,203,361,546,530,342,441,487,205,0,
2,1775671349808,5685,18918,8892,2293188,-767246,-3056769,0,0,0,278,438,237,336,371,379,321,295,270,202,159,197,0,
1,1775671349824,-2148,1330,9940,135612,35430,9773,0,0,0,323,319,267,357,217,369,546,514,330,426,488,217,0,
2,1775671349824,2211,19406,10241,-2917492,-1237612,-1021366,0,0,0,277,439,238,341,373,380,324,294,270,117,112,197,0,
1,1775671349840,-2033,1344,10212,238237,8552,47647,0,0,0,328,332,270,365,222,371,540,508,334,425,475,230,0,
2,1775671349840,4422,11036,8121,-5285206,-1536936,904080,0,0,0,275,439,238,340,373,379,324,293,268,117,112,199,0,
1,1775671349856,-1904,1306,10236,344527,-90408,64751,0,0,0,329,338,274,367,222,379,529,498,342,425,458,256,0,
2,1775671349856,7647,4594,4163,-5083620,-978606,1401324,0,0,0,262,435,233,337,371,380,326,300,271,116,114,198,0,
1,1775671349872,-1962,1287,9629,379958,-153938,64751,0,0,0,328,340,273,363,224,374,536,483,343,416,444,270,0,
2,1775671349872,7011,4211,3704,-4405560,139277,910189,0,0,0,259,437,235,334,370,377,327,304,271,114,114,198,0,
1,1775671349888,-2139,1273,8494,307876,-69638,64751,0,0,0,326,352,274,361,241,378,533,477,348,406,436,286,0,
2,1775671349888,4666,5632,5594,-4465424,822224,529009,0,0,0,259,440,237,336,372,379,329,307,271,115,114,196,0,
1,1775671349904,-2211,1115,8858,306654,-58643,58643,0,0,0,329,354,273,372,240,381,531,468,345,400,429,290,0,
2,1775671349904,3220,6637,8064,-5261993,825889,470366,0,0,0,262,442,241,339,375,381,328,307,271,117,116,198,0,
1,1775671349920,-2153,961,9566,316428,-79412,58643,0,0,0,330,352,273,374,232,379,532,448,339,398,419,288,0,
2,1775671349920,3943,5656,9093,-5910732,891863,504574,0,0,0,262,441,240,337,375,379,328,306,268,116,116,197,0,
1,1775671349936,-2100,914,9667,285884,-57421,67195,0,0,0,325,352,272,364,251,380,528,433,341,396,407,295,0,
2,1775671349936,4144,4661,10026,-6191730,1264491,491135,0,0,0,261,440,239,337,375,379,327,307,267,116,116,195,0,
1,1775671349952,-2081,947,9533,251676,-17104,75747,0,0,0,321,347,269,364,271,385,528,430,345,393,396,302,0,
2,1775671349952,3412,4441,11509,-6273586,1611462,564439,0,0,0,259,440,238,338,375,381,329,309,269,117,118,197,0,
1,1775671349968,-2029,938,9605,249233,-3665,76969,0,0,0,322,352,271,373,256,392,527,420,346,388,386,313,0,
2,1775671349968,3101,4335,13093,-6392093,1802052,734260,0,0,0,259,440,238,337,375,381,332,311,272,116,118,198,0,
1,1775671349984,-1966,899,9719,261450,-18325,75747,0,0,0,326,355,279,379,255,405,525,416,350,382,370,327,0,
2,1775671349984,3350,4087,15065,-6543588,1993864,956614,0,0,0,259,441,239,337,374,381,332,311,274,115,117,197,0,
1,1775671350000,-1952,871,9743,279776,-47647,69638,0,0,0,328,359,271,390,261,414,526,408,352,381,361,335,0,
2,1775671350000,3321,4010,17425,-6671870,2210110,1078788,0,0,0,257,441,239,338,373,381,333,310,275,115,116,195,0,
1,1775671350016,-1971,856,9758,304210,-70860,67195,0,0,0,333,361,278,385,251,414,525,391,359,366,349,348,0,
2,1775671350016,3168,3967,20780,-6888116,2414139,1196074,0,0,0,256,441,240,343,377,385,336,313,278,113,116,193,0,
1,1775671350032,-2005,794,9796,337197,-91629,70860,0,0,0,332,361,276,393,258,424,518,371,365,357,331,368,0,
2,1775671350032,3211,3732,24096,-7105584,2522873,1317025,0,0,0,260,443,244,339,375,383,339,314,279,119,119,197,0,
1,1775671350048,-2053,679,9815,366519,-108734,81855,0,0,0,338,362,286,389,258,432,524,356,373,364,309,369,0,
2,1775671350048,3153,3230,28183,-7215540,2619390,1610240,0,0,0,259,441,242,345,376,387,339,310,280,134,142,199,0,
1,1775671350064,-2139,626,9815,395840,-117286,100181,0,0,0,346,370,302,397,267,447,523,338,377,359,302,391,0,
2,1775671350064,2120,1062,32677,-7236309,2747671,2200336,0,0,0,257,440,238,345,374,387,339,298,280,141,153,196,0,
1,1775671350080,-2278,655,9877,444709,-106290,133168,0,0,0,348,387,304,399,282,459,513,312,403,338,289,413,0,
2,1775671350080,397,-5709,35845,-7009067,2797762,2818532,0,0,0,263,442,241,351,375,393,348,298,290,154,131,196,0,
1,1775671350096,-2445,641,10035,546113,-90408,191811,0,0,0,355,391,310,412,287,478,505,287,403,319,258,442,0,
2,1775671350096,392,-17501,36266,-6461732,2287079,3017674,0,0,0,264,441,239,354,375,394,350,300,292,126,115,196,0,
1,1775671350112,-2488,507,10236,681725,-109955,272445,0,0,0,361,399,312,417,303,486,499,262,405,304,233,473,0,
2,1775671350112,4819,-34185,28963,-5321857,1145983,2014633,0,0,0,266,441,238,355,376,395,351,302,294,123,116,199,0,
1,1775671350128,-2502,402,10533,817337,-194255,338419,0,0,0,375,417,296,426,336,487,490,246,403,292,222,498,0,
2,1775671350128,2656,-44354,18564,-3348763,1339016,-507018,0,0,0,267,442,239,355,378,398,352,304,294,122,115,199,0,
1,1775671350144,-2450,358,11155,1012814,-287106,400727,0,0,0,396,424,272,444,359,498,460,235,407,284,208,522,0,
2,1775671350144,-9504,-44575,16013,-1409876,1661553,-2433687,0,0,0,263,439,236,353,377,397,334,315,295,123,123,196,0,
1,1775671350160,-2038,282,11945,1312138,-345749,415388,0,0,0,416,414,259,454,368,520,433,223,426,277,195,542,0,
2,1775671350160,-18176,-38726,18923,186924,266337,-2583959,0,0,0,255,431,230,351,377,392,358,378,286,132,157,189,0,
1,1775671350176,-1789,157,12634,1645670,-432492,384845,0,0,0,432,407,252,460,387,536,425,216,436,268,190,555,0,
2,1775671350176,-8379,-25211,21588,1682322,-2072054,-1412320,0,0,0,247,408,214,345,364,379,407,447,270,178,238,178,0,
1,1775671350192,-2354,95,13366,2067167,-541226,356745,0,0,0,434,397,231,458,392,528,382,206,444,262,175,569,0,
2,1775671350192,4355,1502,18817,3159395,-3800803,-177150,0,0,0,250,384,193,340,346,369,438,473,263,204,283,172,0,
1,1775671350208,-3407,181,14079,2607172,-552222,472809,0,0,0,432,404,209,468,385,524,354,187,440,270,172,578,0,
2,1775671350208,6436,11375,11820,3908315,-3783699,836885,0,0,0,260,382,186,344,342,376,466,484,271,181,265,177,0,
1,1775671350224,-4192,186,14788,3296228,-460592,707381,0,0,0,419,389,212,474,368,535,306,179,444,250,148,573,0,
2,1775671350224,-928,3977,11715,4707327,-2458121,1463633,0,0,0,266,389,194,352,344,390,485,493,290,198,298,182,0,
1,1775671350240,-4675,177,15630,3979176,-300545,970053,0,0,0,422,393,212,459,367,543,259,159,444,230,130,562,0,
2,1775671350240,-7145,-1895,19200,4651127,-990823,637743,0,0,0,262,389,204,357,346,397,497,505,299,232,333,185,0,
1,1775671350256,-5608,330,17573,4791626,-168598,1295034,0,0,0,428,374,212,421,352,524,217,153,426,189,108,516,0,
2,1775671350256,-4412,-105,19904,4084244,-411723,-431270,0,0,0,263,395,215,364,354,396,502,503,292,207,305,189,0,
1,1775671350272,-7312,325,20689,5626068,-119729,1649336,0,0,0,400,371,215,392,358,505,195,150,421,159,95,455,0,
2,1775671350272,2455,2464,16089,3315776,-174707,-816115,0,0,0,278,418,257,376,361,410,523,524,301,211,308,193,0,
1,1775671350288,-9265,224,23728,6475171,-87964,2106263,0,0,0,365,362,202,364,347,452,186,153,390,144,100,380,0,
2,1775671350288,4053,1182,13519,2116037,-144164,-169820,0,0,0,292,438,294,381,371,418,525,525,310,218,304,218,0,
1,1775671350304,-9605,397,25948,7183775,-9773,2574186,0,0,0,321,341,199,341,300,404,192,160,349,135,109,297,0,
2,1775671350304,2144,339,11663,1045801,-246789,254119,0,0,0,300,451,323,389,377,424,531,531,311,221,304,229,0,
1,1775671350320,-8226,1091,27355,7649254,163711,2884505,0,0,0,270,319,205,305,254,357,219,193,306,133,140,215,0,
2,1775671350320,531,593,10547,421497,-349414,227241,0,0,0,317,461,321,408,392,432,541,541,312,228,305,239,0,
1,1775671350336,-8303,3105,26652,7997447,392175,3046995,0,0,0,240,292,210,261,211,298,266,236,276,142,193,145,0,
2,1775671350336,961,914,10471,228463,-362853,63529,0,0,0,333,465,321,414,393,437,547,547,314,235,307,253,0,
1,1775671350352,-10906,6484,21344,8246680,328645,3240029,0,0,0,233,280,220,244,185,277,300,258,271,156,229,118,0,
2,1775671350352,1105,1177,10461,106290,-318871,1221,0,0,0,344,468,325,412,393,440,553,553,315,238,309,261,0,
1,1775671350368,-11825,10949,12696,7706675,-213802,3689626,0,0,0,236,292,228,256,188,292,307,258,278,164,231,127,0,
2,1775671350368,1052,1464,10370,40317,-197920,0,0,0,0,352,470,327,412,394,441,554,554,316,239,309,265,0,
1,1775671350384,-8671,15362,9514,5585751,-434936,3579670,0,0,0,237,296,224,258,187,286,311,257,272,165,223,124,0,
2,1775671350384,1072,1603,10260,37873,-133168,-6108,0,0,0,358,472,328,415,393,441,553,553,317,241,306,272,0,
1,1775671350400,-3335,19143,10399,395840,463035,1409876,0,0,0,233,295,227,249,189,286,307,255,272,165,221,125,0,
2,1775671350400,1062,1670,10212,81855,-103847,-23212,0,0,0,362,474,328,417,394,443,556,555,319,244,299,278,0,
1,1775671350416,-3053,16008,10385,-3534466,1771509,-871093,0,0,0,233,293,224,249,188,286,311,259,271,167,221,127,0,
2,1775671350416,1000,1761,10169,169820,-42760,-35430,0,0,0,369,477,328,418,396,445,557,553,320,282,309,279,0,
1,1775671350432,-6585,9337,8016,-4946786,2389704,-1789835,0,0,0,232,295,226,249,188,286,310,256,270,167,221,127,0,
2,1775671350432,1000,1770,10102,278554,26878,-40317,0,0,0,378,480,331,420,396,446,557,549,323,348,333,276,0,
1,1775671350448,-8935,5355,5412,-4746422,1484402,-1125213,0,0,0,232,295,232,251,187,292,307,252,271,168,219,126,0,
2,1775671350448,1081,1651,10002,351858,67195,-35430,0,0,0,384,484,333,420,396,449,551,540,328,243,277,300,0,
1,1775671350464,-7829,4532,5254,-4693888,270002,-353080,0,0,0,231,295,231,252,187,293,313,256,274,166,223,126,0,
2,1775671350464,1186,1545,9920,383623,64751,-29321,0,0,0,393,485,333,422,399,452,548,530,329,240,266,305,0,
1,1775671350480,-5321,4670,7116,-5104389,-68416,-161268,0,0,0,231,294,233,252,186,292,316,260,275,169,226,128,0,
2,1775671350480,1258,1435,9873,387288,24434,-29321,0,0,0,397,486,331,423,399,455,555,516,340,237,253,314,0,
1,1775671350496,-4484,4374,8901,-5668829,185703,-354301,0,0,0,238,290,238,258,182,294,330,254,275,189,221,129,0,
2,1775671350496,1268,1354,9849,376292,-8552,-39095,0,0,0,407,487,332,426,399,455,548,503,332,239,240,330,0,
1,1775671350512,-5786,3642,9629,-6034126,153938,-638965,0,0,0,241,292,237,261,184,293,329,253,272,194,222,126,0,
2,1775671350512,1292,1320,9834,367740,-46425,-51312,0,0,0,417,491,335,431,402,459,548,488,334,240,234,349,0,
1,1775671350528,-6671,2756,10519,-6278472,-371406,-900415,0,0,0,238,295,238,258,187,296,320,256,272,183,227,128,0,
2,1775671350528,1282,1306,9858,373849,-85521,-61086,0,0,0,424,496,337,440,409,470,552,475,344,242,223,363,0,
1,1775671350544,-6097,2129,11954,-6349333,-1091005,-1159422,0,0,0,234,297,237,256,189,297,317,259,272,174,227,128,0,
2,1775671350544,1201,1258,9897,393397,-103847,-68416,0,0,0,433,502,339,444,413,477,514,446,360,239,208,377,0,
1,1775671350560,-5685,1775,13998,-6427524,-1396437,-1490511,0,0,0,232,299,231,255,191,292,317,259,269,171,226,123,0,
2,1775671350560,1119,1210,9935,419053,-94073,-73303,0,0,0,441,504,340,449,420,484,530,438,363,241,198,398,0,
1,1775671350576,-6250,1340,16166,-6546031,-1598023,-1747074,0,0,0,230,302,232,254,194,292,318,260,271,172,227,123,0,
2,1775671350576,1115,1172,10007,456927,-64751,-70860,0,0,0,445,508,342,447,423,490,550,430,361,282,229,414,0,
1,1775671350592,-6925,713,18401,-6615670,-1892460,-1749518,0,0,0,231,301,232,256,197,292,321,262,271,179,230,123,0,
2,1775671350592,1143,1086,10054,497244,-34208,-69638,0,0,0,454,511,340,450,428,495,549,411,369,273,209,433,0,
1,1775671350608,-7126,-33,21287,-6609561,-2193006,-1648114,0,0,0,238,299,233,257,192,291,326,257,270,184,223,117,0,
2,1775671350608,1201,961,10083,533896,-1221,-74525,0,0,0,465,516,347,460,439,504,546,388,379,245,173,456,0,
1,1775671350624,-7212,-842,24355,-6520375,-2269975,-1651779,0,0,0,242,299,235,261,192,292,329,254,270,194,220,119,0,
2,1775671350624,1277,875,10160,576656,28099,-87964,0,0,0,472,522,352,467,450,511,544,360,387,249,171,475,0,
1,1775671350640,-7992,-2761,27461,-6379876,-2221106,-2004859,0,0,0,241,303,235,266,193,294,332,251,270,197,220,119,0,
2,1775671350640,1354,827,10275,638965,64751,-112399,0,0,0,479,526,342,470,456,513,537,329,392,251,165,492,0,
1,1775671350656,-8480,-6719,30054,-6199060,-2477669,-2537534,0,0,0,243,302,234,271,191,294,334,251,271,202,217,118,0,
2,1775671350656,1502,765,10433,718377,108734,-152716,0,0,0,488,531,348,473,462,517,527,298,386,255,161,516,0,
1,1775671350672,-7355,-14256,31323,-5955936,-2970026,-2880840,0,0,0,238,301,227,264,191,294,331,256,275,187,217,118,0,
2,1775671350672,1785,674,10701,813672,133168,-210137,0,0,0,496,533,353,476,472,516,513,275,387,277,173,542,0,
1,1775671350688,-5465,-23641,29064,-5622403,-3061656,-2767219,0,0,0,235,302,229,267,197,298,331,252,276,188,220,119,0,
2,1775671350688,1675,674,11543,1053131,63529,-273667,0,0,0,502,542,329,481,484,520,478,257,392,304,194,561,0,
1,1775671350704,-2646,-34634,22129,-4879591,-2852740,-1876578,0,0,0,234,300,229,267,198,300,333,251,278,191,218,119,0,
2,1775671350704,1488,650,12184,1402546,-50090,-287106,0,0,0,511,553,320,488,493,526,460,242,398,290,190,581,0,
1,1775671350720,3077,-42847,15764,-3554013,-2692693,-277332,0,0,0,238,299,229,271,194,298,336,252,278,196,219,120,0,
2,1775671350720,1344,526,12514,1798387,-101403,-277332,0,0,0,511,548,298,493,503,533,425,242,412,274,181,584,0,
1,1775671350736,13151,-45943,14113,-1532050,-1578475,1451415,0,0,0,236,292,223,267,192,290,343,273,274,208,246,115,0,
2,1775671350736,1277,373,13050,2238210,-42760,-273667,0,0,0,511,553,277,496,513,542,379,235,406,270,176,591,0,
1,1775671350752,14194,-40468,16324,238237,472809,1756848,0,0,0,239,279,196,267,178,266,392,338,262,240,307,96,0,
2,1775671350752,1698,387,13979,2757445,34208,-307876,0,0,0,515,553,261,494,522,543,334,220,394,274,179,594,0,
1,1775671350768,7776,-21545,18726,2079385,2900388,1273043,0,0,0,241,262,163,272,165,243,448,418,249,276,372,81,0,
2,1775671350768,2301,406,15041,3354871,8552,-399505,0,0,0,519,555,250,487,516,535,305,213,398,276,177,598,0,
1,1775671350784,-4757,10926,15037,3805690,5181358,20769,0,0,0,235,249,155,272,164,248,462,461,255,299,410,83,0,
2,1775671350784,2790,392,16223,4042706,-128281,-541226,0,0,0,525,548,245,481,516,538,281,197,396,271,177,593,0,
1,1775671350800,-2852,10337,12610,4792848,4305378,-608421,0,0,0,238,248,163,278,156,265,472,472,276,333,418,90,0,
2,1775671350800,3589,564,17750,4796513,-256563,-718377,0,0,0,525,542,251,474,510,533,269,173,392,260,170,571,0,
1,1775671350816,4369,-157,18348,5502674,1995085,-405614,0,0,0,242,248,165,288,161,277,477,477,278,370,428,93,0,
2,1775671350816,4900,703,20425,5736024,-388510,-1000597,0,0,0,510,527,258,472,498,530,262,159,391,242,158,519,0,
1,1775671350832,3675,-2421,23196,4740314,304210,652404,0,0,0,256,259,193,296,167,289,489,490,281,390,431,94,0,
2,1775671350832,5833,559,25173,6856351,-496022,-1361007,0,0,0,468,508,248,464,485,517,260,159,382,220,143,449,0,
1,1775671350848,-2914,-588,19243,3306002,-54977,977384,0,0,0,255,277,222,305,183,309,496,497,310,398,436,106,0,
2,1775671350848,6010,1129,29112,7743327,-354301,-1605353,0,0,0,403,485,222,441,458,482,272,169,356,196,130,383,0,
1,1775671350864,-5996,373,11677,1912008,169820,276111,0,0,0,258,276,247,323,192,349,518,518,318,404,449,132,0,
2,1775671350864,5436,2574,31213,8548448,112399,-1794722,0,0,0,335,453,207,403,417,437,291,201,317,165,116,314,0,
1,1775671350880,-3110,-14,9274,1025031,296880,-279776,0,0,0,281,295,267,335,200,356,521,521,350,416,460,180,0,
2,1775671350880,6231,3689,30624,9098226,755029,-2020742,0,0,0,289,432,220,357,382,400,303,250,283,127,105,239,0,
1,1775671350896,-1354,-234,10370,474031,290771,-249233,0,0,0,304,303,274,346,202,361,531,530,357,419,468,203,0,
2,1775671350896,8801,5943,25297,9269269,1589471,-2481334,0,0,0,280,424,236,331,362,381,314,277,279,108,105,197,0,
1,1775671350912,-1828,339,10839,179594,270002,-62308,0,0,0,319,309,280,357,201,360,540,525,342,427,479,211,0,
2,1775671350912,9423,10720,15888,8481252,1624901,-3365867,0,0,0,280,429,238,334,366,389,318,296,283,108,110,196,0,
1,1775671350928,-2134,899,10418,47647,240680,-6108,0,0,0,322,313,274,363,208,359,545,520,337,429,481,220,0,
2,1775671350928,5451,16027,11165,6106208,549778,-3849672,0,0,0,277,430,238,334,366,383,319,297,275,108,110,196,0,
1,1775671350944,-2033,1206,9968,86742,161268,-20769,0,0,0,328,318,273,368,215,362,550,513,338,425,479,235,0,
2,1775671350944,631,21540,10136,1265712,-1142317,-2647489,0,0,0,279,432,234,340,366,385,319,294,267,113,110,196,0,
1,1775671350960,-1928,1177,10083,213802,84299,8552,0,0,0,334,328,277,373,220,372,552,501,345,422,477,253,0,
2,1775671350960,2115,17994,10131,-4015828,-2399478,-304210,0,0,0,279,433,234,338,367,381,321,294,267,112,110,193,0,
1,1775671350976,-1871,1129,10251,309097,23212,40317,0,0,0,337,340,277,376,226,382,546,487,353,418,463,269,0,
2,1775671350976,6106,9533,8657,-6609561,-2651155,956614,0,0,0,272,434,234,338,367,381,324,298,267,112,111,194,0,
1,1775671350992,-1876,1129,10145,375071,-64751,53756,0,0,0,344,342,280,382,227,386,537,475,352,416,440,286,0,
2,1775671350992,8092,4383,5723,-6219829,-1721418,510683,0,0,0,263,437,236,338,370,384,327,302,270,112,111,195,0,
1,1775671351008,-1928,1081,9485,395840,-117286,58643,0,0,0,355,340,284,394,225,390,526,461,352,416,420,301,0,
2,1775671351008,7681,3359,4312,-5591860,-560774,-217468,0,0,0,259,437,234,340,373,386,328,306,271,113,113,196,0,
1,1775671351024,-1981,966,9121,390953,-134390,62308,0,0,0,354,347,283,389,227,393,523,459,356,409,399,314,0,
2,1775671351024,5618,4517,5690,-5588195,326202,-626747,0,0,0,260,437,235,342,374,388,327,307,272,113,115,196,0,
1,1775671351040,-2010,827,9504,384845,-136833,62308,0,0,0,354,348,281,396,243,398,526,441,358,403,389,319,0,
2,1775671351040,3656,4785,8035,-6004805,667064,-477696,0,0,0,261,439,237,342,375,387,329,308,273,112,114,194,0,
1,1775671351056,-2043,713,9672,357967,-118507,62308,0,0,0,359,346,272,401,243,394,518,419,357,406,381,316,0,
2,1775671351056,2713,4431,9437,-6217386,866206,-105068,0,0,0,260,440,237,341,375,387,328,308,271,113,115,195,0,
1,1775671351072,-2081,660,9552,312763,-74525,67195,0,0,0,360,348,270,401,244,391,523,405,357,393,375,319,0,
2,1775671351072,2799,4292,10423,-6258925,1211956,419053,0,0,0,259,439,237,341,373,387,325,306,269,115,116,196,0,
1,1775671351088,-2053,641,9495,262672,-21991,75747,0,0,0,351,351,279,401,250,394,528,399,355,384,367,323,0,
2,1775671351088,2766,4594,11868,-6379876,1616349,878424,0,0,0,258,439,236,339,373,386,330,310,274,114,116,196,0,
1,1775671351104,-1971,626,9581,224798,4886,81855,0,0,0,338,370,277,397,284,398,525,393,359,374,362,329,0,
2,1775671351104,2354,4694,14103,-6615670,1914451,1282817,0,0,0,258,439,237,342,377,390,332,313,277,115,117,196,0,
1,1775671351120,-1914,626,9643,199142,6108,79412,0,0,0,336,376,274,392,295,398,526,394,362,373,358,337,0,
2,1775671351120,2345,4091,16348,-6747617,1962099,1450194,0,0,0,258,439,237,341,374,388,331,310,275,111,115,192,0,
1,1775671351136,-1885,636,9662,186924,1221,70860,0,0,0,348,373,274,394,287,402,528,391,364,378,349,343,0,
2,1775671351136,2656,3531,18884,-6864903,2010968,1414763,0,0,0,259,438,237,340,372,388,331,312,276,111,116,191,0,
1,1775671351152,-1890,607,9724,190589,-7330,64751,0,0,0,351,370,277,399,272,415,529,379,365,375,340,354,0,
2,1775671351152,2943,3139,22273,-7094588,2059837,1219287,0,0,0,258,437,240,346,377,392,337,312,279,115,120,191,0,
1,1775671351168,-1923,564,9801,210137,-24434,67195,0,0,0,345,373,277,403,262,418,526,367,364,369,336,368,0,
2,1775671351168,3230,2541,26575,-7359704,2017077,1150870,0,0,0,262,437,240,343,371,388,337,309,279,142,131,187,0,
1,1775671351184,-1986,545,9830,254119,-37873,87964,0,0,0,354,380,275,400,265,412,520,352,360,363,328,382,0,
2,1775671351184,3627,703,30715,-7459886,1991420,1437976,0,0,0,265,440,242,348,371,388,339,306,278,119,118,190,0,
1,1775671351200,-2072,555,9849,324980,-31764,125838,0,0,0,367,389,284,396,270,427,514,327,364,344,306,402,0,
2,1775671351200,4020,-4919,33342,-7272961,2208888,2144136,0,0,0,260,435,234,352,374,393,346,304,283,116,116,191,0,
1,1775671351216,-2153,555,9949,421497,-15882,173485,0,0,0,372,392,297,401,272,440,509,302,373,332,290,428,0,
2,1775671351216,3981,-13735,34711,-6797708,2503325,2724458,0,0,0,263,435,235,354,375,397,348,305,288,117,113,191,0,
1,1775671351232,-2153,516,10112,546113,-20769,223576,0,0,0,383,398,307,410,295,458,503,275,394,323,266,459,0,
2,1775671351232,3866,-27580,31543,-5678603,2140471,2626720,0,0,0,267,436,237,354,373,398,349,304,291,134,119,192,0,
1,1775671351248,-2096,392,10366,695164,-96516,266337,0,0,0,401,407,298,414,316,476,502,253,405,304,231,479,0,
2,1775671351248,2790,-39884,23665,-4078136,1665218,1657888,0,0,0,266,436,236,354,371,398,350,303,293,131,118,195,0,
1,1775671351264,-2249,339,10739,823446,-191811,295658,0,0,0,398,438,290,430,332,486,487,245,413,299,220,508,0,
2,1775671351264,-3129,-46264,16444,-2086715,1598023,-81855,0,0,0,268,437,238,352,371,396,350,304,293,121,115,197,0,
1,1775671351280,-2512,287,11342,1032362,-219911,348193,0,0,0,415,428,273,451,353,495,465,223,403,382,211,519,0,
2,1775671351280,-9562,-44838,16171,-441044,763581,-1266934,0,0,0,267,436,241,350,372,392,361,339,286,134,151,190,0,
1,1775671351296,-2249,129,12021,1312138,-167377,399505,0,0,0,437,439,260,466,361,498,437,212,404,318,198,551,0,
2,1775671351296,-9255,-38061,18143,1029918,-607200,-1590693,0,0,0,255,421,228,347,371,383,388,414,274,160,216,180,0,
1,1775671351312,-2086,19,13046,1700648,-146607,406836,0,0,0,443,453,250,462,377,508,396,212,415,274,194,559,0,
2,1775671351312,-2105,-10993,21579,2759889,-2258979,-985936,0,0,0,247,393,204,342,357,373,422,466,270,176,248,177,0,
1,1775671351328,-2522,0,13955,2162462,-167377,442266,0,0,0,439,452,237,453,398,520,357,202,431,265,189,568,0,
2,1775671351328,5589,13926,14649,3557679,-3274237,164933,0,0,0,255,373,195,336,337,373,453,479,274,173,260,175,0,
1,1775671351344,-3139,153,14697,2761110,-146607,560774,0,0,0,438,463,235,438,416,524,308,200,434,261,193,568,0,
2,1775671351344,5216,12452,8982,4351803,-3061656,1170417,0,0,0,256,376,182,342,339,375,476,492,276,198,294,177,0,
1,1775671351360,-3828,215,15391,3401297,-24434,756251,0,0,0,436,464,230,421,420,510,244,198,421,241,190,556,0,
2,1775671351360,-3752,-2694,14591,5065294,-1307251,1398881,0,0,0,261,379,196,357,340,390,494,499,281,270,351,181,0,
1,1775671351376,-4747,287,16635,4153883,109955,1027475,0,0,0,427,436,245,403,391,505,200,177,413,199,154,539,0,
2,1775671351376,-7341,-2493,21296,4570493,-101403,167377,0,0,0,262,385,216,351,339,398,490,519,286,312,415,176,0,
1,1775671351392,-6499,406,19286,5060407,255341,1415985,0,0,0,418,412,278,385,355,510,185,158,411,168,121,504,0,
2,1775671351392,-1541,2014,19870,3767816,125838,-878424,0,0,0,266,401,240,367,351,409,515,533,298,296,393,183,0,
1,1775671351408,-8868,-23,22598,5963266,455705,1885130,0,0,0,398,393,261,372,335,480,177,157,394,159,114,431,0,
2,1775671351408,4029,1938,15017,2736676,26878,-553443,0,0,0,286,431,282,374,359,417,533,535,313,274,363,215,0,
1,1775671351424,-10313,-9,25508,6767165,681725,2422691,0,0,0,339,371,219,342,310,425,177,168,352,150,123,345,0,
2,1775671351424,3239,287,12084,1699427,-84299,58643,0,0,0,306,446,298,391,368,428,540,548,307,329,409,232,0,
1,1775671351440,-9538,1239,26972,7402464,834441,2872288,0,0,0,282,340,217,312,262,381,204,185,314,143,135,275,0,
2,1775671351440,871,-339,11232,753807,-167377,249233,0,0,0,331,458,314,403,379,438,547,552,309,329,398,255,0,
1,1775671351456,-8279,3254,27370,7910704,1012814,3177720,0,0,0,241,314,204,274,232,328,253,223,266,148,176,179,0,
2,1775671351456,880,478,10882,304210,-219911,92851,0,0,0,347,464,322,407,384,443,560,559,315,329,396,270,0,
1,1775671351472,-9868,5015,23565,8224689,1291369,3349984,0,0,0,230,285,222,245,186,277,289,243,263,157,208,126,0,
2,1775671351472,1095,1095,10447,134390,-216246,3665,0,0,0,357,468,323,407,386,442,565,563,317,337,402,279,0,
1,1775671351488,-12419,7006,16496,8192924,1329242,3621209,0,0,0,235,292,233,250,188,285,305,260,271,163,222,125,0,
2,1775671351488,1206,1320,10236,87964,-156381,1221,0,0,0,364,471,326,409,388,443,564,563,317,340,402,283,0,
1,1775671351504,-11524,10241,11342,6979746,686612,3751934,0,0,0,232,301,233,248,195,290,300,259,272,169,227,128,0,
2,1775671351504,1215,1407,10208,59864,-140499,7330,0,0,0,371,473,330,413,390,447,557,559,322,342,401,288,0,
1,1775671351520,-6633,15309,9691,3916867,175929,2623055,0,0,0,235,303,230,250,198,289,303,261,275,171,228,126,0,
2,1775671351520,1105,1521,10227,67195,-150272,-6108,0,0,0,376,477,330,412,389,446,549,552,324,347,403,293,0,
1,1775671351536,-2574,17664,9203,-718377,594982,-150272,0,0,0,242,302,226,266,197,288,311,262,270,172,226,126,0,
2,1775671351536,976,1631,10212,152716,-87964,-29321,0,0,0,379,479,331,411,389,446,565,553,316,350,401,293,0,
1,1775671351552,-5393,12447,7145,-3574783,1314581,-2267531,0,0,0,242,302,225,274,198,288,318,264,268,174,226,126,0,
2,1775671351552,952,1636,10174,255341,-4886,-41538,0,0,0,385,480,334,414,391,450,566,548,323,325,370,297,0,
1,1775671351568,-8963,6738,4824,-4530176,1022588,-2646268,0,0,0,241,305,227,272,201,289,317,270,267,172,235,124,0,
2,1775671351568,985,1531,10045,331088,65973,-41538,0,0,0,386,480,332,414,390,449,566,548,331,266,307,312,0,
1,1775671351584,-8848,4264,3780,-4368908,-144164,-1640784,0,0,0,234,308,230,262,203,290,309,272,267,192,237,133,0,
2,1775671351584,1076,1459,9911,353080,89186,-31764,0,0,0,393,481,332,414,390,449,563,538,332,239,257,323,0,
1,1775671351600,-6087,4331,4594,-4323704,-690277,-796568,0,0,0,224,308,230,250,203,292,306,271,271,202,229,141,0,
2,1775671351600,1143,1392,9834,370184,85521,-28099,0,0,0,398,483,331,423,394,454,555,521,331,234,242,326,0,
1,1775671351616,-4560,4364,6082,-4569271,-634078,-389732,0,0,0,224,308,230,250,206,294,309,272,274,166,233,126,0,
2,1775671351616,1167,1277,9786,370184,72082,-36651,0,0,0,402,484,331,425,398,459,560,518,339,240,239,347,0,
1,1775671351632,-5029,4264,7690,-5149593,-569326,-425162,0,0,0,233,307,231,254,205,296,311,271,272,169,238,126,0,
2,1775671351632,1206,1196,9758,350636,59864,-47647,0,0,0,407,483,329,429,398,461,558,513,342,275,273,352,0,
1,1775671351648,-5412,3986,9413,-5776341,-812450,-602313,0,0,0,242,303,228,260,204,292,317,272,272,175,237,123,0,
2,1775671351648,1282,1167,9777,323758,30543,-54977,0,0,0,416,485,329,430,398,463,557,500,340,257,244,362,0,
1,1775671351664,-5307,3340,11040,-6180734,-1183856,-912632,0,0,0,225,308,231,252,205,294,312,273,274,166,238,123,0,
2,1775671351664,1316,1134,9820,298102,-24434,-59864,0,0,0,420,487,331,436,400,469,558,492,343,244,224,374,0,
1,1775671351680,-5321,2368,12596,-6342002,-1502728,-1339016,0,0,0,229,309,232,249,203,291,309,273,271,170,244,130,0,
2,1775671351680,1273,1086,9834,277332,-69638,-63529,0,0,0,428,489,330,443,404,477,556,481,347,245,220,385,0,
1,1775671351696,-5695,1392,14400,-6420193,-1799608,-1727526,0,0,0,229,309,235,250,204,291,308,270,271,166,239,124,0,
2,1775671351696,1201,1048,9853,261450,-86742,-65973,0,0,0,436,494,330,447,409,481,555,475,350,247,217,396,0,
1,1775671351712,-6235,631,16630,-6459289,-2061059,-1953547,0,0,0,229,309,241,251,203,299,306,269,275,162,234,131,0,
2,1775671351712,1172,1038,9892,261450,-84299,-68416,0,0,0,440,498,331,448,413,485,557,469,355,247,210,408,0,
1,1775671351728,-6719,-105,19463,-6520375,-2321287,-1998751,0,0,0,225,309,239,238,235,288,311,280,272,162,248,126,0,
2,1775671351728,1167,1038,9978,287106,-69638,-72082,0,0,0,444,501,335,447,416,493,556,458,363,249,202,425,0,
1,1775671351744,-6963,-1067,22574,-6566801,-2515543,-2002416,0,0,0,223,304,244,244,212,298,308,274,276,160,242,131,0,
2,1775671351744,1177,1005,10050,332310,-51312,-74525,0,0,0,456,509,341,458,425,503,557,444,373,256,201,447,0,
1,1775671351760,-7351,-2459,25829,-6470284,-2514321,-2221106,0,0,0,235,304,241,257,195,294,322,264,272,180,228,125,0,
2,1775671351760,1191,957,10093,388510,-30543,-81855,0,0,0,466,514,343,471,433,507,554,427,369,255,190,463,0,
1,1775671351776,-8102,-4824,28987,-6254038,-2619390,-2722015,0,0,0,243,304,236,263,194,287,334,259,268,195,221,120,0,
2,1775671351776,1244,894,10131,447153,-3665,-95294,0,0,0,470,518,342,465,440,506,551,414,368,267,186,480,0,
1,1775671351792,-8245,-8777,31897,-6085439,-2977357,-3178942,0,0,0,237,304,234,262,197,288,330,259,269,183,221,119,0,
2,1775671351792,1373,842,10222,516791,20769,-119729,0,0,0,479,524,343,471,453,514,553,385,377,332,201,492,0,
1,1775671351808,-6944,-15668,33022,-6029239,-3290120,-3295007,0,0,0,229,306,233,261,198,293,327,260,274,176,220,117,0,
2,1775671351808,1502,818,10413,615752,41538,-150272,0,0,0,485,527,348,482,464,520,543,347,384,270,178,517,0,
1,1775671351824,-4594,-26848,27508,-5743354,-3056769,-2678033,0,0,0,229,308,235,263,198,297,332,260,278,184,220,120,0,
2,1775671351824,1670,794,10763,751364,75747,-190589,0,0,0,494,535,344,479,474,519,525,306,387,273,176,548,0,
1,1775671351840,-1497,-37118,20157,-4915021,-2846632,-1424537,0,0,0,232,309,233,267,201,298,333,262,279,188,223,119,0,
2,1775671351840,1789,703,11246,905302,122173,-240680,0,0,0,499,536,339,491,487,531,498,265,389,291,192,565,0,
1,1775671351856,7197,-45369,14472,-3165503,-2559525,684169,0,0,0,233,310,231,268,202,296,333,263,276,189,226,118,0,
2,1775671351856,1584,612,11878,1189965,119729,-290771,0,0,0,506,545,327,490,493,530,454,253,394,275,180,577,0,
1,1775671351872,15812,-44723,15238,-1221730,-1017701,1841147,0,0,0,233,309,231,269,202,298,332,264,273,185,226,120,0,
2,1775671351872,1354,574,12557,1563815,140499,-311541,0,0,0,508,551,298,493,504,534,429,240,395,268,183,584,0,
1,1775671351888,14725,-38640,16640,656069,1350012,1986533,0,0,0,233,308,235,263,200,297,331,267,273,185,231,120,0,
2,1775671351888,1622,492,13524,2062281,218689,-324980,0,0,0,515,554,277,493,514,534,399,229,401,268,187,592,0,
1,1775671351904,3445,-26872,17276,2190562,2990796,1535715,0,0,0,233,291,246,266,192,313,372,329,282,236,306,121,0,
2,1775671351904,2359,411,14381,2696359,205250,-421497,0,0,0,457,512,335,491,523,535,357,220,400,270,186,601,0,
1,1775671351920,-6771,6479,18281,2894279,3224146,747699,0,0,0,238,271,182,267,177,261,430,402,263,268,360,93,0,
2,1775671351920,2517,397,14840,3304780,79412,-553443,0,0,0,450,501,333,487,528,539,317,206,397,276,184,606,0,
1,1775671351936,-10457,31198,13452,2533869,3632204,-704938,0,0,0,247,262,160,273,170,243,454,448,255,284,397,81,0,
2,1775671351936,2636,397,15726,3991393,-62308,-674395,0,0,0,521,543,245,484,521,541,292,188,396,277,181,601,0,
1,1775671351952,-2010,14099,7934,3232698,3809355,-1530828,0,0,0,247,260,154,281,171,252,463,463,263,315,411,79,0,
2,1775671351952,3622,555,17281,4723210,-146607,-823446,0,0,0,514,535,241,487,507,542,278,166,387,269,171,588,0,
1,1775671351968,6312,-3105,12644,4569271,2863736,-977384,0,0,0,246,261,149,292,172,258,472,472,270,346,419,82,0,
2,1775671351968,5259,722,19856,5629734,-227241,-1115439,0,0,0,505,519,249,481,488,534,271,155,389,249,154,542,0,
1,1775671351984,6326,-4345,20588,4624249,1275486,425162,0,0,0,256,269,163,308,174,264,487,487,270,373,430,85,0,
2,1775671351984,5671,636,23857,6638883,-270002,-1457524,0,0,0,473,499,246,469,471,519,267,156,391,224,140,454,0,
1,1775671352000,-1971,756,20234,3419623,551000,949284,0,0,0,265,281,200,317,185,288,502,502,284,388,438,97,0,
2,1775671352000,5144,1172,27566,7505090,-81855,-1661553,0,0,0,401,472,216,447,450,496,271,161,379,204,134,385,0,
1,1775671352016,-5537,588,15941,2068389,313984,311541,0,0,0,263,287,235,324,201,328,514,514,307,394,447,126,0,
2,1775671352016,4230,2330,29916,8266228,419053,-1745852,0,0,0,345,448,204,406,416,450,291,179,333,179,120,341,0,
1,1775671352032,-2287,-617,12136,1086118,144164,-249233,0,0,0,270,289,249,340,211,360,527,526,322,400,459,172,0,
2,1775671352032,4790,2919,29786,8732929,1056796,-1892460,0,0,0,281,427,216,354,384,402,300,242,284,136,120,245,0,
1,1775671352048,-938,23,10246,551000,-103847,-248011,0,0,0,300,297,264,354,209,374,539,532,337,402,460,221,0,
2,1775671352048,6743,4551,26125,8919854,1788613,-2224771,0,0,0,270,420,232,331,361,383,315,274,283,180,136,196,0,
1,1775671352064,-1995,823,9959,486248,-173485,-72082,0,0,0,313,303,281,356,205,398,551,525,346,405,461,254,0,
2,1775671352064,7901,9265,16788,8597317,2081828,-2926044,0,0,0,274,426,237,330,364,391,318,295,289,112,116,198,0,
1,1775671352080,-2636,789,9901,438601,-65973,-3665,0,0,0,317,314,269,363,221,393,552,512,346,400,455,285,0,
2,1775671352080,4613,14319,12553,6747617,618195,-3584557,0,0,0,270,428,234,335,367,394,316,295,277,108,118,194,0,
1,1775671352096,-2325,579,9901,334754,57421,0,0,0,0,325,317,285,363,215,387,564,495,347,389,444,294,0,
2,1775671352096,1320,19999,10543,2734232,-1259604,-3174055,0,0,0,269,430,231,339,368,388,321,295,272,113,119,194,0,
1,1775671352112,-2019,693,9432,237015,84299,17104,0,0,0,322,329,278,369,237,412,555,478,371,402,442,326,0,
2,1775671352112,1895,18798,9518,-2871066,-2388483,-1538158,0,0,0,271,431,231,336,369,383,321,295,268,117,122,195,0,
1,1775671352128,-2024,880,9538,228463,54977,41538,0,0,0,326,335,288,374,233,415,556,455,377,402,435,334,0,
2,1775671352128,3589,11964,8872,-6108652,-2626720,-377514,0,0,0,274,434,234,340,370,383,326,297,269,120,124,195,0,
1,1775671352144,-2043,990,10179,359188,-43982,52534,0,0,0,324,341,283,382,250,415,553,439,371,390,410,346,0,
2,1775671352144,4824,5441,7542,-6552140,-2531425,-128281,0,0,0,273,437,237,342,370,383,332,299,269,121,126,194,0,
1,1775671352160,-2019,923,10279,496022,-161268,59864,0,0,0,327,341,276,385,243,412,550,427,376,381,379,354,0,
2,1775671352160,6604,3551,5431,-5919284,-2265088,-353080,0,0,0,268,437,236,342,370,384,334,301,270,121,126,194,0,
1,1775671352176,-2072,732,9901,529009,-215024,70860,0,0,0,328,338,271,388,240,415,547,398,368,368,352,356,0,
2,1775671352176,8336,4039,4910,-5793445,-1552819,-488692,0,0,0,266,435,233,343,372,385,334,303,272,121,127,196,0,
1,1775671352192,-2182,555,9557,486248,-190589,83077,0,0,0,328,334,267,394,243,419,547,381,366,361,335,365,0,
2,1775671352192,8379,4426,6537,-6190508,-596204,-367740,0,0,0,267,436,233,343,372,385,333,304,272,121,131,195,0,
1,1775671352208,-2239,459,9466,437379,-144164,91629,0,0,0,328,332,265,396,243,419,548,372,368,357,326,375,0,
2,1775671352208,7264,3670,8796,-6554584,107512,128281,0,0,0,268,438,235,343,373,387,330,307,272,120,129,194,0,
1,1775671352224,-2244,435,9518,397062,-105068,96516,0,0,0,329,334,265,395,241,422,546,357,369,354,317,384,0,
2,1775671352224,7159,2761,9987,-6673091,486248,712268,0,0,0,266,438,235,343,373,389,332,307,275,117,129,194,0,
1,1775671352240,-2239,402,9585,361632,-68416,106290,0,0,0,331,337,267,399,245,433,543,339,374,349,307,392,0,
2,1775671352240,7753,2215,10887,-6669426,913854,1240056,0,0,0,269,440,240,346,375,390,332,307,275,120,129,195,0,
1,1775671352256,-2201,363,9652,338419,-34208,117286,0,0,0,336,340,266,403,252,442,537,324,380,339,296,398,0,
2,1775671352256,7968,1947,12376,-6659652,1374446,1624901,0,0,0,270,440,242,340,371,387,332,307,279,123,133,198,0,
1,1775671352272,-2105,325,9686,322536,-19547,119729,0,0,0,334,338,262,408,262,443,535,315,384,341,283,410,0,
2,1775671352272,7944,1713,14654,-6666983,1734857,1791056,0,0,0,265,438,240,342,372,388,331,307,278,126,134,197,0,
1,1775671352288,-2029,277,9724,307876,-28099,114842,0,0,0,336,344,261,408,269,445,539,304,384,344,279,417,0,
2,1775671352288,7901,1378,17429,-6725626,1993864,1665218,0,0,0,263,438,240,346,375,390,335,311,279,122,132,195,0,
1,1775671352304,-2024,239,9796,305432,-56199,109955,0,0,0,345,350,265,422,260,440,534,290,378,337,265,422,0,
2,1775671352304,7633,1191,20368,-6807482,2184454,1418429,0,0,0,261,436,237,344,372,388,339,312,282,123,132,197,0,
1,1775671352320,-2096,196,9834,327423,-102625,119729,0,0,0,343,348,261,414,261,449,534,283,384,320,258,443,0,
2,1775671352320,7398,1158,23900,-6875899,2313957,1161865,0,0,0,262,436,237,346,373,390,340,311,281,123,134,196,0,
1,1775671352336,-2196,148,9825,360410,-139277,142942,0,0,0,349,349,262,412,268,452,534,270,392,310,234,452,0,
2,1775671352336,7781,492,28375,-6866125,2517986,1127657,0,0,0,264,436,239,347,373,392,340,307,280,125,133,196,0,
1,1775671352352,-2325,81,9853,399505,-164933,177150,0,0,0,347,357,263,415,269,464,534,258,407,304,216,470,0,
2,1775671352352,8370,-2134,31849,-6805038,2790432,1286482,0,0,0,264,436,239,348,373,393,342,305,286,125,129,196,0,
1,1775671352368,-2498,43,10007,452040,-193033,223576,0,0,0,350,378,251,430,296,470,531,249,413,294,209,483,0,
2,1775671352368,7307,-10117,32505,-6502049,3326772,1545489,0,0,0,265,436,239,350,373,396,344,303,293,124,128,197,0,
1,1775671352384,-2632,33,10327,571769,-201585,288328,0,0,0,360,398,252,434,343,492,509,242,428,284,204,508,0,
2,1775671352384,3024,-20349,31557,-5772676,3764151,1583362,0,0,0,269,439,240,352,375,399,345,301,294,126,130,199,0,
1,1775671352400,-2608,19,10710,768468,-178372,354301,0,0,0,364,411,248,440,366,502,506,231,432,274,197,534,0,
2,1775671352400,-3972,-32419,27317,-4245513,3169168,1117883,0,0,0,273,439,240,352,376,399,347,302,295,129,130,201,0,
1,1775671352416,-2321,0,11194,990823,-169820,387288,0,0,0,372,409,246,448,353,501,488,217,419,279,185,552,0,
2,1775671352416,-8389,-40263,21344,-2682920,2040289,270002,0,0,0,273,435,237,354,375,401,351,305,299,129,130,200,0,
1,1775671352432,-2105,-105,11768,1247386,-238237,381179,0,0,0,379,409,243,457,359,512,458,214,418,279,181,563,0,
2,1775671352432,-9887,-43814,16439,-1156978,841772,-901637,0,0,0,271,433,236,355,374,400,358,318,296,131,133,197,0,
1,1775671352448,-2024,-248,12194,1549154,-338419,356745,0,0,0,378,407,227,475,359,524,440,214,425,272,177,572,0,
2,1775671352448,-11442,-39291,17721,415388,-7330,-1639562,0,0,0,259,419,230,351,373,392,388,417,279,139,184,181,0,
1,1775671352464,-2359,-363,12457,1903456,-417831,340862,0,0,0,383,402,210,486,349,526,412,202,434,265,163,579,0,
2,1775671352464,-12237,-19033,22407,2183232,-1720196,-1136209,0,0,0,252,382,200,344,348,368,423,471,260,194,262,173,0,
1,1775671352480,-3149,-473,12931,2359161,-460592,439822,0,0,0,400,411,207,471,375,534,363,187,458,244,156,577,0,
2,1775671352480,-2522,11572,17597,3562566,-4116009,547335,0,0,0,256,370,184,336,336,368,461,478,268,176,258,182,0,
1,1775671352496,-3555,-593,13740,2897944,-485026,619417,0,0,0,405,415,214,458,376,541,333,185,465,238,150,575,0,
2,1775671352496,2378,11864,9303,4398229,-3802025,1538158,0,0,0,260,370,183,341,333,375,467,499,275,198,324,173,0,
1,1775671352512,-3943,-579,14840,3533244,-471587,819781,0,0,0,411,420,202,465,394,528,277,175,459,236,131,568,0,
2,1775671352512,-3216,167,13290,5119050,-1794722,1303586,0,0,0,261,377,193,353,340,391,493,506,284,224,354,178,0,
1,1775671352528,-4685,-392,16472,4254065,-467922,1061683,0,0,0,403,394,205,447,383,529,239,154,459,191,112,548,0,
2,1775671352528,-6154,-2215,20837,4798957,-384845,94073,0,0,0,265,385,212,366,347,402,510,511,296,216,345,187,0,
1,1775671352544,-5963,-335,19133,5048190,-541226,1352455,0,0,0,400,359,208,415,355,522,207,138,448,162,97,507,0,
2,1775671352544,-1062,732,21517,3839898,-31764,-756251,0,0,0,267,399,239,370,353,410,518,517,309,219,342,193,0,
1,1775671352560,-7968,-411,22991,6042678,-701273,1753183,0,0,0,406,359,184,398,334,467,207,139,411,155,97,429,0,
2,1775671352560,4283,1832,16420,2590068,-149051,-478918,0,0,0,278,421,275,378,366,419,531,530,313,228,344,213,0,
1,1775671352576,-9298,-354,26350,6936985,-751364,2188119,0,0,0,331,342,186,370,310,446,182,146,379,134,97,338,0,
2,1775671352576,3120,851,11988,1477072,-186924,100181,0,0,0,298,442,298,396,379,431,545,545,315,272,371,231,0,
1,1775671352592,-9112,-378,28552,7538077,-671951,2592512,0,0,0,293,319,190,325,262,386,207,171,330,127,112,250,0,
2,1775671352592,1311,358,10318,745255,-235793,277332,0,0,0,318,453,307,411,388,438,553,554,313,308,394,244,0,
1,1775671352608,-8834,1258,29140,7937582,-649960,2927266,0,0,0,249,293,185,284,219,319,260,217,285,137,167,152,0,
2,1775671352608,1009,564,10447,334754,-334754,138055,0,0,0,339,460,315,413,390,438,530,541,322,313,392,257,0,
1,1775671352624,-10375,5580,24757,8164824,-955393,3238807,0,0,0,243,277,200,266,190,289,295,237,281,154,211,119,0,
2,1775671352624,1229,1028,10457,100181,-415388,21991,0,0,0,355,468,324,413,390,437,517,533,333,316,391,267,0,
1,1775671352640,-10882,10806,16601,7960795,-1387885,3683517,0,0,0,242,279,216,266,184,290,308,246,284,193,217,133,0,
2,1775671352640,1038,1411,10279,12217,-375071,-2443,0,0,0,364,472,329,418,396,444,564,565,311,327,398,273,0,
1,1775671352656,-7647,14788,10662,6444628,-1299921,3927863,0,0,0,235,285,223,266,188,295,309,251,281,191,217,135,0,
2,1775671352656,928,1584,10284,36651,-222354,-4886,0,0,0,373,478,333,420,401,448,566,568,311,346,410,273,0,
1,1775671352672,-2976,18248,10528,2283414,50090,2409252,0,0,0,230,289,224,259,191,297,305,251,282,158,222,125,0,
2,1775671352672,985,1646,10256,106290,-123394,-17104,0,0,0,376,478,333,421,398,450,565,564,316,327,392,279,0,
1,1775671352688,-2340,17592,10782,-2291966,1543045,74525,0,0,0,226,295,222,254,192,298,306,253,287,157,223,127,0,
2,1775671352688,1000,1679,10184,206472,-67195,-28099,0,0,0,381,478,333,418,395,449,561,553,319,319,380,291,0,
1,1775671352704,-5431,11758,9078,-4849048,2150245,-1409876,0,0,0,228,299,221,251,190,296,308,255,289,158,225,129,0,
2,1775671352704,957,1679,10136,305432,0,-25656,0,0,0,387,480,330,421,397,452,567,547,326,303,356,295,0,
1,1775671352720,-7126,6929,6369,-4952895,1558928,-1060462,0,0,0,228,296,220,251,192,295,306,254,288,162,229,128,0,
2,1775671352720,1019,1617,10088,388510,62308,-17104,0,0,0,396,482,332,421,397,451,558,539,328,259,302,314,0,
1,1775671352736,-6412,5628,5594,-4915021,827111,-398284,0,0,0,230,296,217,250,207,291,308,254,278,161,228,120,0,
2,1775671352736,1148,1483,9968,430049,67195,-8552,0,0,0,405,483,329,421,397,451,557,527,330,245,275,321,0,
1,1775671352752,-5087,5312,6264,-5133711,327423,15882,0,0,0,228,298,221,242,217,284,315,260,286,164,234,125,0,
2,1775671352752,1239,1349,9853,439822,35430,-8552,0,0,0,416,486,333,425,401,456,558,516,335,244,257,339,0,
1,1775671352768,-4211,4924,7781,-5585751,186924,8552,0,0,0,231,301,224,254,193,292,311,257,282,166,237,125,0,
2,1775671352768,1273,1244,9815,415388,-12217,-23212,0,0,0,421,487,335,431,402,458,556,503,335,241,232,354,0,
1,1775671352784,-4508,4197,9155,-6023131,133168,-262672,0,0,0,230,298,231,254,189,302,312,253,288,166,230,131,0,
2,1775671352784,1244,1206,9839,384845,-51312,-39095,0,0,0,427,491,337,436,405,465,553,489,336,240,217,367,0,
1,1775671352800,-5178,3436,10361,-6359107,-79412,-574213,0,0,0,228,302,224,253,190,294,313,257,282,161,231,120,0,
2,1775671352800,1186,1191,9873,371406,-75747,-52534,0,0,0,434,495,337,443,410,475,552,477,341,241,208,381,0,
1,1775671352816,-5685,2727,11696,-6598566,-476474,-897971,0,0,0,227,299,219,254,196,288,313,257,279,164,236,119,0,
2,1775671352816,1105,1148,9892,376292,-69638,-58643,0,0,0,440,499,343,444,413,480,551,462,346,238,199,393,0,
1,1775671352832,-5972,1990,13424,-6718295,-849102,-1188743,0,0,0,228,300,220,255,192,288,312,258,278,164,236,119,0,
2,1775671352832,1057,1105,9920,388510,-50090,-57421,0,0,0,447,503,349,443,416,483,545,442,347,236,190,406,0,
1,1775671352848,-6412,1268,15472,-6768386,-1188743,-1435533,0,0,0,225,301,219,259,199,293,312,259,280,165,238,121,0,
2,1775671352848,1086,1081,9968,412944,-30543,-52534,0,0,0,456,506,341,449,425,493,539,424,352,241,180,425,0,
1,1775671352864,-7006,698,18296,-6827029,-1536936,-1623679,0,0,0,226,300,220,259,198,294,312,257,284,165,235,122,0,
2,1775671352864,1134,1019,10045,456927,-18325,-51312,0,0,0,463,512,347,450,427,497,540,402,355,244,177,445,0,
1,1775671352880,-7623,153,21287,-6913772,-1767844,-1780061,0,0,0,230,300,223,256,190,292,315,258,288,167,232,121,0,
2,1775671352880,1177,923,10088,497244,-3665,-56199,0,0,0,480,519,358,458,436,503,539,385,366,245,171,459,0,
1,1775671352896,-8585,-713,24599,-6958976,-1879021,-1965764,0,0,0,232,301,224,257,189,292,316,258,288,169,231,120,0,
2,1775671352896,1253,799,10112,542448,23212,-78190,0,0,0,483,524,351,467,448,508,536,362,371,257,172,483,0,
1,1775671352912,-10131,-2924,28399,-6882007,-1913229,-2256536,0,0,0,231,301,224,261,192,295,313,255,284,167,230,119,0,
2,1775671352912,1335,732,10150,585208,56199,-107512,0,0,0,491,527,346,478,464,518,531,338,376,259,170,504,0,
1,1775671352928,-11241,-7255,31007,-6764721,-2200336,-2574186,0,0,0,231,303,226,261,195,297,314,254,286,168,233,119,0,
2,1775671352928,1435,689,10294,636521,91629,-145385,0,0,0,492,534,354,485,467,525,520,307,376,262,170,521,0,
1,1775671352944,-9461,-15482,31921,-6524040,-2995683,-2649933,0,0,0,230,304,226,259,195,300,320,254,292,176,237,121,0,
2,1775671352944,1569,612,10624,728151,91629,-186924,0,0,0,500,540,347,492,486,535,507,281,386,271,176,546,0,
1,1775671352960,-5331,-26192,29571,-5965709,-3295007,-2366491,0,0,0,230,300,225,265,196,304,326,256,298,182,236,124,0,
2,1775671352960,1598,569,11146,893084,52534,-226020,0,0,0,505,541,333,488,487,531,485,257,388,282,182,565,0,
1,1775671352976,-325,-37315,22947,-4893030,-2831971,-1609019,0,0,0,232,302,224,271,197,308,322,252,292,185,232,123,0,
2,1775671352976,1502,588,11897,1205847,25656,-254119,0,0,0,514,545,319,491,493,534,459,238,393,278,181,580,0,
1,1775671352992,6331,-46379,15984,-3105638,-1941329,-98960,0,0,0,235,302,228,266,197,304,325,255,297,184,233,125,0,
2,1775671352992,1234,607,12586,1587027,64751,-261450,0,0,0,513,549,301,494,500,542,434,234,399,273,179,588,0,
1,1775671353008,12787,-49695,13754,-1142317,-670730,1351233,0,0,0,235,286,219,260,186,288,349,291,290,208,280,115,0,
2,1775671353008,1067,488,13184,2043955,147829,-241902,0,0,0,511,553,280,503,514,545,395,232,397,271,178,595,0,
1,1775671353024,12950,-38621,18248,1083674,1474628,1550375,0,0,0,239,265,178,273,174,255,411,360,260,260,341,93,0,
2,1775671353024,1698,402,13988,2566855,144164,-246789,0,0,0,515,558,263,503,522,545,343,223,393,272,181,602,0,
1,1775671353040,3704,-10677,18951,3224146,3975510,559552,0,0,0,243,252,151,277,164,242,447,420,254,292,381,83,0,
2,1775671353040,2569,411,15070,3197268,9773,-333532,0,0,0,520,560,255,488,518,545,299,212,397,274,188,606,0,
1,1775671353056,-6025,12955,13692,4604702,5026199,-807563,0,0,0,241,248,140,279,164,240,463,456,259,318,408,79,0,
2,1775671353056,3278,358,16204,3852116,-200363,-491135,0,0,0,525,555,255,483,519,541,275,197,395,274,188,603,0,
1,1775671353072,-1325,7408,13811,5528330,3136182,-1367116,0,0,0,246,246,144,287,164,259,472,472,285,349,422,86,0,
2,1775671353072,4225,512,17578,4602258,-410501,-730594,0,0,0,526,543,260,478,512,537,262,172,387,262,171,575,0,
1,1775671353088,6661,-1789,20023,5740911,842994,-811229,0,0,0,253,254,160,297,168,278,483,483,294,374,427,92,0,
2,1775671353088,5049,689,19856,5490456,-603534,-1060462,0,0,0,514,528,253,470,499,525,258,156,389,238,150,520,0,
1,1775671353104,5565,-3263,24512,4564385,-360410,807563,0,0,0,257,271,192,306,181,297,494,494,292,392,433,100,0,
2,1775671353104,5130,631,23967,6527705,-740368,-1391551,0,0,0,477,507,247,469,493,518,266,155,392,211,136,451,0,
1,1775671353120,-4455,-689,18315,2668259,-157603,935845,0,0,0,261,283,231,321,199,334,504,504,311,407,443,126,0,
2,1775671353120,5766,1148,28154,7451334,-561996,-1567480,0,0,0,391,485,214,445,467,487,275,168,358,198,134,382,0,
1,1775671353136,-6073,-129,11509,1262047,31764,2443,0,0,0,264,294,250,337,215,362,519,517,319,408,458,158,0,
2,1775671353136,6503,1995,30117,8207585,-29321,-1771509,0,0,0,341,459,207,399,427,438,297,192,329,172,122,332,0,
1,1775671353152,-2211,-167,9404,596204,76969,-345749,0,0,0,284,308,264,354,215,377,530,518,341,411,465,205,0,
2,1775671353152,7351,2790,30433,8754920,878424,-2145358,0,0,0,277,431,223,351,382,393,305,259,284,130,120,228,0,
1,1775671353168,-1129,153,10035,322536,68416,-155159,0,0,0,299,310,257,365,222,368,545,507,350,403,470,233,0,
2,1775671353168,8600,5111,27159,9028588,1679879,-2696359,0,0,0,273,431,237,338,369,388,310,273,283,110,105,202,0,
1,1775671353184,-2033,732,10452,276111,58643,19547,0,0,0,306,311,268,372,225,385,549,502,350,423,462,265,0,
2,1775671353184,8973,9700,18171,8598539,1382998,-3440393,0,0,0,275,432,240,336,368,393,316,292,288,107,110,200,0,
1,1775671353200,-2354,957,10208,300545,74525,51312,0,0,0,319,331,263,373,228,389,552,487,352,418,470,290,0,
2,1775671353200,6360,13658,13074,6577796,-406836,-3931528,0,0,0,271,432,237,336,369,393,315,296,280,107,109,198,0,
1,1775671353216,-1952,823,9959,322536,42760,20769,0,0,0,317,339,256,373,253,394,556,476,350,412,444,315,0,
2,1775671353216,4125,18143,10078,2781880,-1721418,-3298672,0,0,0,269,433,236,337,370,392,313,294,268,108,109,195,0,
1,1775671353232,-1880,837,9940,324980,-23212,26878,0,0,0,322,338,264,380,258,403,554,455,355,414,423,333,0,
2,1775671353232,4283,17717,8226,-2274862,-1694540,-1514945,0,0,0,267,434,233,339,371,392,315,295,266,110,110,196,0,
1,1775671353248,-2053,985,8911,304210,-12217,68416,0,0,0,325,337,262,387,257,406,551,442,353,406,407,345,0,
2,1775671353248,4819,12141,7523,-5374392,-1145983,-81855,0,0,0,263,435,232,341,373,392,319,298,269,110,110,196,0,
1,1775671353264,-2014,947,9145,372627,-47647,85521,0,0,0,331,341,262,392,253,410,548,422,352,403,389,363,0,
2,1775671353264,5034,6542,6518,-5787337,-812450,366519,0,0,0,260,438,235,339,373,391,319,300,271,109,110,194,0,
1,1775671353280,-1966,808,9897,463035,-129503,81855,0,0,0,335,346,264,393,263,416,544,402,355,402,368,377,0,
2,1775671353280,5637,4379,4752,-5242445,-605978,171042,0,0,0,259,440,236,337,372,389,320,302,270,111,113,195,0,
1,1775671353296,-2077,631,9949,481361,-157603,73303,0,0,0,334,347,263,392,267,419,539,387,361,392,349,382,0,
2,1775671353296,6192,4058,4450,-5054298,-168598,-65973,0,0,0,260,439,235,339,377,391,319,303,268,112,115,193,0,
1,1775671353312,-2191,512,9609,443488,-109955,74525,0,0,0,334,349,263,394,252,419,534,375,366,375,335,387,0,
2,1775671353312,5881,4249,5800,-5202128,544891,-212581,0,0,0,259,439,236,338,386,391,320,303,270,115,118,195,0,
1,1775671353328,-2182,454,9471,395840,-32986,86742,0,0,0,334,358,265,396,256,423,533,362,365,363,318,396,0,
2,1775671353328,4465,4848,8145,-5584530,1061683,-35430,0,0,0,258,439,234,340,372,392,308,298,268,111,114,191,0,
1,1775671353344,-2072,425,9624,378736,-7330,97738,0,0,0,339,361,264,400,252,430,525,336,364,355,306,406,0,
2,1775671353344,3972,5173,9964,-6007248,1268156,375071,0,0,0,260,440,236,342,375,393,323,305,270,111,117,191,0,
1,1775671353360,-2005,411,9739,368962,-2443,103847,0,0,0,342,356,268,407,260,437,523,324,365,347,292,416,0,
2,1775671353360,4556,4838,11189,-6337115,1541823,799011,0,0,0,258,439,236,343,378,396,324,307,270,111,118,192,0,
1,1775671353376,-2038,392,9777,370184,-13439,108734,0,0,0,349,361,268,408,263,437,522,311,369,346,290,418,0,
2,1775671353376,4589,4450,12854,-6575353,1936442,1133765,0,0,0,255,438,234,341,374,393,325,307,272,112,116,193,0,
1,1775671353392,-2038,344,9777,387288,-29321,118507,0,0,0,360,362,267,412,264,442,521,297,379,349,276,442,0,
2,1775671353392,3948,4144,15247,-6747617,2244318,1387885,0,0,0,256,438,235,343,376,395,326,307,272,113,119,194,0,
1,1775671353408,-1966,277,9806,408057,-52534,128281,0,0,0,356,360,267,411,271,452,510,275,386,337,255,443,0,
2,1775671353408,3752,3747,18104,-6910107,2310292,1525941,0,0,0,257,441,238,345,378,397,327,307,274,113,117,192,0,
1,1775671353424,-1962,191,9873,431270,-100181,142942,0,0,0,356,369,270,410,269,457,504,262,396,324,235,453,0,
2,1775671353424,3967,3244,21138,-7071376,2357939,1528384,0,0,0,257,442,239,344,376,396,327,305,273,113,117,194,0,
1,1775671353440,-2053,105,9949,459370,-161268,171042,0,0,0,361,383,273,416,285,469,504,255,397,311,226,469,0,
2,1775671353440,4249,2780,25364,-7239974,2406809,1472185,0,0,0,257,442,240,343,374,395,329,306,276,111,117,194,0,
1,1775671353456,-2187,71,10035,508239,-195476,206472,0,0,0,362,391,268,425,305,473,498,247,403,308,222,484,0,
2,1775671353456,4651,2134,30227,-7406130,2439795,1558928,0,0,0,258,441,239,346,374,395,334,307,280,110,114,193,0,
1,1775671353472,-2330,9,10078,592539,-188146,252898,0,0,0,370,394,260,427,313,477,488,236,414,305,214,509,0,
2,1775671353472,4359,-823,33696,-7588167,2660928,1938886,0,0,0,258,441,239,350,377,398,339,303,284,112,111,193,0,
1,1775671353488,-2388,-81,10236,687834,-178372,310319,0,0,0,384,397,258,433,317,484,476,223,430,294,202,532,0,
2,1775671353488,1287,-10289,36075,-7454999,3221703,2570520,0,0,0,261,441,240,352,379,400,343,298,290,114,111,194,0,
1,1775671353504,-2426,-153,10509,795346,-172263,364075,0,0,0,396,406,256,452,326,493,466,214,447,286,192,540,0,
2,1775671353504,-1301,-23737,36204,-6719517,2918714,2839301,0,0,0,264,442,239,354,380,398,345,299,297,119,112,198,0,
1,1775671353520,-2364,-229,10777,944397,-168598,414166,0,0,0,402,414,250,472,344,506,458,212,451,289,187,550,0,
2,1775671353520,622,-41124,27465,-4872261,1470963,1653001,0,0,0,264,443,239,357,382,399,347,301,298,120,117,200,0,
1,1775671353536,-2311,-287,11251,1126435,-163711,444709,0,0,0,396,429,258,484,359,512,438,207,445,289,190,556,0,
2,1775671353536,-1320,-50284,18348,-2774549,1048244,-596204,0,0,0,267,445,239,357,381,399,350,305,298,122,114,200,0,
1,1775671353552,-2086,-358,11945,1411098,-171042,450818,0,0,0,390,446,245,481,358,522,417,201,436,284,184,565,0,
2,1775671353552,-11859,-49638,15960,-767246,1076344,-2539977,0,0,0,259,440,233,355,381,400,348,319,295,116,118,199,0,
1,1775671353568,-1665,-473,12419,1738522,-211359,417831,0,0,0,398,453,226,495,380,521,383,199,442,295,204,571,0,
2,1775671353568,-15520,-39703,19861,847880,-395840,-2161241,0,0,0,255,436,229,356,382,393,383,429,278,135,181,184,0,
1,1775671353584,-1952,-569,12840,2131919,-289550,365297,0,0,0,424,452,210,505,408,530,342,191,448,295,186,566,0,
2,1775671353584,-6585,-13467,22622,2329840,-2387261,-922406,0,0,0,243,387,191,347,357,373,435,468,267,160,229,175,0,
1,1775671353600,-2933,-641,13582,2614503,-350636,405614,0,0,0,423,449,211,489,396,548,305,183,463,271,180,581,0,
2,1775671353600,6470,17496,15860,3199712,-3938859,340862,0,0,0,250,371,185,339,340,378,467,480,285,184,274,180,0,
1,1775671353616,-3933,-631,14898,3257133,-340862,596204,0,0,0,418,442,213,465,412,536,230,175,453,233,151,573,0,
2,1775671353616,5269,13036,8604,4273613,-3837455,1032362,0,0,0,256,371,185,345,338,384,490,492,289,202,326,180,0,
1,1775671353632,-5245,-425,16506,4035375,-216246,904080,0,0,0,429,409,212,450,392,523,207,153,435,215,123,554,0,
2,1775671353632,-3010,-497,13773,5218010,-2403143,1092227,0,0,0,262,379,196,352,337,392,492,510,299,264,393,177,0,
1,1775671353648,-6657,-421,18679,4827057,-97738,1297477,0,0,0,428,401,221,438,384,514,197,141,423,193,121,505,0,
2,1775671353648,-6422,-2948,21842,4952895,-855211,250454,0,0,0,262,385,214,359,341,401,511,528,300,306,424,180,0,
1,1775671353664,-8480,-732,22426,5756794,28099,1777617,0,0,0,404,394,217,423,361,484,194,139,400,179,121,440,0,
2,1775671353664,-1048,1296,21722,3838677,-156381,-570548,0,0,0,270,399,246,369,351,411,535,538,301,281,392,198,0,
1,1775671353680,-10428,-660,25785,6624222,210137,2257757,0,0,0,355,372,210,373,320,439,180,148,361,152,110,351,0,
2,1775671353680,4216,2225,15266,2491108,-125838,-345749,0,0,0,287,426,283,381,366,421,542,542,312,239,347,225,0,
1,1775671353696,-11227,-100,28868,7442782,465479,2838079,0,0,0,295,343,207,316,274,388,188,173,323,132,120,261,0,
2,1775671353696,2455,382,11658,1423316,-166155,149051,0,0,0,301,449,306,396,383,430,546,545,319,237,339,247,0,
1,1775671353712,-10356,2129,30160,7979121,623082,3259576,0,0,0,248,302,204,268,219,318,244,211,289,138,166,174,0,
2,1775671353712,813,-105,10768,720820,-185703,243124,0,0,0,322,460,323,405,388,440,549,549,322,244,341,265,0,
1,1775671353728,-11600,5010,27676,8403062,604756,3554013,0,0,0,239,264,205,243,170,261,303,244,266,154,211,107,0,
2,1775671353728,847,607,10725,355523,-216246,100181,0,0,0,343,467,325,406,389,441,556,557,317,247,341,273,0,
1,1775671353744,-13606,9566,17444,7974234,58643,3870442,0,0,0,268,270,214,266,175,277,315,254,272,164,223,114,0,
2,1775671353744,1206,1134,10332,222354,-268780,23212,0,0,0,358,472,340,412,393,447,558,562,326,249,335,287,0,
1,1775671353760,-11672,13778,10122,6065891,-690277,3761708,0,0,0,264,280,215,267,181,278,312,255,271,165,225,119,0,
2,1775671353760,1143,1320,10189,149051,-246789,6108,0,0,0,370,476,357,414,395,445,530,550,325,248,328,291,0,
1,1775671353776,-4776,17195,10720,1899790,-240680,1682322,0,0,0,259,282,216,266,182,282,307,255,268,165,224,118,0,
2,1775671353776,1033,1402,10284,146607,-175929,1221,0,0,0,378,480,357,416,395,449,569,570,317,252,325,300,0,
1,1775671353792,-1631,16233,11418,-2084272,1431868,-1188743,0,0,0,255,283,216,264,182,280,307,248,266,166,225,121,0,
2,1775671353792,971,1517,10351,221133,-118507,-18325,0,0,0,387,484,360,414,391,448,564,561,317,252,313,309,0,
1,1775671353808,-6144,10399,7977,-3828903,2753780,-2874731,0,0,0,246,289,220,259,186,283,312,258,272,166,231,121,0,
2,1775671353808,904,1579,10279,311541,-41538,-30543,0,0,0,394,492,361,424,402,457,568,552,323,283,333,308,0,
1,1775671353824,-10040,6178,3795,-3600439,1628566,-2175901,0,0,0,234,292,220,254,188,284,310,260,273,163,232,124,0,
2,1775671353824,952,1526,10122,389732,40317,-25656,0,0,0,391,490,351,425,402,459,562,540,327,257,297,321,0,
1,1775671353840,-8427,4986,2756,-3407406,3665,-992045,0,0,0,229,297,220,256,200,284,314,266,274,165,237,122,0,
2,1775671353840,1076,1402,9968,450818,79412,-18325,0,0,0,400,493,345,431,404,463,557,528,330,249,275,329,0,
1,1775671353856,-4312,5881,4651,-3804468,-340862,-416610,0,0,0,232,302,220,251,221,280,316,266,271,167,239,121,0,
2,1775671353856,1172,1258,9863,466701,53756,-14660,0,0,0,404,492,338,432,406,464,556,520,337,243,254,345,0,
1,1775671353872,-2981,6508,6594,-4519181,75747,-355523,0,0,0,231,299,221,253,213,282,314,264,271,168,240,122,0,
2,1775671353872,1215,1115,9786,443488,8552,-18325,0,0,0,413,496,340,436,411,466,556,511,343,239,231,361,0,
1,1775671353888,-4446,6350,7743,-5220454,191811,-487470,0,0,0,234,297,221,259,199,284,313,262,271,170,237,123,0,
2,1775671353888,1220,1024,9772,395840,-32986,-25656,0,0,0,423,501,341,443,415,470,553,495,345,238,214,373,0,
1,1775671353904,-5068,5752,9351,-5952270,-353080,-559552,0,0,0,238,297,221,262,194,284,313,261,269,173,235,123,0,
2,1775671353904,1229,1014,9834,364075,-75747,-37873,0,0,0,428,504,337,449,419,479,548,476,348,239,204,383,0,
1,1775671353920,-4431,4838,11280,-6536258,-891863,-667064,0,0,0,239,297,221,263,194,286,314,261,269,174,239,122,0,
2,1775671353920,1210,1033,9916,365297,-107512,-50090,0,0,0,435,508,337,449,426,485,546,460,354,238,194,395,0,
1,1775671353936,-3622,3656,13137,-6866125,-1154535,-880867,0,0,0,240,298,223,265,195,286,315,261,270,172,239,121,0,
2,1775671353936,1143,1028,9997,388510,-125838,-58643,0,0,0,445,519,341,445,427,485,545,444,361,237,187,411,0,
1,1775671353952,-3862,2751,14989,-6956533,-1266934,-1120326,0,0,0,235,297,224,262,199,288,311,258,268,171,240,120,0,
2,1775671353952,1067,942,10040,423940,-114842,-63529,0,0,0,459,520,348,450,433,495,541,426,357,239,182,432,0,
1,1775671353968,-4675,2268,17348,-7017619,-1434311,-1284038,0,0,0,234,294,224,260,198,287,313,261,272,169,239,117,0,
2,1775671353968,1086,866,10074,464257,-91629,-68416,0,0,0,468,526,361,457,440,505,536,410,366,243,175,451,0,
1,1775671353984,-5608,1938,20847,-7160562,-1635897,-1381777,0,0,0,234,297,224,255,187,282,312,259,267,171,241,119,0,
2,1775671353984,1206,770,10102,516791,-70860,-86742,0,0,0,471,528,340,455,448,505,528,380,366,245,175,473,0,
1,1775671354000,-6728,1186,24891,-7341378,-1754404,-1583362,0,0,0,236,298,229,263,191,288,319,261,272,170,236,116,0,
2,1775671354000,1282,641,10078,558330,-52534,-117286,0,0,0,482,534,347,466,462,508,526,359,373,252,175,488,0,
1,1775671354016,-9083,-971,29351,-7412238,-1787391,-2092824,0,0,0,236,295,229,263,190,291,319,259,273,169,230,117,0,
2,1775671354016,1273,526,10064,588874,-26878,-155159,0,0,0,488,538,343,474,466,515,523,331,377,260,174,507,0,
1,1775671354032,-12242,-5551,33084,-7319387,-2069611,-2795319,0,0,0,236,295,226,264,191,290,319,257,272,169,230,115,0,
2,1775671354032,1253,483,10251,638965,7330,-185703,0,0,0,502,546,350,485,473,523,515,310,381,280,174,524,0,
1,1775671354048,-13395,-13907,35242,-7038389,-3007900,-3343876,0,0,0,235,296,226,265,194,293,321,259,276,174,231,118,0,
2,1775671354048,1320,478,10591,735481,21991,-215024,0,0,0,515,546,364,477,477,520,501,280,383,283,180,551,0,
1,1775671354064,-9107,-27465,34008,-6372546,-3787364,-3279124,0,0,0,235,299,227,262,194,295,319,256,283,180,233,116,0,
2,1775671354064,1378,435,10988,886976,9773,-240680,0,0,0,521,552,351,484,487,526,482,253,393,284,179,567,0,
1,1775671354080,-2292,-40693,27221,-5141041,-3569896,-2657263,0,0,0,236,303,228,265,197,300,329,261,287,183,232,119,0,
2,1775671354080,1416,392,11658,1130100,21991,-262672,0,0,0,519,552,332,490,497,531,457,234,393,273,172,574,0,
1,1775671354096,4785,-48432,18391,-3169168,-2823419,-1328021,0,0,0,233,305,227,264,200,299,333,263,288,184,233,119,0,
2,1775671354096,1335,430,12534,1458746,74525,-282219,0,0,0,520,556,309,492,505,535,414,232,387,277,178,588,0,
1,1775671354112,10370,-51002,14103,-1226617,-1725083,194255,0,0,0,240,297,224,273,192,294,337,263,283,192,238,115,0,
2,1775671354112,1129,378,13338,1951103,129503,-287106,0,0,0,522,561,290,491,515,538,379,230,391,280,185,599,0,
1,1775671354128,12203,-47408,15180,458148,-161268,1277930,0,0,0,246,285,215,281,182,284,363,301,272,217,281,106,0,
2,1775671354128,1301,291,14032,2477669,111177,-278554,0,0,0,526,563,274,492,523,539,349,227,395,275,183,604,0,
1,1775671354144,6757,-24709,19818,2195449,1861917,1076344,0,0,0,241,267,196,272,175,262,411,375,258,257,357,93,0,
2,1775671354144,2345,229,14931,3136182,-30543,-343306,0,0,0,529,563,260,491,522,537,309,225,387,273,182,608,0,
1,1775671354160,-4570,16439,18899,3589444,4142888,-345749,0,0,0,242,250,169,271,165,242,448,430,259,291,398,81,0,
2,1775671354160,3139,196,15975,3802025,-208915,-507018,0,0,0,525,559,255,480,518,531,278,201,386,273,183,599,0,
1,1775671354176,-6044,22115,11380,4265061,4555832,-1362229,0,0,0,243,253,147,279,168,244,466,466,277,320,413,76,0,
2,1775671354176,3646,363,17353,4577824,-389732,-742812,0,0,0,522,547,256,479,517,529,267,179,391,265,175,582,0,
1,1775671354192,4235,540,14079,5629734,2394591,-1120326,0,0,0,240,261,157,282,173,266,473,473,281,364,427,88,0,
2,1775671354192,4666,540,19640,5533217,-555887,-1056796,0,0,0,523,535,260,473,498,529,262,154,390,247,159,544,0,
1,1775671354208,8499,-6379,22770,5445252,202807,48869,0,0,0,249,254,180,290,165,281,488,488,285,388,433,95,0,
2,1775671354208,5431,344,23153,6502049,-671951,-1379333,0,0,0,506,526,261,472,490,525,251,152,383,218,141,469,0,
1,1775671354224,478,-1689,22445,3809355,-261450,994488,0,0,0,259,270,222,305,180,297,505,504,297,397,443,100,0,
2,1775671354224,6192,392,27590,7452555,-547335,-1660331,0,0,0,415,491,229,448,471,493,266,162,376,208,139,399,0,
1,1775671354240,-6173,445,16712,2139250,-87964,696386,0,0,0,257,284,256,314,196,356,511,512,319,406,454,147,0,
2,1775671354240,6781,1732,30193,8252789,63529,-1925447,0,0,0,354,465,211,409,432,452,283,183,333,184,128,350,0,
1,1775671354256,-4613,-33,10691,1006705,142942,-239459,0,0,0,292,289,265,348,200,360,527,526,317,416,469,188,0,
2,1775671354256,7556,3043,30858,8851437,770911,-2263866,0,0,0,290,436,216,361,390,405,295,234,287,146,123,266,0,
1,1775671354272,-1584,-86,9786,532674,57421,-305432,0,0,0,309,304,270,358,206,370,537,511,326,421,479,218,0,
2,1775671354272,9045,4795,26752,9154426,1662775,-2886949,0,0,0,277,428,232,334,368,384,310,267,278,118,108,214,0,
1,1775671354288,-1488,550,10284,299323,-12217,-94073,0,0,0,321,314,266,368,214,372,541,500,326,429,483,243,0,
2,1775671354288,10011,8542,18506,8872206,1871691,-3723834,0,0,0,282,429,239,333,365,384,316,288,281,110,109,199,0,
1,1775671354304,-2459,1028,10289,249233,42760,7330,0,0,0,331,325,271,371,219,385,546,492,330,439,477,268,0,
2,1775671354304,7571,12490,13137,7484320,918741,-4548502,0,0,0,284,430,238,336,366,386,317,297,277,109,110,196,0,
1,1775671354320,-2435,1110,9954,262672,113620,9773,0,0,0,338,330,284,379,221,390,553,488,339,438,466,287,0,
2,1775671354320,2096,19497,10552,3263242,-662177,-3462384,0,0,0,280,428,232,324,386,373,318,298,270,110,110,196,0,
1,1775671354336,-2053,1024,9949,296880,107512,8552,0,0,0,344,336,286,391,229,385,556,475,343,433,460,298,0,
2,1775671354336,1191,21162,9049,-2053728,-1871691,-974940,0,0,0,280,430,233,326,387,372,318,297,268,113,111,197,0,
1,1775671354352,-1957,1033,10131,327423,68416,21991,0,0,0,348,350,280,394,247,387,548,447,343,427,444,312,0,
2,1775671354352,5163,13481,8418,-5485569,-2100154,1015258,0,0,0,284,434,236,341,368,383,320,296,268,116,110,199,0,
1,1775671354368,-2053,1148,10452,384845,4886,50090,0,0,0,350,353,280,396,259,391,539,428,346,414,412,325,0,
2,1775671354368,8370,5838,6762,-6392093,-1486845,1357342,0,0,0,281,435,236,341,368,383,323,299,268,115,110,199,0,
1,1775671354384,-1976,1196,12050,377514,-13439,73303,0,0,0,345,359,276,400,265,401,536,407,353,407,398,338,0,
2,1775671354384,8164,3297,4881,-5749463,-332310,361632,0,0,0,274,438,239,343,371,385,326,305,271,114,111,199,0,
1,1775671354400,-1899,1110,12170,372627,-50090,84299,0,0,0,350,361,279,402,260,404,534,390,353,388,378,352,0,
2,1775671354400,5862,3890,5604,-5610186,443488,-416610,0,0,0,266,440,239,341,370,384,328,306,271,115,115,200,0,
1,1775671354416,-1962,851,10189,441044,-134390,76969,0,0,0,351,358,269,405,268,408,535,375,355,377,361,361,0,
2,1775671354416,4015,4235,7580,-5874080,718377,-638965,0,0,0,259,438,236,340,373,387,327,307,275,114,115,198,0,
1,1775671354432,-2053,670,9102,465479,-166155,76969,0,0,0,349,357,271,410,260,416,534,364,353,386,350,368,0,
2,1775671354432,2943,4422,9552,-6212499,769690,-432492,0,0,0,260,439,238,340,374,387,324,308,278,114,116,198,0,
1,1775671354448,-2100,617,9370,425162,-129503,87964,0,0,0,349,368,271,417,262,425,529,346,357,374,327,378,0,
2,1775671354448,3460,4771,10452,-6442184,990823,21991,0,0,0,262,442,242,341,378,387,329,309,274,115,116,199,0,
1,1775671354464,-2100,612,9657,400727,-90408,100181,0,0,0,349,366,267,419,270,425,527,341,359,367,313,394,0,
2,1775671354464,4268,4943,11519,-6670648,1536936,502131,0,0,0,261,440,239,338,373,385,328,308,273,115,113,195,0,
1,1775671354480,-2053,593,9681,395840,-67195,111177,0,0,0,349,372,263,424,289,429,522,350,355,352,308,398,0,
2,1775671354480,3823,4565,13816,-6850242,2152689,955393,0,0,0,261,440,239,342,376,388,330,311,277,115,117,199,0,
1,1775671354496,-1990,555,9662,403171,-65973,114842,0,0,0,358,366,261,418,287,433,519,324,360,342,291,414,0,
2,1775671354496,3177,3962,16333,-6945537,2376265,1318247,0,0,0,262,441,241,311,364,388,333,313,278,116,116,201,0,
1,1775671354512,-1981,488,9767,412944,-90408,117286,0,0,0,363,367,264,418,284,438,516,296,368,342,275,428,0,
2,1775671354512,3345,3206,18784,-6989520,2355496,1522276,0,0,0,258,442,239,327,369,388,333,313,279,114,116,198,0,
1,1775671354528,-2024,435,9887,422718,-120951,129503,0,0,0,358,377,262,422,289,442,511,282,372,338,262,439,0,
2,1775671354528,3981,2345,21689,-7017619,2464230,1480737,0,0,0,257,440,239,342,375,388,332,313,279,114,116,197,0,
1,1775671354544,-2120,363,9935,441044,-140499,149051,0,0,0,356,381,262,423,298,448,505,266,372,326,246,450,0,
2,1775671354544,4101,1933,25154,-7045719,2618168,1389107,0,0,0,257,440,240,345,376,389,334,313,280,115,116,197,0,
1,1775671354560,-2268,291,9944,471587,-144164,185703,0,0,0,364,384,270,427,317,460,501,249,376,320,232,462,0,
2,1775671354560,3957,1689,29695,-7119023,2654820,1499063,0,0,0,258,440,239,347,376,390,339,312,284,117,116,198,0,
1,1775671354576,-2368,224,9964,529009,-122173,243124,0,0,0,375,397,268,429,341,466,498,243,387,319,219,486,0,
2,1775671354576,3464,-1182,32883,-7236309,2753780,2054950,0,0,0,262,440,239,347,373,389,342,308,288,117,115,198,0,
1,1775671354592,-2388,153,10098,615752,-107512,305432,0,0,0,384,404,273,432,334,473,491,234,404,301,205,501,0,
2,1775671354592,1923,-8054,34898,-7111693,3105638,2669481,0,0,0,266,439,240,350,373,392,345,301,290,116,113,196,0,
1,1775671354608,-2316,86,10394,740368,-128281,366519,0,0,0,401,406,262,453,345,484,480,234,407,291,199,513,0,
2,1775671354608,947,-21741,34170,-6321233,2778215,2823419,0,0,0,270,438,239,353,377,396,343,301,290,119,112,198,0,
1,1775671354624,-2105,9,10835,886976,-172263,389732,0,0,0,418,428,259,458,361,488,479,220,407,294,202,538,0,
2,1775671354624,2708,-37137,27245,-4877148,1772730,1947438,0,0,0,275,439,241,353,376,396,337,303,291,119,114,198,0,
1,1775671354640,-2014,-28,11390,1078788,-224798,386066,0,0,0,416,430,260,460,362,508,453,209,404,283,190,554,0,
2,1775671354640,1019,-46972,17568,-2785545,1470963,-180816,0,0,0,276,437,240,353,376,397,349,309,291,122,121,200,0,
1,1775671354656,-2005,-67,11950,1353677,-285884,366519,0,0,0,424,421,243,476,365,527,426,221,404,270,178,569,0,
2,1775671354656,-10260,-46015,17094,-869872,1402546,-1831373,0,0,0,253,414,224,344,364,384,381,401,283,157,197,188,0,
1,1775671354672,-1727,-220,12256,1694540,-371406,328645,0,0,0,434,425,232,473,375,529,388,208,422,270,184,572,0,
2,1775671354672,-18568,-40181,23809,1076344,-602313,-1791056,0,0,0,246,388,204,344,354,371,415,460,267,202,272,171,0,
1,1775671354688,-1880,-311,12691,2051285,-455705,274889,0,0,0,426,429,226,473,380,526,353,194,427,273,178,574,0,
2,1775671354688,-8198,-14166,21282,3338989,-3973067,-344527,0,0,0,251,365,179,338,339,363,456,475,261,178,260,172,0,
1,1775671354704,-3062,-320,13524,2502104,-445931,318871,0,0,0,432,434,217,466,386,516,308,183,428,272,176,589,0,
2,1775671354704,3536,9384,13826,4616919,-4993212,739146,0,0,0,256,367,182,343,336,374,480,484,276,208,309,177,0,
1,1775671354720,-4359,-330,14544,3111747,-346971,511905,0,0,0,426,429,222,473,395,524,252,177,424,253,164,582,0,
2,1775671354720,2388,8528,12773,5082398,-3062878,1036027,0,0,0,262,375,188,351,338,387,492,493,288,204,307,186,0,
1,1775671354736,-5379,-224,15821,3888768,-180816,877202,0,0,0,424,430,229,462,388,529,210,167,422,221,141,561,0,
2,1775671354736,-5398,-617,20928,5071403,-766025,456927,0,0,0,262,382,206,358,340,398,499,499,296,205,309,192,0,
1,1775671354752,-6245,-110,17999,4692666,-46425,1288925,0,0,0,422,417,230,441,372,512,192,152,416,202,121,523,0,
2,1775671354752,-4484,-1579,23244,4262617,-3665,-422718,0,0,0,262,387,223,365,347,406,509,510,303,210,308,197,0,
1,1775671354768,-7666,-320,21478,5521000,57421,1674992,0,0,0,403,391,222,417,364,488,187,142,403,181,111,457,0,
2,1775671354768,2455,1459,17295,2935818,-34208,-664621,0,0,0,272,403,253,370,352,414,522,523,310,216,304,214,0,
1,1775671354784,-10102,-296,24881,6451958,195476,2162462,0,0,0,365,373,217,372,343,459,182,148,378,150,106,369,0,
2,1775671354784,3742,1789,10863,1857030,-73303,-41538,0,0,0,289,428,285,378,362,420,533,533,314,223,304,236,0,
1,1775671354800,-10648,-4,27197,7250970,337197,2704911,0,0,0,309,353,222,327,291,412,184,167,341,136,115,281,0,
2,1775671354800,2268,670,9657,1158200,-204028,255341,0,0,0,313,449,310,393,377,425,545,550,310,258,328,248,0,
1,1775671354816,-9183,1239,28537,7760431,444709,3086091,0,0,0,254,329,206,291,255,357,215,205,309,133,156,214,0,
2,1775671354816,1244,95,10935,582765,-400727,213802,0,0,0,339,460,329,406,385,436,558,565,307,324,383,253,0,
1,1775671354832,-9820,3551,27441,8195368,631634,3307224,0,0,0,229,289,188,259,203,274,287,248,271,149,208,113,0,
2,1775671354832,942,607,11146,193033,-483805,87964,0,0,0,348,464,327,411,388,444,562,563,311,357,412,262,0,
1,1775671354848,-12208,7341,20746,8317541,663399,3528357,0,0,0,250,285,219,267,187,288,311,255,281,162,219,125,0,
2,1775671354848,942,1296,10351,86742,-350636,25656,0,0,0,362,471,330,411,387,438,565,565,307,372,426,265,0,
1,1775671354864,-11596,12213,12050,7164227,284663,3668856,0,0,0,236,297,219,262,194,290,310,263,283,156,222,124,0,
2,1775671354864,1028,1478,10193,75747,-232128,13439,0,0,0,364,473,329,412,389,442,565,565,309,404,462,258,0,
1,1775671354880,-7068,16922,9944,3991393,111177,2520429,0,0,0,235,302,221,263,194,291,308,261,277,160,221,120,0,
2,1775671354880,1072,1478,10299,98960,-169820,1221,0,0,0,372,476,329,417,394,446,563,564,309,354,400,277,0,
1,1775671354896,-3828,17626,11107,-767246,856433,-406836,0,0,0,233,306,219,262,197,289,305,256,271,161,221,121,0,
2,1775671354896,985,1550,10236,163711,-120951,-17104,0,0,0,379,477,336,415,394,446,559,559,321,354,373,281,0,
1,1775671354912,-5206,13074,9624,-3477044,1623679,-2394591,0,0,0,230,306,219,260,195,288,308,256,273,161,222,123,0,
2,1775671354912,914,1627,10136,259006,-43982,-31764,0,0,0,383,477,333,418,396,449,566,559,329,255,285,304,0,
1,1775671354928,-8442,7566,5943,-3908315,1502728,-2547308,0,0,0,229,308,220,257,195,286,309,258,274,165,227,126,0,
2,1775671354928,923,1593,10050,355523,41538,-31764,0,0,0,387,482,335,422,400,454,564,555,329,243,268,314,0,
1,1775671354944,-8102,5522,4005,-3706730,383623,-1462411,0,0,0,230,308,222,257,197,290,310,260,276,165,228,126,0,
2,1775671354944,1067,1426,9973,398284,80634,-19547,0,0,0,397,486,335,425,400,453,561,544,326,241,257,322,0,
1,1775671354960,-5077,5608,4809,-4048814,-273667,-642630,0,0,0,229,307,224,258,198,293,311,259,276,164,228,125,0,
2,1775671354960,1191,1311,9906,408057,68416,-13439,0,0,0,402,485,335,426,399,453,513,501,348,237,241,324,0,
1,1775671354976,-3091,5843,6637,-4797735,-53756,-433714,0,0,0,226,307,225,259,198,295,311,259,274,169,226,126,0,
2,1775671354976,1215,1210,9849,392175,18325,-19547,0,0,0,406,489,333,428,402,457,528,500,346,240,235,337,0,
1,1775671354992,-3866,5144,7968,-5534439,234572,-482583,0,0,0,224,305,225,261,199,296,310,259,274,172,224,125,0,
2,1775671354992,1206,1172,9825,367740,-19547,-29321,0,0,0,415,492,335,433,406,461,556,506,337,243,230,351,0,
1,1775671355008,-4814,4268,9093,-6032905,17104,-513126,0,0,0,222,305,222,258,201,294,309,259,274,166,226,123,0,
2,1775671355008,1210,1148,9858,350636,-51312,-39095,0,0,0,424,494,336,437,407,463,556,492,338,243,219,365,0,
1,1775671355024,-4589,3608,10715,-6388428,-483805,-625526,0,0,0,221,309,223,252,197,294,310,261,276,160,229,123,0,
2,1775671355024,1210,1091,9897,345749,-84299,-48869,0,0,0,428,498,335,437,408,466,556,480,339,244,208,379,0,
1,1775671355040,-4211,3024,12400,-6673091,-811229,-866206,0,0,0,222,310,226,250,197,296,310,262,276,156,228,123,0,
2,1775671355040,1162,1062,9920,349414,-109955,-57421,0,0,0,435,503,336,441,415,473,556,468,353,243,201,386,0,
1,1775671355056,-4441,2239,14304,-6860016,-1064127,-1175304,0,0,0,223,311,229,251,200,297,311,262,278,163,231,127,0,
2,1775671355056,1110,1072,9935,375071,-120951,-58643,0,0,0,446,513,340,448,425,479,554,452,376,243,195,402,0,
1,1775671355072,-4943,1469,16444,-6924768,-1370781,-1396437,0,0,0,223,311,229,251,201,298,311,263,278,164,231,125,0,
2,1775671355072,1115,1005,10002,426383,-109955,-51312,0,0,0,449,517,349,454,430,488,549,438,354,244,187,421,0,
1,1775671355088,-5412,827,18918,-6877120,-1674992,-1463633,0,0,0,226,317,231,253,210,299,309,265,275,164,230,125,0,
2,1775671355088,1119,894,10054,466701,-98960,-51312,0,0,0,458,517,349,456,435,498,544,417,354,243,178,443,0,
1,1775671355104,-6039,71,22225,-6812369,-1841147,-1496619,0,0,0,224,312,232,253,202,298,309,262,275,163,228,123,0,
2,1775671355104,1115,827,10064,496022,-80634,-65973,0,0,0,474,526,364,461,448,510,543,398,366,247,180,463,0,
1,1775671355120,-7087,-1091,26073,-6743952,-1808161,-1661553,0,0,0,226,311,232,256,200,298,311,260,275,166,228,123,0,
2,1775671355120,1134,794,10122,543670,-51312,-85521,0,0,0,482,533,352,469,457,510,531,366,368,255,176,483,0,
1,1775671355136,-8446,-3517,29207,-6636439,-1703092,-2052507,0,0,0,227,311,234,257,200,300,310,258,276,168,224,123,0,
2,1775671355136,1244,732,10260,618195,-9773,-113620,0,0,0,490,535,349,475,464,516,528,345,378,258,170,501,0,
1,1775671355152,-10031,-8820,31758,-6470284,-1940107,-2538755,0,0,0,223,313,231,257,204,304,310,259,280,169,225,126,0,
2,1775671355152,1421,593,10447,708603,30543,-158824,0,0,0,499,542,352,480,470,524,515,313,380,261,171,532,0,
1,1775671355168,-10069,-17473,32017,-6210056,-2580294,-2675589,0,0,0,221,315,228,258,205,305,308,258,284,172,228,127,0,
2,1775671355168,1555,473,10720,807563,46425,-212581,0,0,0,506,546,345,490,477,521,500,278,381,273,176,549,0,
1,1775671355184,-5355,-28604,27743,-5584530,-3010343,-2178345,0,0,0,224,315,230,259,205,306,306,257,284,173,230,124,0,
2,1775671355184,1512,469,11160,972497,14660,-262672,0,0,0,511,547,332,488,491,525,477,250,385,274,174,569,0,
1,1775671355200,3551,-38745,21095,-4447098,-2908940,-1354899,0,0,0,224,317,230,261,208,308,307,261,285,171,230,122,0,
2,1775671355200,1450,459,11734,1255938,-8552,-290771,0,0,0,517,552,320,490,499,530,446,234,388,272,174,581,0,
1,1775671355216,11964,-45460,15520,-2591290,-1518610,-107512,0,0,0,223,316,229,260,205,304,309,262,283,174,233,126,0,
2,1775671355216,1335,430,12519,1606575,32986,-311541,0,0,0,523,558,309,494,503,532,411,226,389,270,176,591,0,
1,1775671355232,14132,-46972,13515,-679282,212581,1242499,0,0,0,224,308,224,266,200,298,325,281,279,192,253,122,0,
2,1775671355232,1378,325,13472,2079385,80634,-329867,0,0,0,525,561,291,495,512,534,372,222,389,272,180,604,0,
1,1775671355248,11280,-38808,15874,965167,1516167,1971872,0,0,0,226,286,203,261,194,272,376,359,271,240,340,102,0,
2,1775671355248,1794,287,14443,2634050,26878,-362853,0,0,0,524,563,271,496,521,537,331,220,387,274,187,612,0,
1,1775671355264,2335,-9504,18123,2664594,3242472,1231504,0,0,0,242,255,158,266,165,236,448,422,275,287,388,82,0,
2,1775671355264,2431,330,15247,3266907,-141720,-453262,0,0,0,529,565,259,488,523,539,292,212,385,269,185,608,0,
1,1775671355280,-6417,14280,13883,3900985,4425107,-100181,0,0,0,246,258,148,274,164,238,462,462,248,310,414,80,0,
2,1775671355280,2737,330,16128,3963293,-310319,-602313,0,0,0,528,561,248,478,520,529,268,195,388,270,178,595,0,
1,1775671355296,-2608,7418,13218,5032307,3075095,-967610,0,0,0,244,254,143,284,163,251,472,471,270,352,423,82,0,
2,1775671355296,3306,483,17554,4710992,-427605,-774577,0,0,0,521,547,252,472,514,524,259,168,389,258,162,569,0,
1,1775671355312,5082,-2115,19444,5523443,926071,-758694,0,0,0,250,255,157,298,163,267,479,479,276,376,428,87,0,
2,1775671355312,4517,636,19999,5578421,-532674,-1012814,0,0,0,516,533,253,464,500,517,259,162,396,235,152,511,0,
1,1775671355328,3498,-2230,22593,4443433,-80634,450818,0,0,0,260,271,191,303,173,291,494,494,295,398,434,97,0,
2,1775671355328,5460,440,24560,6665761,-654847,-1341460,0,0,0,470,513,243,464,498,511,256,160,384,218,148,444,0,
1,1775671355344,-3239,-416,18817,2872288,-76969,795346,0,0,0,265,282,230,316,186,326,503,502,312,419,439,119,0,
2,1775671355344,6278,827,29035,7648032,-529009,-1607797,0,0,0,395,486,214,434,458,476,270,164,351,202,137,380,0,
1,1775671355360,-5570,-9,11887,1376890,185703,-4886,0,0,0,277,292,253,336,198,353,514,514,324,425,455,169,0,
2,1775671355360,6671,2526,31117,8504465,76969,-1901012,0,0,0,335,459,209,389,425,435,288,207,310,206,140,326,0,
1,1775671355376,-2397,-392,10126,697608,174707,-305432,0,0,0,300,302,262,351,203,361,526,514,327,428,472,209,0,
2,1775671355376,7671,3694,30418,9045692,778242,-2265088,0,0,0,274,430,222,344,380,393,302,248,284,145,128,233,0,
1,1775671355392,-1115,-110,10351,262672,124616,-180816,0,0,0,317,310,273,359,207,366,536,510,329,433,479,225,0,
2,1775671355392,9260,5508,25283,9250943,1510058,-2825862,0,0,0,270,425,234,331,364,383,315,278,282,113,114,202,0,
1,1775671355408,-1876,679,10562,131946,103847,-4886,0,0,0,319,314,278,360,210,375,544,511,340,440,476,246,0,
2,1775671355408,9830,10083,15979,8522791,1445307,-3721391,0,0,0,279,430,238,332,369,386,318,305,283,112,118,202,0,
1,1775671355424,-2297,1081,10227,145385,95294,20769,0,0,0,319,322,276,363,214,385,548,501,342,450,469,273,0,
2,1775671355424,6704,14792,11462,6492275,660956,-4234517,0,0,0,277,433,236,333,374,383,315,316,273,111,119,199,0,
1,1775671355440,-2091,1067,9944,233350,85521,8552,0,0,0,328,336,286,370,230,392,543,491,341,443,462,287,0,
2,1775671355440,1330,20378,10112,1461189,-822224,-2786767,0,0,0,275,433,232,334,374,379,315,315,264,112,118,198,0,
1,1775671355456,-1847,966,10098,295658,46425,36651,0,0,0,329,342,279,373,240,396,546,478,357,441,452,307,0,
2,1775671355456,1215,18573,9758,-4062253,-2298075,-127059,0,0,0,276,433,234,335,370,379,319,309,264,114,116,199,0,
1,1775671355472,-1785,995,10275,346971,-28099,59864,0,0,0,321,360,276,372,247,401,538,468,351,426,433,321,0,
2,1775671355472,6006,10423,8025,-6228381,-2563190,1249830,0,0,0,277,436,237,336,369,381,322,303,268,148,133,197,0,
1,1775671355488,-1837,1024,9423,400727,-124616,65973,0,0,0,321,371,269,372,257,393,535,441,349,420,421,326,0,
2,1775671355488,9356,3766,4517,-5864306,-1295034,801455,0,0,0,272,438,237,338,372,382,321,303,269,184,154,195,0,
1,1775671355504,-1966,918,7135,395840,-135612,64751,0,0,0,328,367,268,380,251,400,536,434,356,408,397,328,0,
2,1775671355504,8461,2412,3330,-5116607,-21991,-36651,0,0,0,261,437,232,336,372,381,324,306,269,115,116,198,0,
1,1775671355520,-2043,794,7403,405614,-117286,63529,0,0,0,332,371,263,378,255,397,534,415,362,395,389,347,0,
2,1775671355520,5479,3287,4929,-4861265,679282,-511905,0,0,0,258,438,234,340,375,385,324,310,270,115,118,199,0,
1,1775671355536,-2000,684,9495,441044,-120951,67195,0,0,0,334,359,271,390,253,403,532,397,367,379,365,348,0,
2,1775671355536,3823,4187,6905,-5127602,734260,-401949,0,0,0,263,439,234,338,374,384,324,310,270,115,117,199,0,
1,1775671355552,-1962,593,10074,423940,-111177,74525,0,0,0,333,352,266,389,255,403,534,385,369,371,352,353,0,
2,1775671355552,4077,4599,8379,-5629734,729373,74525,0,0,0,263,439,239,340,375,387,327,311,270,115,117,200,0,
1,1775671355568,-1986,559,9609,371406,-76969,84299,0,0,0,336,349,263,397,256,408,528,371,371,370,340,362,0,
2,1775671355568,5288,4259,9471,-6020687,1287703,614530,0,0,0,263,441,240,340,373,384,326,310,269,115,118,199,0,
1,1775671355584,-2019,559,9495,351858,-36651,94073,0,0,0,343,350,267,405,259,418,526,359,375,367,331,377,0,
2,1775671355584,5101,3881,11136,-6208834,1965764,1026253,0,0,0,261,440,238,337,373,384,322,310,268,115,119,199,0,
1,1775671355600,-1957,540,9667,355523,-6108,101403,0,0,0,347,359,268,412,264,422,519,356,382,372,328,390,0,
2,1775671355600,3613,3776,13754,-6323676,2322509,1428202,0,0,0,264,441,238,339,375,386,319,310,269,117,118,196,0,
1,1775671355616,-1842,469,9748,348193,1221,97738,0,0,0,344,373,262,410,278,423,517,347,380,362,322,393,0,
2,1775671355616,3038,3804,16123,-6502049,2364048,1703092,0,0,0,264,442,241,338,374,386,322,311,271,115,118,197,0,
1,1775671355632,-1785,392,9772,340862,-14660,87964,0,0,0,345,381,266,399,288,427,523,327,375,341,309,399,0,
2,1775671355632,3244,3656,18813,-6796486,2423913,1782504,0,0,0,263,442,240,338,374,387,326,310,273,114,118,199,0,
1,1775671355648,-1856,339,9849,354301,-51312,87964,0,0,0,354,382,279,401,281,429,520,304,376,343,290,419,0,
2,1775671355648,3259,2981,22163,-7119023,2537534,1682322,0,0,0,261,442,240,339,376,387,328,309,277,114,118,199,0,
1,1775671355664,-2000,282,9906,383623,-83077,106290,0,0,0,354,385,273,407,289,437,520,285,382,343,268,437,0,
2,1775671355664,2943,1861,26298,-7269296,2466673,1569923,0,0,0,259,441,241,340,376,387,332,310,281,114,117,199,0,
1,1775671355680,-2163,229,9916,417831,-96516,149051,0,0,0,347,384,272,410,301,456,513,271,388,342,260,448,0,
2,1775671355680,2842,880,30069,-7237531,2285857,1672549,0,0,0,259,442,240,341,375,387,335,307,282,114,115,197,0,
1,1775671355696,-2268,186,9916,458148,-81855,213802,0,0,0,366,407,269,414,339,462,505,267,406,331,257,469,0,
2,1775671355696,2723,-2440,33874,-7191105,2193006,2230879,0,0,0,263,444,241,345,376,389,337,302,283,114,112,196,0,
1,1775671355712,-2359,143,10021,519235,-48869,287106,0,0,0,382,423,266,416,351,455,505,251,391,319,260,482,0,
2,1775671355712,2517,-10054,35884,-7092145,2360383,2878397,0,0,0,266,444,240,350,378,394,342,297,287,117,111,198,0,
1,1775671355728,-2402,95,10270,615752,-18325,364075,0,0,0,402,424,257,427,358,467,493,235,391,308,237,503,0,
2,1775671355728,3048,-25154,32763,-6351776,2057394,2922379,0,0,0,267,444,239,353,381,397,343,297,290,118,113,198,0,
1,1775671355744,-2321,19,10648,755029,-6108,432492,0,0,0,418,430,295,433,355,480,471,225,405,291,216,522,0,
2,1775671355744,3819,-40823,24082,-4803844,1549154,1977981,0,0,0,268,445,239,353,380,397,347,299,294,120,114,200,0,
1,1775671355760,-2177,-23,11232,938289,-7330,481361,0,0,0,419,448,271,439,376,491,455,221,414,287,208,542,0,
2,1775671355760,-1799,-50858,15577,-2487443,1765400,1221,0,0,0,270,446,242,349,377,394,347,301,294,120,117,200,0,
1,1775671355776,-1780,-62,11816,1180191,-17104,476474,0,0,0,415,464,247,444,413,496,431,219,412,279,205,558,0,
2,1775671355776,-13563,-48432,16846,-466701,1296256,-1296256,0,0,0,250,435,229,353,384,395,362,393,283,131,161,195,0,
1,1775671355792,-1134,-215,12280,1500285,-73303,415388,0,0,0,410,462,241,448,411,503,395,209,416,271,196,570,0,
2,1775671355792,-14879,-36692,22311,1422094,-827111,-1298699,0,0,0,242,407,205,344,364,374,403,459,268,198,270,182,0,
1,1775671355808,-1182,-349,12869,1838704,-180816,306654,0,0,0,415,448,235,450,398,512,359,203,422,262,189,578,0,
2,1775671355808,-2378,-7891,21564,3276681,-3412293,-582765,0,0,0,247,376,184,336,345,366,442,476,264,192,277,179,0,
1,1775671355824,-2526,-215,14022,2346944,-240680,298102,0,0,0,421,438,224,448,403,519,315,202,425,268,198,573,0,
2,1775671355824,6575,11950,12423,4333478,-4333478,19547,0,0,0,252,370,181,337,337,374,463,493,273,198,296,176,0,
1,1775671355840,-3843,-124,14998,2938261,-163711,456927,0,0,0,418,434,220,447,411,520,257,194,424,273,196,566,0,
2,1775671355840,3283,5905,11447,5034751,-3277902,483805,0,0,0,260,379,186,347,341,386,486,496,282,200,306,184,0,
1,1775671355856,-4800,-157,15860,3638313,-10995,759916,0,0,0,420,427,239,448,407,521,210,179,420,230,155,566,0,
2,1775671355856,-4235,-2043,19521,5136154,-1304808,450818,0,0,0,260,389,208,362,351,401,506,506,297,207,313,194,0,
1,1775671355872,-5470,-9,17712,4492302,128281,1166752,0,0,0,416,408,272,423,375,512,194,155,428,188,118,526,0,
2,1775671355872,-4527,-947,22895,4370129,-287106,-190589,0,0,0,267,407,246,372,359,414,522,521,307,213,315,210,0,
1,1775671355888,-6992,-224,20641,5301088,277332,1533271,0,0,0,405,406,244,406,349,492,199,145,384,173,108,476,0,
2,1775671355888,1636,1670,19353,2747671,-13439,-569326,0,0,0,287,437,282,389,375,428,535,534,317,219,311,235,0,
1,1775671355904,-9408,-497,24087,6178291,493579,2012190,0,0,0,362,382,211,384,330,450,179,152,353,165,114,383,0,
2,1775671355904,3450,760,12916,1236391,-102625,-14660,0,0,0,309,457,302,410,392,442,544,545,324,229,307,261,0,
1,1775671355920,-10136,215,26393,6972415,674395,2552194,0,0,0,308,358,208,331,290,402,186,172,337,141,118,311,0,
2,1775671355920,1512,-38,10131,510683,-211359,277332,0,0,0,330,465,312,418,399,448,552,552,322,244,312,279,0,
1,1775671355936,-8647,2029,27662,7595498,797790,2970026,0,0,0,266,334,196,314,255,348,230,207,296,152,157,234,0,
2,1775671355936,536,425,10351,266337,-216246,146607,0,0,0,348,472,320,420,400,449,556,556,323,294,337,285,0,
1,1775671355952,-8810,3847,27231,8120842,1073901,3219259,0,0,0,232,301,217,262,204,293,275,235,271,151,189,149,0,
2,1775671355952,842,1186,10533,131946,-175929,1221,0,0,0,364,479,327,420,401,450,562,563,328,346,348,285,0,
1,1775671355968,-11299,6001,20861,8274780,1417207,3385415,0,0,0,225,297,229,246,191,287,287,248,272,147,210,127,0,
2,1775671355968,1196,1569,10279,68416,-118507,-17104,0,0,0,373,481,334,422,404,455,565,568,324,244,304,305,0,
1,1775671355984,-11452,8561,13204,7574728,1387885,3530801,0,0,0,227,302,233,249,197,294,290,254,277,151,220,130,0,
2,1775671355984,1162,1617,10169,94073,-63529,4886,0,0,0,380,483,336,429,405,460,565,565,330,259,327,313,0,
1,1775671356000,-8236,12026,10787,5511226,1009149,2748893,0,0,0,225,306,231,250,203,296,293,259,276,155,226,132,0,
2,1775671356000,1115,1622,10179,173485,-48869,-1221,0,0,0,380,481,338,425,402,458,567,567,332,247,293,319,0,
1,1775671356016,-4675,15864,10289,1386664,735481,251676,0,0,0,224,308,227,251,206,295,295,260,273,158,228,132,0,
2,1775671356016,1072,1603,10179,261450,-46425,-25656,0,0,0,387,487,331,429,404,463,568,567,340,247,285,328,0,
1,1775671356032,-3900,14534,8887,-2315179,927293,-2250427,0,0,0,226,310,227,252,207,293,297,261,271,159,228,131,0,
2,1775671356032,1033,1612,10160,326202,-4886,-35430,0,0,0,391,487,332,431,405,465,565,553,337,251,276,344,0,
1,1775671356048,-6307,8700,6274,-3695734,1103222,-3059213,0,0,0,225,311,227,252,207,292,300,263,271,159,230,130,0,
2,1775671356048,1033,1593,10112,382401,48869,-35430,0,0,0,399,490,334,435,406,469,563,533,339,248,254,359,0,
1,1775671356064,-7695,5206,4197,-3822794,742812,-2586403,0,0,0,223,310,226,253,205,294,300,263,273,158,230,130,0,
2,1775671356064,1081,1445,9968,422718,96516,-35430,0,0,0,404,492,334,434,404,468,563,518,343,247,239,367,0,
1,1775671356080,-6853,4522,3479,-3717725,106290,-1584584,0,0,0,223,310,226,256,207,296,302,263,273,161,232,130,0,
2,1775671356080,1167,1320,9849,432492,118507,-41538,0,0,0,409,489,330,439,407,475,563,505,346,242,225,376,0,
1,1775671356096,-5039,5015,4623,-4043927,-50090,-910189,0,0,0,223,310,226,255,208,296,306,264,273,161,233,126,0,
2,1775671356096,1306,1287,9820,428827,100181,-48869,0,0,0,415,490,331,442,411,481,558,490,349,238,213,387,0,
1,1775671356112,-4268,5168,6207,-4601036,101403,-586430,0,0,0,228,310,228,255,206,296,302,264,273,163,233,127,0,
2,1775671356112,1387,1253,9844,417831,29321,-53756,0,0,0,422,494,331,445,416,484,555,478,354,239,203,398,0,
1,1775671356128,-4910,4642,7915,-5294979,189368,-552222,0,0,0,230,309,226,255,202,294,308,267,273,164,235,127,0,
2,1775671356128,1373,1158,9849,397062,-39095,-57421,0,0,0,433,500,331,451,423,489,555,467,358,239,194,409,0,
1,1775671356144,-5757,3862,9480,-5866749,-18325,-630412,0,0,0,228,312,227,255,202,292,306,266,270,167,236,129,0,
2,1775671356144,1306,1062,9858,370184,-84299,-62308,0,0,0,441,506,336,455,428,496,553,450,364,235,190,421,0,
1,1775671356160,-6097,3149,10954,-6262590,-393397,-818559,0,0,0,230,313,230,256,203,295,309,265,273,164,232,125,0,
2,1775671356160,1229,1019,9873,350636,-97738,-64751,0,0,0,444,507,337,456,432,503,552,438,369,236,184,433,0,
1,1775671356176,-6245,2479,12481,-6566801,-709825,-1161865,0,0,0,228,311,231,257,205,298,310,266,275,164,233,128,0,
2,1775671356176,1158,1005,9916,350636,-85521,-67195,0,0,0,456,512,340,454,430,506,542,421,367,236,176,445,0,
1,1775671356192,-7106,1560,14352,-6778160,-1012814,-1637118,0,0,0,229,315,232,258,206,296,310,267,276,165,235,127,0,
2,1775671356192,1167,981,10016,377514,-47647,-67195,0,0,0,459,515,334,462,440,506,546,402,375,255,179,453,0,
1,1775671356208,-8178,550,16721,-6852686,-1442863,-1953547,0,0,0,228,314,231,256,206,295,311,268,277,163,234,125,0,
2,1775671356208,1253,923,10102,412944,-23212,-69638,0,0,0,467,525,350,471,449,522,545,386,376,247,171,469,0,
1,1775671356224,-8796,-172,19621,-6867347,-1874134,-2094046,0,0,0,230,313,232,253,213,294,312,270,278,163,232,124,0,
2,1775671356224,1397,856,10155,452040,-14660,-84299,0,0,0,472,524,345,471,452,514,537,353,377,252,171,487,0,
1,1775671356240,-9265,-703,23570,-6913772,-2213775,-2178345,0,0,0,229,312,235,253,211,295,312,266,277,163,229,124,0,
2,1775671356240,1646,780,10112,489913,8552,-135612,0,0,0,483,524,337,471,460,516,533,325,382,253,166,499,0,
1,1775671356256,-10107,-1737,27609,-6969972,-2441017,-2294409,0,0,0,227,310,234,255,203,297,313,263,277,164,226,126,0,
2,1775671356256,1732,655,10122,522900,53756,-218689,0,0,0,485,531,338,474,468,517,524,305,381,261,170,515,0,
1,1775671356272,-10504,-4991,31452,-6956533,-2846632,-2438574,0,0,0,227,313,233,257,207,299,315,265,281,166,226,126,0,
2,1775671356272,1493,603,10471,603534,85521,-291993,0,0,0,497,542,339,481,476,523,514,283,400,265,170,532,0,
1,1775671356288,-8111,-11385,34453,-6798930,-3626096,-2472782,0,0,0,227,318,231,258,209,300,318,265,281,165,227,123,0,
2,1775671356288,1359,665,10983,840550,10995,-294437,0,0,0,506,546,335,484,481,526,496,258,400,290,188,558,0,
1,1775671356304,-2799,-22091,34146,-6500827,-3739716,-2312735,0,0,0,228,317,229,261,205,300,322,262,282,170,224,122,0,
2,1775671356304,1598,603,11170,1077566,-94073,-289550,0,0,0,509,547,327,489,488,530,473,236,394,290,189,571,0,
1,1775671356320,689,-35276,27805,-5839871,-2879618,-1804495,0,0,0,229,314,229,261,201,300,323,257,282,177,224,122,0,
2,1775671356320,1608,478,11596,1325577,-124616,-315206,0,0,0,510,552,315,496,499,536,451,229,397,279,182,581,0,
1,1775671356336,3354,-46853,18023,-4105014,-2032959,-153938,0,0,0,229,318,229,267,209,302,328,264,284,178,229,125,0,
2,1775671356336,1301,397,12232,1635897,-57421,-335975,0,0,0,518,557,298,497,506,539,414,257,399,274,177,593,0,
1,1775671356352,11572,-50729,13869,-1835039,-1505171,1663996,0,0,0,226,300,216,267,200,296,339,277,284,200,253,119,0,
2,1775671356352,971,306,12873,2052507,94073,-316428,0,0,0,524,559,278,493,507,538,371,264,398,272,173,601,0,
1,1775671356368,16027,-42450,18166,422718,408057,1830152,0,0,0,225,283,199,265,189,279,394,354,270,236,326,107,0,
2,1775671356368,1296,258,13625,2497217,200363,-296880,0,0,0,519,556,260,491,514,536,348,208,405,273,177,605,0,
1,1775671356384,6479,-17138,20339,2654820,3513696,874759,0,0,0,239,261,165,262,172,246,435,412,249,268,374,88,0,
2,1775671356384,2244,229,14773,3070208,177150,-344527,0,0,0,523,550,246,495,524,542,311,192,398,273,178,611,0,
1,1775671356400,-7355,12505,14477,4135557,5629734,-313984,0,0,0,246,256,149,271,166,244,458,453,254,298,403,79,0,
2,1775671356400,3053,201,16022,3789807,32986,-503352,0,0,0,522,539,245,489,520,542,285,180,400,271,178,606,0,
1,1775671356416,-3584,9313,12395,4963890,4423886,-761138,0,0,0,243,254,144,280,164,254,478,478,265,343,418,81,0,
2,1775671356416,3895,392,17530,4649906,-101403,-751364,0,0,0,515,528,238,486,504,538,274,163,406,261,171,586,0,
1,1775671356432,5733,-2134,18774,5368283,1855808,-511905,0,0,0,244,258,154,290,169,267,489,489,272,372,425,84,0,
2,1775671356432,4508,574,20052,5541769,-164933,-1045801,0,0,0,521,526,251,486,493,531,269,158,400,260,165,548,0,
1,1775671356448,4087,-2364,22694,4332256,548556,426383,0,0,0,255,275,179,302,185,284,491,492,280,387,431,98,0,
2,1775671356448,5053,550,24120,6588792,-163711,-1323134,0,0,0,469,497,244,472,477,524,271,153,402,226,149,459,0,
1,1775671356464,-2201,-564,20014,2861292,111177,748920,0,0,0,261,287,217,314,197,316,496,497,299,400,439,117,0,
2,1775671356464,5541,1086,28221,7535633,94073,-1518610,0,0,0,406,469,212,448,447,490,273,158,375,210,135,389,0,
1,1775671356480,-5561,258,12677,1353677,123394,78190,0,0,0,267,291,249,330,203,349,508,508,319,408,449,147,0,
2,1775671356480,5388,2048,30720,8286997,540004,-1692096,0,0,0,347,448,205,405,413,450,291,177,332,174,117,334,0,
1,1775671356496,-2766,0,9624,678060,174707,-299323,0,0,0,286,298,255,351,210,360,520,520,327,416,460,190,0,
2,1775671356496,6049,2613,31098,8874650,1158200,-1949881,0,0,0,280,428,217,357,381,401,298,231,290,137,121,239,0,
1,1775671356512,-1292,129,9786,288328,207694,-207694,0,0,0,306,305,256,366,214,365,529,529,328,424,469,204,0,
2,1775671356512,8633,5068,26432,9070127,2117258,-2461786,0,0,0,272,426,234,336,368,390,311,268,288,113,108,208,0,
1,1775671356528,-1785,693,10576,114842,193033,-20769,0,0,0,320,327,263,374,217,368,532,530,331,435,475,225,0,
2,1775671356528,9495,9662,17406,8710938,2728124,-3412293,0,0,0,281,429,242,332,367,391,317,290,291,110,110,204,0,
1,1775671356544,-2191,1081,10294,65973,160046,2443,0,0,0,321,319,266,374,220,371,534,527,326,429,470,231,0,
2,1775671356544,4819,13428,13050,7155675,1566258,-4256508,0,0,0,281,430,239,333,367,388,315,297,283,112,115,202,0,
1,1775671356560,-2086,1234,10045,107512,102625,0,0,0,0,324,321,269,375,220,375,539,511,333,435,464,239,0,
2,1775671356560,-47,18707,10993,2851518,-913854,-3365867,0,0,0,275,430,235,333,367,385,314,295,274,110,113,200,0,
1,1775671356576,-1890,1201,10122,216246,15882,24434,0,0,0,330,325,271,376,220,380,541,495,340,438,453,261,0,
2,1775671356576,995,19133,8915,-2359161,-2542421,-1326799,0,0,0,271,432,235,335,369,384,317,294,271,111,113,199,0,
1,1775671356592,-1890,1162,10203,299323,-65973,48869,0,0,0,330,328,272,377,224,385,541,476,342,433,436,294,0,
2,1775671356592,5001,12682,7695,-5607742,-2438574,216246,0,0,0,271,436,236,336,371,383,318,295,270,111,114,199,0,
1,1775671356608,-1957,1172,10189,376292,-147829,63529,0,0,0,330,332,267,379,228,391,538,463,347,415,423,297,0,
2,1775671356608,5891,6149,6542,-6042678,-1560149,206472,0,0,0,267,437,235,338,372,385,320,296,271,112,115,200,0,
1,1775671356624,-1966,1234,10246,412944,-167377,69638,0,0,0,327,337,264,379,231,394,536,443,352,401,400,304,0,
2,1775671356624,4838,3814,5422,-5641951,-960280,-337197,0,0,0,264,439,238,337,372,387,320,298,275,112,113,199,0,
1,1775671356640,-2019,1220,10002,410501,-133168,70860,0,0,0,328,338,263,380,235,401,535,428,353,392,386,317,0,
2,1775671356640,4273,3943,5412,-5521000,-568104,-700051,0,0,0,264,441,240,336,372,386,322,299,275,110,115,199,0,
1,1775671356656,-2129,947,9566,422718,-141720,70860,0,0,0,330,337,262,380,232,405,537,412,351,380,374,327,0,
2,1775671356656,3991,4173,6484,-5742133,-97738,-775798,0,0,0,266,443,242,338,373,387,322,299,275,115,116,202,0,
1,1775671356672,-2177,732,9404,401949,-125838,73303,0,0,0,326,335,262,378,232,402,540,396,353,371,362,334,0,
2,1775671356672,3311,4455,8222,-6100100,404392,-598647,0,0,0,266,442,241,337,373,386,325,304,276,118,116,202,0,
1,1775671356688,-2144,708,9480,344527,-63529,79412,0,0,0,322,335,261,376,253,400,537,390,362,370,357,341,0,
2,1775671356688,2904,4493,9877,-6383541,803898,-108734,0,0,0,264,440,238,339,373,387,323,303,274,113,116,198,0,
1,1775671356704,-2062,760,9595,302989,-4886,83077,0,0,0,325,340,261,376,272,405,531,382,363,366,350,345,0,
2,1775671356704,3225,4206,11241,-6535036,1158200,463035,0,0,0,265,440,238,341,374,387,323,302,272,116,116,199,0,
1,1775671356720,-1995,760,9667,295658,12217,84299,0,0,0,330,338,264,383,255,412,532,372,358,356,339,350,0,
2,1775671356720,3618,3929,12744,-6642548,1486845,905302,0,0,0,264,441,238,341,375,387,326,307,278,113,116,198,0,
1,1775671356736,-1938,684,9681,295658,1221,76969,0,0,0,333,344,271,387,254,419,533,368,363,353,328,365,0,
2,1775671356736,3804,3637,15118,-6855129,1776396,1233947,0,0,0,264,442,240,339,374,388,326,306,277,111,113,196,0,
1,1775671356752,-1914,622,9729,293215,-13439,70860,0,0,0,336,344,267,391,256,420,528,351,361,352,319,380,0,
2,1775671356752,4024,3082,17755,-7092145,1982868,1376890,0,0,0,265,442,240,339,375,387,324,302,275,113,114,198,0,
1,1775671356768,-1923,579,9825,311541,-43982,72082,0,0,0,339,351,272,393,267,428,524,333,363,345,309,393,0,
2,1775671356768,4158,2033,20818,-7236309,2140471,1335351,0,0,0,263,440,239,341,375,388,326,304,277,115,117,200,0,
1,1775671356784,-1990,559,9897,351858,-80634,85521,0,0,0,350,351,288,408,277,448,523,313,376,339,289,422,0,
2,1775671356784,4182,1282,24005,-7233866,2208888,1303586,0,0,0,262,439,239,342,374,389,330,306,280,114,115,198,0,
1,1775671356800,-2144,550,9944,420275,-109955,111177,0,0,0,356,364,294,405,277,457,524,289,388,335,273,432,0,
2,1775671356800,4321,1052,28370,-7149566,2185675,1467298,0,0,0,261,439,240,341,371,387,322,303,284,113,112,196,0,
1,1775671356816,-2321,536,10016,516791,-122173,157603,0,0,0,346,375,290,415,286,472,506,264,385,325,251,462,0,
2,1775671356816,5139,-861,32567,-7155675,2123367,2081828,0,0,0,261,439,239,343,370,387,317,300,288,112,111,196,0,
1,1775671356832,-2397,459,10184,635299,-131946,227241,0,0,0,359,384,283,426,306,478,509,251,387,308,231,485,0,
2,1775671356832,5996,-7011,34161,-7111693,2426356,2796541,0,0,0,264,440,240,349,375,394,340,298,288,115,113,198,0,
1,1775671356848,-2517,344,10375,736703,-157603,300545,0,0,0,377,398,277,452,320,478,501,243,399,295,212,502,0,
2,1775671356848,4546,-19349,34051,-6594901,3038443,3225368,0,0,0,266,439,240,353,377,397,343,295,291,119,112,201,0,
1,1775671356864,-2569,153,10619,874759,-166155,383623,0,0,0,389,415,269,460,350,487,482,232,397,283,198,529,0,
2,1775671356864,1139,-35683,28891,-5026199,2471560,2753780,0,0,0,270,443,241,356,381,402,343,298,296,120,113,201,0,
1,1775671356880,-2459,33,10997,1039692,-138055,442266,0,0,0,404,428,254,453,368,493,463,220,394,277,194,563,0,
2,1775671356880,-1746,-47475,19952,-2977357,1530828,1423316,0,0,0,269,442,240,355,380,401,349,301,296,121,114,200,0,
1,1775671356896,-2153,43,11596,1257160,-95294,454483,0,0,0,413,438,241,454,374,499,441,210,400,283,196,580,0,
2,1775671356896,-6298,-49360,15740,-1170417,954171,-276111,0,0,0,265,438,235,354,380,396,355,327,290,123,130,196,0,
1,1775671356912,-1823,-23,12088,1529606,-80634,426383,0,0,0,407,440,236,462,399,511,408,207,414,278,194,578,0,
2,1775671356912,-10021,-44388,16965,570548,28099,-1403768,0,0,0,256,431,235,350,381,396,378,424,285,166,226,188,0,
1,1775671356928,-1933,-191,12596,1863138,-109955,367740,0,0,0,408,436,231,467,413,513,375,207,426,254,180,578,0,
2,1775671356928,-7532,-20416,22201,2557081,-1671327,-1198517,0,0,0,248,393,207,339,356,376,423,458,273,173,234,181,0,
1,1775671356944,-2742,-205,13237,2262644,-114842,379958,0,0,0,417,443,218,459,392,515,341,195,417,261,175,585,0,
2,1775671356944,2943,10174,16214,3767816,-3169168,-166155,0,0,0,254,378,186,337,343,372,446,475,267,213,299,173,0,
1,1775671356960,-3575,-186,13941,2736676,-37873,521678,0,0,0,424,464,207,449,409,512,280,191,427,259,180,580,0,
2,1775671356960,5580,13050,10112,4454429,-3144734,612086,0,0,0,261,380,186,346,345,380,465,491,273,232,344,173,0,
1,1775671356976,-4235,-272,14778,3349984,90408,767246,0,0,0,421,462,220,461,399,513,210,185,425,236,164,571,0,
2,1775671356976,-449,746,13539,5021312,-1584584,827111,0,0,0,260,389,204,356,350,396,483,500,291,226,362,182,0,
1,1775671356992,-4891,-234,16089,4072027,215024,1086118,0,0,0,459,428,262,448,384,528,186,161,411,220,139,555,0,
2,1775671356992,-5551,-2555,20937,4746422,13439,179594,0,0,0,261,403,228,361,355,407,503,510,301,221,362,190,0,
1,1775671357008,-5843,-335,18607,4814839,306654,1417207,0,0,0,396,462,242,416,391,503,187,154,423,195,124,508,0,
2,1775671357008,-1842,1134,20660,3734830,393397,-653625,0,0,0,273,420,259,369,362,412,520,527,298,255,379,200,0,
1,1775671357024,-7820,-813,21727,5605299,442266,1777617,0,0,0,401,403,238,380,359,479,173,148,390,177,123,447,0,
2,1775671357024,3129,1799,15242,2519208,197920,-470366,0,0,0,295,441,292,381,370,417,532,542,295,295,397,220,0,
1,1775671357040,-10313,-866,24120,6382320,634078,2254092,0,0,0,345,375,219,355,310,442,180,151,359,148,113,348,0,
2,1775671357040,3015,593,11347,1444085,19547,25656,0,0,0,322,461,313,395,380,425,543,546,302,289,384,248,0,
1,1775671357056,-11150,-406,25345,6965085,766025,2769662,0,0,0,298,346,210,321,270,397,188,170,329,137,119,280,0,
2,1775671357056,1196,4,10815,654847,-81855,144164,0,0,0,352,470,324,407,390,437,551,556,308,284,374,270,0,
1,1775671357072,-9830,1641,26341,7494094,877202,3285233,0,0,0,255,317,209,284,234,346,228,197,288,142,171,205,0,
2,1775671357072,899,483,10882,240680,-139277,50090,0,0,0,366,476,328,410,390,438,558,563,315,274,354,286,0,
1,1775671357088,-10710,3555,24474,7914370,1117883,3623652,0,0,0,248,293,219,260,198,302,270,223,267,154,220,148,0,
2,1775671357088,1182,1225,10485,101403,-133168,-28099,0,0,0,376,481,334,413,394,441,562,563,314,265,344,295,0,
1,1775671357104,-13294,6350,17286,7965682,1232726,4012162,0,0,0,258,285,236,251,179,286,290,243,273,162,242,132,0,
2,1775671357104,1229,1469,10184,84299,-75747,-13439,0,0,0,387,483,344,415,388,440,566,569,311,268,348,298,0,
1,1775671357120,-13338,9212,11342,7257079,821002,4348138,0,0,0,251,293,239,253,185,292,294,253,276,163,252,133,0,
2,1775671357120,1249,1569,10141,106290,-62308,-3665,0,0,0,395,485,339,419,399,448,564,564,316,300,375,305,0,
1,1775671357136,-8312,14075,9964,4520402,18325,3171612,0,0,0,245,298,230,254,190,290,294,251,269,170,251,134,0,
2,1775671357136,1220,1641,10193,188146,-111177,-21991,0,0,0,405,485,343,425,400,457,564,559,321,272,336,314,0,
1,1775671357152,-3220,17496,9767,168598,-92851,136833,0,0,0,240,301,229,249,189,290,295,247,269,180,243,139,0,
2,1775671357152,1062,1655,10208,290771,-119729,-39095,0,0,0,417,488,358,425,397,456,555,552,325,347,350,307,0,
1,1775671357168,-3919,14304,8925,-3406184,766025,-2919935,0,0,0,236,302,229,247,192,290,300,250,269,165,250,129,0,
2,1775671357168,942,1631,10198,367740,-59864,-39095,0,0,0,425,492,352,428,401,454,559,539,324,307,323,329,0,
1,1775671357184,-9097,7614,6580,-4495968,817337,-3408628,0,0,0,226,305,230,246,194,292,301,254,271,165,251,129,0,
2,1775671357184,995,1550,10126,414166,17104,-29321,0,0,0,431,499,347,430,404,461,558,522,324,262,280,357,0,
1,1775671357200,-10011,4513,5077,-4404338,-360410,-2128254,0,0,0,224,305,231,249,196,294,300,254,270,166,254,131,0,
2,1775671357200,1115,1430,10007,449596,57421,-25656,0,0,0,434,503,348,436,416,467,556,510,330,245,242,371,0,
1,1775671357216,-5752,4785,6058,-4467868,-1199739,-857654,0,0,0,232,307,233,249,192,290,303,257,271,167,256,123,0,
2,1775671357216,1196,1325,9901,464257,50090,-31764,0,0,0,437,506,346,437,417,471,551,492,336,301,281,374,0,
1,1775671357232,-2167,5226,8016,-5010316,-1036027,-320093,0,0,0,228,308,232,250,196,292,304,258,272,163,256,127,0,
2,1775671357232,1215,1229,9849,453262,20769,-42760,0,0,0,440,510,342,436,409,473,544,472,339,343,316,380,0,
1,1775671357248,-2493,4891,9365,-5672494,-618195,-436157,0,0,0,227,306,229,251,197,294,304,258,274,164,256,128,0,
2,1775671357248,1229,1129,9830,425162,-7330,-53756,0,0,0,442,514,342,441,414,478,540,461,342,284,247,393,0,
1,1775671357264,-3407,4235,10251,-6058561,-785572,-549778,0,0,0,227,308,231,253,197,294,304,258,273,171,260,129,0,
2,1775671357264,1253,1057,9830,393397,-36651,-63529,0,0,0,450,523,344,446,425,485,540,452,348,241,193,414,0,
1,1775671357280,-3273,3675,11265,-6159965,-1381777,-673173,0,0,0,226,308,231,253,201,294,304,258,271,168,259,127,0,
2,1775671357280,1263,1033,9844,373849,-74525,-72082,0,0,0,459,520,343,448,432,489,542,440,355,245,188,431,0,
1,1775671357296,-2459,3421,12768,-6203947,-1731192,-927293,0,0,0,226,309,231,252,204,293,305,258,272,166,259,128,0,
2,1775671357296,1220,1009,9873,370184,-106290,-75747,0,0,0,465,521,342,452,436,493,537,424,356,246,182,443,0,
1,1775671357312,-2593,3058,14668,-6344446,-1854586,-1194852,0,0,0,227,310,232,252,202,293,305,258,272,166,260,128,0,
2,1775671357312,1139,971,9973,388510,-105068,-78190,0,0,0,469,526,342,452,439,495,531,405,362,247,177,451,0,
1,1775671357328,-3603,2349,17013,-6543588,-1988977,-1262047,0,0,0,227,308,231,254,200,295,305,258,272,167,259,126,0,
2,1775671357328,1124,923,10102,416610,-74525,-83077,0,0,0,474,530,342,466,451,510,528,389,365,250,173,459,0,
1,1775671357344,-4063,1416,19334,-6686530,-2204001,-1159422,0,0,0,228,307,231,255,200,295,305,257,272,172,259,127,0,
2,1775671357344,1206,861,10165,449596,-39095,-94073,0,0,0,482,534,347,458,451,506,521,364,367,252,177,476,0,
1,1775671357360,-3843,387,21847,-6732956,-2353052,-1067792,0,0,0,228,307,231,257,199,294,303,255,271,173,258,129,0,
2,1775671357360,1344,775,10169,483805,-17104,-119729,0,0,0,493,542,360,458,452,506,520,343,382,258,173,494,0,
1,1775671357376,-3747,-392,24599,-6614448,-2277305,-1314581,0,0,0,226,307,232,254,197,294,309,259,272,165,255,125,0,
2,1775671357376,1502,693,10222,527787,-6108,-164933,0,0,0,499,547,364,469,460,515,511,316,384,258,169,514,0,
1,1775671357392,-4130,-1550,27652,-6427524,-2223549,-1854586,0,0,0,227,308,234,256,200,298,309,255,272,169,251,125,0,
2,1775671357392,1450,617,10394,614530,-25656,-222354,0,0,0,504,550,355,476,471,522,501,289,379,262,170,531,0,
1,1775671357408,-4718,-4723,31428,-6260146,-2492330,-2634050,0,0,0,227,310,234,260,201,300,309,255,272,172,253,122,0,
2,1775671357408,1344,579,10595,746477,-61086,-251676,0,0,0,509,551,346,480,478,523,484,259,380,283,183,553,0,
1,1775671357424,-4053,-12758,33773,-6260146,-2907718,-3093421,0,0,0,222,310,230,258,201,297,314,253,277,174,251,122,0,
2,1775671357424,1512,545,10849,917519,-84299,-273667,0,0,0,513,554,339,485,491,524,462,238,386,293,188,565,0,
1,1775671357440,-3316,-25776,31428,-6148969,-2747671,-2962696,0,0,0,223,312,229,262,207,303,315,256,278,174,252,120,0,
2,1775671357440,1694,488,11485,1139874,-79412,-323758,0,0,0,517,560,328,489,500,526,440,230,390,288,186,576,0,
1,1775671357456,-1095,-41339,22780,-5042081,-2460565,-1682322,0,0,0,224,313,233,263,204,314,317,258,286,171,253,122,0,
2,1775671357456,1464,459,12447,1472185,-63529,-372627,0,0,0,519,567,311,495,508,533,413,227,390,281,185,588,0,
1,1775671357472,7355,-49413,15917,-2962696,-2283414,124616,0,0,0,227,313,233,264,205,310,318,259,284,175,255,121,0,
2,1775671357472,842,459,13189,1908343,-24434,-372627,0,0,0,522,572,291,503,522,543,376,224,392,276,186,594,0,
1,1775671357488,16305,-47226,15070,-585208,-885754,1258382,0,0,0,226,301,226,265,204,301,336,283,281,189,276,112,0,
2,1775671357488,435,358,13472,2436130,34208,-278554,0,0,0,529,574,271,499,525,541,332,221,391,277,189,603,0,
1,1775671357504,13644,-37980,17396,1139874,1067792,1329242,0,0,0,228,280,194,266,190,274,396,348,264,229,324,95,0,
2,1775671357504,1105,229,13993,2926044,64751,-201585,0,0,0,536,576,252,489,526,536,290,217,386,282,193,608,0,
1,1775671357520,-603,-8064,19478,2629163,3332880,697608,0,0,0,236,262,161,267,171,248,448,414,249,270,370,82,0,
2,1775671357520,2474,162,15281,3576005,-15882,-282219,0,0,0,544,578,256,479,528,532,269,210,387,277,188,604,0,
1,1775671357536,-8044,15673,12557,3624874,4849048,-142942,0,0,0,241,254,149,274,168,248,465,456,261,303,399,81,0,
2,1775671357536,3287,224,16587,4246735,-186924,-450818,0,0,0,543,567,255,474,530,532,250,188,392,266,178,591,0,
1,1775671357552,-2871,10380,9954,4985882,4624249,-652404,0,0,0,238,256,145,283,173,258,482,482,281,343,423,86,0,
2,1775671357552,4536,239,17965,5010316,-394618,-708603,0,0,0,538,551,252,472,521,532,242,160,387,258,172,565,0,
1,1775671357568,5092,-2043,18702,5541769,2331061,-360410,0,0,0,239,258,150,290,172,270,492,493,281,376,436,88,0,
2,1775671357568,5556,0,21076,5997474,-601091,-1138652,0,0,0,526,535,256,469,505,533,244,152,383,238,156,498,0,
1,1775671357584,4091,-3311,24847,4520402,509461,508239,0,0,0,256,264,165,304,173,281,504,504,287,402,445,85,0,
2,1775671357584,5838,-110,25647,6890559,-695164,-1475850,0,0,0,458,510,235,455,490,505,254,160,375,214,142,421,0,
1,1775671357600,-3105,-129,21100,2739119,188146,764803,0,0,0,265,272,185,323,184,298,512,512,291,416,454,97,0,
2,1775671357600,6197,770,29217,7635815,-579100,-1693318,0,0,0,382,486,219,430,454,470,271,173,347,193,135,369,0,
1,1775671357616,-4063,124,13366,1292590,205250,20769,0,0,0,263,287,238,325,193,343,526,526,322,416,460,138,0,
2,1775671357616,5886,2976,30854,8339532,-344527,-1905899,0,0,0,310,455,221,380,408,427,288,215,306,151,113,294,0,
1,1775671357632,-1818,138,9413,635299,89186,-328645,0,0,0,261,293,244,337,211,364,531,531,329,426,469,180,0,
2,1775671357632,6791,5465,30093,8835554,91629,-2133141,0,0,0,275,435,233,338,375,392,300,257,284,117,102,223,0,
1,1775671357648,-1421,454,9830,476474,-14660,-160046,0,0,0,287,298,264,345,205,369,542,538,332,409,476,208,0,
2,1775671357648,8628,10413,22914,8728042,698829,-2662150,0,0,0,269,434,240,329,370,388,309,283,284,108,108,201,0,
1,1775671357664,-2067,760,10289,359188,-4886,-25656,0,0,0,304,305,267,360,209,367,548,529,333,421,472,221,0,
2,1775671357664,7422,13558,15405,7535633,293215,-3321885,0,0,0,268,437,240,333,375,393,313,291,285,110,113,202,0,
1,1775671357680,-2373,918,10122,250454,92851,8552,0,0,0,311,306,274,360,207,369,553,517,333,427,464,232,0,
2,1775671357680,3139,16874,11701,4134335,-1380555,-3382971,0,0,0,263,438,238,336,377,393,313,292,279,112,113,200,0,
1,1775671357696,-1947,971,9987,223576,107512,4886,0,0,0,315,315,274,365,216,375,553,507,338,423,452,256,0,
2,1775671357696,2584,18286,11012,-1298699,-2609616,-1927890,0,0,0,261,439,237,340,378,391,315,293,277,115,115,202,0,
1,1775671357712,-1732,1019,10112,261450,32986,17104,0,0,0,318,318,270,370,219,382,551,497,343,419,435,276,0,
2,1775671357712,4594,13720,10045,-5208237,-2635272,-361632,0,0,0,259,439,236,342,380,390,319,295,279,115,115,202,0,
1,1775671357728,-1847,1091,10279,339641,-57421,39095,0,0,0,320,324,268,375,222,392,547,488,350,408,423,290,0,
2,1775671357728,6121,7164,7164,-5645616,-1948660,212581,0,0,0,255,438,234,343,382,391,319,295,279,114,114,200,0,
1,1775671357744,-1919,1115,10337,425162,-127059,59864,0,0,0,320,329,268,379,226,399,543,469,354,398,411,304,0,
2,1775671357744,6882,3737,4666,-5111720,-1369559,191811,0,0,0,255,441,240,340,379,390,320,297,280,116,118,200,0,
1,1775671357760,-1957,1000,11438,428827,-145385,74525,0,0,0,318,327,265,381,229,401,541,446,355,391,393,317,0,
2,1775671357760,7202,3747,4402,-4884478,-861319,-14660,0,0,0,255,441,240,340,379,389,320,297,278,114,117,199,0,
1,1775671357776,-1995,832,11605,409279,-145385,80634,0,0,0,319,329,260,380,237,403,544,431,360,378,382,329,0,
2,1775671357776,6843,4450,6149,-5304753,-244346,20769,0,0,0,256,443,242,341,382,390,319,298,276,118,121,200,0,
1,1775671357792,-2062,698,10088,442266,-151494,80634,0,0,0,317,331,257,378,242,405,543,417,360,368,377,341,0,
2,1775671357792,6446,4493,7891,-5767789,260228,302989,0,0,0,254,443,241,339,380,389,321,301,276,115,120,197,0,
1,1775671357808,-2110,617,9231,431270,-103847,83077,0,0,0,321,334,258,384,262,412,538,408,363,365,360,349,0,
2,1775671357808,6676,3991,9016,-6080552,674395,685390,0,0,0,252,440,237,339,381,390,320,306,275,113,124,196,0,
1,1775671357824,-2081,564,9413,384845,-34208,90408,0,0,0,314,325,251,384,251,415,548,400,363,380,344,358,0,
2,1775671357824,6805,3488,10366,-6302907,1203404,1037249,0,0,0,252,442,237,340,382,390,321,310,275,113,126,196,0,
1,1775671357840,-1990,531,9729,353080,1221,100181,0,0,0,318,341,255,389,247,422,553,389,370,339,334,365,0,
2,1775671357840,6355,3244,12079,-6456845,1595580,1303586,0,0,0,253,443,240,341,383,391,322,308,276,113,125,196,0,
1,1775671357856,-1890,502,9734,338419,-4886,102625,0,0,0,322,337,263,391,245,428,543,367,372,343,327,384,0,
2,1775671357856,5987,3149,14357,-6632774,1814269,1527163,0,0,0,255,444,241,342,383,392,323,306,277,114,124,196,0,
1,1775671357872,-1842,488,9758,326202,-25656,96516,0,0,0,320,337,257,393,258,436,543,351,376,340,308,393,0,
2,1775671357872,6030,2981,16788,-6863681,2015855,1621236,0,0,0,256,442,241,342,383,393,323,306,279,115,124,196,0,
1,1775671357888,-1871,459,9858,329867,-54977,87964,0,0,0,327,338,258,401,262,436,533,325,374,340,293,402,0,
2,1775671357888,5953,2555,19593,-7086036,2246762,1576032,0,0,0,257,443,242,343,383,393,325,307,282,114,123,196,0,
1,1775671357904,-1943,397,9935,361632,-90408,92851,0,0,0,331,341,257,403,261,434,531,304,379,334,279,417,0,
2,1775671357904,5585,1976,23814,-7213096,2434908,1490511,0,0,0,256,445,245,343,383,393,329,308,285,113,120,194,0,
1,1775671357920,-2029,330,9906,408057,-127059,123394,0,0,0,334,347,258,408,267,448,531,286,386,327,266,434,0,
2,1775671357920,5537,1555,28681,-7249748,2543642,1552819,0,0,0,256,444,245,343,381,391,330,304,285,115,119,193,0,
1,1775671357936,-2144,258,9830,458148,-150272,172263,0,0,0,341,362,255,416,276,467,524,271,400,316,246,455,0,
2,1775671357936,5317,-1115,33156,-7282735,2809980,1976759,0,0,0,257,445,244,345,379,391,331,298,284,115,118,195,0,
1,1775671357952,-2325,215,9858,502131,-157603,226020,0,0,0,348,372,254,423,296,475,515,258,409,301,223,470,0,
2,1775671357952,3326,-7700,35362,-7152010,3319441,2546086,0,0,0,261,444,242,348,379,393,339,294,288,115,115,195,0,
1,1775671357968,-2641,177,10059,570548,-167377,316428,0,0,0,354,379,256,430,324,479,507,245,408,294,211,485,0,
2,1775671357968,521,-18937,36123,-6577796,3330437,2960252,0,0,0,261,443,240,352,380,398,339,292,288,119,115,194,0,
1,1775671357984,-2689,81,10361,689055,-164933,420275,0,0,0,366,392,257,440,341,492,500,231,411,293,205,517,0,
2,1775671357984,2000,-33864,29762,-5290092,1959655,2329840,0,0,0,265,445,241,353,383,397,346,298,294,119,118,198,0,
1,1775671358000,-2244,-19,10906,874759,-162490,486248,0,0,0,387,400,259,444,342,503,496,221,427,283,183,552,0,
2,1775671358000,2751,-45489,19607,-3554013,1251052,388510,0,0,0,265,445,241,355,383,401,348,299,294,150,127,199,0,
1,1775671358016,-1660,-19,11710,1147204,-217468,458148,0,0,0,378,406,243,465,331,510,482,215,419,283,169,566,0,
2,1775671358016,-4661,-48150,14807,-1743409,1514945,-1876578,0,0,0,263,445,243,338,398,391,348,301,294,124,120,201,0,
1,1775671358032,-1363,-100,12313,1457524,-371406,388510,0,0,0,390,403,265,478,338,541,459,202,447,282,173,566,0,
2,1775671358032,-12304,-43062,16798,73303,543670,-2516764,0,0,0,250,435,234,342,385,390,365,390,285,134,174,189,0,
1,1775671358048,-1464,-215,12849,1804495,-558330,298102,0,0,0,392,402,237,492,365,546,425,202,450,267,163,575,0,
2,1775671358048,-10509,-29940,21033,1711644,-1159422,-1657888,0,0,0,243,406,210,342,364,375,401,455,270,181,246,178,0,
1,1775671358064,-2455,-239,13381,2206445,-674395,274889,0,0,0,391,398,200,480,344,529,372,187,456,253,150,580,0,
2,1775671358064,-191,1756,19349,3183829,-3164281,184481,0,0,0,249,384,189,339,347,369,439,476,264,186,267,175,0,
1,1775671358080,-3771,-253,14084,2761110,-679282,425162,0,0,0,395,413,202,467,348,527,330,171,465,256,145,585,0,
2,1775671358080,5326,16214,10993,4014606,-3865555,1549154,0,0,0,261,381,187,343,339,378,463,494,276,223,330,173,0,
1,1775671358096,-4580,-215,15118,3452610,-548556,720820,0,0,0,429,406,194,460,360,523,306,167,453,236,119,581,0,
2,1775671358096,-1550,4723,12108,4838052,-2428800,1642005,0,0,0,262,386,196,351,340,388,486,511,287,254,383,173,0,
1,1775671358112,-5431,-38,16496,4223522,-370184,1075122,0,0,0,403,403,205,448,356,522,236,166,448,204,113,560,0,
2,1775671358112,-8767,-3622,20038,5139820,-632856,707381,0,0,0,258,394,211,360,346,397,509,521,288,258,382,179,0,
1,1775671358128,-6642,119,18803,5043303,-259006,1467298,0,0,0,395,383,207,436,345,503,218,151,436,185,108,504,0,
2,1775671358128,-4948,-626,23637,4345695,118507,-767246,0,0,0,263,408,243,369,354,410,521,538,293,299,402,189,0,
1,1775671358144,-8973,33,23125,6108652,-239459,1980425,0,0,0,378,366,198,419,315,472,209,137,412,173,98,430,0,
2,1775671358144,2857,1536,18401,3049439,51312,-735481,0,0,0,281,430,285,380,363,423,530,552,299,329,422,211,0,
1,1775671358160,-10165,220,26235,6912551,-184481,2456899,0,0,0,329,351,192,388,285,435,200,146,374,155,96,342,0,
2,1775671358160,4350,1105,12758,1781283,-61086,-62308,0,0,0,299,455,307,395,381,436,543,557,311,310,392,237,0,
1,1775671358176,-9920,655,28571,7528303,-75747,2894279,0,0,0,276,327,192,338,263,384,217,178,327,139,117,252,0,
2,1775671358176,1253,-43,10203,847880,-151494,344527,0,0,0,320,466,307,405,392,440,557,565,312,277,341,266,0,
1,1775671358192,-9365,2392,30184,8123285,24434,3287676,0,0,0,243,299,195,280,222,318,254,213,283,137,157,173,0,
2,1775671358192,540,229,10495,355523,-200363,149051,0,0,0,348,474,324,411,392,445,565,571,317,291,350,290,0,
1,1775671358208,-12079,6269,25556,8467813,118507,3580892,0,0,0,239,276,199,252,182,272,301,238,268,147,190,113,0,
2,1775671358208,1072,947,10500,149051,-262672,0,0,0,0,362,479,329,417,394,451,565,574,317,299,356,299,0,
1,1775671358224,-14113,11045,16645,8365188,24434,4039040,0,0,0,254,281,206,263,186,281,312,256,277,157,219,115,0,
2,1775671358224,1182,1397,10289,91629,-273667,-18325,0,0,0,376,487,340,421,400,454,569,575,319,301,354,310,0,
1,1775671358240,-12088,13965,11012,7274183,-171042,4360356,0,0,0,247,287,211,264,195,288,309,259,276,158,220,117,0,
2,1775671358240,1028,1474,10265,112399,-215024,4886,0,0,0,382,488,338,425,404,462,567,570,327,285,332,321,0,
1,1775671358256,-6470,18358,10093,3495370,58643,2763554,0,0,0,246,291,222,257,189,287,306,253,273,159,216,121,0,
2,1775671358256,942,1474,10313,162490,-191811,-1221,0,0,0,390,491,340,425,403,461,567,567,332,281,319,324,0,
1,1775671358272,-3680,19703,9724,-1444085,718377,-124616,0,0,0,242,292,216,253,187,282,308,256,271,158,214,119,0,
2,1775671358272,818,1541,10318,227241,-140499,-20769,0,0,0,399,495,344,429,405,460,552,547,329,300,328,332,0,
1,1775671358288,-5728,14118,8480,-4326147,1306029,-2069611,0,0,0,243,295,225,253,189,287,312,257,275,160,218,123,0,
2,1775671358288,775,1612,10270,304210,-50090,-26878,0,0,0,409,498,344,435,408,462,553,536,327,283,297,347,0,
1,1775671358304,-8432,8260,6489,-5199684,1219287,-2335948,0,0,0,237,296,220,254,190,289,309,256,273,163,222,124,0,
2,1775671358304,875,1574,10169,403171,35430,-19547,0,0,0,419,502,340,438,410,463,563,533,331,249,247,364,0,
1,1775671358320,-8504,5963,5431,-5095837,300545,-1363451,0,0,0,235,298,219,254,191,289,310,258,274,164,227,123,0,
2,1775671358320,976,1392,10035,464257,48869,-14660,0,0,0,426,504,338,439,417,465,559,522,334,246,232,375,0,
1,1775671358336,-6082,5479,6178,-5243667,-559552,-455705,0,0,0,237,300,223,257,192,292,312,259,274,165,228,124,0,
2,1775671358336,1014,1215,9916,475253,42760,-20769,0,0,0,430,506,338,440,423,467,541,503,339,245,223,380,0,
1,1775671358352,-3110,5680,8432,-5797111,-686612,-160046,0,0,0,236,300,223,259,193,294,314,261,274,168,230,127,0,
2,1775671358352,1062,1143,9853,447153,25656,-29321,0,0,0,432,512,336,439,420,469,510,467,347,243,214,383,0,
1,1775671358368,-2598,5235,10418,-6404311,-496022,-338419,0,0,0,234,299,226,258,193,294,314,261,275,167,230,125,0,
2,1775671358368,1143,1124,9868,431270,-6108,-39095,0,0,0,434,510,333,446,418,480,539,464,348,238,199,397,0,
1,1775671358384,-3125,4489,11897,-6780604,-674395,-566882,0,0,0,233,301,228,257,195,294,312,260,275,162,228,122,0,
2,1775671358384,1177,1095,9935,430049,-61086,-57421,0,0,0,450,527,345,454,433,488,547,451,348,246,197,413,0,
1,1775671358400,-3311,3953,13534,-6999293,-1199739,-811229,0,0,0,231,304,226,257,196,295,313,262,276,162,229,124,0,
2,1775671358400,1052,1028,9944,431270,-101403,-70860,0,0,0,456,524,342,457,438,498,539,431,355,410,269,403,0,
1,1775671358416,-2971,3608,15745,-7220427,-1522276,-1089783,0,0,0,232,302,229,260,198,297,316,263,276,168,233,128,0,
2,1775671358416,909,961,9920,436157,-106290,-73303,0,0,0,460,524,340,458,442,495,538,415,357,262,188,438,0,
1,1775671358432,-3402,2881,18272,-7400021,-1649336,-1345125,0,0,0,234,304,224,265,202,293,318,264,275,170,233,123,0,
2,1775671358432,885,890,9964,456927,-76969,-67195,0,0,0,470,532,344,462,447,501,528,395,361,247,173,458,0,
1,1775671358448,-4584,1765,20985,-7401243,-1805717,-1378111,0,0,0,240,297,217,276,195,288,323,263,273,177,232,119,0,
2,1775671358448,1052,804,10093,494800,-42760,-73303,0,0,0,479,535,345,463,454,505,525,373,369,250,172,477,0,
1,1775671358464,-5513,626,24101,-7358482,-1966986,-1346346,0,0,0,246,298,217,287,198,286,309,248,269,178,229,115,0,
2,1775671358464,1234,717,10155,529009,-28099,-100181,0,0,0,486,536,346,470,466,510,520,351,374,255,173,494,0,
1,1775671358480,-6475,-799,27963,-7290065,-1947438,-1470963,0,0,0,250,299,220,289,195,283,335,263,274,174,220,110,0,
2,1775671358480,1325,612,10179,568104,-23212,-155159,0,0,0,495,539,347,476,472,517,509,325,379,256,171,511,0,
1,1775671358496,-8494,-4058,31653,-7111693,-1892460,-2067167,0,0,0,249,300,221,290,193,287,332,260,275,175,215,112,0,
2,1775671358496,1273,588,10294,629191,-35430,-219911,0,0,0,502,545,347,478,475,516,499,298,380,263,169,527,0,
1,1775671358512,-10069,-9916,34070,-6857573,-2506990,-2753780,0,0,0,245,299,228,283,195,294,326,254,277,178,218,120,0,
2,1775671358512,1139,564,10509,729373,-53756,-256563,0,0,0,510,554,350,483,487,518,486,270,380,270,171,545,0,
1,1775671358528,-7422,-20904,34252,-6440963,-3469714,-3128851,0,0,0,240,300,225,277,198,298,324,252,284,174,213,118,0,
2,1775671358528,1182,440,10854,895528,-53756,-266337,0,0,0,515,561,346,487,496,526,466,245,387,274,175,563,0,
1,1775671358544,-2043,-34209,29360,-5689598,-3437949,-2959031,0,0,0,239,301,224,279,202,302,329,250,284,182,218,117,0,
2,1775671358544,1373,392,11509,1099557,-32986,-285884,0,0,0,516,561,325,488,500,528,447,229,394,279,178,575,0,
1,1775671358560,3287,-46451,20660,-4268726,-2733011,-1965764,0,0,0,236,303,224,275,202,304,327,253,286,179,220,117,0,
2,1775671358560,1316,445,12553,1442863,-6108,-321315,0,0,0,523,562,314,498,513,532,421,231,395,274,176,581,0,
1,1775671358576,11366,-52117,14989,-2017077,-1748296,57421,0,0,0,235,304,226,271,201,304,325,257,288,175,221,118,0,
2,1775671358576,961,435,13352,1914451,-1221,-332310,0,0,0,520,570,294,502,530,537,382,227,395,274,185,593,0,
1,1775671358592,16266,-49638,15151,-92851,-117286,1446528,0,0,0,235,302,232,270,198,300,338,283,284,191,254,117,0,
2,1775671358592,794,339,13811,2401922,-39095,-293215,0,0,0,523,571,274,501,535,538,342,224,392,276,184,601,0,
1,1775671358608,9485,-35008,18449,1611462,1919338,1635897,0,0,0,235,287,217,269,187,280,381,346,271,234,324,104,0,
2,1775671358608,1837,268,14711,2968805,-122173,-299323,0,0,0,529,572,259,492,533,545,301,234,386,278,188,613,0,
1,1775671358624,-3761,62,20143,2866179,3453832,1095892,0,0,0,238,260,159,273,173,245,445,422,260,291,386,87,0,
2,1775671358624,2900,244,15879,3632204,-266337,-442266,0,0,0,528,565,257,476,523,531,273,212,388,274,184,608,0,
1,1775671358640,-9576,21823,11706,3519805,4269948,122173,0,0,0,241,258,149,273,168,251,469,469,278,317,414,86,0,
2,1775671358640,3278,354,17166,4360356,-455705,-653625,0,0,0,536,562,257,471,519,526,258,186,387,260,170,588,0,
1,1775671358656,-3239,9183,8949,5050633,3630982,-514348,0,0,0,237,248,136,288,166,253,478,479,264,367,428,78,0,
2,1775671358656,4484,492,19224,5301088,-651182,-946841,0,0,0,537,561,268,471,522,533,247,161,393,244,163,541,0,
1,1775671358672,5451,-6293,18985,6151412,1409876,-453262,0,0,0,244,253,159,293,167,270,494,495,267,391,447,89,0,
2,1775671358672,5431,387,22455,6273586,-788016,-1304808,0,0,0,511,535,260,474,509,524,250,159,387,236,154,474,0,
1,1775671358688,2890,-3833,25053,4681671,-17104,482583,0,0,0,264,275,188,317,181,290,506,506,278,416,455,91,0,
2,1775671358688,5896,148,27063,7228979,-780685,-1613905,0,0,0,436,510,232,456,494,487,264,166,362,212,142,404,0,
1,1775671358704,-4225,335,19932,2524095,-81855,704938,0,0,0,261,282,247,322,189,344,517,517,312,423,460,137,0,
2,1775671358704,6580,1627,30361,8120842,-361632,-1869247,0,0,0,361,477,213,414,449,454,280,188,330,186,131,357,0,
1,1775671358720,-4283,210,12878,1275486,56199,39095,0,0,0,292,294,253,347,204,363,528,528,321,419,471,194,0,
2,1775671358720,6661,3642,31825,8839220,153938,-2150245,0,0,0,298,447,217,369,401,415,294,231,294,152,127,278,0,
1,1775671358736,-2301,-172,9696,660956,-28099,-277332,0,0,0,304,302,256,360,207,363,544,529,323,426,473,220,0,
2,1775671358736,8116,5159,29815,9338907,847880,-2613281,0,0,0,266,433,231,341,377,389,305,270,278,123,119,214,0,
1,1775671358752,-1502,244,9935,463035,-177150,-150272,0,0,0,316,311,260,370,220,373,548,528,335,427,471,258,0,
2,1775671358752,10270,8241,21349,9319360,1203404,-3309667,0,0,0,265,433,238,333,375,388,312,300,281,112,117,204,0,
1,1775671358768,-2479,717,10160,375071,-79412,-9773,0,0,0,327,321,268,371,224,382,550,513,340,433,460,286,0,
2,1775671358768,7891,12605,14682,7816631,488692,-3915646,0,0,0,263,438,238,334,382,389,313,325,278,113,126,202,0,
1,1775671358784,-2747,890,9920,295658,74525,32986,0,0,0,334,330,275,372,226,391,553,489,343,430,451,303,0,
2,1775671358784,2589,19511,11007,3959628,-841772,-3130073,0,0,0,262,437,235,338,382,391,312,313,271,113,122,202,0,
1,1775671358800,-2311,880,9935,296880,92851,26878,0,0,0,337,339,274,382,237,397,553,468,350,426,438,321,0,
2,1775671358800,1210,21875,9676,-2058615,-2117258,-472809,0,0,0,267,439,238,340,377,396,316,295,272,113,118,207,0,
1,1775671358816,-2096,938,10126,353080,31764,36651,0,0,0,336,346,270,389,248,398,550,453,356,421,421,337,0,
2,1775671358816,5872,12605,8710,-5756794,-2214997,1561371,0,0,0,269,439,234,341,374,387,319,299,265,113,117,196,0,
1,1775671358832,-2153,1043,9006,422718,-25656,63529,0,0,0,335,346,267,390,251,401,546,444,355,400,414,346,0,
2,1775671358832,8542,4862,6489,-6122091,-1500285,1617571,0,0,0,266,441,236,341,379,388,322,302,267,117,117,197,0,
1,1775671358848,-2062,1033,6867,450818,-56199,81855,0,0,0,338,348,263,396,257,403,540,438,355,387,396,359,0,
2,1775671358848,7843,2354,4484,-5133711,-583987,679282,0,0,0,261,440,236,338,377,387,322,304,269,115,118,198,0,
1,1775671358864,-2062,909,8279,522900,-168598,83077,0,0,0,337,350,262,403,262,413,539,410,361,375,371,373,0,
2,1775671358864,5881,3196,4910,-4704884,-86742,-34208,0,0,0,262,440,238,338,375,387,322,305,270,114,117,197,0,
1,1775671358880,-2230,708,9920,565661,-241902,79412,0,0,0,336,351,259,408,266,420,541,392,368,361,345,380,0,
2,1775671358880,5072,4168,6542,-5024977,83077,-239459,0,0,0,263,441,238,342,378,389,325,308,269,114,117,196,0,
1,1775671358896,-2402,516,9949,541226,-208915,81855,0,0,0,333,380,258,411,283,421,528,368,366,353,346,393,0,
2,1775671358896,5077,4776,8269,-5679824,304210,-107512,0,0,0,263,441,239,342,379,389,324,308,269,114,118,196,0,
1,1775671358912,-2483,402,9294,481361,-109955,95294,0,0,0,332,385,253,408,278,424,533,354,372,350,331,399,0,
2,1775671358912,5264,4637,9810,-6290690,841772,342084,0,0,0,261,443,240,340,379,387,324,309,269,116,120,197,0,
1,1775671358928,-2426,378,9356,436157,-39095,112399,0,0,0,333,380,258,413,285,424,534,343,373,347,320,403,0,
2,1775671358928,5235,4072,11160,-6593679,1362229,835663,0,0,0,261,442,238,341,379,388,325,311,269,116,120,197,0,
1,1775671358944,-2330,358,9552,398284,4886,123394,0,0,0,342,367,256,411,281,433,532,323,377,337,307,415,0,
2,1775671358944,4819,3589,13117,-6819699,1798387,1342681,0,0,0,262,442,239,341,378,388,326,312,272,115,120,196,0,
1,1775671358960,-2254,315,9581,357967,30543,127059,0,0,0,342,368,255,410,277,437,528,312,379,329,299,424,0,
2,1775671358960,4450,3402,15228,-7040832,2062281,1714087,0,0,0,264,443,242,341,378,389,327,314,275,138,132,195,0,
1,1775671358976,-2153,268,9619,318871,39095,128281,0,0,0,347,379,254,412,281,439,529,302,382,334,290,431,0,
2,1775671358976,4240,3024,17989,-7248526,2274862,1926668,0,0,0,264,444,242,343,379,391,327,314,277,156,141,193,0,
1,1775671358992,-2139,224,9753,310319,12217,134390,0,0,0,350,386,257,414,289,448,523,289,387,328,275,445,0,
2,1775671358992,4020,2345,21287,-7347487,2392148,1966986,0,0,0,264,444,243,342,378,390,330,313,279,113,120,195,0,
1,1775671359008,-2301,186,9844,343306,-30543,162490,0,0,0,346,386,263,416,296,458,513,277,390,309,257,461,0,
2,1775671359008,4139,1909,25053,-7365813,2342057,1891238,0,0,0,261,443,241,341,377,390,330,309,276,112,118,194,0,
1,1775671359024,-2445,138,9873,398284,-62308,215024,0,0,0,347,390,261,418,314,461,511,264,393,302,240,468,0,
2,1775671359024,4867,1655,30208,-7535633,2285857,1869247,0,0,0,254,439,237,341,377,392,331,306,281,112,114,194,0,
1,1775671359040,-2483,90,9897,470366,-62308,274889,0,0,0,358,408,260,424,345,467,504,254,393,301,228,484,0,
2,1775671359040,4910,-813,34496,-7815409,2436130,2076941,0,0,0,260,444,240,347,378,392,338,305,282,113,113,194,0,
1,1775671359056,-2507,33,9983,541226,-57421,329867,0,0,0,379,411,266,426,347,474,501,237,392,310,216,507,0,
2,1775671359056,3441,-9332,37209,-7755545,2783102,2510656,0,0,0,262,443,237,348,378,392,346,304,290,116,114,193,0,
1,1775671359072,-2560,-14,10217,637743,-54977,393397,0,0,0,392,420,260,445,361,482,485,231,404,294,211,525,0,
2,1775671359072,2134,-22761,36936,-7034724,2582738,2735454,0,0,0,268,445,241,353,381,400,346,302,293,118,116,196,0,
1,1775671359088,-2483,-71,10672,775798,-54977,437379,0,0,0,390,418,252,450,357,494,469,215,402,279,186,539,0,
2,1775671359088,3445,-39506,28891,-5422039,1534493,2091602,0,0,0,268,444,239,328,413,385,347,304,293,121,114,201,0,
1,1775671359104,-2397,-100,11275,963945,-59864,464257,0,0,0,398,428,252,452,377,498,452,215,410,278,191,557,0,
2,1775671359104,282,-49715,18190,-3159395,1503950,50090,0,0,0,268,446,242,346,391,395,351,307,296,119,113,199,0,
1,1775671359120,-2081,-138,11974,1251052,-74525,460592,0,0,0,416,430,238,463,376,506,426,207,405,274,183,566,0,
2,1775671359120,-10002,-50801,15625,-1088561,1599245,-1704314,0,0,0,267,447,241,350,380,397,348,314,293,118,116,196,0,
1,1775671359136,-1608,-320,12380,1609019,-109955,404392,0,0,0,426,437,231,472,386,520,402,198,427,270,183,570,0,
2,1775671359136,-16558,-44613,18736,553443,274889,-2053728,0,0,0,260,442,237,353,385,397,370,390,282,129,160,189,0,
1,1775671359152,-1655,-497,12653,1986533,-210137,310319,0,0,0,442,447,215,464,406,521,361,196,437,272,182,575,0,
2,1775671359152,-7183,-21847,22249,2138028,-1964542,-1047023,0,0,0,249,414,211,352,372,383,416,456,268,153,217,181,0,
1,1775671359168,-2943,-473,13318,2436130,-299323,338419,0,0,0,437,451,216,467,413,521,322,193,448,270,185,575,0,
2,1775671359168,5001,11385,18846,2990796,-3185051,6108,0,0,0,251,388,188,348,354,375,455,476,266,174,268,174,0,
1,1775671359184,-3929,-445,14395,3016452,-311541,526565,0,0,0,416,455,208,462,448,534,265,189,457,241,182,578,0,
2,1775671359184,7666,18545,8887,3886324,-3303559,1106887,0,0,0,260,384,183,351,347,383,481,492,273,193,325,170,0,
1,1775671359200,-4493,-349,15812,3765373,-250454,805120,0,0,0,432,447,219,439,432,531,212,174,449,209,158,567,0,
2,1775671359200,-1665,1287,11983,5265658,-2004859,1576032,0,0,0,259,387,186,358,346,391,502,511,279,222,374,170,0,
1,1775671359216,-5331,-186,17549,4599815,-201585,1131322,0,0,0,444,433,241,419,402,522,188,159,428,182,133,539,0,
2,1775671359216,-9504,-7030,22450,5409822,-603534,777020,0,0,0,261,395,207,364,354,403,516,526,286,255,389,178,0,
1,1775671359232,-6585,-421,20559,5496565,-197920,1494176,0,0,0,429,418,240,408,393,507,179,148,404,162,116,485,0,
2,1775671359232,-3531,-81,21497,4261395,-116064,-674395,0,0,0,262,410,238,372,362,413,535,540,297,274,387,195,0,
1,1775671359248,-9064,-598,24005,6415306,-125838,1907121,0,0,0,400,392,222,390,348,470,169,140,382,155,106,403,0,
2,1775671359248,3785,3015,16946,2984687,119729,-856433,0,0,0,285,431,285,383,366,424,542,542,312,226,337,225,0,
1,1775671359264,-10729,-464,27231,7244861,84299,2432465,0,0,0,337,359,218,345,287,432,173,143,352,139,102,326,0,
2,1775671359264,3981,952,12993,1642005,59864,-105068,0,0,0,298,453,309,394,382,433,552,552,313,250,353,238,0,
1,1775671359280,-10409,516,29293,7788531,404392,2935818,0,0,0,269,330,212,305,250,379,210,176,320,130,125,239,0,
2,1775671359280,1378,-110,11016,784350,-96516,250454,0,0,0,310,460,310,404,385,434,557,558,319,255,353,253,0,
1,1775671359296,-10375,2680,28638,8221024,544891,3281568,0,0,0,243,289,214,272,212,314,272,223,273,141,169,142,0,
2,1775671359296,727,435,10595,439822,-173485,136833,0,0,0,336,466,328,408,389,439,563,571,316,280,382,262,0,
1,1775671359312,-12093,6456,23158,8543561,481361,3585778,0,0,0,278,272,218,272,173,282,322,225,269,192,187,121,0,
2,1775671359312,1363,1062,10390,273667,-227241,19547,0,0,0,352,471,328,413,391,445,567,572,318,290,375,277,0,
1,1775671359328,-12758,10265,14606,7962017,184481,4021936,0,0,0,271,283,219,271,181,284,322,239,272,191,205,118,0,
2,1775671359328,1426,1340,10232,146607,-238237,-1221,0,0,0,359,473,331,414,390,448,566,568,321,290,371,283,0,
1,1775671359344,-9279,13036,10198,5937610,-167377,3998723,0,0,0,263,288,218,268,183,285,322,241,270,192,207,119,0,
2,1775671359344,1277,1440,10203,91629,-213802,8552,0,0,0,367,478,333,414,390,447,567,569,322,274,353,287,0,
1,1775671359360,-3019,16726,9590,1814269,89186,2287079,0,0,0,263,289,220,268,184,285,322,242,267,191,205,120,0,
2,1775671359360,1206,1555,10270,122173,-202807,-4886,0,0,0,373,480,333,413,391,444,559,566,322,255,329,291,0,
1,1775671359376,-1732,15233,9509,-2795319,1530828,-772133,0,0,0,264,292,223,268,187,291,324,245,273,193,206,123,0,
2,1775671359376,1100,1631,10279,193033,-166155,-29321,0,0,0,377,481,334,415,391,445,556,562,320,278,347,291,0,
1,1775671359392,-5680,9868,7480,-4772079,2378709,-2236988,0,0,0,257,293,221,268,187,291,326,248,276,197,209,126,0,
2,1775671359392,1014,1646,10189,262672,-86742,-40317,0,0,0,380,484,336,417,392,450,561,558,321,313,375,294,0,
1,1775671359408,-9126,5522,4828,-4824613,1491732,-1685988,0,0,0,247,293,220,264,186,291,328,249,276,194,211,125,0,
2,1775671359408,1067,1603,10021,333532,1221,-34208,0,0,0,384,486,335,417,395,456,557,550,328,286,341,307,0,
1,1775671359424,-8370,4197,4106,-4662123,124616,-671951,0,0,0,243,295,224,262,186,293,329,250,278,191,212,126,0,
2,1775671359424,1186,1507,9901,383623,31764,-25656,0,0,0,393,491,338,422,400,457,554,543,328,240,283,316,0,
1,1775671359440,-5714,4369,5403,-4797735,-367740,-149051,0,0,0,242,297,230,263,187,297,329,250,280,193,214,131,0,
2,1775671359440,1258,1363,9849,401949,10995,-23212,0,0,0,401,495,338,424,404,459,554,534,330,241,271,324,0,
1,1775671359456,-4608,4455,6987,-5189911,-316428,-79412,0,0,0,241,298,232,265,188,299,330,251,281,193,215,131,0,
2,1775671359456,1277,1239,9806,389732,-13439,-30543,0,0,0,407,496,335,427,404,459,558,525,335,248,263,335,0,
1,1775671359472,-5221,4230,8403,-5761680,-332310,-328645,0,0,0,241,298,234,265,191,301,328,251,280,193,216,129,0,
2,1775671359472,1311,1191,9753,355523,-45204,-43982,0,0,0,422,503,340,429,408,461,554,511,336,235,229,351,0,
1,1775671359488,-5623,3527,9676,-6199060,-808785,-648738,0,0,0,240,298,234,262,191,301,328,255,280,190,219,131,0,
2,1775671359488,1330,1182,9763,333532,-86742,-58643,0,0,0,422,502,337,439,417,470,544,497,340,253,232,366,0,
1,1775671359504,-5412,2569,11002,-6427524,-1339016,-982271,0,0,0,239,298,234,264,193,303,328,253,280,188,218,128,0,
2,1775671359504,1292,1143,9825,326202,-127059,-69638,0,0,0,424,506,337,438,415,471,547,484,341,239,211,376,0,
1,1775671359520,-4953,1756,12754,-6458067,-1737300,-1310916,0,0,0,239,298,236,262,190,303,328,257,283,189,217,132,0,
2,1775671359520,1191,1100,9844,324980,-141720,-73303,0,0,0,432,509,335,444,421,482,548,475,348,241,209,392,0,
1,1775671359536,-4742,1464,14984,-6493497,-1982868,-1578475,0,0,0,236,297,234,265,195,306,329,259,284,189,219,130,0,
2,1775671359536,1119,1081,9887,333532,-138055,-72082,0,0,0,444,517,338,447,425,489,544,461,354,240,199,408,0,
1,1775671359552,-4953,1378,17348,-6624222,-2116037,-1716531,0,0,0,236,298,233,264,194,305,329,259,285,188,218,130,0,
2,1775671359552,1167,1072,10007,370184,-122173,-70860,0,0,0,456,526,346,453,435,494,543,442,358,244,191,428,0,
1,1775671359568,-5331,765,20349,-6817256,-2280970,-1743409,0,0,0,237,299,233,267,195,305,330,258,286,188,218,127,0,
2,1775671359568,1215,995,10112,428827,-116064,-78190,0,0,0,465,528,347,459,446,500,541,421,363,250,182,449,0,
1,1775671359584,-5623,14,23531,-6880786,-2409252,-1783726,0,0,0,233,298,235,264,193,304,329,256,283,188,213,126,0,
2,1775671359584,1201,909,10126,483805,-103847,-92851,0,0,0,472,530,346,464,452,505,537,394,366,252,175,468,0,
1,1775671359600,-6077,-1129,27465,-6762278,-2463008,-2085493,0,0,0,233,298,237,263,192,305,329,253,284,188,212,124,0,
2,1775671359600,1186,861,10184,555887,-64751,-111177,0,0,0,481,537,349,467,459,510,531,363,374,254,171,488,0,
1,1775671359616,-6403,-4115,31820,-6603453,-2637716,-2678033,0,0,0,235,298,237,255,215,299,330,252,285,186,210,121,0,
2,1775671359616,1292,823,10390,649960,-17104,-130725,0,0,0,494,543,352,472,471,515,524,329,382,256,168,510,0,
1,1775671359632,-5757,-10567,34481,-6532592,-2906496,-3125186,0,0,0,235,298,234,257,212,298,330,248,284,189,210,121,0,
2,1775671359632,1608,751,10634,750142,9773,-163711,0,0,0,510,551,360,481,483,520,509,291,380,264,165,534,0,
1,1775671359648,-5163,-21694,33625,-6412863,-2737898,-3160616,0,0,0,231,300,232,265,194,304,325,246,284,185,212,121,0,
2,1775671359648,2062,593,11045,890641,17104,-268780,0,0,0,511,559,354,484,486,522,488,264,383,311,185,549,0,
1,1775671359664,-5537,-35611,26231,-5828876,-2184454,-2188119,0,0,0,229,304,230,266,202,305,320,249,285,178,215,120,0,
2,1775671359664,1770,569,11777,1127657,-46425,-371406,0,0,0,510,556,335,493,499,528,464,245,390,407,214,550,0,
1,1775671359680,1072,-46384,17382,-4067140,-2317622,144164,0,0,0,229,306,228,269,207,306,322,252,285,186,221,122,0,
2,1775671359680,1119,641,12433,1571145,-153938,-362853,0,0,0,519,561,317,503,508,534,429,229,391,278,179,586,0,
1,1775671359696,14611,-48954,14749,-2008524,-1937664,1919338,0,0,0,229,302,228,272,203,306,329,261,284,188,231,120,0,
2,1775671359696,923,516,12936,2063502,-151494,-312763,0,0,0,525,564,293,506,524,535,387,224,388,279,179,596,0,
1,1775671359712,21598,-45254,16702,0,351858,2145358,0,0,0,221,285,219,263,200,294,348,317,282,208,295,111,0,
2,1775671359712,1249,315,13845,2563190,-34208,-301767,0,0,0,526,575,277,506,534,546,344,223,395,268,180,599,0,
1,1775671359728,7757,-25321,19425,1712866,3065321,1376890,0,0,0,232,269,166,270,182,255,424,397,250,275,374,84,0,
2,1775671359728,2019,387,15166,3187494,-24434,-370184,0,0,0,529,566,261,492,535,537,297,221,394,276,194,602,0,
1,1775671359744,-8652,11107,16434,3127630,4877148,587652,0,0,0,239,249,157,266,161,259,457,443,281,306,403,82,0,
2,1775671359744,2632,507,16243,3846007,-153938,-493579,0,0,0,523,566,250,486,535,537,266,209,389,273,190,604,0,
1,1775671359760,-7346,14864,10969,4109901,4647462,-68416,0,0,0,243,253,146,279,167,253,475,474,267,350,423,78,0,
2,1775671359760,3158,636,17228,4559498,-328645,-657290,0,0,0,528,562,254,477,522,532,256,183,392,265,179,589,0,
1,1775671359776,1182,2493,14400,5374392,3021339,-458148,0,0,0,244,249,145,290,163,262,485,485,273,370,429,82,0,
2,1775671359776,4235,741,19143,5467243,-474031,-924849,0,0,0,524,545,259,474,505,527,251,163,392,250,160,538,0,
1,1775671359792,6369,-5302,23857,5455026,834441,-20769,0,0,0,252,258,172,301,166,282,494,495,291,392,436,92,0,
2,1775671359792,4943,603,22986,6550918,-591317,-1266934,0,0,0,492,522,252,468,496,518,251,158,383,226,146,466,0,
1,1775671359808,-827,-1536,22861,3562566,166155,626747,0,0,0,258,271,208,315,181,310,505,505,302,410,446,107,0,
2,1775671359808,5273,837,28035,7479433,-486248,-1479515,0,0,0,424,497,228,447,470,492,264,165,364,207,137,400,0,
1,1775671359824,-5412,368,15300,1717753,196698,218689,0,0,0,267,282,234,331,190,340,515,514,319,424,455,142,0,
2,1775671359824,5384,2129,31246,8254011,-153938,-1644449,0,0,0,354,470,213,404,433,449,279,192,328,183,128,348,0,
1,1775671359840,-3268,157,10763,946841,206472,-238237,0,0,0,287,292,246,345,203,359,522,521,330,432,464,186,0,
2,1775671359840,5809,3417,31825,8868541,280998,-1833817,0,0,0,297,445,220,353,394,405,290,233,290,146,124,276,0,
1,1775671359856,-1320,28,9552,456927,142942,-273667,0,0,0,305,298,256,354,214,366,535,535,330,432,472,218,0,
2,1775671359856,8126,4694,28255,9321803,1084896,-2260201,0,0,0,259,431,237,326,366,381,303,268,277,116,123,197,0,
1,1775671359872,-1765,598,10409,277332,96516,-67195,0,0,0,312,308,262,360,216,367,546,546,329,429,474,233,0,
2,1775671359872,9619,8336,19975,9150761,1437976,-2952922,0,0,0,265,442,244,333,376,392,313,288,284,111,113,203,0,
1,1775671359888,-2349,1134,10380,195476,94073,15882,0,0,0,323,327,262,368,220,371,544,540,335,432,472,250,0,
2,1775671359888,5915,12084,15171,7562511,267558,-3610213,0,0,0,262,441,243,335,377,393,315,295,282,111,117,200,0,
1,1775671359904,-2220,1263,9968,237015,92851,19547,0,0,0,323,312,269,364,218,384,553,531,343,433,464,282,0,
2,1775671359904,1320,17975,11921,3765373,-1727526,-3097086,0,0,0,261,439,236,333,374,386,312,295,274,111,120,198,0,
1,1775671359920,-1914,1110,10026,311541,18325,34208,0,0,0,326,314,272,368,218,392,548,506,346,427,447,300,0,
2,1775671359920,2373,19894,9241,-1635897,-3023782,-1262047,0,0,0,262,439,234,333,374,383,314,298,267,112,121,196,0,
1,1775671359936,-1899,1067,10165,377514,-90408,54977,0,0,0,326,315,275,375,218,401,545,491,356,411,427,311,0,
2,1775671359936,6235,12706,7906,-5332853,-2465452,213802,0,0,0,264,440,238,340,378,389,317,297,268,116,124,197,0,
1,1775671359952,-2010,1139,9657,422718,-162490,74525,0,0,0,335,319,276,375,226,414,538,469,377,408,414,327,0,
2,1775671359952,7020,5570,6690,-6109874,-1472185,453262,0,0,0,265,443,239,336,375,385,315,296,268,116,119,197,0,
1,1775671359968,-1990,1158,7389,409279,-157603,87964,0,0,0,332,324,272,376,227,410,536,439,370,397,395,337,0,
2,1775671359968,5805,2976,5407,-5445252,-1016479,36651,0,0,0,262,441,235,340,379,389,321,305,268,116,119,197,0,
1,1775671359984,-2072,1043,7753,450818,-189368,86742,0,0,0,361,321,263,390,230,410,532,411,365,384,372,346,0,
2,1775671359984,6068,3110,4910,-5147150,-894306,-233350,0,0,0,263,443,239,342,380,390,325,307,272,115,119,197,0,
1,1775671360000,-2234,842,9471,498466,-205250,83077,0,0,0,367,318,260,390,238,408,533,401,370,373,361,353,0,
2,1775671360000,6896,3598,5647,-5358509,-509461,-257785,0,0,0,261,442,238,341,380,388,323,304,270,117,121,197,0,
1,1775671360016,-2330,693,9935,481361,-151494,87964,0,0,0,370,319,259,388,246,410,535,386,375,362,347,358,0,
2,1775671360016,6633,4024,7532,-5845980,131946,42760,0,0,0,263,444,241,341,381,389,323,304,269,117,123,196,0,
1,1775671360032,-2287,622,9581,421497,-57421,100181,0,0,0,370,318,261,392,249,420,535,372,376,357,332,368,0,
2,1775671360032,6197,3862,9227,-6230825,636521,585208,0,0,0,264,444,243,343,382,390,325,307,270,119,125,197,0,
1,1775671360048,-2201,607,9514,388510,-2443,111177,0,0,0,371,319,265,400,250,432,534,359,379,351,318,382,0,
2,1775671360048,6374,3259,10423,-6433632,1017701,1163087,0,0,0,263,442,242,342,380,389,326,308,271,117,123,196,0,
1,1775671360064,-2105,622,9786,397062,6108,116064,0,0,0,372,323,268,410,251,439,534,340,383,345,305,396,0,
2,1775671360064,6398,3010,12031,-6609561,1442863,1594358,0,0,0,263,442,240,341,379,388,328,309,275,115,121,196,0,
1,1775671360080,-2024,564,9863,420275,-4886,112399,0,0,0,365,326,269,414,253,440,532,319,382,343,294,411,0,
2,1775671360080,6116,2995,14079,-6856351,1782504,1861917,0,0,0,263,445,241,341,380,388,331,312,279,118,122,199,0,
1,1775671360096,-1981,449,9844,438601,-32986,106290,0,0,0,357,333,274,410,263,447,527,298,387,334,277,428,0,
2,1775671360096,5958,2641,16654,-7147123,2032959,1847256,0,0,0,263,445,242,342,380,390,330,312,278,116,119,197,0,
1,1775671360112,-2062,344,9887,460592,-78190,108734,0,0,0,355,345,278,420,281,461,526,285,400,322,259,449,0,
2,1775671360112,5695,2038,19459,-7330382,2208888,1645670,0,0,0,260,445,242,341,379,391,330,313,280,115,119,197,0,
1,1775671360128,-2364,296,9968,509461,-128281,150272,0,0,0,341,346,254,426,282,458,522,277,404,308,246,462,0,
2,1775671360128,5360,1569,22957,-7354817,2294409,1351233,0,0,0,260,444,243,340,377,390,332,312,280,114,119,197,0,
1,1775671360144,-2660,244,9997,569326,-157603,232128,0,0,0,349,362,255,430,294,465,508,249,407,301,211,462,0,
2,1775671360144,5254,1569,27149,-7313278,2379930,1177748,0,0,0,258,444,242,340,376,390,331,307,280,114,118,196,0,
1,1775671360160,-2608,172,10093,668286,-139277,334754,0,0,0,352,377,252,421,306,474,505,246,420,301,203,495,0,
2,1775671360160,5216,1038,31820,-7342600,2522873,1308473,0,0,0,263,444,244,346,379,392,337,305,281,117,117,196,0,
1,1775671360176,-2455,76,10256,788016,-113620,404392,0,0,0,356,393,249,421,350,466,514,236,426,287,193,522,0,
2,1775671360176,4278,-3886,34721,-7365813,2852740,1877799,0,0,0,266,444,243,346,376,390,340,302,285,116,116,196,0,
1,1775671360192,-2258,-43,10567,926071,-120951,450818,0,0,0,360,405,244,445,323,492,500,226,426,279,178,535,0,
2,1775671360192,2479,-14084,36037,-6988298,3152064,2449569,0,0,0,268,444,241,350,378,394,345,302,290,115,112,195,0,
1,1775671360208,-2043,-157,10921,1092227,-171042,456927,0,0,0,386,399,238,459,328,503,481,212,418,283,169,548,0,
2,1775671360208,1938,-28714,33290,-5933944,2565634,2360383,0,0,0,269,442,237,355,382,399,350,305,295,118,115,195,0,
1,1775671360224,-2043,-263,11170,1273043,-240680,442266,0,0,0,397,402,225,468,334,506,457,200,422,283,163,560,0,
2,1775671360224,2737,-43086,24431,-4285830,1610240,1087340,0,0,0,274,444,239,356,381,398,350,304,294,121,115,197,0,
1,1775671360240,-2072,-349,11672,1519832,-340862,423940,0,0,0,396,411,212,472,339,518,439,198,438,272,156,571,0,
2,1775671360240,-4048,-50117,16855,-2177123,1661553,-1133765,0,0,0,269,442,236,354,381,397,350,315,291,122,121,198,0,
1,1775671360256,-1828,-368,12270,1814269,-430049,392175,0,0,0,391,420,203,470,355,529,405,195,455,259,153,581,0,
2,1775671360256,-13472,-48834,16640,-362853,1229060,-2147802,0,0,0,259,434,229,351,381,393,370,380,285,129,155,192,0,
1,1775671360272,-1742,-459,12730,2152689,-504574,338419,0,0,0,388,419,191,471,371,527,357,186,463,245,150,591,0,
2,1775671360272,-12443,-31600,21832,1754404,-935845,-1224173,0,0,0,252,404,207,344,365,378,413,456,273,148,208,180,0,
1,1775671360288,-3015,-631,13381,2656042,-557109,355523,0,0,0,397,413,184,475,394,529,323,179,470,228,145,596,0,
2,1775671360288,-1215,-1407,20746,3210707,-3116634,240680,0,0,0,250,366,178,337,340,367,459,487,268,173,259,174,0,
1,1775671360304,-4527,-689,14376,3260798,-521678,558330,0,0,0,408,422,210,464,443,543,275,177,495,223,150,585,0,
2,1775671360304,7547,19076,11916,3903428,-4627915,1536936,0,0,0,254,360,179,344,335,379,493,498,283,197,307,179,0,
1,1775671360320,-5580,-545,15922,4018271,-362853,943175,0,0,0,414,424,227,451,434,541,228,168,500,202,134,574,0,
2,1775671360320,-966,6068,11629,4665788,-3792251,1709200,0,0,0,261,371,183,355,339,388,503,504,288,233,356,181,0,
1,1775671360336,-6465,-545,18085,4790405,-266337,1346346,0,0,0,413,415,210,452,381,534,236,147,453,170,118,531,0,
2,1775671360336,-10050,-3991,20033,5210680,-1781283,905302,0,0,0,260,381,186,359,343,393,516,523,290,277,397,181,0,
1,1775671360352,-7815,-732,21971,5750685,-277332,1780061,0,0,0,412,384,218,418,377,505,230,139,429,161,96,452,0,
2,1775671360352,-5675,-660,22914,4669453,-561996,-390953,0,0,0,261,392,221,363,348,402,487,536,309,304,417,185,0,
1,1775671360368,-9834,-708,25608,6662096,-217468,2200336,0,0,0,374,384,201,379,313,461,183,128,379,152,93,378,0,
2,1775671360368,2297,2110,19076,3418401,-230907,-696386,0,0,0,277,424,263,380,369,416,541,564,291,368,466,204,0,
1,1775671360384,-11146,-775,28576,7384139,-36651,2674368,0,0,0,307,358,187,348,325,412,181,152,343,128,104,282,0,
2,1775671360384,3642,1249,13625,1927890,-312763,-52534,0,0,0,290,444,278,401,385,429,539,573,291,427,508,217,0,
1,1775671360400,-10370,851,30753,7963239,92851,3137403,0,0,0,257,319,188,304,252,344,227,197,302,130,141,186,0,
2,1775671360400,368,33,11170,761138,-202807,194255,0,0,0,316,459,290,405,388,431,549,578,295,441,517,233,0,
1,1775671360416,-10638,3776,30265,8456818,19547,3446501,0,0,0,248,286,204,265,199,295,281,232,284,145,182,136,0,
2,1775671360416,-95,507,10504,312763,-76969,51312,0,0,0,342,472,301,411,390,433,554,581,296,446,523,250,0,
1,1775671360432,-12074,9155,23034,8574104,-196698,3692069,0,0,0,243,284,211,258,186,286,301,247,282,154,208,125,0,
2,1775671360432,847,1301,10279,245567,-124616,-57421,0,0,0,357,475,313,413,391,437,559,583,299,448,523,256,0,
1,1775671360448,-10212,13529,12356,7281513,-310319,3742160,0,0,0,236,293,214,261,190,288,301,250,282,158,217,124,0,
2,1775671360448,894,1493,10236,174707,-193033,-18325,0,0,0,365,474,317,419,392,441,563,582,300,452,523,259,0,
1,1775671360464,-5738,16381,9672,4150218,153938,2547308,0,0,0,233,298,215,258,193,288,296,251,279,159,218,127,0,
2,1775671360464,641,1531,10294,102625,-167377,7330,0,0,0,372,477,312,422,396,442,566,578,302,455,522,262,0,
1,1775671360480,-3670,16908,10514,-215024,1108109,13439,0,0,0,234,300,215,256,195,290,295,252,276,159,220,129,0,
2,1775671360480,536,1703,10256,133168,-125838,-13439,0,0,0,377,483,312,421,399,444,565,569,305,451,511,266,0,
1,1775671360496,-5082,12940,9303,-3737273,1963320,-2177123,0,0,0,236,302,217,258,196,290,299,255,274,159,221,126,0,
2,1775671360496,454,1866,10232,250454,-70860,-39095,0,0,0,381,484,314,424,400,448,564,555,308,447,496,271,0,
1,1775671360512,-7877,7824,5987,-4440990,1828930,-2200336,0,0,0,234,304,218,257,196,289,302,258,273,159,222,124,0,
2,1775671360512,416,1804,10208,365297,28099,-40317,0,0,0,387,483,302,427,404,448,564,548,312,387,424,290,0,
1,1775671360528,-7829,5628,4278,-4477642,867428,-1073901,0,0,0,229,303,219,253,201,295,304,261,279,161,228,128,0,
2,1775671360528,488,1646,10117,431270,117286,-30543,0,0,0,389,490,304,430,406,449,560,553,322,245,263,325,0,
1,1775671360544,-5608,5302,5072,-4836830,195476,-213802,0,0,0,231,303,225,256,199,295,304,260,278,158,227,126,0,
2,1775671360544,631,1493,9949,437379,139277,-21991,0,0,0,396,494,306,433,419,455,554,541,328,242,254,331,0,
1,1775671360560,-3991,5326,6901,-5450139,256563,17104,0,0,0,231,303,225,256,198,298,304,260,280,157,226,126,0,
2,1775671360560,708,1402,9834,420275,101403,-20769,0,0,0,404,495,306,433,407,455,556,526,327,241,243,346,0,
1,1775671360576,-4096,4982,8394,-6043900,340862,-2443,0,0,0,231,303,228,253,197,297,304,261,281,159,229,127,0,
2,1775671360576,765,1354,9786,405614,64751,-24434,0,0,0,415,496,311,439,407,459,558,523,324,253,243,362,0,
1,1775671360592,-4876,4393,9600,-6487388,-8552,-136833,0,0,0,231,303,228,253,197,297,307,262,281,160,228,123,0,
2,1775671360592,827,1301,9815,388510,17104,-34208,0,0,0,422,502,314,438,408,459,563,507,336,245,223,367,0,
1,1775671360608,-4484,3680,11184,-6842912,-675616,-372627,0,0,0,229,300,230,255,197,301,310,264,283,154,224,122,0,
2,1775671360608,851,1258,9853,371406,-37873,-48869,0,0,0,423,504,313,442,415,469,554,490,333,240,214,372,0,
1,1775671360624,-3809,2651,13084,-7106806,-1177748,-698829,0,0,0,231,301,231,251,193,297,301,259,281,154,226,122,0,
2,1775671360624,799,1229,9897,360410,-85521,-62308,0,0,0,430,508,316,445,417,474,549,471,336,239,201,388,0,
1,1775671360640,-3886,1636,15094,-7100697,-1451415,-932180,0,0,0,234,303,232,256,197,299,303,262,282,159,232,122,0,
2,1775671360640,717,1201,9935,366519,-98960,-65973,0,0,0,437,513,317,455,424,484,546,455,343,249,200,409,0,
1,1775671360656,-4182,1072,17157,-7017619,-1707979,-985936,0,0,0,233,305,230,258,202,301,306,266,282,160,233,122,0,
2,1775671360656,641,1158,10007,394618,-90408,-63529,0,0,0,442,517,326,460,431,491,530,458,363,288,215,431,0,
1,1775671360672,-4335,593,19530,-6976081,-1923003,-885754,0,0,0,232,305,228,258,202,301,304,265,281,159,233,122,0,
2,1775671360672,617,1095,10102,437379,-57421,-61086,0,0,0,449,519,326,460,434,497,532,434,365,270,196,446,0,
1,1775671360688,-4398,0,22067,-6949202,-2024407,-824668,0,0,0,232,303,230,259,201,302,305,264,280,160,232,124,0,
2,1775671360688,703,1019,10160,488692,-18325,-65973,0,0,0,459,523,325,471,461,494,541,403,368,250,176,461,0,
1,1775671360704,-4919,-1119,25431,-6835582,-1955990,-1051909,0,0,0,233,303,233,260,200,303,310,263,281,183,224,132,0,
2,1775671360704,794,966,10189,553443,0,-78190,0,0,0,470,526,330,476,470,498,539,379,379,252,171,477,0,
1,1775671360720,-6513,-3364,28877,-6581462,-2040289,-1738522,0,0,0,231,302,230,260,200,301,312,262,283,211,218,143,0,
2,1775671360720,813,890,10246,643851,14660,-97738,0,0,0,482,530,339,476,459,515,528,347,383,255,167,496,0,
1,1775671360736,-7757,-8451,32519,-6327342,-2590068,-2570520,0,0,0,227,299,227,263,204,302,311,259,285,162,222,123,0,
2,1775671360736,942,794,10471,744033,47647,-130725,0,0,0,495,539,347,488,471,527,513,306,387,259,165,520,0,
1,1775671360752,-6700,-17846,32897,-6178291,-2972470,-2910161,0,0,0,227,303,226,263,204,301,308,259,288,161,224,122,0,
2,1775671360752,1253,727,10868,863763,58643,-183259,0,0,0,502,546,347,494,478,534,496,270,392,272,169,549,0,
1,1775671360768,-5226,-30787,28322,-5722585,-2715906,-2693915,0,0,0,229,308,227,268,213,314,313,264,288,172,235,124,0,
2,1775671360768,1737,689,11476,1062905,30543,-280998,0,0,0,507,553,336,503,480,531,472,242,394,304,189,562,0,
1,1775671360784,-2325,-41047,20258,-4502076,-2404365,-1715309,0,0,0,230,310,228,266,205,311,313,264,284,165,232,123,0,
2,1775671360784,1852,737,12534,1357342,109955,-431270,0,0,0,511,554,325,502,487,539,439,223,391,285,174,585,0,
1,1775671360800,6197,-44594,15132,-2454456,-2174680,-252898,0,0,0,233,311,229,268,206,312,312,261,284,166,231,122,0,
2,1775671360800,698,737,13505,1849699,188146,-469144,0,0,0,511,563,303,514,503,539,415,227,396,285,182,601,0,
1,1775671360816,13304,-44833,14376,-632856,-1127657,726929,0,0,0,229,305,227,264,201,303,315,288,285,170,251,118,0,
2,1775671360816,268,555,13931,2410474,150272,-383623,0,0,0,512,565,285,504,514,542,380,226,401,284,179,608,0,
1,1775671360832,13117,-41201,16065,894306,620639,999375,0,0,0,241,288,206,271,196,285,370,357,271,225,315,104,0,
2,1775671360832,1048,435,14558,2962696,39095,-315206,0,0,0,515,565,261,503,517,545,323,215,392,284,186,616,0,
1,1775671360848,3685,-16740,18985,2317622,2250427,675616,0,0,0,250,259,172,292,171,253,429,409,265,273,366,88,0,
2,1775671360848,2268,540,15826,3663969,-131946,-415388,0,0,0,520,566,249,499,524,540,288,209,392,275,185,617,0,
1,1775671360864,-6709,19186,15151,3396410,3960850,-42760,0,0,0,253,245,151,287,157,237,457,446,264,307,400,80,0,
2,1775671360864,2641,689,16860,4383568,-302989,-580321,0,0,0,527,555,250,491,525,536,265,194,385,274,183,607,0,
1,1775671360880,-3737,15041,10174,4421442,4162435,-471587,0,0,0,250,242,139,279,158,245,470,470,267,347,421,81,0,
2,1775671360880,3082,851,18104,5170363,-452040,-752585,0,0,0,524,553,254,485,515,534,248,168,383,258,167,579,0,
1,1775671360896,4154,-2445,16109,5693264,2362826,-351858,0,0,0,251,243,140,293,161,261,485,485,272,385,434,83,0,
2,1775671360896,4044,780,20904,6125756,-575435,-1015258,0,0,0,512,536,252,482,502,531,251,154,386,234,147,517,0,
1,1775671360912,4010,-3977,22947,5097059,481361,361632,0,0,0,264,254,164,306,166,278,496,495,277,403,440,82,0,
2,1775671360912,4321,583,25436,7153231,-695164,-1292590,0,0,0,465,506,237,466,484,512,262,157,376,216,138,438,0,
1,1775671360928,-1612,-574,21971,3600439,-216246,807563,0,0,0,269,272,192,316,178,300,503,502,292,414,443,92,0,
2,1775671360928,4297,1186,29265,7976678,-568104,-1422094,0,0,0,393,479,221,436,454,475,275,168,350,194,130,374,0,
1,1775671360944,-4632,378,14457,1888795,1221,226020,0,0,0,267,285,240,328,192,346,510,510,314,409,450,136,0,
2,1775671360944,3981,2837,31758,8747590,-205250,-1494176,0,0,0,325,451,218,389,415,430,288,205,314,163,126,304,0,
1,1775671360960,-3091,-148,10270,976162,97738,-224798,0,0,0,288,300,275,346,208,370,516,516,335,419,465,204,0,
2,1775671360960,6623,4862,30940,9247277,492357,-1618792,0,0,0,281,430,226,345,382,393,301,260,283,132,125,227,0,
1,1775671360976,-1483,-167,9633,488692,65973,-234572,0,0,0,304,302,278,357,211,370,532,532,333,423,471,220,0,
2,1775671360976,11390,7279,23517,9283929,1839926,-2384817,0,0,0,279,430,236,335,367,384,312,282,279,112,107,201,0,
1,1775671360992,-1947,559,10313,260228,86742,-50090,0,0,0,315,310,277,365,214,377,535,534,344,439,469,245,0,
2,1775671360992,10179,10691,15726,8549669,1964542,-3500257,0,0,0,281,435,236,336,372,388,316,299,285,112,118,200,0,
1,1775671361008,-2349,1005,10303,164933,140499,17104,0,0,0,317,311,271,365,215,384,548,523,354,434,458,266,0,
2,1775671361008,3249,16482,12634,5313305,-94073,-3593109,0,0,0,280,436,238,337,373,386,316,298,275,117,123,199,0,
1,1775671361024,-2196,1129,10054,197920,149051,24434,0,0,0,326,318,282,367,213,391,546,501,357,431,456,289,0,
2,1775671361024,780,20708,10552,-34208,-2313957,-1993864,0,0,0,276,434,232,339,374,384,318,302,274,119,126,198,0,
1,1775671361040,-1904,1105,10059,287106,102625,37873,0,0,0,339,321,294,369,213,394,545,487,358,425,450,306,0,
2,1775671361040,4934,16654,9045,-4993212,-2919935,248011,0,0,0,274,436,232,340,374,383,320,303,270,115,118,196,0,
1,1775671361056,-1842,1076,10260,362853,9773,50090,0,0,0,337,321,292,368,215,394,549,471,356,416,444,319,0,
2,1775671361056,7829,8485,7020,-6125756,-1793500,781907,0,0,0,269,437,233,339,374,382,325,308,274,117,118,197,0,
1,1775671361072,-1904,1134,10323,426383,-92851,59864,0,0,0,330,326,279,370,225,398,553,450,357,404,428,333,0,
2,1775671361072,7561,3943,5125,-5732359,-741590,357967,0,0,0,269,439,239,341,374,384,325,308,275,117,117,198,0,
1,1775671361088,-1923,1210,10174,450818,-164933,70860,0,0,0,328,333,269,375,236,402,550,433,361,389,403,344,0,
2,1775671361088,6245,3522,4776,-5297423,-301767,-195476,0,0,0,264,440,237,343,381,387,325,307,274,115,118,199,0,
1,1775671361104,-1971,1124,9667,441044,-194255,75747,0,0,0,330,337,271,374,240,404,547,415,366,377,382,352,0,
2,1775671361104,5867,4240,6326,-5639507,-64751,-322536,0,0,0,262,439,236,344,382,389,325,309,274,115,118,199,0,
1,1775671361120,-2086,827,9466,471587,-217468,73303,0,0,0,327,341,273,377,248,411,546,392,372,368,373,360,0,
2,1775671361120,5714,4422,8322,-6190508,305432,-97738,0,0,0,263,440,237,344,381,389,326,311,276,116,118,197,0,
1,1775671361136,-2172,622,9504,464257,-189368,73303,0,0,0,329,343,271,384,253,412,543,381,367,360,370,361,0,
2,1775671361136,5790,3656,9672,-6460510,814894,410501,0,0,0,263,442,239,343,381,389,328,312,276,115,118,196,0,
1,1775671361152,-2220,588,9552,399505,-105068,83077,0,0,0,333,343,264,388,253,413,536,369,366,350,351,367,0,
2,1775671361152,5833,2823,10820,-6497162,1400103,949284,0,0,0,259,441,237,342,380,388,328,312,276,115,117,196,0,
1,1775671361168,-2196,569,9552,346971,-31764,92851,0,0,0,336,345,259,397,263,416,540,365,367,353,344,375,0,
2,1775671361168,5369,2474,12433,-6497162,1882686,1378111,0,0,0,258,440,237,341,380,387,328,314,278,115,118,196,0,
1,1775671361184,-2096,545,9576,315206,15882,101403,0,0,0,334,347,259,394,271,430,542,350,375,346,337,394,0,
2,1775671361184,4642,2431,14965,-6671870,2107485,1698205,0,0,0,258,442,239,341,380,387,330,315,278,115,120,197,0,
1,1775671361200,-1976,516,9662,295658,30543,98960,0,0,0,337,355,262,404,268,434,546,344,389,349,328,396,0,
2,1775671361200,4402,2086,17310,-6879564,2225992,1822821,0,0,0,260,442,239,344,382,389,329,313,278,115,120,198,0,
1,1775671361216,-1919,497,9748,294437,19547,92851,0,0,0,337,354,262,408,275,435,546,328,373,342,321,407,0,
2,1775671361216,4029,1306,19755,-6968750,2398256,1685988,0,0,0,260,444,242,345,382,389,326,311,276,115,120,198,0,
1,1775671361232,-1928,478,9853,318871,-13439,89186,0,0,0,349,369,264,427,272,436,541,315,384,345,307,429,0,
2,1775671361232,3302,866,22531,-6944316,2491108,1434311,0,0,0,259,442,241,345,384,393,334,316,281,117,121,199,0,
1,1775671361248,-1981,425,9940,364075,-64751,96516,0,0,0,354,378,267,434,278,434,542,295,380,335,291,431,0,
2,1775671361248,2660,1229,25781,-6946759,2452013,1248608,0,0,0,258,441,241,344,382,390,334,315,281,114,117,198,0,
1,1775671361264,-2115,354,9949,425162,-125838,128281,0,0,0,360,386,268,434,287,453,532,281,385,320,269,442,0,
2,1775671361264,1962,1191,29628,-7111693,2438574,1350012,0,0,0,259,441,241,344,380,390,335,311,281,116,115,197,0,
1,1775671361280,-2287,291,9930,478918,-169820,182037,0,0,0,364,387,274,441,292,469,522,270,391,311,234,462,0,
2,1775671361280,780,-3211,33385,-7257079,2535090,1874134,0,0,0,262,438,239,348,378,390,343,308,284,117,113,197,0,
1,1775671361296,-2479,234,9978,542448,-200363,256563,0,0,0,369,397,271,454,313,479,514,250,395,308,213,483,0,
2,1775671361296,660,-12830,34462,-6935763,2340835,2219884,0,0,0,264,438,241,349,374,392,347,307,289,118,113,197,0,
1,1775671361312,-2584,157,10184,653625,-199142,345749,0,0,0,376,405,259,465,325,492,501,230,399,300,202,501,0,
2,1775671361312,3034,-27059,30916,-5963266,1561371,1898569,0,0,0,263,439,239,353,378,397,346,306,288,119,116,199,0,
1,1775671361328,-2531,86,10624,828333,-185703,422718,0,0,0,394,403,254,475,322,501,490,220,402,289,184,524,0,
2,1775671361328,4680,-39837,22129,-4321260,1091005,477696,0,0,0,264,440,239,355,382,398,348,309,289,121,115,200,0,
1,1775671361344,-2292,38,11375,1075122,-211359,472809,0,0,0,415,409,249,482,335,509,476,215,406,282,173,549,0,
2,1775671361344,-4891,-44646,16520,-2219884,1665218,-1408655,0,0,0,263,440,239,355,383,398,348,313,290,120,116,199,0,
1,1775671361360,-1914,-23,12074,1375668,-288328,478918,0,0,0,405,418,235,481,356,514,443,211,410,279,181,562,0,
2,1775671361360,-15209,-43718,17147,-560774,1172861,-2029294,0,0,0,255,432,232,353,381,394,367,376,283,146,177,191,0,
1,1775671361376,-1459,-186,12457,1703092,-420275,422718,0,0,0,418,428,225,486,373,518,414,209,429,275,182,563,0,
2,1775671361376,-13333,-34309,21416,1027475,-948062,-1259604,0,0,0,244,406,206,348,371,379,410,448,271,166,233,181,0,
1,1775671361392,-1789,-253,12912,2087937,-596204,334754,0,0,0,419,430,208,494,375,530,383,199,434,287,172,574,0,
2,1775671361392,-2225,-7221,20890,2863736,-3404962,-150272,0,0,0,244,378,182,343,354,369,452,474,266,168,253,177,0,
1,1775671361408,-2919,-224,13701,2548529,-692721,351858,0,0,0,439,414,195,496,384,527,334,185,450,278,177,587,0,
2,1775671361408,5685,14496,12701,4039040,-4399451,583987,0,0,0,251,372,181,343,341,380,475,490,271,212,323,175,0,
1,1775671361424,-4139,-210,14840,3155729,-659734,530231,0,0,0,410,418,218,490,380,535,284,167,459,248,151,576,0,
2,1775671361424,440,6594,12122,5087285,-3083647,814894,0,0,0,255,378,184,351,342,391,489,512,276,268,399,171,0,
1,1775671361440,-5288,-28,16176,3952298,-477696,857654,0,0,0,407,415,210,467,357,523,278,149,447,228,125,560,0,
2,1775671361440,-5733,-2388,19875,5384166,-1238834,456927,0,0,0,259,386,202,363,353,399,511,511,297,213,335,190,0,
1,1775671361456,-6250,143,18152,4796513,-296880,1259604,0,0,0,403,389,226,426,343,518,219,139,439,184,111,530,0,
2,1775671361456,-4273,-1856,24603,4491081,-174707,-405614,0,0,0,261,395,231,369,360,410,519,521,308,231,354,195,0,
1,1775671361472,-7427,-43,21526,5637064,-226020,1646892,0,0,0,396,372,222,415,329,492,204,128,416,164,97,455,0,
2,1775671361472,1588,1201,19052,3078760,-111177,-488692,0,0,0,276,414,272,372,356,419,534,555,303,346,451,202,0,
1,1775671361488,-9724,-38,25249,6565579,-128281,2086715,0,0,0,358,358,201,382,304,447,185,129,371,151,96,374,0,
2,1775671361488,3407,1598,12653,1800830,-112399,-72082,0,0,0,292,444,293,393,382,432,543,546,318,252,344,240,0,
1,1775671361504,-10710,100,27642,7305948,84299,2588846,0,0,0,300,339,195,333,273,399,194,154,341,135,105,289,0,
2,1775671361504,1675,421,9901,927293,-152716,249233,0,0,0,314,458,309,405,391,439,560,559,323,267,348,258,0,
1,1775671361520,-9676,1397,28868,7806857,315206,2992017,0,0,0,252,314,193,294,241,343,241,199,304,132,144,191,0,
2,1775671361520,947,373,10619,478918,-228463,163711,0,0,0,337,465,316,421,402,450,558,559,323,271,351,274,0,
1,1775671361536,-11222,4369,26527,8257676,348193,3298672,0,0,0,232,295,198,268,209,299,286,236,276,144,190,128,0,
2,1775671361536,1057,985,10758,235793,-285884,52534,0,0,0,351,468,325,419,398,448,562,563,323,271,346,282,0,
1,1775671361552,-12758,8676,18937,8295549,168598,3643200,0,0,0,234,294,213,254,192,289,302,246,284,153,208,124,0,
2,1775671361552,1105,1459,10284,140499,-261450,13439,0,0,0,360,470,330,415,395,446,563,564,324,277,349,287,0,
1,1775671361568,-11356,11241,12443,7600385,20769,3898541,0,0,0,229,298,213,254,196,291,297,252,282,156,217,127,0,
2,1775671361568,1057,1574,10117,111177,-164933,8552,0,0,0,365,475,330,419,400,448,563,564,325,289,359,289,0,
1,1775671361584,-6532,14424,10581,5159367,116064,3037221,0,0,0,228,306,215,254,201,290,292,252,276,157,224,127,0,
2,1775671361584,1048,1641,10155,141720,-108734,-3665,0,0,0,370,479,328,423,402,451,561,561,323,275,339,298,0,
1,1775671361600,-3077,16913,10394,774577,707381,400727,0,0,0,229,306,215,256,201,290,280,242,272,151,214,124,0,
2,1775671361600,971,1698,10145,212581,-69638,-19547,0,0,0,375,479,328,422,401,452,559,559,322,250,300,310,0,
1,1775671361616,-3062,14276,9408,-3125186,1568701,-2229658,0,0,0,230,307,215,256,201,290,302,261,275,157,221,126,0,
2,1775671361616,938,1722,10122,294437,-1221,-25656,0,0,0,382,481,332,423,402,455,558,557,326,243,280,320,0,
1,1775671361632,-6025,8533,6920,-4064697,1835039,-2750115,0,0,0,228,307,218,255,201,293,302,259,276,156,220,126,0,
2,1775671361632,1033,1660,10059,368962,57421,-21991,0,0,0,390,486,333,427,405,459,557,550,329,242,269,328,0,
1,1775671361648,-7805,5120,4699,-4069584,1400103,-2111150,0,0,0,228,307,218,255,203,289,302,259,271,153,220,122,0,
2,1775671361648,1148,1521,9940,416610,73303,-18325,0,0,0,395,486,333,428,403,458,558,540,329,248,264,333,0,
1,1775671361664,-6877,4580,4221,-4057366,604756,-1010371,0,0,0,229,309,219,255,202,290,304,261,275,158,223,122,0,
2,1775671361664,1206,1368,9815,416610,48869,-20769,0,0,0,399,487,332,429,404,457,555,530,331,284,285,345,0,
1,1775671361680,-4623,4958,5637,-4497189,356745,-304210,0,0,0,230,308,219,254,201,289,307,261,275,159,225,124,0,
2,1775671361680,1215,1306,9772,381179,14660,-34208,0,0,0,405,491,332,433,410,463,558,518,337,286,287,351,0,
1,1775671361696,-3756,5058,7298,-5111720,530231,-43982,0,0,0,231,306,220,254,201,291,306,259,276,161,226,126,0,
2,1775671361696,1234,1301,9825,351858,-23212,-48869,0,0,0,421,497,336,448,413,471,558,507,337,246,224,369,0,
1,1775671361712,-4465,4733,8600,-5703037,548556,-72082,0,0,0,232,306,222,256,201,294,305,259,275,162,226,128,0,
2,1775671361712,1273,1287,9887,354301,-68416,-58643,0,0,0,432,501,340,447,417,481,559,495,345,246,220,382,0,
1,1775671361728,-5321,4091,10189,-6338337,215024,-157603,0,0,0,231,307,223,254,213,293,307,263,276,162,229,127,0,
2,1775671361728,1277,1229,9935,370184,-114842,-65973,0,0,0,425,500,331,448,418,486,557,479,348,242,204,396,0,
1,1775671361744,-5192,3211,11787,-6682865,-344527,-345749,0,0,0,230,307,224,252,220,293,309,264,279,163,230,126,0,
2,1775671361744,1196,1177,9949,388510,-141720,-72082,0,0,0,439,509,334,449,428,487,550,459,352,240,191,412,0,
1,1775671361760,-4852,2373,13462,-6836803,-768468,-656069,0,0,0,233,309,228,256,202,296,307,262,278,163,230,128,0,
2,1775671361760,1062,1119,9964,411723,-130725,-73303,0,0,0,449,517,338,454,435,495,548,445,368,241,187,429,0,
1,1775671361776,-5125,1665,15434,-6884451,-1051909,-1072679,0,0,0,230,305,227,253,199,293,307,263,278,163,230,125,0,
2,1775671361776,1024,1067,10007,437379,-97738,-68416,0,0,0,455,521,340,456,439,499,544,422,378,245,183,447,0,
1,1775671361792,-6030,1067,17975,-6941872,-1346346,-1418429,0,0,0,227,304,227,256,201,297,307,262,279,160,226,124,0,
2,1775671361792,1129,1014,10107,478918,-63529,-69638,0,0,0,465,526,342,458,446,502,539,395,384,254,178,461,0,
1,1775671361808,-6748,435,20756,-6987076,-1623679,-1645670,0,0,0,233,306,231,259,201,298,308,262,280,160,223,123,0,
2,1775671361808,1268,933,10203,540004,-35430,-85521,0,0,0,478,531,351,472,471,496,535,368,390,257,174,480,0,
1,1775671361824,-7499,-291,24134,-6980967,-1853365,-1848478,0,0,0,227,305,231,253,200,296,302,255,275,157,223,123,0,
2,1775671361824,1368,813,10203,590095,-10995,-118507,0,0,0,487,533,356,480,481,502,528,339,396,259,170,501,0,
1,1775671361840,-8652,-1646,28193,-6874677,-1946216,-2097711,0,0,0,230,305,228,259,200,299,306,256,277,162,224,124,0,
2,1775671361840,1474,722,10260,630412,10995,-169820,0,0,0,493,537,352,477,471,518,516,309,398,261,167,518,0,
1,1775671361856,-10016,-5077,31954,-6719517,-2162462,-2450791,0,0,0,230,305,226,261,201,298,308,257,281,164,220,121,0,
2,1775671361856,1517,660,10509,703716,7330,-223576,0,0,0,500,543,348,483,482,523,503,283,397,264,169,539,0,
1,1775671361872,-9116,-12333,33696,-6592457,-2838079,-2665815,0,0,0,230,307,228,261,200,295,308,253,280,163,220,118,0,
2,1775671361872,1435,588,10782,841772,-36651,-266337,0,0,0,506,547,343,484,495,530,486,259,401,277,180,562,0,
1,1775671361888,-5891,-23053,32490,-6348111,-3186273,-2587625,0,0,0,231,311,228,262,203,300,311,253,284,164,219,120,0,
2,1775671361888,1373,473,10988,1028697,-61086,-287106,0,0,0,520,553,344,484,498,531,464,238,405,277,183,569,0,
1,1775671361904,-1478,-36597,25474,-5561317,-2863736,-1974316,0,0,0,230,313,226,262,206,303,313,255,288,166,219,123,0,
2,1775671361904,1330,411,11543,1253495,-36651,-299323,0,0,0,515,561,317,499,510,538,443,233,409,273,172,582,0,
1,1775671361920,4474,-47245,17023,-3795916,-2520429,-546113,0,0,0,230,315,226,262,207,302,314,256,287,167,221,122,0,
2,1775671361920,1244,425,12390,1556484,-2443,-300545,0,0,0,530,567,305,512,520,536,416,226,395,282,182,598,0,
1,1775671361936,13606,-51490,13065,-1500285,-1655444,1092227,0,0,0,228,311,225,264,207,303,317,264,286,174,234,119,0,
2,1775671361936,1005,382,13103,2015855,26878,-288328,0,0,0,533,568,290,503,527,542,377,220,395,280,184,600,0,
1,1775671361952,14304,-44934,15037,590095,483805,1505171,0,0,0,222,296,214,263,199,291,340,302,276,200,281,108,0,
2,1775671361952,1148,358,13811,2492330,30543,-261450,0,0,0,523,563,260,502,528,541,342,220,400,343,218,571,0,
1,1775671361968,4642,-25053,19057,2492330,2491108,1143539,0,0,0,228,276,185,263,190,263,404,385,262,252,357,91,0,
2,1775671361968,2201,296,14769,3073873,-41538,-316428,0,0,0,527,561,250,496,531,543,308,212,393,289,196,604,0,
1,1775671361984,-7532,10136,19315,3633426,3794694,310319,0,0,0,241,260,160,259,188,249,446,434,270,289,395,85,0,
2,1775671361984,2991,224,15817,3743382,-174707,-476474,0,0,0,535,562,255,496,528,539,276,196,392,266,181,604,0,
1,1775671362000,-6805,18190,11251,4301713,4180761,-532674,0,0,0,242,258,150,276,167,247,468,468,271,327,416,84,0,
2,1775671362000,3469,306,16956,4504520,-328645,-698829,0,0,0,534,555,263,484,520,534,256,173,397,259,175,584,0,
1,1775671362016,2373,1679,13208,5466022,2824640,-648738,0,0,0,243,266,143,289,173,258,478,477,270,374,426,80,0,
2,1775671362016,4369,354,18808,5316971,-441044,-972497,0,0,0,528,541,267,479,514,534,263,171,400,247,164,540,0,
1,1775671362032,5632,-4446,22445,5352401,747699,129503,0,0,0,256,263,182,301,165,279,491,492,274,409,440,92,0,
2,1775671362032,4910,119,22689,6333450,-519235,-1309695,0,0,0,494,520,253,472,501,521,267,169,393,232,153,474,0,
1,1775671362048,354,-2014,23795,3909537,-86742,841772,0,0,0,270,293,219,312,176,315,501,501,300,407,439,108,0,
2,1775671362048,5326,473,27183,7226535,-378736,-1511280,0,0,0,433,495,228,453,475,495,267,163,372,214,142,409,0,
1,1775671362064,-5254,186,17415,2065946,7330,555887,0,0,0,277,292,258,336,196,354,511,511,327,423,452,172,0,
2,1775671362064,6092,1646,30571,8141611,24434,-1715309,0,0,0,366,467,210,421,440,461,282,182,337,185,127,351,0,
1,1775671362080,-3541,-47,11127,896750,123394,-158824,0,0,0,296,296,258,355,203,362,529,520,335,431,460,208,0,
2,1775671362080,7025,2976,31495,8735372,511905,-1985312,0,0,0,303,440,216,365,397,411,296,226,293,147,123,279,0,
1,1775671362096,-1301,-95,9341,409279,54977,-294437,0,0,0,310,302,257,365,208,367,536,520,330,431,466,226,0,
2,1775671362096,8877,4388,28767,9160535,1313360,-2532647,0,0,0,260,423,233,327,360,377,305,263,275,121,125,196,0,
1,1775671362112,-1646,531,10179,248011,1221,-79412,0,0,0,318,308,257,371,213,373,544,516,328,432,467,246,0,
2,1775671362112,10519,8044,20780,9079900,1722639,-3297450,0,0,0,277,432,240,335,370,387,313,287,281,108,110,199,0,
1,1775671362128,-2340,981,10390,164933,24434,7330,0,0,0,321,314,265,372,217,384,548,511,337,429,466,273,0,
2,1775671362128,8987,11763,13682,7952243,1010371,-4267504,0,0,0,277,432,239,338,371,390,318,294,279,113,116,200,0,
1,1775671362144,-2359,1124,10069,163711,59864,3665,0,0,0,324,322,279,369,221,394,546,500,346,428,462,294,0,
2,1775671362144,3172,18152,10887,3960850,-737925,-3814242,0,0,0,275,435,239,339,373,391,314,292,271,112,111,199,0,
1,1775671362160,-2010,1076,9978,226020,36651,15882,0,0,0,325,330,287,367,222,393,550,487,346,433,448,301,0,
2,1775671362160,1794,20674,9059,-1352455,-1949881,-1765400,0,0,0,274,436,235,338,373,384,319,295,268,114,116,199,0,
1,1775671362176,-1885,1062,10145,301767,-26878,43982,0,0,0,325,332,286,370,222,398,551,473,351,424,429,309,0,
2,1775671362176,4838,13921,8260,-5112942,-2059837,271224,0,0,0,274,440,237,338,373,384,320,296,270,116,115,200,0,
1,1775671362192,-1947,1129,10265,375071,-108734,61086,0,0,0,331,330,276,382,229,405,547,460,358,403,417,319,0,
2,1775671362192,7379,6379,6872,-6370102,-1544267,940732,0,0,0,265,438,236,338,374,384,321,298,271,116,116,201,0,
1,1775671362208,-1947,1129,9624,442266,-186924,70860,0,0,0,335,337,281,391,232,404,542,443,354,396,399,327,0,
2,1775671362208,7700,3086,5139,-5925392,-714712,359188,0,0,0,262,441,239,339,376,388,323,301,273,116,117,202,0,
1,1775671362224,-1976,942,7130,430049,-194255,78190,0,0,0,331,336,262,380,231,404,545,414,353,383,386,331,0,
2,1775671362224,6786,3163,5049,-5633399,-59864,-193033,0,0,0,260,441,241,341,378,389,322,302,272,115,118,201,0,
1,1775671362240,-2053,770,7652,410501,-194255,80634,0,0,0,329,342,261,374,230,413,544,403,366,362,378,345,0,
2,1775671362240,5551,3460,6350,-5663942,492357,-441044,0,0,0,256,440,238,341,378,388,323,303,272,116,118,201,0,
1,1775671362256,-2124,698,9437,414166,-208915,81855,0,0,0,333,343,255,400,242,407,541,397,363,369,362,347,0,
2,1775671362256,4417,3737,8174,-5933944,773355,-201585,0,0,0,257,441,238,339,378,386,324,305,271,118,119,197,0,
1,1775671362272,-2153,684,10035,392175,-185703,86742,0,0,0,334,347,265,409,245,406,531,377,365,373,350,350,0,
2,1775671362272,4034,3761,9614,-6179512,1028697,304210,0,0,0,260,444,241,339,378,386,324,307,272,116,119,195,0,
1,1775671362288,-2167,665,9542,344527,-119729,91629,0,0,0,334,346,269,389,248,411,532,374,363,361,350,358,0,
2,1775671362288,4603,3589,10624,-6310237,1419650,906524,0,0,0,259,444,245,341,380,389,325,310,275,114,117,199,0,
1,1775671362304,-2144,660,9408,317649,-68416,95294,0,0,0,332,345,270,385,253,424,536,372,379,348,349,374,0,
2,1775671362304,4599,3627,12438,-6513045,1913229,1367116,0,0,0,258,443,253,341,379,394,323,308,275,114,117,199,0,
1,1775671362320,-2057,641,9662,318871,-45204,96516,0,0,0,330,341,268,395,258,431,535,360,383,340,338,383,0,
2,1775671362320,4230,3359,14754,-6805038,2222327,1715309,0,0,0,256,443,253,343,379,396,328,308,279,115,119,200,0,
1,1775671362336,-1990,588,9873,339641,-56199,92851,0,0,0,331,338,265,403,259,430,535,339,373,337,320,391,0,
2,1775671362336,4364,2345,17042,-6966307,2339613,1827708,0,0,0,257,444,252,343,380,395,328,307,279,116,120,201,0,
1,1775671362352,-1990,497,9863,362853,-95294,92851,0,0,0,334,338,263,407,257,433,538,314,376,335,302,411,0,
2,1775671362352,4474,1383,19636,-6960198,2433687,1747074,0,0,0,257,441,251,343,379,395,329,306,279,113,118,199,0,
1,1775671362368,-2077,402,9825,395840,-152716,107512,0,0,0,333,338,266,408,262,443,536,294,378,329,285,427,0,
2,1775671362368,4326,1225,22842,-6912551,2439795,1576032,0,0,0,257,441,256,341,376,393,333,307,285,115,118,199,0,
1,1775671362384,-2278,358,9806,439822,-196698,149051,0,0,0,337,336,277,417,264,461,540,281,389,324,262,445,0,
2,1775671362384,4647,1478,26968,-6999293,2382374,1522276,0,0,0,257,441,258,341,376,393,334,306,284,112,114,196,0,
1,1775671362400,-2402,320,9806,488692,-221133,204028,0,0,0,341,341,276,415,274,466,524,267,400,305,240,456,0,
2,1775671362400,5206,-71,31356,-7204544,2522873,1787391,0,0,0,258,440,258,347,378,397,325,299,287,114,113,197,0,
1,1775671362416,-2440,301,9949,542448,-243124,266337,0,0,0,350,345,277,423,266,471,524,247,412,305,211,484,0,
2,1775671362416,4144,-5613,34338,-7209431,3034778,2302961,0,0,0,264,441,247,350,377,396,338,298,288,115,111,196,0,
1,1775671362432,-2522,248,10246,632856,-260228,316428,0,0,0,361,374,281,447,290,487,515,236,407,295,194,505,0,
2,1775671362432,1636,-17482,35515,-6630331,3119077,2678033,0,0,0,264,439,238,353,379,396,348,300,289,116,110,196,0,
1,1775671362448,-2584,148,10571,781907,-276111,367740,0,0,0,374,386,282,454,320,513,496,223,431,288,186,535,0,
2,1775671362448,1560,-34113,30662,-5408600,1999972,2348165,0,0,0,262,439,234,355,381,397,350,301,291,119,114,199,0,
1,1775671362464,-2502,57,11141,990823,-288328,411723,0,0,0,386,388,256,464,329,523,476,211,444,278,179,548,0,
2,1775671362464,1464,-45781,20287,-3587000,1403768,625526,0,0,0,263,440,235,338,397,388,348,303,291,122,117,201,0,
1,1775671362480,-2215,0,11954,1284038,-324980,421497,0,0,0,387,396,239,472,335,534,455,199,453,271,170,557,0,
2,1775671362480,-5910,-50270,14855,-1580919,1609019,-1435533,0,0,0,258,434,233,329,402,382,357,344,284,146,169,193,0,
1,1775671362496,-1813,-105,12486,1620014,-438601,387288,0,0,0,393,398,220,482,344,535,427,192,457,263,161,565,0,
2,1775671362496,-16951,-45398,19133,299323,822224,-2371378,0,0,0,246,410,214,347,369,384,395,430,271,183,258,178,0,
1,1775671362512,-1646,-196,12691,1960877,-627969,320093,0,0,0,398,401,207,494,356,541,390,190,470,258,153,569,0,
2,1775671362512,-12581,-19439,23249,2474004,-2602285,-1092227,0,0,0,242,373,182,339,349,365,448,471,264,172,251,176,0,
1,1775671362528,-2617,-272,13338,2423913,-833220,315206,0,0,0,391,411,200,490,371,543,349,183,493,248,148,577,0,
2,1775671362528,1454,10050,15998,4166100,-5061629,505796,0,0,0,255,366,181,339,333,373,479,487,273,208,316,176,0,
1,1775671362544,-4063,-239,14515,3059213,-877202,486248,0,0,0,384,417,197,466,369,537,306,166,498,231,141,581,0,
2,1775671362544,4670,12203,10246,5138598,-4298047,1258382,0,0,0,260,375,183,357,343,389,502,504,280,232,354,176,0,
1,1775671362560,-5436,-23,15898,3878994,-707381,810007,0,0,0,395,403,199,451,350,538,268,154,475,217,123,570,0,
2,1775671362560,-5522,-1593,19818,5643173,-1424537,682947,0,0,0,259,383,208,367,348,405,510,511,300,205,326,192,0,
1,1775671362576,-6523,358,17721,4769635,-420275,1232726,0,0,0,393,377,211,444,356,510,254,159,463,207,116,550,0,
2,1775671362576,-6274,-3340,26412,4825835,-216246,-422718,0,0,0,258,386,228,352,373,401,526,525,308,214,326,207,0,
1,1775671362592,-8580,306,21244,5704259,-310319,1699427,0,0,0,384,387,210,422,341,499,275,132,430,194,112,472,0,
2,1775671362592,1340,311,20387,3120299,-141720,-597426,0,0,0,271,406,260,369,357,413,536,538,322,224,325,227,0,
1,1775671362608,-10906,181,25264,6655987,-274889,2239431,0,0,0,390,357,187,409,324,458,227,136,393,164,94,373,0,
2,1775671362608,3967,1809,12505,1824043,-73303,-79412,0,0,0,289,435,290,385,376,427,543,542,319,220,312,240,0,
1,1775671362624,-11141,33,28394,7446447,-186924,2794097,0,0,0,306,339,185,346,289,414,184,143,344,133,95,292,0,
2,1775671362624,2287,976,8676,1067792,-68416,328645,0,0,0,309,447,309,394,376,429,551,560,310,301,384,245,0,
1,1775671362640,-9633,957,30279,8002334,-35430,3214372,0,0,0,262,323,207,300,247,361,215,183,314,129,125,217,0,
2,1775671362640,1268,138,10198,621860,-270002,233350,0,0,0,327,456,317,408,387,439,558,562,320,263,339,263,0,
1,1775671362656,-9700,3799,29360,8343197,158824,3409849,0,0,0,235,292,202,259,197,293,280,227,286,140,172,139,0,
2,1775671362656,1268,531,10969,274889,-452040,95294,0,0,0,344,462,332,412,390,444,559,559,322,242,311,281,0,
1,1775671362672,-12074,9705,20650,8465370,195476,3652974,0,0,0,231,285,210,253,186,292,303,248,287,147,209,122,0,
2,1775671362672,1191,1229,10332,101403,-471587,50090,0,0,0,357,467,338,413,389,445,564,564,321,246,312,289,0,
1,1775671362688,-11701,13735,11945,7869166,112399,3925420,0,0,0,231,294,220,256,193,305,302,253,292,154,223,127,0,
2,1775671362688,957,1440,10131,32986,-362853,34208,0,0,0,365,474,336,416,392,446,567,568,325,247,313,292,0,
1,1775671362704,-7240,16635,9006,5364618,296880,3326772,0,0,0,231,300,220,259,199,300,305,260,287,154,222,126,0,
2,1775671362704,966,1469,10346,43982,-215024,12217,0,0,0,368,476,337,418,394,446,565,565,327,245,309,294,0,
1,1775671362720,-3608,18894,10155,129503,1049466,692721,0,0,0,230,303,220,258,206,296,307,266,281,150,220,125,0,
2,1775671362720,990,1507,10346,97738,-112399,-13439,0,0,0,369,476,335,417,393,443,563,563,323,244,305,294,0,
1,1775671362736,-4240,15314,10064,-3915646,1804495,-1672549,0,0,0,230,307,224,256,210,297,308,266,278,152,223,127,0,
2,1775671362736,990,1545,10179,151494,-21991,-31764,0,0,0,374,480,338,417,394,446,559,559,320,244,301,297,0,
1,1775671362752,-6920,9011,7279,-4813618,1837482,-1993864,0,0,0,232,307,226,260,206,299,310,264,279,160,226,129,0,
2,1775671362752,1057,1574,10007,218689,42760,-34208,0,0,0,380,483,345,423,398,455,559,558,326,261,303,299,0,
1,1775671362768,-8126,5637,4991,-4830722,1280373,-1320690,0,0,0,227,308,230,255,207,305,304,267,286,161,227,134,0,
2,1775671362768,1139,1541,9920,278554,62308,-28099,0,0,0,380,479,344,419,394,450,557,556,325,357,339,285,0,
1,1775671362784,-6523,5005,5226,-4995655,412944,-302989,0,0,0,232,306,226,254,203,298,312,272,283,158,231,129,0,
2,1775671362784,1191,1440,9887,312763,48869,-18325,0,0,0,380,481,342,419,394,450,549,548,325,242,281,307,0,
1,1775671362800,-4072,5053,6992,-5459913,79412,188146,0,0,0,232,306,227,256,203,301,310,268,282,162,231,129,0,
2,1775671362800,1244,1349,9844,312763,18325,-14660,0,0,0,384,488,345,426,402,457,558,543,332,281,313,301,0,
1,1775671362816,-2680,4895,8868,-5990144,195476,200363,0,0,0,249,301,224,274,198,300,332,262,280,193,223,122,0,
2,1775671362816,1316,1296,9806,307876,-28099,-18325,0,0,0,391,491,349,426,405,459,551,532,332,264,283,304,0,
1,1775671362832,-3311,4225,10179,-6389650,125838,-46425,0,0,0,232,304,230,259,200,302,314,269,283,164,230,127,0,
2,1775671362832,1335,1263,9830,306654,-94073,-29321,0,0,0,393,492,349,425,403,459,547,522,336,281,298,314,0,
1,1775671362848,-3957,3579,11323,-6633996,-367740,-320093,0,0,0,229,312,231,255,207,303,312,273,284,161,232,128,0,
2,1775671362848,1229,1220,9853,310319,-141720,-43982,0,0,0,407,494,342,428,405,459,550,505,332,284,289,318,0,
1,1775671362864,-3589,3163,12830,-6795264,-940732,-620639,0,0,0,231,308,232,256,204,303,307,269,282,162,235,128,0,
2,1775671362864,1139,1177,9844,317649,-157603,-52534,0,0,0,418,498,344,431,405,460,552,495,335,293,283,339,0,
1,1775671362880,-3426,2646,14993,-6902777,-1219287,-1009149,0,0,0,230,306,233,256,203,304,307,269,283,161,234,126,0,
2,1775671362880,1110,1139,9853,332310,-153938,-50090,0,0,0,432,500,344,439,411,468,553,485,343,282,260,362,0,
1,1775671362896,-4149,2148,16941,-6939429,-1376890,-1254717,0,0,0,229,308,234,256,203,303,307,269,282,161,234,126,0,
2,1775671362896,1091,1115,9935,360410,-149051,-47647,0,0,0,440,505,344,445,419,478,551,472,350,256,223,383,0,
1,1775671362912,-5240,1373,19698,-6987076,-1631010,-1351233,0,0,0,226,309,234,255,203,303,306,268,282,159,234,128,0,
2,1775671362912,1062,1076,10016,386066,-136833,-45204,0,0,0,446,515,346,450,429,487,549,457,350,243,198,400,0,
1,1775671362928,-6092,512,22737,-7037167,-1806939,-1407433,0,0,0,225,308,236,255,204,305,305,268,282,157,232,128,0,
2,1775671362928,1095,1009,10050,410501,-125838,-46425,0,0,0,459,524,351,457,438,496,547,440,353,244,189,422,0,
1,1775671362944,-7264,-588,26240,-7006624,-1844813,-1620014,0,0,0,227,306,235,257,203,304,307,265,281,159,228,126,0,
2,1775671362944,1158,938,10078,455705,-123394,-57421,0,0,0,471,530,358,456,441,502,545,420,371,249,184,452,0,
1,1775671362960,-8868,-2775,29930,-6882007,-1937664,-2057394,0,0,0,229,306,233,256,203,303,308,261,282,160,224,124,0,
2,1775671362960,1177,894,10165,537561,-117286,-79412,0,0,0,478,533,359,457,451,510,538,391,388,251,180,469,0,
1,1775671362976,-10318,-7810,32682,-6664539,-2442239,-2724458,0,0,0,228,307,236,259,205,308,312,264,287,160,225,123,0,
2,1775671362976,1234,871,10303,636521,-94073,-107512,0,0,0,494,540,365,464,460,518,528,360,390,250,173,484,0,
1,1775671362992,-8815,-17851,32926,-6260146,-3341432,-3178942,0,0,0,227,307,231,263,205,309,317,264,296,167,225,124,0,
2,1775671362992,1335,813,10519,756251,-58643,-149051,0,0,0,504,545,375,470,466,514,522,330,403,259,170,514,0,
1,1775671363008,-4761,-29734,28844,-5560095,-3556457,-3056769,0,0,0,228,311,230,263,205,307,317,263,296,167,225,123,0,
2,1775671363008,1478,713,10921,912632,-21991,-200363,0,0,0,504,553,349,486,484,528,494,281,394,264,171,539,0,
1,1775671363024,1210,-42914,20057,-4128227,-3073873,-1890017,0,0,0,226,310,255,267,213,313,317,263,294,169,226,121,0,
2,1775671363024,1564,617,11543,1115439,-21991,-248011,0,0,0,518,558,343,493,496,535,466,248,401,282,181,568,0,
1,1775671363040,8686,-50198,14333,-2409252,-2348165,-178372,0,0,0,231,312,234,266,210,309,317,262,292,174,230,126,0,
2,1775671363040,1435,516,12155,1414763,-79412,-279776,0,0,0,526,565,336,498,505,522,438,231,398,274,173,576,0,
1,1775671363056,14529,-49322,13649,-548556,-778242,1271821,0,0,0,222,289,256,257,192,316,335,290,305,189,276,134,0,
2,1775671363056,1292,473,13079,1857030,-91629,-295658,0,0,0,533,574,313,495,516,535,395,230,393,274,177,582,0,
1,1775671363072,8686,-34706,17597,1565036,1717753,1566258,0,0,0,232,268,197,267,172,267,402,361,268,257,340,101,0,
2,1775671363072,1588,469,14477,2433687,-91629,-328645,0,0,0,530,568,283,495,522,538,344,226,390,277,183,597,0,
1,1775671363088,-3062,-5125,19033,3444058,3784921,1047023,0,0,0,246,251,169,273,164,247,441,416,256,294,391,88,0,
2,1775671363088,1990,564,15649,3150842,-217468,-408057,0,0,0,532,563,265,495,525,537,311,226,382,279,191,602,0,
1,1775671363104,-7906,12792,13251,4805065,4508185,37873,0,0,0,245,244,153,280,159,251,463,457,273,335,417,83,0,
2,1775671363104,2416,679,16410,3891211,-408057,-515570,0,0,0,531,564,255,499,534,531,278,218,385,271,189,596,0,
1,1775671363120,-2096,6288,13548,5984035,3281568,-636521,0,0,0,239,246,148,283,159,262,484,485,278,374,429,84,0,
2,1775671363120,3163,813,17535,4686558,-601091,-687834,0,0,0,529,559,253,486,529,532,252,194,379,260,181,579,0,
1,1775671363136,5379,-3776,23589,5797111,831998,-189368,0,0,0,249,264,171,292,169,277,495,495,278,394,434,89,0,
2,1775671363136,4087,1024,19626,5527108,-750142,-917519,0,0,0,524,546,256,470,519,533,244,170,372,246,167,535,0,
1,1775671363152,2340,-3407,26106,4065919,-196698,707381,0,0,0,260,292,213,310,190,310,497,498,296,400,436,107,0,
2,1775671363152,4919,1067,23522,6558249,-934623,-1216843,0,0,0,494,529,250,460,509,513,250,161,370,229,152,465,0,
1,1775671363168,-4742,38,17803,1941329,-133168,675616,0,0,0,262,310,253,330,209,357,504,505,321,404,444,155,0,
2,1775671363168,6025,1292,28518,7589389,-1005484,-1469741,0,0,0,424,509,234,433,476,479,264,165,345,211,144,401,0,
1,1775671363184,-4163,655,10571,1032362,-48869,-24434,0,0,0,293,318,266,354,210,367,512,512,327,415,454,207,0,
2,1775671363184,7092,2445,31519,8480031,-673173,-1734857,0,0,0,350,480,222,395,432,438,279,190,320,179,133,348,0,
1,1775671363200,-1856,-62,8279,491135,2443,-306654,0,0,0,319,315,259,359,213,371,524,522,326,428,454,226,0,
2,1775671363200,7901,4120,31160,9156869,42760,-2098932,0,0,0,290,447,229,346,382,396,289,237,276,145,137,265,0,
1,1775671363216,-1579,-86,10184,135612,108734,-90408,0,0,0,323,320,264,371,220,370,526,525,324,425,460,237,0,
2,1775671363216,9097,5738,26154,9413433,789237,-2678033,0,0,0,264,424,237,323,358,377,307,269,272,125,138,196,0,
1,1775671363232,-2263,856,10643,-74525,185703,13439,0,0,0,322,322,262,366,223,372,534,528,329,430,460,244,0,
2,1775671363232,10050,9437,17147,8998044,808785,-3433062,0,0,0,269,431,238,327,365,382,311,283,274,119,126,199,0,
1,1775671363248,-2239,1373,10160,-67195,153938,-6108,0,0,0,327,326,273,367,220,379,541,529,337,429,462,264,0,
2,1775671363248,7997,13505,11418,7228979,-7330,-3910759,0,0,0,274,438,240,332,373,387,315,298,277,113,115,203,0,
1,1775671363264,-2053,1430,9925,74525,73303,-4886,0,0,0,328,327,269,368,223,379,546,521,333,437,458,275,0,
2,1775671363264,3575,19420,9404,2621833,-990823,-2623055,0,0,0,270,439,236,336,375,388,316,295,271,113,115,201,0,
1,1775671363280,-1995,1349,10054,204028,34208,29321,0,0,0,336,331,276,368,223,380,547,505,335,422,453,280,0,
2,1775671363280,2809,19435,9021,-2664594,-1633453,-164933,0,0,0,270,439,234,339,372,387,321,297,271,150,131,201,0,
1,1775671363296,-1947,1268,10232,294437,-6108,59864,0,0,0,339,334,280,375,227,390,540,489,340,420,438,297,0,
2,1775671363296,6192,11304,7733,-5221676,-1463633,1398881,0,0,0,266,439,234,341,377,392,321,299,274,126,122,201,0,
1,1775671363312,-1899,1282,10184,365297,-105068,65973,0,0,0,335,337,274,375,230,392,535,463,343,416,422,312,0,
2,1775671363312,8068,4627,5503,-5549099,-713490,1420872,0,0,0,259,440,237,340,378,391,322,300,274,116,118,203,0,
1,1775671363328,-1909,1306,9710,408057,-183259,63529,0,0,0,336,349,272,374,234,393,532,443,348,405,407,321,0,
2,1775671363328,6288,3340,4804,-5024977,103847,487470,0,0,0,257,441,240,343,381,393,321,301,273,116,117,202,0,
1,1775671363344,-2000,1215,8671,362853,-134390,63529,0,0,0,339,358,271,377,239,396,532,426,349,413,392,324,0,
2,1775671363344,4144,4072,5905,-5094616,444709,-62308,0,0,0,255,440,240,344,381,394,322,302,275,116,117,201,0,
1,1775671363360,-2081,1028,8710,338419,-103847,61086,0,0,0,339,363,267,381,251,398,530,416,350,415,385,330,0,
2,1775671363360,3005,4833,7776,-5616295,516791,-95294,0,0,0,253,440,240,342,380,394,322,304,274,114,118,202,0,
1,1775671363376,-2110,875,9552,338419,-111177,61086,0,0,0,337,370,266,381,270,402,525,416,356,387,387,341,0,
2,1775671363376,2952,4819,9183,-5992587,772133,212581,0,0,0,254,442,242,343,382,395,321,306,272,113,119,201,0,
1,1775671363392,-2081,837,9681,300545,-78190,67195,0,0,0,335,367,267,378,271,401,519,408,356,383,382,342,0,
2,1775671363392,3101,4685,10375,-6234490,1171639,609643,0,0,0,256,444,242,340,380,391,324,310,273,117,117,199,0,
1,1775671363408,-2038,837,9547,256563,-37873,73303,0,0,0,336,355,271,384,256,409,524,394,358,379,370,348,0,
2,1775671363408,3220,4350,11797,-6467841,1645670,1033583,0,0,0,255,443,240,343,382,391,325,310,270,117,117,199,0,
1,1775671363424,-1995,842,9552,230907,-17104,74525,0,0,0,341,351,268,392,258,415,526,392,357,379,368,350,0,
2,1775671363424,2991,3584,13658,-6663318,1963320,1307251,0,0,0,254,443,241,343,381,392,325,312,274,116,119,199,0,
1,1775671363440,-1957,832,9643,224798,-15882,73303,0,0,0,341,357,275,390,260,423,530,384,367,373,350,361,0,
2,1775671363440,2670,2680,15740,-6747617,2103819,1433089,0,0,0,256,446,244,341,379,390,327,312,276,113,116,196,0,
1,1775671363456,-1933,837,9748,241902,-29321,69638,0,0,0,341,353,270,392,272,425,524,366,363,362,338,372,0,
2,1775671363456,2560,1890,17961,-6747617,2116037,1375668,0,0,0,254,443,241,340,377,390,328,312,276,115,117,197,0,
1,1775671363472,-1933,847,9868,274889,-52534,65973,0,0,0,346,368,274,396,276,432,524,353,370,377,330,392,0,
2,1775671363472,2522,1450,20373,-6783047,2135584,1170417,0,0,0,256,445,243,341,380,392,329,312,278,112,114,196,0,
1,1775671363488,-2000,813,9964,329867,-81855,72082,0,0,0,351,378,268,403,280,431,522,332,383,361,314,404,0,
2,1775671363488,2483,1536,22943,-6835582,2173458,1038470,0,0,0,257,446,244,343,383,396,327,311,276,115,116,196,0,
1,1775671363504,-2062,727,9968,399505,-111177,96516,0,0,0,356,397,262,406,289,436,519,312,377,345,299,419,0,
2,1775671363504,2646,1799,26250,-6895446,2228436,1103222,0,0,0,256,446,245,342,381,393,328,307,275,113,117,195,0,
1,1775671363520,-2144,631,9940,472809,-141720,131946,0,0,0,363,394,270,412,289,450,512,290,378,336,280,441,0,
2,1775671363520,2364,445,30275,-6949202,2351831,1513724,0,0,0,256,445,244,342,379,391,332,304,278,115,115,195,0,
1,1775671363536,-2335,569,9935,542448,-169820,184481,0,0,0,366,395,277,415,296,467,505,274,390,322,261,463,0,
2,1775671363536,1196,-4556,34175,-6885672,2543642,2153910,0,0,0,256,443,240,348,380,393,340,300,281,118,114,196,0,
1,1775671363552,-2522,502,10026,626747,-204028,263893,0,0,0,373,409,276,421,322,478,501,261,400,311,237,485,0,
2,1775671363552,129,-13615,35300,-6581462,2443460,2539977,0,0,0,256,441,238,346,380,394,342,297,290,116,112,197,0,
1,1775671363568,-2531,406,10251,737925,-268780,357967,0,0,0,392,414,270,440,349,485,498,246,404,305,212,513,0,
2,1775671363568,2402,-31380,29260,-5547878,1492954,2076941,0,0,0,259,442,240,348,381,397,344,299,293,116,113,199,0,
1,1775671363584,-2292,325,10830,915076,-348193,414166,0,0,0,408,414,259,459,353,500,487,232,404,288,199,537,0,
2,1775671363584,2010,-43402,19827,-3771481,1376890,392175,0,0,0,256,440,232,351,384,396,351,321,290,123,126,202,0,
1,1775671363600,-2077,287,11634,1130100,-405614,420275,0,0,0,407,414,252,468,358,515,468,224,411,281,192,546,0,
2,1775671363600,-5709,-47819,15295,-1839926,1602910,-1415985,0,0,0,247,432,222,348,382,390,367,376,282,132,157,198,0,
1,1775671363616,-1828,234,12476,1459967,-472809,384845,0,0,0,411,424,242,480,352,525,439,208,434,290,186,561,0,
2,1775671363616,-18291,-45053,21186,386066,142942,-2240653,0,0,0,243,414,215,342,370,379,387,439,273,150,203,183,0,
1,1775671363632,-1732,100,12768,1828930,-570548,312763,0,0,0,408,431,224,457,374,525,403,205,422,261,183,559,0,
2,1775671363632,-9911,-22172,21722,2983465,-3685960,-1178969,0,0,0,242,383,186,337,351,362,403,462,274,190,261,171,0,
1,1775671363648,-2459,62,13151,2268753,-649960,272445,0,0,0,419,445,219,458,386,531,357,196,454,262,179,567,0,
2,1775671363648,4417,7633,15415,4725653,-5324301,-113620,0,0,0,257,380,185,347,347,378,479,494,272,222,319,170,0,
1,1775671363664,-3761,43,13831,2772106,-596204,408057,0,0,0,411,427,203,444,392,530,316,184,449,256,169,570,0,
2,1775671363664,3608,8064,14635,5285206,-3252246,536339,0,0,0,262,386,200,355,349,394,497,501,283,202,309,179,0,
1,1775671363680,-4747,0,14754,3456275,-411723,676838,0,0,0,426,426,211,433,405,546,228,175,447,226,160,568,0,
2,1775671363680,-3871,-622,21316,5357288,-929736,557109,0,0,0,260,393,215,364,355,400,506,507,286,234,332,182,0,
1,1775671363696,-5393,124,16037,4188092,-150272,996932,0,0,0,419,413,229,436,401,543,199,158,448,201,136,550,0,
2,1775671363696,-5010,-2890,25039,4289495,-42760,-215024,0,0,0,260,405,233,367,360,407,515,517,289,246,342,187,0,
1,1775671363712,-6585,138,18238,4911356,45204,1331686,0,0,0,411,411,229,436,380,516,192,150,430,188,125,512,0,
2,1775671363712,875,918,17645,2784323,-45204,-415388,0,0,0,273,421,264,373,362,413,521,523,292,251,336,211,0,
1,1775671363728,-8829,-110,21775,5725029,189368,1760513,0,0,0,395,412,216,407,371,484,189,147,405,168,120,446,0,
2,1775671363728,3426,2708,9758,1695761,19547,-74525,0,0,0,287,444,292,384,376,422,535,535,309,225,306,233,0,
1,1775671363744,-10854,-138,24627,6564357,316428,2340835,0,0,0,362,391,209,361,337,443,179,146,369,156,115,364,0,
2,1775671363744,2349,866,9059,1141096,-102625,180816,0,0,0,310,459,308,401,387,432,545,545,310,226,301,252,0,
1,1775671363760,-10356,234,26374,7246083,420275,2864957,0,0,0,310,356,208,322,285,402,186,160,336,143,116,284,0,
2,1775671363760,1450,-358,10763,538783,-372627,196698,0,0,0,333,467,318,412,393,439,553,552,314,234,300,266,0,
1,1775671363776,-8647,2249,27786,7753101,619417,3187494,0,0,0,257,321,204,292,246,350,228,197,304,132,143,199,0,
2,1775671363776,1076,335,11198,125838,-518013,90408,0,0,0,352,473,326,415,394,443,561,560,317,240,299,280,0,
1,1775671363792,-9696,4469,25967,8147720,981049,3336545,0,0,0,241,294,206,267,212,293,279,235,269,144,188,128,0,
2,1775671363792,880,1282,10428,-12217,-421497,25656,0,0,0,360,477,330,417,394,444,562,561,315,265,308,287,0,
1,1775671363808,-12155,7561,18889,8251567,1110553,3516140,0,0,0,263,291,222,259,185,289,302,243,277,155,207,127,0,
2,1775671363808,904,1641,10107,-20769,-252898,7330,0,0,0,364,478,338,419,396,446,562,560,313,296,336,284,0,
1,1775671363824,-11442,10825,12179,7425677,813672,3659082,0,0,0,247,296,226,256,192,294,304,254,280,150,214,127,0,
2,1775671363824,1115,1584,10337,34208,-120951,4886,0,0,0,369,478,353,419,396,449,563,560,315,288,340,284,0,
1,1775671363840,-7848,14812,9930,4935791,531452,2796541,0,0,0,234,299,225,254,198,299,299,254,279,149,213,128,0,
2,1775671363840,1086,1579,10256,80634,-87964,-10995,0,0,0,375,481,360,415,391,446,558,558,324,247,297,291,0,
1,1775671363856,-4340,17281,10423,17104,845437,98960,0,0,0,234,300,222,250,196,294,303,256,278,151,216,128,0,
2,1775671363856,1033,1622,10054,124616,-46425,-26878,0,0,0,377,480,356,417,396,450,566,563,328,245,292,296,0,
1,1775671363872,-4752,13850,9801,-3616322,1513724,-2139250,0,0,0,227,303,224,245,197,294,304,257,280,152,219,128,0,
2,1775671363872,1038,1651,9997,185703,-2443,-32986,0,0,0,379,479,353,420,396,451,566,560,324,243,285,300,0,
1,1775671363888,-7729,8016,7068,-4528954,1615127,-2456899,0,0,0,225,304,226,248,199,297,304,261,281,150,218,128,0,
2,1775671363888,1072,1617,9987,255341,29321,-34208,0,0,0,382,481,353,420,400,455,560,554,327,245,280,305,0,
1,1775671363904,-8523,5029,4704,-4311486,623082,-1341460,0,0,0,230,305,228,256,200,294,310,269,282,163,231,128,0,
2,1775671363904,1148,1507,9968,302989,36651,-30543,0,0,0,391,487,358,422,400,458,560,546,327,245,280,305,0,
1,1775671363920,-6408,4536,4752,-4360356,-240680,-359188,0,0,0,224,301,234,251,198,300,312,266,286,160,228,131,0,
2,1775671363920,1220,1421,9906,302989,9773,-30543,0,0,0,393,488,358,420,400,456,556,540,330,238,265,312,0,
1,1775671363936,-3474,4996,6566,-4866152,-377514,74525,0,0,0,221,299,243,247,194,306,308,260,290,158,225,135,0,
2,1775671363936,1234,1378,9863,296880,-21991,-34208,0,0,0,392,485,352,425,405,460,558,534,335,237,256,314,0,
1,1775671363952,-3149,4986,8356,-5595525,4886,-103847,0,0,0,223,300,247,247,195,309,309,261,291,161,227,137,0,
2,1775671363952,1210,1349,9868,296880,-58643,-43982,0,0,0,401,489,351,427,407,461,559,528,334,237,245,320,0,
1,1775671363968,-4259,4345,9394,-6070778,-9773,-383623,0,0,0,225,302,243,249,198,306,314,265,289,159,226,134,0,
2,1775671363968,1182,1325,9887,309097,-76969,-50090,0,0,0,411,497,341,431,411,460,561,514,340,237,236,332,0,
1,1775671363984,-4895,3464,10409,-6246707,-574213,-695164,0,0,0,227,306,234,252,200,301,318,265,285,160,225,129,0,
2,1775671363984,1158,1301,9882,323758,-87964,-57421,0,0,0,420,500,339,437,419,465,557,502,343,242,233,346,0,
1,1775671364000,-4718,2881,11892,-6340781,-1127657,-1055575,0,0,0,228,305,231,254,199,299,327,265,284,165,226,127,0,
2,1775671364000,1129,1253,9877,333532,-90408,-58643,0,0,0,426,503,341,440,420,471,555,491,344,251,236,359,0,
1,1775671364016,-4690,2407,13816,-6471506,-1437976,-1424537,0,0,0,225,304,233,249,199,300,322,269,287,164,229,130,0,
2,1775671364016,1124,1167,9882,337197,-95294,-52534,0,0,0,435,509,341,444,420,477,558,481,346,251,228,374,0,
1,1775671364032,-5364,1780,16271,-6658431,-1659109,-1676214,0,0,0,227,305,232,251,204,302,325,272,286,173,227,133,0,
2,1775671364032,1129,1105,9892,333532,-105068,-50090,0,0,0,445,516,345,453,427,483,557,469,353,245,212,390,0,
1,1775671364048,-5991,971,18942,-6822142,-1893682,-1717753,0,0,0,226,304,230,256,202,303,319,268,285,225,217,152,0,
2,1775671364048,1119,1134,9997,359188,-109955,-51312,0,0,0,454,527,351,457,434,488,555,450,364,250,207,408,0,
1,1775671364064,-6240,-71,21789,-6866125,-2030516,-1646892,0,0,0,223,304,232,249,202,301,313,267,285,163,226,128,0,
2,1775671364064,1129,1162,10169,425162,-102625,-56199,0,0,0,465,532,353,455,440,495,551,428,367,252,195,435,0,
1,1775671364080,-6743,-1143,24843,-6773273,-2037846,-1677435,0,0,0,223,304,230,250,206,302,321,270,288,161,228,127,0,
2,1775671364080,1148,1057,10217,514348,-84299,-68416,0,0,0,473,532,352,458,445,502,546,403,382,254,185,458,0,
1,1775671364096,-7633,-2550,28025,-6563136,-2008524,-1923003,0,0,0,226,305,230,251,202,302,322,269,288,156,221,122,0,
2,1775671364096,1177,928,10208,594982,-61086,-86742,0,0,0,480,537,352,467,460,510,538,376,388,249,174,474,0,
1,1775671364112,-8628,-6484,31184,-6348111,-2300518,-2482556,0,0,0,225,308,231,253,207,302,318,267,285,162,226,127,0,
2,1775671364112,1263,832,10270,678060,-28099,-118507,0,0,0,496,546,359,478,476,518,531,347,397,258,172,500,0,
1,1775671364128,-8710,-13850,32658,-6200282,-2883283,-2944370,0,0,0,225,309,231,255,204,302,317,265,287,165,224,124,0,
2,1775671364128,1459,756,10461,767246,19547,-163711,0,0,0,496,547,350,480,478,521,519,318,413,259,170,521,0,
1,1775671364144,-6527,-24795,29231,-5849645,-3097086,-2756223,0,0,0,224,311,229,257,206,304,318,263,288,166,225,121,0,
2,1775671364144,1651,655,10863,890641,46425,-226020,0,0,0,514,563,349,492,493,531,503,285,406,266,172,547,0,
1,1775671364160,-1684,-37697,21981,-4829500,-2981022,-1863138,0,0,0,225,313,228,259,208,306,318,261,290,170,227,123,0,
2,1775671364160,1603,622,11485,1121548,-4886,-280998,0,0,0,517,564,338,488,499,530,473,249,403,281,179,567,0,
1,1775671364176,7341,-45584,16266,-2962696,-2401922,-349414,0,0,0,224,310,223,259,205,303,326,268,291,179,234,123,0,
2,1775671364176,1450,588,12127,1428202,-52534,-313984,0,0,0,520,565,325,486,504,535,438,230,405,280,184,584,0,
1,1775671364192,14974,-47834,14486,-927293,-889419,922406,0,0,0,221,299,220,257,200,296,345,303,285,201,275,119,0,
2,1775671364192,1234,536,12983,1844813,-36651,-327423,0,0,0,520,567,304,494,524,537,400,240,399,274,180,595,0,
1,1775671364208,13859,-40660,17999,1122770,1613905,1391551,0,0,0,227,281,209,259,188,276,384,370,265,243,350,108,0,
2,1775671364208,1454,492,14089,2375044,-36651,-337197,0,0,0,525,569,285,501,544,538,357,237,390,272,177,601,0,
1,1775671364224,2627,-13294,17788,3262020,4094018,948062,0,0,0,245,259,168,271,168,246,440,430,253,290,394,86,0,
2,1775671364224,1861,550,15142,3000570,-140499,-370184,0,0,0,532,569,270,495,544,538,310,221,385,273,182,606,0,
1,1775671364240,-5704,9853,14137,4820948,5103168,255341,0,0,0,252,255,153,281,161,248,464,462,272,322,413,82,0,
2,1775671364240,2474,603,15946,3651752,-312763,-452040,0,0,0,529,564,255,489,533,538,275,211,380,265,182,599,0,
1,1775671364256,-2608,7843,14237,5657833,3491705,-313984,0,0,0,248,256,152,290,165,259,472,472,287,356,422,83,0,
2,1775671364256,3350,665,17080,4355469,-500909,-618195,0,0,0,530,561,253,482,527,536,257,193,378,254,175,581,0,
1,1775671364272,4359,-2244,21818,5488013,850324,-48869,0,0,0,246,255,189,291,166,288,482,482,291,379,426,100,0,
2,1775671364272,4469,885,19238,5283984,-713490,-905302,0,0,0,533,554,263,468,516,531,249,168,380,245,164,548,0,
1,1775671364288,2120,-2928,24039,4106236,-183259,741590,0,0,0,257,275,200,307,185,302,492,492,292,386,431,107,0,
2,1775671364288,5087,985,22531,6243042,-894306,-1229060,0,0,0,503,533,261,466,502,521,251,157,377,221,145,473,0,
1,1775671364304,-4010,-670,17252,2305405,-17104,571769,0,0,0,257,284,242,312,201,342,502,502,327,389,437,144,0,
2,1775671364304,5819,1019,27240,7299839,-972497,-1507615,0,0,0,434,514,236,447,480,491,263,162,357,209,140,403,0,
1,1775671364320,-4575,268,11012,1142317,68416,-47647,0,0,0,276,299,256,340,209,359,513,501,340,406,452,198,0,
2,1775671364320,6843,2057,29887,8135503,-586430,-1762957,0,0,0,350,477,211,408,437,447,277,187,325,178,125,345,0,
1,1775671364336,-2100,-14,8714,552222,52534,-345749,0,0,0,297,308,262,351,210,363,523,507,343,416,459,220,0,
2,1775671364336,7217,3326,30136,8731707,226020,-2101376,0,0,0,294,449,230,355,397,409,294,243,289,137,111,281,0,
1,1775671364352,-1631,43,10026,244346,68416,-151494,0,0,0,313,318,269,358,211,370,525,491,344,415,463,233,0,
2,1775671364352,8284,4436,28073,9170308,1134987,-2598620,0,0,0,256,425,233,328,365,378,305,259,273,126,129,201,0,
1,1775671364368,-2196,717,10653,74525,90408,-4886,0,0,0,315,324,267,372,225,385,535,492,341,428,459,256,0,
2,1775671364368,9734,7686,19497,9007818,1337794,-3402519,0,0,0,272,433,238,336,373,386,310,284,276,111,111,198,0,
1,1775671364384,-2325,1081,10189,114842,89186,-1221,0,0,0,319,325,272,377,231,397,539,504,345,438,453,283,0,
2,1775671364384,7915,10461,14639,8097629,675616,-4075692,0,0,0,275,437,240,337,376,391,315,296,277,109,112,198,0,
1,1775671364400,-2096,1072,9920,201585,59864,0,0,0,0,327,334,280,375,237,401,537,501,356,437,455,300,0,
2,1775671364400,1971,16300,12347,5268101,-790459,-3529579,0,0,0,269,437,237,339,378,392,316,298,275,111,112,198,0,
1,1775671364416,-1995,985,10069,266337,-6108,24434,0,0,0,329,342,276,380,253,401,544,494,358,434,453,307,0,
2,1775671364416,1584,19956,8834,-103847,-1952325,-899193,0,0,0,267,437,234,341,378,391,316,296,272,112,112,198,0,
1,1775671364432,-2048,1005,10198,326202,-74525,50090,0,0,0,332,332,279,384,232,403,546,475,352,416,443,316,0,
2,1775671364432,5269,15845,7336,-4473977,-1995085,1408655,0,0,0,265,438,234,340,376,388,317,296,269,112,112,198,0,
1,1775671364448,-2077,1048,11127,376292,-130725,69638,0,0,0,335,331,275,384,231,408,544,447,355,402,421,335,0,
2,1775671364448,8490,6896,7264,-6276029,-1026253,2129476,0,0,0,263,439,235,341,377,387,319,298,269,113,113,196,0,
1,1775671364464,-2100,1009,12825,376292,-146607,78190,0,0,0,326,327,281,383,228,415,545,430,364,364,402,348,0,
2,1775671364464,7054,3914,6345,-5743354,-430049,1236391,0,0,0,263,440,237,343,379,389,321,301,270,116,114,197,0,
1,1775671364480,-2148,861,11418,405614,-194255,80634,0,0,0,330,340,267,386,247,411,542,425,363,390,394,351,0,
2,1775671364480,5340,3235,5599,-5305975,-224798,349414,0,0,0,264,441,238,344,380,390,322,303,270,117,116,198,0,
1,1775671364496,-2211,703,9250,420275,-212581,81855,0,0,0,331,344,268,387,267,412,504,387,371,373,376,358,0,
2,1775671364496,5058,3326,6211,-5455026,-116064,7330,0,0,0,263,441,238,344,380,390,322,304,270,114,117,197,0,
1,1775671364512,-2254,641,9121,381179,-155159,87964,0,0,0,334,344,276,395,266,418,523,400,368,374,367,363,0,
2,1775671364512,4776,3555,7633,-5806884,234572,-94073,0,0,0,263,442,240,344,381,390,323,304,271,116,116,196,0,
1,1775671364528,-2239,622,9576,339641,-87964,97738,0,0,0,330,341,269,392,255,417,535,386,369,364,351,369,0,
2,1775671364528,4154,4082,9279,-6173404,706160,129503,0,0,0,265,444,242,344,381,391,324,306,270,113,113,196,0,
1,1775671364544,-2187,598,9734,320093,-51312,103847,0,0,0,331,340,267,391,253,426,540,375,376,356,340,377,0,
2,1775671364544,4125,4130,10385,-6425080,1037249,613308,0,0,0,263,444,241,349,386,396,324,306,272,113,115,195,0,
1,1775671364560,-2124,559,9638,310319,-34208,106290,0,0,0,327,342,266,392,256,432,543,367,378,352,331,385,0,
2,1775671364560,4292,3627,11615,-6613227,1398881,1153313,0,0,0,261,444,238,343,381,389,328,312,273,114,116,195,0,
1,1775671364576,-2081,521,9619,298102,-19547,100181,0,0,0,330,344,269,393,256,433,545,356,381,354,325,395,0,
2,1775671364576,4154,3086,13606,-6741508,1764178,1616349,0,0,0,258,442,238,344,382,389,328,311,273,114,116,195,0,
1,1775671364592,-2043,454,9676,284663,-17104,89186,0,0,0,338,344,277,396,254,438,546,341,386,355,317,404,0,
2,1775671364592,4158,2943,15884,-6888116,1979203,1874134,0,0,0,258,443,239,341,380,388,327,309,273,113,116,195,0,
1,1775671364608,-2043,416,9763,279776,-30543,79412,0,0,0,336,344,277,403,255,446,547,327,386,347,305,413,0,
2,1775671364608,4498,2593,19052,-7125132,2167349,1929112,0,0,0,256,443,239,343,380,391,328,310,276,113,115,195,0,
1,1775671364624,-2096,397,9858,293215,-52534,80634,0,0,0,338,348,272,409,260,448,547,312,390,341,293,430,0,
2,1775671364624,4388,2268,22584,-7260744,2206445,1838704,0,0,0,257,443,239,346,381,394,330,310,279,113,115,194,0,
1,1775671364640,-2263,382,9930,342084,-83077,107512,0,0,0,348,352,269,416,269,452,546,296,392,337,280,442,0,
2,1775671364640,4685,2172,27312,-7385360,2140471,1770287,0,0,0,259,443,241,347,380,392,335,308,282,115,114,192,0,
1,1775671364656,-2388,335,9892,411723,-105068,164933,0,0,0,346,364,265,424,284,458,544,278,386,330,265,456,0,
2,1775671364656,5455,1182,31935,-7604050,2128254,1814269,0,0,0,259,442,241,348,380,391,337,303,281,114,111,192,0,
1,1775671364672,-2455,272,9882,477696,-128281,230907,0,0,0,352,374,264,429,289,463,547,258,397,321,231,476,0,
2,1775671364672,4666,-4718,35065,-7746992,2494773,1973094,0,0,0,262,442,241,350,381,394,339,299,284,114,110,194,0,
1,1775671364688,-2608,239,10050,549778,-157603,302989,0,0,0,347,386,257,441,330,468,536,245,402,309,219,489,0,
2,1775671364688,2278,-15774,36683,-7375586,2734232,2042733,0,0,0,265,442,241,338,396,390,343,300,291,117,111,198,0,
1,1775671364704,-2689,186,10361,686612,-163711,383623,0,0,0,385,400,257,448,335,479,528,244,414,290,205,505,0,
2,1775671364704,1545,-32639,31725,-5889962,1907121,1511280,0,0,0,266,442,241,332,403,387,348,304,296,119,114,201,0,
1,1775671364720,-2522,47,10811,877202,-164933,450818,0,0,0,388,395,252,471,343,499,495,227,423,282,188,535,0,
2,1775671364720,976,-45805,22244,-3828903,1302364,194255,0,0,0,269,446,243,355,383,399,350,306,297,118,113,200,0,
1,1775671364736,-2177,-23,11462,1094670,-200363,471587,0,0,0,385,400,244,474,349,509,475,210,425,279,177,559,0,
2,1775671364736,-6202,-50495,15596,-1565036,1489289,-1607797,0,0,0,265,446,242,355,384,399,350,311,293,119,116,199,0,
1,1775671364752,-1718,-62,12021,1372003,-309097,431270,0,0,0,384,406,233,474,356,521,448,202,437,267,173,572,0,
2,1775671364752,-14185,-45929,17386,89186,618195,-2092824,0,0,0,260,444,240,356,387,400,356,341,285,123,134,195,0,
1,1775671364768,-1363,-220,12500,1711644,-492357,337197,0,0,0,392,413,223,466,379,532,418,202,440,256,170,573,0,
2,1775671364768,-11227,-32715,20478,1698205,-1155757,-1447750,0,0,0,249,434,228,354,387,393,392,444,273,139,191,183,0,
1,1775671364784,-2306,-229,13113,2114815,-653625,272445,0,0,0,394,418,207,463,400,540,377,198,445,254,170,576,0,
2,1775671364784,976,2048,21588,2959031,-2803871,-162490,0,0,0,244,380,199,343,352,375,441,479,267,164,237,177,0,
1,1775671364800,-3713,-224,13792,2638937,-711047,378736,0,0,0,400,421,197,458,402,544,332,187,450,249,165,581,0,
2,1775671364800,7681,22622,11998,3335324,-3718947,1119105,0,0,0,250,377,183,336,337,375,470,487,277,178,276,177,0,
1,1775671364816,-4369,-287,14591,3314554,-643851,651182,0,0,0,414,420,204,447,390,542,293,172,446,232,146,575,0,
2,1775671364816,1852,9782,7642,4320038,-3391523,1706757,0,0,0,254,377,180,346,339,382,486,504,278,222,336,174,0,
1,1775671364832,-5010,-172,15649,4058588,-527787,961501,0,0,0,417,402,210,442,385,539,254,155,451,205,126,559,0,
2,1775671364832,-8001,-5948,16022,5208237,-1742187,1226617,0,0,0,255,384,193,356,349,397,511,516,286,227,349,180,0,
1,1775671364848,-6125,86,17717,4863709,-421497,1324355,0,0,0,419,374,216,414,386,532,217,153,439,173,110,528,0,
2,1775671364848,-6896,-2349,21684,4710992,-529009,-146607,0,0,0,260,393,214,366,353,401,520,521,296,210,333,189,0,
1,1775671364864,-8289,-57,21239,5736024,-382401,1747074,0,0,0,378,375,217,386,345,501,213,131,406,158,100,460,0,
2,1775671364864,1450,3062,19717,3699399,-79412,-949284,0,0,0,271,410,247,375,360,413,532,532,307,210,327,206,0,
1,1775671364880,-10241,-148,24565,6549697,-317649,2213775,0,0,0,359,347,193,383,314,449,197,139,381,157,100,366,0,
2,1775671364880,4096,1627,15223,2566855,-163711,-340862,0,0,0,282,432,276,382,370,424,543,543,314,217,326,226,0,
1,1775671364896,-10705,-291,27360,7297396,-190589,2737898,0,0,0,305,344,189,345,299,404,188,161,345,138,106,286,0,
2,1775671364896,2091,-167,11945,1379333,-243124,226020,0,0,0,293,451,297,394,382,432,554,554,316,222,324,242,0,
1,1775671364912,-9126,1057,29030,7836179,56199,3155729,0,0,0,267,312,195,306,262,351,227,200,301,131,143,205,0,
2,1775671364912,727,100,11098,700051,-213802,196698,0,0,0,311,465,310,407,392,440,565,566,319,231,323,257,0,
1,1775671364928,-10102,3469,27867,8152607,339641,3342654,0,0,0,241,286,200,259,210,291,284,230,275,143,179,139,0,
2,1775671364928,971,741,10624,368962,-217468,76969,0,0,0,332,474,318,413,397,442,570,571,324,237,321,273,0,
1,1775671364944,-12778,8595,19487,8183150,459370,3640756,0,0,0,236,287,209,255,198,283,303,254,275,150,213,120,0,
2,1775671364944,1301,1100,10265,223576,-255341,15882,0,0,0,342,472,320,414,397,441,572,572,326,240,319,284,0,
1,1775671364960,-12328,12060,11639,7459886,400727,3990171,0,0,0,235,297,212,260,206,288,303,256,277,155,222,124,0,
2,1775671364960,1115,1186,10232,152716,-224798,15882,0,0,0,353,476,320,414,400,443,576,576,328,241,317,288,0,
1,1775671364976,-7231,15305,10064,4401894,471587,3099530,0,0,0,234,303,213,258,210,287,299,260,272,157,224,125,0,
2,1775671364976,1019,1335,10260,130725,-186924,6108,0,0,0,361,479,326,418,401,447,577,579,326,241,310,294,0,
1,1775671364992,-3082,17272,10227,-145385,1028697,736703,0,0,0,233,307,218,254,213,287,303,266,271,155,225,127,0,
2,1775671364992,961,1478,10270,195476,-146607,-12217,0,0,0,370,486,333,420,401,450,577,577,326,244,303,308,0,
1,1775671365008,-3230,13807,9399,-3506366,1907121,-1518610,0,0,0,232,308,220,253,211,288,309,270,274,155,226,129,0,
2,1775671365008,880,1536,10241,282219,-73303,-25656,0,0,0,378,486,333,421,404,453,574,568,328,243,291,312,0,
1,1775671365024,-6465,7834,6336,-4327369,2219884,-2043955,0,0,0,232,307,219,251,206,288,307,270,275,158,229,132,0,
2,1775671365024,875,1483,10165,361632,20769,-26878,0,0,0,383,488,334,425,403,456,576,559,329,278,319,313,0,
1,1775671365040,-8456,5063,4197,-4244291,1618792,-1450194,0,0,0,232,308,220,250,207,287,305,270,274,161,234,134,0,
2,1775671365040,1005,1363,10011,411723,83077,-19547,0,0,0,391,492,337,428,407,460,565,551,331,248,275,324,0,
1,1775671365056,-7413,4919,4374,-4318817,598647,-601091,0,0,0,232,308,220,252,210,288,304,269,272,162,235,133,0,
2,1775671365056,1129,1258,9887,439822,86742,-15882,0,0,0,399,495,335,431,410,462,562,534,331,238,252,342,0,
1,1775671365072,-5044,5293,5953,-4758640,54977,-79412,0,0,0,232,312,221,257,216,293,307,271,274,163,236,132,0,
2,1775671365072,1201,1162,9849,452040,51312,-18325,0,0,0,405,497,332,432,411,461,563,521,334,240,242,356,0,
1,1775671365088,-4048,5211,7647,-5379279,189368,-61086,0,0,0,234,311,220,256,211,291,304,267,271,157,228,128,0,
2,1775671365088,1225,1062,9849,442266,9773,-30543,0,0,0,413,499,330,440,416,467,561,507,337,246,236,369,0,
1,1775671365104,-4977,4374,8801,-5911953,105068,-210137,0,0,0,236,312,222,256,212,291,312,274,277,162,235,129,0,
2,1775671365104,1234,985,9858,421497,-26878,-46425,0,0,0,425,503,330,447,420,478,558,492,346,246,223,384,0,
1,1775671365120,-5465,3484,10002,-6268699,-392175,-367740,0,0,0,236,309,222,257,210,293,311,270,276,165,236,130,0,
2,1775671365120,1239,933,9892,409279,-61086,-61086,0,0,0,435,509,331,452,427,484,557,480,357,243,209,397,0,
1,1775671365136,-4915,2924,11500,-6483723,-912632,-619417,0,0,0,233,309,222,258,213,294,309,268,274,164,236,130,0,
2,1775671365136,1215,894,9911,408057,-96516,-72082,0,0,0,440,516,333,457,436,490,554,466,362,243,201,409,0,
1,1775671365152,-4785,2464,13606,-6680422,-1170417,-1073901,0,0,0,230,310,224,258,217,297,312,271,276,164,237,129,0,
2,1775671365152,1110,842,9930,416610,-113620,-73303,0,0,0,451,522,339,455,438,495,549,448,368,238,189,424,0,
1,1775671365168,-5642,1986,15998,-6811147,-1425759,-1495398,0,0,0,229,314,225,258,219,298,290,258,277,164,238,130,0,
2,1775671365168,1057,789,10021,436157,-91629,-72082,0,0,0,463,526,343,459,441,500,540,425,377,243,180,445,0,
1,1775671365184,-6427,1560,18635,-6894225,-1720196,-1780061,0,0,0,227,316,223,256,220,297,299,266,278,161,234,128,0,
2,1775671365184,1124,741,10145,472809,-53756,-76969,0,0,0,461,526,345,466,448,508,532,418,399,259,185,473,0,
1,1775671365200,-7111,1052,22268,-7006624,-1979203,-2003637,0,0,0,225,318,223,256,227,297,317,278,278,158,234,123,0,
2,1775671365200,1258,674,10198,524122,-24434,-98960,0,0,0,474,527,342,467,460,507,538,373,392,251,169,477,0,
1,1775671365216,-8265,258,26293,-7143458,-2062281,-2211332,0,0,0,226,316,225,256,225,297,317,274,278,161,235,125,0,
2,1775671365216,1335,588,10208,581543,-2443,-134390,0,0,0,489,537,349,475,466,512,529,346,389,259,173,496,0,
1,1775671365232,-9935,-1670,30686,-7249748,-2151467,-2461786,0,0,0,229,310,228,258,213,299,314,267,280,165,231,128,0,
2,1775671365232,1373,502,10279,636521,17104,-172263,0,0,0,500,537,341,473,470,510,521,310,392,262,171,518,0,
1,1775671365248,-11036,-6685,33993,-7257079,-2547308,-2755002,0,0,0,228,307,227,261,213,301,314,265,283,166,228,126,0,
2,1775671365248,1474,421,10552,712268,29321,-212581,0,0,0,505,549,339,488,482,527,513,283,402,269,173,539,0,
1,1775671365264,-8700,-17272,35247,-7022506,-3417180,-2873510,0,0,0,229,310,227,264,216,303,316,263,288,165,226,124,0,
2,1775671365264,1574,373,10878,861319,-13439,-262672,0,0,0,506,554,334,492,493,527,486,254,404,282,182,552,0,
1,1775671365280,-4158,-30624,32021,-6420193,-3489262,-2582738,0,0,0,230,316,224,268,219,304,318,264,291,174,231,127,0,
2,1775671365280,1612,306,11289,1086118,-61086,-316428,0,0,0,514,558,325,493,500,527,466,236,403,376,198,552,0,
1,1775671365296,358,-43215,23158,-5009094,-2775771,-1365894,0,0,0,233,320,224,270,220,305,319,265,291,179,236,130,0,
2,1775671365296,1426,287,12021,1364672,-37873,-342084,0,0,0,524,566,310,495,507,528,435,228,402,333,190,576,0,
1,1775671365312,8269,-51763,15735,-2951700,-2120924,549778,0,0,0,234,321,224,268,220,302,319,266,291,172,236,123,0,
2,1775671365312,1095,244,12778,1755626,1221,-342084,0,0,0,527,569,291,504,518,531,404,226,400,271,179,596,0,
1,1775671365328,18018,-51744,14625,-675616,-783129,2019520,0,0,0,235,315,223,265,212,298,322,267,289,180,241,120,0,
2,1775671365328,1043,138,13328,2191784,13439,-311541,0,0,0,530,571,280,508,527,535,367,222,395,274,182,604,0,
1,1775671365344,14060,-41076,17506,1216843,1580919,1665218,0,0,0,230,300,208,270,209,284,373,339,274,231,318,104,0,
2,1775671365344,1622,90,14161,2687807,-25656,-304210,0,0,0,535,572,270,503,530,541,319,215,391,275,185,612,0,
1,1775671365360,-502,-11275,19880,2812423,3403741,808785,0,0,0,243,260,171,275,172,252,436,409,258,281,376,86,0,
2,1775671365360,2890,62,15453,3401297,-169820,-423940,0,0,0,539,570,255,496,530,540,284,204,391,270,183,610,0,
1,1775671365376,-9715,18363,13486,3441614,4156327,-130725,0,0,0,244,245,150,276,159,242,463,453,260,318,406,77,0,
2,1775671365376,3144,186,16683,4156327,-333532,-641408,0,0,0,543,566,254,485,528,531,266,186,389,270,180,606,0,
1,1775671365392,-6030,15774,9040,4440990,3900985,-779464,0,0,0,235,248,136,285,163,257,477,477,260,364,429,77,0,
2,1775671365392,3795,402,18257,5002986,-476474,-872315,0,0,0,535,552,252,482,526,534,256,161,397,252,161,569,0,
1,1775671365408,5675,-4005,16960,5913175,1886351,-797790,0,0,0,241,253,148,295,165,273,491,491,265,396,441,84,0,
2,1775671365408,4953,478,20870,5943718,-551000,-1165530,0,0,0,516,537,251,482,501,531,265,159,395,243,153,506,0,
1,1775671365424,5130,-4565,24972,5053077,321315,315206,0,0,0,257,263,184,306,171,289,501,501,281,409,444,95,0,
2,1775671365424,5278,363,25642,6956533,-498466,-1458746,0,0,0,465,502,238,464,481,512,269,156,380,219,141,435,0,
1,1775671365440,-2340,-832,22321,3220481,-25656,857654,0,0,0,264,281,238,318,188,327,506,506,307,420,448,124,0,
2,1775671365440,5762,1139,29786,7913148,-188146,-1676214,0,0,0,380,477,214,436,451,482,281,167,355,197,132,371,0,
1,1775671365456,-4891,272,13984,1574810,131946,173485,0,0,0,271,298,279,332,208,369,511,511,334,429,459,176,0,
2,1775671365456,6278,2632,31926,8740259,421497,-1898569,0,0,0,323,451,210,378,419,427,291,213,309,161,122,321,0,
1,1775671365472,-2541,-90,9523,742812,128281,-331088,0,0,0,302,305,256,357,220,369,518,517,331,432,474,216,0,
2,1775671365472,7642,3795,31208,9334020,1287703,-2324953,0,0,0,267,428,227,333,370,384,299,245,277,131,129,224,0,
1,1775671365488,-1024,-52,9801,455705,8552,-223576,0,0,0,315,317,263,362,227,375,533,523,346,434,479,240,0,
2,1775671365488,9509,6633,24747,9495289,2034181,-3003013,0,0,0,269,432,240,330,369,383,307,275,276,112,115,199,0,
1,1775671365504,-2048,674,10385,333532,6108,-25656,0,0,0,322,335,263,378,246,383,536,523,344,442,483,276,0,
2,1775671365504,9652,10078,16362,8895419,1827708,-3902207,0,0,0,277,436,241,336,374,390,314,294,279,110,113,200,0,
1,1775671365520,-2589,1110,10145,307876,79412,30543,0,0,0,324,335,267,370,249,391,545,505,355,427,477,299,0,
2,1775671365520,3273,14687,13486,6373767,9773,-4245513,0,0,0,273,435,239,337,375,394,313,298,285,108,113,201,0,
1,1775671365536,-2163,985,9935,366519,107512,21991,0,0,0,325,338,269,377,245,399,550,490,357,425,472,335,0,
2,1775671365536,157,20138,10461,1437976,-1865582,-2244318,0,0,0,268,436,237,338,375,393,314,297,280,108,110,199,0,
1,1775671365552,-1876,866,9231,382401,69638,30543,0,0,0,332,341,276,388,254,408,546,472,365,428,455,341,0,
2,1775671365552,2699,18860,8336,-3565009,-2838079,239459,0,0,0,267,439,236,340,374,388,319,297,268,110,110,195,0,
1,1775671365568,-1914,938,7307,332310,32986,56199,0,0,0,347,340,280,391,261,410,541,458,368,414,432,349,0,
2,1775671365568,8451,9222,7451,-6835582,-2268753,1778839,0,0,0,268,441,236,340,373,387,320,298,268,111,111,195,0,
1,1775671365584,-1976,1009,8346,389732,-54977,70860,0,0,0,353,340,274,393,261,415,537,438,364,400,408,357,0,
2,1775671365584,8245,3986,6685,-6579018,-1192408,1011592,0,0,0,266,442,237,339,375,386,325,302,271,113,114,197,0,
1,1775671365600,-1966,957,10059,488692,-163711,74525,0,0,0,351,342,269,396,263,419,537,415,362,388,387,366,0,
2,1775671365600,6618,2565,5948,-6053674,-658512,168598,0,0,0,261,440,236,337,373,386,327,305,272,111,114,197,0,
1,1775671365616,-2033,770,10193,529009,-216246,76969,0,0,0,345,343,267,398,267,422,538,393,367,379,366,381,0,
2,1775671365616,5996,2613,5886,-5834984,-466701,-321315,0,0,0,261,443,238,340,377,387,326,308,272,116,117,199,0,
1,1775671365632,-2144,593,9652,507018,-195476,81855,0,0,0,337,342,261,400,268,426,538,372,367,371,343,388,0,
2,1775671365632,5900,3082,7059,-6069557,-36651,-306654,0,0,0,258,440,236,343,380,392,326,310,271,115,118,198,0,
1,1775671365648,-2201,464,9399,454483,-122173,94073,0,0,0,334,341,256,402,267,427,537,356,361,362,327,384,0,
2,1775671365648,5139,3718,8892,-6427524,520457,64751,0,0,0,260,445,240,345,382,393,326,311,269,113,118,197,0,
1,1775671365664,-2172,397,9499,411723,-62308,105068,0,0,0,340,348,262,404,271,428,535,350,369,353,323,392,0,
2,1775671365664,5187,3412,10351,-6674313,957836,807563,0,0,0,260,445,240,342,381,391,326,311,269,112,117,195,0,
1,1775671365680,-2110,392,9624,376292,-28099,112399,0,0,0,341,353,267,402,266,431,534,340,371,347,314,399,0,
2,1775671365680,5690,2627,11581,-6745173,1419650,1408655,0,0,0,259,445,241,338,377,388,326,311,270,108,115,193,0,
1,1775671365696,-2067,411,9705,359188,-7330,114842,0,0,0,345,356,266,401,274,430,533,317,374,352,297,414,0,
2,1775671365696,5441,2086,13438,-6740287,1915673,1799608,0,0,0,256,444,240,343,381,392,325,308,271,111,117,196,0,
1,1775671365712,-2067,387,9782,368962,-1221,118507,0,0,0,350,356,259,407,277,432,529,300,383,345,288,433,0,
2,1775671365712,4752,2120,15812,-6820921,2157576,1919338,0,0,0,256,445,242,346,383,395,328,311,276,112,118,196,0,
1,1775671365728,-2062,315,9863,395840,-15882,131946,0,0,0,345,367,266,412,291,446,526,286,385,335,275,441,0,
2,1775671365728,4355,2134,18449,-6988298,2285857,1875356,0,0,0,258,446,246,344,380,394,331,311,279,116,120,196,0,
1,1775671365744,-2024,215,9944,427605,-64751,151494,0,0,0,345,364,283,418,292,471,521,273,393,326,250,458,0,
2,1775671365744,4158,1976,21942,-7198435,2316400,1633453,0,0,0,260,445,247,343,378,394,330,308,276,118,120,197,0,
1,1775671365760,-2124,153,9992,466701,-113620,175929,0,0,0,346,369,280,417,292,469,508,269,394,305,235,468,0,
2,1775671365760,4063,1727,25886,-7338934,2290744,1396437,0,0,0,261,442,245,345,380,394,331,305,275,115,118,197,0,
1,1775671365776,-2325,124,9997,524122,-138055,222354,0,0,0,357,378,266,424,301,468,503,257,392,303,222,479,0,
2,1775671365776,3776,435,30887,-7448890,2311514,1318247,0,0,0,259,440,244,346,379,393,336,305,280,114,116,197,0,
1,1775671365792,-2426,47,10054,619417,-138055,296880,0,0,0,357,389,255,428,326,473,476,247,398,295,208,498,0,
2,1775671365792,2440,-4465,34347,-7451334,2549751,1563815,0,0,0,260,441,243,349,378,393,340,302,285,115,114,197,0,
1,1775671365808,-2397,-43,10174,728151,-158824,366519,0,0,0,362,394,259,440,340,488,482,240,406,281,193,522,0,
2,1775671365808,291,-14582,36960,-7161784,2659707,1888795,0,0,0,263,443,240,352,381,394,343,300,287,117,113,196,0,
1,1775671365824,-2110,-181,10519,861319,-215024,410501,0,0,0,372,409,263,452,364,504,496,232,415,276,196,539,0,
2,1775671365824,698,-28633,34161,-6277251,1853365,1787391,0,0,0,265,443,238,356,383,398,349,304,293,118,115,199,0,
1,1775671365840,-2072,-239,11036,1015258,-254119,405614,0,0,0,384,422,251,470,384,513,473,222,420,274,198,550,0,
2,1775671365840,3335,-43258,22952,-4415333,1017701,436157,0,0,0,268,446,241,357,385,400,347,305,290,123,118,202,0,
1,1775671365856,-2249,-272,11691,1247386,-289550,400727,0,0,0,397,413,236,495,366,521,436,208,420,267,178,566,0,
2,1775671365856,-1914,-50294,14572,-2208888,1403768,-1525941,0,0,0,266,442,240,358,385,401,350,307,293,120,117,202,0,
1,1775671365872,-2134,-358,12146,1532050,-335975,406836,0,0,0,394,419,223,495,369,529,412,193,430,266,175,580,0,
2,1775671365872,-13625,-47676,15472,-313984,1446528,-2517986,0,0,0,252,442,237,350,385,394,358,349,288,122,140,195,0,
1,1775671365888,-1627,-526,12361,1879021,-421497,373849,0,0,0,400,418,211,505,381,541,399,184,433,264,160,578,0,
2,1775671365888,-13893,-35596,20239,1396437,-518013,-1590693,0,0,0,243,424,209,350,380,382,397,440,275,161,224,181,0,
1,1775671365904,-2134,-626,12735,2245540,-525344,322536,0,0,0,398,422,204,494,375,540,347,189,458,260,159,578,0,
2,1775671365904,-2211,-5733,22287,2736676,-2509434,-167377,0,0,0,243,385,183,340,352,370,440,479,265,170,251,177,0,
1,1775671365920,-3350,-631,13596,2728124,-579100,397062,0,0,0,404,415,204,452,377,535,308,180,466,244,153,586,0,
2,1775671365920,7183,19755,12969,3415958,-3797138,1131322,0,0,0,251,374,178,343,341,374,470,493,281,192,291,171,0,
1,1775671365936,-4422,-564,14993,3444058,-509461,658512,0,0,0,422,410,211,458,379,534,262,161,457,220,132,569,0,
2,1775671365936,2373,10887,7853,4559498,-3639535,1626123,0,0,0,260,379,182,354,343,387,494,502,286,203,316,177,0,
1,1775671365952,-5489,-411,16405,4199087,-381179,979827,0,0,0,417,395,211,432,388,516,215,146,448,204,112,565,0,
2,1775671365952,-6972,-3034,17530,5351179,-1875356,926071,0,0,0,260,383,195,363,353,398,516,516,288,205,318,187,0,
1,1775671365968,-6891,-354,18774,5046968,-284663,1402546,0,0,0,423,381,216,410,372,507,212,135,447,182,102,501,0,
2,1775671365968,-6508,-3082,24599,4867374,-543670,-283441,0,0,0,261,390,224,371,367,409,536,536,300,210,316,200,0,
1,1775671365984,-8767,-492,22746,5958379,-252898,1871691,0,0,0,398,379,209,398,345,485,194,129,422,166,100,425,0,
2,1775671365984,1531,1703,21627,3492927,-191811,-772133,0,0,0,274,415,261,381,376,422,548,548,315,217,314,224,0,
1,1775671366000,-10533,-354,26810,6934542,-113620,2409252,0,0,0,345,366,196,363,322,443,181,141,369,146,107,344,0,
2,1775671366000,3551,1392,15060,2141693,-175929,-185703,0,0,0,291,444,293,396,382,434,553,554,325,225,310,251,0,
1,1775671366016,-10069,9,29427,7621154,122173,2851518,0,0,0,280,342,194,315,294,388,194,186,326,133,124,258,0,
2,1775671366016,1804,33,10720,1062905,-157603,282219,0,0,0,309,460,311,410,392,444,546,555,333,230,304,272,0,
1,1775671366032,-9576,1698,30858,8180707,354301,3198490,0,0,0,236,310,194,273,242,318,245,229,292,136,155,172,0,
2,1775671366032,421,-105,10265,529009,-142942,221133,0,0,0,335,465,319,414,394,444,517,547,350,236,300,294,0,
1,1775671366048,-11753,5637,26451,8511796,356745,3429397,0,0,0,228,289,195,251,200,273,293,243,268,145,190,119,0,
2,1775671366048,1105,727,10428,310319,-206472,56199,0,0,0,357,474,326,415,395,445,572,573,326,243,303,301,0,
1,1775671366064,-13117,10342,17764,8372518,194255,3781255,0,0,0,237,295,208,256,203,284,297,254,274,153,212,124,0,
2,1775671366064,1354,1196,10251,169820,-255341,4886,0,0,0,367,481,333,423,403,455,579,579,335,243,298,308,0,
1,1775671366080,-10433,12452,11457,7191105,140499,3987728,0,0,0,236,301,213,255,207,285,295,257,272,152,216,126,0,
2,1775671366080,1191,1311,10198,136833,-226020,14660,0,0,0,376,488,333,425,404,457,580,580,337,244,294,317,0,
1,1775671366096,-4996,15908,10074,3406184,627969,2444682,0,0,0,232,304,215,254,208,289,295,256,271,157,216,127,0,
2,1775671366096,1086,1397,10284,179594,-188146,3665,0,0,0,383,488,337,425,401,459,575,575,340,244,286,330,0,
1,1775671366112,-3086,17032,9538,-1337794,1308473,-179594,0,0,0,236,304,217,257,208,288,299,255,270,161,216,128,0,
2,1775671366112,966,1459,10332,261450,-139277,-14660,0,0,0,391,489,341,427,404,461,577,565,329,243,274,334,0,
1,1775671366128,-4685,12596,8226,-4277278,1766622,-1976759,0,0,0,236,305,217,253,208,285,296,255,270,163,223,133,0,
2,1775671366128,885,1497,10265,346971,-28099,-21991,0,0,0,395,491,343,427,404,461,578,555,346,240,260,345,0,
1,1775671366144,-6676,7264,6034,-4785518,1676214,-1954768,0,0,0,234,306,218,256,208,288,302,257,271,158,218,127,0,
2,1775671366144,971,1454,10150,431270,80634,-19547,0,0,0,403,492,339,434,408,467,570,536,345,246,249,362,0,
1,1775671366160,-7413,4862,4632,-4765970,1108109,-1241278,0,0,0,233,306,218,257,207,292,306,259,272,165,223,131,0,
2,1775671366160,1158,1273,9983,489913,118507,-17104,0,0,0,409,493,336,435,408,467,567,520,339,247,233,372,0,
1,1775671366176,-6183,4776,5087,-4902804,394618,-476474,0,0,0,234,306,220,257,206,293,307,260,273,167,224,132,0,
2,1775671366176,1253,1091,9858,503352,100181,-19547,0,0,0,417,496,337,437,412,468,565,507,339,245,221,380,0,
1,1775671366192,-4627,4766,6465,-5233893,109955,-65973,0,0,0,236,307,222,257,208,293,304,259,272,162,223,130,0,
2,1775671366192,1268,961,9791,472809,57421,-29321,0,0,0,424,501,337,443,417,475,562,492,345,245,213,388,0,
1,1775671366208,-4173,4546,8035,-5687155,139277,-35430,0,0,0,236,306,221,259,209,294,309,262,275,164,224,130,0,
2,1775671366208,1292,938,9815,437379,20769,-46425,0,0,0,430,505,336,445,419,479,560,476,355,243,205,396,0,
1,1775671366224,-4766,4067,9566,-6173404,-62308,-249233,0,0,0,237,306,224,258,207,296,312,265,278,167,224,130,0,
2,1775671366224,1349,923,9887,416610,-18325,-65973,0,0,0,439,508,339,446,422,480,559,461,363,242,196,406,0,
1,1775671366240,-5254,3297,11466,-6644992,-531452,-660956,0,0,0,237,305,228,258,207,298,312,266,280,165,224,131,0,
2,1775671366240,1325,871,9944,416610,-62308,-80634,0,0,0,446,510,340,454,429,491,560,447,366,245,190,421,0,
1,1775671366256,-5427,2488,13184,-6852686,-888198,-1185078,0,0,0,235,304,229,257,207,300,309,265,280,163,224,133,0,
2,1775671366256,1244,808,9959,420275,-87964,-87964,0,0,0,450,512,337,460,433,495,543,425,374,240,176,432,0,
1,1775671366272,-6116,1521,15434,-6998072,-1183856,-1824043,0,0,0,233,305,229,257,207,300,310,265,281,161,222,132,0,
2,1775671366272,1167,756,9978,430049,-79412,-89186,0,0,0,457,517,340,454,431,496,478,394,390,238,171,441,0,
1,1775671366288,-7236,789,17836,-7114136,-1437976,-2204001,0,0,0,232,306,229,258,208,301,313,265,282,160,221,131,0,
2,1775671366288,1182,693,10035,448375,-46425,-91629,0,0,0,461,517,336,464,443,504,543,387,384,241,167,453,0,
1,1775671366304,-8193,43,20717,-7263187,-1705535,-2383596,0,0,0,234,306,230,259,208,301,312,263,279,162,224,131,0,
2,1775671366304,1282,598,10088,481361,-7330,-107512,0,0,0,468,518,339,464,463,504,539,356,384,251,167,474,0,
1,1775671366320,-9088,-904,24173,-7364591,-1913229,-2421469,0,0,0,235,307,230,258,210,301,312,264,282,162,224,128,0,
2,1775671366320,1316,516,10078,513126,10995,-130725,0,0,0,479,527,341,473,473,512,530,336,384,255,168,493,0,
1,1775671366336,-10734,-2665,28561,-7324274,-2059837,-2464230,0,0,0,235,306,230,258,205,301,320,264,284,166,221,127,0,
2,1775671366336,1359,449,10117,551000,32986,-153938,0,0,0,484,529,336,481,472,521,519,308,380,326,223,512,0,
1,1775671366352,-12218,-6025,31930,-7235087,-2333505,-2560747,0,0,0,233,305,227,259,206,302,321,263,284,165,214,128,0,
2,1775671366352,1430,416,10327,612086,57421,-183259,0,0,0,491,538,339,483,479,523,508,280,386,347,234,535,0,
1,1775671366368,-11141,-13596,33945,-7072597,-3197268,-2615724,0,0,0,233,307,227,263,208,304,318,258,284,166,215,127,0,
2,1775671366368,1526,382,10705,751364,56199,-223576,0,0,0,501,547,343,496,500,515,495,255,388,320,212,553,0,
1,1775671366384,-7389,-23512,33381,-6718295,-3803246,-2441017,0,0,0,231,309,227,264,209,305,318,257,288,171,219,129,0,
2,1775671366384,1588,291,10997,939510,24434,-255341,0,0,0,509,549,336,504,506,525,475,235,390,296,192,567,0,
1,1775671366400,-1842,-36290,26972,-5733581,-3560122,-1761735,0,0,0,233,314,227,265,213,303,326,264,292,172,218,128,0,
2,1775671366400,1598,263,11634,1183856,26878,-285884,0,0,0,514,551,320,504,503,538,448,222,392,287,189,581,0,
1,1775671366416,3900,-45589,18841,-4045149,-2982244,-320093,0,0,0,234,315,225,265,212,301,325,263,289,172,220,126,0,
2,1775671366416,1445,263,12419,1511280,69638,-301767,0,0,0,517,558,301,508,509,542,418,217,393,281,188,591,0,
1,1775671366432,12294,-50715,13974,-1959655,-1933999,1395216,0,0,0,234,312,223,266,213,300,323,262,283,171,223,123,0,
2,1775671366432,1234,153,13022,1933999,117286,-305432,0,0,0,520,566,283,515,522,547,385,214,395,273,179,598,0,
1,1775671366448,14577,-46532,15094,36651,101403,1903456,0,0,0,230,303,229,262,216,296,332,301,280,178,269,119,0,
2,1775671366448,1421,76,13677,2438574,138055,-298102,0,0,0,524,567,266,515,532,546,349,209,398,271,179,604,0,
1,1775671366464,8614,-34529,17453,1815491,1899790,1599245,0,0,0,233,280,203,265,196,273,381,364,266,227,346,103,0,
2,1775671366464,2459,105,14721,3062878,40317,-367740,0,0,0,522,560,250,505,531,543,315,205,395,271,184,611,0,
1,1775671366480,-3546,-1402,19870,3209485,3386636,603534,0,0,0,243,257,161,276,169,247,441,420,249,289,393,86,0,
2,1775671366480,3292,23,15864,3775147,-108734,-552222,0,0,0,530,554,244,493,524,531,279,184,400,278,181,616,0,
1,1775671366496,-8365,23828,12782,3640756,4296826,-873537,0,0,0,244,248,149,281,164,247,467,467,254,323,417,81,0,
2,1775671366496,3570,220,17315,4566828,-196698,-786794,0,0,0,523,546,239,489,522,541,270,163,398,264,168,595,0,
1,1775671366512,-411,10423,9375,4813618,3703065,-1447750,0,0,0,241,244,141,291,163,262,483,483,263,369,436,81,0,
2,1775671366512,4249,497,19530,5462356,-237015,-1042136,0,0,0,523,539,251,483,493,535,270,155,405,258,160,556,0,
1,1775671366528,7303,-4737,20454,5749463,1407433,-471587,0,0,0,247,249,172,296,164,275,501,501,273,395,446,83,0,
2,1775671366528,5326,378,23646,6552140,-218689,-1345125,0,0,0,490,503,256,477,480,534,262,147,401,221,137,471,0,
1,1775671366544,3297,-4230,26058,4707327,84299,714712,0,0,0,259,272,226,312,176,309,510,510,296,411,457,105,0,
2,1775671366544,5699,890,28777,7649254,79412,-1605353,0,0,0,414,472,218,457,457,501,264,153,375,233,140,399,0,
1,1775671366560,-5393,0,20363,2488664,-57421,777020,0,0,0,260,280,262,320,189,355,514,514,325,426,462,140,0,
2,1775671366560,5570,1957,32103,8516683,525344,-1786169,0,0,0,354,453,209,411,421,453,285,174,338,186,122,349,0,
1,1775671366576,-4580,138,11782,1072679,109955,-133168,0,0,0,284,298,264,347,212,374,534,534,332,445,481,195,0,
2,1775671366576,5824,2933,33893,9211847,1056796,-2003637,0,0,0,285,430,218,355,381,400,298,227,292,148,131,253,0,
1,1775671366592,-1899,-124,9059,607200,58643,-362853,0,0,0,306,315,265,351,218,370,547,545,328,451,498,226,0,
2,1775671366592,8528,5288,29710,9491624,1789835,-2459343,0,0,0,272,428,235,333,366,386,304,253,282,131,136,212,0,
1,1775671366608,-1359,134,9719,439822,-30543,-157603,0,0,0,315,319,266,355,220,368,551,542,327,450,511,257,0,
2,1775671366608,10571,10394,18769,9222843,2302961,-3381749,0,0,0,274,431,243,332,367,390,309,279,287,117,124,204,0,
1,1775671366624,-2550,670,10284,290771,51312,6108,0,0,0,314,346,268,357,239,379,555,537,335,450,514,279,0,
2,1775671366624,6503,13132,14524,7746992,1087340,-4258952,0,0,0,273,432,243,335,370,393,313,293,285,110,112,202,0,
1,1775671366640,-2732,928,10074,216246,177150,30543,0,0,0,316,366,275,361,254,390,554,521,343,441,512,293,0,
2,1775671366640,966,18769,11868,4320038,-900415,-3867998,0,0,0,269,434,240,336,371,389,317,294,278,110,111,201,0,
1,1775671366656,-2148,928,9978,256563,161268,23212,0,0,0,319,374,292,364,258,399,555,500,355,432,510,304,0,
2,1775671366656,1383,20837,9107,-1645670,-2516764,-1523497,0,0,0,266,435,237,336,372,387,320,293,275,112,113,202,0,
1,1775671366672,-1966,947,10160,326202,61086,37873,0,0,0,321,382,290,370,267,405,550,477,360,424,496,317,0,
2,1775671366672,5240,15228,8040,-6090326,-2746450,390953,0,0,0,267,437,237,340,373,387,321,293,274,115,112,202,0,
1,1775671366688,-2100,995,10677,403171,-37873,64751,0,0,0,325,387,281,375,278,408,541,460,359,412,464,331,0,
2,1775671366688,7997,6121,7877,-7595498,-1831373,733038,0,0,0,268,439,239,340,373,387,321,296,274,115,113,202,0,
1,1775671366704,-2139,990,12830,417831,-83077,83077,0,0,0,328,385,286,374,277,413,540,451,369,399,429,347,0,
2,1775671366704,7154,3077,6637,-7005402,-943175,-84299,0,0,0,266,438,239,340,374,387,323,300,278,114,116,203,0,
1,1775671366720,-2105,942,13285,427605,-139277,85521,0,0,0,332,378,268,378,276,413,541,427,373,381,404,360,0,
2,1775671366720,6149,2469,5963,-6449515,-365297,-664621,0,0,0,261,438,236,341,377,390,323,302,279,113,114,202,0,
1,1775671366736,-2148,765,10413,485026,-224798,79412,0,0,0,348,346,268,388,261,416,536,404,365,372,363,365,0,
2,1775671366736,5216,2541,6920,-6272364,57421,-767246,0,0,0,269,444,245,341,376,391,323,302,279,113,114,202,0,
1,1775671366752,-2278,574,8896,498466,-226020,80634,0,0,0,329,352,267,388,267,422,535,376,369,365,348,371,0,
2,1775671366752,3881,3249,8863,-6357885,394618,-371406,0,0,0,263,441,242,341,376,390,326,304,280,114,114,201,0,
1,1775671366768,-2378,488,9246,456927,-133168,94073,0,0,0,329,352,264,388,271,421,534,371,369,363,348,379,0,
2,1775671366768,3843,3747,10141,-6519153,636521,268780,0,0,0,263,442,244,341,376,390,326,307,281,191,160,200,0,
1,1775671366784,-2345,469,9657,416610,-42760,109955,0,0,0,332,365,270,388,286,431,529,359,371,355,334,396,0,
2,1775671366784,5230,3522,11002,-6695083,1102000,966388,0,0,0,266,443,246,340,377,390,326,307,282,133,127,200,0,
1,1775671366800,-2201,435,9609,382401,4886,117286,0,0,0,333,378,270,389,286,430,533,352,376,347,326,408,0,
2,1775671366800,5427,2909,12830,-6811147,1795943,1376890,0,0,0,263,442,243,340,377,391,324,305,281,115,117,203,0,
1,1775671366816,-2072,392,9557,359188,3665,112399,0,0,0,337,379,267,392,289,429,535,334,374,344,315,418,0,
2,1775671366816,4508,2388,15596,-6897890,2228436,1644449,0,0,0,264,443,243,344,378,393,328,303,282,118,118,203,0,
1,1775671366832,-2029,363,9696,356745,-21991,107512,0,0,0,344,387,267,397,294,438,532,318,380,336,304,428,0,
2,1775671366832,4206,1928,18080,-6958976,2221106,1678657,0,0,0,263,442,243,345,377,393,328,304,283,116,117,202,0,
1,1775671366848,-2105,301,9853,387288,-79412,114842,0,0,0,348,387,267,406,298,450,528,301,384,333,292,443,0,
2,1775671366848,4489,1512,20689,-7017619,2236988,1577254,0,0,0,260,441,244,341,375,391,328,307,284,114,117,201,0,
1,1775671366864,-2211,224,9892,436157,-150272,142942,0,0,0,350,381,264,411,296,453,524,287,388,323,271,456,0,
2,1775671366864,4996,1320,24948,-7072597,2379930,1403768,0,0,0,262,442,245,341,375,390,331,307,286,115,116,200,0,
1,1775671366880,-2321,153,9830,492357,-219911,184481,0,0,0,353,384,265,414,295,458,517,275,393,310,250,469,0,
2,1775671366880,5111,693,29877,-7131240,2535090,1444085,0,0,0,262,439,244,344,375,392,332,303,288,115,113,201,0,
1,1775671366896,-2388,105,9882,551000,-291993,238237,0,0,0,361,391,266,417,299,469,506,263,405,297,233,484,0,
2,1775671366896,4230,-2885,34395,-7215540,2695137,1924225,0,0,0,261,437,244,347,375,398,337,301,293,113,108,201,0,
1,1775671366912,-2560,95,10227,635299,-322536,288328,0,0,0,378,391,262,428,309,480,496,254,424,287,218,503,0,
2,1775671366912,2823,-12069,35965,-7078706,2794097,2552194,0,0,0,266,439,246,351,374,399,343,297,291,117,111,201,0,
1,1775671366928,-2761,-9,10533,783129,-282219,351858,0,0,0,395,396,259,454,322,496,484,241,426,287,201,525,0,
2,1775671366928,2737,-25522,34295,-6443406,2298075,2791654,0,0,0,268,440,245,353,378,399,346,299,297,119,113,203,0,
1,1775671366944,-2636,-134,10835,946841,-246789,406836,0,0,0,382,400,256,463,327,506,475,222,417,274,176,541,0,
2,1775671366944,4374,-40186,24369,-4786740,1485624,1711644,0,0,0,271,446,245,355,378,402,348,299,297,121,114,204,0,
1,1775671366960,-2450,-138,11395,1158200,-254119,426383,0,0,0,399,404,251,465,337,507,461,222,431,280,183,554,0,
2,1775671366960,335,-48197,15979,-2812423,1665218,-173485,0,0,0,271,441,242,355,377,401,353,297,295,121,111,203,0,
1,1775671366976,-2230,-186,11931,1417207,-291993,421497,0,0,0,420,411,232,483,365,526,437,205,425,279,176,568,0,
2,1775671366976,-11830,-48178,15261,-675616,1734857,-1966986,0,0,0,250,432,233,352,381,395,360,368,288,141,176,191,0,
1,1775671366992,-1861,-392,12251,1758070,-381179,376292,0,0,0,412,420,208,480,391,515,404,202,448,263,162,577,0,
2,1775671366992,-16295,-40660,20157,891863,26878,-1993864,0,0,0,240,399,207,347,363,383,408,449,267,173,239,179,0,
1,1775671367008,-2220,-526,12591,2108706,-481361,321315,0,0,0,402,420,200,486,383,521,371,191,440,254,154,577,0,
2,1775671367008,-6312,-11165,22234,2651155,-2948035,-766025,0,0,0,245,377,187,332,337,364,438,489,264,173,257,174,0,
1,1775671367024,-3359,-555,13285,2550973,-536339,372627,0,0,0,413,424,204,471,377,535,324,180,456,248,152,578,0,
2,1775671367024,5498,14879,14410,3852116,-4702440,511905,0,0,0,256,372,186,339,335,379,471,493,283,199,297,178,0,
1,1775671367040,-4326,-516,14256,3131295,-500909,572991,0,0,0,418,420,215,448,369,537,259,162,454,227,131,578,0,
2,1775671367040,2957,8308,11409,4904026,-3423288,1169196,0,0,0,265,380,192,349,341,393,495,500,295,212,323,185,0,
1,1775671367056,-4972,-425,15467,3896098,-364075,882089,0,0,0,417,411,214,442,382,529,232,153,468,203,117,564,0,
2,1775671367056,-4886,-1895,17994,5485569,-1317025,1073901,0,0,0,266,388,208,360,349,402,506,508,302,212,324,194,0,
1,1775671367072,-5728,-411,17367,4685336,-278554,1218065,0,0,0,423,411,218,429,376,521,223,151,481,175,103,523,0,
2,1775671367072,-5742,-1976,23148,4746422,-156381,-18325,0,0,0,265,398,234,368,356,412,520,520,309,212,317,204,0,
1,1775671367088,-7293,-732,20751,5505117,-312763,1565036,0,0,0,417,405,217,411,356,506,208,138,452,165,96,461,0,
2,1775671367088,4,1167,20325,3446501,52534,-670730,0,0,0,274,419,265,374,367,419,537,539,310,228,323,220,0,
1,1775671367104,-9715,-751,24512,6443406,-244346,2008524,0,0,0,378,376,200,389,321,469,185,128,395,159,96,388,0,
2,1775671367104,4508,1813,12548,1942551,-37873,-221133,0,0,0,294,446,295,389,381,429,534,549,314,248,327,244,0,
1,1775671367120,-11337,-756,27671,7285178,-18325,2548529,0,0,0,324,344,188,351,278,418,182,145,351,136,97,310,0,
2,1775671367120,2330,244,10442,1100779,-109955,204028,0,0,0,323,467,314,405,389,438,518,549,329,247,314,269,0,
1,1775671367136,-10236,315,29542,7803192,280998,2990796,0,0,0,276,326,199,302,254,366,217,182,320,123,115,223,0,
2,1775671367136,808,-239,10571,453262,-235793,232128,0,0,0,345,469,322,412,399,441,562,570,316,301,357,282,0,
1,1775671367152,-10461,2900,28963,8236906,410501,3287676,0,0,0,238,297,192,271,228,305,264,226,279,136,178,129,0,
2,1775671367152,847,588,10849,144164,-340862,50090,0,0,0,364,483,331,418,395,444,564,569,312,289,345,293,0,
1,1775671367168,-12725,7619,21875,8445822,-3665,3595552,0,0,0,260,286,211,264,188,286,297,238,282,152,200,128,0,
2,1775671367168,1062,1330,10327,48869,-320093,-13439,0,0,0,376,485,335,421,401,447,568,569,325,275,326,302,0,
1,1775671367184,-12404,11040,13807,8076860,-522900,4040262,0,0,0,259,293,211,265,195,286,302,253,284,162,222,126,0,
2,1775671367184,1043,1517,10136,24434,-221133,0,0,0,0,383,485,337,423,402,451,563,563,322,253,305,308,0,
1,1775671367200,-6838,13687,10524,6140417,-368962,3744603,0,0,0,241,302,215,258,200,287,299,255,280,155,218,120,0,
2,1775671367200,1000,1502,10275,50090,-149051,6108,0,0,0,385,486,339,418,396,447,566,566,322,276,322,309,0,
1,1775671367216,-2857,17946,10117,1363451,785572,1181413,0,0,0,239,304,220,256,200,292,297,256,276,150,218,128,0,
2,1775671367216,938,1588,10284,122173,-102625,-19547,0,0,0,390,488,341,418,397,448,568,568,319,281,317,315,0,
1,1775671367232,-4058,16731,9844,-3257133,1780061,-1577254,0,0,0,238,306,218,256,200,289,300,258,276,156,219,127,0,
2,1775671367232,885,1665,10189,222354,-36651,-39095,0,0,0,396,490,339,423,400,454,566,561,318,285,315,319,0,
1,1775671367248,-7499,10260,7982,-4913799,1696983,-2243097,0,0,0,235,308,219,254,201,290,301,258,275,157,220,126,0,
2,1775671367248,885,1651,10098,321315,31764,-36651,0,0,0,403,493,342,426,405,457,568,555,323,260,283,326,0,
1,1775671367264,-8753,5733,5862,-5120272,899193,-1541823,0,0,0,232,308,221,254,200,291,303,259,276,155,220,123,0,
2,1775671367264,952,1541,10016,389732,73303,-26878,0,0,0,407,493,339,426,404,456,567,548,331,240,256,332,0,
1,1775671367280,-6834,4876,5355,-5099503,-118507,-400727,0,0,0,232,307,220,255,200,292,307,260,278,157,220,123,0,
2,1775671367280,1081,1340,9892,412944,75747,-17104,0,0,0,409,494,335,427,406,455,560,535,335,247,249,339,0,
1,1775671367296,-3866,5202,7116,-5638286,-420275,107512,0,0,0,231,305,219,255,201,292,309,261,280,161,222,126,0,
2,1775671367296,1158,1234,9810,383623,41538,-23212,0,0,0,415,498,335,432,411,457,554,521,335,251,241,350,0,
1,1775671367312,-2129,4910,9121,-6240599,-261450,193033,0,0,0,230,305,221,257,202,294,310,261,280,160,223,124,0,
2,1775671367312,1201,1206,9791,346971,-7330,-36651,0,0,0,421,501,336,438,413,462,554,507,336,245,228,361,0,
1,1775671367328,-2335,4063,10466,-6599788,-188146,-3665,0,0,0,233,307,224,258,201,295,309,263,280,159,224,123,0,
2,1775671367328,1201,1215,9853,339641,-54977,-48869,0,0,0,426,505,336,443,418,467,555,495,342,248,219,375,0,
1,1775671367344,-2608,3484,11538,-6783047,-465479,-241902,0,0,0,233,306,228,257,200,298,308,263,280,161,224,127,0,
2,1775671367344,1186,1215,9897,349414,-95294,-59864,0,0,0,431,510,336,446,422,473,556,484,346,247,211,393,0,
1,1775671367360,-2196,3326,12998,-6908885,-938289,-592539,0,0,0,229,302,250,255,199,311,310,263,293,159,223,136,0,
2,1775671367360,1124,1158,9911,371406,-131946,-68416,0,0,0,441,517,341,446,424,480,550,466,352,247,201,408,0,
1,1775671367376,-2134,3053,14821,-7013954,-1111774,-963945,0,0,0,233,306,241,259,205,307,309,266,288,163,228,129,0,
2,1775671367376,1014,1048,9911,382401,-136833,-65973,0,0,0,456,531,351,449,432,483,545,452,349,248,196,417,0,
1,1775671367392,-2799,2502,17047,-7078706,-1284038,-1247386,0,0,0,233,307,225,261,206,304,307,264,282,163,228,127,0,
2,1775671367392,971,990,9973,398284,-120951,-61086,0,0,0,461,528,347,458,440,497,543,431,353,256,189,440,0,
1,1775671367408,-3488,1770,19444,-7109249,-1527163,-1270599,0,0,0,233,310,225,257,204,299,313,270,283,163,229,121,0,
2,1775671367408,1048,985,10102,442266,-105068,-63529,0,0,0,471,530,346,459,444,501,535,411,376,270,188,453,0,
1,1775671367424,-4139,622,22493,-7150788,-1662775,-1182635,0,0,0,236,311,230,261,206,300,315,269,283,163,229,124,0,
2,1775671367424,1124,909,10165,499687,-96516,-75747,0,0,0,486,538,351,466,457,511,531,384,381,259,181,472,0,
1,1775671367440,-5412,-684,25762,-7100697,-1634675,-1219287,0,0,0,234,307,234,260,202,302,313,265,284,165,226,126,0,
2,1775671367440,1182,780,10155,557109,-81855,-103847,0,0,0,492,543,354,470,464,512,526,354,386,259,179,491,0,
1,1775671367456,-7413,-3096,29667,-6864903,-1684766,-1649336,0,0,0,235,306,235,261,201,304,311,260,285,164,220,125,0,
2,1775671367456,1306,689,10217,609643,-48869,-146607,0,0,0,498,548,359,476,473,512,519,323,390,262,173,507,0,
1,1775671367472,-9011,-7614,32744,-6624222,-2133141,-2348165,0,0,0,234,308,233,262,202,305,309,257,287,163,218,124,0,
2,1775671367472,1454,622,10485,690277,-10995,-212581,0,0,0,505,553,356,483,481,518,505,291,393,262,170,526,0,
1,1775671367488,-8303,-17434,33682,-6371324,-3006678,-2967583,0,0,0,231,309,232,263,203,308,305,254,292,165,220,124,0,
2,1775671367488,1430,583,10863,834441,-29321,-272445,0,0,0,510,558,351,487,489,523,482,261,395,276,182,548,0,
1,1775671367504,-4637,-29772,30289,-5905845,-3331659,-2967583,0,0,0,231,311,232,264,207,311,307,255,296,184,218,133,0,
2,1775671367504,1330,574,11256,1016479,-63529,-304210,0,0,0,515,565,342,489,496,526,458,234,396,287,189,567,0,
1,1775671367520,1904,-43708,22100,-4697553,-2946813,-2134363,0,0,0,233,314,233,264,208,314,311,259,300,195,220,141,0,
2,1775671367520,1277,574,12017,1284038,-65973,-317649,0,0,0,521,572,321,494,504,531,432,217,398,281,181,584,0,
1,1775671367536,10256,-51820,14874,-2456899,-1780061,-326202,0,0,0,232,313,232,264,205,313,311,261,301,174,232,129,0,
2,1775671367536,1134,536,13017,1710422,-29321,-326202,0,0,0,526,575,303,501,515,533,397,221,400,277,178,595,0,
1,1775671367552,14730,-51466,12912,-235793,-42760,1342681,0,0,0,224,306,221,264,204,303,326,284,294,188,260,117,0,
2,1775671367552,976,425,13768,2232101,-8552,-320093,0,0,0,526,574,282,498,525,528,356,222,389,274,184,603,0,
1,1775671367568,9873,-37391,16779,1440420,1506393,1711644,0,0,0,224,282,196,265,196,280,383,375,273,245,348,96,0,
2,1775671367568,1335,397,14486,2806314,-72082,-305432,0,0,0,531,575,267,494,531,527,307,221,384,280,194,610,0,
1,1775671367584,-1287,-4383,19076,3134960,3207042,1188743,0,0,0,246,248,161,271,161,248,450,425,254,292,399,86,0,
2,1775671367584,2359,397,15405,3444058,-249233,-379958,0,0,0,534,573,267,488,539,537,276,217,390,278,193,604,0,
1,1775671367600,-8877,18430,13529,4085466,4207639,152716,0,0,0,253,245,152,281,159,250,466,467,270,331,415,80,0,
2,1775671367600,3177,406,16530,4136779,-455705,-546113,0,0,0,539,565,261,478,527,527,261,200,385,268,180,596,0,
1,1775671367616,-2483,6508,13065,5299866,3094643,-491135,0,0,0,240,246,140,290,164,261,474,474,279,368,424,81,0,
2,1775671367616,4163,502,18181,4894252,-645073,-800233,0,0,0,534,553,259,474,524,527,258,165,386,253,165,569,0,
1,1775671367632,5699,-4771,21100,5770233,919963,-278554,0,0,0,253,251,167,300,168,288,464,471,303,385,433,94,0,
2,1775671367632,5005,545,20909,5801998,-834441,-1139874,0,0,0,519,538,257,467,513,518,250,158,384,232,151,500,0,
1,1775671367648,2191,-2493,23507,4299269,-58643,718377,0,0,0,269,269,202,320,173,299,496,499,311,419,439,94,0,
2,1775671367648,5273,378,25058,6743952,-992045,-1446528,0,0,0,461,513,234,449,494,496,257,159,365,218,148,433,0,
1,1775671367664,-4580,76,17774,2443460,-51312,723264,0,0,0,266,286,242,328,196,345,511,512,337,424,448,137,0,
2,1775671367664,6360,1182,28705,7645589,-806342,-1683544,0,0,0,387,490,222,420,458,464,270,171,340,197,136,382,0,
1,1775671367680,-4919,-81,11342,1192408,113620,-70860,0,0,0,287,314,254,347,216,367,520,521,339,433,463,188,0,
2,1775671367680,6949,2680,30294,8401840,-311541,-1952325,0,0,0,326,462,221,376,414,425,278,213,302,160,121,323,0,
1,1775671367696,-1895,-564,9729,559552,102625,-305432,0,0,0,308,317,258,358,214,368,534,531,340,438,467,220,0,
2,1775671367696,8164,3675,29968,9072570,475253,-2367713,0,0,0,277,436,230,338,373,385,295,244,273,134,123,240,0,
1,1775671367712,-1210,81,10385,249233,74525,-111177,0,0,0,314,320,263,363,219,371,544,535,349,441,473,243,0,
2,1775671367712,10122,5384,23790,9293703,1056796,-3057991,0,0,0,261,429,238,330,362,375,309,266,271,120,119,202,0,
1,1775671367728,-1943,746,10500,191811,54977,-1221,0,0,0,319,327,263,367,226,378,549,528,354,443,474,267,0,
2,1775671367728,11452,7815,16377,8912523,939510,-3919311,0,0,0,271,435,242,338,370,384,314,289,278,127,116,203,0,
1,1775671367744,-2278,1038,10098,211359,40317,15882,0,0,0,328,323,265,370,222,384,550,515,353,438,462,286,0,
2,1775671367744,7700,11007,13902,7534411,332310,-4188092,0,0,0,278,438,242,340,374,385,315,296,274,130,119,199,0,
1,1775671367760,-1986,928,9882,272445,26878,9773,0,0,0,333,326,268,376,230,392,549,498,350,432,453,302,0,
2,1775671367760,550,18147,10744,4062253,-642630,-2454456,0,0,0,274,439,239,338,375,382,314,295,267,114,112,198,0,
1,1775671367776,-1809,871,10098,324980,-29321,32986,0,0,0,332,322,263,377,238,392,551,475,357,425,437,316,0,
2,1775671367776,966,18918,7939,-1076344,-1819156,1181413,0,0,0,268,438,235,336,372,378,316,296,263,114,112,199,0,
1,1775671367792,-1852,923,10241,371406,-107512,53756,0,0,0,348,327,262,385,232,397,544,455,370,420,406,322,0,
2,1775671367792,6700,12452,6427,-4814839,-2252871,3528357,0,0,0,271,439,235,337,373,378,319,299,265,114,112,197,0,
1,1775671367808,-1909,1028,9294,388510,-155159,68416,0,0,0,346,325,260,384,233,398,544,446,375,407,406,336,0,
2,1775671367808,10988,4565,5963,-5949827,-1406211,3081204,0,0,0,274,442,239,341,377,382,321,301,267,116,112,197,0,
1,1775671367824,-1952,1009,8265,390953,-167377,75747,0,0,0,347,337,261,385,250,409,536,429,383,391,385,348,0,
2,1775671367824,8466,3455,5939,-5791002,-478918,1478293,0,0,0,273,442,238,340,376,381,321,301,266,117,114,199,0,
1,1775671367840,-1986,775,8915,438601,-197920,75747,0,0,0,342,337,257,381,249,404,541,415,369,378,368,353,0,
2,1775671367840,5594,3383,6322,-5834984,-43982,293215,0,0,0,270,442,238,340,375,381,319,299,264,116,115,199,0,
1,1775671367856,-2033,569,9719,452040,-204028,76969,0,0,0,338,340,260,388,252,409,541,401,377,372,353,358,0,
2,1775671367856,4489,2747,7150,-5997474,-28099,-240680,0,0,0,268,442,241,341,377,383,319,301,265,116,113,198,0,
1,1775671367872,-2077,473,9739,412944,-167377,85521,0,0,0,331,339,256,389,252,412,541,393,379,371,346,363,0,
2,1775671367872,4321,2278,8255,-6126978,163711,-469144,0,0,0,268,442,241,338,374,381,322,302,267,115,112,197,0,
1,1775671367888,-2091,449,9480,357967,-114842,94073,0,0,0,331,339,255,390,253,416,537,374,379,365,334,371,0,
2,1775671367888,4044,2938,9509,-6349333,597426,-430049,0,0,0,268,443,243,340,375,381,325,305,269,115,114,198,0,
1,1775671367904,-2053,430,9514,322536,-68416,101403,0,0,0,334,339,257,393,252,418,536,363,380,361,325,380,0,
2,1775671367904,3747,3876,11074,-6723182,1154535,-46425,0,0,0,268,445,244,344,379,385,326,305,269,117,117,199,0,
1,1775671367920,-1995,430,9662,310319,-37873,106290,0,0,0,334,340,255,397,252,420,536,362,387,358,322,390,0,
2,1775671367920,3656,3594,13079,-7067710,1621236,618195,0,0,0,267,445,244,344,379,387,326,305,269,117,117,198,0,
1,1775671367936,-1947,411,9763,305432,-18325,102625,0,0,0,337,346,254,405,255,425,534,356,395,355,318,401,0,
2,1775671367936,3838,2680,14970,-7241196,1936442,1204626,0,0,0,263,444,244,342,379,386,327,306,269,117,116,197,0,
1,1775671367952,-1938,368,9815,312763,-23212,95294,0,0,0,340,352,256,409,262,433,533,343,395,352,310,419,0,
2,1775671367952,4029,1694,17200,-7232644,2240653,1552819,0,0,0,260,443,244,339,379,384,328,307,271,116,116,197,0,
1,1775671367968,-1952,296,9877,342084,-61086,98960,0,0,0,341,356,256,410,275,445,528,322,387,344,291,436,0,
2,1775671367968,3732,1196,20205,-7143458,2480112,1676214,0,0,0,262,443,246,337,377,383,328,306,275,114,115,199,0,
1,1775671367984,-2067,253,9940,383623,-102625,118507,0,0,0,355,356,256,430,278,455,523,301,398,340,272,456,0,
2,1775671367984,3642,1258,23828,-7112914,2478891,1715309,0,0,0,264,442,249,339,376,389,327,304,279,111,114,201,0,
1,1775671368000,-2230,229,9959,439822,-124616,158824,0,0,0,361,363,264,422,269,464,522,288,405,324,248,472,0,
2,1775671368000,4407,1091,28269,-7246083,2388483,1819156,0,0,0,263,444,252,342,379,396,331,303,279,111,112,206,0,
1,1775671368016,-2412,172,9983,513126,-134390,224798,0,0,0,358,383,265,418,289,462,517,263,409,307,229,481,0,
2,1775671368016,4627,-1057,32395,-7420790,2460565,2065946,0,0,0,262,443,249,346,376,392,338,298,279,115,111,200,0,
1,1775671368032,-2584,110,10117,593761,-156381,311541,0,0,0,366,387,277,429,306,480,503,242,422,300,212,494,0,
2,1775671368032,3484,-7398,35209,-7409795,2719572,2409252,0,0,0,263,443,241,349,376,389,344,298,282,117,113,197,0,
1,1775671368048,-2493,14,10409,708603,-166155,398284,0,0,0,390,397,256,447,322,485,495,235,421,296,198,519,0,
2,1775671368048,1368,-19971,34883,-6845355,2588846,2522873,0,0,0,269,446,244,352,379,395,344,298,289,120,115,201,0,
1,1775671368064,-2206,-105,10801,873537,-175929,458148,0,0,0,395,405,245,452,341,493,484,226,430,283,185,544,0,
2,1775671368064,1000,-35477,28834,-5579643,1814269,2085493,0,0,0,268,445,241,353,379,395,346,301,290,119,112,202,0,
1,1775671368080,-2033,-148,11390,1092227,-217468,463035,0,0,0,397,414,246,450,360,509,464,218,427,273,181,561,0,
2,1775671368080,-382,-46628,18927,-3463605,1486845,487470,0,0,0,268,446,241,355,382,399,279,274,281,122,114,204,0,
1,1775671368096,-1919,-181,12117,1381777,-305432,444709,0,0,0,399,430,237,458,381,531,434,212,434,263,185,568,0,
2,1775671368096,-7843,-50059,14836,-1276708,1532050,-1402546,0,0,0,260,441,239,349,377,394,327,313,286,123,125,199,0,
1,1775671368112,-1588,-301,12624,1736079,-442266,398284,0,0,0,400,442,221,466,399,546,402,207,446,259,188,572,0,
2,1775671368112,-13965,-43182,18549,504574,299323,-2064724,0,0,0,249,429,225,348,379,390,381,408,279,139,177,192,0,
1,1775671368128,-1737,-416,12945,2133141,-580321,329867,0,0,0,402,441,210,464,404,547,372,201,442,256,183,574,0,
2,1775671368128,-8911,-19224,23340,2207666,-2128254,-1455080,0,0,0,244,393,194,343,361,376,428,461,267,161,228,182,0,
1,1775671368144,-2833,-464,13539,2613281,-667064,350636,0,0,0,400,444,201,467,399,542,332,190,443,237,167,577,0,
2,1775671368144,4642,13649,18229,3165503,-4375016,-118507,0,0,0,250,363,179,340,339,373,468,477,272,184,273,178,0,
1,1775671368160,-4005,-430,14687,3268129,-649960,564439,0,0,0,404,434,199,456,391,535,277,172,461,220,142,578,0,
2,1775671368160,6240,13917,9935,4036597,-4635245,905302,0,0,0,258,362,184,346,332,384,494,496,282,219,329,179,0,
1,1775671368176,-5216,-234,16266,4105014,-544891,900415,0,0,0,421,402,221,446,378,533,223,153,459,190,111,562,0,
2,1775671368176,-1981,411,13060,5130046,-3084869,1259604,0,0,0,262,374,195,355,334,395,512,513,289,233,352,183,0,
1,1775671368192,-6618,-9,18463,4949230,-436157,1308473,0,0,0,402,386,233,424,350,518,224,136,467,183,111,535,0,
2,1775671368192,-8561,-4656,23311,5216789,-1125213,520457,0,0,0,266,390,222,370,347,410,521,521,312,249,333,196,0,
1,1775671368208,-8446,-110,22378,5893627,-392175,1789835,0,0,0,416,379,238,422,339,502,234,123,432,178,99,462,0,
2,1775671368208,-2627,-57,23024,3960850,-665843,-310319,0,0,0,273,406,249,383,364,423,533,533,327,312,344,214,0,
1,1775671368224,-10222,-81,26580,6844134,-261450,2282192,0,0,0,355,351,192,406,318,443,191,134,376,172,104,362,0,
2,1775671368224,3048,1651,16922,2271196,-474031,-260228,0,0,0,284,428,280,394,374,431,546,547,320,222,321,239,0,
1,1775671368240,-10614,38,29695,7630928,-50090,2745228,0,0,0,294,339,198,330,279,395,190,159,360,130,101,266,0,
2,1775671368240,1947,440,11825,1119105,-266337,200363,0,0,0,299,448,294,409,386,440,552,553,329,237,320,260,0,
1,1775671368256,-9858,1770,30892,8161159,229685,3110525,0,0,0,247,306,189,289,240,332,240,208,292,129,150,174,0,
2,1775671368256,454,67,10217,551000,-96516,279776,0,0,0,328,461,312,417,394,447,566,566,326,243,319,280,0,
1,1775671368272,-11629,5077,28389,8547226,519235,3380528,0,0,0,256,288,203,269,198,293,293,236,273,145,184,132,0,
2,1775671368272,593,708,10423,364075,-78190,105068,0,0,0,340,465,317,426,399,454,563,563,318,243,312,292,0,
1,1775671368288,-14611,10882,17654,8519126,431270,3824016,0,0,0,250,292,215,261,193,287,307,254,280,152,208,124,0,
2,1775671368288,1110,1287,10361,271224,-163711,23212,0,0,0,360,476,333,426,405,464,572,572,337,245,305,324,0,
1,1775671368304,-12471,12754,11629,7578394,200363,4097684,0,0,0,238,299,216,259,197,289,302,258,280,154,221,126,0,
2,1775671368304,1105,1526,10260,254119,-173485,17104,0,0,0,365,483,328,432,410,464,570,570,336,251,299,327,0,
1,1775671368320,-6025,15601,10514,4305378,499687,2733011,0,0,0,234,302,215,257,199,289,297,257,276,155,223,126,0,
2,1775671368320,928,1531,10251,334754,-136833,10995,0,0,0,376,488,330,438,416,468,574,570,343,249,283,336,0,
1,1775671368336,-2636,17300,9705,-206472,1295034,101403,0,0,0,232,305,218,254,204,292,296,258,276,155,223,127,0,
2,1775671368336,789,1459,10270,421497,-79412,-8552,0,0,0,379,487,327,438,415,468,575,557,354,245,262,354,0,
1,1775671368352,-4173,13773,8025,-3722612,2037846,-2178345,0,0,0,234,306,222,253,201,292,299,258,277,156,222,130,0,
2,1775671368352,751,1469,10299,485026,18325,-21991,0,0,0,383,488,327,442,415,472,572,535,354,244,245,372,0,
1,1775671368368,-6264,8896,6168,-4521624,2040289,-2345722,0,0,0,236,303,220,252,197,288,303,256,275,155,221,128,0,
2,1775671368368,847,1440,10208,557109,144164,-28099,0,0,0,389,491,328,447,417,478,570,516,353,241,228,385,0,
1,1775671368384,-7408,5350,4642,-4798957,1604132,-1726305,0,0,0,238,305,221,256,199,290,306,259,277,156,222,126,0,
2,1775671368384,981,1292,10031,614530,219911,-30543,0,0,0,397,493,325,450,420,481,568,497,360,240,215,396,0,
1,1775671368400,-6585,4522,4565,-4900360,981049,-874759,0,0,0,235,302,218,259,200,293,308,260,277,160,226,127,0,
2,1775671368400,1153,1081,9868,624304,217468,-35430,0,0,0,407,494,323,454,422,483,563,472,362,273,238,401,0,
1,1775671368416,-5498,4158,5393,-5076290,701273,-350636,0,0,0,239,304,222,258,200,293,315,266,281,159,226,127,0,
2,1775671368416,1363,918,9815,582765,127059,-46425,0,0,0,417,499,324,456,423,485,560,453,360,299,254,406,0,
1,1775671368432,-5001,4024,7030,-5412266,733038,-163711,0,0,0,239,303,222,258,200,294,317,269,282,160,228,127,0,
2,1775671368432,1450,794,9810,530231,7330,-63529,0,0,0,428,502,327,457,430,489,560,446,370,244,185,430,0,
1,1775671368448,-5709,3847,8906,-5971818,748920,-377514,0,0,0,239,303,224,258,200,296,310,262,277,160,228,127,0,
2,1775671368448,1330,713,9830,471587,-106290,-79412,0,0,0,435,505,327,460,433,495,546,422,365,243,178,433,0,
1,1775671368464,-6972,3283,10552,-6527705,557109,-766025,0,0,0,238,304,223,258,201,294,316,265,280,160,228,125,0,
2,1775671368464,1115,679,9868,422718,-138055,-85521,0,0,0,442,508,331,465,440,504,555,419,378,237,172,454,0,
1,1775671368480,-8399,2225,12155,-6963863,81855,-1271821,0,0,0,238,303,224,261,203,297,312,264,277,162,230,125,0,
2,1775671368480,1024,665,9935,399505,-108734,-86742,0,0,0,449,515,331,469,446,508,554,399,383,244,172,463,0,
1,1775671368496,-9279,722,14132,-7159340,-570548,-1819156,0,0,0,237,304,226,253,225,291,317,267,278,161,227,125,0,
2,1775671368496,1067,655,10007,401949,-69638,-87964,0,0,0,459,515,329,477,454,506,546,376,377,248,163,468,0,
1,1775671368512,-9853,-421,16109,-7189883,-1022588,-2219884,0,0,0,235,307,225,254,219,291,317,266,278,162,227,124,0,
2,1775671368512,1158,607,10074,425162,-40317,-97738,0,0,0,465,521,328,479,459,508,542,360,380,252,170,481,0,
1,1775671368528,-10772,-1215,18999,-7181331,-1441641,-2524095,0,0,0,234,306,224,259,203,295,314,265,277,161,227,123,0,
2,1775671368528,1244,521,10098,453262,-21991,-118507,0,0,0,463,524,324,480,460,510,545,342,384,273,181,497,0,
1,1775671368544,-11931,-1904,22565,-7174001,-1842369,-2670702,0,0,0,233,303,226,258,201,296,315,266,278,160,226,121,0,
2,1775671368544,1335,421,10107,469144,-4886,-150272,0,0,0,468,525,323,483,464,515,529,310,381,315,210,504,0,
1,1775671368560,-13223,-3058,26834,-7152010,-2229658,-2620611,0,0,0,235,305,227,256,202,294,310,267,279,160,232,119,0,
2,1775671368560,1320,358,10169,499687,-4886,-189368,0,0,0,482,531,322,487,477,515,521,289,383,311,208,526,0,
1,1775671368576,-13850,-5915,30748,-7112914,-2640159,-2453234,0,0,0,235,310,227,255,205,294,302,269,279,157,239,117,0,
2,1775671368576,1229,349,10351,581543,-25656,-213802,0,0,0,491,536,322,487,480,519,511,269,385,316,208,547,0,
1,1775671368592,-11792,-11122,33629,-7089701,-3448945,-2254092,0,0,0,233,308,225,263,207,300,315,270,283,162,236,117,0,
2,1775671368592,1296,296,10567,704938,-29321,-233350,0,0,0,495,538,320,486,478,522,492,243,387,348,220,558,0,
1,1775671368608,-3689,-20957,34295,-6873455,-4216191,-2007303,0,0,0,235,307,223,272,205,303,319,257,283,169,226,117,0,
2,1775671368608,1325,234,10954,868650,3665,-256563,0,0,0,499,543,315,488,485,523,473,228,390,332,206,570,0,
1,1775671368624,2962,-32041,29413,-6158743,-3618765,-1627344,0,0,0,233,309,223,268,206,304,320,259,288,171,228,121,0,
2,1775671368624,1440,229,11639,1110553,36651,-277332,0,0,0,507,550,307,496,498,533,456,227,395,275,175,586,0,
1,1775671368640,5068,-43660,20066,-4643797,-2268753,-206472,0,0,0,233,309,225,272,204,309,320,253,288,171,221,122,0,
2,1775671368640,1526,234,12333,1434311,52534,-310319,0,0,0,519,556,296,502,509,543,432,222,406,271,175,597,0,
1,1775671368656,10093,-50509,14161,-2734232,-1307251,1830152,0,0,0,236,309,226,270,202,306,326,253,286,179,232,117,0,
2,1775671368656,1239,95,12811,1868025,59864,-339641,0,0,0,519,560,277,503,515,539,397,217,415,272,177,598,0,
1,1775671368672,17707,-47384,15429,-540004,-127059,2874731,0,0,0,237,287,210,274,192,288,376,322,277,225,306,108,0,
2,1775671368672,1177,0,13400,2313957,76969,-340862,0,0,0,519,555,254,500,530,543,366,212,407,271,184,605,0,
1,1775671368688,10514,-26092,20626,1783726,2555860,1667662,0,0,0,238,256,170,267,168,255,431,394,259,270,370,92,0,
2,1775671368688,1737,4,14462,2869844,56199,-360410,0,0,0,526,550,248,502,530,548,324,195,403,270,179,613,0,
1,1775671368704,-3397,3613,18243,3593109,4927239,107512,0,0,0,242,254,156,271,163,248,456,446,264,310,404,86,0,
2,1775671368704,2469,0,15831,3567452,-34208,-470366,0,0,0,527,550,241,499,531,554,290,170,402,270,176,614,0,
1,1775671368720,-7590,15051,12481,4692666,5204571,-952949,0,0,0,237,253,144,283,167,257,468,469,270,349,421,85,0,
2,1775671368720,3201,153,17348,4343251,-122173,-638965,0,0,0,523,543,241,486,512,543,267,157,406,270,175,600,0,
1,1775671368736,2809,2684,17075,5549099,2748893,-857654,0,0,0,240,254,150,293,168,272,481,480,278,381,430,86,0,
2,1775671368736,4254,512,20253,5368283,-191811,-926071,0,0,0,519,527,256,479,495,536,261,148,399,256,162,544,0,
1,1775671368752,7566,-4273,25484,5186245,362853,254119,0,0,0,258,268,177,304,185,286,490,489,288,398,435,89,0,
2,1775671368752,5072,588,24627,6493497,-183259,-1226617,0,0,0,481,499,251,479,484,529,260,152,397,229,144,466,0,
1,1775671368768,-1330,-1718,22469,3302337,-43982,812450,0,0,0,271,286,209,317,215,307,501,494,303,412,444,104,0,
2,1775671368768,5608,866,29743,7676132,80634,-1481959,0,0,0,419,476,222,461,462,503,266,157,378,209,134,393,0,
1,1775671368784,-6283,244,13720,1475850,28099,183259,0,0,0,271,298,244,323,216,351,518,503,328,433,463,139,0,
2,1775671368784,5331,2053,32567,8599760,607200,-1668883,0,0,0,357,449,210,417,423,454,283,175,339,181,123,341,0,
1,1775671368800,-3699,588,8700,772133,113620,-375071,0,0,0,284,303,258,353,207,371,518,518,332,441,461,172,0,
2,1775671368800,4953,3220,32926,9254608,1295034,-1896125,0,0,0,291,427,218,360,383,404,297,224,298,136,114,250,0,
1,1775671368816,-1646,210,9069,436157,161268,-270002,0,0,0,314,317,263,368,213,369,524,523,326,446,473,203,0,
2,1775671368816,6791,5221,30069,9600358,2331061,-2278527,0,0,0,263,423,232,331,368,385,306,273,284,110,111,195,0,
1,1775671368832,-1923,449,10476,186924,219911,-47647,0,0,0,314,321,267,368,217,377,539,533,336,436,479,223,0,
2,1775671368832,8064,10839,20033,9111665,2935818,-3119077,0,0,0,269,429,240,334,373,392,312,293,289,108,112,200,0,
1,1775671368848,-2383,1072,10428,113620,251676,4886,0,0,0,320,331,263,366,224,380,544,534,332,433,483,237,0,
2,1775671368848,3948,15984,13673,7242418,1870469,-3826459,0,0,0,265,431,238,334,374,392,313,296,285,108,113,202,0,
1,1775671368864,-2167,1368,10102,175929,210137,18325,0,0,0,327,333,276,368,225,386,551,521,336,435,479,266,0,
2,1775671368864,-756,20813,11366,2029294,-965167,-2781880,0,0,0,264,431,235,333,372,386,314,296,279,111,113,202,0,
1,1775671368880,-1856,1210,10122,298102,58643,36651,0,0,0,329,339,275,377,232,397,545,499,344,428,464,287,0,
2,1775671368880,1196,18411,10332,-3530801,-2844188,-777020,0,0,0,265,433,234,334,372,383,319,298,279,113,113,202,0,
1,1775671368896,-1923,1139,10256,370184,-72082,56199,0,0,0,337,346,276,381,226,397,545,472,351,428,439,305,0,
2,1775671368896,5814,9605,8791,-6343224,-2764776,450818,0,0,0,266,437,234,335,377,386,320,301,281,113,117,203,0,
1,1775671368912,-2110,1119,10672,409279,-153938,75747,0,0,0,337,347,279,381,228,400,548,450,358,413,420,318,0,
2,1775671368912,6384,4589,6264,-6026796,-1970651,130725,0,0,0,264,437,237,339,376,388,319,301,279,113,116,202,0,
1,1775671368928,-2091,1048,11194,411723,-172263,79412,0,0,0,334,345,276,382,239,410,544,438,365,398,409,333,0,
2,1775671368928,5991,3441,4623,-5433035,-1423316,-353080,0,0,0,262,437,237,339,376,388,319,303,276,111,113,200,0,
1,1775671368944,-2153,952,10332,445931,-226020,75747,0,0,0,332,347,273,384,250,417,536,429,369,388,398,347,0,
2,1775671368944,5929,4307,4776,-5334075,-949284,-549778,0,0,0,259,436,237,338,376,388,309,301,278,111,114,197,0,
1,1775671368960,-2287,856,9451,442266,-211359,76969,0,0,0,332,351,270,384,255,416,530,411,369,378,385,355,0,
2,1775671368960,5522,4958,6408,-5721363,-299323,-378736,0,0,0,261,437,237,338,376,388,318,304,277,111,114,197,0,
1,1775671368976,-2330,775,9308,408057,-142942,85521,0,0,0,328,348,266,385,254,419,529,391,372,375,371,362,0,
2,1775671368976,5010,4919,8044,-6119647,227241,-20769,0,0,0,261,438,238,339,379,388,324,307,280,111,114,197,0,
1,1775671368992,-2268,760,9605,382401,-79412,96516,0,0,0,329,351,265,388,256,427,531,382,379,374,362,368,0,
2,1775671368992,4967,4254,9437,-6426302,693942,453262,0,0,0,263,440,242,340,379,391,322,306,282,110,116,199,0,
1,1775671369008,-2177,751,9743,394618,-70860,106290,0,0,0,334,350,266,391,257,424,534,364,384,365,345,373,0,
2,1775671369008,4828,3646,10945,-6641326,1126435,830776,0,0,0,261,439,241,341,379,393,323,306,283,112,118,198,0,
1,1775671369024,-2110,722,9772,420275,-89186,112399,0,0,0,334,347,264,399,265,426,530,347,368,356,348,385,0,
2,1775671369024,4393,3168,13065,-6809925,1415985,1117883,0,0,0,258,438,239,340,379,391,325,307,282,114,119,198,0,
1,1775671369040,-2096,650,9777,443488,-106290,111177,0,0,0,336,346,265,410,268,434,529,332,374,340,316,402,0,
2,1775671369040,4417,2603,15137,-6930877,1561371,1277930,0,0,0,259,439,239,340,379,390,325,306,282,113,118,198,0,
1,1775671369056,-2134,579,9806,470366,-120951,105068,0,0,0,338,348,265,415,269,437,530,292,377,345,278,420,0,
2,1775671369056,4886,1895,17262,-6989520,1703092,1220508,0,0,0,260,438,239,341,379,390,327,309,284,111,117,195,0,
1,1775671369072,-2225,488,9897,516791,-151494,112399,0,0,0,345,347,255,425,280,442,524,275,378,326,254,434,0,
2,1775671369072,5111,1507,19818,-7012732,1861917,1014036,0,0,0,259,438,241,342,380,391,329,311,284,110,116,194,0,
1,1775671369088,-2330,373,9949,570548,-211359,151494,0,0,0,343,350,257,437,278,462,516,256,397,305,227,453,0,
2,1775671369088,5522,1660,23665,-7081149,1987755,829554,0,0,0,257,436,240,344,379,393,331,310,283,111,116,195,0,
1,1775671369104,-2402,296,9997,620639,-274889,200363,0,0,0,349,354,258,440,277,466,512,242,402,298,204,481,0,
2,1775671369104,6350,1258,28054,-7174001,2123367,861319,0,0,0,256,434,238,342,377,390,333,307,283,111,114,195,0,
1,1775671369120,-2488,234,10131,712268,-317649,251676,0,0,0,359,365,258,435,294,480,499,233,409,294,194,495,0,
2,1775671369120,7532,-2431,32041,-7193549,2372600,1241278,0,0,0,258,435,238,342,373,390,334,303,283,112,112,197,0,
1,1775671369136,-2593,119,10409,847880,-342084,299323,0,0,0,372,375,249,444,314,494,506,228,412,293,186,513,0,
2,1775671369136,7355,-10131,33333,-6991963,2919935,1671327,0,0,0,260,435,240,349,378,399,343,304,292,117,115,199,0,
1,1775671369152,-2574,19,10887,1044579,-379958,349414,0,0,0,387,383,238,458,325,505,506,225,412,282,175,542,0,
2,1775671369152,4029,-21354,33323,-6366437,3461162,1792278,0,0,0,267,437,241,351,379,400,343,299,292,117,115,200,0,
1,1775671369168,-2445,-67,11203,1252273,-443488,378736,0,0,0,391,393,232,460,334,512,470,217,423,267,169,562,0,
2,1775671369168,-1162,-34816,28868,-5007873,2805093,1321912,0,0,0,264,432,237,352,379,402,343,299,292,118,116,201,0,
1,1775671369184,-2407,-172,11538,1456302,-502131,382401,0,0,0,381,402,223,461,355,514,436,205,438,264,169,564,0,
2,1775671369184,-4785,-45273,21368,-3277902,1802052,395840,0,0,0,267,434,238,353,380,403,345,301,292,119,115,202,0,
1,1775671369200,-2565,-181,11969,1744631,-531452,394618,0,0,0,387,398,212,469,381,523,417,208,444,262,169,566,0,
2,1775671369200,-7288,-50035,15975,-1257160,990823,-963945,0,0,0,255,430,233,352,384,399,358,351,291,126,144,196,0,
1,1775671369216,-2474,-311,12251,2061059,-543670,409279,0,0,0,400,406,214,479,397,529,406,192,449,263,168,575,0,
2,1775671369216,-10184,-46082,16946,572991,320093,-1781283,0,0,0,242,405,211,348,371,385,396,429,279,155,202,185,0,
1,1775671369232,-2670,-559,12706,2459343,-579100,414166,0,0,0,405,408,206,482,375,553,337,176,486,237,150,577,0,
2,1775671369232,-10380,-17726,23862,2624277,-1604132,-1062905,0,0,0,243,368,187,343,350,375,445,474,270,177,251,176,0,
1,1775671369248,-3857,-626,13653,3001791,-593761,526565,0,0,0,395,432,204,476,378,555,294,170,496,237,145,584,0,
2,1775671369248,363,14218,16917,3670078,-4084244,962723,0,0,0,254,351,177,343,335,378,485,492,279,199,299,173,0,
1,1775671369264,-4967,-497,14955,3674965,-500909,768468,0,0,0,405,419,211,464,378,565,205,147,501,199,120,578,0,
2,1775671369264,2440,13749,9849,4533841,-4469090,2068389,0,0,0,262,361,181,350,331,390,509,513,295,240,358,174,0,
1,1775671369280,-6216,-268,16917,4503298,-345749,1144761,0,0,0,405,397,216,439,375,553,221,147,495,170,100,559,0,
2,1775671369280,-6293,-741,16860,5290092,-2382374,1285260,0,0,0,266,373,195,364,338,401,522,521,304,249,368,183,0,
1,1775671369296,-7887,-387,19779,5342627,-311541,1569923,0,0,0,396,400,223,420,377,526,229,169,467,151,98,502,0,
2,1775671369296,-8097,-3306,24364,5106833,-626747,-169820,0,0,0,268,391,226,376,349,414,532,531,308,226,339,198,0,
1,1775671369312,-9978,-488,23780,6278472,-270002,2076941,0,0,0,381,386,206,391,349,476,197,147,410,151,99,405,0,
2,1775671369312,358,1177,22689,3736051,-64751,-856433,0,0,0,272,411,263,379,362,427,544,544,326,219,324,233,0,
1,1775671369328,-11605,-727,28279,7236309,-100181,2642603,0,0,0,338,358,192,357,309,425,178,143,360,140,97,318,0,
2,1775671369328,3752,1363,14974,2084272,-116064,-102625,0,0,0,289,437,285,395,379,432,551,551,320,228,314,249,0,
1,1775671369344,-11002,-363,31457,7902152,117286,3093421,0,0,0,278,329,193,321,268,373,198,168,333,128,114,239,0,
2,1775671369344,1832,205,10308,962723,-150272,386066,0,0,0,320,457,307,411,392,442,560,560,320,237,314,265,0,
1,1775671369360,-10533,2526,31189,8363966,288328,3365867,0,0,0,237,299,201,277,219,316,250,209,303,134,156,166,0,
2,1775671369360,521,100,10337,530231,-147829,229685,0,0,0,338,463,314,415,391,445,568,568,320,239,310,283,0,
1,1775671369376,-12012,7815,26168,8720712,194255,3610213,0,0,0,238,283,204,252,189,282,296,245,277,148,198,125,0,
2,1775671369376,813,784,10595,315206,-201585,40317,0,0,0,354,468,322,422,395,450,572,573,317,245,319,291,0,
1,1775671369392,-12428,13893,15616,8423831,-63529,4002389,0,0,0,251,290,206,264,194,288,307,257,284,153,216,122,0,
2,1775671369392,1167,1392,10313,184481,-262672,-14660,0,0,0,363,475,322,424,397,450,576,577,323,251,327,296,0,
1,1775671369408,-8274,16132,10351,6030461,207694,3881437,0,0,0,246,294,211,261,193,291,303,259,284,155,216,126,0,
2,1775671369408,1000,1493,10136,108734,-237015,2443,0,0,0,371,479,331,424,397,451,569,569,320,253,325,301,0,
1,1775671369424,-4632,18650,9662,1937664,741590,2403143,0,0,0,237,303,216,252,194,291,293,255,275,152,214,128,0,
2,1775671369424,842,1512,10208,106290,-191811,-2443,0,0,0,377,482,339,423,396,452,567,567,326,254,318,306,0,
1,1775671369440,-3886,16635,9786,-2714685,1419650,-63529,0,0,0,237,308,220,255,204,292,298,255,276,153,218,126,0,
2,1775671369440,737,1631,10256,183259,-122173,-29321,0,0,0,381,482,338,422,401,452,565,565,330,252,310,312,0,
1,1775671369456,-5527,10696,8040,-4993212,1816713,-1433089,0,0,0,237,305,215,255,201,290,304,260,276,154,218,127,0,
2,1775671369456,703,1727,10169,290771,-26878,-40317,0,0,0,385,483,334,425,405,455,565,558,327,245,289,320,0,
1,1775671369472,-7709,5431,5187,-4993212,1500285,-1175304,0,0,0,234,302,215,256,201,290,304,261,276,158,221,130,0,
2,1775671369472,794,1665,10031,397062,50090,-26878,0,0,0,392,487,338,428,404,459,568,549,329,237,260,327,0,
1,1775671369488,-7638,4130,4331,-4704884,432492,-302989,0,0,0,230,305,219,256,201,293,280,243,277,152,218,127,0,
2,1775671369488,942,1454,9954,452040,57421,-13439,0,0,0,401,489,341,431,405,461,561,535,330,245,253,331,0,
1,1775671369504,-5742,4292,5537,-4862487,-395840,173485,0,0,0,230,310,221,254,201,293,297,253,275,156,222,128,0,
2,1775671369504,995,1292,9892,450818,29321,-14660,0,0,0,406,490,336,435,408,463,558,525,333,265,250,338,0,
1,1775671369520,-3991,4814,7729,-5519778,-470366,4886,0,0,0,230,313,221,254,200,293,306,259,276,159,224,130,0,
2,1775671369520,995,1196,9820,408057,-3665,-26878,0,0,0,413,496,335,436,410,463,557,514,334,241,227,358,0,
1,1775671369536,-3790,4733,9643,-6247929,-376292,-414166,0,0,0,230,314,219,255,203,294,307,260,276,159,224,129,0,
2,1775671369536,1038,1167,9796,361632,-42760,-39095,0,0,0,421,507,334,440,413,463,555,501,338,243,219,368,0,
1,1775671369552,-4675,3737,11074,-6783047,-557109,-866206,0,0,0,229,313,221,255,205,295,307,260,277,157,224,126,0,
2,1775671369552,1067,1162,9839,339641,-95294,-48869,0,0,0,425,507,333,444,412,472,552,485,338,240,209,376,0,
1,1775671369568,-4589,2330,12701,-6999293,-1238834,-1180191,0,0,0,228,309,224,256,202,297,306,261,279,157,223,125,0,
2,1775671369568,1028,1134,9897,342084,-151494,-57421,0,0,0,433,509,334,445,417,480,547,467,348,241,203,389,0,
1,1775671369584,-3345,1708,14802,-7062823,-1695761,-1393994,0,0,0,228,307,225,258,200,299,306,261,279,159,223,127,0,
2,1775671369584,918,1095,9949,360410,-179594,-62308,0,0,0,449,519,350,448,427,485,542,450,345,238,192,408,0,
1,1775671369600,-3005,1541,17219,-7137349,-1714087,-1544267,0,0,0,228,310,226,257,201,300,306,261,280,158,225,127,0,
2,1775671369600,799,1067,10026,390953,-171042,-64751,0,0,0,465,521,348,455,436,495,540,434,353,243,186,425,0,
1,1775671369616,-3393,1139,19865,-7246083,-1764178,-1533271,0,0,0,230,311,230,256,200,304,306,261,284,156,225,128,0,
2,1775671369616,813,1024,10126,444709,-131946,-63529,0,0,0,473,528,353,454,439,497,527,406,359,242,177,444,0,
1,1775671369632,-3493,545,22947,-7356039,-1838704,-1380555,0,0,0,229,311,230,255,201,305,306,261,286,156,225,127,0,
2,1775671369632,938,976,10212,510683,-107512,-70860,0,0,0,482,536,356,461,451,504,523,380,370,244,173,462,0,
1,1775671369648,-3847,-162,26331,-7415904,-1756848,-1376890,0,0,0,229,311,231,255,200,304,307,264,285,155,225,122,0,
2,1775671369648,1072,866,10275,599869,-101403,-97738,0,0,0,488,537,349,470,464,511,521,352,379,252,173,485,0,
1,1775671369664,-5340,-1828,29925,-7364591,-1635897,-1718974,0,0,0,225,306,227,257,204,304,306,259,281,159,225,122,0,
2,1775671369664,1148,708,10318,671951,-76969,-147829,0,0,0,497,540,345,474,465,508,514,322,384,259,170,507,0,
1,1775671369680,-7312,-6604,32945,-7181331,-1964542,-2343279,0,0,0,225,302,223,259,202,301,310,258,283,161,223,121,0,
2,1775671369680,1234,598,10471,745255,-47647,-211359,0,0,0,505,547,344,481,470,510,502,292,388,265,170,527,0,
1,1775671369696,-8336,-14773,34204,-6916216,-2470339,-2740341,0,0,0,224,305,223,265,207,304,312,256,287,167,223,123,0,
2,1775671369696,1263,569,10772,850324,-61086,-277332,0,0,0,508,553,337,489,485,521,481,262,392,281,185,549,0,
1,1775671369712,-7537,-27532,31050,-6370102,-2726902,-2477669,0,0,0,224,306,224,268,207,311,314,253,289,173,223,125,0,
2,1775671369712,1186,540,11222,1017701,-101403,-316428,0,0,0,514,554,332,490,493,523,455,236,396,297,196,568,0,
1,1775671369728,-1670,-40727,22804,-5021312,-2775771,-1230282,0,0,0,227,308,227,268,204,314,299,242,294,172,219,124,0,
2,1775671369728,1067,497,11964,1296256,-120951,-324980,0,0,0,520,557,324,501,504,532,430,225,394,274,178,580,0,
1,1775671369744,9758,-49667,15635,-2869844,-2572964,310319,0,0,0,228,310,227,267,205,314,302,246,296,172,220,124,0,
2,1775671369744,813,488,12950,1715309,-78190,-315206,0,0,0,522,569,307,504,514,537,395,220,396,277,185,593,0,
1,1775671369760,15649,-49073,14773,-894306,-1089783,872315,0,0,0,227,299,222,266,201,305,332,283,289,195,261,120,0,
2,1775671369760,679,478,13831,2228436,-52534,-290771,0,0,0,522,566,288,496,523,537,356,220,397,276,187,601,0,
1,1775671369776,12280,-40507,17027,1225395,1227839,945619,0,0,0,232,275,200,267,185,279,381,354,271,243,336,103,0,
2,1775671369776,1095,454,14692,2786767,-108734,-274889,0,0,0,529,570,258,495,535,535,305,214,385,285,200,607,0,
1,1775671369792,454,-12601,20248,2932153,3089756,668286,0,0,0,244,257,165,273,168,254,439,431,253,289,388,85,0,
2,1775671369792,2115,454,15774,3455053,-257785,-359188,0,0,0,535,573,259,484,529,535,276,214,379,272,187,598,0,
1,1775671369808,-6786,13481,13945,4109901,4105014,230907,0,0,0,253,249,156,282,158,249,464,465,261,325,414,79,0,
2,1775671369808,2861,559,17123,4210083,-445931,-527787,0,0,0,545,568,264,469,525,526,257,194,379,262,180,591,0,
1,1775671369824,-3072,9830,11040,5557651,3408628,-193033,0,0,0,239,248,144,289,158,264,478,478,271,383,428,76,0,
2,1775671369824,4039,746,18947,5078733,-671951,-781907,0,0,0,529,556,255,474,518,528,251,171,381,251,171,556,0,
1,1775671369840,4307,-2703,20966,6189286,996932,53756,0,0,0,254,264,162,299,174,278,492,492,279,402,432,89,0,
2,1775671369840,5221,818,22024,6134308,-910189,-1164309,0,0,0,507,536,248,472,509,522,249,163,373,235,159,495,0,
1,1775671369856,2742,-4048,26030,5148372,-301767,801455,0,0,0,264,284,205,317,200,310,496,496,295,415,439,101,0,
2,1775671369856,5441,526,26704,7141014,-1069014,-1505171,0,0,0,449,514,234,453,489,497,259,164,355,214,145,426,0,
1,1775671369872,-4857,-1043,20746,2904053,-288328,880867,0,0,0,258,293,253,329,207,357,512,512,326,414,451,151,0,
2,1775671369872,6197,1593,30366,8015773,-834441,-1734857,0,0,0,374,488,219,418,452,460,276,181,325,190,133,369,0,
1,1775671369888,-5020,-483,12711,1281595,12217,6108,0,0,0,294,311,254,354,209,365,524,517,334,425,466,202,0,
2,1775671369888,6542,3675,32045,8807455,-280998,-2001194,0,0,0,310,455,219,374,408,417,289,222,289,162,130,297,0,
1,1775671369904,-2263,-258,9030,504574,69638,-359188,0,0,0,310,318,258,367,216,373,531,515,328,434,469,232,0,
2,1775671369904,8016,5029,30203,9347459,420275,-2412917,0,0,0,270,433,230,342,377,385,300,254,268,138,133,224,0,
1,1775671369920,-1708,234,9638,304210,28099,-145385,0,0,0,316,321,266,369,219,376,539,515,341,439,469,254,0,
2,1775671369920,10361,7073,23034,9452528,746477,-3032335,0,0,0,267,432,237,337,371,384,309,268,268,128,128,208,0,
1,1775671369936,-2402,684,10212,178372,64751,6108,0,0,0,323,327,276,374,224,388,540,517,353,444,467,283,0,
2,1775671369936,11686,8643,15104,8889310,453262,-3932750,0,0,0,274,435,240,336,374,386,313,297,274,114,111,204,0,
1,1775671369952,-2761,1000,10107,128281,152716,21991,0,0,0,333,335,272,387,224,393,542,511,357,447,466,298,0,
2,1775671369952,5589,13160,13170,6957755,-117286,-3511253,0,0,0,274,437,238,338,377,386,314,298,272,113,114,201,0,
1,1775671369968,-2273,1072,9978,211359,136833,18325,0,0,0,340,341,265,398,226,391,543,496,354,446,456,305,0,
2,1775671369968,-492,19870,9763,3004235,-928515,-851546,0,0,0,270,436,233,338,380,383,313,298,263,116,114,200,0,
1,1775671369984,-2053,1033,9997,310319,45204,42760,0,0,0,344,345,267,402,232,395,542,482,354,436,438,317,0,
2,1775671369984,856,19219,7518,-1854586,-1940107,2850297,0,0,0,266,436,232,338,380,385,313,298,266,113,114,200,0,
1,1775671370000,-2057,1019,8437,355523,-32986,65973,0,0,0,346,346,265,402,238,396,544,465,360,419,423,325,0,
2,1775671370000,7934,10184,6561,-4729318,-2230879,4345695,0,0,0,268,439,238,338,377,385,314,298,266,115,114,202,0,
1,1775671370016,-2081,1024,6642,357967,-80634,73303,0,0,0,344,351,259,399,247,389,549,440,360,408,406,333,0,
2,1775671370016,10629,4656,5896,-5469687,-1678657,3414736,0,0,0,269,438,236,335,374,383,300,298,269,116,114,201,0,
1,1775671370032,-2129,952,8207,411723,-177150,72082,0,0,0,341,359,259,396,255,393,539,424,370,392,399,349,0,
2,1775671370032,8911,3421,5929,-5612629,-882089,1663996,0,0,0,269,438,236,341,378,386,316,299,269,116,115,200,0,
1,1775671370048,-2263,784,10007,448375,-229685,72082,0,0,0,342,360,258,401,264,396,534,413,369,379,383,348,0,
2,1775671370048,6235,3469,6767,-5965709,-422718,431270,0,0,0,270,439,237,343,378,386,322,302,270,119,117,201,0,
1,1775671370064,-2354,660,9892,422718,-191811,78190,0,0,0,338,371,251,392,290,395,536,405,377,367,383,360,0,
2,1775671370064,4742,3048,7820,-6318790,-194255,-318871,0,0,0,267,439,236,341,376,385,324,305,272,117,117,200,0,
1,1775671370080,-2349,607,9370,378736,-119729,87964,0,0,0,334,373,251,390,295,399,526,386,377,368,368,368,0,
2,1775671370080,4268,2952,9083,-6696304,68416,-634078,0,0,0,265,440,237,341,377,386,325,305,269,117,116,200,0,
1,1775671370096,-2325,564,9346,355523,-75747,96516,0,0,0,345,370,250,393,306,409,526,383,373,362,365,370,0,
2,1775671370096,3828,3474,10849,-7248526,529009,-630412,0,0,0,263,439,238,341,378,386,325,304,268,118,117,202,0,
1,1775671370112,-2254,526,9547,344527,-62308,102625,0,0,0,340,362,256,393,278,426,533,365,381,362,352,374,0,
2,1775671370112,3718,3417,12754,-7695680,1032362,-138055,0,0,0,261,440,239,340,377,385,327,305,270,117,118,200,0,
1,1775671370128,-2177,497,9657,332310,-62308,103847,0,0,0,339,364,259,390,279,433,530,349,392,362,343,381,0,
2,1775671370128,4087,2507,14467,-7837401,1457524,514348,0,0,0,260,441,242,340,377,385,329,307,271,116,116,199,0,
1,1775671370144,-2144,478,9710,326202,-76969,95294,0,0,0,340,362,261,394,276,432,527,335,386,352,329,393,0,
2,1775671370144,4551,1660,16314,-7761653,1800830,1106887,0,0,0,256,440,239,341,379,386,328,308,271,118,116,200,0,
1,1775671370160,-2187,449,9801,340862,-101403,89186,0,0,0,341,367,260,397,289,431,525,324,389,347,318,410,0,
2,1775671370160,4580,1550,18817,-7815409,2065946,1466076,0,0,0,250,440,236,341,384,388,327,309,275,118,118,200,0,
1,1775671370176,-2311,392,9882,373849,-123394,97738,0,0,0,347,379,263,398,304,431,518,299,394,339,294,428,0,
2,1775671370176,4694,1407,21588,-7874052,2274862,1717753,0,0,0,255,442,242,340,390,388,334,309,276,117,118,200,0,
1,1775671370192,-2493,330,9901,426383,-136833,139277,0,0,0,358,386,267,405,307,440,514,273,394,330,261,442,0,
2,1775671370192,5163,1330,25503,-7812966,2441017,1903456,0,0,0,253,442,242,344,381,392,336,308,279,113,114,202,0,
1,1775671370208,-2660,282,9873,491135,-145385,205250,0,0,0,362,382,266,415,305,457,514,271,404,319,249,456,0,
2,1775671370208,5896,1344,30729,-7877718,2499660,2047620,0,0,0,252,442,238,348,381,391,338,307,279,114,112,197,0,
1,1775671370224,-2775,224,9873,558330,-150272,285884,0,0,0,359,383,264,423,308,465,507,275,418,297,251,475,0,
2,1775671370224,6197,-1507,35070,-8151385,2598620,2204001,0,0,0,252,442,238,350,381,396,344,302,285,115,112,197,0,
1,1775671370240,-2742,181,10179,660956,-153938,367740,0,0,0,362,395,263,429,333,475,512,258,426,284,232,499,0,
2,1775671370240,4225,-11538,36625,-7910704,2792875,2222327,0,0,0,256,442,238,354,388,399,351,304,289,119,112,200,0,
1,1775671370256,-2675,86,10614,818559,-155159,433714,0,0,0,388,397,270,446,335,494,495,222,416,286,185,529,0,
2,1775671370256,1191,-26221,34821,-6709743,2470339,1943773,0,0,0,259,442,236,359,390,403,351,306,293,118,112,201,0,
1,1775671370272,-2502,-43,11141,1033583,-180816,471587,0,0,0,385,410,264,454,362,511,476,221,412,275,181,546,0,
2,1775671370272,-392,-41823,26647,-4544837,1545489,1007927,0,0,0,261,443,237,361,389,406,352,307,294,118,114,200,0,
1,1775671370288,-2345,-124,11696,1274264,-219911,477696,0,0,0,403,426,245,464,365,515,440,214,435,264,179,569,0,
2,1775671370288,-4986,-48920,18564,-2294409,1440420,-735481,0,0,0,261,442,238,357,385,404,352,308,292,119,115,201,0,
1,1775671370304,-2153,-215,12155,1571145,-265115,450818,0,0,0,401,424,234,452,364,531,401,197,455,258,179,577,0,
2,1775671370304,-13381,-48375,17415,-401949,1112996,-2047620,0,0,0,253,439,236,351,384,400,357,349,290,123,135,198,0,
1,1775671370320,-1866,-373,12462,1920560,-349414,384845,0,0,0,412,420,217,456,399,546,382,208,453,265,175,583,0,
2,1775671370320,-13180,-37740,20311,1189965,-529009,-1808161,0,0,0,239,422,217,350,381,390,388,424,279,150,195,189,0,
1,1775671370336,-2435,-445,12964,2322509,-460592,337197,0,0,0,422,423,206,466,397,545,342,187,444,260,157,586,0,
2,1775671370336,-3986,-10926,22273,2547308,-2268753,-789237,0,0,0,235,389,187,348,364,376,438,473,267,176,251,177,0,
1,1775671370352,-3866,-416,13744,2814867,-503352,438601,0,0,0,422,421,204,469,398,544,296,182,449,257,155,584,0,
2,1775671370352,8308,24508,15084,3218038,-3878994,802676,0,0,0,241,362,173,329,347,366,476,490,272,185,286,170,0,
1,1775671370368,-4680,-339,14879,3505144,-423940,719599,0,0,0,438,415,204,473,401,545,267,171,459,246,152,584,0,
2,1775671370368,3991,15089,8805,4045149,-4074471,1516167,0,0,0,244,361,175,320,355,368,501,510,282,242,370,172,0,
1,1775671370384,-5675,-215,16381,4365242,-334754,1088561,0,0,0,429,403,210,453,379,539,244,155,454,212,127,561,0,
2,1775671370384,-5867,-1861,14424,5119050,-2809980,1346346,0,0,0,254,373,187,359,345,397,507,521,285,281,419,173,0,
1,1775671370400,-6934,-191,19128,5211902,-389732,1512502,0,0,0,411,396,219,420,369,519,223,145,435,180,111,504,0,
2,1775671370400,-7705,-3115,22177,5015203,-1108109,129503,0,0,0,259,385,204,360,346,401,527,527,300,230,375,191,0,
1,1775671370416,-8456,-205,23460,6196616,-455705,1981646,0,0,0,391,381,215,397,356,485,206,143,409,165,109,431,0,
2,1775671370416,-1287,1545,22167,4133114,-197920,-753807,0,0,0,257,386,223,373,363,416,536,536,305,233,376,205,0,
1,1775671370432,-10299,325,26977,7082371,-271224,2423913,0,0,0,343,352,195,368,308,436,196,149,373,150,105,351,0,
2,1775671370432,4450,2560,16243,2791654,-95294,-445931,0,0,0,274,410,267,383,363,426,541,542,313,244,379,218,0,
1,1775671370448,-10911,1220,29380,7844731,12217,2940705,0,0,0,274,327,186,315,265,370,211,181,327,130,129,242,0,
2,1775671370448,2450,665,12309,1598023,-160046,122173,0,0,0,293,440,294,397,384,434,551,551,315,252,370,235,0,
1,1775671370464,-10519,3833,29786,8197811,245567,3320663,0,0,0,238,307,191,280,227,312,261,232,282,140,184,147,0,
2,1775671370464,636,186,10835,779464,-150272,256563,0,0,0,300,455,308,406,396,439,557,558,319,255,373,247,0,
1,1775671370480,-11016,6058,25187,8469035,403171,3622430,0,0,0,247,278,198,259,187,274,302,247,273,159,202,117,0,
2,1775671370480,875,861,10643,433714,-172263,122173,0,0,0,314,462,311,404,396,441,574,576,330,255,370,256,0,
1,1775671370496,-11945,6862,15654,8853880,370184,3843564,0,0,0,241,296,207,259,199,288,297,255,290,150,220,121,0,
2,1775671370496,1201,1354,10346,285884,-243124,47647,0,0,0,328,465,317,413,401,448,569,569,327,256,360,266,0,
1,1775671370512,-10476,10064,10902,7801970,24434,3649308,0,0,0,234,304,211,261,209,296,299,255,280,155,219,121,0,
2,1775671370512,1081,1507,10160,197920,-243124,31764,0,0,0,343,470,324,422,404,453,566,565,322,259,351,277,0,
1,1775671370528,-4546,16673,11012,2971248,460592,1580919,0,0,0,236,301,210,268,202,289,311,260,272,160,219,117,0,
2,1775671370528,952,1622,10184,188146,-197920,13439,0,0,0,351,473,328,423,404,453,566,566,323,261,345,285,0,
1,1775671370544,-3019,16496,10887,-2378709,1738522,-1314581,0,0,0,237,301,208,262,202,288,302,258,271,157,223,120,0,
2,1775671370544,861,1756,10251,251676,-144164,-9773,0,0,0,357,477,331,422,404,452,564,564,324,260,336,291,0,
1,1775671370560,-6322,9585,7719,-3979176,2109928,-2214997,0,0,0,240,302,214,264,201,290,307,258,271,158,225,121,0,
2,1775671370560,784,1818,10232,364075,-47647,-28099,0,0,0,365,481,331,425,407,453,566,564,324,262,322,299,0,
1,1775671370576,-7729,5465,4651,-4106236,1598023,-1738522,0,0,0,238,304,222,261,201,292,308,261,275,156,224,120,0,
2,1775671370576,832,1703,10078,447153,63529,-28099,0,0,0,368,482,328,429,410,459,567,557,330,262,309,310,0,
1,1775671370592,-6518,5230,3900,-4179539,875980,-827111,0,0,0,235,305,222,259,203,294,307,264,278,158,226,122,0,
2,1775671370592,961,1531,9887,488692,131946,-23212,0,0,0,374,481,329,429,409,462,566,541,331,260,297,320,0,
1,1775671370608,-4541,5489,5259,-4783074,682947,-232128,0,0,0,233,305,219,260,205,296,307,265,280,160,228,122,0,
2,1775671370608,1072,1407,9786,485026,128281,-21991,0,0,0,387,488,336,432,410,464,564,531,340,250,278,332,0,
1,1775671370624,-3914,5015,6700,-5326744,895528,45204,0,0,0,234,305,219,260,204,295,308,263,279,159,227,119,0,
2,1775671370624,1172,1325,9777,474031,97738,-28099,0,0,0,398,489,339,432,408,464,564,518,342,248,252,355,0,
1,1775671370640,-4982,4264,7796,-5761680,930958,185703,0,0,0,235,303,220,263,204,296,311,264,279,164,230,122,0,
2,1775671370640,1253,1268,9825,459370,50090,-42760,0,0,0,407,492,339,442,417,477,559,501,344,243,230,371,0,
1,1775671370656,-6001,3761,8920,-6180734,482583,245567,0,0,0,238,303,222,265,204,297,312,264,276,164,232,124,0,
2,1775671370656,1292,1182,9868,434936,-19547,-61086,0,0,0,422,505,336,448,421,484,561,484,354,243,206,388,0,
1,1775671370672,-5814,3407,10495,-6626666,-246789,67195,0,0,0,238,303,222,265,204,297,314,267,276,165,232,123,0,
2,1775671370672,1263,1124,9887,412944,-81855,-74525,0,0,0,426,499,331,447,425,486,553,465,357,243,204,394,0,
1,1775671370688,-5388,2550,12486,-6998072,-708603,-558330,0,0,0,236,305,224,264,206,298,314,267,277,164,232,122,0,
2,1775671370688,1158,1081,9901,399505,-120951,-80634,0,0,0,434,503,333,451,427,489,552,449,367,238,192,407,0,
1,1775671370704,-6183,1493,14180,-7103140,-998153,-1188743,0,0,0,236,306,225,264,209,300,314,268,279,166,234,124,0,
2,1775671370704,1062,1038,9954,406836,-117286,-79412,0,0,0,449,514,340,453,430,494,550,434,373,238,187,425,0,
1,1775671370720,-7054,808,16400,-7066489,-1446528,-1631010,0,0,0,236,306,225,264,210,300,314,269,279,166,235,124,0,
2,1775671370720,1052,1000,10040,432492,-101403,-78190,0,0,0,463,521,346,460,441,502,551,420,382,259,186,445,0,
1,1775671370736,-7284,497,19392,-7087258,-1827708,-1877799,0,0,0,232,311,224,262,218,300,311,270,279,161,235,121,0,
2,1775671370736,1139,961,10155,489913,-76969,-87964,0,0,0,468,525,346,466,450,510,547,395,388,260,182,463,0,
1,1775671370752,-7700,-90,22842,-7148345,-1966986,-1903456,0,0,0,234,308,224,265,210,300,311,268,279,164,235,121,0,
2,1775671370752,1249,909,10184,552222,-43982,-111177,0,0,0,475,528,343,471,457,514,533,362,390,252,173,479,0,
1,1775671370768,-8533,-1124,26604,-7121466,-2101376,-1817934,0,0,0,233,306,225,265,208,303,313,269,282,164,232,122,0,
2,1775671370768,1306,770,10141,601091,-4886,-146607,0,0,0,484,532,341,477,465,517,523,329,387,273,182,498,0,
1,1775671370784,-8738,-3038,30638,-6978524,-2379930,-1787391,0,0,0,236,307,227,264,206,304,311,266,286,164,230,124,0,
2,1775671370784,1397,622,10265,642630,29321,-191811,0,0,0,490,538,344,482,474,524,517,297,387,316,211,520,0,
1,1775671370800,-6446,-7738,33816,-6863681,-2862514,-2080607,0,0,0,234,309,226,263,204,302,311,264,291,162,225,122,0,
2,1775671370800,1517,574,10605,733038,28099,-248011,0,0,0,497,544,347,487,484,528,498,262,390,332,220,540,0,
1,1775671370816,-2981,-17453,35022,-6702413,-3029891,-2444682,0,0,0,230,309,224,264,205,301,310,261,294,164,225,120,0,
2,1775671370816,1679,583,11069,919963,-32986,-299323,0,0,0,505,549,340,488,489,530,483,239,387,294,190,562,0,
1,1775671370832,-2407,-30279,29222,-6068335,-2421469,-2009746,0,0,0,230,312,223,266,207,302,306,257,295,169,228,120,0,
2,1775671370832,1708,545,11706,1183856,-76969,-350636,0,0,0,521,560,344,494,497,542,455,226,392,272,175,577,0,
1,1775671370848,-33,-43153,20617,-4691445,-2072054,-564439,0,0,0,234,313,226,270,207,305,307,256,295,171,228,120,0,
2,1775671370848,1320,483,12562,1560149,-64751,-389732,0,0,0,521,571,312,497,505,533,424,225,401,275,185,592,0,
1,1775671370864,11390,-49035,15386,-2482556,-1795943,1347568,0,0,0,238,308,224,273,204,304,314,258,298,175,233,120,0,
2,1775671370864,842,459,13108,1974316,-42760,-362853,0,0,0,521,560,291,502,516,538,392,223,395,272,182,597,0,
1,1775671370880,19162,-47815,14888,-540004,-580321,1901012,0,0,0,227,303,213,268,200,292,328,277,294,188,259,116,0,
2,1775671370880,780,435,13749,2463008,-37873,-305432,0,0,0,524,568,273,504,525,546,351,221,396,272,177,604,0,
1,1775671370896,14089,-37903,17257,1291369,1479515,1147204,0,0,0,223,282,193,268,196,278,382,360,277,247,345,100,0,
2,1775671370896,1689,416,14702,3016452,-65973,-289550,0,0,0,524,563,254,492,523,538,307,210,397,266,179,606,0,
1,1775671370912,-1024,-5384,18951,2906496,3181386,80634,0,0,0,243,250,154,275,164,244,451,435,250,295,397,75,0,
2,1775671370912,2866,387,16061,3769038,-172263,-444709,0,0,0,527,556,246,490,531,544,277,190,389,267,185,609,0,
1,1775671370928,-8059,18425,13965,3905872,4052479,-662177,0,0,0,250,253,147,283,165,246,465,466,262,345,419,79,0,
2,1775671370928,3460,574,17535,4568050,-306654,-664621,0,0,0,528,549,250,485,525,542,261,169,389,263,177,593,0,
1,1775671370944,-1129,9806,11385,5158146,3219259,-879645,0,0,0,239,248,146,297,165,270,478,478,278,383,431,88,0,
2,1775671370944,4422,894,20023,5578421,-448375,-967610,0,0,0,523,534,257,480,508,537,257,158,394,246,159,541,0,
1,1775671370960,6025,-2747,20837,5854532,1018923,-219911,0,0,0,249,259,169,300,178,291,493,493,294,402,439,92,0,
2,1775671370960,5374,890,24029,6698748,-546113,-1314581,0,0,0,487,513,248,470,491,522,256,153,386,225,144,467,0,
1,1775671370976,2565,-3766,25556,4768414,-127059,784350,0,0,0,264,285,195,315,194,299,503,503,297,416,443,95,0,
2,1775671370976,5829,1225,29140,7783644,-454483,-1605353,0,0,0,418,491,224,448,469,491,266,159,363,206,136,399,0,
1,1775671370992,-4565,-698,18607,2560747,2443,571769,0,0,0,262,291,228,314,192,325,525,511,304,411,463,118,0,
2,1775671370992,5747,2703,31907,8627860,13439,-1800830,0,0,0,349,467,211,406,434,450,285,190,329,178,127,339,0,
1,1775671371008,-4474,325,11529,1176526,127059,-108734,0,0,0,271,301,253,332,201,352,520,511,346,429,468,167,0,
2,1775671371008,6058,4254,32672,9281486,632856,-2028072,0,0,0,292,439,218,353,393,407,295,237,292,140,119,272,0,
1,1775671371024,-1670,201,8767,627969,63529,-345749,0,0,0,293,309,266,352,206,359,524,517,353,444,475,197,0,
2,1775671371024,7987,6317,27915,9671218,1549154,-2521651,0,0,0,259,423,235,323,361,380,303,270,280,138,141,200,0,
1,1775671371040,-1751,263,9858,466701,64751,-120951,0,0,0,310,321,272,360,203,360,541,517,337,447,490,208,0,
2,1775671371040,9542,9983,19229,9388998,1903456,-3296228,0,0,0,267,433,240,333,371,394,312,298,290,197,160,206,0,
1,1775671371056,-2450,588,10442,311541,160046,8552,0,0,0,316,337,275,365,207,365,549,509,337,450,498,219,0,
2,1775671371056,6125,14166,13874,7715227,928515,-4079358,0,0,0,266,434,239,336,375,394,314,301,286,112,117,208,0,
1,1775671371072,-2301,880,10150,238237,206472,17104,0,0,0,319,336,282,374,217,369,549,506,337,448,493,229,0,
2,1775671371072,679,21057,10997,2737898,-1208291,-2904053,0,0,0,261,438,239,335,374,388,314,299,276,110,112,203,0,
1,1775671371088,-1895,995,10026,259006,147829,23212,0,0,0,327,332,301,373,220,376,548,498,341,443,477,244,0,
2,1775671371088,1296,21043,9557,-2981022,-2662150,-596204,0,0,0,261,437,234,334,375,385,321,303,277,110,113,200,0,
1,1775671371104,-1765,990,10212,338419,6108,40317,0,0,0,325,349,298,366,232,378,545,488,348,435,452,255,0,
2,1775671371104,5857,11744,8767,-6255260,-2619390,1023810,0,0,0,259,437,234,334,376,389,324,305,281,113,114,204,0,
1,1775671371120,-1938,1028,10323,412944,-128281,59864,0,0,0,329,335,296,372,229,387,545,472,360,417,427,280,0,
2,1775671371120,8121,4685,6791,-6638883,-1881464,1086118,0,0,0,258,440,238,339,377,392,325,306,279,112,115,204,0,
1,1775671371136,-1971,1005,8710,441044,-197920,75747,0,0,0,336,346,304,374,234,402,529,458,376,408,425,305,0,
2,1775671371136,7709,2833,4723,-5878967,-1000597,307876,0,0,0,258,442,239,340,377,391,328,309,279,114,115,204,0,
1,1775671371152,-1923,880,6144,398284,-191811,87964,0,0,0,330,346,290,364,246,402,531,430,375,392,409,318,0,
2,1775671371152,6475,3795,5039,-5808106,-427605,-184481,0,0,0,253,440,237,341,379,392,327,313,278,113,116,203,0,
1,1775671371168,-2053,737,7963,417831,-204028,83077,0,0,0,334,339,288,369,221,393,536,419,369,389,392,314,0,
2,1775671371168,5235,4536,7403,-6433632,-81855,-145385,0,0,0,255,441,238,341,382,392,326,316,279,113,116,202,0,
1,1775671371184,-2220,612,9844,436157,-189368,79412,0,0,0,333,342,290,375,222,400,534,410,368,382,378,314,0,
2,1775671371184,4910,4201,9054,-6893003,206472,210137,0,0,0,256,443,239,342,383,392,327,315,279,115,117,203,0,
1,1775671371200,-2292,555,9815,395840,-103847,90408,0,0,0,328,339,288,376,223,401,535,403,377,372,368,327,0,
2,1775671371200,5398,3273,9691,-6893003,746477,684169,0,0,0,254,442,239,342,382,394,327,314,278,116,120,204,0,
1,1775671371216,-2258,569,9408,360410,-7330,107512,0,0,0,326,344,289,376,222,407,532,391,378,370,360,336,0,
2,1775671371216,5206,2775,10897,-6797708,1357342,1097113,0,0,0,255,442,239,342,382,394,329,315,280,117,122,205,0,
1,1775671371232,-2163,588,9480,364075,51312,122173,0,0,0,325,355,284,385,235,415,530,380,380,363,351,341,0,
2,1775671371232,4455,2761,13271,-6831916,1721418,1456302,0,0,0,255,442,238,344,384,396,329,319,282,117,120,204,0,
1,1775671371248,-2033,550,9777,394618,63529,130725,0,0,0,323,368,287,384,250,428,530,364,390,355,345,353,0,
2,1775671371248,4312,2450,15620,-6983411,1855808,1640784,0,0,0,253,442,237,346,385,395,332,320,284,117,120,204,0,
1,1775671371264,-1957,497,9887,427605,50090,135612,0,0,0,324,380,294,380,261,438,530,343,402,350,338,368,0,
2,1775671371264,4556,1502,17645,-7072597,2002416,1513724,0,0,0,256,443,239,342,382,391,331,318,284,117,121,204,0,
1,1775671371280,-1947,411,9892,469144,10995,139277,0,0,0,330,389,286,393,274,436,532,326,410,344,322,383,0,
2,1775671371280,4044,1158,20095,-6974859,2155132,1142317,0,0,0,252,440,235,343,383,391,330,318,285,115,120,203,0,
1,1775671371296,-2014,248,9987,525344,-37873,150272,0,0,0,340,390,278,399,283,434,533,307,413,334,298,403,0,
2,1775671371296,3536,1880,23235,-6947981,2180788,869872,0,0,0,252,440,236,345,383,396,335,318,289,120,123,206,0,
1,1775671371312,-2167,134,10021,581543,-87964,182037,0,0,0,344,395,273,395,298,436,531,281,409,324,262,413,0,
2,1775671371312,3512,2632,27346,-7116580,2177123,864985,0,0,0,255,441,241,349,383,397,341,318,290,119,119,205,0,
1,1775671371328,-2258,105,10069,640186,-109955,233350,0,0,0,352,385,271,402,306,444,520,265,406,323,245,434,0,
2,1775671371328,3527,43,30839,-7239974,2311514,1233947,0,0,0,255,440,240,343,393,394,348,318,295,122,119,205,0,
1,1775671371344,-2416,110,10236,724486,-96516,289550,0,0,0,367,389,280,423,306,470,500,251,403,312,223,462,0,
2,1775671371344,3163,-6661,32998,-6973637,2511877,1704314,0,0,0,259,440,238,351,389,399,349,314,298,119,117,203,0,
1,1775671371360,-2550,4,10519,863763,-87964,368962,0,0,0,384,380,276,435,312,484,498,231,406,294,196,471,0,
2,1775671371360,3086,-18090,32596,-6129421,2386039,1804495,0,0,0,261,441,237,356,388,405,350,313,298,118,118,203,0,
1,1775671371376,-2397,-177,10777,1033583,-94073,443488,0,0,0,412,394,280,444,324,500,489,220,415,315,180,498,0,
2,1775671371376,2584,-30997,28193,-4889365,1966986,1247386,0,0,0,259,441,237,357,387,408,352,315,299,124,119,206,0,
1,1775671371392,-1952,-330,11217,1231504,-142942,467922,0,0,0,429,405,282,447,341,503,470,206,400,285,173,526,0,
2,1775671371392,-2244,-40358,21397,-3233920,1762957,75747,0,0,0,259,440,237,359,388,413,352,318,300,122,118,205,0,
1,1775671371408,-1770,-363,11725,1474628,-218689,450818,0,0,0,409,429,261,468,356,507,453,201,416,275,173,554,0,
2,1775671371408,-10504,-43258,18406,-1379333,1203404,-851546,0,0,0,252,436,233,357,389,409,356,355,297,125,138,201,0,
1,1775671371424,-1742,-406,12155,1773952,-300545,420275,0,0,0,402,437,239,478,367,510,417,198,427,269,170,562,0,
2,1775671371424,-12711,-42124,18631,354301,-139277,-1144761,0,0,0,243,418,217,353,380,393,386,424,285,141,184,191,0,
1,1775671371440,-1847,-545,12806,2178345,-377514,376292,0,0,0,407,437,226,490,379,519,376,188,438,258,160,565,0,
2,1775671371440,-6384,-23689,21718,2140471,-1910786,-763581,0,0,0,240,388,190,348,361,377,438,474,271,164,238,181,0,
1,1775671371456,-2613,-540,13692,2647489,-428827,390953,0,0,0,418,434,225,488,385,526,331,177,453,254,148,569,0,
2,1775671371456,2794,5178,17310,3667634,-3676187,-102625,0,0,0,246,367,175,343,345,375,477,484,272,197,298,180,0,
1,1775671371472,-3603,-430,14711,3277902,-395840,561996,0,0,0,423,427,225,463,382,528,267,170,455,231,136,567,0,
2,1775671371472,5345,14142,10772,4646241,-4098905,610865,0,0,0,256,370,181,350,343,387,496,503,282,245,368,179,0,
1,1775671371488,-4546,-421,15898,4063475,-301767,834441,0,0,0,431,410,229,438,376,528,207,160,446,193,122,553,0,
2,1775671371488,-2330,1789,16917,5341405,-2300518,775798,0,0,0,257,381,189,353,345,393,504,522,283,289,403,177,0,
1,1775671371504,-5326,-440,18152,4950451,-230907,1192408,0,0,0,451,397,239,425,373,517,193,145,433,175,107,512,0,
2,1775671371504,-6298,-2589,23340,5158146,-673173,206472,0,0,0,263,390,215,367,355,405,524,525,297,317,380,188,0,
1,1775671371520,-6235,-880,21708,5850867,-213802,1522276,0,0,0,437,411,230,403,364,488,194,134,409,165,105,435,0,
2,1775671371520,-1095,612,20971,3951076,-96516,-437379,0,0,0,268,406,234,371,359,416,530,529,313,220,333,213,0,
1,1775671371536,-8930,-2316,26187,6823364,-210137,1838704,0,0,0,382,379,213,380,336,458,166,127,395,162,116,370,0,
2,1775671371536,3172,1981,15065,2627942,-76969,-298102,0,0,0,289,433,280,389,375,428,540,540,326,250,348,229,0,
1,1775671371552,-10160,-1660,30227,7568620,-232128,2300518,0,0,0,316,373,198,350,321,415,177,166,357,143,116,301,0,
2,1775671371552,2474,693,10638,1395216,-217468,197920,0,0,0,298,449,301,399,386,435,556,556,319,251,337,240,0,
1,1775671371568,-9313,1584,31332,7970569,329867,2709798,0,0,0,248,323,198,285,250,351,218,191,346,134,141,214,0,
2,1775671371568,909,114,11026,717155,-263893,206472,0,0,0,310,461,314,406,394,441,563,563,323,245,324,259,0,
1,1775671371584,-11653,5187,28145,8382292,830776,3018896,0,0,0,232,299,206,245,178,283,281,226,278,146,183,124,0,
2,1775671371584,674,622,11146,359188,-277332,91629,0,0,0,320,463,319,413,396,448,568,569,322,244,322,265,0,
1,1775671371600,-14343,10078,20344,8575326,615752,3418401,0,0,0,249,288,219,255,187,295,294,249,284,155,216,127,0,
2,1775671371600,899,1306,10524,212581,-239459,8552,0,0,0,337,466,326,417,397,450,570,571,322,249,324,272,0,
1,1775671371616,-13065,13361,12577,7751879,-145385,3848451,0,0,0,248,295,223,259,192,302,301,256,286,155,218,128,0,
2,1775671371616,995,1560,10136,135612,-155159,-1221,0,0,0,348,471,329,416,393,446,573,575,315,267,335,278,0,
1,1775671371632,-6633,16515,10509,4348138,-290771,3040887,0,0,0,244,296,225,259,193,305,301,255,283,157,217,129,0,
2,1775671371632,961,1617,10193,118507,-111177,-6108,0,0,0,352,473,329,418,396,448,570,571,316,266,328,284,0,
1,1775671371648,-1660,17908,10969,-715934,711047,619417,0,0,0,246,294,224,264,193,306,305,253,280,160,216,129,0,
2,1775671371648,866,1718,10241,173485,-70860,-25656,0,0,0,356,474,328,421,399,450,562,562,320,251,307,291,0,
1,1775671371664,-3196,13634,10136,-3946189,2025629,-1579697,0,0,0,241,294,224,267,200,307,308,255,281,159,216,129,0,
2,1775671371664,818,1813,10189,268780,-7330,-40317,0,0,0,359,476,327,420,397,447,563,562,322,245,293,295,0,
1,1775671371680,-7322,8121,6838,-4536285,2014633,-1860695,0,0,0,228,294,224,262,208,309,304,258,282,157,219,129,0,
2,1775671371680,871,1799,10045,361632,53756,-39095,0,0,0,364,481,327,415,412,443,566,564,331,243,284,302,0,
1,1775671371696,-8700,5470,4747,-4593706,996932,-1187522,0,0,0,223,298,227,256,209,309,304,260,282,156,223,131,0,
2,1775671371696,961,1636,9897,410501,76969,-26878,0,0,0,371,486,328,407,435,442,559,552,333,240,272,310,0,
1,1775671371712,-6422,5230,5484,-4906469,24434,-448375,0,0,0,228,303,230,255,203,308,308,264,285,158,224,131,0,
2,1775671371712,1038,1478,9801,426383,68416,-20769,0,0,0,377,487,331,425,403,456,561,541,332,238,260,317,0,
1,1775671371728,-4651,5005,6929,-5324301,-136833,-173485,0,0,0,230,302,230,254,201,308,306,263,286,161,226,132,0,
2,1775671371728,1086,1397,9791,417831,39095,-24434,0,0,0,379,486,328,428,406,459,556,527,334,246,259,326,0,
1,1775671371744,-4465,4446,8518,-5833763,52534,-186924,0,0,0,224,302,228,251,209,305,307,266,285,161,227,131,0,
2,1775671371744,1134,1340,9801,400727,4886,-32986,0,0,0,394,492,332,433,406,459,555,509,331,283,279,325,0,
1,1775671371760,-5340,3866,9863,-6313903,-245567,-337197,0,0,0,227,306,232,244,229,303,310,266,286,160,228,134,0,
2,1775671371760,1172,1292,9815,387288,-41538,-43982,0,0,0,404,497,334,442,413,462,558,503,338,241,229,351,0,
1,1775671371776,-5293,3354,11438,-6743952,-812450,-577878,0,0,0,226,306,235,253,202,309,313,268,287,160,229,133,0,
2,1775671371776,1124,1220,9830,377514,-86742,-54977,0,0,0,411,499,331,444,414,472,558,486,341,295,270,363,0,
1,1775671371792,-4881,2646,13098,-7010289,-1148426,-940732,0,0,0,226,305,235,252,201,309,315,273,288,160,232,134,0,
2,1775671371792,1048,1148,9844,367740,-111177,-59864,0,0,0,419,503,331,450,421,479,564,480,352,259,221,379,0,
1,1775671371808,-5130,1694,14946,-7123910,-1379333,-1302364,0,0,0,225,304,235,257,205,312,311,268,288,159,232,132,0,
2,1775671371808,985,1119,9887,367740,-112399,-61086,0,0,0,436,511,338,448,425,485,562,464,362,240,193,400,0,
1,1775671371824,-5747,818,17161,-7061602,-1638340,-1528384,0,0,0,225,298,232,255,199,309,313,268,288,161,230,133,0,
2,1775671371824,985,1115,9968,394618,-96516,-57421,0,0,0,443,517,342,452,431,494,559,446,367,238,184,419,0,
1,1775671371840,-6240,215,20071,-7001737,-1872912,-1616349,0,0,0,228,300,234,257,201,312,310,265,287,160,228,130,0,
2,1775671371840,1005,1091,10026,433714,-81855,-59864,0,0,0,455,522,342,459,441,501,556,427,372,244,184,440,0,
1,1775671371856,-7073,-603,23551,-7009067,-2021963,-1714087,0,0,0,229,300,236,256,199,311,311,266,286,161,230,131,0,
2,1775671371856,1048,1019,10098,504574,-61086,-73303,0,0,0,470,529,345,463,448,505,552,403,380,249,180,460,0,
1,1775671371872,-8451,-2115,27226,-6977302,-2069611,-1882686,0,0,0,228,298,235,254,207,309,317,265,287,162,223,128,0,
2,1775671371872,1067,904,10169,587652,-24434,-95294,0,0,0,480,532,347,468,458,513,547,373,387,252,174,480,0,
1,1775671371888,-9844,-4938,30370,-6861238,-2199114,-2141693,0,0,0,228,298,234,256,206,309,318,263,289,164,218,126,0,
2,1775671371888,1148,808,10279,667064,28099,-120951,0,0,0,487,535,344,477,470,525,539,337,391,257,171,504,0,
1,1775671371904,-9949,-10184,32557,-6695083,-2774549,-2454456,0,0,0,232,303,234,262,198,311,320,259,291,167,217,124,0,
2,1775671371904,1464,717,10524,756251,100181,-172263,0,0,0,495,545,344,482,478,526,521,301,406,262,169,525,0,
1,1775671371920,-7073,-19569,32821,-6440963,-3448945,-2577851,0,0,0,234,306,237,267,197,316,328,255,292,170,215,122,0,
2,1775671371920,1698,650,10949,880867,128281,-245567,0,0,0,503,546,344,490,488,533,499,265,437,266,172,545,0,
1,1775671371936,-3321,-30648,28432,-5920505,-3338989,-2249205,0,0,0,231,303,244,267,198,326,328,254,298,172,216,127,0,
2,1775671371936,1622,670,11557,1102000,68416,-310319,0,0,0,508,555,337,492,489,531,476,240,437,274,179,565,0,
1,1775671371952,689,-41378,20559,-4812396,-2877175,-1213178,0,0,0,229,305,237,267,203,323,326,258,299,172,220,127,0,
2,1775671371952,1325,670,12304,1457524,15882,-329867,0,0,0,513,566,315,500,508,528,441,229,439,266,173,573,0,
1,1775671371968,9112,-48743,14993,-2753780,-2273640,529009,0,0,0,231,305,231,269,203,320,330,267,300,179,228,126,0,
2,1775671371968,981,626,13151,1893682,58643,-322536,0,0,0,513,559,287,532,551,500,409,226,433,280,179,590,0,
1,1775671371984,16333,-49269,14501,-541226,-810007,1549154,0,0,0,224,288,224,263,194,307,342,292,290,199,270,117,0,
2,1775671371984,971,488,14036,2436130,142942,-298102,0,0,0,516,564,271,508,549,547,365,218,416,274,185,605,0,
1,1775671372000,11663,-34611,18353,1577254,1555262,1111774,0,0,0,236,267,183,270,171,259,425,376,262,274,350,89,0,
2,1775671372000,1761,507,14869,3039665,86742,-320093,0,0,0,520,566,254,495,546,542,317,213,406,274,193,610,0,
1,1775671372016,134,-1564,18985,3494149,4026823,-18325,0,0,0,244,249,152,269,157,237,454,427,246,309,402,78,0,
2,1775671372016,2689,507,15783,3743382,-97738,-436157,0,0,0,524,561,241,495,534,539,278,193,410,278,189,607,0,
1,1775671372032,-4144,15228,13055,4668232,4829500,-979827,0,0,0,242,245,157,278,155,252,465,461,264,352,424,86,0,
2,1775671372032,3326,583,16932,4494746,-300545,-631634,0,0,0,532,551,240,491,530,540,256,169,393,265,177,598,0,
1,1775671372048,1981,5948,14625,5704259,3331659,-977384,0,0,0,244,247,157,287,160,268,474,475,278,382,431,88,0,
2,1775671372048,4192,847,18884,5360953,-460592,-895528,0,0,0,525,538,246,487,522,539,251,156,389,248,160,551,0,
1,1775671372064,7877,-5412,23775,5764124,660956,-35430,0,0,0,255,251,164,301,162,279,485,484,285,406,435,84,0,
2,1775671372064,4790,914,22392,6331007,-563217,-1204626,0,0,0,497,522,250,478,502,530,254,153,386,230,145,482,0,
1,1775671372080,1196,-2474,23622,4150218,-329867,907745,0,0,0,255,264,195,305,169,297,489,489,300,413,438,97,0,
2,1775671372080,5317,1110,27551,7403686,-486248,-1455080,0,0,0,441,501,232,459,477,506,264,158,369,211,137,413,0,
1,1775671372096,-5245,492,16281,2630385,-315206,752585,0,0,0,256,279,238,307,177,325,499,499,321,423,441,117,0,
2,1775671372096,5862,2110,31438,8395731,-89186,-1667662,0,0,0,370,472,209,423,445,462,280,179,341,188,129,357,0,
1,1775671372112,-4718,583,9222,1673770,65973,-6108,0,0,0,273,288,263,319,190,351,510,510,333,430,451,160,0,
2,1775671372112,6183,3316,32165,9062796,497244,-1902234,0,0,0,306,444,214,372,402,414,295,217,305,156,124,289,0,
1,1775671372128,-2345,-670,8676,1043357,290771,-289550,0,0,0,298,294,261,335,205,366,520,520,334,431,467,218,0,
2,1775671372128,7843,4637,30260,9567371,1346346,-2288301,0,0,0,263,426,231,336,374,384,303,265,282,125,125,204,0,
1,1775671372144,-1928,-918,11261,519235,333532,-128281,0,0,0,317,310,264,340,212,374,531,531,336,439,478,252,0,
2,1775671372144,9796,8619,22325,9399994,2034181,-3071430,0,0,0,278,430,238,333,371,390,296,292,291,108,109,202,0,
1,1775671372160,-2268,315,11069,128281,316428,-18325,0,0,0,327,330,268,344,223,378,531,526,332,453,478,286,0,
2,1775671372160,7848,12821,15281,8169711,1621236,-3953519,0,0,0,278,434,241,337,373,393,315,299,288,112,116,203,0,
1,1775671372176,-2172,1076,10054,45204,252898,-6108,0,0,0,330,333,271,344,224,386,539,518,333,462,472,316,0,
2,1775671372176,1880,18444,11945,4721988,-157603,-3695734,0,0,0,266,434,237,337,375,392,314,297,276,109,110,201,0,
1,1775671372192,-2077,1038,9935,174707,178372,7330,0,0,0,343,345,269,358,241,388,533,509,338,459,470,327,0,
2,1775671372192,-76,21569,10150,-1087340,-2119702,-1538158,0,0,0,274,438,237,339,375,392,317,295,276,111,109,199,0,
1,1775671372208,-1990,923,10241,300545,117286,40317,0,0,0,340,342,262,366,238,404,490,451,358,440,445,347,0,
2,1775671372208,4503,14099,9255,-5374392,-2414139,658512,0,0,0,267,439,236,337,376,391,318,298,276,110,113,200,0,
1,1775671372224,-1914,918,10509,368962,23212,57421,0,0,0,347,350,265,363,242,399,524,484,344,431,433,371,0,
2,1775671372224,6977,6580,7403,-6295577,-1666440,1100779,0,0,0,262,441,238,337,376,391,319,299,277,110,112,200,0,
1,1775671372240,-1919,894,11036,386066,-54977,65973,0,0,0,349,359,266,366,252,395,529,466,343,430,421,380,0,
2,1775671372240,5977,3972,5350,-5564982,-726929,392175,0,0,0,259,442,238,340,378,392,322,303,279,113,114,202,0,
1,1775671372256,-1990,827,10820,403171,-103847,64751,0,0,0,357,366,267,367,253,402,523,442,351,412,407,399,0,
2,1775671372256,4546,4273,5130,-5297423,-162490,-138055,0,0,0,258,442,238,340,380,393,324,306,281,113,114,202,0,
1,1775671372272,-2091,689,9853,436157,-124616,57421,0,0,0,351,370,261,363,257,402,525,425,354,396,396,400,0,
2,1775671372272,3239,5125,6867,-5706703,213802,-241902,0,0,0,258,442,239,341,380,394,326,307,280,113,116,201,0,
1,1775671372288,-2124,516,9389,425162,-86742,57421,0,0,0,345,377,258,365,267,403,523,409,352,382,382,404,0,
2,1775671372288,2301,5317,8681,-6155078,530231,-79412,0,0,0,258,442,240,343,382,396,327,308,280,114,117,201,0,
1,1775671372304,-2120,445,9485,377514,-31764,65973,0,0,0,342,383,256,370,285,409,519,397,351,373,373,407,0,
2,1775671372304,1962,5077,9877,-6378654,868650,240680,0,0,0,259,443,239,342,382,395,326,310,281,114,117,199,0,
1,1775671372320,-2100,449,9643,338419,18325,78190,0,0,0,344,386,256,377,290,412,512,389,352,368,367,408,0,
2,1775671372320,1732,5072,11198,-6515488,1282817,572991,0,0,0,259,444,239,340,381,393,326,312,282,113,118,198,0,
1,1775671372336,-2033,454,9676,335975,43982,89186,0,0,0,359,386,260,389,273,409,504,377,356,365,359,421,0,
2,1775671372336,1239,5168,13165,-6763499,1593136,860098,0,0,0,260,445,241,342,382,394,328,311,281,114,120,200,0,
1,1775671372352,-1947,435,9729,364075,40317,95294,0,0,0,374,390,261,398,268,412,502,356,360,361,347,436,0,
2,1775671372352,823,4972,15707,-7122688,1715309,1076344,0,0,0,259,444,240,342,382,394,325,308,280,112,118,199,0,
1,1775671372368,-1895,416,9825,408057,17104,97738,0,0,0,371,397,263,402,278,427,498,341,359,354,332,441,0,
2,1775671372368,976,3953,18071,-7368256,1744631,1069014,0,0,0,259,442,239,343,383,393,331,312,283,116,122,201,0,
1,1775671372384,-1876,358,9930,466701,-19547,98960,0,0,0,376,404,259,407,299,430,487,330,357,347,321,463,0,
2,1775671372384,1349,2651,20535,-7452555,1783726,896750,0,0,0,259,445,242,343,383,392,331,311,283,115,120,198,0,
1,1775671372400,-1962,244,9973,536339,-68416,108734,0,0,0,384,411,258,413,315,444,486,298,374,339,296,474,0,
2,1775671372400,2239,1923,23900,-7428121,1749518,722042,0,0,0,257,445,241,343,385,393,332,311,283,115,121,199,0,
1,1775671372416,-2153,162,10016,614530,-101403,140499,0,0,0,397,414,258,407,299,457,473,276,369,335,264,504,0,
2,1775671372416,3522,1555,28102,-7454999,1710422,801455,0,0,0,259,445,243,345,385,393,335,308,286,115,117,198,0,
1,1775671372432,-2354,62,10112,720820,-111177,215024,0,0,0,407,422,263,404,327,472,468,264,386,313,243,517,0,
2,1775671372432,5211,-559,32801,-7525859,1769065,1319468,0,0,0,257,440,240,346,381,392,337,305,287,115,113,198,0,
1,1775671372448,-2412,-43,10256,839328,-98960,299323,0,0,0,405,440,270,403,349,486,461,259,400,296,230,534,0,
2,1775671372448,7097,-8547,34936,-7330382,2230879,2073276,0,0,0,259,441,239,353,383,398,342,304,291,117,112,199,0,
1,1775671372464,-2301,-157,10428,949284,-81855,364075,0,0,0,402,451,268,411,380,502,443,238,400,280,218,552,0,
2,1775671372464,7269,-20421,35118,-6693861,2805093,2427578,0,0,0,263,442,240,354,384,399,344,305,294,118,113,201,0,
1,1775671372480,-2225,-325,10576,1070235,-62308,411723,0,0,0,413,461,249,434,383,521,429,217,410,285,204,559,0,
2,1775671372480,4862,-34185,31055,-5459913,2767219,2118480,0,0,0,264,443,240,354,384,400,347,309,296,120,116,203,0,
1,1775671372496,-2172,-492,10983,1204626,-30543,439822,0,0,0,415,488,229,452,404,513,397,209,421,282,201,572,0,
2,1775671372496,-957,-44445,21406,-3439171,2172236,1072679,0,0,0,264,442,239,357,386,403,349,309,296,120,114,202,0,
1,1775671372512,-2057,-478,11787,1419650,-7330,439822,0,0,0,428,503,221,456,424,509,356,208,417,267,195,584,0,
2,1775671372512,-7164,-48394,15252,-1400103,1446528,-91629,0,0,0,256,437,234,355,385,400,352,327,292,138,134,199,0,
1,1775671372528,-1698,-512,12476,1755626,-6108,425162,0,0,0,460,501,214,456,435,526,302,210,413,259,185,589,0,
2,1775671372528,-8537,-45776,15606,239459,393397,-817337,0,0,0,247,427,224,340,389,386,376,392,283,153,174,190,0,
1,1775671372544,-1349,-693,13070,2160019,-50090,355523,0,0,0,481,507,204,460,456,536,238,210,426,257,187,592,0,
2,1775671372544,-7303,-29102,20588,2134363,-963945,-943175,0,0,0,248,405,206,326,382,370,417,466,272,164,229,179,0,
1,1775671372560,-2110,-794,13945,2642603,-130725,316428,0,0,0,481,516,212,462,469,534,211,198,434,245,190,585,0,
2,1775671372560,-19,5800,18841,3588222,-2856405,152716,0,0,0,252,373,181,338,343,371,452,482,266,213,303,174,0,
1,1775671372576,-3622,-784,14912,3169168,-208915,441044,0,0,0,476,499,218,444,479,515,180,191,448,229,181,575,0,
2,1775671372576,3948,16381,11342,4429994,-3646865,1236391,0,0,0,260,378,187,343,342,384,481,490,278,209,318,180,0,
1,1775671372592,-4623,-741,15927,3748269,-136833,723264,0,0,0,510,483,213,457,464,507,179,181,430,232,175,559,0,
2,1775671372592,-1670,2349,12624,5242445,-2298075,1466076,0,0,0,261,388,194,354,348,397,498,502,292,203,329,189,0,
1,1775671372608,-5240,-1086,17061,4285830,76969,993266,0,0,0,541,445,234,421,435,512,179,157,457,188,136,527,0,
2,1775671372608,-7059,-3350,21536,5189911,-549778,439822,0,0,0,256,389,217,359,350,408,510,534,300,297,414,185,0,
1,1775671372624,-6365,-1608,19698,5024977,356745,1336573,0,0,0,478,426,235,414,387,499,171,141,406,172,118,484,0,
2,1775671372624,-3005,-114,23579,4151440,163711,-768468,0,0,0,262,404,248,369,359,420,531,548,301,323,424,196,0,
1,1775671372640,-8978,-1363,23134,5941275,675616,1794722,0,0,0,421,423,243,382,344,472,156,137,374,159,102,395,0,
2,1775671372640,3857,2325,17372,2701246,47647,-680503,0,0,0,283,439,283,378,374,425,542,544,317,239,330,239,0,
1,1775671372656,-11653,-1057,26053,6796486,1018923,2382374,0,0,0,353,400,226,333,306,426,149,148,342,142,109,333,0,
2,1775671372656,2876,804,11500,1424537,-43982,75747,0,0,0,302,459,303,399,389,436,547,547,321,233,316,259,0,
1,1775671372672,-11725,-153,28504,7531968,1329242,2993239,0,0,0,291,367,211,301,280,378,182,188,314,137,145,274,0,
2,1775671372672,827,-191,10174,665843,-53756,254119,0,0,0,324,469,328,409,393,443,560,563,318,237,310,274,0,
1,1775671372688,-10839,2957,28939,8223467,1424537,3462384,0,0,0,249,315,217,264,227,317,238,238,279,141,186,181,0,
2,1775671372688,794,464,10638,301767,-141720,83077,0,0,0,342,472,331,411,394,446,566,568,317,240,306,288,0,
1,1775671372704,-11663,6680,24010,8609534,1249830,3740938,0,0,0,245,286,228,248,188,288,277,261,264,152,214,129,0,
2,1775671372704,1033,1206,10543,147829,-199142,-2443,0,0,0,359,478,333,416,394,445,568,568,318,246,307,296,0,
1,1775671372720,-12194,9566,15802,8190481,847880,3903428,0,0,0,259,293,232,255,188,296,288,262,273,161,224,137,0,
2,1775671372720,1091,1493,10217,87964,-168598,3665,0,0,0,368,483,338,417,394,448,570,570,320,245,307,299,0,
1,1775671372736,-8614,12065,11117,5784893,326202,2849075,0,0,0,256,298,231,255,191,297,295,266,274,160,222,138,0,
2,1775671372736,1043,1536,10126,72082,-150272,14660,0,0,0,370,484,337,418,397,451,569,569,322,244,305,302,0,
1,1775671372752,-3919,15683,10227,1418429,317649,40317,0,0,0,251,301,227,255,192,294,296,264,272,160,222,134,0,
2,1775671372752,938,1617,10222,108734,-155159,0,0,0,0,372,485,335,421,401,451,569,569,323,244,297,305,0,
1,1775671372768,-4288,14826,10045,-2559525,1031140,-2851518,0,0,0,248,306,229,250,191,293,291,262,272,163,225,137,0,
2,1775671372768,808,1708,10279,212581,-98960,-28099,0,0,0,376,485,336,421,403,452,571,568,325,242,287,307,0,
1,1775671372784,-8691,9686,7528,-4327369,1224173,-3663969,0,0,0,233,304,226,256,200,299,297,269,276,163,223,139,0,
2,1775671372784,751,1713,10189,316428,-2443,-40317,0,0,0,383,488,338,424,406,456,569,559,321,240,277,317,0,
1,1775671372800,-9447,5766,4929,-4429994,72082,-2256536,0,0,0,230,307,226,251,198,299,302,276,281,162,227,137,0,
2,1775671372800,794,1655,10040,393397,74525,-32986,0,0,0,391,492,340,424,404,457,559,545,322,240,266,327,0,
1,1775671372816,-5929,4838,4742,-4461759,-853989,-824668,0,0,0,223,307,225,251,202,303,301,277,282,161,228,137,0,
2,1775671372816,914,1531,9935,449596,102625,-20769,0,0,0,397,492,340,432,409,464,559,534,331,238,249,332,0,
1,1775671372832,-2804,5321,6355,-4864930,-634078,-185703,0,0,0,221,306,225,252,202,303,301,276,280,163,228,136,0,
2,1775671372832,1005,1354,9887,469144,96516,-19547,0,0,0,408,499,347,434,409,468,560,521,339,240,243,339,0,
1,1775671372848,-2589,5494,7863,-5407379,-260228,-26878,0,0,0,224,306,227,251,199,303,296,273,280,166,232,137,0,
2,1775671372848,1067,1215,9830,444709,73303,-26878,0,0,0,408,499,338,436,409,468,559,507,336,236,226,355,0,
1,1775671372864,-3536,5058,9394,-5991366,-443488,-85521,0,0,0,223,309,228,251,203,301,299,274,281,164,233,137,0,
2,1775671372864,1119,1186,9777,405614,30543,-41538,0,0,0,417,502,337,437,413,472,556,491,345,236,212,370,0,
1,1775671372880,-3531,4292,10935,-6400645,-943175,-273667,0,0,0,223,308,226,252,205,301,302,274,281,166,233,135,0,
2,1775671372880,1162,1196,9791,386066,-20769,-59864,0,0,0,421,503,335,442,416,478,557,478,344,238,202,386,0,
1,1775671372896,-2952,3359,12333,-6612005,-1330464,-626747,0,0,0,224,306,225,254,202,301,304,274,282,168,234,135,0,
2,1775671372896,1148,1143,9868,394618,-78190,-69638,0,0,0,429,507,335,446,424,487,557,465,355,241,199,403,0,
1,1775671372912,-3105,2407,13835,-6709743,-1536936,-1056796,0,0,0,227,307,227,253,201,300,306,275,282,169,235,134,0,
2,1775671372912,1062,1048,9954,411723,-119729,-75747,0,0,0,437,511,338,452,431,492,551,445,362,238,191,411,0,
1,1775671372928,-3728,1756,15726,-6754947,-1727526,-1380555,0,0,0,229,309,230,253,202,300,306,278,284,167,235,132,0,
2,1775671372928,947,990,9992,423940,-116064,-79412,0,0,0,445,518,340,453,436,495,549,426,372,238,185,428,0,
1,1775671372944,-4546,1402,17975,-6800151,-1888795,-1525941,0,0,0,229,309,231,254,202,302,307,281,286,166,234,131,0,
2,1775671372944,947,966,10040,455705,-75747,-83077,0,0,0,455,528,346,452,441,498,549,408,383,242,181,451,0,
1,1775671372960,-5422,813,21000,-6918659,-2051285,-1550375,0,0,0,230,309,230,255,202,301,310,282,282,167,231,129,0,
2,1775671372960,1052,928,10126,508239,-34208,-94073,0,0,0,467,534,352,456,447,504,544,383,389,246,178,469,0,
1,1775671372976,-6154,47,24259,-7033502,-2174680,-1590693,0,0,0,230,309,229,254,209,300,313,280,279,166,227,125,0,
2,1775671372976,1182,851,10193,570548,0,-119729,0,0,0,479,536,347,466,458,512,537,350,392,253,176,490,0,
1,1775671372992,-7020,-1493,28174,-7013954,-2321287,-1808161,0,0,0,230,306,229,258,200,304,308,270,276,170,226,125,0,
2,1775671372992,1268,746,10275,636521,39095,-162490,0,0,0,486,537,347,472,462,515,531,320,391,260,171,513,0,
1,1775671373008,-7307,-4972,32332,-6852686,-2730567,-2221106,0,0,0,230,308,229,263,202,306,305,263,270,172,226,128,0,
2,1775671373008,1440,650,10519,714712,78190,-216246,0,0,0,494,541,353,477,468,524,519,288,389,261,167,536,0,
1,1775671373024,-5379,-12825,35328,-6707300,-3213151,-2623055,0,0,0,223,308,229,263,205,315,307,264,282,164,221,126,0,
2,1775671373024,1593,612,11050,873537,52534,-280998,0,0,0,506,548,346,482,484,532,501,259,392,268,172,558,0,
1,1775671373040,-3661,-24981,33515,-6564357,-2948035,-2625498,0,0,0,223,313,229,257,205,305,315,268,285,171,221,120,0,
2,1775671373040,1627,574,11572,1111774,-1221,-340862,0,0,0,514,556,340,493,497,539,474,238,398,274,177,573,0,
1,1775671373056,-2962,-39750,25245,-5844758,-2386039,-1745852,0,0,0,223,317,227,258,207,304,312,269,287,174,230,122,0,
2,1775671373056,1440,545,12275,1458746,-14660,-392175,0,0,0,515,557,332,493,502,540,465,234,404,272,174,590,0,
1,1775671373072,5111,-49753,16975,-3773925,-2505769,186924,0,0,0,226,318,228,259,208,302,312,269,287,175,232,122,0,
2,1775671373072,1009,516,13055,1907121,43982,-398284,0,0,0,522,570,302,499,524,544,413,222,401,275,179,598,0,
1,1775671373088,19238,-51361,14635,-1137431,-1788613,1604132,0,0,0,223,309,223,260,203,301,317,274,286,186,262,122,0,
2,1775671373088,746,411,13720,2421469,97738,-362853,0,0,0,523,566,275,502,533,545,361,214,396,277,180,611,0,
1,1775671373104,18521,-43038,17645,825889,802676,1095892,0,0,0,222,292,194,266,198,278,378,342,270,236,330,102,0,
2,1775671373104,1172,387,14534,2962696,81855,-320093,0,0,0,525,561,255,493,536,542,319,240,395,270,186,612,0,
1,1775671373120,5044,-18612,20038,2425134,3178942,304210,0,0,0,233,267,164,268,181,252,441,426,261,278,388,85,0,
2,1775671373120,2627,397,15951,3681073,-45204,-408057,0,0,0,529,557,252,491,534,544,285,207,391,269,181,612,0,
1,1775671373136,-8829,15640,15233,3516140,4740314,-384845,0,0,0,245,253,150,270,161,241,468,468,264,309,411,81,0,
2,1775671373136,3551,545,17434,4456872,-210137,-618195,0,0,0,531,550,250,487,524,542,262,170,400,267,175,601,0,
1,1775671373152,-4393,12983,11505,4656014,4263839,-752585,0,0,0,246,250,143,279,157,245,479,479,270,350,422,81,0,
2,1775671373152,4359,918,19502,5459913,-375071,-935845,0,0,0,527,538,252,481,508,539,256,156,403,253,163,557,0,
1,1775671373168,5077,-904,18329,5781228,2258979,-663399,0,0,0,247,251,150,296,162,265,490,490,284,385,436,87,0,
2,1775671373168,5101,990,23067,6566801,-459370,-1288925,0,0,0,499,518,253,478,493,532,263,154,395,233,149,488,0,
1,1775671373184,6432,-4886,26101,5263214,461814,207694,0,0,0,263,267,188,315,166,292,506,506,300,406,454,94,0,
2,1775671373184,5422,1019,28284,7630928,-320093,-1566258,0,0,0,437,491,235,466,476,511,276,158,379,215,140,416,0,
1,1775671373200,-2450,-1167,21464,3131295,76969,654847,0,0,0,259,293,241,323,187,324,511,510,315,412,452,115,0,
2,1775671373200,5537,2426,31993,8588765,233350,-1753183,0,0,0,362,464,210,427,444,469,287,178,343,189,130,354,0,
1,1775671373216,-5412,320,13510,1516167,150272,102625,0,0,0,265,283,260,331,194,357,525,525,327,425,465,137,0,
2,1775671373216,5680,3847,33515,9302255,862541,-1948660,0,0,0,303,442,219,362,406,413,293,218,298,150,123,284,0,
1,1775671373232,-2555,62,9648,734260,171042,-300545,0,0,0,286,296,265,334,190,351,543,544,322,434,485,191,0,
2,1775671373232,7906,5695,30547,9787282,1861917,-2405587,0,0,0,258,427,235,312,384,373,301,260,279,122,128,203,0,
1,1775671373248,-1153,57,10011,355523,103847,-186924,0,0,0,297,297,263,352,204,368,547,547,337,438,490,215,0,
2,1775671373248,9877,9408,22311,9650449,2495995,-3156951,0,0,0,267,438,242,333,375,394,308,287,288,110,114,207,0,
1,1775671373264,-1976,650,10447,215024,113620,-26878,0,0,0,305,307,256,341,252,358,545,546,336,445,491,222,0,
2,1775671373264,7341,12136,15922,8610756,1881464,-4142888,0,0,0,268,441,246,337,378,397,314,301,289,110,114,206,0,
1,1775671373280,-2392,1201,10212,156381,141720,25656,0,0,0,307,309,259,355,218,374,550,550,336,444,496,239,0,
2,1775671373280,-354,18291,13539,5053077,-651182,-3387858,0,0,0,264,439,238,334,379,392,312,301,283,106,112,201,0,
1,1775671373296,-2134,1306,9959,240680,122173,18325,0,0,0,311,314,280,362,215,393,536,536,359,455,483,272,0,
2,1775671373296,-689,21942,9796,-283441,-2818532,-1027475,0,0,0,264,440,238,333,376,388,316,300,280,110,115,201,0,
1,1775671373312,-1880,1100,10102,343306,46425,40317,0,0,0,318,320,286,367,220,397,542,512,358,442,454,285,0,
2,1775671373312,5541,16860,7413,-5002986,-3104417,1232726,0,0,0,263,437,234,338,379,392,319,300,279,111,115,203,0,
1,1775671373328,-1871,1043,10327,395840,-42760,58643,0,0,0,323,325,277,372,225,403,543,501,359,422,431,293,0,
2,1775671373328,8346,7977,7255,-6613227,-1793500,1428202,0,0,0,263,440,237,340,379,392,320,301,279,112,115,202,0,
1,1775671373344,-1947,1076,12246,384845,-85521,65973,0,0,0,326,329,270,374,226,411,535,493,364,408,416,304,0,
2,1775671373344,6575,3919,6972,-6559470,-993266,594982,0,0,0,263,441,240,340,379,392,322,302,281,112,114,202,0,
1,1775671373360,-1966,1095,12926,388510,-119729,67195,0,0,0,328,332,270,374,225,413,531,476,367,395,400,313,0,
2,1775671373360,5144,3689,6307,-6332229,-1006705,-145385,0,0,0,263,442,242,338,378,392,323,303,281,112,115,202,0,
1,1775671373376,-2024,1009,10586,444709,-175929,64751,0,0,0,324,334,269,372,227,413,530,457,373,386,380,325,0,
2,1775671373376,5518,3297,6417,-6393315,-856433,-510683,0,0,0,261,442,240,337,378,392,321,303,279,113,116,202,0,
1,1775671373392,-2139,818,9049,447153,-160046,69638,0,0,0,328,331,264,376,230,419,526,438,378,383,364,336,0,
2,1775671373392,5632,2881,7748,-6539923,-157603,-648738,0,0,0,260,442,238,338,379,393,320,304,278,113,117,201,0,
1,1775671373408,-2187,684,9193,398284,-86742,79412,0,0,0,339,328,272,382,235,430,516,419,385,367,354,352,0,
2,1775671373408,4833,3091,9284,-6581462,509461,-504574,0,0,0,260,443,238,340,380,395,323,307,280,113,118,200,0,
1,1775671373424,-2115,636,9585,338419,-6108,89186,0,0,0,324,343,270,384,260,422,514,405,380,366,358,351,0,
2,1775671373424,4273,3512,10748,-6603453,956614,-42760,0,0,0,260,443,240,341,380,396,325,310,281,114,118,200,0,
1,1775671373440,-2024,650,9624,307876,32986,92851,0,0,0,330,346,266,393,247,416,521,394,380,362,346,362,0,
2,1775671373440,4651,3522,12404,-6791599,1353677,575435,0,0,0,261,443,241,339,381,396,323,308,279,117,119,198,0,
1,1775671373456,-1966,689,9624,313984,41538,94073,0,0,0,337,341,264,404,257,416,530,381,376,349,342,360,0,
2,1775671373456,5029,3115,14692,-7093367,1843591,1106887,0,0,0,261,445,243,339,382,395,323,310,280,112,117,198,0,
1,1775671373472,-1904,655,9777,337197,28099,94073,0,0,0,337,346,284,395,252,436,526,361,378,349,327,384,0,
2,1775671373472,4804,2479,17372,-7312056,2238210,1334129,0,0,0,260,446,243,339,384,393,323,309,280,111,117,201,0,
1,1775671373488,-1861,564,9911,365297,-3665,97738,0,0,0,337,355,282,393,258,447,524,337,385,345,314,401,0,
2,1775671373488,4312,1904,20741,-7406130,2433687,1350012,0,0,0,260,445,245,340,378,393,327,309,284,115,118,200,0,
1,1775671373504,-1971,488,9940,415388,-53756,116064,0,0,0,344,355,282,400,266,447,518,312,377,339,296,419,0,
2,1775671373504,4182,1670,24627,-7497759,2482556,1324355,0,0,0,260,445,243,346,382,397,333,309,286,115,118,198,0,
1,1775671373520,-2144,445,9916,481361,-81855,151494,0,0,0,348,387,278,426,277,448,518,291,388,334,273,436,0,
2,1775671373520,4221,1469,29533,-7638258,2484999,1423316,0,0,0,262,445,243,348,382,397,334,306,285,113,111,198,0,
1,1775671373536,-2330,368,9897,557109,-83077,208915,0,0,0,354,387,291,428,278,466,510,266,403,325,247,464,0,
2,1775671373536,3704,-1770,33897,-7751879,2592512,2002416,0,0,0,263,446,243,349,382,398,340,307,289,115,112,198,0,
1,1775671373552,-2560,325,10050,640186,-69638,291993,0,0,0,369,385,295,424,297,480,501,248,405,308,226,491,0,
2,1775671373552,3105,-9399,36338,-7564955,2768441,2722015,0,0,0,265,445,242,352,384,401,344,303,293,119,115,201,0,
1,1775671373568,-2699,272,10337,751364,-58643,403171,0,0,0,390,406,279,435,333,484,496,239,407,292,213,507,0,
2,1775671373568,3058,-23412,35400,-6632774,2431243,3070208,0,0,0,267,445,242,356,386,403,348,303,294,119,113,203,0,
1,1775671373584,-2479,153,10844,922406,-52534,507018,0,0,0,400,423,263,446,349,497,483,230,419,285,206,526,0,
2,1775671373584,3699,-37487,28422,-5134933,1754404,2577851,0,0,0,267,445,240,358,388,405,349,307,296,120,116,205,0,
1,1775671373600,-2148,62,11490,1128878,-51312,549778,0,0,0,395,432,250,452,356,513,460,220,412,280,197,553,0,
2,1775671373600,435,-47977,18171,-3001791,1749518,1001818,0,0,0,267,445,239,356,387,404,348,309,294,119,116,205,0,
1,1775671373616,-1742,0,12218,1425759,-64751,524122,0,0,0,398,444,238,470,365,525,430,213,414,289,192,564,0,
2,1775671373616,-9404,-48844,16199,-965167,1609019,-704938,0,0,0,260,442,236,353,385,400,354,342,290,154,153,199,0,
1,1775671373632,-1340,-124,12768,1805717,-120951,453262,0,0,0,407,453,230,495,371,526,388,203,430,274,173,570,0,
2,1775671373632,-13194,-43718,18056,690277,81855,-1555262,0,0,0,246,425,222,351,379,391,381,413,282,186,206,190,0,
1,1775671373648,-1507,-263,13299,2225992,-218689,360410,0,0,0,407,448,222,487,390,534,348,199,440,274,172,581,0,
2,1775671373648,-7169,-24512,22139,2193006,-1899790,-1422094,0,0,0,239,392,195,346,362,378,427,471,271,162,230,185,0,
1,1775671373664,-2694,-157,14070,2711019,-238237,393397,0,0,0,410,483,209,466,394,537,312,194,438,250,177,592,0,
2,1775671373664,4431,10600,16999,3492927,-3618765,-574213,0,0,0,249,369,180,339,344,372,459,481,266,177,272,180,0,
1,1775671373680,-3890,-95,15013,3340211,-152716,570548,0,0,0,423,474,204,451,451,539,227,201,430,225,186,585,0,
2,1775671373680,7020,15678,9839,4398229,-3872885,276111,0,0,0,259,376,187,347,342,386,482,492,277,192,306,185,0,
1,1775671373696,-4924,-71,16266,4127005,-10995,889419,0,0,0,435,449,218,430,421,535,190,181,434,194,148,573,0,
2,1775671373696,-1574,-344,15510,5395161,-1953547,791681,0,0,0,262,387,191,355,352,400,506,506,288,209,329,193,0,
1,1775671373712,-5991,0,18631,5015203,68416,1314581,0,0,0,433,444,237,398,382,519,177,157,420,170,116,526,0,
2,1775671373712,-6523,-3953,23306,5231449,-400727,310319,0,0,0,260,393,220,361,356,407,530,531,298,247,360,194,0,
1,1775671373728,-7475,-368,21942,5865528,133168,1717753,0,0,0,423,432,232,395,359,496,173,148,404,164,105,457,0,
2,1775671373728,-1641,330,21813,4025601,-64751,-458148,0,0,0,268,413,251,372,360,420,538,539,316,254,353,220,0,
1,1775671373744,-9361,-205,25666,6818477,283441,2199114,0,0,0,376,399,221,381,325,460,181,154,376,160,104,378,0,
2,1775671373744,3129,1756,16018,2593733,-73303,-414166,0,0,0,287,445,288,391,381,433,543,543,322,256,324,242,0,
1,1775671373760,-9892,478,28614,7613824,487470,2662150,0,0,0,313,363,211,341,282,411,195,173,341,147,115,301,0,
2,1775671373760,2761,354,11548,1420872,-100181,97738,0,0,0,312,460,305,408,393,443,555,555,323,243,314,270,0,
1,1775671373776,-8892,2526,30404,8282110,726929,3046995,0,0,0,259,326,208,291,237,349,229,207,306,136,149,211,0,
2,1775671373776,1000,-244,10768,643851,-122173,212581,0,0,0,340,471,318,415,397,449,562,563,318,240,313,293,0,
1,1775671373792,-9298,5278,28686,8751255,918741,3260798,0,0,0,240,290,217,260,200,302,281,241,284,142,190,136,0,
2,1775671373792,727,397,10720,276111,-197920,92851,0,0,0,360,480,327,422,402,454,570,571,324,245,312,305,0,
1,1775671373808,-11605,8777,21095,8857545,916297,3446501,0,0,0,260,285,224,260,189,296,300,257,282,151,210,131,0,
2,1775671373808,1033,1210,10447,144164,-251676,-12217,0,0,0,374,482,333,424,402,456,573,573,333,250,311,313,0,
1,1775671373824,-10969,10720,13586,7823961,493579,3591887,0,0,0,255,290,224,264,192,295,302,261,280,153,219,128,0,
2,1775671373824,1033,1349,10260,95294,-185703,-2443,0,0,0,382,482,337,423,401,455,574,574,333,251,309,315,0,
1,1775671373840,-6609,14051,10739,5106833,324980,2748893,0,0,0,240,295,226,253,194,293,290,254,277,151,219,129,0,
2,1775671373840,966,1368,10265,90408,-129503,2443,0,0,0,385,485,338,423,402,456,577,576,330,249,302,319,0,
1,1775671373856,-2593,17654,10169,379958,799011,241902,0,0,0,242,299,221,258,200,293,301,264,275,154,220,129,0,
2,1775671373856,909,1512,10299,166155,-106290,-18325,0,0,0,390,489,339,425,404,458,573,572,328,247,292,329,0,
1,1775671373872,-4742,13754,8289,-3560122,1512502,-2376265,0,0,0,245,300,227,259,200,296,299,261,274,155,221,130,0,
2,1775671373872,851,1603,10289,279776,-69638,-39095,0,0,0,396,492,341,426,404,458,567,563,326,246,279,334,0,
1,1775671373888,-7915,8274,5920,-4569271,1364672,-2784323,0,0,0,236,300,238,254,199,303,299,262,280,155,221,131,0,
2,1775671373888,799,1564,10184,390953,-3665,-43982,0,0,0,395,491,336,429,405,459,565,552,328,246,268,342,0,
1,1775671373904,-8312,5369,4546,-4546059,518013,-1848478,0,0,0,234,302,233,253,200,299,302,263,279,158,226,131,0,
2,1775671373904,823,1392,10011,433714,59864,-32986,0,0,0,404,497,337,435,410,464,562,541,331,245,256,353,0,
1,1775671373920,-6561,4733,4723,-4594928,-146607,-853989,0,0,0,233,305,228,255,203,300,303,265,277,159,228,128,0,
2,1775671373920,904,1239,9901,442266,100181,-29321,0,0,0,409,500,336,435,410,466,556,532,338,245,246,369,0,
1,1775671373936,-4704,4972,6130,-4977329,-212581,-296880,0,0,0,232,305,229,259,205,301,304,268,278,159,228,127,0,
2,1775671373936,1033,1167,9853,433714,95294,-34208,0,0,0,417,502,335,439,412,468,554,514,339,244,231,377,0,
1,1775671373952,-4967,4575,7729,-5630955,-91629,-166155,0,0,0,231,306,228,258,204,300,302,268,276,161,226,127,0,
2,1775671373952,1153,1110,9825,419053,51312,-43982,0,0,0,426,504,335,443,415,471,553,497,341,244,217,385,0,
1,1775671373968,-5604,3881,9112,-6151412,-368962,-133168,0,0,0,231,307,226,256,204,300,305,269,277,192,223,139,0,
2,1775671373968,1191,1019,9820,397062,-19547,-53756,0,0,0,430,509,335,446,424,477,552,482,346,246,212,395,0,
1,1775671373984,-5149,3254,10792,-6500827,-977384,-230907,0,0,0,229,306,226,255,204,299,312,273,281,197,223,142,0,
2,1775671373984,1129,981,9849,376292,-75747,-62308,0,0,0,437,512,337,447,427,480,550,466,347,244,200,404,0,
1,1775671374000,-4364,2785,12467,-6752504,-1390329,-515570,0,0,0,228,306,228,254,203,299,314,273,282,159,227,127,0,
2,1775671374000,1067,971,9911,375071,-109955,-68416,0,0,0,445,515,337,446,429,482,550,454,354,240,190,416,0,
1,1775671374016,-4273,2134,14400,-6966307,-1637118,-961501,0,0,0,229,307,230,257,203,302,308,270,280,161,227,125,0,
2,1775671374016,1009,928,9964,392175,-124616,-72082,0,0,0,453,518,339,450,433,492,546,438,360,241,186,433,0,
1,1775671374032,-4929,1268,16908,-7042054,-1941329,-1312138,0,0,0,227,304,228,255,203,301,306,268,278,160,227,123,0,
2,1775671374032,961,827,9968,411723,-111177,-73303,0,0,0,461,523,340,456,439,500,539,418,369,249,183,447,0,
1,1775671374048,-5297,545,19626,-7020063,-2244318,-1468520,0,0,0,225,304,228,253,203,299,308,268,280,159,223,126,0,
2,1775671374048,957,756,10016,437379,-80634,-80634,0,0,0,467,527,338,461,447,505,537,398,382,251,180,461,0,
1,1775671374064,-5441,-210,23034,-7002959,-2420248,-1568701,0,0,0,226,304,230,259,204,303,314,268,280,163,218,127,0,
2,1775671374064,1062,732,10122,483805,-41538,-100181,0,0,0,473,531,336,468,458,509,536,373,394,249,175,481,0,
1,1775671374080,-5843,-1024,26532,-7007846,-2405587,-1784948,0,0,0,228,305,231,256,203,297,310,258,277,164,218,128,0,
2,1775671374080,1182,693,10189,538783,-13439,-127059,0,0,0,485,536,339,477,467,511,530,344,396,254,172,505,0,
1,1775671374096,-6771,-3086,30284,-6965085,-2340835,-2265088,0,0,0,230,306,231,258,201,298,311,260,278,166,215,126,0,
2,1775671374096,1282,622,10284,607200,13439,-168598,0,0,0,497,541,343,477,471,514,524,315,401,262,173,529,0,
1,1775671374112,-7733,-7910,33811,-6847799,-2588846,-2856405,0,0,0,228,307,229,260,204,302,315,264,279,165,219,127,0,
2,1775671374112,1397,516,10562,707381,32986,-221133,0,0,0,503,548,348,483,482,519,507,278,406,270,177,548,0,
1,1775671374128,-7542,-16434,34979,-6676757,-3060434,-3109304,0,0,0,228,307,228,261,205,302,320,265,284,161,216,120,0,
2,1775671374128,1450,454,10993,867428,20769,-276111,0,0,0,512,553,356,490,489,528,487,247,402,276,177,569,0,
1,1775671374144,-5513,-29480,30227,-6258925,-3075095,-2651155,0,0,0,224,305,225,261,202,300,324,261,288,166,217,115,0,
2,1775671374144,1464,440,11629,1138652,1221,-316428,0,0,0,518,566,345,493,498,533,462,228,410,280,185,578,0,
1,1775671374160,-909,-44063,21373,-5167919,-2968805,-1402546,0,0,0,222,305,221,261,201,298,327,261,286,170,222,115,0,
2,1775671374160,1287,440,12438,1477072,19547,-346971,0,0,0,524,564,325,496,508,537,431,220,411,280,189,592,0,
1,1775671374176,9054,-52031,15051,-3276681,-2733011,370184,0,0,0,221,305,216,263,199,295,329,267,284,178,234,115,0,
2,1775671374176,923,382,13184,1902234,73303,-349414,0,0,0,520,566,287,503,525,541,393,214,393,280,192,599,0,
1,1775671374192,18961,-50313,14912,-637743,-678060,1715309,0,0,0,219,292,203,267,197,285,358,313,279,209,284,107,0,
2,1775671374192,775,291,13783,2441017,106290,-306654,0,0,0,527,573,271,500,534,539,346,228,391,281,192,611,0,
1,1775671374208,13534,-35927,19569,1490511,2223549,1645670,0,0,0,226,268,180,268,185,262,413,390,263,256,359,91,0,
2,1775671374208,1402,306,14615,2979800,58643,-279776,0,0,0,532,569,258,494,539,552,303,214,398,277,198,610,0,
1,1775671374224,-1608,-2368,18076,3303559,4701218,616973,0,0,0,244,255,156,269,161,237,454,440,248,297,401,81,0,
2,1775671374224,2502,320,15864,3604104,-72082,-353080,0,0,0,531,559,250,488,532,541,274,199,407,271,189,609,0,
1,1775671374240,-8298,15238,12581,4750088,5314527,-509461,0,0,0,248,252,147,279,157,243,473,472,256,345,422,83,0,
2,1775671374240,3412,449,17434,4450764,-270002,-565661,0,0,0,532,554,252,485,526,540,257,177,399,259,174,594,0,
1,1775671374256,0,4556,14702,5990144,3120299,-1119105,0,0,0,241,252,138,300,164,260,479,479,269,374,428,88,0,
2,1775671374256,4417,703,19325,5337740,-448375,-842994,0,0,0,530,542,256,485,515,540,250,160,393,263,170,544,0,
1,1775671374272,6891,-3723,23842,5662720,713490,-296880,0,0,0,254,261,161,303,167,280,494,495,272,399,436,89,0,
2,1775671374272,5326,612,23637,6515488,-605978,-1235169,0,0,0,502,520,249,479,497,529,250,155,386,248,157,480,0,
1,1775671374288,1818,-2091,23512,4079358,-195476,922406,0,0,0,248,274,192,316,187,332,500,500,300,403,444,102,0,
2,1775671374288,5987,703,28470,7561289,-563217,-1530828,0,0,0,437,496,230,458,474,501,259,161,367,213,138,416,0,
1,1775671374304,-4804,-277,14544,2560747,19547,603534,0,0,0,251,283,217,332,207,360,515,515,312,406,459,157,0,
2,1775671374304,6369,2014,31744,8475144,-155159,-1773952,0,0,0,363,472,215,416,443,459,278,183,332,184,129,353,0,
1,1775671374320,-5092,-536,9160,1237612,241902,-178372,0,0,0,284,293,231,363,214,382,531,531,316,420,470,212,0,
2,1775671374320,6355,3838,32610,9180082,477696,-2045176,0,0,0,302,444,217,360,402,411,293,226,292,153,130,284,0,
1,1775671374336,-2091,-497,9868,513126,245567,-295658,0,0,0,300,305,245,369,219,386,541,541,324,431,484,243,0,
2,1775671374336,7848,5360,29849,9678548,1325577,-2444682,0,0,0,259,420,230,320,358,376,301,261,273,133,144,201,0,
1,1775671374352,-1454,172,10701,142942,208915,-98960,0,0,0,312,316,252,374,228,382,544,543,321,441,492,260,0,
2,1775671374352,9992,9188,21306,9534384,2013411,-3145955,0,0,0,279,432,236,334,370,389,311,288,283,109,109,202,0,
1,1775671374368,-2330,851,10428,28099,228463,48869,0,0,0,316,322,254,375,226,381,545,544,316,447,498,270,0,
2,1775671374368,6795,13405,14821,7751879,1374446,-3936415,0,0,0,282,438,238,336,374,390,314,296,280,112,113,202,0,
1,1775671374384,-2297,942,10083,41538,227241,9773,0,0,0,320,327,257,374,227,387,546,545,323,449,498,282,0,
2,1775671374384,124,19559,11567,3433062,-612086,-3302337,0,0,0,282,439,238,337,375,388,315,294,279,113,113,202,0,
1,1775671374400,-2024,1019,10098,106290,172263,0,0,0,0,326,336,261,376,232,395,544,535,331,449,486,291,0,
2,1775671374400,1143,19143,10102,-2106263,-2324953,-797790,0,0,0,277,438,236,338,376,389,316,293,276,115,112,202,0,
1,1775671374416,-1876,1043,10265,201585,90408,37873,0,0,0,330,346,261,380,233,396,541,519,331,443,464,296,0,
2,1775671374416,5795,12160,8336,-5563760,-2475225,984714,0,0,0,277,438,234,339,376,387,321,296,278,117,115,203,0,
1,1775671374432,-1837,1052,10308,284663,-4886,59864,0,0,0,331,354,256,382,236,393,538,507,335,427,442,304,0,
2,1775671374432,7738,5422,6269,-6012135,-1372003,1007927,0,0,0,273,439,238,340,377,391,321,300,279,118,116,206,0,
1,1775671374448,-1895,1043,10145,348193,-108734,56199,0,0,0,324,356,256,377,251,398,530,482,341,411,427,313,0,
2,1775671374448,5848,3723,5111,-5464800,-502131,219911,0,0,0,273,441,243,342,380,394,321,301,279,114,114,204,0,
1,1775671374464,-2010,904,9825,379958,-158824,51312,0,0,0,323,356,277,374,251,408,523,455,343,409,415,320,0,
2,1775671374464,4297,3881,5317,-5310862,-138055,-313984,0,0,0,272,443,241,341,380,391,324,304,280,113,112,202,0,
1,1775671374480,-2091,737,9581,372627,-144164,56199,0,0,0,321,368,259,376,257,404,520,455,343,395,420,323,0,
2,1775671374480,3962,4359,6642,-5655390,96516,-318871,0,0,0,270,443,238,342,380,391,324,305,280,114,113,201,0,
1,1775671374496,-2129,636,9461,339641,-87964,68416,0,0,0,323,368,259,375,256,404,522,429,339,383,398,325,0,
2,1775671374496,3656,4541,8054,-6006027,472809,-111177,0,0,0,269,443,238,343,382,393,324,305,279,114,115,200,0,
1,1775671374512,-2134,631,9480,295658,-17104,69638,0,0,0,329,367,268,377,250,404,521,428,342,378,391,330,0,
2,1775671374512,3627,4331,9447,-6291911,955393,290771,0,0,0,268,443,239,343,385,393,325,306,277,115,117,200,0,
1,1775671374528,-2100,631,9547,270002,35430,72082,0,0,0,324,367,261,382,255,414,501,403,352,368,389,340,0,
2,1775671374528,3670,3938,10849,-6533814,1404990,673173,0,0,0,267,442,238,343,386,391,326,307,277,114,116,199,0,
1,1775671374544,-1981,603,9619,262672,64751,78190,0,0,0,336,373,258,385,263,417,509,394,353,366,386,355,0,
2,1775671374544,3493,3397,12543,-6752504,1755626,989601,0,0,0,266,442,238,341,379,390,325,306,277,113,116,199,0,
1,1775671374560,-1885,583,9719,279776,59864,83077,0,0,0,338,380,257,391,266,424,514,387,353,362,371,362,0,
2,1775671374560,3326,2622,14812,-6890559,1965764,1235169,0,0,0,266,444,242,343,381,393,325,306,278,115,118,201,0,
1,1775671374576,-1809,564,9839,323758,12217,81855,0,0,0,334,390,252,398,272,431,513,381,356,352,346,379,0,
2,1775671374576,3441,1976,17094,-6923546,2085493,1330464,0,0,0,267,445,243,341,379,390,328,307,279,112,117,198,0,
1,1775671374592,-1813,516,9911,368962,-45204,80634,0,0,0,337,396,247,406,282,434,510,364,360,348,326,398,0,
2,1775671374592,3685,1517,19875,-6947981,2174680,1315803,0,0,0,266,444,242,341,378,392,326,305,278,111,114,198,0,
1,1775671374608,-1943,459,9940,425162,-98960,89186,0,0,0,348,396,250,412,299,434,505,336,364,351,313,413,0,
2,1775671374608,4130,1464,23426,-7051828,2210110,1312138,0,0,0,262,438,241,347,378,395,325,301,275,108,109,194,0,
1,1775671374624,-2096,411,9944,505796,-118507,119729,0,0,0,357,398,258,415,317,440,500,309,369,344,298,434,0,
2,1775671374624,4728,1359,27968,-7175223,2229658,1464854,0,0,0,261,438,239,348,379,394,329,301,278,107,108,192,0,
1,1775671374640,-2187,296,9940,586430,-130725,163711,0,0,0,358,412,264,419,317,459,495,282,379,327,274,462,0,
2,1775671374640,5556,-335,32897,-7265631,2232101,1959655,0,0,0,261,438,242,351,380,398,334,301,283,111,108,197,0,
1,1775671374656,-2206,167,10007,640186,-157603,216246,0,0,0,375,439,262,427,324,464,493,259,394,319,243,485,0,
2,1775671374656,6274,-8016,35108,-7138571,2668259,2674368,0,0,0,268,439,241,350,379,395,341,298,287,114,109,198,0,
1,1775671374672,-2325,105,10212,695164,-190589,266337,0,0,0,394,434,258,439,331,484,477,247,405,303,220,507,0,
2,1775671374672,5087,-19339,35448,-6712187,3087312,2935818,0,0,0,270,439,238,352,379,398,344,295,290,117,111,200,0,
1,1775671374688,-2613,33,10466,781907,-197920,327423,0,0,0,411,427,274,467,326,506,466,237,414,291,203,526,0,
2,1775671374688,2584,-35309,29533,-5527108,2335948,2436130,0,0,0,271,439,238,354,381,401,346,298,293,118,112,202,0,
1,1775671374704,-2967,-47,10969,890641,-200363,438601,0,0,0,409,443,243,476,333,510,461,212,415,296,186,542,0,
2,1775671374704,-14,-47949,19162,-3634648,1450194,1138652,0,0,0,273,441,240,357,384,403,347,300,293,119,113,203,0,
1,1775671374720,-2541,-47,11974,1076344,-255341,540004,0,0,0,404,460,239,477,374,509,431,217,413,287,196,552,0,
2,1775671374720,-5666,-52069,12916,-1353677,1288925,-739146,0,0,0,260,434,236,350,389,398,355,348,289,125,142,199,0,
1,1775671374736,-1904,-76,12687,1392772,-342084,574213,0,0,0,428,461,230,473,366,507,395,212,420,286,185,568,0,
2,1775671374736,-11332,-45331,17243,535117,388510,-1764178,0,0,0,243,410,216,342,379,383,387,427,276,140,191,188,0,
1,1775671374752,-1249,-181,13146,1847256,-276111,463035,0,0,0,421,463,225,462,378,514,357,208,422,275,189,576,0,
2,1775671374752,-9724,-21239,23594,2510656,-1979203,-1436755,0,0,0,242,384,194,342,355,372,429,470,266,161,233,179,0,
1,1775671374768,-2148,-205,13754,2362826,-146607,354301,0,0,0,433,470,215,455,399,523,312,197,419,252,178,578,0,
2,1775671374768,1665,10495,18415,3971845,-4405560,-133168,0,0,0,252,371,183,340,342,378,463,487,270,213,285,177,0,
1,1775671374784,-3900,-114,14716,2985909,-41538,491135,0,0,0,447,475,200,454,413,521,247,189,418,232,160,587,0,
2,1775671374784,4264,10705,11217,4955338,-4051258,877202,0,0,0,264,377,193,351,340,391,493,504,280,314,350,182,0,
1,1775671374800,-5269,-33,15998,3749490,92851,807563,0,0,0,455,459,210,445,401,516,203,179,414,224,143,574,0,
2,1775671374800,-2895,-847,16501,5546656,-1947438,939510,0,0,0,261,388,217,359,345,403,511,510,300,207,318,197,0,
1,1775671374816,-6168,229,18200,4635245,251676,1246165,0,0,0,447,437,233,431,377,512,193,163,408,209,127,538,0,
2,1775671374816,-5623,-2656,24230,4791626,-375071,-48869,0,0,0,264,402,236,369,360,410,527,527,308,213,318,210,0,
1,1775671374832,-7456,134,21584,5583308,412944,1692096,0,0,0,418,426,232,410,356,499,187,150,393,178,111,483,0,
2,1775671374832,-368,306,22124,3335324,-29321,-587652,0,0,0,282,431,279,382,373,426,539,539,316,216,312,232,0,
1,1775671374848,-9126,28,25379,6581462,574213,2166128,0,0,0,381,398,217,367,316,462,181,153,363,157,104,386,0,
2,1775671374848,3910,1684,13955,1782504,-79412,-150272,0,0,0,299,452,297,398,384,436,554,554,317,227,307,259,0,
1,1775671374864,-9772,765,27963,7430564,718377,2602285,0,0,0,332,360,211,332,286,412,186,177,343,147,113,309,0,
2,1775671374864,1919,402,9743,872315,-63529,280998,0,0,0,325,461,313,412,392,445,562,574,317,349,425,273,0,
1,1775671374880,-8906,2488,29490,8134281,851546,2966361,0,0,0,274,332,200,285,257,349,210,208,323,134,143,230,0,
2,1775671374880,684,-81,9882,388510,-112399,218689,0,0,0,350,470,325,415,393,447,569,580,317,383,455,281,0,
1,1775671374896,-9351,5125,27743,8673064,1003040,3186273,0,0,0,233,294,193,269,210,296,273,232,265,149,188,145,0,
2,1775671374896,966,722,10552,157603,-222354,41538,0,0,0,362,478,329,423,400,454,568,578,318,395,457,294,0,
1,1775671374912,-11969,7681,20909,8900306,968832,3434284,0,0,0,260,285,224,263,192,295,296,258,281,150,212,129,0,
2,1775671374912,1134,1397,10423,43982,-255341,-14660,0,0,0,367,478,332,423,400,454,572,581,316,379,435,294,0,
1,1775671374928,-13275,9672,13673,8543561,444709,3836233,0,0,0,246,293,224,259,194,295,296,261,277,159,228,131,0,
2,1775671374928,1048,1574,10141,9773,-175929,4886,0,0,0,376,480,337,424,403,454,573,577,320,299,353,304,0,
1,1775671374944,-7599,14352,10466,6013357,-117286,3327993,0,0,0,235,301,224,254,199,293,300,265,278,155,224,129,0,
2,1775671374944,1043,1536,10212,34208,-120951,-2443,0,0,0,382,484,341,425,404,455,573,574,322,249,301,314,0,
1,1775671374960,-1962,19612,9662,1055575,310319,805120,0,0,0,235,303,223,257,203,296,301,264,276,157,223,129,0,
2,1775671374960,1009,1612,10246,86742,-100181,-28099,0,0,0,386,486,342,422,400,454,573,573,321,247,293,319,0,
1,1775671374976,-3962,16300,8796,-3142290,1185078,-1965764,0,0,0,235,306,224,257,201,298,303,265,284,155,220,131,0,
2,1775671374976,952,1718,10184,185703,-57421,-45204,0,0,0,391,488,341,423,398,455,570,569,322,244,283,324,0,
1,1775671374992,-8437,9035,6858,-5277875,1271821,-3084869,0,0,0,229,306,224,257,201,300,307,266,290,156,220,131,0,
2,1775671374992,918,1708,10069,299323,-2443,-50090,0,0,0,397,489,342,425,400,461,566,563,322,240,271,328,0,
1,1775671375008,-9600,4450,5245,-5198463,335975,-2068389,0,0,0,226,306,224,258,203,302,308,266,290,160,222,131,0,
2,1775671375008,947,1560,9944,372627,37873,-39095,0,0,0,401,492,342,428,404,464,566,559,328,239,262,331,0,
1,1775671375024,-6791,3862,5183,-4969999,-472809,-779464,0,0,0,225,307,224,259,204,302,308,265,289,161,224,131,0,
2,1775671375024,1033,1402,9868,368962,41538,-28099,0,0,0,404,496,340,433,409,469,561,544,328,238,253,334,0,
1,1775671375040,-4240,3914,6283,-5088507,-640186,-83077,0,0,0,224,306,223,261,207,304,310,267,289,161,225,129,0,
2,1775671375040,1110,1335,9810,345749,26878,-26878,0,0,0,415,499,348,435,413,469,561,533,331,240,245,342,0,
1,1775671375056,-3780,3819,8040,-5542991,-434936,-15882,0,0,0,227,307,224,262,206,303,312,270,290,162,227,130,0,
2,1775671375056,1143,1340,9782,326202,-3665,-35430,0,0,0,414,497,345,435,406,464,559,521,332,240,233,354,0,
1,1775671375072,-4111,3661,9715,-6010913,-535117,-167377,0,0,0,228,308,225,260,205,302,313,271,288,162,227,129,0,
2,1775671375072,1153,1301,9806,309097,-47647,-42760,0,0,0,416,494,337,437,410,465,558,512,334,243,234,364,0,
1,1775671375088,-4254,3412,11213,-6376211,-929736,-478918,0,0,0,227,309,227,260,204,304,313,269,292,164,227,130,0,
2,1775671375088,1153,1239,9839,298102,-84299,-48869,0,0,0,424,501,340,441,409,465,559,504,339,248,224,378,0,
1,1775671375104,-4249,2684,12825,-6655987,-1389107,-928515,0,0,0,224,310,227,259,210,307,309,271,292,162,229,129,0,
2,1775671375104,1115,1196,9849,293215,-109955,-57421,0,0,0,430,505,341,447,413,477,561,494,344,246,213,387,0,
1,1775671375120,-4297,1732,14544,-6770830,-1747074,-1270599,0,0,0,228,308,231,259,204,305,313,271,292,162,228,130,0,
2,1775671375120,1028,1158,9853,296880,-116064,-61086,0,0,0,437,512,349,448,419,482,560,483,347,246,205,399,0,
1,1775671375136,-4412,861,16788,-6739065,-2024407,-1428202,0,0,0,224,306,231,259,204,308,314,271,295,161,224,130,0,
2,1775671375136,966,1143,9916,312763,-101403,-58643,0,0,0,444,516,351,449,425,489,561,472,355,245,201,416,0,
1,1775671375152,-4450,157,19406,-6719517,-2229658,-1469741,0,0,0,224,307,228,260,201,303,318,274,294,161,224,126,0,
2,1775671375152,1024,1129,10016,351858,-76969,-57421,0,0,0,455,523,352,456,435,498,557,452,362,246,193,434,0,
1,1775671375168,-4493,-392,22311,-6773273,-2287079,-1516167,0,0,0,228,307,229,262,202,303,321,272,292,167,227,130,0,
2,1775671375168,1091,1086,10098,410501,-68416,-65973,0,0,0,465,527,355,461,441,503,551,431,373,247,185,451,0,
1,1775671375184,-5302,-1005,25422,-6792821,-2207666,-1766622,0,0,0,231,308,231,263,201,301,318,266,290,168,224,131,0,
2,1775671375184,1081,995,10131,474031,-63529,-81855,0,0,0,472,531,354,464,447,506,546,411,384,249,180,467,0,
1,1775671375200,-6546,-2479,28872,-6701191,-2199114,-2179567,0,0,0,232,307,232,263,200,302,320,266,291,167,220,130,0,
2,1775671375200,1086,928,10184,543670,-46425,-101403,0,0,0,481,539,350,471,463,510,541,381,390,257,178,487,0,
1,1775671375216,-7365,-6642,32036,-6506936,-2524095,-2678033,0,0,0,229,307,231,263,200,302,319,266,288,167,220,127,0,
2,1775671375216,1229,894,10313,625526,-15882,-128281,0,0,0,494,546,353,483,476,518,531,338,397,264,176,512,0,
1,1775671375232,-6996,-14668,33562,-6285803,-2962696,-2971248,0,0,0,227,310,227,263,202,299,318,263,282,165,217,121,0,
2,1775671375232,1536,827,10552,729373,15882,-178372,0,0,0,506,551,354,491,475,526,507,307,404,268,171,536,0,
1,1775671375248,-5034,-26101,30050,-5977927,-2995683,-2701246,0,0,0,228,311,225,266,206,299,322,262,282,165,216,116,0,
2,1775671375248,1756,722,10964,858876,46425,-255341,0,0,0,518,553,358,486,480,530,453,285,402,267,169,563,0,
1,1775671375264,-813,-40009,21454,-5016425,-2940705,-1571145,0,0,0,227,311,224,269,207,301,321,262,283,171,220,116,0,
2,1775671375264,1497,674,11634,1095892,37873,-332310,0,0,0,516,561,342,490,495,533,477,242,413,275,177,571,0,
1,1775671375280,8155,-49686,14917,-3265685,-2956587,85521,0,0,0,226,311,222,266,208,299,325,266,283,174,224,118,0,
2,1775671375280,1086,665,12404,1467298,35430,-353080,0,0,0,520,561,327,502,504,540,439,227,409,279,176,587,0,
1,1775671375296,16932,-48853,14501,-959058,-1470963,1211956,0,0,0,222,306,218,263,214,294,333,284,282,180,244,115,0,
2,1775671375296,961,631,13323,1927890,101403,-331088,0,0,0,527,569,296,501,523,538,405,227,399,276,178,596,0,
1,1775671375312,14185,-39181,16707,1242499,1172861,1440420,0,0,0,214,286,212,264,206,285,372,350,275,230,328,115,0,
2,1775671375312,1445,593,14410,2492330,144164,-335975,0,0,0,525,570,274,504,527,542,357,223,399,279,184,608,0,
1,1775671375328,-392,-9691,18880,3103195,3754377,911410,0,0,0,240,254,166,260,168,244,438,416,249,272,377,86,0,
2,1775671375328,2105,655,15429,3144734,62308,-399505,0,0,0,529,562,254,496,533,538,306,215,394,280,192,612,0,
1,1775671375344,-8475,16113,12993,4042706,4775744,-47647,0,0,0,244,257,151,274,166,241,459,457,253,300,404,79,0,
2,1775671375344,2737,674,16252,3827681,-141720,-518013,0,0,0,524,552,245,492,531,541,279,197,387,268,184,607,0,
1,1775671375360,-3019,9538,10586,5026199,3940080,-692721,0,0,0,239,250,145,280,163,261,471,471,280,341,419,83,0,
2,1775671375360,3948,770,17597,4670675,-370184,-746477,0,0,0,530,550,251,483,521,533,263,172,396,256,173,584,0,
1,1775671375376,5049,-2694,18674,5508782,1732413,-361632,0,0,0,241,253,154,290,166,279,489,490,288,390,438,102,0,
2,1775671375376,5120,1043,19861,5606521,-554665,-1087340,0,0,0,525,539,255,479,507,530,259,157,397,241,157,530,0,
1,1775671375392,3996,-3297,23857,4707327,414166,530231,0,0,0,263,267,172,309,174,286,506,506,295,403,447,103,0,
2,1775671375392,5412,1057,23235,6536258,-679282,-1420872,0,0,0,480,517,244,468,489,518,261,159,394,225,147,461,0,
1,1775671375408,-3326,-483,21205,3053104,157603,869872,0,0,0,263,281,212,325,189,328,514,514,317,409,451,128,0,
2,1775671375408,5608,1454,28188,7604050,-582765,-1666440,0,0,0,409,492,220,444,466,486,270,168,371,206,139,395,0,
1,1775671375424,-4886,-392,14055,1479515,190589,73303,0,0,0,268,292,239,339,205,362,521,522,336,422,462,177,0,
2,1775671375424,6044,2747,30662,8415279,-96516,-1847256,0,0,0,341,464,208,402,432,446,285,195,324,174,126,338,0,
1,1775671375440,-2330,-368,9786,630412,131946,-375071,0,0,0,288,298,250,352,212,371,531,531,342,425,475,217,0,
2,1775671375440,6910,3871,30016,9017592,656069,-2182010,0,0,0,288,438,221,351,390,404,297,240,285,144,128,269,0,
1,1775671375456,-1474,181,9748,375071,41538,-194255,0,0,0,305,303,258,359,211,373,542,538,340,427,481,237,0,
2,1775671375456,8604,5240,25785,9274156,1292590,-2668259,0,0,0,261,425,232,330,362,377,305,255,267,137,148,201,0,
1,1775671375472,-2148,650,10227,234572,15882,-15882,0,0,0,314,312,260,365,212,382,547,537,345,437,481,260,0,
2,1775671375472,10964,8446,15826,8877093,1314581,-3545461,0,0,0,277,436,241,335,366,382,309,273,278,138,153,207,0,
1,1775671375488,-2670,847,10179,161268,65973,14660,0,0,0,320,316,262,373,218,393,546,523,356,437,476,295,0,
2,1775671375488,9959,9652,12361,8096407,856433,-4327369,0,0,0,283,438,241,340,374,386,316,302,279,113,112,201,0,
1,1775671375504,-2292,904,9973,182037,76969,8552,0,0,0,322,319,265,374,225,393,546,516,357,434,472,299,0,
2,1775671375504,2555,14946,11596,5902179,-10995,-3830125,0,0,0,284,443,241,344,379,390,316,299,269,113,109,197,0,
1,1775671375520,-2010,947,9973,255341,26878,29321,0,0,0,331,318,268,377,226,398,549,502,358,439,465,305,0,
2,1775671375520,-1569,20545,8155,904080,-1456302,-669508,0,0,0,277,439,238,336,373,387,312,297,268,113,110,197,0,
1,1775671375536,-2081,966,10093,324980,-47647,50090,0,0,0,335,325,268,379,229,398,548,485,361,439,455,319,0,
2,1775671375536,2330,17252,6259,-3705508,-2441017,2335948,0,0,0,276,439,236,340,377,388,307,295,268,114,113,198,0,
1,1775671375552,-2139,952,10437,378736,-112399,63529,0,0,0,331,320,261,383,228,398,528,434,364,419,428,326,0,
2,1775671375552,8777,8375,6082,-6274807,-2283414,3398854,0,0,0,277,439,236,344,377,391,319,301,272,115,112,198,0,
1,1775671375568,-2124,885,12098,370184,-127059,70860,0,0,0,330,330,261,381,230,399,540,438,360,410,411,334,0,
2,1775671375568,9131,3957,6963,-6572909,-1351233,2166128,0,0,0,278,441,237,343,376,389,324,301,271,114,111,196,0,
1,1775671375584,-2158,784,11572,378736,-152716,70860,0,0,0,326,332,261,383,234,403,542,428,361,397,395,342,0,
2,1775671375584,6680,2995,7566,-6594901,-713490,841772,0,0,0,272,442,239,342,377,390,322,300,270,114,112,196,0,
1,1775671375600,-2268,655,9590,394618,-172263,70860,0,0,0,326,332,259,384,243,406,543,419,363,383,382,350,0,
2,1775671375600,4886,2584,8011,-6644992,-609643,144164,0,0,0,267,440,238,343,378,390,323,301,270,115,114,198,0,
1,1775671375616,-2321,579,9116,354301,-123394,74525,0,0,0,328,334,260,386,250,412,539,408,366,374,371,359,0,
2,1775671375616,4704,1564,8490,-6647435,-491135,-237015,0,0,0,266,441,238,343,377,390,324,303,269,115,115,198,0,
1,1775671375632,-2311,545,9361,305432,-59864,79412,0,0,0,328,336,261,390,256,414,539,398,366,369,362,363,0,
2,1775671375632,5111,1244,9155,-6607118,12217,-375071,0,0,0,268,443,240,343,376,390,324,303,268,114,115,197,0,
1,1775671375648,-2239,545,9633,272445,-14660,87964,0,0,0,326,339,262,390,258,414,541,392,372,368,352,367,0,
2,1775671375648,4364,2144,10801,-6640105,818559,-156381,0,0,0,267,443,240,344,378,390,325,304,268,114,115,196,0,
1,1775671375664,-2148,526,9648,257785,-4886,91629,0,0,0,330,343,262,396,254,417,539,384,378,370,345,377,0,
2,1775671375664,3551,2565,12806,-6736621,1280373,423940,0,0,0,265,443,241,345,381,391,325,305,270,115,116,196,0,
1,1775671375680,-2086,502,9652,245567,-18325,86742,0,0,0,336,345,258,410,255,419,539,368,376,368,340,387,0,
2,1775671375680,4173,1966,14453,-6833138,1423316,1126435,0,0,0,268,444,243,345,382,391,326,306,271,114,114,196,0,
1,1775671375696,-2120,492,9786,248011,-37873,76969,0,0,0,333,349,256,414,265,430,541,357,376,359,325,394,0,
2,1775671375696,5470,1287,16343,-6932098,1815491,1599245,0,0,0,268,444,243,344,379,390,328,306,270,116,113,196,0,
1,1775671375712,-2158,473,9877,273667,-53756,75747,0,0,0,330,349,253,413,265,428,541,340,373,356,315,406,0,
2,1775671375712,5374,1182,18947,-7029837,2246762,1803274,0,0,0,265,444,243,344,379,389,325,303,270,113,113,196,0,
1,1775671375728,-2177,406,9892,321315,-85521,87964,0,0,0,333,353,249,411,283,434,539,321,381,358,306,414,0,
2,1775671375728,4943,1134,23072,-7073819,2339613,1971872,0,0,0,265,445,247,345,381,392,330,304,273,116,117,197,0,
1,1775671375744,-2230,325,9863,371406,-125838,109955,0,0,0,343,367,254,412,276,438,538,301,392,355,281,434,0,
2,1775671375744,6006,492,27829,-7066489,2207666,2102598,0,0,0,263,443,245,344,378,389,333,302,274,114,113,194,0,
1,1775671375760,-2321,263,9820,412944,-160046,142942,0,0,0,339,365,254,413,277,454,528,284,393,354,270,446,0,
2,1775671375760,7906,-1933,31969,-7078706,2229658,2090380,0,0,0,264,443,245,345,378,392,334,302,280,113,111,194,0,
1,1775671375776,-2483,234,9839,455705,-160046,184481,0,0,0,345,361,268,413,268,464,520,270,403,329,249,475,0,
2,1775671375776,7384,-9164,34084,-7055493,2774549,1949881,0,0,0,269,444,246,349,375,389,338,298,282,116,110,196,0,
1,1775671375792,-2699,215,9940,514348,-145385,241902,0,0,0,355,373,275,422,273,468,517,257,404,309,225,486,0,
2,1775671375792,4000,-19545,34041,-6735400,3134960,1793500,0,0,0,271,442,244,354,378,397,341,297,282,119,112,200,0,
1,1775671375808,-2742,129,10093,592539,-133168,316428,0,0,0,363,382,267,440,291,478,513,243,410,300,209,507,0,
2,1775671375808,-521,-33017,28260,-5557651,2481334,1490511,0,0,0,271,444,243,356,381,401,343,298,285,117,110,201,0,
1,1775671375824,-2675,57,10461,708603,-123394,378736,0,0,0,375,386,256,451,298,497,497,230,416,291,193,529,0,
2,1775671375824,-4077,-44771,18899,-3666413,1633453,764803,0,0,0,269,443,240,355,380,400,346,300,287,117,111,202,0,
