sole_id,timestamp,accel_x,accel_y,accel_z,gyro_x,gyro_y,gyro_z,magn_x,magn_y,magn_z,pressure_01,pressure_02,pressure_03,pressure_04,pressure_05,pressure_06,pressure_07,pressure_08,pressure_09,pressure_10,pressure_11,pressure_12,corrupt,brick
1,1775670882592,-1861,1244,9672,-17104,0,0,0,0,0,349,356,289,359,228,351,513,462,317,383,450,189,0,
2,1775670882592,1454,1186,9873,-6108,-59864,-9773,0,0,0,447,496,360,444,401,500,547,488,369,248,214,375,0,
1,1775670882608,-1856,1244,9691,-10995,-2443,0,0,0,0,348,354,293,358,225,352,513,461,313,380,448,185,0,
2,1775670882608,1445,1177,9873,0,-59864,-10995,0,0,0,451,499,366,445,404,503,548,487,364,250,218,376,0,
1,1775670882624,-1866,1249,9710,-6108,-6108,0,0,0,0,349,354,293,357,226,349,514,461,311,377,448,181,0,
2,1775670882624,1440,1162,9873,2443,-63529,-12217,0,0,0,449,496,362,441,400,499,487,457,385,242,211,371,0,
1,1775670882640,-1866,1249,9715,0,-4886,0,0,0,0,348,354,296,356,223,347,513,459,308,375,449,179,0,
2,1775670882640,1445,1162,9868,0,-67195,-10995,0,0,0,448,496,361,441,400,497,525,476,368,246,213,375,0,
1,1775670882656,-1856,1258,9724,4886,-2443,0,0,0,0,350,359,294,357,225,347,510,460,307,378,449,175,0,
2,1775670882656,1445,1167,9863,0,-69638,-9773,0,0,0,449,495,363,443,401,500,548,491,363,248,218,374,0,
1,1775670882672,-1837,1263,9715,10995,-2443,0,0,0,0,348,359,293,361,228,354,506,463,307,379,449,180,0,
2,1775670882672,1440,1186,9873,4886,-72082,-10995,0,0,0,445,491,358,442,402,501,551,496,366,247,217,371,0,
1,1775670882688,-1823,1273,9696,17104,-2443,0,0,0,0,348,357,287,360,226,346,503,463,302,383,447,177,0,
2,1775670882688,1421,1201,9887,20769,-70860,-12217,0,0,0,443,490,356,444,404,503,553,497,368,246,217,374,0,
1,1775670882704,-1813,1268,9691,20769,-6108,1221,0,0,0,348,357,287,361,232,346,503,463,303,381,448,174,0,
2,1775670882704,1421,1201,9901,39095,-69638,-14660,0,0,0,445,494,359,446,406,505,549,494,364,244,215,374,0,
1,1775670882720,-1818,1249,9691,20769,-8552,1221,0,0,0,347,356,292,361,228,347,508,462,304,380,448,173,0,
2,1775670882720,1426,1186,9901,53756,-69638,-15882,0,0,0,445,494,357,447,405,506,547,491,362,243,214,371,0,
1,1775670882736,-1828,1244,9696,21991,-9773,1221,0,0,0,351,356,289,362,227,347,510,462,305,378,448,174,0,
2,1775670882736,1435,1172,9901,69638,-73303,-18325,0,0,0,445,491,351,447,404,505,552,495,366,244,215,372,0,
1,1775670882752,-1813,1258,9696,30543,-9773,1221,0,0,0,358,358,293,363,226,344,512,459,303,378,447,173,0,
2,1775670882752,1430,1167,9906,79412,-80634,-19547,0,0,0,446,496,351,446,403,502,549,491,362,243,213,373,0,
1,1775670882768,-1804,1263,9710,42760,-13439,1221,0,0,0,361,360,293,362,225,343,508,456,302,381,448,174,0,
2,1775670882768,1426,1162,9911,86742,-86742,-20769,0,0,0,450,499,343,446,407,499,549,488,359,247,216,379,0,
1,1775670882784,-1804,1244,9734,54977,-18325,0,0,0,0,363,359,289,363,224,342,510,452,301,383,448,176,0,
2,1775670882784,1426,1153,9930,94073,-89186,-18325,0,0,0,450,496,337,450,410,499,548,487,360,248,215,378,0,
1,1775670882800,-1789,1225,9710,48869,-19547,0,0,0,0,371,357,288,368,223,341,496,426,305,386,446,175,0,
2,1775670882800,1421,1139,9944,103847,-92851,-17104,0,0,0,449,497,342,453,415,501,547,481,360,246,210,376,0,
1,1775670882816,-1785,1225,9691,45204,-19547,0,0,0,0,373,356,291,370,225,342,485,414,309,388,444,176,0,
2,1775670882816,1421,1124,9949,114842,-94073,-17104,0,0,0,443,494,334,452,407,498,546,476,360,240,206,376,0,
1,1775670882832,-1785,1225,9705,45204,-23212,0,0,0,0,369,354,291,366,229,343,514,451,301,383,446,182,0,
2,1775670882832,1416,1105,9944,118507,-95294,-17104,0,0,0,449,494,342,458,404,502,546,465,360,245,202,376,0,
1,1775670882848,-1794,1215,9724,46425,-32986,0,0,0,0,372,351,294,370,224,348,513,448,301,385,445,186,0,
2,1775670882848,1416,1081,9944,123394,-101403,-18325,0,0,0,452,498,353,450,408,505,538,446,361,244,200,379,0,
1,1775670882864,-1809,1206,9719,43982,-37873,0,0,0,0,371,355,296,372,228,349,515,448,302,383,445,188,0,
2,1775670882864,1421,1072,9954,129503,-107512,-21991,0,0,0,452,499,353,448,409,502,533,433,364,242,191,385,0,
1,1775670882880,-1809,1196,9715,37873,-35430,0,0,0,0,363,356,300,374,236,358,515,454,308,390,449,195,0,
2,1775670882880,1411,1052,9959,138055,-111177,-25656,0,0,0,453,500,350,448,410,501,531,422,366,238,181,384,0,
1,1775670882896,-1809,1191,9719,30543,-35430,-2443,0,0,0,368,356,292,383,231,349,516,449,302,383,445,189,0,
2,1775670882896,1411,1019,9964,149051,-112399,-32986,0,0,0,455,498,342,448,408,498,528,409,364,242,178,385,0,
1,1775670882912,-1804,1182,9729,21991,-41538,-6108,0,0,0,364,356,285,389,239,350,521,451,311,393,441,205,0,
2,1775670882912,1421,1005,9987,168598,-112399,-43982,0,0,0,456,498,334,449,408,497,521,397,362,242,174,387,0,
1,1775670882928,-1804,1182,9705,8552,-50090,-9773,0,0,0,361,351,288,375,227,355,522,441,309,392,441,215,0,
2,1775670882928,1421,1019,10064,204028,-120951,-54977,0,0,0,460,500,336,448,406,496,509,383,361,238,171,387,0,
1,1775670882944,-1809,1182,9691,0,-56199,-13439,0,0,0,358,354,292,370,228,354,522,443,312,390,442,218,0,
2,1775670882944,1435,1005,10102,224798,-153938,-62308,0,0,0,464,503,340,445,403,493,499,372,359,237,171,387,0,
1,1775670882960,-1828,1191,9691,0,-61086,-18325,0,0,0,355,350,302,371,228,360,526,444,315,393,441,217,0,
2,1775670882960,1454,961,10112,241902,-189368,-72082,0,0,0,463,505,339,443,402,491,490,365,359,237,169,388,0,
1,1775670882976,-1837,1206,9691,0,-68416,-19547,0,0,0,362,348,314,373,228,373,524,446,325,395,438,231,0,
2,1775670882976,1464,938,10174,279776,-204028,-90408,0,0,0,460,504,346,438,402,491,477,354,362,233,165,391,0,
1,1775670882992,-1842,1206,9691,0,-78190,-20769,0,0,0,367,349,313,377,232,376,522,445,331,394,430,233,0,
2,1775670882992,1526,947,10323,346971,-219911,-118507,0,0,0,455,502,343,437,408,495,465,342,364,227,158,389,0,
1,1775670883008,-1852,1201,9662,0,-81855,-20769,0,0,0,360,348,300,382,238,367,529,438,326,397,423,221,0,
2,1775670883008,1708,1024,10619,452040,-248011,-163711,0,0,0,461,507,318,435,412,484,444,332,352,233,164,395,0,
1,1775670883024,-1856,1196,9643,-2443,-81855,-21991,0,0,0,359,345,297,383,242,364,534,432,324,405,418,234,0,
2,1775670883024,2019,1043,11174,645073,-331088,-244346,0,0,0,459,502,307,424,407,473,437,327,351,227,159,392,0,
1,1775670883040,-1861,1186,9652,-12217,-83077,-21991,0,0,0,359,334,297,386,234,364,538,426,324,407,415,241,0,
2,1775670883040,2397,871,11797,882089,-452040,-342084,0,0,0,459,501,306,421,405,466,414,322,340,226,163,389,0,
1,1775670883056,-1890,1201,9681,-21991,-89186,-21991,0,0,0,354,341,307,380,240,370,538,434,329,407,420,229,0,
2,1775670883056,2684,679,12385,1115439,-470366,-478918,0,0,0,458,498,293,409,402,451,407,325,328,223,159,380,0,
1,1775670883072,-1933,1253,9729,-17104,-89186,-17104,0,0,0,353,366,304,386,256,375,537,412,329,410,417,237,0,
2,1775670883072,2857,679,12653,1342681,-433714,-646295,0,0,0,455,490,294,408,401,448,395,318,322,220,158,366,0,
1,1775670883088,-1971,1277,9767,1221,-74525,-8552,0,0,0,369,368,311,385,241,376,535,426,333,424,429,237,0,
2,1775670883088,2943,626,12452,1549154,-421497,-819781,0,0,0,443,479,274,405,396,434,386,319,312,219,161,354,0,
1,1775670883104,-1962,1249,9801,20769,-53756,-1221,0,0,0,357,370,309,376,292,382,535,425,334,423,430,252,0,
2,1775670883104,3105,272,12184,1731192,-433714,-1003040,0,0,0,426,467,263,399,394,424,387,332,307,203,159,311,0,
1,1775670883120,-1928,1215,9786,25656,-46425,1221,0,0,0,356,365,313,374,264,390,543,429,348,414,437,245,0,
2,1775670883120,3694,-23,11648,1882686,-392175,-1263269,0,0,0,397,461,264,388,389,409,387,343,297,187,158,268,0,
1,1775670883136,-1928,1215,9753,30543,-46425,4886,0,0,0,358,359,323,375,260,391,551,430,349,410,433,254,0,
2,1775670883136,4469,-464,10691,1925447,-299323,-1590693,0,0,0,351,450,261,374,382,395,388,354,291,172,158,236,0,
1,1775670883152,-1952,1234,9753,47647,-48869,10995,0,0,0,366,362,325,378,255,387,544,422,344,413,423,272,0,
2,1775670883152,4666,-670,10035,1865582,-228463,-1974316,0,0,0,313,442,260,361,374,391,368,353,295,161,162,213,0,
1,1775670883168,-1976,1234,9758,72082,-47647,20769,0,0,0,367,371,319,394,257,380,541,416,346,418,421,285,0,
2,1775670883168,3747,1756,10098,1572367,-480140,-2206445,0,0,0,299,442,264,359,371,395,366,354,295,156,163,204,0,
1,1775670883184,-1981,1210,9739,90408,-37873,29321,0,0,0,376,375,320,408,255,379,539,416,350,422,419,289,0,
2,1775670883184,4024,6953,9227,792903,-1209513,-1966986,0,0,0,296,443,265,363,375,396,391,366,287,154,157,205,0,
1,1775670883200,-1952,1196,9739,103847,-25656,36651,0,0,0,380,380,325,401,253,388,540,416,363,417,413,298,0,
2,1775670883200,6226,9887,6867,-149051,-1367116,-1486845,0,0,0,294,443,264,363,375,393,391,366,284,155,157,204,0,
1,1775670883216,-1952,1186,9767,119729,-20769,39095,0,0,0,381,374,336,402,251,402,542,414,368,411,408,311,0,
2,1775670883216,7307,9538,5039,-830776,-555887,-966388,0,0,0,294,441,264,362,374,395,388,363,280,157,162,206,0,
1,1775670883232,-1966,1162,9791,134390,-17104,42760,0,0,0,389,358,349,414,253,415,541,413,358,412,406,319,0,
2,1775670883232,5876,8456,5197,-1099557,321315,-342084,0,0,0,295,444,271,361,376,405,387,363,286,152,159,206,0,
1,1775670883248,-1957,1124,9753,139277,-7330,43982,0,0,0,386,373,337,396,276,426,547,412,364,406,410,321,0,
2,1775670883248,4828,8140,5943,-1248608,724486,221133,0,0,0,289,444,264,361,375,392,389,367,280,150,159,200,0,
1,1775670883264,-1933,1095,9700,138055,0,43982,0,0,0,389,406,335,392,300,411,541,408,357,401,410,305,0,
2,1775670883264,4063,8102,6953,-1467298,978606,657290,0,0,0,289,444,264,363,381,395,388,367,282,151,160,202,0,
1,1775670883280,-1909,1067,9681,129503,0,37873,0,0,0,384,393,343,393,266,394,547,407,354,397,408,314,0,
2,1775670883280,3110,7977,8044,-1721418,1197295,977384,0,0,0,287,444,263,360,377,394,390,369,282,154,163,200,0,
1,1775670883296,-1909,1052,9681,120951,-3665,32986,0,0,0,382,397,335,401,266,399,543,399,354,400,400,328,0,
2,1775670883296,2096,7810,9078,-1984090,1310916,1216843,0,0,0,288,445,264,360,377,394,389,368,281,154,164,203,0,
1,1775670883312,-1904,1028,9652,109955,-7330,28099,0,0,0,386,388,328,409,279,401,553,408,354,402,404,335,0,
2,1775670883312,1560,7580,9964,-2213775,1309695,1425759,0,0,0,289,446,265,358,377,393,383,364,282,152,160,202,0,
1,1775670883328,-1904,1005,9624,94073,-6108,25656,0,0,0,379,382,345,393,258,406,555,408,360,398,401,325,0,
2,1775670883328,1282,7087,10969,-2416582,1310916,1609019,0,0,0,289,443,266,360,377,395,386,364,281,152,162,201,0,
1,1775670883344,-1909,1000,9633,74525,-1221,23212,0,0,0,381,383,353,393,254,410,552,408,364,393,396,318,0,
2,1775670883344,942,6231,12021,-2577851,1321912,1736079,0,0,0,289,444,267,361,378,397,388,365,282,156,169,201,0,
1,1775670883360,-1904,1005,9686,56199,0,19547,0,0,0,379,385,359,394,255,407,548,410,364,398,397,319,0,
2,1775670883360,569,5092,13012,-2701246,1263269,1833817,0,0,0,288,444,267,356,374,393,387,363,283,165,180,201,0,
1,1775670883376,-1895,1009,9743,45204,0,18325,0,0,0,385,390,379,390,259,418,547,416,369,402,399,332,0,
2,1775670883376,660,4139,13807,-2781880,1159422,1866804,0,0,0,287,444,266,354,371,391,388,363,283,173,190,201,0,
1,1775670883392,-1899,1009,9748,41538,-1221,18325,0,0,0,400,396,379,396,258,421,548,417,372,401,397,333,0,
2,1775670883392,1028,3029,14367,-2849075,1036027,1786169,0,0,0,285,442,263,357,374,394,387,361,283,184,202,201,0,
1,1775670883408,-1904,1019,9753,41538,0,18325,0,0,0,399,396,362,401,267,416,540,409,370,399,397,326,0,
2,1775670883408,1340,1631,14529,-2872288,880867,1588249,0,0,0,285,442,263,358,374,394,385,357,282,193,213,199,0,
1,1775670883424,-1895,1024,9767,47647,0,21991,0,0,0,397,396,355,398,276,411,537,399,367,400,395,324,0,
2,1775670883424,1698,220,14175,-2792875,722042,1257160,0,0,0,287,444,267,357,372,393,387,356,284,192,213,198,0,
1,1775670883440,-1885,1019,9782,58643,-1221,24434,0,0,0,404,398,362,395,269,411,545,393,368,400,391,327,0,
2,1775670883440,1971,-1067,13677,-2656042,614530,901637,0,0,0,287,444,267,357,372,394,388,356,285,191,209,198,0,
1,1775670883456,-1890,1005,9786,70860,-3665,26878,0,0,0,404,394,371,395,261,415,543,384,370,397,388,326,0,
2,1775670883456,1856,-2426,12969,-2431243,555887,542448,0,0,0,290,446,268,358,373,394,391,360,287,188,206,201,0,
1,1775670883472,-1895,995,9786,83077,-2443,30543,0,0,0,404,389,371,395,269,417,538,374,368,400,384,323,0,
2,1775670883472,1052,-3474,12242,-2106263,516791,332310,0,0,0,290,447,268,360,374,396,388,357,284,190,208,201,0,
1,1775670883488,-1885,990,9786,100181,0,31764,0,0,0,393,393,353,391,273,413,538,371,370,401,373,324,0,
2,1775670883488,186,-4455,11505,-1692096,425162,267558,0,0,0,287,444,266,356,371,391,392,358,285,193,208,201,0,
1,1775670883504,-1876,995,9806,123394,0,35430,0,0,0,397,395,356,391,271,414,535,359,377,392,361,334,0,
2,1775670883504,-172,-5666,10681,-1199739,304210,348193,0,0,0,286,444,266,356,371,392,386,356,282,190,204,200,0,
1,1775670883520,-1847,995,9791,147829,0,39095,0,0,0,406,390,370,391,264,423,527,350,377,390,367,343,0,
2,1775670883520,-148,-7083,9964,-643851,260228,403171,0,0,0,289,445,266,357,372,393,390,360,286,189,204,200,0,
1,1775670883536,-1756,1033,9384,116064,32986,46425,0,0,0,409,392,369,410,271,433,521,328,374,375,359,340,0,
2,1775670883536,-392,-7925,9600,-72082,239459,392175,0,0,0,288,446,266,360,373,395,391,360,285,186,202,200,0,
1,1775670883552,-1722,1024,9399,147829,6108,52534,0,0,0,403,411,352,406,289,436,520,319,371,384,342,348,0,
2,1775670883552,-856,-7791,9700,401949,138055,394618,0,0,0,291,448,268,362,375,397,391,360,284,187,202,201,0,
1,1775670883568,-1765,961,9839,267558,-87964,61086,0,0,0,435,412,359,424,285,436,520,306,379,362,307,374,0,
2,1775670883568,-732,-7518,9758,792903,-43982,455705,0,0,0,290,446,265,363,378,396,394,375,282,170,183,198,0,
1,1775670883584,-1871,909,10093,356745,-145385,70860,0,0,0,435,402,377,428,276,443,513,291,379,352,284,397,0,
2,1775670883584,244,-6968,9997,1156978,-216246,519235,0,0,0,283,442,258,359,379,392,403,407,278,159,182,193,0,
1,1775670883600,-1971,842,10093,397062,-134390,84299,0,0,0,425,389,372,424,293,447,499,270,389,344,261,407,0,
2,1775670883600,1507,-1014,10830,1643227,-384845,488692,0,0,0,276,436,253,351,375,392,418,441,279,213,231,191,0,
1,1775670883616,-2053,751,10064,432492,-75747,111177,0,0,0,425,389,371,432,308,458,483,250,390,330,242,408,0,
2,1775670883616,1933,6719,9949,2015855,-742812,339641,0,0,0,272,429,245,344,367,390,429,461,279,237,256,190,0,
1,1775670883632,-2215,746,10332,511905,0,146607,0,0,0,427,402,368,441,308,458,468,245,385,318,238,417,0,
2,1775670883632,780,6934,8676,2254092,-1104444,59864,0,0,0,271,422,234,343,363,379,434,469,272,173,228,187,0,
1,1775670883648,-2306,751,10691,637743,114842,193033,0,0,0,432,432,337,444,333,452,454,250,395,315,245,434,0,
2,1775670883648,311,2445,10342,2530203,-937067,-215024,0,0,0,272,420,232,345,364,383,444,473,272,180,240,187,0,
1,1775670883664,-2091,698,11079,819781,243124,244346,0,0,0,440,465,297,446,361,454,436,248,402,312,241,444,0,
2,1775670883664,957,1363,12313,2582738,-615752,-327423,0,0,0,277,422,238,353,366,389,453,479,279,190,254,186,0,
1,1775670883680,-1799,617,11505,1061683,280998,276111,0,0,0,440,459,278,447,340,460,413,237,391,302,225,455,0,
2,1775670883680,1421,2014,12849,2411695,-390953,-339641,0,0,0,281,430,259,349,361,394,453,483,279,222,293,185,0,
1,1775670883696,-1732,531,11931,1336573,274889,290771,0,0,0,439,446,271,449,350,486,388,231,396,293,219,470,0,
2,1775670883696,1627,2239,13041,2161241,-146607,-313984,0,0,0,285,436,264,353,360,394,474,494,286,239,298,186,0,
1,1775670883712,-1947,492,12419,1632231,278554,310319,0,0,0,431,435,234,440,335,480,374,225,386,297,220,483,0,
2,1775670883712,1957,1761,13074,1815491,-7330,-243124,0,0,0,294,443,281,353,358,392,480,494,281,247,304,186,0,
1,1775670883728,-2297,469,12974,1985312,301767,364075,0,0,0,451,438,243,437,331,501,343,215,390,281,205,501,0,
2,1775670883728,2134,1397,12002,1408655,-84299,-118507,0,0,0,299,448,303,364,362,409,492,497,289,214,266,209,0,
1,1775670883744,-2761,425,13534,2399478,331088,481361,0,0,0,438,420,261,433,333,494,306,210,388,264,186,497,0,
2,1775670883744,1861,1407,10619,1048244,-175929,-9773,0,0,0,309,451,317,376,366,414,505,504,296,203,255,220,0,
1,1775670883760,-3091,354,14237,2849075,370184,656069,0,0,0,445,418,251,423,339,485,295,210,377,245,193,479,0,x
2,1775670883760,1622,1258,10107,735481,-245567,39095,0,0,0,328,453,320,385,363,416,516,505,298,226,273,225,0,x
1,1775670883776,-3306,191,15194,3382971,481361,850324,0,0,0,429,397,259,409,325,486,262,197,380,224,172,457,0,
2,1775670883776,1507,1009,10145,406836,-284663,57421,0,0,0,348,460,323,396,367,422,524,513,308,229,276,235,0,
1,1775670883792,-3584,-181,16276,3891211,618195,1018923,0,0,0,426,394,257,403,323,473,257,191,371,217,165,409,0,
2,1775670883792,1311,1000,10184,101403,-257785,37873,0,0,0,363,467,328,402,372,427,530,520,312,235,277,242,0,
1,1775670883808,-4072,-445,17118,4289495,728151,1155757,0,0,0,404,402,249,377,333,433,255,195,356,208,168,355,0,
2,1775670883808,1201,1215,10078,-79412,-184481,12217,0,0,0,374,472,332,406,375,429,536,526,312,258,295,246,0,
1,1775670883824,-4790,-373,17717,4693888,883311,1324355,0,0,0,367,389,251,350,303,399,252,198,339,197,164,305,0,
2,1775670883824,1292,1469,10045,-127059,-92851,0,0,0,0,383,476,333,409,378,433,538,529,313,287,329,248,0,
1,1775670883840,-4714,-143,18013,5073846,1109331,1517389,0,0,0,335,360,254,325,254,378,263,203,321,193,170,260,0,
2,1775670883840,1387,1574,10064,-81855,-34208,0,0,0,0,387,480,333,409,379,437,539,524,314,321,365,247,0,
1,1775670883856,-4690,-23,17903,5440365,1390329,1683544,0,0,0,300,341,245,290,241,346,287,223,305,198,197,213,0,
2,1775670883856,1426,1627,9987,-18325,-1221,0,0,0,0,390,480,337,408,383,440,545,528,323,346,392,248,0,
1,1775670883872,-5474,-306,16601,5562538,1767844,1775174,0,0,0,265,317,240,267,226,307,315,253,283,203,224,164,0,
2,1775670883872,1440,1636,9911,40317,7330,0,0,0,0,399,485,353,413,385,444,537,527,314,374,423,248,0,
1,1775670883888,-5833,-210,14079,5468465,2258979,1828930,0,0,0,269,275,245,264,174,279,338,263,266,202,241,126,0,
2,1775670883888,1507,1579,9935,73303,-2443,0,0,0,0,406,487,346,417,386,445,540,533,317,364,414,251,0,
1,1775670883904,-6537,2641,10366,4985882,2886949,1739744,0,0,0,273,278,254,268,174,284,334,261,259,199,243,124,0,
2,1775670883904,1579,1521,9944,89186,-34208,0,0,0,0,412,489,351,418,388,452,536,524,316,372,416,254,0,
1,1775670883920,-9944,9499,8451,3436727,2493551,1060462,0,0,0,273,287,245,275,181,289,342,262,267,208,241,128,0,
2,1775670883920,1598,1526,9944,100181,-81855,-3665,0,0,0,416,490,359,419,389,453,541,524,324,377,415,262,0,
1,1775670883936,-11060,14505,8312,853989,1022588,-158824,0,0,0,265,288,245,272,181,289,341,262,267,203,241,126,0,
2,1775670883936,1517,1574,9968,133168,-122173,-13439,0,0,0,427,495,360,420,387,457,545,528,326,377,413,262,0,
1,1775670883952,-8356,12687,7791,-1568701,43982,-1372003,0,0,0,263,297,246,274,185,292,341,263,267,206,242,126,0,
2,1775670883952,1411,1579,10016,178372,-122173,-29321,0,0,0,432,500,356,425,391,460,545,523,327,382,409,275,0,
1,1775670883968,-7250,8767,6101,-2580294,-114842,-1674992,0,0,0,250,293,245,282,191,299,347,259,263,208,240,124,0,
2,1775670883968,1378,1541,10011,222354,-78190,-39095,0,0,0,433,504,348,422,393,462,540,509,328,381,401,293,0,
1,1775670883984,-6771,6087,4972,-2742784,-333532,-1130100,0,0,0,239,296,246,275,193,298,339,261,263,206,244,128,0,
2,1775670883984,1407,1497,9968,272445,-35430,-50090,0,0,0,436,505,356,430,401,473,546,509,339,283,287,329,0,
1,1775670884000,-4737,5963,5987,-2940705,-657290,-575435,0,0,0,240,302,251,269,194,297,333,266,267,203,246,130,0,
2,1775670884000,1450,1435,9911,318871,-13439,-59864,0,0,0,442,512,357,435,407,481,552,508,345,246,237,349,0,
1,1775670884016,-3029,6178,7489,-3303559,-746477,-403171,0,0,0,242,304,253,269,195,298,333,268,269,205,246,130,0,
2,1775670884016,1464,1359,9877,337197,-14660,-64751,0,0,0,445,515,352,438,407,485,555,502,346,271,254,357,0,
1,1775670884032,-2881,6106,8580,-3646865,-811229,-583987,0,0,0,241,301,250,269,194,297,334,268,268,207,247,131,0,
2,1775670884032,1474,1287,9868,333532,-28099,-69638,0,0,0,445,513,350,441,409,489,554,498,352,269,246,369,0,
1,1775670884048,-2919,5939,9624,-3954741,-1018923,-791681,0,0,0,240,301,251,267,195,297,334,269,270,207,248,131,0,
2,1775670884048,1493,1244,9868,307876,-52534,-68416,0,0,0,451,516,352,441,413,492,554,493,361,242,212,381,0,
1,1775670884064,-2699,5527,11055,-4315152,-1326799,-994488,0,0,0,239,304,252,266,195,298,334,270,271,206,248,130,0,
2,1775670884064,1507,1215,9877,287106,-83077,-65973,0,0,0,459,520,352,439,415,491,554,484,364,243,207,388,0,
1,1775670884080,-2211,4618,12691,-4689001,-1565036,-1089783,0,0,0,238,307,249,268,197,297,336,270,276,205,249,128,0,
2,1775670884080,1502,1196,9892,282219,-116064,-63529,0,0,0,459,520,347,448,419,497,548,476,368,240,202,395,0,
1,1775670884096,-1679,3316,14338,-4961447,-1661553,-965167,0,0,0,236,304,246,271,196,296,339,272,278,209,249,129,0,
2,1775670884096,1469,1158,9930,289550,-136833,-59864,0,0,0,465,520,349,453,420,501,548,466,360,243,191,402,0,
1,1775670884112,-1148,2215,16147,-5094616,-1685988,-568104,0,0,0,237,304,246,269,196,298,338,270,282,215,247,129,0,
2,1775670884112,1426,1115,9987,306654,-140499,-59864,0,0,0,474,524,357,455,423,504,544,449,375,265,197,401,0,
1,1775670884128,-531,1512,17788,-5176472,-1660331,-161268,0,0,0,240,304,249,269,198,300,341,274,288,261,236,157,0,
2,1775670884128,1402,1095,10040,333532,-122173,-63529,0,0,0,469,523,345,454,429,510,540,432,365,397,264,399,0,
1,1775670884144,-134,866,18760,-5220454,-1580919,-24434,0,0,0,242,304,249,273,197,302,341,274,285,260,234,156,0,
2,1775670884144,1426,1057,10064,366519,-94073,-68416,0,0,0,473,533,361,453,427,510,535,413,367,251,184,433,0,
1,1775670884160,-574,-124,18990,-5094616,-1554041,-338419,0,0,0,241,304,250,274,197,302,342,272,280,216,248,130,0,
2,1775670884160,1478,985,10078,401949,-75747,-74525,0,0,0,485,539,359,458,435,508,527,392,367,252,179,455,0,
1,1775670884176,-1277,-1086,19100,-4816061,-1663996,-868650,0,0,0,240,306,251,275,200,302,342,274,281,212,246,130,0,
2,1775670884176,1521,914,10093,434936,-74525,-84299,0,0,0,487,544,363,463,441,521,516,371,367,243,169,462,0,
1,1775670884192,-1856,-2139,19473,-4433659,-1832595,-1513724,0,0,0,240,307,252,274,198,302,341,272,280,213,246,128,0,
2,1775670884192,1526,842,10112,466701,-70860,-101403,0,0,0,488,547,363,463,443,520,512,356,374,247,172,474,0,
1,1775670884208,-2373,-3761,20162,-4092797,-1903456,-2138028,0,0,0,242,307,254,276,198,303,344,272,281,214,247,127,0,
2,1775670884208,1569,780,10208,508239,-59864,-128281,0,0,0,493,548,359,466,450,519,500,340,378,255,174,489,0,
1,1775670884224,-2895,-6398,20736,-3970624,-1876578,-2546086,0,0,0,246,306,254,282,195,304,345,270,282,218,247,129,0,
2,1775670884224,1574,727,10366,577878,-59864,-156381,0,0,0,500,549,358,475,452,521,488,318,379,258,169,503,0,
1,1775670884240,-2857,-11605,20258,-4065919,-1759291,-2437352,0,0,0,246,305,253,281,192,305,345,268,284,218,246,130,0,
2,1775670884240,1560,650,10533,719599,-97738,-184481,0,0,0,510,554,353,476,451,520,475,301,381,261,167,515,0,
1,1775670884256,-1727,-17611,18655,-3929085,-1632231,-1936442,0,0,0,243,305,254,274,193,305,345,270,285,214,245,126,0,
2,1775670884256,1655,536,10720,857654,-145385,-208915,0,0,0,519,556,347,481,456,527,461,287,384,275,182,526,0,
1,1775670884272,660,-22105,16544,-3338989,-1485624,-1362229,0,0,0,242,307,254,274,195,304,343,272,283,213,245,125,0,
2,1775670884272,1713,483,11079,1015258,-179594,-241902,0,0,0,520,553,336,489,465,538,446,276,387,284,191,540,0,
1,1775670884288,3670,-25264,13826,-2087937,-1038470,-653625,0,0,0,241,309,254,277,199,311,345,272,285,215,246,127,0,
2,1775670884288,1502,540,11753,1258382,-202807,-273667,0,0,0,518,558,315,487,475,542,429,275,386,276,175,560,0,
1,1775670884304,4867,-26264,12404,-951728,-474031,76969,0,0,0,242,307,255,275,198,310,348,271,288,225,246,126,0,
2,1775670884304,1421,411,12122,1557706,-248011,-272445,0,0,0,520,578,306,489,488,541,406,273,381,279,180,583,0,
1,1775670884320,5714,-25613,12041,28099,112399,724486,0,0,0,241,305,253,279,197,306,347,274,283,224,255,124,0,
2,1775670884320,1464,253,12471,1897347,-276111,-274889,0,0,0,527,569,288,480,491,530,367,273,378,268,179,580,0,
1,1775670884336,5340,-22675,12476,891863,707381,1025031,0,0,0,227,289,245,281,191,304,345,309,270,238,325,116,0,
2,1775670884336,1694,138,12921,2266310,-274889,-311541,0,0,0,532,571,287,504,508,535,334,274,378,266,179,574,0,
1,1775670884352,2684,-10782,14352,1623679,1312138,852767,0,0,0,235,278,221,280,186,278,405,391,263,279,354,99,0,
2,1775670884352,1928,43,13405,2680476,-298102,-368962,0,0,0,537,587,279,477,510,527,302,278,374,252,182,574,0,
1,1775670884368,-2627,10433,13208,2210110,2035402,399505,0,0,0,251,265,210,276,169,260,445,423,261,300,379,94,0,
2,1775670884368,1933,0,14099,3139847,-353080,-431270,0,0,0,538,581,264,474,526,550,289,272,379,265,190,570,0,
1,1775670884384,-4781,15037,9605,2856405,2128254,46425,0,0,0,254,259,201,280,167,260,459,447,263,322,407,91,0,
2,1775670884384,2345,-100,15094,3717725,-432492,-503352,0,0,0,542,562,260,462,518,525,269,248,373,260,182,569,0,
1,1775670884400,-1488,3857,13290,4074471,1255938,-6108,0,0,0,259,260,202,290,169,265,468,463,270,354,420,88,0,
2,1775670884400,3402,-339,16463,4421442,-543670,-670730,0,0,0,543,552,265,456,506,521,250,211,372,240,161,536,0,
1,1775670884416,1641,-2474,19559,4266282,256563,248011,0,0,0,264,266,216,298,171,275,475,473,273,366,423,93,0,
2,1775670884416,4091,-665,18722,5153259,-686612,-932180,0,0,0,531,539,275,452,497,520,241,180,367,216,146,488,0,
1,1775670884432,-713,-406,18511,2944370,-50090,551000,0,0,0,264,270,236,304,177,288,482,478,280,375,426,103,0,
2,1775670884432,4924,-1124,22378,5941275,-780685,-1175304,0,0,0,483,524,253,448,479,508,244,167,351,202,140,423,0,
1,1775670884448,-3618,1301,13433,1569923,-117286,386066,0,0,0,264,278,253,311,188,306,492,482,289,385,431,111,0,
2,1775670884448,6326,-837,24991,6565579,-709825,-1403768,0,0,0,425,503,228,425,456,479,258,173,328,186,129,362,0,
1,1775670884464,-3239,1273,9571,1010371,17104,-7330,0,0,0,268,290,262,320,200,323,500,485,294,388,439,122,0,
2,1775670884464,7772,435,25403,7134905,-443488,-1758070,0,0,0,366,480,217,389,431,438,276,212,300,166,123,318,0,
1,1775670884480,-2230,631,9270,643851,186924,-166155,0,0,0,279,298,273,330,203,328,512,491,296,392,453,141,0,
2,1775670884480,6695,1856,24953,7666358,89186,-2245540,0,0,0,299,449,217,352,396,397,299,272,279,139,123,252,0,
1,1775670884496,-1765,598,10653,194255,197920,-100181,0,0,0,300,299,287,341,200,335,532,502,297,407,467,147,0,
2,1775670884496,4704,2426,22957,7926587,344527,-2640159,0,0,0,261,429,230,331,371,376,321,309,275,114,121,195,0,
1,1775670884512,-1832,1134,10792,-70860,102625,-34208,0,0,0,306,306,275,348,203,342,534,511,308,418,474,152,0,
2,1775670884512,5733,6379,14812,7048163,-357967,-2835636,0,0,0,264,431,236,329,370,380,324,312,275,111,121,193,0,
1,1775670884528,-2000,1545,10136,-73303,6108,-9773,0,0,0,308,302,284,337,206,341,539,511,334,413,479,175,0,
2,1775670884528,6862,13472,8915,4404338,-1114218,-2802649,0,0,0,261,434,235,328,371,379,323,310,268,112,120,191,0,
1,1775670884544,-1995,1512,9954,4886,-13439,0,0,0,0,313,298,287,339,201,332,524,524,335,421,476,181,0,
2,1775670884544,5388,17075,9763,-139277,-1378111,-1885130,0,0,0,261,435,235,331,374,378,326,313,265,112,120,188,0,
1,1775670884560,-1966,1569,9997,69638,-34208,21991,0,0,0,318,308,284,345,204,332,537,494,320,413,484,172,0,
2,1775670884560,4527,13630,9873,-3681073,-1550375,-623082,0,0,0,260,433,234,332,372,378,327,312,266,116,128,189,0,
1,1775670884576,-1919,1698,10078,172263,-86742,52534,0,0,0,314,310,284,349,201,340,539,484,320,415,472,184,0,
2,1775670884576,6001,6786,6379,-4579045,-1414763,205250,0,0,0,259,432,232,333,370,378,329,312,266,115,120,189,0,
1,1775670884592,-1938,1608,9944,295658,-158824,67195,0,0,0,330,317,285,371,204,345,539,481,334,419,464,183,0,
2,1775670884592,6690,4656,3967,-4020715,-618195,196698,0,0,0,260,434,235,332,370,375,333,315,267,115,121,189,0,
1,1775670884608,-2029,1454,9739,364075,-193033,70860,0,0,0,335,320,284,378,209,361,529,484,326,409,456,202,0,
2,1775670884608,5513,5087,4316,-3859446,218689,107512,0,0,0,256,433,233,333,373,379,332,315,268,116,124,190,0,
1,1775670884624,-2091,1335,9581,350636,-158824,69638,0,0,0,336,318,285,378,209,362,530,485,322,393,448,211,0,
2,1775670884624,3804,6355,6403,-4368908,614530,207694,0,0,0,255,433,233,334,374,378,329,315,263,116,125,189,0,
1,1775670884640,-2086,1253,9528,302989,-112399,69638,0,0,0,335,315,285,380,209,366,535,475,324,390,441,222,0,
2,1775670884640,3555,6259,7882,-5115385,725707,500909,0,0,0,256,435,235,333,373,379,331,317,267,116,124,190,0,
1,1775670884656,-2043,1220,9562,244346,-80634,72082,0,0,0,336,314,285,383,208,368,538,460,322,386,432,231,0,
2,1775670884656,3819,5388,8777,-5561317,979827,723264,0,0,0,257,436,236,334,373,380,332,318,267,118,126,190,0,
1,1775670884672,-2038,1244,9585,210137,-68416,74525,0,0,0,336,314,285,383,205,363,535,443,320,378,422,238,0,
2,1775670884672,3340,4891,9949,-5699372,1339016,842994,0,0,0,256,436,236,335,374,380,333,318,265,120,129,190,0,
1,1775670884688,-2029,1263,9609,193033,-57421,76969,0,0,0,331,315,283,382,207,362,528,426,322,374,416,243,0,
2,1775670884688,2598,4809,11495,-5845980,1604132,989601,0,0,0,255,436,235,336,374,380,334,318,264,121,129,191,0,
1,1775670884704,-2005,1210,9590,180816,-47647,73303,0,0,0,328,313,278,387,207,367,533,415,320,376,414,245,0,
2,1775670884704,1928,4891,13630,-6111095,1754404,1237612,0,0,0,256,436,236,337,375,380,335,317,263,120,128,191,0,
1,1775670884720,-1995,1148,9547,156381,-40317,61086,0,0,0,328,313,279,387,207,369,543,411,330,389,415,261,0,
2,1775670884720,1746,4508,15568,-6349333,1806939,1445307,0,0,0,257,437,238,337,373,380,337,316,265,128,138,191,0,
1,1775670884736,-2010,1134,9518,127059,-28099,46425,0,0,0,339,319,278,390,209,370,540,421,336,381,420,269,0,
2,1775670884736,1770,3814,17573,-6502049,1849699,1563815,0,0,0,254,436,238,335,369,377,335,312,267,145,164,189,0,
1,1775670884752,-2029,1153,9576,114842,-9773,40317,0,0,0,342,327,276,401,208,370,528,415,335,377,411,269,0,
2,1775670884752,2033,3297,19813,-6559470,1898569,1556484,0,0,0,254,436,240,332,369,377,337,314,272,148,171,190,0,
1,1775670884768,-2033,1158,9700,119729,0,43982,0,0,0,333,327,280,405,215,373,533,413,338,377,414,279,0,
2,1775670884768,2359,3268,22502,-6642548,1947438,1566258,0,0,0,257,436,240,335,368,378,336,313,273,146,167,188,0,
1,1775670884784,-1995,1134,9777,138055,-15882,58643,0,0,0,336,325,286,403,215,402,537,404,364,377,405,302,0,
2,1775670884784,2670,3278,25651,-6800151,1964542,1734857,0,0,0,258,438,241,338,368,381,344,318,275,138,151,189,0,
1,1775670884800,-2000,1105,9767,161268,-42760,76969,0,0,0,333,332,290,403,225,420,535,390,367,400,386,314,0,
2,1775670884800,2909,1593,28494,-6871012,1937664,2141693,0,0,0,257,434,239,341,368,384,347,317,280,137,146,189,0,
1,1775670884816,-2043,1095,9729,197920,-70860,105068,0,0,0,336,336,287,406,232,409,537,384,369,382,384,333,0,
2,1775670884816,3163,-2225,30681,-6717074,1924225,2532647,0,0,0,259,434,239,349,373,391,349,317,287,135,142,192,0,
1,1775670884832,-2057,1119,9753,268780,-91629,130725,0,0,0,338,336,297,409,239,411,539,374,385,367,367,352,0,
2,1775670884832,4082,-9767,31466,-6252816,1809382,2591290,0,0,0,262,435,240,351,374,397,352,317,290,139,142,195,0,
1,1775670884848,-2062,1119,9820,364075,-113620,150272,0,0,0,349,337,304,410,264,422,546,354,397,364,340,378,0,
2,1775670884848,5800,-21756,27422,-5324301,1507615,1653001,0,0,0,262,433,239,348,371,396,349,313,287,143,149,192,0,
1,1775670884864,-2072,1124,9978,494800,-146607,160046,0,0,0,361,344,309,405,268,444,555,329,415,356,313,411,0,
2,1775670884864,3637,-31251,21277,-4029267,1518610,85521,0,0,0,265,434,241,349,372,396,351,314,289,147,153,193,0,
1,1775670884880,-2134,1115,10189,620639,-190589,173485,0,0,0,364,352,307,407,245,470,548,304,440,334,279,440,0,
2,1775670884880,-5154,-34457,17697,-2415361,1419650,-1425759,0,0,0,266,434,239,351,372,395,354,316,292,146,154,193,0,
1,1775670884896,-2187,1024,10485,736703,-259006,195476,0,0,0,367,357,288,423,261,487,520,271,446,306,234,462,0,
2,1775670884896,-11543,-34558,16755,-979827,547335,-2032959,0,0,0,265,433,240,330,388,381,355,317,291,144,155,191,0,
1,1775670884912,-2273,866,10945,944397,-387288,207694,0,0,0,370,360,274,427,286,504,510,234,445,289,207,493,0,
2,1775670884912,-8595,-32538,16295,298102,-794124,-1755626,0,0,0,261,433,245,326,389,380,357,338,288,139,154,189,0,
1,1775670884928,-2488,670,11572,1218065,-521678,229685,0,0,0,376,364,251,453,309,511,510,225,442,284,190,521,0,
2,1775670884928,-1459,-24953,16176,1629788,-1308473,-1462411,0,0,0,254,429,239,346,372,388,376,391,280,148,176,184,0,
1,1775670884944,-2814,636,12500,1600466,-604756,310319,0,0,0,380,372,233,459,324,524,482,224,445,283,190,546,0,
2,1775670884944,2201,-4714,18181,2722015,-1563815,-902858,0,0,0,251,414,221,345,366,376,409,445,267,168,214,178,0,
1,1775670884960,-3024,765,13304,2031737,-610865,433714,0,0,0,393,372,220,477,339,556,424,214,448,247,175,546,0,
2,1775670884960,5020,19975,14218,2977357,-2036624,274889,0,0,0,254,393,210,341,352,369,428,462,262,169,234,174,0,
1,1775670884976,-3235,622,13706,2489886,-568104,572991,0,0,0,379,386,208,529,340,550,398,198,443,263,171,567,0,
2,1775670884976,3460,14907,7097,3496592,-2039068,1155757,0,0,0,256,389,205,340,348,376,448,467,267,186,270,175,0,
1,1775670884992,-3905,425,14137,3046995,-459370,756251,0,0,0,382,395,193,526,391,546,376,198,450,275,170,565,0,
2,1775670884992,-1713,425,9772,4660901,-1290147,1152091,0,0,0,256,390,205,345,351,379,465,478,270,215,305,172,0,
1,1775670885008,-4532,516,14759,3655417,-261450,989601,0,0,0,405,397,198,491,396,548,325,186,444,238,152,554,0,
2,1775670885008,-4422,-2967,17473,4635245,-508239,229685,0,0,0,256,394,205,352,352,384,483,485,277,207,329,179,0,
1,1775670885024,-5159,617,15845,4261395,-21991,1241278,0,0,0,393,381,202,459,381,544,252,159,447,195,122,517,0,
2,1775670885024,-1861,703,19253,3843564,-175929,-715934,0,0,0,259,399,231,350,346,390,479,514,269,342,444,167,0,
1,1775670885040,-6628,502,18104,5010316,180816,1567480,0,0,0,393,368,205,429,343,518,239,147,429,180,110,459,0,
2,1775670885040,3431,3206,16712,3000570,-80634,-867428,0,0,0,265,411,263,350,347,400,439,484,319,340,451,175,0,
1,1775670885056,-8714,320,20856,5759237,283441,1973094,0,0,0,381,357,206,395,309,475,214,139,401,169,104,393,0,
2,1775670885056,4077,1521,13979,2182010,-112399,-217468,0,0,0,278,424,285,365,357,405,505,521,298,294,404,193,0,
1,1775670885072,-9786,76,23125,6384763,283441,2449569,0,0,0,351,354,204,361,308,429,190,148,372,150,106,315,0,
2,1775670885072,2282,751,11323,1357342,-261450,200363,0,0,0,292,439,305,378,369,415,526,528,295,269,376,207,0,
1,1775670885088,-9609,186,24675,6983411,200363,2902831,0,0,0,304,344,203,326,290,387,209,174,333,137,121,246,0,
2,1775670885088,1091,827,10442,737925,-372627,195476,0,0,0,314,449,323,389,373,421,536,535,306,270,377,217,0,
1,1775670885104,-8978,961,26264,7395134,180816,3237585,0,0,0,256,310,204,288,223,333,257,206,295,144,153,185,0,
2,1775670885104,1296,938,10667,310319,-333532,65973,0,0,0,334,458,330,394,374,424,541,542,308,284,386,229,0,
1,1775670885120,-10686,2627,23890,7555181,621860,3488040,0,0,0,248,280,210,260,184,281,308,243,276,157,197,118,0,
2,1775670885120,1478,1263,10519,80634,-237015,0,0,0,0,346,464,328,398,377,426,541,542,304,303,399,236,0,
1,1775670885136,-11686,7384,15745,7395134,1020144,3765373,0,0,0,263,275,227,260,175,281,312,246,275,165,213,124,0,
2,1775670885136,1383,1521,10222,59864,-136833,0,0,0,0,353,466,325,405,383,430,542,542,300,312,407,236,0,
1,1775670885152,-9528,12237,10088,6202725,1496619,3538131,0,0,0,262,278,226,263,178,281,312,250,274,166,217,123,0,
2,1775670885152,1411,1646,10078,61086,-80634,-7330,0,0,0,358,469,326,408,388,432,544,545,300,308,406,235,0,
1,1775670885168,-7882,16601,9217,3296228,1835039,2103819,0,0,0,260,277,222,272,186,290,312,248,269,169,215,123,0,
2,1775670885168,1435,1684,10045,68416,-70860,-18325,0,0,0,365,475,330,406,385,431,546,547,306,312,405,238,0,
1,1775670885184,-7083,16750,9729,-1025031,1567480,-324980,0,0,0,261,283,221,273,186,286,320,256,269,168,217,121,0,
2,1775670885184,1378,1718,10021,98960,-46425,-26878,0,0,0,370,476,333,410,385,437,549,549,311,321,402,241,0,
1,1775670885200,-6661,12376,8150,-3503923,1336573,-1732413,0,0,0,250,280,240,265,183,297,316,253,277,168,217,130,0,
2,1775670885200,1359,1732,10002,152716,-7330,-32986,0,0,0,376,476,333,419,390,439,548,547,309,332,399,241,0,
1,1775670885216,-7499,6987,4938,-3897320,1132544,-1726305,0,0,0,246,285,230,265,183,289,315,252,272,171,220,127,0,
2,1775670885216,1411,1718,9949,208915,17104,-35430,0,0,0,382,484,335,419,394,441,545,545,311,317,377,248,0,
1,1775670885232,-7786,5484,4000,-3673743,485026,-917519,0,0,0,245,287,226,267,186,287,318,256,270,170,221,124,0,
2,1775670885232,1493,1627,9863,238237,2443,-31764,0,0,0,386,487,335,418,393,439,544,537,308,302,359,252,0,
1,1775670885248,-5862,5628,5336,-3974289,-189368,-279776,0,0,0,246,288,228,266,186,286,322,258,270,171,224,124,0,
2,1775670885248,1541,1560,9815,237015,-36651,-30543,0,0,0,391,491,335,417,392,437,543,530,305,288,341,256,0,
1,1775670885264,-3847,5848,7394,-4719544,-186924,-348193,0,0,0,247,290,229,266,185,286,322,258,270,171,224,124,0,
2,1775670885264,1517,1541,9810,226020,-80634,-35430,0,0,0,392,492,334,413,390,437,541,527,312,258,291,266,0,
1,1775670885280,-3546,5130,8915,-5462356,-57421,-728151,0,0,0,245,291,228,266,186,286,309,251,271,174,225,125,0,
2,1775670885280,1459,1526,9806,228463,-105068,-46425,0,0,0,399,494,335,417,394,441,536,522,316,241,264,276,0,
1,1775670885296,-4393,4000,9681,-5794667,-327423,-1104444,0,0,0,243,290,228,266,187,286,304,247,272,177,226,126,0,
2,1775670885296,1416,1507,9777,241902,-102625,-57421,0,0,0,408,492,336,424,394,450,543,514,317,252,266,279,0,
1,1775670885312,-4264,3172,10849,-5924171,-867428,-1424537,0,0,0,244,289,228,270,189,289,326,262,272,175,221,123,0,
2,1775670885312,1402,1474,9753,254119,-94073,-63529,0,0,0,412,496,332,424,396,451,543,498,321,296,306,284,0,
1,1775670885328,-3871,2450,12352,-5984035,-1255938,-1701870,0,0,0,242,288,227,270,188,290,325,262,274,178,227,124,0,
2,1775670885328,1411,1445,9748,263893,-97738,-63529,0,0,0,416,500,327,428,400,456,546,493,323,276,278,299,0,
1,1775670885344,-3890,1809,14223,-6006027,-1435533,-1804495,0,0,0,244,289,229,273,193,292,322,256,269,178,228,125,0,
2,1775670885344,1421,1402,9767,274889,-114842,-54977,0,0,0,424,505,328,433,406,468,545,490,330,249,238,327,0,
1,1775670885360,-4120,1340,16252,-6073222,-1552819,-1714087,0,0,0,241,295,226,273,194,292,323,257,269,179,228,123,0,
2,1775670885360,1411,1354,9825,291993,-128281,-50090,0,0,0,434,510,332,436,411,475,541,483,339,272,237,354,0,
1,1775670885376,-4254,698,18726,-6216164,-1643227,-1496619,0,0,0,244,296,229,275,196,291,328,261,271,175,228,118,0,
2,1775670885376,1392,1335,9920,320093,-128281,-51312,0,0,0,441,513,337,440,414,478,541,469,344,294,237,374,0,
1,1775670885392,-4417,-62,20937,-6302907,-1665218,-1419650,0,0,0,245,301,231,274,199,292,325,260,272,178,230,122,0,
2,1775670885392,1387,1301,10031,367740,-108734,-58643,0,0,0,450,521,348,449,422,486,539,448,357,275,230,401,0,
1,1775670885408,-4857,-1014,22962,-6240599,-1651779,-1654223,0,0,0,245,298,231,275,197,293,328,260,274,179,227,123,0,
2,1775670885408,1411,1273,10112,426383,-89186,-74525,0,0,0,462,529,344,460,426,496,539,430,374,241,184,422,0,
1,1775670885424,-5340,-2565,25039,-5971818,-1748296,-2291966,0,0,0,245,295,232,275,194,293,324,256,272,180,228,121,0,
2,1775670885424,1488,1253,10189,513126,-70860,-97738,0,0,0,469,535,358,461,427,503,527,403,359,251,181,450,0,
1,1775670885440,-5900,-5781,27370,-5612629,-1921782,-3072652,0,0,0,249,295,232,277,194,294,328,254,272,187,226,122,0,
2,1775670885440,1598,1196,10294,623082,-61086,-130725,0,0,0,475,549,351,470,445,513,523,371,370,265,182,482,0,
1,1775670885456,-6992,-12184,28997,-5276653,-1981646,-3541796,0,0,0,252,296,232,281,196,296,333,253,279,192,223,125,0,
2,1775670885456,1746,1057,10433,747699,-51312,-177150,0,0,0,490,562,354,485,452,513,511,339,370,275,182,504,0,
1,1775670885472,-8624,-21622,26441,-5009094,-1932777,-2956587,0,0,0,250,297,233,282,194,299,334,251,283,195,222,126,0,
2,1775670885472,1919,909,10734,871093,-37873,-238237,0,0,0,505,554,355,487,456,518,491,312,374,271,174,536,0,
1,1775670885488,-6202,-29246,21703,-4713436,-2307848,-1607797,0,0,0,248,298,236,281,192,304,334,250,286,195,221,126,0,
2,1775670885488,1899,851,11208,1036027,-45204,-304210,0,0,0,513,553,342,493,469,522,465,286,381,359,205,547,0,
1,1775670885504,3953,-34845,17075,-3751934,-2465452,-29321,0,0,0,245,296,232,280,191,304,339,254,285,197,230,123,0,
2,1775670885504,1722,827,11859,1296256,-56199,-349414,0,0,0,516,552,323,499,480,534,443,268,388,313,194,565,0,
1,1775670885520,11490,-39205,14362,-2185675,-1490511,981049,0,0,0,241,286,213,280,187,284,361,281,274,219,266,110,0,
2,1775670885520,1574,775,12907,1727526,13439,-387288,0,0,0,516,565,302,499,488,538,416,261,389,279,186,575,0,
1,1775670885536,11457,-41033,15285,-290771,342084,1481959,0,0,0,243,272,196,278,175,258,406,357,261,263,322,96,0,
2,1775670885536,1584,808,14075,2298075,86742,-419053,0,0,0,518,574,281,489,503,547,378,261,386,286,202,584,0,
1,1775670885552,5982,-26049,16841,2191784,2894279,1562593,0,0,0,251,257,164,278,163,237,441,429,248,297,371,85,0,
2,1775670885552,1756,851,14912,2883283,8552,-425162,0,0,0,520,577,267,477,511,549,332,255,381,295,225,595,0,
1,1775670885568,-3709,3015,14630,4339586,4794070,1185078,0,0,0,250,244,183,275,147,247,459,441,262,321,403,91,0,
2,1775670885568,2254,851,15659,3590665,-145385,-449596,0,0,0,524,571,262,471,506,541,291,240,374,285,220,594,0,
1,1775670885584,-4723,8509,14003,4968777,3733608,415388,0,0,0,258,243,172,286,147,248,472,470,263,356,420,80,0,
2,1775670885584,3508,794,16836,4356690,-249233,-598647,0,0,0,533,553,260,467,504,541,267,222,376,261,187,576,0,
1,1775670885600,-86,1890,17621,5209458,1738522,-29321,0,0,0,257,244,166,292,151,253,475,475,271,373,425,79,0,
2,1775670885600,4934,875,18822,5186245,-355523,-877202,0,0,0,531,543,252,460,505,538,252,191,390,253,174,550,0,
1,1775670885616,1694,-1789,21043,4313930,337197,277332,0,0,0,264,252,190,291,158,272,481,482,281,397,430,79,0,
2,1775670885616,5915,1129,22277,6274807,-557109,-1301142,0,0,0,501,524,253,460,483,515,250,164,375,234,157,494,0,
1,1775670885632,-1340,-899,18367,2820975,69638,504574,0,0,0,261,262,213,298,171,290,489,489,283,404,432,90,0,
2,1775670885632,6441,1186,26207,7261965,-712268,-1604132,0,0,0,459,510,253,439,470,496,256,164,366,204,139,405,0,
1,1775670885648,-3910,674,11825,1385442,243124,171042,0,0,0,265,272,240,313,186,319,506,492,295,406,445,119,0,
2,1775670885648,7212,1206,29657,8142833,-546113,-1885130,0,0,0,379,478,221,408,434,459,270,174,329,183,124,343,0,
1,1775670885664,-2636,598,9332,678060,216246,-184481,0,0,0,290,283,255,338,196,333,513,501,301,419,453,144,0,
2,1775670885664,7532,1943,30619,8695055,53756,-2162462,0,0,0,309,449,219,360,401,411,290,238,290,142,114,275,0,
1,1775670885680,-1617,335,9911,293215,157603,-200363,0,0,0,310,289,260,351,196,336,522,509,306,434,456,167,0,
2,1775670885680,8978,4618,28446,8956506,1183856,-2643824,0,0,0,267,423,228,329,365,378,307,272,265,112,104,201,0,
1,1775670885696,-1679,693,10734,45204,163711,-69638,0,0,0,317,298,265,355,196,350,533,511,319,434,459,189,0,
2,1775670885696,9126,9370,20818,8725599,1682322,-3368310,0,0,0,269,424,237,327,365,380,314,294,271,110,115,193,0,
1,1775670885712,-1895,1186,10361,-37873,184481,-23212,0,0,0,324,314,270,363,202,362,536,510,325,425,457,193,0,
2,1775670885712,7039,13065,13237,7330382,342084,-3899763,0,0,0,269,426,235,328,367,380,315,299,271,111,120,195,0,
1,1775670885728,-1804,1407,10093,-12217,129503,-14660,0,0,0,326,309,267,359,201,344,547,511,317,422,457,192,0,
2,1775670885728,4608,17415,9451,4246735,-1104444,-3441614,0,0,0,269,429,234,329,367,378,315,300,265,112,118,193,0,
1,1775670885744,-1727,1430,10126,78190,35430,9773,0,0,0,320,300,263,356,202,342,548,508,317,414,462,197,0,
2,1775670885744,3426,20095,8403,-1236391,-1782504,-1507615,0,0,0,270,431,233,332,368,376,317,299,261,113,115,191,0,
1,1775670885760,-1727,1407,10141,167377,-37873,35430,0,0,0,338,308,277,361,199,350,535,492,320,419,453,208,0,
2,1775670885760,4575,14352,8164,-4637688,-1577254,80634,0,0,0,270,431,233,334,369,376,319,299,260,115,116,191,0,
1,1775670885776,-1775,1407,10078,240680,-92851,51312,0,0,0,347,307,275,378,206,358,541,481,325,434,435,226,0,
2,1775670885776,6125,7049,6302,-5826432,-1164309,675616,0,0,0,268,431,234,334,368,376,320,300,260,118,119,192,0,
1,1775670885792,-1818,1407,9973,310319,-128281,59864,0,0,0,332,315,267,369,206,363,542,481,328,411,434,232,0,
2,1775670885792,6508,3967,4134,-5227784,-519235,211359,0,0,0,265,431,233,335,369,377,323,303,262,116,119,191,0,
1,1775670885808,-1866,1349,9825,362853,-138055,61086,0,0,0,326,316,263,374,205,355,510,425,328,405,426,233,0,
2,1775670885808,5235,4197,4426,-4919908,243124,-313984,0,0,0,262,433,234,337,373,379,325,306,264,115,120,190,0,
1,1775670885824,-1904,1229,9705,364075,-112399,63529,0,0,0,322,319,257,369,220,348,535,419,324,398,415,250,0,
2,1775670885824,3579,4800,6460,-5198463,678060,-474031,0,0,0,260,433,234,334,372,376,325,310,263,120,123,194,0,
1,1775670885840,-1904,1115,9648,355523,-92851,67195,0,0,0,331,322,259,372,215,356,538,412,332,389,403,263,0,
2,1775670885840,2833,4785,8336,-5634620,767246,-270002,0,0,0,264,436,237,334,372,376,326,312,263,118,122,191,0,
1,1775670885856,-1885,1057,9633,344527,-87964,72082,0,0,0,326,325,260,376,215,373,536,402,337,383,390,275,0,
2,1775670885856,2957,4489,9542,-5908288,928515,70860,0,0,0,261,435,236,336,376,379,326,317,266,114,125,189,0,
1,1775670885872,-1885,1038,9638,329867,-79412,78190,0,0,0,324,332,266,374,214,378,537,404,344,377,388,286,0,
2,1775670885872,3421,4297,10528,-6008470,1312138,504574,0,0,0,260,435,236,333,375,376,321,316,263,110,125,187,0,
1,1775670885888,-1871,1000,9652,316428,-67195,80634,0,0,0,321,346,270,369,238,385,534,403,351,370,380,301,0,
2,1775670885888,3201,4283,12246,-6136752,1694540,985936,0,0,0,258,432,233,333,374,376,321,314,262,114,125,188,0,
1,1775670885904,-1852,961,9667,307876,-62308,80634,0,0,0,317,353,270,368,250,396,532,391,358,366,356,320,0,
2,1775670885904,3139,4024,14271,-6311459,1877799,1467298,0,0,0,258,433,234,336,378,378,328,319,264,117,126,189,0,
1,1775670885920,-1842,938,9691,312763,-73303,79412,0,0,0,319,342,271,373,228,403,535,380,363,364,334,337,0,
2,1775670885920,3871,3622,16506,-6528927,1970651,1762957,0,0,0,259,435,236,336,376,379,328,317,264,116,124,188,0,
1,1775670885936,-1847,899,9763,331088,-97738,81855,0,0,0,325,326,276,381,226,415,534,372,366,359,326,352,0,
2,1775670885936,4603,3182,19128,-6786712,2136806,1875356,0,0,0,258,435,236,336,373,378,333,316,264,116,125,188,0,
1,1775670885952,-1856,813,9825,342084,-120951,85521,0,0,0,328,326,269,390,234,441,533,347,379,350,312,375,0,
2,1775670885952,4900,2526,22579,-7017619,2299296,1898569,0,0,0,255,434,234,336,372,376,342,322,268,121,129,190,0,
1,1775670885968,-1895,732,9820,350636,-140499,92851,0,0,0,341,327,261,394,243,462,530,333,387,350,302,397,0,
2,1775670885968,5364,1588,27116,-7059158,2263866,2080607,0,0,0,254,432,235,334,371,375,341,320,270,119,123,188,0,
1,1775670885984,-1952,689,9748,370184,-155159,114842,0,0,0,328,336,277,398,262,471,531,325,392,330,295,429,0,
2,1775670885984,6350,-435,31026,-7049384,2255314,2471560,0,0,0,255,432,236,334,371,376,337,312,269,114,117,186,0,
1,1775670886000,-2019,674,9772,406836,-163711,146607,0,0,0,332,346,273,395,243,476,533,304,395,324,270,432,0,
2,1775670886000,5862,-7102,33141,-6956533,2816088,2956587,0,0,0,257,433,235,339,372,380,340,307,271,116,116,187,0,
1,1775670886016,-2144,655,9916,458148,-169820,183259,0,0,0,336,346,277,403,253,482,538,279,414,324,248,470,0,
2,1775670886016,3890,-17630,34060,-6500827,3119077,3138625,0,0,0,259,434,235,343,373,384,343,305,278,117,116,190,0,
1,1775670886032,-2301,564,10088,540004,-189368,234572,0,0,0,349,340,282,409,254,487,524,262,412,305,232,476,0,
2,1775670886032,3560,-31897,29609,-5378057,2168571,2616946,0,0,0,259,436,234,345,372,387,344,305,279,119,118,188,0,
1,1775670886048,-2354,521,10466,659734,-245567,291993,0,0,0,365,347,270,449,273,505,515,243,419,292,200,489,0,
2,1775670886048,3866,-42000,18970,-3552792,1363451,730594,0,0,0,259,434,233,342,375,388,348,305,283,122,122,189,0,
1,1775670886064,-2340,559,11055,838107,-315206,335975,0,0,0,375,351,262,474,284,513,499,228,436,279,180,517,0,
2,1775670886064,-1550,-44689,13864,-1839926,1506393,-1268156,0,0,0,261,432,239,327,391,383,346,306,291,124,127,194,0,
1,1775670886080,-2062,516,12012,1194852,-373849,359188,0,0,0,384,362,251,481,297,521,478,219,449,273,172,541,0,
2,1775670886080,-11160,-41349,15568,-123394,1222952,-2561968,0,0,0,262,433,244,344,373,393,344,320,296,124,130,193,0,
1,1775670886096,-1885,373,12605,1551597,-449596,342084,0,0,0,395,380,240,486,325,535,458,213,460,266,169,556,0,
2,1775670886096,-10878,-31773,19267,1343903,-480140,-1826487,0,0,0,256,427,240,340,369,381,399,439,273,265,272,183,0,
1,1775670886112,-2421,263,13065,1960877,-570548,354301,0,0,0,396,395,221,485,346,542,433,204,471,255,162,564,0,
2,1775670886112,-3699,-6211,22210,2724458,-2232101,-323758,0,0,0,248,376,205,334,339,363,431,462,255,169,224,170,0,
1,1775670886128,-3575,215,13649,2447126,-674395,502131,0,0,0,387,410,194,484,369,537,398,190,474,249,157,562,0,
2,1775670886128,3450,16874,14812,3248581,-3329215,1095892,0,0,0,263,369,187,339,332,366,458,470,260,181,265,173,0,
1,1775670886144,-4254,244,14845,3084869,-643851,781907,0,0,0,384,417,190,486,405,529,356,179,470,245,152,559,0,
2,1775670886144,1507,12356,8576,4031710,-3338989,1577254,0,0,0,259,372,185,346,336,375,477,483,270,234,332,170,0,
1,1775670886160,-5111,492,16381,3858224,-504574,1106887,0,0,0,387,381,190,460,365,522,309,166,471,218,128,547,0,
2,1775670886160,-5742,-1330,15295,4861265,-1616349,768468,0,0,0,258,378,208,355,340,392,496,497,288,271,366,179,0,
1,1775670886176,-6633,866,18530,4789183,-311541,1513724,0,0,0,401,362,195,443,361,529,287,148,449,186,113,493,0,
2,1775670886176,-5656,-2560,22100,4607145,-229685,-371406,0,0,0,264,392,240,360,344,400,480,506,306,284,370,182,0,
1,1775670886192,-8557,961,21349,5795889,-157603,1985312,0,0,0,387,364,203,430,337,498,211,140,425,165,96,418,0,
2,1775670886192,1847,1804,21124,3352428,95294,-900415,0,0,0,272,408,270,367,350,405,500,518,306,270,352,197,0,
1,1775670886208,-10217,670,24857,6712187,-186924,2484999,0,0,0,345,339,203,392,283,465,210,120,389,158,90,374,0,
2,1775670886208,4221,1871,14639,2030516,-72082,-244346,0,0,0,289,429,295,381,362,414,529,529,315,247,326,219,0,
1,1775670886224,-10265,617,27556,7369478,-450818,2959031,0,0,0,323,325,193,348,273,401,206,153,343,136,102,273,0,
2,1775670886224,2569,952,10605,1165530,-172263,252898,0,0,0,315,449,311,397,376,428,535,535,327,254,327,240,0,
1,1775670886240,-9246,1947,29049,7750658,-472809,3373197,0,0,0,268,302,209,294,233,343,239,203,309,143,155,193,0,
2,1775670886240,804,368,10260,649960,-201585,280998,0,0,0,338,459,319,407,384,437,541,541,320,286,353,256,0,
1,1775670886256,-9782,4718,27015,7892378,195476,3678630,0,0,0,250,274,216,262,182,290,292,228,282,156,184,141,0,
2,1775670886256,1206,871,10634,302989,-202807,89186,0,0,0,353,467,319,412,391,439,544,544,316,297,365,260,0,
1,1775670886272,-11744,8509,17865,7853283,1133765,3910759,0,0,0,245,266,225,257,169,282,312,249,279,162,207,127,0,
2,1775670886272,1646,1483,10284,67195,-213802,-10995,0,0,0,366,474,322,417,392,441,549,549,316,303,369,265,0,
1,1775670886288,-12959,12294,8767,7336491,1618792,4210083,0,0,0,240,278,230,258,176,288,312,255,282,162,217,130,0,
2,1775670886288,1474,1627,10093,23212,-179594,6108,0,0,0,368,474,324,418,391,438,543,546,319,303,367,262,0,
1,1775670886304,-9906,16798,8169,4615697,948062,3557679,0,0,0,241,286,231,258,178,288,310,253,278,163,217,130,0,
2,1775670886304,1383,1694,10122,20769,-157603,6108,0,0,0,373,475,325,414,390,436,505,525,328,306,365,262,0,
1,1775670886320,-5068,19928,8714,208915,575435,1578475,0,0,0,244,285,231,260,179,289,312,254,276,165,218,131,0,
2,1775670886320,1335,1765,10179,54977,-146607,-17104,0,0,0,380,481,329,414,394,438,548,548,312,308,366,270,0,
1,1775670886336,-2569,16453,8513,-4031710,1219287,-1073901,0,0,0,248,285,230,262,180,290,320,258,279,168,219,132,0,
2,1775670886336,1263,1847,10117,123394,-103847,-43982,0,0,0,376,481,325,414,394,438,548,548,312,305,356,270,0,
1,1775670886352,-6231,8700,5977,-5152037,1813048,-2127032,0,0,0,246,285,232,261,180,293,316,260,279,167,222,132,0,
2,1775670886352,1258,1837,9978,204028,-31764,-52534,0,0,0,378,483,328,415,392,438,545,544,310,304,351,270,0,
1,1775670886368,-9547,4479,3881,-4860043,1028697,-1690874,0,0,0,238,286,232,260,181,291,319,259,282,166,221,129,0,
2,1775670886368,1296,1770,9853,256563,4886,-46425,0,0,0,375,480,325,411,389,437,541,534,312,365,411,263,0,
1,1775670886384,-7786,4221,4647,-4627915,-349414,-821002,0,0,0,238,286,233,261,179,292,319,257,282,166,220,131,0,
2,1775670886384,1354,1703,9763,279776,6108,-37873,0,0,0,379,482,327,411,390,436,527,519,313,353,394,263,0,
1,1775670886400,-4273,4737,6910,-4894252,-902858,-458148,0,0,0,239,284,230,264,182,291,322,258,278,170,224,133,0,
2,1775670886400,1411,1622,9705,283441,-17104,-35430,0,0,0,384,487,324,419,398,440,529,521,312,284,317,271,0,
1,1775670886416,-2699,4670,9102,-5508782,-581543,-789237,0,0,0,239,286,230,263,183,291,322,260,278,172,224,131,0,
2,1775670886416,1426,1526,9696,260228,-48869,-39095,0,0,0,386,487,321,420,398,440,530,512,313,350,379,266,0,
1,1775670886432,-3005,3843,10490,-5973040,-449596,-1260825,0,0,0,236,286,228,264,186,293,317,259,276,169,224,126,0,
2,1775670886432,1421,1469,9691,224798,-83077,-43982,0,0,0,396,490,332,419,397,442,535,509,322,365,390,268,0,
1,1775670886448,-3632,2857,11399,-6079330,-810007,-1610240,0,0,0,236,287,228,265,186,292,317,261,278,169,224,125,0,
2,1775670886448,1407,1469,9696,190589,-120951,-48869,0,0,0,411,497,337,428,404,448,541,513,330,291,309,282,0,
1,1775670886464,-3192,2550,12878,-6008470,-1229060,-1760513,0,0,0,235,287,226,266,186,292,322,257,279,191,221,132,0,
2,1775670886464,1368,1521,9748,188146,-151494,-53756,0,0,0,415,502,327,433,409,451,540,508,332,276,284,292,0,
1,1775670886480,-2904,2383,14792,-6039013,-1389107,-1824043,0,0,0,246,285,228,276,181,293,347,246,276,201,218,126,0,
2,1775670886480,1316,1531,9801,205250,-168598,-56199,0,0,0,422,508,331,428,409,453,541,502,335,257,258,306,0,
1,1775670886496,-3168,1837,17200,-6232047,-1375668,-1704314,0,0,0,254,285,230,284,178,292,364,243,276,203,217,120,0,
2,1775670886496,1277,1478,9849,240680,-168598,-52534,0,0,0,431,509,331,433,410,463,542,491,345,258,252,328,0,
1,1775670886512,-3484,995,19344,-6403089,-1363451,-1485624,0,0,0,255,286,230,282,178,290,364,243,276,199,214,117,0,
2,1775670886512,1253,1435,9887,274889,-155159,-48869,0,0,0,433,508,329,439,411,473,540,478,345,238,219,356,0,
1,1775670886528,-3838,76,21531,-6449515,-1345125,-1352455,0,0,0,253,286,234,278,177,290,358,241,276,195,212,117,0,
2,1775670886528,1258,1421,9959,322536,-135612,-50090,0,0,0,457,521,339,450,430,475,540,465,348,251,209,388,0,
1,1775670886544,-4627,-842,23838,-6321233,-1325577,-1631010,0,0,0,249,286,241,275,178,301,351,245,286,192,215,126,0,
2,1775670886544,1306,1407,10050,387288,-114842,-62308,0,0,0,457,525,356,454,428,491,540,452,362,249,198,404,0,
1,1775670886560,-5781,-2512,26283,-6117204,-1357342,-2250427,0,0,0,244,288,248,271,184,317,340,247,293,189,218,134,0,
2,1775670886560,1349,1359,10112,456927,-100181,-76969,0,0,0,469,537,349,454,436,499,536,427,366,249,186,427,0,
1,1775670886576,-7666,-6518,28379,-5852088,-1584584,-3017674,0,0,0,243,291,241,273,188,300,331,247,280,186,218,125,0,
2,1775670886576,1435,1292,10193,542448,-87964,-101403,0,0,0,480,538,353,468,455,500,536,407,372,256,182,451,0,
1,1775670886592,-9676,-13309,29222,-5594303,-1951103,-3380528,0,0,0,237,291,248,267,188,311,323,254,291,177,219,136,0,
2,1775670886592,1574,1210,10399,654847,-74525,-142942,0,0,0,487,538,347,477,449,511,516,359,367,252,173,474,0,
1,1775670886608,-9739,-22311,26867,-5307197,-2257757,-2823419,0,0,0,238,293,260,265,186,326,325,255,303,185,219,146,0,
2,1775670886608,1694,1143,10691,796568,-65973,-197920,0,0,0,496,546,367,483,450,524,500,323,375,260,171,501,0,
1,1775670886624,-2914,-31260,20818,-4473977,-2483778,-1319468,0,0,0,238,296,258,267,187,326,328,253,302,187,220,147,0,
2,1775670886624,1722,1119,11093,989601,-65973,-257785,0,0,0,512,552,353,490,463,525,478,294,381,270,174,527,0,
1,1775670886640,6432,-36573,15864,-3181386,-2206445,-10995,0,0,0,238,294,257,268,189,328,328,253,302,187,220,147,0,
2,1775670886640,1593,1009,11706,1260825,-53756,-310319,0,0,0,515,562,339,490,478,522,454,269,384,279,181,553,0,
1,1775670886656,11677,-39727,13084,-1620014,-1042136,847880,0,0,0,239,293,254,269,188,324,331,256,301,186,220,146,0,
2,1775670886656,1469,756,12505,1627344,-7330,-333532,0,0,0,510,570,314,494,490,525,425,254,386,283,184,573,0,
1,1775670886672,8351,-38655,13003,-78190,321315,1354899,0,0,0,243,283,235,276,184,294,357,290,279,220,274,121,0,
2,1775670886672,1598,780,13811,2153910,92851,-377514,0,0,0,516,569,286,499,497,532,384,249,384,281,182,581,0,
1,1775670886688,3661,-28332,15740,1464854,1313360,1544267,0,0,0,248,261,188,282,171,253,406,350,256,275,331,96,0,
2,1775670886688,1823,966,15051,2780658,111177,-433714,0,0,0,528,570,276,495,509,534,338,247,378,278,189,585,0,
1,1775670886704,-3460,961,16625,3061656,2846632,941954,0,0,0,246,244,170,275,159,238,440,404,250,295,370,84,0,
2,1775670886704,2072,1129,15821,3466049,-13439,-496022,0,0,0,530,569,265,485,520,534,304,244,374,275,200,586,0,
1,1775670886720,-6661,15692,11811,4089131,3885102,50090,0,0,0,244,243,170,272,155,241,458,444,258,312,401,84,0,
2,1775670886720,2684,1129,16692,4177096,-207694,-568104,0,0,0,528,555,262,466,516,525,278,235,373,264,188,579,0,
1,1775670886736,-1311,4895,12830,5034751,2773328,-414166,0,0,0,244,247,169,279,156,250,465,465,267,346,422,89,0,
2,1775670886736,4235,1062,18267,5011538,-434936,-742812,0,0,0,531,546,255,466,515,526,256,201,377,255,171,557,0,
1,1775670886752,4355,-3239,19100,5165476,863763,-211359,0,0,0,247,248,187,286,157,264,470,470,271,371,427,95,0,
2,1775670886752,6298,928,21435,6092769,-641408,-1175304,0,0,0,527,530,240,456,502,517,251,181,369,241,154,498,0,
1,1775670886768,2933,-1454,22067,4014606,-255341,684169,0,0,0,259,258,215,294,166,273,488,487,272,391,433,97,0,
2,1775670886768,7963,751,25479,7225314,-733038,-1682322,0,0,0,481,521,260,446,480,508,297,257,362,217,144,440,0,
1,1775670886784,-3479,488,17377,2586403,-138055,747699,0,0,0,259,275,228,301,182,300,497,496,280,405,442,111,0,
2,1775670886784,8963,1612,29437,8157494,-400727,-2128254,0,0,0,394,494,222,417,451,466,264,170,342,197,135,357,0,
1,1775670886800,-4848,248,12581,1525941,43982,144164,0,0,0,264,281,250,318,195,331,500,498,297,415,449,150,0,
2,1775670886800,7403,5082,31265,8775690,127059,-2547308,0,0,0,334,465,214,378,422,429,284,225,303,165,127,317,0,
1,1775670886816,-2526,-57,10270,812450,102625,-223576,0,0,0,298,291,251,351,202,332,524,501,299,422,465,187,0,
2,1775670886816,5460,6255,30117,9132435,168598,-2842966,0,0,0,269,429,228,337,374,383,303,266,275,122,111,215,0,
1,1775670886832,-1483,291,10011,332310,123394,-163711,0,0,0,302,296,299,342,197,363,526,513,319,431,473,211,0,
2,1775670886832,8245,6322,22478,9244834,32986,-3062878,0,0,0,262,429,239,330,368,383,312,293,276,114,114,197,0,
1,1775670886848,-2010,751,10327,136833,174707,-35430,0,0,0,308,307,268,348,205,350,536,518,311,438,487,207,0,
2,1775670886848,10490,10863,13079,8147720,241902,-3632204,0,0,0,262,432,239,331,371,386,314,299,277,113,119,198,0,
1,1775670886864,-2100,880,10217,62308,211359,-25656,0,0,0,319,321,268,353,212,352,542,522,310,439,494,218,0,
2,1775670886864,5623,18138,9289,5000542,-295658,-3591887,0,0,0,263,434,235,330,379,383,316,300,269,113,118,193,0,
1,1775670886880,-1899,1019,10078,48869,179594,-18325,0,0,0,331,321,270,361,209,356,541,514,311,433,488,237,0,
2,1775670886880,2541,21440,9408,-491135,-1529606,-1522276,0,0,0,265,433,229,332,377,381,319,299,264,113,116,190,0,
1,1775670886896,-1785,1158,10126,114842,103847,13439,0,0,0,325,328,275,360,213,374,544,498,322,434,478,258,0,
2,1775670886896,4709,16439,8772,-4673119,-1992642,518013,0,0,0,265,432,228,334,370,380,320,298,265,115,117,191,0,
1,1775670886912,-1756,1253,10241,211359,20769,41538,0,0,0,324,333,280,359,221,386,544,479,334,437,465,275,0,
2,1775670886912,7915,7346,6278,-6001140,-1369559,1301142,0,0,0,267,435,236,332,367,377,320,296,263,114,118,191,0,
1,1775670886928,-1746,1292,10265,339641,-85521,57421,0,0,0,326,336,283,358,223,389,543,461,346,425,439,289,0,
2,1775670886928,7193,3747,4082,-5138598,-333532,654847,0,0,0,268,437,247,329,367,376,316,294,259,117,127,189,0,
1,1775670886944,-1780,1172,9303,397062,-152716,58643,0,0,0,324,349,283,357,238,391,539,449,352,410,419,300,0,
2,1775670886944,5422,4139,4364,-4757418,280998,108734,0,0,0,265,439,247,331,370,377,315,296,260,134,152,191,0,
1,1775670886960,-1785,1019,7240,326202,-116064,61086,0,0,0,324,363,284,360,273,391,533,440,349,405,411,305,0,
2,1775670886960,3723,5345,6633,-5222897,569326,-7330,0,0,0,262,438,244,333,370,378,318,302,260,135,153,190,0,
1,1775670886976,-1852,880,7571,287106,-87964,59864,0,0,0,322,364,291,359,282,391,534,422,348,395,396,311,0,
2,1775670886976,2885,5403,8518,-5769011,733038,147829,0,0,0,261,440,245,328,369,375,317,302,259,133,153,189,0,
1,1775670886992,-1957,789,9619,311541,-91629,58643,0,0,0,316,358,280,367,248,408,530,410,357,384,391,326,0,
2,1775670886992,3072,4647,9399,-5974262,956614,401949,0,0,0,262,442,247,329,369,375,320,305,262,151,158,187,0,
1,1775670887008,-1947,780,9863,283441,-59864,67195,0,0,0,321,364,276,368,258,400,529,418,351,376,384,320,0,
2,1775670887008,3034,4316,10394,-5927836,1368338,660956,0,0,0,261,440,245,329,368,375,315,300,260,132,151,186,0,
1,1775670887024,-1890,784,9619,239459,-26878,76969,0,0,0,317,361,281,371,263,407,528,417,351,376,381,332,0,
2,1775670887024,2488,4508,12041,-5976705,1717753,963945,0,0,0,260,439,245,330,370,376,315,301,260,132,154,188,0,
1,1775670887040,-1818,775,9495,199142,-9773,79412,0,0,0,327,360,278,378,253,408,531,386,351,371,373,331,0,
2,1775670887040,2187,4781,14524,-6298020,1875356,1348790,0,0,0,260,440,246,331,371,378,317,302,258,129,149,185,0,
1,1775670887056,-1775,751,9638,179594,-19547,73303,0,0,0,314,389,281,376,270,424,531,388,360,362,368,338,0,
2,1775670887056,2656,4474,16932,-6684087,1952325,1593136,0,0,0,262,440,245,332,371,378,318,304,261,126,142,186,0,
1,1775670887072,-1751,741,9724,160046,-36651,62308,0,0,0,312,392,287,376,269,426,531,396,367,353,363,347,0,
2,1775670887072,3378,3431,19803,-7007846,2102598,1618792,0,0,0,260,439,241,334,372,380,326,309,268,124,135,188,0,
1,1775670887088,-1785,741,9772,155159,-54977,57421,0,0,0,315,376,284,382,262,409,529,385,364,359,356,345,0,
2,1775670887088,3546,2407,23125,-7099475,2219884,1488067,0,0,0,255,437,237,335,372,382,330,309,268,132,151,187,0,
1,1775670887104,-1871,713,9786,177150,-67195,69638,0,0,0,321,374,292,389,256,410,528,381,363,366,367,352,0,
2,1775670887104,3799,1722,27188,-7156897,2207666,1464854,0,0,0,254,437,237,335,372,381,331,306,268,138,158,187,0,
1,1775670887120,-1943,674,9767,215024,-68416,97738,0,0,0,331,376,294,400,258,422,533,368,365,363,347,367,0,
2,1775670887120,4187,38,31337,-7248526,2130697,1803274,0,0,0,255,436,239,339,373,384,335,304,275,132,143,190,0,
1,1775670887136,-1952,646,9753,260228,-61086,135612,0,0,0,342,380,295,407,262,430,537,352,368,361,317,384,0,
2,1775670887136,4493,-4752,34189,-7214318,2228436,2373822,0,0,0,259,437,241,343,373,391,338,302,290,124,127,195,0,
1,1775670887152,-1957,646,9825,327423,-59864,174707,0,0,0,355,382,303,411,268,436,533,334,374,356,300,400,0,
2,1775670887152,4455,-15931,35027,-6714630,2513099,2889392,0,0,0,266,439,243,345,371,395,341,302,304,122,122,200,0,
1,1775670887168,-1986,665,10007,434936,-80634,211359,0,0,0,370,381,314,412,281,448,523,306,388,342,283,421,0,
2,1775670887168,4034,-31265,29715,-5444031,2178345,2464230,0,0,0,264,436,240,347,373,399,345,302,308,126,127,202,0,
1,1775670887184,-2129,693,10356,575435,-124616,244346,0,0,0,377,387,318,408,301,463,515,275,408,331,257,456,0,
2,1775670887184,1512,-43335,20880,-3737273,1846034,1231504,0,0,0,264,435,239,350,374,399,347,305,308,127,128,203,0,
1,1775670887200,-2287,693,10801,748920,-193033,291993,0,0,0,379,400,298,421,322,471,511,245,421,314,230,497,0,
2,1775670887200,-6322,-48044,14725,-1747074,1705535,-570548,0,0,0,262,434,240,346,372,395,344,309,301,129,130,202,0,
1,1775670887216,-2325,583,11241,961501,-262672,343306,0,0,0,409,410,296,443,353,477,502,234,417,294,216,517,0,
2,1775670887216,-11907,-44632,15903,-92851,542448,-1587027,0,0,0,247,431,238,346,378,399,352,354,297,129,151,198,0,
1,1775670887232,-2239,325,11926,1295034,-272445,382401,0,0,0,409,396,270,458,329,507,475,214,423,282,183,530,0,
2,1775670887232,-9652,-33845,19363,1457524,-1032362,-1765400,0,0,0,239,411,216,339,364,376,388,437,265,235,313,177,0,
1,1775670887248,-2392,215,12940,1685988,-263893,426383,0,0,0,393,410,239,471,363,516,438,203,439,266,168,554,0,
2,1775670887248,-665,-2182,20133,2852740,-2729345,-1066570,0,0,0,246,379,205,337,345,368,432,461,265,174,252,173,0,
1,1775670887264,-2651,172,13936,2146580,-305432,514348,0,0,0,410,399,216,487,371,532,391,204,426,257,165,561,0,
2,1775670887264,6518,19195,12926,3720169,-3844785,-63529,0,0,0,252,374,186,336,337,365,460,469,265,181,273,169,0,
1,1775670887280,-3129,220,14836,2750115,-373849,660956,0,0,0,406,409,210,481,393,527,353,191,448,244,170,569,0,
2,1775670887280,3134,7298,9049,4652349,-3109304,645073,0,0,0,257,376,196,343,336,377,479,488,273,231,333,174,0,
1,1775670887296,-3967,469,15951,3470936,-354301,890641,0,0,0,428,404,217,467,392,529,313,186,439,242,154,556,0,
2,1775670887296,-3464,-2723,17396,4984660,-1222952,519235,0,0,0,260,381,211,354,343,387,493,496,281,222,334,179,0,
1,1775670887312,-5068,842,17726,4318817,-272445,1200961,0,0,0,415,405,209,450,382,509,304,170,426,222,139,537,0,
2,1775670887312,-4024,-1976,22699,4356690,-129503,-123394,0,0,0,266,393,235,361,347,395,506,506,291,211,321,182,0,
1,1775670887328,-7016,1148,20492,5331631,-146607,1609019,0,0,0,397,381,218,417,349,491,268,150,416,194,121,474,0,
2,1775670887328,1430,2225,19789,3077539,-57421,-586430,0,0,0,275,413,268,367,356,404,519,519,293,238,319,198,0,
1,1775670887344,-9217,981,23833,6337115,-3665,2119702,0,0,0,371,359,227,383,312,462,217,146,392,169,107,390,0,
2,1775670887344,3192,1809,13505,2002416,-172263,-177150,0,0,0,290,433,295,381,370,418,527,527,307,243,321,222,0,
1,1775670887360,-10265,1162,26556,7181331,45204,2648711,0,0,0,324,346,217,347,284,409,201,160,352,150,110,304,0,
2,1775670887360,1928,330,10409,1064127,-122173,196698,0,0,0,314,449,312,400,381,430,536,536,325,232,316,247,0,
1,1775670887376,-9514,2230,28207,7714006,-21991,3099530,0,0,0,271,323,203,306,255,353,231,192,310,142,145,217,0,
2,1775670887376,1201,263,10701,458148,-102625,157603,0,0,0,336,457,320,410,384,435,543,543,325,239,309,263,0,
1,1775670887392,-9160,4139,28614,8056090,294437,3434284,0,0,0,240,296,203,271,212,306,272,228,278,148,187,149,0,
2,1775670887392,1373,995,10571,141720,-162490,50090,0,0,0,348,461,325,411,386,437,542,543,317,270,318,268,0,
1,1775670887408,-10658,6882,22608,8184372,1164309,3616322,0,0,0,235,275,219,250,179,277,310,244,271,156,209,120,0,
2,1775670887408,1497,1512,10069,64751,-222354,7330,0,0,0,356,468,329,415,386,439,547,548,317,330,335,263,0,
1,1775670887424,-12275,10485,12433,7739662,1852143,3826459,0,0,0,232,284,233,247,195,287,308,251,281,160,220,127,0,
2,1775670887424,1301,1564,10098,40317,-162490,8552,0,0,0,368,470,336,417,388,439,547,547,323,252,305,276,0,
1,1775670887440,-11959,14702,8877,5955936,1565036,3640756,0,0,0,225,285,232,255,188,293,309,254,275,160,225,130,0,
2,1775670887440,1335,1655,10203,69638,-109955,0,0,0,0,377,472,343,419,388,439,547,548,315,246,301,275,0,
1,1775670887456,-7523,18645,9499,1844813,643851,2025629,0,0,0,225,286,227,255,189,291,311,257,275,158,225,127,0,
2,1775670887456,1373,1737,10174,147829,-111177,-15882,0,0,0,378,472,339,419,388,440,547,548,319,249,301,282,0,
1,1775670887472,-3436,17233,8858,-2456899,581543,-436157,0,0,0,230,287,229,257,189,291,311,257,274,162,225,128,0,
2,1775670887472,1253,1722,10122,238237,-86742,-25656,0,0,0,383,473,341,419,389,444,549,549,320,248,289,283,0,
1,1775670887488,-5025,10878,6374,-4161214,1125213,-1879021,0,0,0,230,291,230,260,190,294,313,255,272,165,226,129,0,
2,1775670887488,1182,1684,10074,295658,-17104,-28099,0,0,0,388,475,343,421,390,445,551,545,319,283,313,293,0,
1,1775670887504,-7394,6470,4675,-4603480,908967,-2097711,0,0,0,230,289,230,261,190,293,318,258,274,163,224,124,0,
2,1775670887504,1239,1612,9964,327423,39095,-23212,0,0,0,389,474,341,423,391,448,549,537,319,305,329,288,0,
1,1775670887520,-7461,4728,4675,-4601036,-18325,-1466076,0,0,0,228,288,232,262,189,293,306,250,272,167,228,124,0,
2,1775670887520,1349,1493,9825,348193,63529,-23212,0,0,0,389,473,337,423,391,450,549,525,319,307,323,288,0,
1,1775670887536,-5474,4422,6058,-4808731,-371406,-1016479,0,0,0,227,288,229,264,190,295,315,256,273,166,229,125,0,
2,1775670887536,1426,1392,9743,343306,48869,-30543,0,0,0,390,474,334,423,393,451,545,519,322,271,283,301,0,
1,1775670887552,-4479,4144,7504,-5165476,-342084,-877202,0,0,0,228,288,229,263,190,294,324,264,275,167,226,125,0,
2,1775670887552,1459,1368,9734,326202,18325,-45204,0,0,0,396,476,337,425,397,454,545,517,328,266,275,309,0,
1,1775670887568,-4546,3632,8805,-5572312,-375071,-983493,0,0,0,226,287,229,261,190,293,320,267,274,166,223,124,0,
2,1775670887568,1488,1363,9758,313984,-20769,-59864,0,0,0,404,478,343,428,397,460,551,510,336,265,269,316,0,
1,1775670887584,-4800,2866,9987,-5848423,-640186,-1191187,0,0,0,224,287,228,263,193,296,317,268,273,165,223,124,0,
2,1775670887584,1474,1306,9777,304210,-65973,-65973,0,0,0,410,480,347,430,395,466,552,500,342,239,235,329,0,
1,1775670887600,-4895,2215,11079,-5900958,-994488,-1439198,0,0,0,225,288,231,264,192,298,322,270,276,170,227,126,0,
2,1775670887600,1430,1249,9777,291993,-102625,-68416,0,0,0,416,485,346,433,398,473,552,490,344,238,225,342,0,
1,1775670887616,-5063,1861,12821,-5918062,-1297477,-1706757,0,0,0,223,287,232,263,191,301,321,265,274,171,230,126,0,
2,1775670887616,1359,1234,9791,290771,-116064,-67195,0,0,0,421,487,338,436,400,476,553,486,349,242,218,358,0,
1,1775670887632,-5474,1588,14802,-6017022,-1530828,-1874134,0,0,0,223,287,226,267,194,298,322,262,272,170,231,125,0,
2,1775670887632,1325,1234,9853,309097,-108734,-64751,0,0,0,427,491,339,439,399,477,553,479,352,251,221,371,0,
1,1775670887648,-5872,1052,17061,-6178291,-1761735,-1893682,0,0,0,223,287,226,267,194,296,318,260,272,168,232,121,0,
2,1775670887648,1349,1186,9944,345749,-92851,-64751,0,0,0,433,491,346,443,397,480,548,443,362,240,195,383,0,
1,1775670887664,-6054,162,19789,-6266255,-1957212,-1842369,0,0,0,229,292,230,265,196,295,320,268,275,168,241,120,0,
2,1775670887664,1392,1110,10026,388510,-74525,-72082,0,0,0,441,499,362,451,409,493,548,432,351,245,188,403,0,
1,1775670887680,-6374,-588,22593,-6222273,-2061059,-1904677,0,0,0,231,295,233,271,198,294,321,271,273,166,246,118,0,
2,1775670887680,1469,1024,10078,431270,-59864,-89186,0,0,0,452,506,364,449,410,493,546,416,356,241,176,424,0,
1,1775670887696,-6867,-1713,25876,-6111095,-2163684,-2235766,0,0,0,231,295,234,272,197,293,324,270,275,214,234,136,0,
2,1775670887696,1569,957,10126,481361,-57421,-119729,0,0,0,464,516,360,459,422,501,537,381,358,248,168,451,0,
1,1775670887712,-6920,-4216,29097,-6064670,-2404365,-2673146,0,0,0,233,295,230,279,198,291,330,267,273,189,236,123,0,
2,1775670887712,1660,899,10222,560774,-59864,-168598,0,0,0,469,518,360,460,430,502,531,351,375,251,167,474,0,
1,1775670887728,-6341,-9940,31758,-6113539,-2704911,-3018896,0,0,0,233,295,231,275,197,296,335,263,277,180,231,120,0,
2,1775670887728,1737,856,10404,658512,-61086,-217468,0,0,0,485,526,360,470,441,507,520,323,370,265,172,511,0,
1,1775670887744,-5786,-20200,29944,-6086661,-2521651,-2690250,0,0,0,229,292,231,274,195,300,338,262,282,182,228,119,0,
2,1775670887744,1832,871,10830,810007,-68416,-270002,0,0,0,497,529,358,482,456,516,498,298,369,296,195,541,0,
1,1775670887760,-4422,-32629,23627,-5524665,-2201558,-1527163,0,0,0,228,293,231,275,198,304,338,264,287,184,227,120,0,
2,1775670887760,1904,794,11337,1034805,-90408,-318871,0,0,0,497,530,341,485,462,523,476,262,376,317,214,553,0,
1,1775670887776,2842,-41770,17123,-3942524,-2089159,408057,0,0,0,229,295,232,275,202,306,337,265,290,186,227,123,0,
2,1775670887776,1627,684,11887,1317025,-95294,-362853,0,0,0,499,538,323,485,472,530,448,241,382,329,225,566,0,
1,1775670887792,13754,-45872,14434,-1859473,-1362229,1888795,0,0,0,229,291,228,275,199,297,341,274,284,197,249,117,0,
2,1775670887792,1277,593,12682,1707979,7330,-371406,0,0,0,508,551,309,488,488,534,415,240,390,355,228,571,0,
1,1775670887808,16668,-43421,15678,-47647,397062,1887573,0,0,0,228,276,216,273,186,279,370,317,274,230,305,103,0,
2,1775670887808,1454,579,13749,2193006,124616,-377514,0,0,0,515,556,286,494,499,540,380,237,395,350,215,571,0,
1,1775670887824,5829,-22852,19243,1936442,2723237,1160643,0,0,0,232,253,197,269,166,260,430,401,265,273,371,90,0,
2,1775670887824,2153,631,15175,2884505,70860,-414166,0,0,0,520,551,260,493,510,545,333,230,388,288,200,592,0,
1,1775670887840,-5556,7288,16611,3446501,4431216,533896,0,0,0,239,242,167,266,159,243,458,457,250,300,407,85,0,
2,1775670887840,2794,770,16324,3685960,-153938,-524122,0,0,0,524,550,248,473,513,541,290,216,385,272,197,592,0,
1,1775670887856,-5407,12462,12203,4608367,4245513,-1221,0,0,0,237,239,161,272,161,249,469,468,268,335,418,85,0,
2,1775670887856,3790,914,17669,4532620,-329867,-712268,0,0,0,527,548,258,468,506,536,269,198,387,262,185,586,0,
1,1775670887872,1761,751,16424,5577199,2263866,-227241,0,0,0,244,246,165,277,157,258,475,475,280,374,429,92,0,
2,1775670887872,5130,1148,20224,5490456,-471587,-1026253,0,0,0,516,532,248,477,507,528,253,167,389,247,161,544,0,
1,1775670887888,4991,-4709,23187,5232671,331088,239459,0,0,0,241,243,189,287,157,286,483,483,292,398,434,98,0,
2,1775670887888,6518,1014,23943,6644992,-592539,-1424537,0,0,0,498,522,252,452,481,515,246,156,378,218,142,467,0,
1,1775670887904,-1986,-760,20023,3441614,-94073,864985,0,0,0,254,270,224,300,172,304,498,498,296,406,439,104,0,
2,1775670887904,8810,339,27810,7788531,-409279,-1835039,0,0,0,408,496,222,434,472,498,262,166,360,202,140,387,0,
1,1775670887920,-6030,335,13165,1914451,117286,403171,0,0,0,268,272,245,316,185,335,515,506,325,418,455,143,0,
2,1775670887920,9715,1316,31232,8706051,638965,-2425134,0,0,0,351,469,209,401,436,448,282,190,328,175,124,334,0,
1,1775670887936,-3642,-196,10069,955393,202807,-210137,0,0,0,295,285,256,341,195,342,521,507,324,417,463,178,0,
2,1775670887936,7504,5470,32691,9150761,1492954,-3026226,0,0,0,287,434,218,357,390,405,298,244,284,132,110,249,0,
1,1775670887952,-1660,-52,9858,463035,166155,-289550,0,0,0,313,308,260,355,205,339,537,503,340,408,463,203,0,
2,1775670887952,6456,8748,28145,9040805,1422094,-3467271,0,0,0,268,422,231,337,370,384,311,271,273,115,107,206,0,
1,1775670887968,-1746,540,10509,274889,145385,-86742,0,0,0,317,317,259,361,213,355,544,500,345,412,464,223,0,
2,1775670887968,7494,10586,18798,8723155,557109,-3852116,0,0,0,271,425,236,333,367,382,318,289,276,115,115,198,0,
1,1775670887984,-2383,808,10284,210137,206472,-8552,0,0,0,323,328,265,370,218,372,544,497,342,428,458,247,0,
2,1775670887984,8241,12830,11060,7534411,-971275,-4178318,0,0,0,270,428,236,331,368,382,315,295,271,115,117,197,0,
1,1775670888000,-2258,933,10007,200363,228463,6108,0,0,0,327,344,274,370,236,377,544,486,343,443,449,269,0,
2,1775670888000,5585,19167,8647,3470936,-1747074,-3248581,0,0,0,268,428,234,332,370,380,315,295,262,113,114,193,0,
1,1775670888016,-1947,933,10107,254119,145385,18325,0,0,0,325,352,279,364,254,382,545,469,351,445,440,286,0,
2,1775670888016,3996,21086,7628,-2030516,-1784948,-1274264,0,0,0,270,428,232,334,370,376,320,296,259,114,114,192,0,
1,1775670888032,-1909,942,10251,323758,18325,39095,0,0,0,326,352,282,369,251,390,548,458,361,431,423,302,0,
2,1775670888032,4670,13945,7858,-6017022,-1494176,638965,0,0,0,271,429,231,334,368,375,323,298,262,115,114,195,0,
1,1775670888048,-2057,961,10265,373849,-57421,61086,0,0,0,329,351,285,377,248,393,544,448,360,416,409,315,0,
2,1775670888048,6274,6207,6652,-6307794,-1326799,1076344,0,0,0,272,431,232,335,369,379,323,299,267,116,115,199,0,
1,1775670888064,-2019,894,10102,405614,-102625,73303,0,0,0,327,351,284,390,249,392,538,422,354,400,410,326,0,
2,1775670888064,7351,3125,4675,-5619960,-917519,860098,0,0,0,271,434,238,338,372,383,323,301,270,116,117,198,0,
1,1775670888080,-2033,780,9844,434936,-156381,73303,0,0,0,330,356,277,384,256,399,534,413,361,378,396,332,0,
2,1775670888080,6848,3493,4441,-5114163,-73303,459370,0,0,0,269,435,238,338,372,384,325,301,275,117,117,200,0,
1,1775670888096,-2163,641,9629,421497,-157603,69638,0,0,0,330,358,270,382,254,397,531,402,361,365,380,350,0,
2,1775670888096,4938,4474,6317,-5236336,590095,312763,0,0,0,270,435,237,339,372,380,324,303,264,118,120,194,0,
1,1775670888112,-2254,540,9518,381179,-112399,73303,0,0,0,331,359,263,384,250,393,530,381,369,365,363,353,0,
2,1775670888112,3263,4953,8667,-5743354,770911,508239,0,0,0,265,433,233,338,372,379,322,303,261,118,120,191,0,
1,1775670888128,-2254,478,9504,331088,-46425,83077,0,0,0,330,364,264,385,261,396,531,375,377,360,357,354,0,
2,1775670888128,3536,4503,9643,-6048787,899193,835663,0,0,0,262,434,233,336,372,378,324,306,262,120,121,193,0,
1,1775670888144,-2177,449,9528,291993,-3665,90408,0,0,0,333,365,265,388,260,405,532,369,384,366,357,357,0,
2,1775670888144,3799,4235,10638,-6162408,1252273,1097113,0,0,0,260,434,234,339,375,379,325,307,265,117,122,193,0,
1,1775670888160,-2067,440,9566,256563,15882,96516,0,0,0,338,370,263,399,264,408,531,361,384,363,357,358,0,
2,1775670888160,3345,4474,12562,-6288246,1638340,1352455,0,0,0,260,435,236,339,376,380,327,309,263,117,123,193,0,
1,1775670888176,-2010,421,9600,224798,17104,91629,0,0,0,342,369,263,399,265,406,527,351,381,360,355,363,0,
2,1775670888176,3192,4489,14946,-6568023,1750739,1594358,0,0,0,261,435,237,338,374,379,329,311,265,118,124,193,0,
1,1775670888192,-1995,397,9643,202807,17104,85521,0,0,0,346,371,265,395,263,406,524,343,384,357,344,370,0,
2,1775670888192,3704,3938,17291,-6831916,1861917,1692096,0,0,0,260,435,235,338,373,378,329,310,264,119,123,192,0,
1,1775670888208,-2024,392,9763,211359,4886,90408,0,0,0,351,381,268,400,266,414,519,335,387,348,327,379,0,
2,1775670888208,4154,3019,20665,-7031058,2039068,1550375,0,0,0,260,435,235,339,374,380,330,308,264,120,125,190,0,
1,1775670888224,-2081,397,9882,249233,-17104,111177,0,0,0,350,385,270,409,277,430,512,325,388,334,314,393,0,
2,1775670888224,4426,2301,24723,-7183775,2086715,1364672,0,0,0,258,432,234,341,374,382,332,306,265,119,123,189,0,
1,1775670888240,-2201,402,9940,324980,-43982,153938,0,0,0,352,383,270,412,292,442,505,309,403,329,298,416,0,
2,1775670888240,5226,1344,29772,-7340156,2001194,1315803,0,0,0,260,430,235,342,372,382,334,303,268,122,124,189,0,
1,1775670888256,-2292,373,9906,412944,-43982,205250,0,0,0,371,381,271,425,282,453,502,276,410,330,267,447,0,
2,1775670888256,6278,-2321,33390,-7489207,2083050,1627344,0,0,0,262,431,239,342,370,383,335,299,275,125,127,191,0,
1,1775670888272,-2378,315,9968,513126,-50090,265115,0,0,0,371,403,279,433,309,469,517,260,406,326,250,457,0,
2,1775670888272,6446,-11428,35410,-7401243,2601064,2182010,0,0,0,260,430,238,342,369,389,334,295,287,125,126,194,0,
1,1775670888288,-2512,177,10189,620639,-84299,337197,0,0,0,386,415,280,465,333,484,503,241,420,328,231,465,0,
2,1775670888288,3886,-26235,34122,-6411641,2932153,2386039,0,0,0,260,430,237,350,373,398,342,295,297,133,134,200,0,
1,1775670888304,-2531,43,10480,729373,-112399,404392,0,0,0,399,418,281,459,335,495,495,227,420,303,220,498,0,
2,1775670888304,201,-39033,28188,-4846604,2549751,2007303,0,0,0,263,430,238,349,371,397,342,295,301,138,142,201,0,
1,1775670888320,-2435,0,11021,877202,-114842,459370,0,0,0,406,427,276,467,356,517,480,223,434,291,207,518,0,
2,1775670888320,-5805,-48705,18870,-2531425,1820378,917519,0,0,0,262,429,237,347,371,396,344,299,301,138,145,200,0,
1,1775670888336,-2134,-4,11835,1136209,-114842,483805,0,0,0,411,442,259,469,391,523,467,218,432,281,207,539,0,
2,1775670888336,-9863,-49289,15769,-624304,849102,-256563,0,0,0,259,428,234,347,371,395,344,312,289,153,170,194,0,
1,1775670888352,-1708,-67,12423,1434311,-146607,466701,0,0,0,427,434,248,476,383,527,440,200,431,281,187,554,0,
2,1775670888352,-9447,-43144,17147,928515,-241902,-1004262,0,0,0,250,420,226,342,370,387,372,406,265,201,278,181,0,
1,1775670888368,-1727,-157,13074,1843591,-217468,404392,0,0,0,420,429,233,467,376,544,397,185,446,280,181,567,0,
2,1775670888368,-4570,-16161,22416,2541199,-1703092,-959058,0,0,0,244,374,205,334,344,367,427,456,265,165,238,174,0,
1,1775670888384,-2598,-143,13912,2361605,-283441,400727,0,0,0,415,434,212,459,423,539,357,193,461,267,186,569,0,
2,1775670888384,3905,15276,16338,3429397,-3489262,61086,0,0,0,250,358,185,332,331,362,458,466,265,175,253,173,0,
1,1775670888400,-3670,-90,14831,2987131,-263893,551000,0,0,0,421,439,203,457,443,527,320,197,458,252,180,558,0,
2,1775670888400,4690,15151,9303,4205196,-3935193,858876,0,0,0,253,364,180,339,332,369,478,478,273,191,283,172,0,
1,1775670888416,-4804,4,16089,3754377,-179594,842994,0,0,0,413,433,217,450,408,535,264,184,448,232,157,541,0,
2,1775670888416,-2837,-306,13615,4998099,-2199114,884532,0,0,0,259,367,191,352,330,381,489,490,278,207,311,177,0,
1,1775670888432,-6403,229,17836,4590041,-114842,1235169,0,0,0,406,412,231,443,398,533,214,177,444,195,130,510,0,
2,1775670888432,-6652,-3603,20478,4851491,-461814,117286,0,0,0,261,371,211,362,334,394,500,501,289,216,320,185,0,
1,1775670888448,-8624,186,20679,5536882,-12217,1771509,0,0,0,411,397,235,417,374,509,218,158,416,170,122,436,0,
2,1775670888448,-670,1105,20339,3876550,-62308,-619417,0,0,0,268,390,245,367,343,404,516,517,300,219,316,197,0,
1,1775670888464,-10519,-315,24292,6436076,51312,2366491,0,0,0,370,382,222,369,330,469,177,142,388,149,112,379,0,
2,1775670888464,3852,1765,16453,2724458,-136833,-409279,0,0,0,284,417,279,378,357,414,529,530,308,225,314,220,0,
1,1775670888480,-10969,81,27006,7192327,56199,2917492,0,0,0,324,343,219,334,284,403,189,157,345,144,112,285,0,
2,1775670888480,2833,100,12289,1534493,-215024,232128,0,0,0,304,441,298,397,376,428,534,534,321,232,312,248,0,
1,1775670888496,-10050,2220,28614,7766540,163711,3445279,0,0,0,272,315,211,305,244,338,227,215,296,144,176,215,0,
2,1775670888496,655,-244,11060,761138,-172263,296880,0,0,0,335,456,313,409,386,439,542,541,325,239,310,273,0,
1,1775670888512,-9667,4369,27997,8068308,546113,3772703,0,0,0,239,277,210,259,183,276,290,226,266,158,192,131,0,
2,1775670888512,445,263,10667,329867,-128281,122173,0,0,0,351,465,324,410,387,444,552,552,318,243,309,285,0,
1,1775670888528,-11787,8155,19952,8016995,1253495,4001167,0,0,0,244,273,223,253,178,278,306,243,272,162,214,124,0,
2,1775670888528,1268,904,10327,157603,-164933,-10995,0,0,0,360,468,322,413,391,435,550,550,315,250,313,292,0,
1,1775670888544,-13711,11969,11658,7269296,1385442,4247956,0,0,0,248,277,224,259,184,286,307,251,274,165,223,128,0,
2,1775670888544,1220,1067,10193,84299,-213802,0,0,0,0,363,472,325,415,394,443,556,556,327,247,309,295,0,
1,1775670888560,-11170,16113,8829,4712214,416610,3798360,0,0,0,247,281,225,256,184,290,309,253,275,165,222,131,0,
2,1775670888560,1000,1206,10256,54977,-205250,8552,0,0,0,373,476,326,419,393,442,550,550,319,250,308,297,0,
1,1775670888576,-4044,18439,9585,138055,91629,1334129,0,0,0,247,284,227,255,186,292,311,258,275,161,229,133,0,
2,1775670888576,947,1373,10332,114842,-173485,-10995,0,0,0,379,478,326,420,391,442,557,557,319,272,319,300,0,
1,1775670888592,-1823,15065,8628,-3480710,1163087,-1499063,0,0,0,241,287,234,252,191,301,309,265,280,158,238,139,0,
2,1775670888592,856,1478,10323,238237,-120951,-31764,0,0,0,383,479,326,425,400,446,553,553,319,308,349,301,0,
1,1775670888608,-6546,8671,5599,-4630358,1910786,-2757445,0,0,0,234,291,233,249,195,299,306,272,279,157,245,137,0,
2,1775670888608,756,1478,10236,355523,-29321,-29321,0,0,0,383,480,326,425,407,451,555,553,328,256,284,309,0,
1,1775670888624,-9810,4714,3330,-4348138,485026,-1966986,0,0,0,233,292,223,253,197,287,309,277,270,160,250,125,0,
2,1775670888624,847,1316,10093,414166,54977,-8552,0,0,0,387,480,326,425,399,451,553,539,322,250,268,323,0,
1,1775670888640,-7121,4340,3996,-4117231,-861319,-979827,0,0,0,229,294,225,253,197,289,313,277,273,160,250,126,0,
2,1775670888640,1000,1148,9964,436157,85521,0,0,0,0,392,480,325,425,396,455,556,528,325,248,258,332,0,
1,1775670888656,-3819,5005,6140,-4417777,-856433,-627969,0,0,0,224,295,226,250,198,290,313,282,277,157,248,126,0,
2,1775670888656,1095,990,9853,428827,62308,-6108,0,0,0,397,482,325,430,401,459,555,512,331,265,271,337,0,
1,1775670888672,-3388,5211,8021,-5098281,-454483,-714712,0,0,0,223,295,227,249,195,291,315,282,278,161,250,128,0,
2,1775670888672,1100,923,9796,401949,32986,-23212,0,0,0,405,486,327,433,402,460,549,499,336,276,267,344,0,
1,1775670888688,-4503,4441,9365,-5788559,-555887,-959058,0,0,0,229,298,234,249,196,293,315,283,280,161,246,128,0,
2,1775670888688,1129,909,9796,376292,7330,-41538,0,0,0,415,488,326,435,400,466,548,489,342,258,232,359,0,
1,1775670888704,-4742,3287,10610,-6169738,-960280,-1191187,0,0,0,231,297,230,255,198,292,321,278,276,160,245,123,0,
2,1775670888704,1162,890,9873,361632,-20769,-57421,0,0,0,421,490,324,439,402,470,546,470,344,258,229,372,0,
1,1775670888720,-4297,2335,11931,-6223495,-1321912,-1478293,0,0,0,231,296,230,255,197,291,315,274,275,163,251,128,0,
2,1775670888720,1182,847,9930,355523,-54977,-72082,0,0,0,429,493,326,441,405,472,536,451,342,275,244,380,0,
1,1775670888736,-4446,2057,13682,-6219829,-1497841,-1824043,0,0,0,232,298,231,258,199,293,316,274,274,165,250,124,0,
2,1775670888736,1162,799,9944,354301,-91629,-83077,0,0,0,432,495,330,446,413,486,551,446,346,242,196,409,0,
1,1775670888752,-5077,1933,15951,-6305350,-1677435,-2112371,0,0,0,230,296,232,259,198,293,321,277,274,163,249,123,0,
2,1775670888752,1119,760,9968,365297,-103847,-90408,0,0,0,437,500,337,448,418,488,546,429,352,245,183,426,0,
1,1775670888768,-5843,1512,18822,-6472728,-1890017,-2217440,0,0,0,230,294,230,260,196,292,323,279,274,162,246,121,0,
2,1775670888768,1100,717,10054,398284,-95294,-103847,0,0,0,446,504,337,462,423,503,543,412,365,247,179,442,0,
1,1775670888784,-6475,799,22105,-6618113,-2061059,-2243097,0,0,0,232,295,230,263,195,291,323,274,275,163,246,119,0,
2,1775670888784,1148,655,10150,445931,-73303,-125838,0,0,0,464,514,339,459,428,506,535,384,369,247,171,466,0,
1,1775670888800,-7212,-143,25546,-6680422,-2108706,-2329840,0,0,0,229,293,236,260,193,297,320,268,278,165,245,124,0,
2,1775670888800,1220,569,10179,502131,-53756,-155159,0,0,0,470,518,336,465,436,507,531,359,371,252,169,483,0,
1,1775670888816,-8265,-2574,29365,-6651100,-2207666,-2621833,0,0,0,228,291,236,259,192,297,322,265,279,170,235,124,0,
2,1775670888816,1258,512,10270,568104,-36651,-189368,0,0,0,478,523,350,468,442,504,520,325,368,289,191,511,0,
1,1775670888832,-8600,-8083,32907,-6593679,-2630385,-2944370,0,0,0,234,291,231,267,190,293,333,262,277,178,222,120,0,
2,1775670888832,1363,473,10519,674395,-24434,-232128,0,0,0,485,530,345,473,447,508,504,293,377,333,218,526,0,
1,1775670888848,-7709,-17932,33060,-6502049,-2890614,-2863736,0,0,0,239,291,229,273,187,293,342,256,275,187,218,119,0,
2,1775670888848,1474,406,10854,807563,-24434,-277332,0,0,0,489,531,336,474,452,512,483,259,380,334,220,543,0,
1,1775670888864,-6326,-31227,28332,-6068335,-2753780,-2199114,0,0,0,239,294,231,273,185,296,343,249,277,195,218,118,0,
2,1775670888864,1483,344,11414,1026253,-26878,-327423,0,0,0,499,536,328,477,459,517,458,237,393,329,219,555,0,
1,1775670888880,-1555,-44364,19645,-4715879,-2643824,-615752,0,0,0,237,295,231,276,189,300,342,255,280,192,219,119,0,
2,1775670888880,1201,382,12299,1372003,19547,-351858,0,0,0,503,539,314,488,472,528,426,224,404,322,219,565,0,
1,1775670888896,10122,-48973,15137,-2465452,-2218662,1071457,0,0,0,238,292,228,277,191,299,343,257,275,194,229,117,0,
2,1775670888896,1172,349,13065,1773952,123394,-361632,0,0,0,502,542,296,496,487,542,394,218,402,305,214,580,0,
1,1775670888912,17693,-47001,15611,-127059,-387288,1736079,0,0,0,238,268,205,277,185,274,374,320,270,232,308,104,0,
2,1775670888912,1407,291,14118,2351831,248011,-403171,0,0,0,506,551,277,495,502,548,366,220,400,292,204,591,0,
1,1775670888928,9830,-29279,19377,1881464,2383596,1095892,0,0,0,240,253,189,263,160,264,436,400,265,263,375,96,0,
2,1775670888928,1895,358,15501,3026226,207694,-465479,0,0,0,508,551,254,491,517,540,330,215,396,276,192,594,0,
1,1775670888944,-2967,2067,16692,3926641,4905247,202807,0,0,0,248,245,169,270,156,244,457,443,264,299,403,86,0,
2,1775670888944,2747,473,17008,3854559,-6108,-581543,0,0,0,516,536,245,482,521,540,287,196,390,263,177,591,0,
1,1775670888960,-4015,9868,13524,5092172,4520402,-372627,0,0,0,242,243,159,276,155,247,468,466,264,355,424,94,0,
2,1775670888960,3900,751,18779,4814839,-191811,-806342,0,0,0,509,531,246,473,497,540,266,170,385,259,171,571,0,
1,1775670888976,2493,1703,18248,5759237,2310292,-400727,0,0,0,239,239,163,283,157,263,483,483,269,395,437,91,0,
2,1775670888976,5608,1048,21670,5999918,-338419,-1170417,0,0,0,507,526,248,469,500,526,258,167,387,242,158,520,0,
1,1775670888992,5082,-4178,25326,5159367,102625,377514,0,0,0,251,257,186,296,172,277,495,495,276,412,444,98,0,
2,1775670888992,7269,1119,25939,7228979,-343306,-1605353,0,0,0,468,499,240,457,466,512,262,156,374,217,141,427,0,
1,1775670889008,-1943,-1909,21387,3401297,-200363,685390,0,0,0,255,275,233,305,188,315,502,501,299,410,447,117,0,
2,1775670889008,8762,1277,30389,8302880,63529,-2014633,0,0,0,393,474,215,429,439,476,270,165,349,192,129,359,0,
1,1775670889024,-5599,-234,14242,1830152,-28099,205250,0,0,0,271,290,257,320,201,338,517,520,306,420,467,155,0,
2,1775670889024,9093,2660,33275,9121439,929736,-2504547,0,0,0,322,447,211,375,410,424,290,214,300,153,118,295,0,
1,1775670889040,-3503,-148,8954,791681,252898,-389732,0,0,0,294,307,257,331,218,339,537,539,309,436,486,189,0,
2,1775670889040,7130,5489,33050,9354790,1484402,-3059213,0,0,0,275,421,222,336,367,380,305,247,266,118,102,216,0,
1,1775670889056,-1703,-564,9992,324980,243124,-226020,0,0,0,307,314,260,336,223,339,547,543,319,439,492,208,0,
2,1775670889056,7705,9810,25561,9093339,1317025,-3560122,0,0,0,270,420,232,329,358,372,313,270,263,110,102,189,0,
1,1775670889072,-2105,143,10916,80634,191811,-4886,0,0,0,314,312,269,342,209,341,549,540,317,433,498,229,0,
2,1775670889072,10500,12232,13529,8481252,403171,-4217413,0,0,0,279,427,238,332,362,376,314,287,268,114,113,192,0,
1,1775670889088,-2469,813,10442,74525,160046,15882,0,0,0,318,331,274,342,223,348,549,530,322,426,502,246,0,
2,1775670889088,6728,14247,11514,6994406,-627969,-4282165,0,0,0,279,428,235,333,364,376,315,294,263,115,117,193,0,
1,1775670889104,-2412,1019,10011,146607,111177,7330,0,0,0,321,328,267,348,220,352,548,494,326,430,487,252,0,
2,1775670889104,1009,21344,9260,2930931,-1557706,-2434908,0,0,0,276,428,231,331,365,373,316,294,258,112,114,189,0,
1,1775670889120,-2177,918,9490,233350,69638,28099,0,0,0,325,327,265,356,228,364,545,477,335,433,470,261,0,
2,1775670889120,1483,22354,6934,-2704911,-2131919,813672,0,0,0,275,428,233,330,364,372,316,293,257,111,113,189,0,
1,1775670889136,-2129,923,7700,219911,64751,61086,0,0,0,326,348,271,365,242,377,536,461,337,425,447,280,0,
2,1775670889136,7035,12213,6676,-6389650,-1958433,2707354,0,0,0,276,428,231,333,364,374,321,296,258,115,116,190,0,
1,1775670889152,-2124,990,8379,309097,-18325,75747,0,0,0,323,347,277,366,242,383,500,424,350,392,412,306,0,
2,1775670889152,9652,4379,7044,-7170336,-1196074,2344500,0,0,0,278,429,232,335,364,375,321,296,260,116,115,191,0,
1,1775670889168,-2144,890,9959,447153,-119729,68416,0,0,0,317,356,270,368,262,387,517,433,350,385,402,313,0,
2,1775670889168,7523,3302,6657,-6598566,-277332,985936,0,0,0,273,428,230,337,366,375,322,299,260,113,114,189,0,
1,1775670889184,-2211,708,10107,485026,-136833,64751,0,0,0,318,355,274,373,256,385,525,413,357,380,391,311,0,
2,1775670889184,5288,3326,6752,-6307794,156381,239459,0,0,0,276,431,235,338,365,375,322,300,261,116,115,189,0,
1,1775670889200,-2297,531,9480,433714,-76969,68416,0,0,0,315,362,279,371,257,387,524,394,362,374,373,321,0,
2,1775670889200,3766,3029,7877,-6328563,300545,-127059,0,0,0,270,431,232,336,365,374,326,304,261,113,115,189,0,
1,1775670889216,-2316,469,9313,371406,-7330,76969,0,0,0,317,359,286,366,255,408,519,377,373,372,355,339,0,
2,1775670889216,3139,3149,9585,-6575353,469144,-219911,0,0,0,271,437,235,336,365,374,324,301,260,114,117,189,0,
1,1775670889232,-2278,430,9408,328645,40317,86742,0,0,0,320,353,287,373,253,409,515,368,371,365,349,348,0,
2,1775670889232,2708,3823,10993,-6754947,807563,-109955,0,0,0,266,432,240,337,367,378,324,301,261,115,118,189,0,
1,1775670889248,-2196,421,9533,300545,69638,96516,0,0,0,322,357,283,382,258,403,512,364,370,354,347,350,0,
2,1775670889248,2340,4407,12490,-6827029,1187522,271224,0,0,0,264,432,237,338,369,379,325,304,262,118,123,189,0,
1,1775670889264,-2105,435,9643,291993,83077,103847,0,0,0,326,365,281,390,263,409,511,356,372,348,339,359,0,
2,1775670889264,2258,4455,14151,-6880786,1473406,735481,0,0,0,264,431,240,339,370,381,328,306,264,119,124,190,0,
1,1775670889280,-2029,440,9739,320093,70860,108734,0,0,0,337,374,284,400,261,416,515,343,364,350,323,372,0,
2,1775670889280,2627,4082,16458,-6940650,1738522,1180191,0,0,0,265,431,243,339,369,381,332,310,270,119,124,191,0,
1,1775670889296,-2043,373,9839,375071,24434,120951,0,0,0,356,388,289,401,267,422,512,328,369,350,304,381,0,
2,1775670889296,3058,3756,19382,-7061602,1944994,1441641,0,0,0,264,432,244,337,368,380,332,309,271,119,124,190,0,
1,1775670889312,-2163,287,9920,433714,-19547,147829,0,0,0,360,396,282,407,289,427,509,301,376,341,294,401,0,
2,1775670889312,3742,3330,23440,-7282735,2009746,1552819,0,0,0,264,433,245,338,368,382,333,305,270,118,123,190,0,
1,1775670889328,-2354,215,9930,499687,-56199,201585,0,0,0,382,392,284,406,279,431,490,279,377,334,270,419,0,
2,1775670889328,5049,2062,28212,-7474547,1947438,1657888,0,0,0,264,432,246,339,367,383,337,304,271,117,120,189,0,
1,1775670889344,-2498,181,9964,566882,-76969,270002,0,0,0,395,404,282,416,325,446,488,264,377,326,253,449,0,
2,1775670889344,6302,-1464,32304,-7547850,2019520,1930334,0,0,0,264,431,243,341,366,383,341,302,274,118,119,188,0,
1,1775670889360,-2584,129,10107,649960,-69638,339641,0,0,0,386,443,272,423,363,455,486,260,398,319,244,466,0,
2,1775670889360,6657,-9705,34687,-7362147,2502104,2383596,0,0,0,265,430,240,346,369,387,342,297,275,121,116,189,0,
1,1775670889376,-2617,0,10337,766025,-37873,410501,0,0,0,401,435,280,438,386,469,448,258,412,309,230,479,0,
2,1775670889376,4369,-22187,35142,-6687752,2957809,2616946,0,0,0,269,431,238,352,372,392,346,297,282,119,112,188,0,
1,1775670889392,-2488,-153,10734,917519,-3665,478918,0,0,0,415,428,277,472,398,494,463,230,409,305,219,507,0,
2,1775670889392,732,-36262,31112,-5419596,2635272,2521651,0,0,0,273,432,238,352,370,392,346,297,283,127,126,195,0,
1,1775670889408,-2254,-205,11500,1119105,15882,509461,0,0,0,428,434,263,490,386,500,448,214,407,295,199,526,0,
2,1775670889408,-3302,-47427,20751,-3103195,1657888,1622458,0,0,0,272,431,236,353,369,392,347,299,283,120,113,194,0,
1,1775670889424,-2053,-181,12289,1390329,19547,514348,0,0,0,440,455,247,500,396,504,424,211,412,291,193,545,0,
2,1775670889424,-6503,-51098,14864,-978606,944397,280998,0,0,0,268,430,236,350,368,391,348,306,283,125,125,193,0,
1,1775670889440,-1789,-220,12802,1766622,-13439,496022,0,0,0,449,462,236,505,422,519,395,204,422,286,188,557,0,
2,1775670889440,-8825,-47331,15553,709825,248011,-956614,0,0,0,257,422,242,339,365,395,368,402,290,198,280,186,0,
1,1775670889456,-1818,-392,13280,2228436,-78190,448375,0,0,0,443,450,226,502,431,529,352,193,429,266,173,563,0,
2,1775670889456,-6590,-22766,21584,2327396,-1137431,-1138652,0,0,0,248,390,205,340,353,370,426,458,264,163,237,170,0,
1,1775670889472,-2656,-440,14046,2731789,-172263,474031,0,0,0,428,443,211,485,424,522,299,190,430,237,163,568,0,
2,1775670889472,2378,13850,18631,3596774,-3123964,-383623,0,0,0,254,369,189,334,335,365,458,472,268,176,265,174,0,
1,1775670889488,-3795,-296,15606,3452610,-271224,685390,0,0,0,427,444,209,449,410,520,239,187,436,212,154,555,0,
2,1775670889488,6508,18434,9437,4521624,-3863111,532674,0,0,0,260,369,183,344,334,372,485,489,271,244,349,168,0,
1,1775670889504,-5163,-33,17607,4280943,-274889,989601,0,0,0,437,432,242,417,371,530,196,166,431,194,125,518,0,
2,1775670889504,-1220,-220,14572,5801998,-1999972,871093,0,0,0,262,375,201,356,339,390,503,504,284,276,386,167,0,
1,1775670889520,-7575,100,20133,5292536,-144164,1447750,0,0,0,451,396,229,394,330,504,183,144,419,186,113,470,0,
2,1775670889520,-6456,-5355,23321,5671272,-237015,278554,0,0,0,270,395,235,368,348,406,491,514,305,245,347,190,0,
1,1775670889536,-9968,-449,23909,6334672,89186,2078163,0,0,0,401,381,224,402,327,479,182,140,402,152,101,391,0,
2,1775670889536,-1210,-272,22206,4117231,136833,-557109,0,0,0,283,426,270,384,366,420,506,525,317,224,313,223,0,
1,1775670889552,-11940,-727,27690,7277848,270002,2712241,0,0,0,344,377,217,340,298,445,166,149,366,142,109,323,0,
2,1775670889552,3584,1282,16544,2441017,-9773,-405614,0,0,0,304,449,296,399,381,433,535,535,320,233,310,253,0,
1,1775670889568,-12419,1210,30040,7979121,282219,3365867,0,0,0,278,339,209,308,247,369,203,181,305,138,129,251,0,
2,1775670889568,3029,-430,11600,995710,-109955,188146,0,0,0,337,461,317,407,384,441,543,548,319,254,319,278,0,
1,1775670889584,-10643,4379,30571,8368853,610865,3863111,0,0,0,245,297,198,264,202,292,280,233,273,149,180,144,0,
2,1775670889584,1086,-435,10327,437379,-70860,227241,0,0,0,370,472,343,409,385,444,552,567,314,277,337,294,0,
1,1775670889600,-11213,7614,25824,8564330,1367116,4091575,0,0,0,257,276,211,261,184,276,289,233,270,156,208,119,0,
2,1775670889600,909,382,10193,267558,-119729,81855,0,0,0,385,477,349,410,385,445,555,570,317,284,342,305,0,
1,1775670889616,-14256,11328,15242,7977900,1365894,4276056,0,0,0,259,272,227,264,179,285,299,245,273,164,217,126,0,
2,1775670889616,1363,961,10323,177150,-226020,-18325,0,0,0,394,480,353,409,382,445,557,569,318,294,355,313,0,
1,1775670889632,-12534,15271,8997,5541769,423940,4061032,0,0,0,255,278,236,261,180,294,306,256,276,165,216,133,0,
2,1775670889632,1292,1052,10289,91629,-218689,-3665,0,0,0,402,482,357,420,390,448,558,565,317,312,362,309,0,
1,1775670889648,-4962,18478,9877,739146,191811,1859473,0,0,0,255,282,234,262,185,294,311,263,274,164,222,132,0,
2,1775670889648,1210,1139,10299,113620,-190589,-1221,0,0,0,410,484,360,421,389,454,556,556,326,409,392,308,0,
1,1775670889664,-2301,15975,9461,-3232698,1296256,-994488,0,0,0,254,285,234,264,189,297,313,269,276,161,231,131,0,
2,1775670889664,1115,1263,10346,219911,-190589,-26878,0,0,0,422,488,356,423,389,451,558,544,322,302,329,338,0,
1,1775670889680,-7331,9518,5675,-4487416,1979203,-2394591,0,0,0,247,288,239,260,193,307,309,272,283,159,235,136,0,
2,1775670889680,976,1340,10313,322536,-158824,-40317,0,0,0,426,492,354,421,394,457,551,529,323,256,272,353,0,
1,1775670889696,-10591,5613,2474,-4207639,392175,-1645670,0,0,0,236,288,242,258,192,315,312,273,289,159,234,141,0,
2,1775670889696,914,1258,10203,404392,-81855,-32986,0,0,0,429,497,354,425,397,458,545,513,323,251,251,366,0,
1,1775670889712,-7695,5307,2914,-4127005,-1125213,-663399,0,0,0,231,288,242,261,190,322,311,265,292,161,224,143,0,
2,1775670889712,985,1062,10054,448375,-2443,-26878,0,0,0,430,495,351,429,399,460,539,498,327,249,237,374,0,
1,1775670889728,-3637,6130,5451,-4583932,-1226617,-370184,0,0,0,224,287,246,257,186,324,311,263,294,161,223,147,0,
2,1775670889728,1076,914,9940,456927,28099,-28099,0,0,0,437,498,350,436,403,470,541,489,333,249,230,380,0,
1,1775670889744,-2479,6235,7729,-5283984,-817337,-583987,0,0,0,226,296,246,258,189,323,312,263,292,161,223,143,0,
2,1775670889744,1162,832,9853,437379,9773,-35430,0,0,0,444,502,350,440,405,475,537,473,333,245,213,387,0,
1,1775670889760,-3431,5417,9121,-5817880,-979827,-902858,0,0,0,227,293,243,260,190,318,313,264,289,167,227,140,0,
2,1775670889760,1210,775,9825,415388,-19547,-41538,0,0,0,450,511,350,439,408,475,531,455,333,243,198,395,0,
1,1775670889776,-3263,4742,10696,-6170960,-1483180,-1164309,0,0,0,227,291,242,264,190,319,313,264,290,168,228,142,0,
2,1775670889776,1234,689,9830,390953,-57421,-51312,0,0,0,454,518,355,440,415,476,527,438,339,245,189,409,0,
1,1775670889792,-2306,4498,12562,-6417750,-1795943,-1469741,0,0,0,226,290,241,265,190,320,315,267,293,170,227,140,0,
2,1775670889792,1220,626,9849,364075,-98960,-67195,0,0,0,457,517,357,448,421,481,520,419,345,248,183,426,0,
1,1775670889808,-2541,4149,14601,-6655987,-1786169,-1806939,0,0,0,226,290,244,261,187,316,312,265,290,167,229,139,0,
2,1775670889808,1177,622,9916,355523,-127059,-83077,0,0,0,464,520,353,451,422,482,511,401,350,249,177,438,0,
1,1775670889824,-3632,3426,16980,-6847799,-1836260,-1963320,0,0,0,226,290,245,263,189,318,313,264,291,166,228,138,0,
2,1775670889824,1158,622,10045,384845,-127059,-96516,0,0,0,477,527,359,451,429,484,510,381,357,252,172,450,0,
1,1775670889840,-4608,2546,19736,-6982189,-2012190,-1819156,0,0,0,225,288,245,266,189,319,317,265,291,169,229,137,0,
2,1775670889840,1172,564,10126,421497,-109955,-113620,0,0,0,482,528,355,458,442,488,508,361,353,252,172,470,0,
1,1775670889856,-5340,1373,23603,-7177666,-2147802,-1584584,0,0,0,227,288,247,264,186,317,320,265,291,169,227,134,0,
2,1775670889856,1196,473,10150,454483,-74525,-140499,0,0,0,498,539,367,458,458,489,505,338,358,257,173,489,0,
1,1775670889872,-6278,-148,27532,-7321830,-2136806,-1643227,0,0,0,228,289,249,264,185,317,319,263,291,167,223,134,0,
2,1775670889872,1210,440,10203,493579,-54977,-167377,0,0,0,498,537,382,469,459,489,491,311,360,257,164,507,0,
1,1775670889888,-7887,-3034,30911,-7194770,-2178345,-2288301,0,0,0,228,290,245,267,187,310,320,263,286,170,222,130,0,
2,1775670889888,1234,387,10265,554665,-52534,-193033,0,0,0,497,544,372,461,453,501,483,289,358,252,163,531,0,
1,1775670889904,-9514,-8944,34252,-6813590,-2712241,-3260798,0,0,0,231,290,237,271,188,298,328,264,279,177,221,122,0,
2,1775670889904,1277,263,10409,647517,-34208,-226020,0,0,0,504,551,361,467,457,514,463,247,363,331,223,551,0,
1,1775670889920,-8667,-19995,35118,-6333450,-3430619,-3723834,0,0,0,230,293,230,276,189,300,333,261,283,184,221,121,0,
2,1775670889920,1387,186,10772,778242,-7330,-263893,0,0,0,507,555,346,474,472,522,449,233,370,332,225,560,0,
1,1775670889936,-4934,-34601,30710,-5674938,-3428175,-3307224,0,0,0,227,296,233,277,193,308,336,262,291,184,222,124,0,
2,1775670889936,1521,210,11586,1011592,-1221,-310319,0,0,0,511,562,346,477,487,523,435,228,376,327,220,576,0,
1,1775670889952,3163,-49169,21406,-4206418,-2704911,-1753183,0,0,0,227,294,238,278,192,318,336,259,297,183,222,127,0,
2,1775670889952,1397,287,12663,1362229,-18325,-350636,0,0,0,516,567,325,475,489,527,387,239,371,298,202,579,0,
1,1775670889968,12888,-54094,15740,-1846034,-1381777,271224,0,0,0,232,296,235,279,188,309,340,257,288,198,238,124,0,
2,1775670889968,1296,248,13457,1898569,-17104,-371406,0,0,0,523,570,303,482,499,531,360,232,376,286,196,591,0,
1,1775670889984,16300,-50236,15759,401949,452040,1681101,0,0,0,228,276,214,279,186,276,388,344,276,244,322,101,0,
2,1775670889984,1550,143,14300,2506990,-18325,-399505,0,0,0,531,575,279,485,513,535,330,217,379,277,193,597,0,
1,1775670890000,6278,-24398,19650,2232101,2432465,1499063,0,0,0,237,259,166,261,187,235,441,408,246,277,378,83,0,
2,1775670890000,2440,234,15917,3255911,-89186,-497244,0,0,0,528,570,262,479,521,538,290,207,381,266,186,596,0,
1,1775670890016,-5862,7284,16003,3761708,4001167,767246,0,0,0,242,252,151,264,164,232,460,453,247,311,409,78,0,
2,1775670890016,3541,521,17956,4162435,-249233,-693942,0,0,0,522,553,257,477,515,534,266,187,384,262,178,589,0,
1,1775670890032,-7805,14831,11423,5126381,4031710,12217,0,0,0,236,245,137,277,160,250,475,475,269,372,425,78,0,
2,1775670890032,4867,856,20540,5240002,-448375,-1020144,0,0,0,523,537,260,476,496,528,255,161,380,252,166,552,0,
1,1775670890048,880,1407,18449,6213721,1909564,-112399,0,0,0,245,251,175,293,166,275,494,494,278,415,445,100,0,
2,1775670890048,6202,942,23943,6433632,-613308,-1422094,0,0,0,506,523,261,463,484,520,252,157,380,231,153,484,0,
1,1775670890064,3694,-4828,25661,5711589,160046,401949,0,0,0,251,268,235,304,182,322,505,504,303,425,452,121,0,
2,1775670890064,7642,569,28566,7562511,-543670,-1804495,0,0,0,445,502,233,438,463,497,254,159,360,204,135,400,0,
1,1775670890080,-2431,-2852,22220,3407406,-191811,560774,0,0,0,265,287,267,323,198,356,519,511,333,429,464,168,0,
2,1775670890080,8791,2215,32720,8605869,127059,-2257757,0,0,0,355,473,214,409,437,462,270,177,323,180,126,338,0,
1,1775670890096,-5264,-631,14300,1472185,-8552,67195,0,0,0,292,310,279,343,206,370,535,513,344,437,477,225,0,
2,1775670890096,8145,5532,34371,9327912,692721,-2764776,0,0,0,296,445,214,358,405,414,288,240,281,135,112,268,0,
1,1775670890112,-2569,134,8442,540004,107512,-381179,0,0,0,313,325,288,357,215,379,543,506,348,442,480,267,0,
2,1775670890112,7901,8073,31342,9705426,856433,-3277902,0,0,0,259,419,229,327,361,373,304,267,264,110,106,194,0,
1,1775670890128,-1914,167,7561,450818,100181,-161268,0,0,0,318,326,290,368,228,394,543,496,355,437,479,291,0,
2,1775670890128,10380,10600,19966,9443976,664621,-3864333,0,0,0,261,427,235,330,368,382,311,286,273,112,116,197,0,
1,1775670890144,-2680,301,7733,372627,204028,29321,0,0,0,320,335,280,371,237,408,549,487,355,426,471,303,0,
2,1775670890144,9073,13620,13481,8268671,146607,-4320038,0,0,0,263,429,233,331,371,380,302,291,270,110,117,195,0,
1,1775670890160,-2622,559,9557,335975,233350,41538,0,0,0,325,353,300,380,257,402,562,449,356,443,460,327,0,
2,1775670890160,3345,20885,10471,3973067,-1049466,-3031113,0,0,0,262,431,231,333,369,379,308,291,260,113,114,194,0,
1,1775670890176,-2225,760,10557,349414,152716,25656,0,0,0,320,355,300,372,274,419,552,447,368,434,428,344,0,
2,1775670890176,2220,22833,8815,-1602910,-2057394,-509461,0,0,0,267,434,233,334,367,377,313,291,257,114,114,192,0,
1,1775670890192,-2144,808,10361,399505,45204,35430,0,0,0,347,364,309,380,289,419,550,426,380,427,407,354,0,
2,1775670890192,6657,14319,7858,-6017022,-2243097,1753183,0,0,0,269,436,235,336,369,378,315,292,257,114,113,192,0,
1,1775670890208,-2273,737,10045,445931,-1221,65973,0,0,0,344,368,308,385,301,421,542,416,373,412,384,365,0,
2,1775670890208,9155,6101,5752,-6172182,-1406211,1440420,0,0,0,266,435,234,339,371,379,318,295,259,141,127,191,0,
1,1775670890224,-2225,655,10031,469144,-52534,75747,0,0,0,339,369,305,383,304,421,537,397,365,386,363,374,0,
2,1775670890224,8695,3364,4020,-5550321,-498466,475253,0,0,0,264,435,233,337,371,378,320,298,261,149,134,191,0,
1,1775670890240,-2244,507,9892,470366,-119729,74525,0,0,0,349,368,292,386,299,413,536,373,370,376,334,381,0,
2,1775670890240,6953,3819,4134,-5233893,230907,-367740,0,0,0,264,437,234,337,370,377,320,298,261,117,120,193,0,
1,1775670890256,-2364,358,9681,461814,-149051,83077,0,0,0,349,369,286,391,303,418,531,352,370,369,316,383,0,
2,1775670890256,5628,4465,6312,-5624847,641408,-601091,0,0,0,261,435,233,340,373,379,323,299,261,120,122,195,0,
1,1775670890272,-2493,272,9552,456927,-128281,111177,0,0,0,346,371,277,392,300,421,526,333,377,362,307,386,0,
2,1775670890272,4895,4742,8475,-6118426,949284,-493579,0,0,0,260,436,236,337,373,379,323,302,263,120,125,194,0,
1,1775670890288,-2469,244,9552,454483,-97738,139277,0,0,0,348,373,270,393,298,422,522,323,379,352,298,389,0,
2,1775670890288,5063,4551,9729,-6407976,1363451,-124616,0,0,0,257,435,232,339,375,380,321,303,262,118,126,192,0,
1,1775670890304,-2435,201,9533,438601,-80634,164933,0,0,0,341,373,265,394,300,424,523,312,378,347,289,394,0,
2,1775670890304,5135,4139,11093,-6549697,1957212,334754,0,0,0,263,439,237,335,375,376,320,302,261,120,126,194,0,
1,1775670890320,-2431,148,9499,401949,-58643,188146,0,0,0,335,375,265,397,309,429,524,298,384,343,281,403,0,
2,1775670890320,4379,3747,13271,-6565579,2519208,850324,0,0,0,259,436,234,336,375,379,322,303,263,118,123,192,0,
1,1775670890336,-2373,90,9514,359188,-28099,208915,0,0,0,346,381,270,398,320,435,518,291,393,334,272,410,0,
2,1775670890336,3785,3776,16080,-6652322,2687807,1325577,0,0,0,259,437,235,337,373,379,323,304,263,117,122,192,0,
1,1775670890352,-2225,43,9614,337197,-14660,217468,0,0,0,351,379,264,397,310,432,514,283,397,328,263,417,0,
2,1775670890352,4039,3838,19028,-6858794,2775771,1634675,0,0,0,260,437,235,340,375,382,323,302,263,117,121,192,0,
1,1775670890368,-2129,4,9786,348193,-25656,212581,0,0,0,362,361,265,412,283,436,508,259,406,322,246,424,0,
2,1775670890368,4398,3493,23220,-7149566,2937040,1736079,0,0,0,258,435,236,339,374,380,325,301,264,116,119,191,0,
1,1775670890384,-2278,-14,9892,382401,-36651,216246,0,0,0,360,376,265,415,281,439,498,247,405,318,239,439,0,
2,1775670890384,4532,2881,28193,-7378030,3014009,1810604,0,0,0,254,435,235,338,372,380,327,299,267,115,116,189,0,
1,1775670890400,-2507,-33,9882,452040,-45204,260228,0,0,0,358,387,268,421,315,456,490,255,405,310,236,455,0,
2,1775670890400,4489,1019,33735,-7578394,3025004,2090380,0,0,0,254,436,235,338,371,379,331,297,271,116,117,190,0,
1,1775670890416,-2598,-86,9916,536339,-57421,323758,0,0,0,366,389,261,431,320,464,498,233,410,314,223,474,0,
2,1775670890416,3278,-5537,37257,-7646811,3353650,2687807,0,0,0,261,437,235,343,371,382,334,294,274,118,117,191,0,
1,1775670890432,-2613,-167,10117,637743,-63529,390953,0,0,0,393,412,263,448,336,496,496,254,427,304,221,505,0,
2,1775670890432,995,-17161,39583,-7327939,3507588,3281568,0,0,0,266,436,235,349,371,388,337,292,279,121,116,191,0,
1,1775670890448,-2646,-258,10538,773355,-56199,452040,0,0,0,404,434,282,452,343,500,474,258,425,286,216,535,0,
2,1775670890448,1344,-34577,34347,-6107430,2284635,3204599,0,0,0,268,435,235,352,373,392,341,295,282,122,118,193,0,
1,1775670890464,-2574,-349,11198,966388,-45204,505796,0,0,0,408,434,253,457,357,494,451,224,419,283,197,550,0,
2,1775670890464,2924,-51112,21990,-4064697,1226617,1973094,0,0,0,267,434,235,353,375,395,345,308,283,126,125,196,0,
1,1775670890480,-2321,-416,11907,1226617,-32986,525344,0,0,0,416,436,229,468,381,501,442,210,419,284,189,558,0,
2,1775670890480,-3900,-57937,13409,-1528384,1776396,-244346,0,0,0,253,423,224,347,373,387,359,359,278,143,166,193,0,
1,1775670890496,-1794,-488,12352,1584584,-67195,483805,0,0,0,421,435,224,482,399,512,421,201,419,281,181,564,0,
2,1775670890496,-16367,-48738,21196,739146,1056796,-1137431,0,0,0,245,408,220,337,359,378,392,434,267,226,317,177,0,
1,1775670890512,-1392,-607,12691,1966986,-188146,393397,0,0,0,423,437,223,491,422,518,383,194,424,282,184,570,0,
2,1775670890512,-13290,-22660,25891,2933374,-2152689,-603534,0,0,0,249,366,179,338,340,364,449,465,265,167,241,175,0,
1,1775670890528,-2345,-603,13783,2471560,-390953,337197,0,0,0,422,437,212,493,427,524,334,188,444,272,181,576,0,
2,1775670890528,402,5948,17860,4207639,-4834387,335975,0,0,0,257,362,180,337,330,366,476,477,267,185,278,172,0,
1,1775670890544,-4072,-454,15376,3106860,-511905,463035,0,0,0,420,431,198,478,412,533,282,171,457,232,156,573,0,
2,1775670890544,4211,10232,11768,4989547,-4598593,889419,0,0,0,264,368,189,348,330,380,493,493,283,238,336,176,0,
1,1775670890560,-5790,-177,17147,3952298,-509461,812450,0,0,0,421,424,204,451,403,530,238,155,441,197,144,549,0,
2,1775670890560,-3445,-1072,18099,5335296,-2096489,800233,0,0,0,263,377,213,361,339,397,507,506,303,219,320,184,0,
1,1775670890576,-7351,157,20172,5153259,-449596,1411098,0,0,0,408,379,217,439,347,520,210,141,428,181,111,499,0,
2,1775670890576,-4958,-2139,23847,4492302,-728151,56199,0,0,0,279,397,259,370,347,408,520,521,302,216,306,200,0,
1,1775670890592,-9203,100,23938,6200282,-392175,1932777,0,0,0,386,371,221,420,338,489,224,132,415,174,97,420,0,
2,1775670890592,-497,354,21091,2990796,-353080,-339641,0,0,0,289,430,290,379,364,417,538,543,299,315,399,212,0,
1,1775670890608,-11112,124,27839,7193549,-277332,2497217,0,0,0,335,352,184,391,299,422,216,131,357,156,98,317,0,
2,1775670890608,2794,1555,13668,1502728,-261450,-76969,0,0,0,308,451,303,397,379,426,539,542,312,306,363,239,0,
1,1775670890624,-11720,717,30461,7918035,-133168,3040887,0,0,0,324,326,196,332,251,364,249,161,319,163,120,240,0,
2,1775670890624,1651,636,9892,669508,-129503,191811,0,0,0,328,456,310,407,385,434,542,542,319,254,310,265,0,
1,1775670890640,-11194,3551,30466,8284554,149051,3495370,0,0,0,282,290,184,300,223,302,290,221,279,162,184,144,0,
2,1775670890640,622,344,9863,320093,-119729,168598,0,0,0,342,458,316,408,386,437,550,550,320,243,307,277,0,
1,1775670890656,-12218,7226,24579,8517904,893084,3831346,0,0,0,269,273,195,284,186,274,310,233,267,168,208,123,0,
2,1775670890656,861,1038,10524,167377,-218689,40317,0,0,0,352,463,322,410,386,437,556,556,321,245,304,281,0,
1,1775670890672,-14773,11170,14802,8294328,1373225,4159992,0,0,0,244,282,210,263,184,278,308,245,273,161,223,124,0,
2,1775670890672,1009,1574,10375,67195,-245567,1221,0,0,0,360,468,328,414,391,442,558,557,321,244,302,284,0,
1,1775670890688,-12648,14256,10815,6564357,649960,4161214,0,0,0,232,291,215,256,190,283,302,250,272,162,230,129,0,
2,1775670890688,923,1737,10193,68416,-156381,7330,0,0,0,365,470,332,417,394,445,556,555,321,243,297,290,0,
1,1775670890704,-5632,19014,9877,2350609,87964,2621833,0,0,0,234,293,213,258,193,281,304,249,269,166,229,127,0,
2,1775670890704,914,1761,10241,184481,-98960,-4886,0,0,0,368,468,335,418,395,449,559,556,324,257,304,298,0,
1,1775670890720,-2368,17697,9825,-2361605,1148426,-345749,0,0,0,239,291,212,262,192,281,309,250,268,167,226,125,0,
2,1775670890720,871,1756,10275,298102,-72082,-21991,0,0,0,374,473,331,421,398,457,559,549,325,316,345,308,0,
1,1775670890736,-5273,11270,7657,-5017647,2282192,-2377487,0,0,0,241,291,211,266,192,282,312,252,269,169,228,126,0,
2,1775670890736,823,1756,10217,382401,-20769,-29321,0,0,0,384,477,339,422,397,457,551,545,333,241,264,316,0,
1,1775670890752,-8858,6422,5029,-5057964,1610240,-2084272,0,0,0,237,295,211,267,193,281,314,254,269,171,230,127,0,
2,1775670890752,866,1646,10074,441044,47647,-28099,0,0,0,390,485,339,425,396,457,550,533,335,242,253,330,0,
1,1775670890768,-8657,4718,4187,-4927239,386066,-1299921,0,0,0,235,297,215,267,194,282,318,255,269,171,231,126,0,
2,1775670890768,942,1469,9925,467922,79412,-31764,0,0,0,390,481,341,427,396,461,551,513,333,243,252,332,0,
1,1775670890784,-5977,4651,5264,-5079955,-356745,-674395,0,0,0,235,298,218,266,193,282,319,259,271,181,233,129,0,
2,1775670890784,1005,1325,9825,455705,75747,-43982,0,0,0,390,480,341,428,396,465,550,503,339,240,236,339,0,
1,1775670890800,-4934,4340,7044,-5514891,-191811,-541226,0,0,0,234,296,218,266,194,283,322,259,273,197,229,135,0,
2,1775670890800,1076,1263,9806,427605,50090,-52534,0,0,0,396,483,337,434,401,475,547,487,343,239,226,348,0,
1,1775670890816,-5269,3847,8561,-5933944,-151494,-585208,0,0,0,236,297,220,267,194,283,323,260,272,170,227,125,0,
2,1775670890816,1148,1220,9830,403171,-1221,-58643,0,0,0,407,485,341,437,405,480,550,470,349,273,251,354,0,
1,1775670890832,-5628,3350,10093,-6322455,-493579,-751364,0,0,0,236,297,221,268,193,285,322,259,272,173,234,127,0,
2,1775670890832,1139,1158,9868,388510,-56199,-65973,0,0,0,416,488,342,434,403,478,552,458,354,268,234,371,0,
1,1775670890848,-5561,2818,11605,-6596122,-940732,-1043357,0,0,0,236,297,221,269,193,285,322,259,272,171,233,121,0,
2,1775670890848,1052,1105,9892,382401,-87964,-73303,0,0,0,424,493,339,434,407,478,551,450,356,245,203,387,0,
1,1775670890864,-5800,2038,13266,-6746395,-1341460,-1348790,0,0,0,233,296,219,265,195,286,322,259,273,168,233,120,0,
2,1775670890864,1024,1105,9916,387288,-98960,-75747,0,0,0,434,499,339,442,417,485,549,437,356,238,190,397,0,
1,1775670890880,-6235,1158,15501,-6740287,-1761735,-1525941,0,0,0,231,294,220,265,196,287,323,259,273,169,233,120,0,
2,1775670890880,1033,1067,9959,411723,-103847,-76969,0,0,0,439,506,339,450,422,492,543,416,357,288,199,407,0,
1,1775670890896,-6412,502,18133,-6707300,-2098932,-1572367,0,0,0,233,294,223,265,194,288,324,261,273,169,232,118,0,
2,1775670890896,1028,990,10035,447153,-96516,-89186,0,0,0,440,508,336,453,429,499,534,389,357,374,230,419,0,
1,1775670890912,-6508,-177,21430,-6695083,-2290744,-1587027,0,0,0,233,294,227,267,194,290,320,258,275,169,230,121,0,
2,1775670890912,1115,899,10107,491135,-59864,-114842,0,0,0,455,518,344,457,439,500,533,364,363,242,170,456,0,
1,1775670890928,-6977,-1158,24991,-6640105,-2287079,-1775174,0,0,0,232,295,227,267,193,291,324,257,277,169,227,121,0,
2,1775670890928,1316,808,10117,532674,-10995,-160046,0,0,0,466,524,355,464,447,506,525,332,364,253,169,476,0,
1,1775670890944,-7561,-3144,28748,-6471506,-2291966,-2223549,0,0,0,233,296,227,268,194,291,326,257,277,170,225,119,0,
2,1775670890944,1445,737,10232,583987,36651,-237015,0,0,0,473,528,371,465,444,508,512,299,364,285,189,496,0,
1,1775670890960,-7322,-7920,31706,-6265033,-2669481,-2817310,0,0,0,233,299,228,267,195,291,324,258,280,203,221,133,0,
2,1775670890960,1363,741,10581,679282,32986,-295658,0,0,0,476,529,360,472,460,520,503,275,373,303,204,519,0,
1,1775670890976,-6159,-15630,33194,-6153856,-3042108,-3159395,0,0,0,234,302,227,266,193,290,327,258,283,218,219,139,0,
2,1775670890976,1325,727,11117,885754,-34208,-322536,0,0,0,489,534,348,475,460,524,483,246,378,328,216,536,0,
1,1775670890992,-4297,-28164,29150,-5903401,-2783102,-2814867,0,0,0,239,302,224,272,192,291,329,252,283,179,225,120,0,
2,1775670890992,1306,670,11753,1167974,-46425,-348193,0,0,0,505,542,342,480,472,532,462,226,383,321,211,549,0,
1,1775670891008,-1119,-40885,21737,-5020090,-2432465,-1727526,0,0,0,237,304,222,278,197,295,326,255,283,180,228,120,0,
2,1775670891008,1182,598,12409,1499063,-9773,-370184,0,0,0,505,547,321,489,476,526,433,217,395,298,196,568,0,
1,1775670891024,7891,-50217,15324,-3089756,-2083050,76969,0,0,0,231,302,222,273,196,298,323,255,282,183,237,121,0,
2,1775670891024,971,512,12983,1897347,61086,-372627,0,0,0,507,554,306,492,489,531,398,210,391,298,204,582,0,
1,1775670891040,17252,-49810,15032,-610865,-486248,1293812,0,0,0,223,288,208,275,196,286,341,269,272,203,264,114,0,
2,1775670891040,1048,411,13716,2458121,117286,-354301,0,0,0,515,554,278,500,505,543,367,215,395,284,190,590,0,
1,1775670891056,13988,-39363,18066,1320690,1594358,1409876,0,0,0,234,275,187,281,185,265,399,359,262,254,343,99,0,
2,1775670891056,1809,416,14850,3040887,127059,-386066,0,0,0,519,551,254,492,513,553,327,209,393,264,175,598,0,
1,1775670891072,-995,-5943,18822,2897944,3456275,753807,0,0,0,238,240,161,265,155,235,448,423,251,287,391,84,0,
2,1775670891072,2881,574,16544,3802025,42760,-553443,0,0,0,513,546,242,478,508,552,286,189,387,256,175,598,0,
1,1775670891088,-9236,16788,13304,4031710,4178318,-62308,0,0,0,235,239,156,264,152,238,469,449,263,328,416,88,0,
2,1775670891088,3742,894,18530,4725653,-89186,-808785,0,0,0,512,535,243,476,497,544,264,168,386,254,170,576,0,
1,1775670891104,-3627,8901,11758,5329188,3071430,-635299,0,0,0,231,261,146,273,168,249,482,477,264,370,437,91,0,
2,1775670891104,4766,1258,21095,5764124,-218689,-1117883,0,0,0,510,517,247,473,487,536,259,156,386,241,151,523,0,
1,1775670891120,4307,-2469,19995,5838649,998153,-285884,0,0,0,239,253,207,288,167,271,500,499,277,404,450,89,0,
2,1775670891120,6255,1167,25316,7016398,-249233,-1501506,0,0,0,462,499,233,459,477,516,258,158,379,217,139,445,0,
1,1775670891136,2311,-3488,24474,4681671,-89186,706160,0,0,0,247,268,232,302,180,313,512,512,313,415,457,105,0,
2,1775670891136,7958,856,29853,8100073,112399,-1863138,0,0,0,394,479,220,436,452,486,267,166,355,193,132,376,0,
1,1775670891152,-4599,-1062,18669,2640159,64751,552222,0,0,0,259,290,243,318,198,335,531,518,331,427,474,148,0,
2,1775670891152,9155,2579,32912,9051801,1040914,-2338392,0,0,0,339,451,213,391,417,439,283,189,315,163,118,315,0,
1,1775670891168,-4934,-430,12103,1122770,205250,-145385,0,0,0,282,308,255,334,202,343,549,519,331,438,475,200,0,
2,1775670891168,7135,5561,33371,9546601,1824043,-2930931,0,0,0,278,431,220,343,386,396,299,247,277,123,107,235,0,
1,1775670891184,-1660,-387,9413,482583,109955,-384845,0,0,0,303,323,259,348,205,363,554,512,343,442,461,250,0,
2,1775670891184,6393,8078,27336,9585697,1770287,-3457497,0,0,0,271,422,238,327,361,377,314,263,274,109,99,197,0,
1,1775670891200,-1708,138,10275,362853,-7330,-81855,0,0,0,319,330,263,361,215,381,554,502,357,439,463,294,0,
2,1775670891200,9112,11026,16238,8982162,739146,-4056145,0,0,0,275,424,238,327,365,383,313,295,281,116,120,202,0,
1,1775670891216,-2723,588,9590,315206,37873,61086,0,0,0,333,336,263,368,220,383,553,491,354,421,464,312,0,
2,1775670891216,7188,14419,12553,7583281,-416610,-4324925,0,0,0,270,425,236,330,368,385,310,294,275,114,122,200,0,
1,1775670891232,-2785,784,6925,255341,167377,53756,0,0,0,322,337,264,364,229,385,554,477,356,421,457,318,0,
2,1775670891232,1919,22177,9528,3655417,-1521054,-3011565,0,0,0,269,426,231,327,365,379,300,289,266,114,116,197,0,
1,1775670891248,-2239,746,8054,267558,128281,24434,0,0,0,326,335,267,363,228,384,554,458,358,429,442,325,0,
2,1775670891248,2311,22589,7250,-2935818,-2168571,36651,0,0,0,269,427,229,332,367,378,310,293,262,117,115,194,0,
1,1775670891264,-2158,751,10303,326202,23212,35430,0,0,0,323,333,265,377,242,395,542,438,349,413,413,335,0,
2,1775670891264,5900,13653,7791,-6901555,-2185675,1813048,0,0,0,274,431,235,335,368,378,318,296,264,117,117,194,0,
1,1775670891280,-2234,823,10557,387288,-26878,61086,0,0,0,332,338,267,376,241,400,552,432,368,411,392,353,0,
2,1775670891280,8236,4446,7733,-7373143,-1775174,1651779,0,0,0,273,433,237,333,367,376,318,299,265,125,132,196,0,
1,1775670891296,-2201,799,10117,443488,-78190,76969,0,0,0,337,350,265,378,247,406,547,401,364,389,374,367,0,
2,1775670891296,7791,2134,5518,-6261368,-1132544,503352,0,0,0,267,432,234,331,370,376,322,300,264,131,143,196,0,
1,1775670891312,-2187,650,9719,472809,-139277,78190,0,0,0,329,342,246,386,252,425,542,375,364,424,346,359,0,
2,1775670891312,7102,2541,4737,-5737246,-430049,-305432,0,0,0,264,433,234,331,372,378,325,302,264,128,142,195,0,
1,1775670891328,-2301,469,9638,453262,-164933,80634,0,0,0,329,341,255,384,251,429,530,360,367,367,326,373,0,
2,1775670891328,5915,3091,6867,-6008470,244346,-529009,0,0,0,263,434,235,332,369,378,320,301,261,127,141,195,0,
1,1775670891344,-2383,354,9562,423940,-152716,91629,0,0,0,331,342,262,380,248,431,525,348,368,344,312,380,0,
2,1775670891344,4489,3335,9227,-6282138,593761,-333532,0,0,0,263,432,232,336,371,379,319,300,259,130,143,194,0,
1,1775670891360,-2402,296,9495,395840,-125838,106290,0,0,0,328,344,261,379,251,431,523,332,378,344,302,387,0,
2,1775670891360,4254,3254,10571,-6383541,714712,261450,0,0,0,262,432,232,335,370,379,321,300,260,135,151,192,0,
1,1775670891376,-2431,296,9509,367740,-86742,118507,0,0,0,329,348,259,382,253,432,525,318,389,342,294,395,0,
2,1775670891376,5589,2780,11308,-6387206,1154535,913854,0,0,0,260,432,233,337,371,381,322,303,260,131,149,192,0,
1,1775670891392,-2440,301,9562,343306,-25656,133168,0,0,0,336,352,255,388,261,432,521,310,393,337,286,399,0,
2,1775670891392,5977,2488,13007,-6443406,1793500,1401324,0,0,0,260,433,234,334,369,378,323,304,262,137,154,196,0,
1,1775670891408,-2301,224,9566,313984,23212,139277,0,0,0,346,369,250,399,275,436,515,300,389,335,283,402,0,
2,1775670891408,5250,2512,15960,-6646213,2232101,1781283,0,0,0,260,433,234,339,373,383,326,305,262,133,147,192,0,
1,1775670891424,-2129,157,9648,287106,23212,134390,0,0,0,358,387,251,409,283,445,516,287,392,337,278,411,0,
2,1775670891424,4804,2349,19133,-6938207,2355496,2050063,0,0,0,260,435,240,334,368,380,321,298,262,143,165,193,0,
1,1775670891440,-2182,129,9806,296880,-23212,133168,0,0,0,360,386,253,410,284,446,514,276,395,335,264,424,0,
2,1775670891440,5025,1765,22086,-7115358,2333505,2120924,0,0,0,260,434,239,334,370,380,324,298,262,144,168,192,0,
1,1775670891456,-2416,105,9868,338419,-75747,160046,0,0,0,354,386,254,417,286,454,510,262,379,332,251,431,0,
2,1775670891456,5752,1115,26140,-7095810,2338392,2065946,0,0,0,262,432,238,337,371,382,326,296,267,148,171,192,0,
1,1775670891472,-2613,47,9796,392175,-97738,227241,0,0,0,361,391,274,422,303,475,504,258,401,328,247,457,0,
2,1775670891472,6446,-306,31103,-7090923,2439795,2025629,0,0,0,263,432,240,339,368,383,327,291,269,152,170,193,0,
1,1775670891488,-2632,-23,9777,443488,-90408,301767,0,0,0,371,422,279,403,318,474,498,252,410,301,232,464,0,
2,1775670891488,5058,-5637,34634,-7231422,2800206,2195449,0,0,0,264,431,238,341,368,382,332,290,272,146,156,192,0,
1,1775670891504,-2541,-71,9911,499687,-58643,354301,0,0,0,388,402,274,423,304,477,492,240,409,303,222,479,0,
2,1775670891504,2459,-15051,36214,-7164227,2928487,2421469,0,0,0,264,429,235,343,368,384,338,292,277,144,151,191,0,
1,1775670891520,-2493,-81,10251,612086,-37873,393397,0,0,0,394,426,273,431,330,493,485,232,421,297,221,506,0,
2,1775670891520,1095,-28796,33041,-6382320,2175901,2366491,0,0,0,265,428,234,345,368,391,339,292,283,147,153,194,0,
1,1775670891536,-2512,-95,10839,777020,-43982,428827,0,0,0,411,434,269,461,353,505,497,231,420,292,205,531,0,
2,1775670891536,1722,-42900,22292,-4339586,1231504,1268156,0,0,0,267,429,235,349,371,395,339,291,283,152,160,195,0,
1,1775670891552,-2502,-148,11596,1015258,-73303,460592,0,0,0,426,446,247,456,388,518,452,241,426,278,220,551,0,
2,1775670891552,-2278,-49461,14658,-2135584,1334129,-345749,0,0,0,264,428,235,350,373,394,340,304,278,161,180,193,0,
1,1775670891568,-2067,-272,12194,1353677,-163711,469144,0,0,0,418,454,221,462,405,512,425,213,435,274,205,572,0,
2,1775670891568,-11548,-46695,15936,-157603,1078788,-1446528,0,0,0,256,422,229,345,371,389,354,360,272,181,228,188,0,
1,1775670891584,-1478,-435,12548,1748296,-309097,411723,0,0,0,413,461,210,475,433,515,389,201,448,273,198,578,0,
2,1775670891584,-12926,-32916,22143,1560149,-703716,-1202182,0,0,0,249,404,217,332,365,376,395,441,262,204,284,177,0,
1,1775670891600,-2029,-502,13108,2156354,-421497,333532,0,0,0,412,456,208,482,440,524,352,194,455,267,184,576,0,
2,1775670891600,-2273,-1521,22392,3097086,-3271794,-103847,0,0,0,253,366,194,305,355,348,453,467,265,162,247,173,0,
1,1775670891616,-3225,-411,14180,2713463,-503352,376292,0,0,0,415,447,204,474,443,532,313,186,458,251,169,573,0,
2,1775670891616,5240,14453,12251,4148996,-4544837,816115,0,0,0,262,366,186,341,331,371,481,483,265,185,289,178,0,
1,1775670891632,-4546,-253,15419,3430619,-458148,607200,0,0,0,421,435,211,462,433,537,259,177,454,228,150,564,0,
2,1775670891632,871,5537,10978,5117828,-3604104,1130100,0,0,0,264,370,189,356,333,384,498,499,284,229,343,179,0,
1,1775670891648,-6054,-263,16941,4278500,-395840,983493,0,0,0,419,403,230,458,367,530,214,151,441,201,110,533,0,
2,1775670891648,-6958,-4111,20023,5327966,-1567480,676838,0,0,0,264,378,216,356,333,393,508,509,300,213,317,189,0,
1,1775670891664,-7642,-339,19798,5183802,-426383,1464854,0,0,0,417,383,231,442,336,501,213,130,435,176,98,465,0,
2,1775670891664,-4479,-1349,23474,4177096,-423940,-392175,0,0,0,268,396,248,364,349,406,519,519,304,228,340,211,0,
1,1775670891680,-10064,-306,24115,6173404,-430049,2014633,0,0,0,384,377,230,404,312,479,192,132,414,157,98,408,0,
2,1775670891680,1603,1450,18722,2715906,-52534,-635299,0,0,0,283,423,279,373,365,415,532,532,312,221,322,223,0,
1,1775670891696,-11447,0,28016,7011511,-246789,2583959,0,0,0,326,355,194,361,288,425,199,142,369,146,98,314,0,
2,1775670891696,2981,1038,12414,1467298,18325,-80634,0,0,0,309,442,302,392,376,426,541,541,317,226,308,248,0,
1,1775670891712,-11150,1387,29896,7574728,158824,3104417,0,0,0,264,331,202,306,256,356,224,173,311,142,126,228,0,
2,1775670891712,1603,148,10122,752585,-28099,239459,0,0,0,330,451,317,406,380,433,551,551,317,231,301,265,0,
1,1775670891728,-11720,4182,28954,8104959,364075,3600439,0,0,0,239,290,202,268,207,305,277,212,281,151,175,147,0,
2,1775670891728,631,315,10337,428827,-128281,189368,0,0,0,343,459,321,414,385,439,557,557,320,238,299,280,0,
1,1775670891744,-12854,7260,23215,8459261,421497,4009719,0,0,0,251,277,208,264,194,283,304,236,277,160,207,127,0,
2,1775670891744,1033,981,10308,263893,-230907,59864,0,0,0,358,468,325,415,389,443,555,556,323,245,299,292,0,
1,1775670891760,-12802,10820,14524,8019438,511905,4376238,0,0,0,249,279,212,268,190,282,306,243,279,162,220,126,0,
2,1775670891760,1119,1244,10126,182037,-271224,20769,0,0,0,374,476,337,414,391,446,558,559,323,245,296,304,0,
1,1775670891776,-10600,14472,10179,6252816,360410,4245513,0,0,0,239,289,217,266,193,289,297,249,278,159,224,127,0,
2,1775670891776,976,1349,10217,188146,-232128,13439,0,0,0,385,480,342,422,397,452,567,566,323,245,288,315,0,
1,1775670891792,-5360,18348,9796,1705535,254119,2268753,0,0,0,234,293,214,264,198,288,297,253,273,161,226,129,0,
2,1775670891792,871,1402,10313,251676,-188146,3665,0,0,0,390,482,341,427,400,457,568,561,324,243,275,327,0,
1,1775670891808,-2187,17147,9672,-2568077,875980,-326202,0,0,0,235,293,212,264,198,285,305,257,271,163,229,128,0,
2,1775670891808,808,1464,10327,322536,-130725,-7330,0,0,0,400,486,343,420,396,452,573,553,336,242,258,354,0,
1,1775670891824,-4312,9748,7269,-4783074,1998751,-2267531,0,0,0,238,296,216,264,197,285,311,260,273,162,232,128,0,
2,1775670891824,789,1469,10279,399505,-28099,-17104,0,0,0,408,489,342,426,399,457,566,534,334,247,248,358,0,
1,1775670891840,-7954,5661,4278,-4459316,1523497,-1902234,0,0,0,238,297,217,265,197,287,310,259,273,164,232,128,0,
2,1775670891840,799,1354,10136,475253,73303,-23212,0,0,0,417,490,342,430,401,459,567,521,341,247,238,370,0,
1,1775670891856,-8226,4699,3273,-4216191,288328,-1082453,0,0,0,233,299,221,263,196,287,312,259,276,165,232,129,0,
2,1775670891856,871,1153,9959,519235,139277,-26878,0,0,0,422,493,340,430,402,467,557,492,336,246,230,379,0,
1,1775670891872,-5484,5245,4819,-4480085,-375071,-586430,0,0,0,232,294,230,264,196,296,310,259,281,165,232,128,0,
2,1775670891872,1033,976,9877,505796,147829,-34208,0,0,0,426,495,338,434,405,471,557,476,340,244,213,387,0,
1,1775670891888,-3933,5441,6690,-4985882,-324980,-510683,0,0,0,231,294,229,264,196,295,317,260,282,166,232,127,0,
2,1775670891888,1182,890,9877,469144,109955,-48869,0,0,0,435,501,342,440,408,474,554,461,349,259,221,397,0,
1,1775670891904,-4489,4996,8322,-5621181,-116064,-712268,0,0,0,231,295,233,265,196,298,320,260,282,168,232,126,0,
2,1775670891904,1292,856,9877,432492,31764,-72082,0,0,0,435,498,339,445,416,481,554,451,355,248,200,409,0,
1,1775670891920,-5489,4125,9825,-6150191,-461814,-928515,0,0,0,230,295,227,265,196,295,318,261,281,168,230,124,0,
2,1775670891920,1296,832,9877,409279,-35430,-101403,0,0,0,440,501,342,444,416,486,507,426,370,237,184,424,0,
1,1775670891936,-5446,3354,11399,-6492275,-919963,-1147204,0,0,0,234,297,227,266,196,292,320,262,278,165,233,124,0,
2,1775670891936,1191,808,9940,395840,-67195,-131946,0,0,0,442,505,342,448,419,490,503,406,370,239,181,439,0,
1,1775670891952,-5120,2555,13285,-6671870,-1232726,-1483180,0,0,0,232,295,225,267,197,291,327,265,281,164,230,123,0,
2,1775670891952,1076,775,10035,403171,-58643,-147829,0,0,0,443,508,340,459,428,496,538,396,360,241,173,448,0,
1,1775670891968,-5498,1780,15281,-6723182,-1486845,-1793500,0,0,0,233,296,225,267,197,292,327,265,279,167,230,123,0,
2,1775670891968,1076,708,10050,426383,-50090,-145385,0,0,0,451,514,342,465,434,499,534,375,363,263,173,457,0,
1,1775670891984,-6140,1210,17836,-6696304,-1815491,-1946216,0,0,0,233,296,225,265,195,291,327,264,279,168,231,123,0,
2,1775670891984,1124,603,10026,450818,-41538,-150272,0,0,0,457,514,341,462,438,497,529,352,370,297,184,473,0,
1,1775670892000,-6417,746,21325,-6693861,-2045176,-1962099,0,0,0,233,295,225,267,194,291,328,263,281,167,231,123,0,
2,1775670892000,1172,502,10074,476474,-12217,-169820,0,0,0,466,520,344,461,439,499,524,332,379,256,172,489,0,
1,1775670892016,-7025,-19,25226,-6702413,-2076941,-2041511,0,0,0,237,296,229,269,193,292,328,260,281,168,228,121,0,
2,1775670892016,1258,449,10184,516791,30543,-201585,0,0,0,478,526,352,464,446,508,512,305,377,262,171,501,0,
1,1775670892032,-8159,-2077,29102,-6619335,-2076941,-2301740,0,0,0,239,297,232,268,194,292,330,259,283,168,223,120,0,
2,1775670892032,1311,425,10323,603534,39095,-234572,0,0,0,486,526,339,469,460,511,509,286,377,264,173,526,0,
1,1775670892048,-8872,-6188,32466,-6492275,-2359161,-2637716,0,0,0,233,296,230,268,198,295,333,263,284,169,222,119,0,
2,1775670892048,1292,373,10466,712268,8552,-260228,0,0,0,486,529,338,480,462,517,501,264,382,269,176,539,0,
1,1775670892064,-8509,-14419,34620,-6429967,-2841745,-2874731,0,0,0,233,298,228,270,196,296,335,267,288,169,226,119,0,
2,1775670892064,1282,282,10681,846659,-13439,-280998,0,0,0,491,532,330,478,466,514,475,231,375,337,221,566,0,
1,1775670892080,-6068,-29035,30610,-6268699,-2812423,-2475225,0,0,0,232,301,228,273,198,300,330,260,291,179,230,122,0,
2,1775670892080,1397,196,11284,1054353,-7330,-302989,0,0,0,502,543,322,492,482,526,461,232,387,287,183,570,0,
1,1775670892096,-1038,-43163,22354,-5335296,-2630385,-1369559,0,0,0,231,300,228,273,199,300,326,256,291,185,226,125,0,
2,1775670892096,1598,148,12021,1331686,34208,-339641,0,0,0,505,545,300,498,494,530,433,223,397,275,176,578,0,
1,1775670892112,8810,-52294,15324,-3319441,-2323731,274889,0,0,0,232,296,226,277,199,303,337,264,292,182,232,122,0,
2,1775670892112,1363,172,12854,1759291,108734,-392175,0,0,0,516,547,287,507,507,535,396,214,396,284,181,584,0,
1,1775670892128,17171,-51002,14630,-693942,-632856,1430646,0,0,0,226,276,206,268,186,276,367,312,285,209,295,106,0,
2,1775670892128,1062,191,13663,2233323,131946,-399505,0,0,0,516,544,261,508,510,536,361,208,395,280,177,590,0,
1,1775670892144,13352,-38458,19104,1442863,1870469,1463633,0,0,0,237,256,175,268,168,243,428,390,257,257,359,90,0,
2,1775670892144,1402,205,14716,2783102,94073,-388510,0,0,0,511,543,242,504,518,546,322,200,396,272,179,598,0,
1,1775670892160,-1268,-4766,17650,3516140,4494746,723264,0,0,0,243,246,153,277,163,233,456,447,249,295,399,81,0,
2,1775670892160,2517,291,16396,3588222,8552,-482583,0,0,0,517,542,245,495,523,551,286,181,397,267,177,599,0,
1,1775670892176,-7432,12557,13089,4872261,4919908,-62308,0,0,0,245,245,148,280,157,239,468,468,255,359,423,85,0,
2,1775670892176,3699,425,18219,4467868,-75747,-686612,0,0,0,521,537,249,482,510,544,267,164,397,262,169,582,0,
1,1775670892192,-1497,5379,14788,5859419,2913827,-596204,0,0,0,244,245,153,287,159,254,483,483,263,389,433,85,0,
2,1775670892192,5173,703,20904,5571090,-171042,-1028697,0,0,0,506,528,243,479,489,537,261,155,395,254,165,538,0,
1,1775670892208,4575,-2976,23172,5514891,591317,-108734,0,0,0,249,257,189,299,172,283,500,500,279,397,442,94,0,
2,1775670892208,6570,909,25455,6890559,-261450,-1463633,0,0,0,477,502,240,472,475,521,257,156,387,226,148,460,0,
1,1775670892224,689,-2890,24249,3710395,-164933,659734,0,0,0,256,274,237,318,192,325,513,512,299,406,456,134,0,
2,1775670892224,8006,593,30150,8001112,-13439,-1837482,0,0,0,410,474,220,444,450,488,267,163,363,199,130,377,0,
1,1775670892240,-4627,-708,15884,1654223,-50090,311541,0,0,0,272,290,256,340,206,358,527,520,332,415,469,184,0,
2,1775670892240,9078,1914,33318,8966279,934623,-2340835,0,0,0,345,454,212,397,416,439,282,181,317,171,121,328,0,
1,1775670892256,-4115,-186,9562,602313,78190,-250454,0,0,0,303,309,247,353,206,356,545,524,361,425,477,217,0,
2,1775670892256,7508,5096,34218,9512393,1787391,-2918714,0,0,0,276,424,218,346,374,389,298,233,275,120,102,232,0,
1,1775670892272,-1818,-215,8863,300545,151494,-295658,0,0,0,317,319,255,358,214,357,550,510,338,424,477,256,0,
2,1775670892272,6795,8341,29293,9490402,1771509,-3396410,0,0,0,275,421,234,333,358,377,312,254,270,111,98,201,0,
1,1775670892288,-1895,425,10299,149051,173485,-47647,0,0,0,315,324,266,358,215,375,547,502,342,423,474,290,0,
2,1775670892288,9614,11466,16161,8858767,780685,-4087910,0,0,0,279,428,240,330,362,380,310,280,272,111,112,197,0,
1,1775670892304,-2517,976,10485,105068,191811,50090,0,0,0,316,324,264,362,220,380,552,497,348,436,468,299,0,
2,1775670892304,8111,12811,11907,7596720,-310319,-4564385,0,0,0,280,431,238,330,368,381,310,288,271,112,116,199,0,
1,1775670892320,-2335,1052,10093,183259,160046,31764,0,0,0,323,330,272,362,220,377,552,489,342,426,464,320,0,
2,1775670892320,1737,19631,9887,3572339,-1469741,-3108082,0,0,0,274,432,234,333,370,378,311,289,264,113,115,197,0,
1,1775670892336,-2043,947,10705,272445,91629,29321,0,0,0,321,339,277,364,235,387,563,475,350,429,451,328,0,
2,1775670892336,540,22009,7743,-2008524,-2506990,-221133,0,0,0,273,430,232,333,368,376,313,289,260,115,113,197,0,
1,1775670892352,-2014,880,13352,296880,54977,47647,0,0,0,322,351,271,371,244,387,554,462,354,412,442,339,0,
2,1775670892352,5881,14558,6771,-6332229,-2742784,2109928,0,0,0,276,431,233,335,367,377,315,289,261,113,112,194,0,
1,1775670892368,-2053,995,12433,350636,-19547,59864,0,0,0,326,349,279,375,242,396,549,439,356,407,417,350,0,
2,1775670892368,9222,6403,6752,-7175223,-1803274,1833817,0,0,0,275,433,235,336,368,377,312,291,262,112,112,193,0,
1,1775670892384,-2053,981,10069,420275,-106290,61086,0,0,0,330,363,273,377,248,396,543,418,359,404,393,357,0,
2,1775670892384,8470,3201,6379,-6889338,-761138,807563,0,0,0,268,435,235,336,369,377,314,295,263,115,114,196,0,
1,1775670892400,-2124,794,9270,428827,-130725,54977,0,0,0,331,375,264,380,261,397,539,406,363,396,376,363,0,
2,1775670892400,5881,2881,6341,-6370102,-177150,-45204,0,0,0,262,435,235,335,368,377,320,297,264,117,117,198,0,
1,1775670892416,-2263,607,9552,387288,-85521,57421,0,0,0,330,379,259,385,268,401,537,391,362,386,362,365,0,
2,1775670892416,4402,2790,7183,-6212499,30543,-403171,0,0,0,262,437,236,336,369,378,320,298,264,116,117,196,0,
1,1775670892432,-2316,526,9676,348193,-21991,69638,0,0,0,333,384,258,388,269,401,532,375,360,393,349,363,0,
2,1775670892432,4005,3091,8753,-6416528,268780,-386066,0,0,0,264,437,239,341,374,383,321,298,264,116,117,195,0,
1,1775670892448,-2239,473,9509,316428,20769,83077,0,0,0,338,384,264,390,275,405,521,365,363,403,339,364,0,
2,1775670892448,3814,3699,10141,-6609561,742812,-76969,0,0,0,263,437,238,341,375,383,322,300,265,115,118,197,0,
1,1775670892464,-2129,459,9451,284663,41538,91629,0,0,0,331,380,265,394,280,416,514,350,363,365,337,377,0,
2,1775670892464,3689,4087,11615,-6719517,1258382,434936,0,0,0,262,437,243,337,375,387,318,299,267,113,116,202,0,
1,1775670892480,-2014,478,9590,263893,50090,91629,0,0,0,333,381,265,391,271,417,529,347,363,365,331,388,0,
2,1775670892480,3685,4010,13314,-6801373,1666440,1017701,0,0,0,262,437,235,336,375,379,314,298,264,113,116,193,0,
1,1775670892496,-1933,488,9734,257785,41538,84299,0,0,0,351,380,272,395,268,414,525,329,367,366,327,382,0,
2,1775670892496,3732,3613,15539,-6923546,1957212,1480737,0,0,0,262,436,235,340,377,383,323,301,267,117,118,193,0,
1,1775670892512,-1962,454,9849,280998,2443,85521,0,0,0,351,386,260,392,267,408,525,313,367,359,303,401,0,
2,1775670892512,3866,3168,18463,-7062823,2186897,1764178,0,0,0,262,437,239,338,372,382,323,302,268,114,119,194,0,
1,1775670892528,-2120,430,9935,333532,-43982,107512,0,0,0,361,389,257,398,276,417,517,289,373,354,293,415,0,
2,1775670892528,4249,2804,22526,-7230200,2282192,1789835,0,0,0,263,435,239,338,370,381,324,302,267,117,121,194,0,
1,1775670892544,-2402,397,9911,403171,-63529,166155,0,0,0,363,418,255,408,327,430,515,279,395,347,290,431,0,
2,1775670892544,4747,2416,27255,-7397578,2269975,1780061,0,0,0,263,436,240,339,370,381,325,298,268,116,118,194,0,
1,1775670892560,-2613,335,9887,466701,-69638,254119,0,0,0,391,426,262,428,327,441,515,260,402,348,263,458,0,
2,1775670892560,4967,698,32376,-7547850,2260201,1925447,0,0,0,263,435,240,341,370,382,326,295,272,114,112,193,0,
1,1775670892576,-2589,229,9949,532674,-65973,357967,0,0,0,399,418,274,430,327,448,507,253,396,327,253,481,0,
2,1775670892576,4111,-5781,35687,-7560068,2549751,2322509,0,0,0,264,434,238,344,370,384,332,290,274,116,111,192,0,
1,1775670892592,-2488,134,10136,626747,-45204,433714,0,0,0,400,426,294,440,343,474,501,246,399,308,241,497,0,
2,1775670892592,2215,-16324,37678,-7299839,2813645,2675589,0,0,0,270,435,239,348,371,388,338,289,277,119,111,193,0,
1,1775670892608,-2297,62,10504,744033,-20769,492357,0,0,0,408,436,290,456,369,489,480,234,422,299,226,521,0,
2,1775670892608,1081,-32332,33797,-6250373,2125811,2575407,0,0,0,273,436,239,351,373,392,329,295,287,121,110,194,0,
1,1775670892624,-1890,47,11318,959058,-4886,489913,0,0,0,417,451,275,460,403,489,451,222,431,293,217,547,0,
2,1775670892624,1363,-47460,22924,-4217413,1174082,1483180,0,0,0,272,435,238,354,375,395,326,299,292,121,111,194,0,
1,1775670892640,-1880,-14,11954,1269377,-35430,450818,0,0,0,421,476,260,465,427,490,429,217,427,287,212,560,0,
2,1775670892640,-2531,-53055,14491,-1864360,1169196,-488692,0,0,0,267,433,237,351,374,395,340,313,282,145,160,192,0,
1,1775670892656,-2014,-196,12328,1635897,-131946,426383,0,0,0,422,488,234,480,443,501,402,214,432,282,205,566,0,
2,1775670892656,-11036,-47944,15778,216246,706160,-1890017,0,0,0,250,423,229,343,370,386,354,382,270,191,262,184,0,
1,1775670892672,-1813,-253,12959,1975538,-267558,412944,0,0,0,428,481,216,486,466,512,356,203,434,272,199,577,0,
2,1775670892672,-10940,-28710,21789,2009746,-1033583,-1781283,0,0,0,247,402,207,344,361,372,405,464,262,183,258,179,0,
1,1775670892688,-2191,-201,13826,2397035,-312763,401949,0,0,0,433,477,229,486,461,523,305,199,431,258,193,576,0,
2,1775670892688,1378,7561,20196,3571118,-3386636,-596204,0,0,0,259,374,201,339,339,370,446,471,266,178,255,178,0,
1,1775670892704,-3421,-181,14749,2982244,-210137,482583,0,0,0,434,463,214,485,462,515,247,201,442,236,179,561,0,
2,1775670892704,6872,14300,10614,4605923,-3720169,464257,0,0,0,263,377,185,342,338,373,476,482,272,190,294,175,0,
1,1775670892720,-4771,-110,15898,3717725,-52534,744033,0,0,0,458,461,222,436,447,516,194,183,422,207,159,563,0,
2,1775670892720,727,1407,12883,5573534,-2189341,888198,0,0,0,264,384,212,353,344,396,498,498,295,205,314,187,0,
1,1775670892736,-6245,-76,17678,4547280,90408,1139874,0,0,0,474,442,234,411,400,507,184,184,424,180,124,526,0,
2,1775670892736,-6355,-5216,22450,5463578,-493579,456927,0,0,0,265,402,227,368,352,403,507,507,297,215,350,189,0,
1,1775670892752,-8155,-402,20808,5434257,256563,1650557,0,0,0,447,403,274,391,368,505,172,143,421,168,108,458,0,
2,1775670892752,-2440,-703,22933,4036597,-111177,-415388,0,0,0,279,422,274,370,357,411,526,527,298,309,416,204,0,
1,1775670892768,-10480,-689,24431,6312681,459370,2219884,0,0,0,396,400,226,371,356,463,164,156,388,157,122,384,0,
2,1775670892768,3105,1813,16826,2427578,-107512,-452040,0,0,0,291,441,297,386,368,422,538,547,301,343,430,222,0,
1,1775670892784,-12333,14,27245,7186218,514348,2917492,0,0,0,337,376,215,335,306,410,174,180,347,144,136,314,0,
2,1775670892784,2957,660,11581,1291369,-113620,78190,0,0,0,321,458,320,396,374,429,549,559,310,305,376,250,0,
1,1775670892800,-11500,2148,28920,7866722,559552,3536909,0,0,0,273,341,208,297,260,356,214,202,307,146,161,238,0,
2,1775670892800,1263,-464,10083,538783,-158824,276111,0,0,0,346,467,332,406,377,434,556,563,315,293,355,272,0,
1,1775670892816,-9471,4848,28427,8348084,873537,3913202,0,0,0,238,290,212,256,199,291,272,232,277,153,198,155,0,
2,1775670892816,961,239,10614,265115,-239459,108734,0,0,0,360,472,335,413,382,441,557,561,317,302,361,282,0,
1,1775670892832,-10921,7619,22005,8487361,1431868,4067140,0,0,0,246,273,220,250,173,268,302,257,271,159,226,119,0,
2,1775670892832,1153,1062,10533,119729,-263893,0,0,0,0,371,475,338,415,386,446,558,558,320,297,357,289,0,
1,1775670892848,-13165,10528,13754,7907039,1411098,4199087,0,0,0,259,288,224,263,183,282,303,267,279,162,234,124,0,
2,1775670892848,1167,1363,10212,40317,-186924,-3665,0,0,0,379,477,342,417,386,447,560,560,322,289,352,294,0,
1,1775670892864,-11136,15247,9064,5568647,377514,3573561,0,0,0,257,296,227,262,188,286,301,266,280,163,233,128,0,
2,1775670892864,1167,1387,10222,48869,-106290,2443,0,0,0,383,479,345,417,387,451,562,562,320,296,356,297,0,
1,1775670892880,-4221,19841,9748,576656,-14660,565661,0,0,0,257,299,228,262,190,283,304,263,272,167,232,127,0,
2,1775670892880,1201,1474,10289,128281,-90408,-9773,0,0,0,387,481,345,420,390,454,559,561,324,297,349,302,0,
1,1775670892896,-2976,16850,9619,-3703065,1081231,-2739119,0,0,0,257,297,227,263,189,287,304,263,273,170,232,130,0,
2,1775670892896,1124,1526,10327,251676,-89186,-35430,0,0,0,394,484,346,421,394,456,551,549,330,275,310,313,0,
1,1775670892912,-9327,8542,6197,-4779409,1456302,-3412293,0,0,0,243,303,227,257,193,288,304,270,275,164,237,130,0,
2,1775670892912,1000,1488,10198,342084,-32986,-39095,0,0,0,397,484,343,423,397,456,558,545,328,246,271,327,0,
1,1775670892928,-11184,4527,3838,-4466646,240680,-2291966,0,0,0,239,301,229,258,196,288,308,275,279,167,237,130,0,
2,1775670892928,1005,1416,10035,403171,30543,-29321,0,0,0,408,492,343,428,402,460,555,531,328,253,260,346,0,
1,1775670892944,-6719,4393,4264,-4140444,-1309695,-718377,0,0,0,237,300,228,259,195,287,307,271,276,167,239,128,0,
2,1775670892944,1134,1277,9930,437379,59864,-24434,0,0,0,414,491,337,426,398,460,551,516,332,257,260,351,0,
1,1775670892960,-2632,5498,6838,-4757418,-1103222,-404392,0,0,0,235,300,228,258,194,288,308,275,280,166,237,132,0,
2,1775670892960,1225,1129,9849,447153,50090,-30543,0,0,0,414,489,338,429,402,464,553,506,341,257,255,364,0,
1,1775670892976,-1995,5513,8925,-5588195,-581543,-577878,0,0,0,233,301,228,260,197,289,309,276,277,166,240,131,0,
2,1775670892976,1253,1043,9806,434936,20769,-41538,0,0,0,418,490,334,433,405,465,547,483,369,247,225,375,0,
1,1775670892992,-3034,4292,10054,-6074443,-684169,-813672,0,0,0,232,301,226,256,197,287,312,281,279,163,241,129,0,
2,1775670892992,1296,1000,9825,419053,-17104,-53756,0,0,0,423,493,331,438,405,472,543,465,371,242,208,390,0,
1,1775670893008,-3067,3120,11241,-6227160,-1170417,-1006705,0,0,0,232,304,228,257,195,289,314,282,280,162,241,129,0,
2,1775670893008,1325,957,9863,410501,-58643,-68416,0,0,0,431,500,337,445,411,483,539,454,356,237,198,399,0,
1,1775670893024,-2273,2847,12754,-6232047,-1518610,-1265712,0,0,0,231,303,226,259,195,289,315,281,280,164,241,129,0,
2,1775670893024,1268,890,9873,405614,-96516,-84299,0,0,0,437,504,337,447,413,489,533,442,348,234,189,412,0,
1,1775670893040,-2636,2857,14998,-6431189,-1572367,-1642005,0,0,0,232,302,227,261,197,290,316,279,279,165,241,129,0,
2,1775670893040,1158,827,9873,398284,-114842,-91629,0,0,0,444,508,339,446,416,491,532,427,353,239,186,429,0,
1,1775670893056,-3852,2392,17243,-6702413,-1659109,-1822821,0,0,0,232,302,229,260,197,289,317,279,279,165,241,128,0,
2,1775670893056,1139,804,9940,404392,-106290,-89186,0,0,0,452,515,344,449,424,496,534,408,357,248,183,447,0,
1,1775670893072,-4747,1191,19918,-6896668,-1863138,-1728748,0,0,0,231,301,230,257,195,287,319,280,279,164,242,127,0,
2,1775670893072,1234,765,10098,442266,-87964,-96516,0,0,0,463,519,350,455,431,498,531,384,358,251,175,462,0,
1,1775670893088,-5293,-23,22703,-6908885,-1951103,-1635897,0,0,0,231,300,230,258,196,288,321,281,279,163,240,126,0,
2,1775670893088,1330,698,10203,496022,-64751,-120951,0,0,0,477,525,361,454,437,498,528,361,362,250,172,478,0,
1,1775670893104,-6264,-1172,25733,-6756169,-1890017,-1772730,0,0,0,234,298,230,264,194,290,324,279,280,163,236,124,0,
2,1775670893104,1359,622,10203,555887,-29321,-163711,0,0,0,480,527,357,461,442,507,524,346,365,254,171,499,0,
1,1775670893120,-7930,-3517,29337,-6539923,-1944994,-2254092,0,0,0,237,297,233,269,192,290,324,273,280,167,230,124,0,
2,1775670893120,1383,569,10294,626747,17104,-205250,0,0,0,489,533,363,469,448,509,507,310,368,264,173,516,0,
1,1775670893136,-9672,-8791,32830,-6445850,-2449569,-2840523,0,0,0,235,295,229,270,191,292,326,264,282,172,226,125,0,
2,1775670893136,1488,521,10547,742812,35430,-245567,0,0,0,495,536,363,471,455,510,488,268,372,322,213,531,0,
1,1775670893152,-9284,-19540,32691,-6516710,-3075095,-2922379,0,0,0,234,303,223,272,198,291,324,261,275,177,226,117,0,
2,1775670893152,1555,440,11026,952949,18325,-293215,0,0,0,498,538,347,477,470,520,467,229,375,346,229,552,0,
1,1775670893168,-6255,-33945,27508,-6087882,-3238807,-2364048,0,0,0,242,304,227,275,198,293,333,267,280,183,230,120,0,
2,1775670893168,1507,358,11615,1193630,12217,-323758,0,0,0,526,554,337,490,475,524,452,216,377,346,222,570,0,
1,1775670893184,650,-46106,19631,-4513072,-3114190,-1154535,0,0,0,234,306,223,285,205,298,333,269,280,186,230,120,0,
2,1775670893184,1435,335,12510,1528384,58643,-343306,0,0,0,514,552,307,503,487,528,421,212,390,338,222,582,0,
1,1775670893200,10576,-49968,15127,-2057394,-2265088,239459,0,0,0,232,306,223,283,201,294,332,269,279,187,232,118,0,
2,1775670893200,1306,306,13366,2003637,133168,-364075,0,0,0,507,548,276,511,489,534,408,223,396,288,186,590,0,
1,1775670893216,14812,-48552,14807,20769,-469144,1062905,0,0,0,239,286,217,284,190,281,363,311,276,216,288,108,0,
2,1775670893216,1258,244,14089,2538755,172263,-372627,0,0,0,513,547,255,515,505,541,356,213,395,285,183,599,0,
1,1775670893232,9313,-36798,18458,1574810,1528384,1059240,0,0,0,242,262,181,274,171,247,421,381,255,259,352,91,0,
2,1775670893232,1842,224,15027,3143512,125838,-390953,0,0,0,517,548,244,498,515,538,308,204,400,286,185,605,0,
1,1775670893248,-4101,3742,18099,3252246,3776368,52534,0,0,0,242,250,158,267,158,234,455,436,249,302,396,83,0,
2,1775670893248,3101,378,16611,3943745,-17104,-533896,0,0,0,525,548,244,491,510,535,277,189,394,276,178,594,0,
1,1775670893264,-5652,15003,11902,4299269,4339586,-873537,0,0,0,241,247,148,271,154,240,469,465,259,337,419,82,0,
2,1775670893264,4379,603,18588,4813618,-162490,-789237,0,0,0,523,536,243,489,499,537,262,166,398,262,167,564,0,
1,1775670893280,1598,4857,13184,5637064,3221703,-1089783,0,0,0,241,248,144,281,157,252,483,483,268,375,434,85,0,
2,1775670893280,5977,871,21660,5942497,-334754,-1207069,0,0,0,499,518,237,481,489,531,260,154,408,244,154,508,0,
1,1775670893296,7231,-4747,22450,5913175,1202182,-171042,0,0,0,243,252,162,297,165,276,497,497,277,415,450,93,0,
2,1775670893296,7169,1038,25642,7046941,-461814,-1626123,0,0,0,453,497,228,469,470,511,265,160,394,221,141,431,0,
1,1775670893312,191,-2383,24292,4168544,465479,770911,0,0,0,249,272,203,316,184,311,510,510,299,423,461,115,0,
2,1775670893312,8370,1220,29963,8059755,-277332,-2006081,0,0,0,380,470,214,435,441,479,275,173,358,196,130,362,0,
1,1775670893328,-5585,-536,18162,2024407,516791,425162,0,0,0,255,297,244,336,213,354,520,516,326,427,474,175,0,
2,1775670893328,9456,2948,32318,8990714,671951,-2550973,0,0,0,318,446,217,376,404,423,291,205,305,157,114,300,0,
1,1775670893344,-3326,-330,11739,874759,397062,-237015,0,0,0,288,295,253,361,210,357,538,512,347,435,490,211,0,
2,1775670893344,8035,4809,32658,9358455,1359786,-3076317,0,0,0,271,424,228,340,369,384,307,251,272,114,100,209,0,
1,1775670893360,-1028,-4,9514,428827,119729,-312763,0,0,0,303,309,243,357,210,364,541,507,338,438,515,255,0,
2,1775670893360,8892,8504,23321,9162978,1122770,-3630982,0,0,0,275,423,238,334,362,379,313,263,271,111,101,200,0,
1,1775670893376,-1493,583,10165,357967,-19547,-64751,0,0,0,309,313,252,361,221,379,542,504,338,435,507,275,0,
2,1775670893376,10873,10629,14142,8565552,342084,-4315152,0,0,0,281,428,240,334,364,383,314,292,273,118,118,202,0,
1,1775670893392,-2455,851,10275,334754,94073,19547,0,0,0,315,318,258,364,220,387,549,491,356,426,495,303,0,
2,1775670893392,7695,13610,11931,7048163,-416610,-4594928,0,0,0,281,428,234,338,369,383,314,294,268,117,115,199,0,
1,1775670893408,-2268,861,10069,334754,171042,13439,0,0,0,317,322,280,372,223,401,552,474,360,429,482,318,0,
2,1775670893408,244,22206,9102,2122145,-1225395,-2200336,0,0,0,278,431,233,336,369,381,313,292,261,116,113,195,0,
1,1775670893424,-1794,847,10035,357967,112399,10995,0,0,0,318,331,287,377,234,405,551,465,361,421,461,335,0,
2,1775670893424,445,21564,7384,-3384193,-2216219,1106887,0,0,0,277,431,232,336,369,379,314,292,258,114,115,194,0,
1,1775670893440,-1837,899,10203,397062,-1221,41538,0,0,0,322,342,283,380,238,408,548,444,363,411,435,348,0,
2,1775670893440,7135,10969,7121,-6570466,-2477669,2714685,0,0,0,277,435,235,337,369,379,315,292,258,114,113,195,0,
1,1775670893456,-1971,918,10284,439822,-68416,67195,0,0,0,324,353,276,386,244,412,549,417,368,395,404,357,0,
2,1775670893456,10418,3991,6781,-7097032,-1672549,2140471,0,0,0,273,436,236,338,370,380,316,295,259,118,116,197,0,
1,1775670893472,-1919,823,10112,470366,-118507,73303,0,0,0,323,356,265,390,248,415,547,397,373,378,370,364,0,
2,1775670893472,8671,2842,6231,-6583905,-519235,757472,0,0,0,267,436,236,338,371,381,318,297,261,120,117,196,0,
1,1775670893488,-1928,655,9830,481361,-174707,74525,0,0,0,324,354,253,390,254,414,539,382,369,364,345,369,0,
2,1775670893488,5762,3407,6484,-6362772,53756,-125838,0,0,0,264,438,238,338,371,381,318,299,263,117,116,194,0,
1,1775670893504,-2077,536,9662,469144,-179594,79412,0,0,0,325,358,247,396,270,411,535,364,361,359,330,373,0,
2,1775670893504,4685,2818,7829,-6538701,141720,-453262,0,0,0,265,438,238,339,371,381,318,300,262,114,116,192,0,
1,1775670893520,-2201,459,9585,442266,-123394,94073,0,0,0,328,355,250,402,263,415,540,345,368,369,318,383,0,
2,1775670893520,4383,2636,9136,-6633996,478918,-445931,0,0,0,264,437,236,339,371,381,321,303,262,116,117,191,0,
1,1775670893536,-2206,392,9538,419053,-54977,111177,0,0,0,331,356,245,401,270,420,534,329,377,367,308,392,0,
2,1775670893536,3790,3091,10571,-6652322,979827,-185703,0,0,0,264,437,238,339,372,380,321,303,262,118,118,193,0,
1,1775670893552,-2153,339,9533,397062,-8552,127059,0,0,0,326,380,245,406,278,428,531,320,385,366,301,394,0,
2,1775670893552,3364,3713,12237,-6726848,1447750,387288,0,0,0,263,437,238,341,374,382,322,303,261,119,119,193,0,
1,1775670893568,-2067,306,9590,372627,10995,150272,0,0,0,321,390,246,404,298,420,518,306,374,340,291,410,0,
2,1775670893568,3761,3244,14166,-6927211,1826487,1049466,0,0,0,261,439,240,341,374,382,324,304,262,117,118,192,0,
1,1775670893584,-1928,277,9715,355523,-2443,167377,0,0,0,322,399,250,410,297,429,515,289,385,338,277,413,0,
2,1775670893584,4154,2225,16142,-6989520,2190562,1467298,0,0,0,259,437,239,340,373,381,324,305,262,116,118,191,0,
1,1775670893600,-1895,248,9853,365297,-36651,169820,0,0,0,329,396,247,415,292,440,526,273,387,331,256,432,0,
2,1775670893600,3986,1402,18750,-6855129,2488664,1640784,0,0,0,259,437,239,337,371,381,316,301,263,113,118,190,0,
1,1775670893616,-1981,191,9944,410501,-76969,183259,0,0,0,332,393,239,427,305,443,524,264,392,318,244,441,0,
2,1775670893616,3924,1517,22292,-6758613,2502104,1685988,0,0,0,260,436,239,337,369,380,322,297,263,135,150,191,0,
1,1775670893632,-2153,119,9911,469144,-122173,216246,0,0,0,333,394,233,423,305,447,514,261,400,304,226,458,0,
2,1775670893632,4675,1684,26814,-6836803,2438574,1764178,0,0,0,260,435,240,340,371,382,327,300,266,131,141,192,0,
1,1775670893648,-2311,81,9911,527787,-166155,278554,0,0,0,355,396,228,418,313,452,500,247,404,295,213,475,0,
2,1775670893648,5321,-402,31505,-7010289,2503325,1998751,0,0,0,260,437,239,341,371,381,329,298,267,124,126,193,0,
1,1775670893664,-2392,33,10088,594982,-166155,342084,0,0,0,364,400,227,432,335,466,500,241,408,294,211,500,0,
2,1775670893664,4938,-6661,34888,-7070154,2709798,2370157,0,0,0,263,434,238,344,371,384,335,294,272,121,116,193,0,
1,1775670893680,-2368,-67,10504,702495,-129503,400727,0,0,0,372,403,229,450,338,487,499,234,416,296,201,521,0,
2,1775670893680,3713,-17994,35611,-6820921,2764776,2626720,0,0,0,267,433,239,349,372,388,340,293,278,131,130,192,0,
1,1775670893696,-2292,-143,10911,869872,-161268,454483,0,0,0,381,403,228,460,334,500,485,216,424,293,187,532,0,
2,1775670893696,2861,-33342,30064,-5808106,2146580,2271196,0,0,0,269,434,239,351,372,390,342,294,282,140,144,193,0,
1,1775670893712,-2139,-196,11414,1076344,-222354,489913,0,0,0,378,405,219,476,351,505,471,205,434,284,181,549,0,
2,1775670893712,191,-46810,20004,-3793473,1688431,1117883,0,0,0,268,434,239,352,372,392,342,293,281,143,143,195,0,
1,1775670893728,-1890,-234,12050,1341460,-276111,486248,0,0,0,399,410,214,488,354,522,444,203,448,272,168,566,0,
2,1775670893728,-7217,-50949,14859,-1501506,1698205,-388510,0,0,0,262,431,236,350,375,392,349,332,279,151,176,191,0,
1,1775670893744,-1641,-315,12519,1690874,-348193,442266,0,0,0,388,422,212,480,363,536,403,201,433,257,170,584,0,
2,1775670893744,-13883,-46111,18190,348193,581543,-1196074,0,0,0,248,416,218,345,371,382,379,415,273,165,226,184,0,
1,1775670893760,-1861,-507,12773,2103819,-497244,392175,0,0,0,394,431,199,480,387,536,376,190,433,262,163,577,0,
2,1775670893760,-11466,-24953,23914,2103819,-1806939,-989601,0,0,0,247,386,193,337,360,361,431,464,262,172,238,181,0,
1,1775670893776,-2775,-598,13496,2548529,-652404,426383,0,0,0,387,425,188,505,388,532,342,177,449,247,149,580,0,
2,1775670893776,2038,10744,16755,3505144,-4348138,12217,0,0,0,255,363,183,312,354,349,468,474,267,178,268,178,0,
1,1775670893792,-3948,-392,15104,3225368,-685390,635299,0,0,0,403,408,203,471,364,525,309,159,458,239,139,578,0,
2,1775670893792,5001,13917,9954,4494746,-4467868,575435,0,0,0,260,365,191,344,332,381,495,496,286,193,302,179,0,
1,1775670893808,-5106,-172,16927,4039040,-612086,938289,0,0,0,390,388,207,461,358,535,260,143,447,198,113,560,0,
2,1775670893808,-1775,-71,14501,5517334,-2513099,684169,0,0,0,266,374,207,357,338,397,508,509,304,209,323,190,0,
1,1775670893824,-7087,-95,19487,5071403,-593761,1389107,0,0,0,386,376,224,428,358,545,277,153,450,184,114,498,0,
2,1775670893824,-5254,-2895,23340,5055520,-778242,25656,0,0,0,267,382,228,369,349,404,516,516,313,230,330,199,0,
1,1775670893840,-9140,148,23397,6120869,-711047,1936442,0,0,0,373,372,206,392,327,489,225,143,426,164,108,407,0,
2,1775670893840,-1368,14,22876,3715282,-193033,-486248,0,0,0,285,413,279,377,359,415,532,532,307,222,318,218,0,
1,1775670893856,-10490,162,27293,7017619,-695164,2436130,0,0,0,328,359,187,355,302,424,190,144,381,145,102,319,0,
2,1775670893856,2354,1225,15850,2138028,-158824,-205250,0,0,0,302,438,291,401,375,428,543,543,314,230,312,240,0,
1,1775670893872,-10882,215,30007,7761653,-536339,2951700,0,0,0,273,328,187,317,265,368,209,167,327,136,116,244,0,
2,1775670893872,2239,411,10667,955393,-150272,201585,0,0,0,326,453,310,408,379,433,546,547,320,239,311,265,0,
1,1775670893888,-10605,1842,30868,8212472,-273667,3447723,0,0,0,246,285,198,283,208,309,260,201,284,142,151,170,0,
2,1775670893888,717,9,10064,472809,-133168,229685,0,0,0,343,462,318,415,386,440,550,551,323,245,309,285,0,
1,1775670893904,-12189,6905,24819,8312654,329867,3797138,0,0,0,248,259,207,264,169,268,306,232,270,157,193,119,0,
2,1775670893904,890,713,10418,284663,-178372,76969,0,0,0,359,469,324,420,391,445,556,556,324,247,304,294,0,
1,1775670893920,-14065,12768,14759,8002334,821002,4219857,0,0,0,253,270,207,271,174,273,311,243,276,167,217,123,0,
2,1775670893920,1162,1253,10327,147829,-239459,0,0,0,0,369,473,330,421,394,448,560,561,326,249,302,300,0,
1,1775670893936,-12936,15697,8954,6432410,632856,4459316,0,0,0,244,277,211,270,178,281,309,245,281,167,218,129,0,
2,1775670893936,1105,1440,10169,94073,-221133,2443,0,0,0,376,472,328,427,397,454,555,555,334,315,327,297,0,
1,1775670893952,-5924,18918,9006,1827708,259006,2790432,0,0,0,247,282,211,269,179,281,305,249,277,164,217,128,0,
2,1775670893952,1024,1536,10203,157603,-168598,-1221,0,0,0,386,475,331,429,399,453,554,554,335,321,321,299,0,
1,1775670893968,-1756,17731,9480,-2467895,990823,254119,0,0,0,254,282,210,271,184,282,312,255,278,164,217,126,0,
2,1775670893968,914,1574,10279,267558,-125838,-21991,0,0,0,393,481,336,423,396,445,562,559,324,250,278,317,0,
1,1775670893984,-3833,11442,7628,-4609589,2204001,-1578475,0,0,0,253,280,214,273,182,286,318,255,277,166,221,129,0,
2,1775670893984,799,1560,10232,340862,-36651,-32986,0,0,0,394,479,331,420,395,445,560,548,317,263,279,327,0,
1,1775670894000,-8466,5709,4527,-4960225,2291966,-1908343,0,0,0,248,285,213,271,187,285,319,263,277,166,227,125,0,
2,1775670894000,832,1507,10112,394618,72082,-36651,0,0,0,397,481,330,430,400,455,562,536,324,302,309,330,0,
1,1775670894016,-9978,4034,3086,-4569271,878424,-1064127,0,0,0,243,290,215,268,189,285,312,260,274,166,231,126,0,
2,1775670894016,976,1387,9978,439822,146607,-39095,0,0,0,397,487,329,431,400,457,560,520,331,288,294,344,0,
1,1775670894032,-6810,4335,4422,-4604702,-350636,-386066,0,0,0,241,290,218,268,189,288,314,259,276,207,224,143,0,
2,1775670894032,1076,1234,9868,458148,150272,-45204,0,0,0,412,489,344,439,402,466,554,501,331,269,261,342,0,
1,1775670894048,-4082,4575,6417,-4951673,-518013,-307876,0,0,0,241,290,218,268,188,291,313,258,276,193,227,134,0,
2,1775670894048,1177,1139,9806,449596,122173,-54977,0,0,0,414,487,334,455,411,477,556,496,336,251,228,365,0,
1,1775670894064,-3694,4292,8265,-5512447,-188146,-706160,0,0,0,240,292,221,268,191,291,312,257,276,169,233,125,0,
2,1775670894064,1277,1081,9810,422718,65973,-65973,0,0,0,421,490,335,450,407,476,552,483,336,247,218,376,0,
1,1775670894080,-5130,3321,9619,-6002361,-323758,-1242499,0,0,0,240,294,227,267,190,291,314,257,279,170,233,126,0,
2,1775670894080,1277,1005,9834,383623,-12217,-78190,0,0,0,422,491,330,453,407,476,548,470,336,285,237,376,0,
1,1775670894096,-5939,2359,10935,-6233268,-834441,-1671327,0,0,0,240,294,225,267,187,291,318,260,280,168,232,123,0,
2,1775670894096,1225,961,9844,351858,-68416,-84299,0,0,0,429,498,332,454,411,479,553,461,345,263,215,391,0,
1,1775670894112,-5776,1952,12797,-6311459,-1270599,-2036624,0,0,0,239,294,218,269,188,289,321,261,278,168,232,122,0,
2,1775670894112,1191,942,9849,335975,-102625,-81855,0,0,0,434,500,335,456,414,486,552,449,351,247,192,407,0,
1,1775670894128,-6039,1713,15056,-6484945,-1478293,-2365270,0,0,0,242,295,220,270,187,289,319,258,277,172,234,124,0,
2,1775670894128,1153,918,9897,338419,-124616,-81855,0,0,0,440,503,336,461,419,491,547,435,355,248,187,421,0,
1,1775670894144,-6929,1139,17587,-6732956,-1631010,-2448347,0,0,0,241,293,221,270,186,288,324,260,277,170,231,121,0,
2,1775670894144,1081,866,10016,371406,-103847,-91629,0,0,0,448,507,336,462,427,496,543,416,358,249,185,439,0,
1,1775670894160,-7695,57,21024,-6925990,-1886351,-2310292,0,0,0,240,292,225,269,186,292,323,257,281,170,229,122,0,
2,1775670894160,1095,799,10107,415388,-57421,-108734,0,0,0,454,512,337,464,450,496,539,393,361,248,176,459,0,
1,1775670894176,-7877,-1062,24450,-6911329,-2086715,-2103819,0,0,0,240,292,223,268,186,287,324,256,276,170,228,120,0,
2,1775670894176,1225,727,10117,461814,-17104,-129503,0,0,0,461,519,340,472,471,497,535,368,365,250,169,480,0,
1,1775670894192,-7748,-2751,28384,-6753726,-2210110,-2114815,0,0,0,238,292,220,273,191,289,322,258,276,169,223,116,0,
2,1775670894192,1344,646,10098,507018,1221,-166155,0,0,0,474,523,344,468,449,513,526,340,367,259,172,499,0,
1,1775670894208,-7140,-6360,32170,-6588792,-2437352,-2364048,0,0,0,239,292,219,276,192,292,327,262,281,171,218,118,0,
2,1775670894208,1435,569,10165,561996,26878,-217468,0,0,0,490,534,354,475,454,516,517,311,372,267,174,516,0,
1,1775670894224,-6010,-13184,34366,-6505714,-2755002,-2642603,0,0,0,241,294,219,279,192,291,330,254,282,175,218,119,0,
2,1775670894224,1536,550,10457,640186,46425,-267558,0,0,0,501,538,357,475,458,520,505,282,380,269,172,532,0,
1,1775670894240,-4929,-25513,31012,-6359107,-2608394,-2389704,0,0,0,243,297,221,282,194,294,333,253,284,178,219,119,0,
2,1775670894240,1655,579,11069,808785,10995,-312763,0,0,0,501,537,333,488,464,522,487,243,381,292,182,556,0,
1,1775670894256,-3297,-39631,22512,-5639507,-2328618,-1167974,0,0,0,241,299,220,282,199,295,331,264,285,179,233,119,0,
2,1775670894256,1660,540,11787,1082453,-39095,-353080,0,0,0,511,544,324,493,473,533,461,223,379,345,226,571,0,
1,1775670894272,5900,-48379,16080,-3832568,-2282192,838107,0,0,0,238,299,220,279,202,295,328,268,286,181,245,121,0,
2,1775670894272,1430,449,12471,1452637,-26878,-379958,0,0,0,514,553,308,513,505,539,442,224,402,277,180,579,0,
1,1775670894288,17908,-50169,14347,-1343903,-1197295,2193006,0,0,0,237,290,216,277,195,289,341,285,282,195,269,117,0,
2,1775670894288,1153,445,13462,1957212,139277,-403171,0,0,0,524,558,296,510,511,554,406,220,406,264,178,579,0,
1,1775670894304,14079,-40602,17104,734260,1153313,1755626,0,0,0,237,267,206,278,179,264,388,334,268,241,321,100,0,
2,1775670894304,1407,507,14611,2509434,229685,-417831,0,0,0,516,551,261,514,512,561,362,211,395,270,177,592,0,
1,1775670894320,-512,-13160,19224,2654820,3530801,955393,0,0,0,240,244,183,278,162,233,445,406,254,301,380,81,0,
2,1775670894320,2278,555,15917,3271794,156381,-503352,0,0,0,518,542,247,496,513,553,315,199,393,289,186,597,0,
1,1775670894336,-10591,16702,14218,3793473,4838052,219911,0,0,0,245,237,149,272,155,237,463,462,256,330,415,79,0,
2,1775670894336,3010,689,17295,4150218,18325,-663399,0,0,0,516,536,236,487,515,550,280,175,392,273,180,593,0,
1,1775670894352,-3302,9413,12538,4938234,3969402,-350636,0,0,0,246,238,151,283,156,259,477,477,267,372,426,86,0,
2,1775670894352,4096,1024,19133,5104389,-113620,-896750,0,0,0,512,530,234,482,509,543,262,155,390,253,165,566,0,
1,1775670894368,4479,-2842,20588,5507560,1974316,-333532,0,0,0,249,244,161,296,158,262,493,493,276,414,436,88,0,
2,1775670894368,6049,1124,22694,6318790,-283441,-1277930,0,0,0,489,516,238,473,490,527,257,152,386,238,155,501,0,
1,1775670894384,2172,-3685,24498,4094018,583987,322536,0,0,0,264,260,193,317,172,288,505,504,292,440,446,92,0,
2,1775670894384,7714,894,27441,7472103,-243124,-1689653,0,0,0,439,494,239,457,466,507,260,161,374,215,145,419,0,
1,1775670894400,-3239,-693,19267,2091602,59864,416610,0,0,0,260,272,242,318,184,337,510,508,313,435,455,139,0,
2,1775670894400,9609,1646,31442,8521570,443488,-2172236,0,0,0,375,470,232,417,436,472,271,183,344,185,129,350,0,
1,1775670894416,-4288,1067,11308,878424,26878,-74525,0,0,0,286,286,247,343,197,344,521,507,328,435,470,176,0,
2,1775670894416,9002,3910,33558,9288816,1359786,-2762332,0,0,0,304,444,215,366,396,411,285,220,292,147,116,289,0,
1,1775670894432,-2392,492,8786,566882,37873,-266337,0,0,0,304,294,252,352,200,344,534,500,349,442,472,195,0,
2,1775670894432,6862,6896,32021,9475741,1788613,-3336545,0,0,0,260,423,228,343,367,373,304,262,267,113,101,204,0,
1,1775670894448,-1837,138,9801,389732,85521,-151494,0,0,0,311,307,249,361,208,350,541,499,355,444,473,213,0,
2,1775670894448,7954,9887,21555,9077457,1126435,-3815464,0,0,0,270,425,236,332,365,373,311,272,264,114,106,203,0,
1,1775670894464,-2335,732,10361,250454,155159,-36651,0,0,0,316,310,252,363,209,354,555,489,361,439,469,237,0,
2,1775670894464,10380,10390,12333,8580213,31764,-4427551,0,0,0,280,429,238,331,365,377,311,293,268,119,118,201,0,
1,1775670894480,-2392,1273,10160,221133,197920,12217,0,0,0,326,315,264,365,215,367,559,475,368,437,469,263,0,
2,1775670894480,7106,13783,10375,6940650,-470366,-4313930,0,0,0,280,435,241,338,371,381,312,294,264,119,118,201,0,
1,1775670894496,-2019,1220,9968,305432,140499,23212,0,0,0,331,322,271,371,221,378,556,462,368,439,461,283,0,
2,1775670894496,392,21009,8236,3133738,-739146,-2268753,0,0,0,275,434,235,329,369,375,312,294,260,119,118,200,0,
1,1775670894512,-1981,1038,10078,349414,19547,35430,0,0,0,329,325,269,374,222,382,552,448,368,433,442,297,0,
2,1775670894512,-1407,21995,6963,-2571742,-1778839,1486845,0,0,0,279,434,235,333,369,375,314,290,256,116,116,195,0,
1,1775670894528,-2096,1072,10193,371406,-73303,53756,0,0,0,326,327,263,374,229,387,548,430,370,416,422,310,0,
2,1775670894528,5202,12993,6953,-6343224,-2849075,3761708,0,0,0,278,435,235,333,368,374,317,295,261,118,116,196,0,
1,1775670894544,-2072,1124,9581,406836,-135612,73303,0,0,0,327,335,260,377,240,393,548,409,371,404,401,327,0,
2,1775670894544,10868,4575,6987,-7169114,-2345722,2948035,0,0,0,275,436,235,335,369,376,318,295,261,121,118,197,0,
1,1775670894560,-1990,1043,7303,383623,-123394,87964,0,0,0,328,340,264,376,236,397,543,395,381,391,376,346,0,
2,1775670894560,9887,2459,6791,-6999293,-1072679,1231504,0,0,0,271,436,235,338,371,377,319,298,262,117,118,196,0,
1,1775670894576,-2086,909,7446,384845,-116064,96516,0,0,0,333,344,266,375,240,403,540,379,380,376,358,352,0,
2,1775670894576,6006,2694,7083,-6770830,-271224,61086,0,0,0,267,436,234,339,374,379,321,301,262,118,118,196,0,
1,1775670894592,-2287,813,9160,425162,-124616,103847,0,0,0,328,342,268,373,237,422,532,364,394,369,338,363,0,
2,1775670894592,4192,2057,7887,-6632774,-57421,-449596,0,0,0,266,436,234,338,374,378,321,301,261,121,120,197,0,
1,1775670894608,-2402,780,10098,447153,-80634,114842,0,0,0,332,346,269,374,237,414,529,355,399,364,327,367,0,
2,1775670894608,3713,2091,9145,-6596122,179594,-604756,0,0,0,268,437,237,334,378,375,321,302,261,121,123,197,0,
1,1775670894624,-2316,693,9672,428827,8552,124616,0,0,0,331,357,263,381,248,409,522,344,385,364,317,371,0,
2,1775670894624,3263,3043,10509,-6659652,610865,-482583,0,0,0,267,439,239,333,384,376,323,305,263,122,127,197,0,
1,1775670894640,-2148,617,9418,408057,63529,129503,0,0,0,341,338,258,385,244,404,524,334,377,359,299,384,0,
2,1775670894640,2603,4134,12352,-6813590,1070235,-6108,0,0,0,264,439,239,339,379,379,323,305,263,124,131,195,0,
1,1775670894656,-1986,569,9605,395840,53756,128281,0,0,0,334,339,257,391,251,433,514,316,379,346,283,393,0,
2,1775670894656,2948,4072,14261,-7034724,1290147,687834,0,0,0,263,439,239,337,376,378,322,306,263,123,131,195,0,
1,1775670894672,-1943,492,9796,395840,-3665,123394,0,0,0,338,348,265,391,255,438,511,300,389,342,277,418,0,
2,1775670894672,4173,3311,15936,-7202101,1577254,1202182,0,0,0,262,439,240,334,374,376,319,314,264,122,135,194,0,
1,1775670894688,-2019,435,9844,404392,-52534,128281,0,0,0,345,352,262,393,268,431,511,283,393,337,265,431,0,
2,1775670894688,4608,2426,18650,-7195992,2041511,1418429,0,0,0,262,440,241,331,379,375,295,326,272,117,136,191,0,
1,1775670894704,-2244,445,9877,442266,-74525,156381,0,0,0,349,359,255,412,279,436,508,276,393,329,254,438,0,
2,1775670894704,4115,2139,22761,-7105584,2288301,1550375,0,0,0,264,440,242,333,379,375,315,329,263,120,135,194,0,
1,1775670894720,-2526,435,9911,508239,-73303,212581,0,0,0,353,375,250,426,293,448,502,271,394,322,247,455,0,
2,1775670894720,4402,2278,27322,-7126353,2171015,1726305,0,0,0,260,438,239,339,376,380,329,306,271,121,125,195,0,
1,1775670894736,-2713,320,9920,583987,-61086,304210,0,0,0,360,392,248,426,318,455,499,257,396,319,240,478,0,
2,1775670894736,6360,406,32490,-7334048,2058615,2013411,0,0,0,264,440,241,344,376,383,333,299,272,116,115,193,0,
1,1775670894752,-2641,177,10064,651182,-37873,400727,0,0,0,365,403,257,440,327,464,497,238,398,315,229,489,0,
2,1775670894752,7805,-5675,34984,-7442782,2304183,2246762,0,0,0,265,439,242,345,372,384,334,296,277,117,114,196,0,
1,1775670894768,-2579,105,10428,735481,-3665,474031,0,0,0,377,420,271,448,337,485,481,231,411,292,209,501,0,
2,1775670894768,6034,-17712,35180,-7067710,2950479,2350609,0,0,0,271,440,243,353,374,387,338,294,279,120,114,196,0,
1,1775670894784,-2498,86,10954,891863,36651,531452,0,0,0,395,442,261,442,376,498,469,225,426,284,206,529,0,
2,1775670894784,-167,-32787,31505,-5742133,2878397,2293188,0,0,0,270,442,240,355,377,390,341,295,283,122,115,196,0,
1,1775670894800,-2153,-28,11524,1143539,73303,558330,0,0,0,389,453,235,468,388,506,455,216,440,280,198,548,0,
2,1775670894800,-5513,-45106,23895,-3861890,2101376,2014633,0,0,0,268,442,240,356,379,395,342,300,285,183,146,197,0,
1,1775670894816,-1832,-138,12026,1414763,78190,538783,0,0,0,405,431,233,472,364,522,416,213,420,273,180,561,0,
2,1775670894816,-8437,-52026,16477,-1723861,1204626,1153313,0,0,0,258,439,237,351,381,395,345,334,286,175,160,197,0,
1,1775670894832,-1459,-220,12519,1799608,28099,463035,0,0,0,453,424,214,480,370,539,391,201,428,275,170,567,0,
2,1775670894832,-10155,-49198,15740,447153,265115,-383623,0,0,0,248,429,224,346,380,388,368,405,277,145,182,192,0,
1,1775670894848,-1560,-263,13055,2162462,-116064,398284,0,0,0,433,446,194,466,401,554,355,199,437,264,170,574,0,
2,1775670894848,-8322,-27437,21368,2359161,-1164309,-1182635,0,0,0,244,401,204,341,365,376,409,465,265,180,245,183,0,
1,1775670894864,-2526,-248,14108,2630385,-238237,428827,0,0,0,428,456,193,466,398,536,314,190,436,258,167,586,0,
2,1775670894864,1239,7896,17477,3563787,-2968805,-816115,0,0,0,245,371,189,332,341,370,446,478,266,211,302,176,0,
1,1775670894880,-3814,-177,15525,3260798,-248011,588874,0,0,0,419,447,200,459,421,529,244,188,433,238,167,574,0,
2,1775670894880,5872,15754,10332,4444655,-3544240,-257785,0,0,0,255,371,185,338,339,382,470,485,272,244,354,175,0,
1,1775670894896,-5216,33,17291,4053701,-172263,902858,0,0,0,404,442,206,421,442,523,205,186,432,198,159,539,0,
2,1775670894896,569,665,14735,5367061,-1943773,105068,0,0,0,259,376,192,345,335,395,475,516,276,311,436,176,0,
1,1775670894912,-7485,220,19770,5104389,-70860,1420872,0,0,0,407,424,219,399,412,505,184,162,419,171,129,487,0,
2,1775670894912,-3522,-4111,22340,5219232,-452040,-83077,0,0,0,256,386,218,358,348,400,514,515,292,254,377,200,0,
1,1775670894928,-9648,9,23043,6137973,42760,2019520,0,0,0,392,391,221,396,354,478,178,144,395,165,106,418,0,
2,1775670894928,-904,-268,23172,4006054,7330,-536339,0,0,0,272,415,261,369,352,414,531,531,308,274,384,218,0,
1,1775670894944,-10366,205,27001,7099475,193033,2621833,0,0,0,346,373,210,372,308,433,187,151,364,158,108,336,0,
2,1775670894944,3029,1354,16755,2450791,-95294,-276111,0,0,0,284,442,285,387,369,430,545,547,300,258,352,234,0,
1,1775670894960,-10930,1363,29222,7929030,400727,3125186,0,0,0,288,363,208,319,283,376,201,183,330,138,134,258,0,
2,1775670894960,2971,564,11663,1231504,-166155,194255,0,0,0,313,452,302,399,377,437,553,554,313,267,344,261,0,
1,1775670894976,-10959,3268,29676,8494692,370184,3578448,0,0,0,240,305,208,284,233,324,242,221,293,138,175,185,0,
2,1775670894976,1043,-205,10370,565661,-152716,313984,0,0,0,338,461,317,405,378,440,558,565,314,273,339,276,0,
1,1775670894992,-10236,5982,25580,8636412,790459,3900985,0,0,0,259,272,210,255,191,262,305,243,268,159,203,117,0,
2,1775670894992,1095,540,10571,345749,-167377,125838,0,0,0,351,466,323,408,383,446,559,562,319,271,334,289,0,
1,1775670895008,-12017,10715,15874,8082968,1461189,4045149,0,0,0,254,279,215,266,181,282,308,256,278,160,217,120,0,
2,1775670895008,1430,1014,10428,238237,-221133,31764,0,0,0,365,472,333,411,385,448,563,565,317,269,329,294,0,
1,1775670895024,-11251,14386,10576,5941275,1094670,3678630,0,0,0,251,286,219,265,185,287,304,259,279,158,218,123,0,
2,1775670895024,1363,1182,10198,151494,-206472,17104,0,0,0,375,476,342,414,386,449,570,571,320,264,320,299,0,
1,1775670895040,-6470,18032,9442,1933999,543670,2006081,0,0,0,248,289,216,268,191,288,305,260,275,163,221,131,0,
2,1775670895040,1311,1325,10174,146607,-151494,9773,0,0,0,380,479,344,414,387,453,567,566,320,269,315,309,0,
1,1775670895056,-2282,16788,9863,-2510656,1009149,-896750,0,0,0,243,294,217,265,192,288,305,258,273,166,226,131,0,
2,1775670895056,1335,1454,10265,216246,-150272,-6108,0,0,0,384,482,340,417,397,456,562,555,319,280,313,317,0,
1,1775670895072,-5771,10217,6695,-4086688,1821600,-2491108,0,0,0,242,297,218,263,193,285,308,261,273,166,227,127,0,
2,1775670895072,1249,1474,10275,324980,-160046,-21991,0,0,0,390,485,337,423,405,459,562,545,327,272,293,327,0,
1,1775670895088,-9786,5489,3196,-4131892,1284038,-2387261,0,0,0,238,299,219,263,194,285,311,263,274,165,227,127,0,
2,1775670895088,1091,1373,10141,406836,-109955,-26878,0,0,0,399,491,340,427,403,464,558,534,333,259,269,340,0,
1,1775670895104,-8485,4891,2847,-3883881,-124616,-1326799,0,0,0,236,300,222,262,194,287,313,265,275,168,230,129,0,
2,1775670895104,1100,1225,9978,431270,-20769,-24434,0,0,0,407,498,343,432,405,469,552,519,334,259,261,349,0,
1,1775670895120,-5407,5465,4340,-4102570,-751364,-668286,0,0,0,233,300,223,259,190,286,318,268,276,165,227,128,0,
2,1775670895120,1220,1110,9892,428827,9773,-24434,0,0,0,408,504,341,431,413,467,548,510,339,255,254,359,0,
1,1775670895136,-3709,5910,6489,-4803844,-542448,-566882,0,0,0,234,300,223,261,190,286,319,267,276,166,226,128,0,
2,1775670895136,1325,1000,9825,405614,-2443,-34208,0,0,0,411,504,340,429,403,466,548,494,338,253,240,361,0,
1,1775670895152,-4474,5202,8279,-5595525,-540004,-731816,0,0,0,237,298,220,265,192,286,319,267,276,168,228,127,0,
2,1775670895152,1340,938,9782,372627,-36651,-47647,0,0,0,419,504,341,439,415,480,546,481,345,247,227,369,0,
1,1775670895168,-4541,4139,9858,-6059783,-1007927,-888198,0,0,0,235,296,217,264,189,285,326,273,279,164,224,124,0,
2,1775670895168,1340,894,9791,348193,-68416,-62308,0,0,0,418,504,330,438,415,471,543,466,372,247,213,382,0,
1,1775670895184,-3756,3350,11514,-6293133,-1387885,-1143539,0,0,0,234,297,219,264,189,284,325,271,277,166,225,124,0,
2,1775670895184,1335,866,9825,326202,-102625,-76969,0,0,0,429,505,339,446,410,476,544,456,351,247,202,395,0,
1,1775670895200,-3498,2699,13366,-6498384,-1599245,-1480737,0,0,0,232,298,218,264,189,284,329,273,278,163,225,122,0,
2,1775670895200,1282,832,9849,305432,-130725,-89186,0,0,0,435,512,341,445,414,491,541,447,350,243,196,403,0,
1,1775670895216,-4096,2201,15568,-6643770,-1749518,-1766622,0,0,0,233,296,222,265,187,286,324,268,277,167,227,122,0,
2,1775670895216,1239,818,9892,298102,-144164,-95294,0,0,0,442,519,345,451,423,497,540,437,353,245,192,418,0,
1,1775670895232,-4804,1679,18372,-6765943,-1987755,-1809382,0,0,0,235,296,222,263,186,284,324,270,277,167,228,122,0,
2,1775670895232,1234,794,9954,317649,-139277,-101403,0,0,0,448,520,344,455,427,495,538,420,355,250,184,434,0,
1,1775670895248,-5216,727,21938,-6932098,-2199114,-1710422,0,0,0,240,297,225,265,184,284,327,270,276,167,227,121,0,
2,1775670895248,1263,737,10011,353080,-123394,-114842,0,0,0,453,522,343,456,430,496,537,401,362,254,179,450,0,
1,1775670895264,-5613,-674,25628,-7032280,-2166128,-1703092,0,0,0,234,295,222,263,183,285,328,271,276,164,225,119,0,
2,1775670895264,1277,665,10054,399505,-105068,-139277,0,0,0,460,526,344,459,437,501,533,377,366,254,175,468,0,
1,1775670895280,-6465,-2747,29375,-7001737,-2069611,-2023185,0,0,0,236,295,224,265,183,285,329,266,277,166,218,117,0,
2,1775670895280,1277,622,10150,470366,-79412,-164933,0,0,0,472,532,351,464,445,508,526,348,365,251,169,485,0,
1,1775670895296,-7552,-6609,32543,-6845355,-2224771,-2680476,0,0,0,235,295,222,267,184,286,332,264,278,168,213,116,0,
2,1775670895296,1373,598,10323,570548,-53756,-193033,0,0,0,487,538,358,467,450,516,519,324,371,251,165,503,0,
1,1775670895312,-8293,-15214,34309,-6654765,-2729345,-3231477,0,0,0,233,294,219,270,185,287,334,260,280,173,217,118,0,
2,1775670895312,1478,583,10624,719599,-46425,-232128,0,0,0,497,542,362,471,454,523,498,297,379,273,179,525,0,
1,1775670895328,-7762,-28714,31691,-6337115,-2948035,-3132516,0,0,0,232,296,222,272,189,294,338,260,292,178,220,123,0,
2,1775670895328,1526,559,11036,890641,-50090,-267558,0,0,0,504,547,372,472,458,524,444,257,373,339,229,535,0,
1,1775670895344,-3665,-41019,23723,-5301088,-2938261,-2009746,0,0,0,231,297,223,273,191,298,341,262,298,181,221,124,0,
2,1775670895344,1545,492,11629,1148426,-31764,-307876,0,0,0,497,544,328,484,477,534,459,224,381,350,233,560,0,
1,1775670895360,6484,-50341,15486,-3191160,-2894279,-183259,0,0,0,232,298,223,274,191,296,342,263,295,182,221,122,0,
2,1775670895360,1478,354,12414,1513724,48869,-346971,0,0,0,510,552,319,488,479,535,458,221,388,323,218,573,0,
1,1775670895376,15113,-49341,14065,-888198,-1413542,1023810,0,0,0,238,296,222,280,195,290,345,282,286,187,241,116,0,
2,1775670895376,1407,315,13452,1958433,174707,-386066,0,0,0,520,555,287,504,492,543,409,211,385,310,218,582,0,
1,1775670895392,12864,-42622,15702,1078788,937067,1466076,0,0,0,244,281,201,289,191,266,374,338,265,218,299,99,0,
2,1775670895392,1564,402,14706,2527760,228463,-420275,0,0,0,521,549,263,505,508,549,356,201,389,300,213,595,0,
1,1775670895408,-315,-17961,19234,2795319,3120299,1324355,0,0,0,237,253,162,274,162,232,441,401,249,268,369,81,0,
2,1775670895408,2225,502,15955,3310889,122173,-498466,0,0,0,528,548,253,497,518,554,303,193,389,276,187,598,0,
1,1775670895424,-9270,17501,15276,3678630,4511850,480140,0,0,0,243,244,145,268,160,224,461,459,250,300,408,75,0,
2,1775670895424,2885,574,17109,4142888,-15882,-640186,0,0,0,534,547,248,480,506,548,269,181,386,252,169,592,0,
1,1775670895440,-6676,18674,10232,4469090,4445877,-557109,0,0,0,247,245,143,279,156,240,464,463,256,349,421,84,0,
2,1775670895440,4087,885,18860,5139820,-141720,-868650,0,0,0,521,537,241,475,493,547,255,166,384,248,166,560,0,
1,1775670895456,3249,-1368,15099,5560095,2498438,-949284,0,0,0,242,238,148,287,155,259,487,486,269,405,433,86,0,
2,1775670895456,6446,1282,22321,6382320,-309097,-1299921,0,0,0,499,521,243,471,481,534,255,157,382,235,156,497,0,
1,1775670895472,5264,-5245,23306,4905247,673173,-29321,0,0,0,256,255,171,305,165,275,500,500,288,420,442,94,0,
2,1775670895472,7494,1373,27082,7484320,-434936,-1734857,0,0,0,446,495,232,457,466,512,256,156,367,216,142,425,0,
1,1775670895488,-1354,-1464,22545,2987131,94073,712268,0,0,0,262,273,223,326,181,325,506,506,317,422,450,132,0,
2,1775670895488,7805,2062,31792,8487361,-54977,-2089159,0,0,0,373,465,212,421,445,470,264,172,338,191,132,361,0,
1,1775670895504,-4575,325,14836,1339016,153938,188146,0,0,0,282,285,244,348,193,343,527,519,331,414,467,178,0,
2,1775670895504,7054,4029,33720,9264382,630412,-2410474,0,0,0,308,442,210,371,411,414,285,211,300,151,120,288,0,
1,1775670895520,-3158,311,9786,590095,140499,-271224,0,0,0,300,296,249,359,200,352,541,514,335,426,477,213,0,
2,1775670895520,7154,6647,29925,9479406,1243721,-2807536,0,0,0,270,426,225,340,372,387,302,252,270,117,105,213,0,
1,1775670895536,-1679,0,9590,367740,95294,-217468,0,0,0,320,310,265,370,206,359,542,507,341,446,478,241,0,
2,1775670895536,8571,9657,20191,9243612,1341460,-3363424,0,0,0,278,428,239,333,365,380,312,273,277,136,119,204,0,
1,1775670895552,-1928,363,10423,217468,94073,-45204,0,0,0,338,331,271,389,216,367,540,510,348,458,478,264,0,
2,1775670895552,9987,11045,11753,8708494,659734,-4178318,0,0,0,279,432,238,334,369,383,311,294,279,200,165,202,0,
1,1775670895568,-2569,1052,10385,155159,138055,32986,0,0,0,340,342,264,397,223,377,544,504,352,457,471,282,0,
2,1775670895568,4848,15821,11361,6643770,-430049,-4062253,0,0,0,278,436,236,334,370,380,308,292,267,117,118,198,0,
1,1775670895584,-2230,1086,10007,248011,130725,26878,0,0,0,331,328,274,383,226,387,549,484,358,445,460,298,0,
2,1775670895584,-488,23302,8753,1745852,-1632231,-1853365,0,0,0,278,436,236,336,373,379,310,296,262,115,116,196,0,
1,1775670895600,-1952,928,9987,328645,78190,32986,0,0,0,330,338,268,381,236,396,550,470,365,433,445,312,0,
2,1775670895600,1751,21517,6680,-4058588,-2489886,1408655,0,0,0,278,436,236,334,368,377,311,290,260,115,115,196,0,
1,1775670895616,-2024,933,10189,350636,17104,48869,0,0,0,331,359,264,376,249,393,546,449,363,439,433,323,0,
2,1775670895616,8480,10275,7001,-7269296,-2298075,2724458,0,0,0,280,436,236,336,369,377,314,291,260,117,115,199,0,
1,1775670895632,-2000,1024,9255,362853,-23212,68416,0,0,0,332,352,261,378,247,390,546,430,363,430,412,337,0,
2,1775670895632,10648,3206,7604,-7781201,-1331686,1879021,0,0,0,281,439,238,337,369,376,321,295,264,118,114,196,0,
1,1775670895648,-1832,1009,6714,346971,-43982,83077,0,0,0,333,359,267,383,250,397,538,415,363,424,392,352,0,
2,1775670895648,7968,2440,7183,-7180110,-442266,587652,0,0,0,274,437,236,337,372,378,321,298,264,118,117,198,0,
1,1775670895664,-1880,842,7963,373849,-116064,78190,0,0,0,330,358,259,380,262,399,533,405,365,394,374,352,0,
2,1775670895664,5369,2014,7116,-6658431,92851,-263893,0,0,0,269,437,233,339,373,379,319,300,263,118,118,197,0,
1,1775670895680,-2053,689,9705,390953,-162490,73303,0,0,0,331,363,258,382,266,403,531,391,369,391,364,358,0,
2,1775670895680,4288,1895,8126,-6538701,315206,-474031,0,0,0,269,438,235,339,375,379,318,301,265,116,119,196,0,
1,1775670895696,-2196,574,10035,362853,-129503,75747,0,0,0,330,362,259,388,261,411,528,380,377,385,353,369,0,
2,1775670895696,3330,2809,10155,-6712187,680503,-348193,0,0,0,268,438,235,338,375,379,319,302,265,117,121,196,0,
1,1775670895712,-2167,526,9471,316428,-53756,83077,0,0,0,330,356,254,391,267,414,529,369,377,388,342,373,0,
2,1775670895712,2603,3771,12041,-6907664,1022588,70860,0,0,0,267,438,234,339,373,379,321,302,263,118,123,195,0,
1,1775670895728,-2081,531,9341,285884,-6108,91629,0,0,0,331,354,257,393,267,416,530,362,374,379,335,373,0,
2,1775670895728,2804,3866,13419,-7026171,1276708,643851,0,0,0,266,438,234,340,374,379,322,302,263,117,123,194,0,
1,1775670895744,-1990,559,9629,267558,7330,92851,0,0,0,334,359,259,397,266,415,533,345,370,377,318,374,0,
2,1775670895744,3383,3235,15037,-7092145,1670105,1133765,0,0,0,263,437,234,342,376,382,324,305,264,117,121,194,0,
1,1775670895760,-1938,550,9815,270002,3665,90408,0,0,0,338,366,261,401,271,418,531,325,368,371,303,385,0,
2,1775670895760,3239,2651,17128,-7084815,2043955,1385442,0,0,0,260,440,237,343,376,385,324,304,267,125,126,196,0,
1,1775670895776,-1986,492,9863,307876,-13439,92851,0,0,0,341,365,261,401,281,429,519,311,372,347,297,402,0,
2,1775670895776,2761,2273,20105,-7012732,2171015,1489289,0,0,0,259,440,237,338,374,381,325,303,265,157,141,193,0,
1,1775670895792,-2091,425,9863,355523,-30543,112399,0,0,0,343,372,253,407,304,438,512,294,379,339,286,415,0,
2,1775670895792,2967,2225,23718,-7018841,2081828,1552819,0,0,0,259,440,239,340,376,383,329,305,271,126,135,195,0,
1,1775670895808,-2249,382,9825,397062,-40317,151494,0,0,0,347,404,260,408,337,449,515,281,387,335,278,438,0,
2,1775670895808,4130,2105,28131,-7191105,1948660,1622458,0,0,0,258,440,242,340,376,390,328,301,279,124,131,198,0,
1,1775670895824,-2412,320,9820,437379,-54977,228463,0,0,0,361,415,255,414,356,447,515,275,399,333,267,461,0,
2,1775670895824,5029,-516,32122,-7379252,2069611,1814269,0,0,0,257,440,238,343,375,386,332,301,279,120,123,196,0,
1,1775670895840,-2383,248,9920,487470,-79412,307876,0,0,0,372,420,247,425,370,460,505,255,401,321,246,459,0,
2,1775670895840,4871,-7231,34649,-7314500,2397035,2063502,0,0,0,259,442,240,347,376,389,338,300,282,120,120,196,0,
1,1775670895856,-2282,224,10217,570548,-102625,377514,0,0,0,377,405,275,440,367,479,500,233,400,305,222,480,0,
2,1775670895856,2766,-20009,33802,-6566801,2495995,2107485,0,0,0,262,445,240,351,379,394,340,295,283,121,118,196,0,
1,1775670895872,-2378,191,10662,711047,-74525,422718,0,0,0,387,428,292,448,378,501,489,232,414,292,224,512,0,
2,1775670895872,502,-34797,27834,-5122715,1963320,1720196,0,0,0,265,444,238,353,381,394,342,297,285,124,119,197,0,
1,1775670895888,-2359,110,11270,927293,-26878,471587,0,0,0,407,454,274,440,409,517,470,235,421,277,219,526,0,
2,1775670895888,-2325,-45924,18755,-3115412,1451415,680503,0,0,0,268,444,239,355,383,395,344,300,286,129,124,199,0,
1,1775670895904,-1823,23,11950,1244943,-17104,474031,0,0,0,427,456,251,447,424,524,460,219,413,278,205,549,0,
2,1775670895904,-9107,-48528,15156,-951728,1152091,-799011,0,0,0,262,442,238,354,384,397,348,326,289,131,138,200,0,
1,1775670895920,-1454,-105,12347,1606575,-62308,425162,0,0,0,436,446,234,483,429,532,417,212,422,275,193,559,0,
2,1775670895920,-12596,-44015,17147,626747,123394,-1502728,0,0,0,254,431,228,352,379,390,370,396,280,146,178,193,0,
1,1775670895936,-1517,-234,12744,1930334,-201585,362853,0,0,0,445,447,217,475,442,538,373,211,426,261,187,570,0,
2,1775670895936,-8016,-25561,22182,2150245,-1562593,-1298699,0,0,0,250,404,211,346,362,377,408,459,266,164,227,183,0,
1,1775670895952,-2407,-134,13768,2421469,-394618,370184,0,0,0,436,455,210,456,443,537,332,203,429,248,181,580,0,
2,1775670895952,3967,10433,17707,3459940,-3286454,-362853,0,0,0,251,376,192,336,342,372,443,472,278,173,265,179,0,
1,1775670895968,-3359,-52,14946,3045774,-439822,509461,0,0,0,421,462,220,450,431,534,278,188,433,236,166,580,0,
2,1775670895968,7485,17391,9021,4417777,-3589444,526565,0,0,0,259,373,186,340,338,384,474,480,291,192,304,184,0,
1,1775670895984,-4484,47,16429,3853337,-371406,775798,0,0,0,418,453,226,453,408,530,220,170,432,211,140,560,0,
2,1775670895984,-631,952,13658,5407379,-1901012,878424,0,0,0,263,378,193,350,339,392,493,494,290,211,329,189,0,
1,1775670896000,-6235,162,18568,4784296,-321315,1170417,0,0,0,421,421,226,450,369,518,188,152,426,187,112,514,0,
2,1775670896000,-6365,-4915,22306,5288871,-475253,333532,0,0,0,253,381,215,345,341,405,523,528,303,269,386,185,0,
1,1775670896016,-8202,157,21655,5727472,-251676,1660331,0,0,0,412,395,243,410,342,498,187,142,415,178,96,458,0,
2,1775670896016,-2397,-138,23101,4238183,-189368,-634078,0,0,0,269,408,243,372,352,412,515,516,314,268,327,210,0,
1,1775670896032,-10423,-100,25886,6756169,-56199,2262644,0,0,0,373,376,227,363,313,462,175,140,387,147,100,374,0,
2,1775670896032,3527,1698,17071,2871066,-311541,-436157,0,0,0,288,439,283,386,368,420,544,544,312,265,347,225,0,
1,1775670896048,-11241,756,28662,7531968,128281,2831971,0,0,0,299,361,212,331,302,407,199,156,344,132,106,290,0,
2,1775670896048,3378,473,12318,1576032,-344527,202807,0,0,0,307,458,304,398,377,433,550,551,315,268,340,253,0,
1,1775670896064,-10839,3077,29954,8144055,208915,3348763,0,0,0,260,333,212,287,255,343,225,211,304,134,159,218,0,
2,1775670896064,976,-373,11198,737925,-249233,298102,0,0,0,334,464,312,406,381,441,558,559,320,271,337,274,0,
1,1775670896080,-9753,5293,28552,8594873,461814,3727499,0,0,0,242,271,198,259,180,272,299,243,272,154,198,121,0,
2,1775670896080,655,162,10835,331088,-191811,120951,0,0,0,352,473,319,411,385,444,563,564,317,275,338,286,0,
1,1775670896096,-11031,8198,20708,8614421,1042136,3870442,0,0,0,252,281,210,269,181,277,313,251,276,161,220,121,0,
2,1775670896096,1311,899,10409,232128,-217468,0,0,0,0,369,476,332,413,386,445,562,568,312,279,337,290,0,
1,1775670896112,-12452,13194,11122,7153231,1027475,3810577,0,0,0,252,288,214,272,186,283,305,258,275,162,228,123,0,
2,1775670896112,1320,1095,10179,147829,-196698,4886,0,0,0,377,477,332,415,387,448,563,568,315,279,331,293,0,
1,1775670896128,-8997,17994,8872,3722612,541226,2755002,0,0,0,249,291,214,267,189,283,306,263,275,160,228,124,0,
2,1775670896128,1182,1162,10222,95294,-151494,7330,0,0,0,383,480,330,421,390,453,563,564,319,290,337,299,0,
1,1775670896144,-4187,19171,10011,-415388,690277,553443,0,0,0,245,295,216,264,191,285,311,265,275,163,229,124,0,
2,1775670896144,1124,1296,10256,133168,-129503,-12217,0,0,0,389,483,331,426,394,454,563,563,320,285,325,307,0,
1,1775670896160,-4498,13299,7829,-3496592,1622458,-1816713,0,0,0,241,296,216,264,192,285,312,265,275,167,229,126,0,
2,1775670896160,1086,1430,10241,219911,-102625,-32986,0,0,0,391,486,332,427,396,453,563,558,322,284,316,312,0,
1,1775670896176,-7738,8188,4383,-3941302,1417207,-2048842,0,0,0,236,297,216,263,194,284,314,267,275,167,231,127,0,
2,1775670896176,1057,1407,10165,311541,-61086,-35430,0,0,0,393,487,331,429,399,453,561,547,321,299,323,316,0,
1,1775670896192,-8772,5455,2627,-3958406,388510,-1396437,0,0,0,232,298,217,263,197,284,318,270,277,166,234,125,0,
2,1775670896192,1062,1249,10021,359188,-14660,-29321,0,0,0,395,491,333,433,402,457,559,537,324,265,282,329,0,
1,1775670896208,-6207,5345,3910,-4177096,-530231,-612086,0,0,0,232,298,217,263,197,285,316,269,276,168,235,124,0,
2,1775670896208,1095,1153,9911,386066,9773,-29321,0,0,0,401,492,329,426,398,457,555,524,330,251,262,340,0,
1,1775670896224,-4211,5451,6049,-4757418,-508239,-404392,0,0,0,233,299,219,263,197,288,314,268,276,168,236,128,0,
2,1775670896224,1139,1086,9863,400727,19547,-31764,0,0,0,415,498,333,433,404,460,554,517,351,240,243,347,0,
1,1775670896240,-4020,5116,7824,-5406157,-406836,-445931,0,0,0,233,298,219,262,202,288,322,272,279,165,236,125,0,
2,1775670896240,1210,981,9830,392175,8552,-37873,0,0,0,419,502,340,435,404,463,545,495,330,251,242,366,0,
1,1775670896256,-4407,4469,9274,-5911953,-635299,-599869,0,0,0,232,297,221,248,232,279,320,267,278,168,235,125,0,
2,1775670896256,1263,904,9820,371406,-15882,-48869,0,0,0,419,500,332,438,408,470,552,488,345,249,230,379,0,
1,1775670896272,-3895,3670,11016,-6291911,-1094670,-871093,0,0,0,231,297,221,266,198,293,321,272,280,163,234,124,0,
2,1775670896272,1292,885,9844,353080,-51312,-61086,0,0,0,427,504,332,441,411,480,549,476,351,243,210,394,0,
1,1775670896288,-3393,2900,12658,-6542366,-1411098,-1171639,0,0,0,232,297,221,269,196,290,321,270,281,164,233,122,0,
2,1775670896288,1292,856,9897,349414,-97738,-70860,0,0,0,440,512,339,444,415,485,541,459,346,329,240,397,0,
1,1775670896304,-3431,2086,14577,-6630331,-1646892,-1411098,0,0,0,230,298,221,267,193,291,322,271,281,168,236,125,0,
2,1775670896304,1239,799,9920,353080,-134390,-78190,0,0,0,445,518,343,443,416,487,539,448,351,283,212,422,0,
1,1775670896320,-3780,1469,16745,-6594901,-1881464,-1486845,0,0,0,233,300,224,267,196,292,320,270,281,166,236,122,0,
2,1775670896320,1158,741,9944,362853,-145385,-85521,0,0,0,452,523,345,447,422,490,535,431,353,249,192,447,0,
1,1775670896336,-3862,1033,19291,-6576575,-2065946,-1445307,0,0,0,235,301,224,266,196,292,319,270,282,166,235,121,0,
2,1775670896336,1143,717,10026,387288,-129503,-94073,0,0,0,456,524,340,451,431,495,529,409,354,254,192,466,0,
1,1775670896352,-3957,492,22306,-6619335,-2076941,-1490511,0,0,0,238,301,224,275,194,290,325,272,281,167,233,119,0,
2,1775670896352,1201,684,10122,433714,-109955,-106290,0,0,0,464,524,339,458,442,500,528,387,361,258,189,482,0,
1,1775670896368,-4900,-358,25422,-6625444,-1872912,-1769065,0,0,0,237,299,223,275,195,289,329,272,281,166,231,119,0,
2,1775670896368,1229,612,10169,493579,-89186,-129503,0,0,0,476,527,343,465,451,507,524,360,368,258,179,496,0,
1,1775670896384,-6637,-2579,28777,-6429967,-1855808,-2276083,0,0,0,233,298,222,266,199,290,327,272,282,165,227,119,0,
2,1775670896384,1263,536,10184,557109,-48869,-158824,0,0,0,481,530,345,468,456,511,514,327,370,257,170,508,0,
1,1775670896400,-8245,-7351,32146,-6161186,-2267531,-2807536,0,0,0,235,300,223,270,199,293,329,271,283,167,224,120,0,
2,1775670896400,1440,469,10390,637743,25656,-205250,0,0,0,492,536,352,474,463,515,503,291,375,264,173,526,0,
1,1775670896416,-8346,-17013,32931,-6050009,-2798984,-2945592,0,0,0,234,300,223,275,195,297,332,268,288,174,225,122,0,
2,1775670896416,1665,435,10748,742812,52534,-259006,0,0,0,505,548,366,480,475,522,492,257,373,275,181,544,0,
1,1775670896432,-6312,-31351,28370,-5905845,-2905275,-2480112,0,0,0,237,303,227,272,191,304,331,266,295,177,231,123,0,
2,1775670896432,1813,421,11337,927293,-8552,-328645,0,0,0,501,551,335,487,483,536,468,231,384,304,201,555,0,
1,1775670896448,526,-44804,19928,-4713436,-2812423,-1154535,0,0,0,235,301,223,275,194,302,335,267,292,178,232,118,0,
2,1775670896448,1359,387,12337,1263269,-86742,-373849,0,0,0,502,547,325,495,492,537,446,223,387,314,213,578,0,
1,1775670896464,10193,-51270,14577,-2587625,-2265088,273667,0,0,0,223,283,197,281,194,310,340,263,274,193,242,110,0,
2,1775670896464,971,387,13180,1699427,-26878,-372627,0,0,0,505,553,293,510,503,542,411,225,387,284,188,588,0,
1,1775670896480,15836,-49365,15065,-166155,-572991,1130100,0,0,0,228,276,200,280,186,286,386,347,277,233,322,104,0,
2,1775670896480,1105,330,13807,2222327,90408,-359188,0,0,0,506,554,269,507,503,537,369,222,400,279,188,584,0,
1,1775670896496,8609,-29561,18530,2322509,2509434,1001818,0,0,0,238,252,159,269,165,239,439,408,250,281,381,87,0,
2,1775670896496,1703,406,15204,2901609,100181,-379958,0,0,0,518,560,255,490,508,538,326,215,395,267,184,593,0,
1,1775670896512,-2522,-574,16367,4252843,4923573,520457,0,0,0,243,248,145,273,158,235,461,454,258,314,408,81,0,
2,1775670896512,2828,440,16779,3671300,-15882,-480140,0,0,0,527,554,248,470,506,531,284,199,391,259,179,592,0,
1,1775670896528,-5833,12907,13318,5557651,5028642,-14660,0,0,0,244,253,144,278,152,244,443,445,273,357,432,79,0,
2,1775670896528,4331,732,18851,4723210,-189368,-774577,0,0,0,518,545,246,471,502,542,261,174,387,249,169,572,0,
1,1775670896544,2431,521,20823,5852088,2206445,-92851,0,0,0,249,258,173,292,166,268,473,475,277,391,438,86,0,
2,1775670896544,5599,1239,21756,5850867,-370184,-1165530,0,0,0,507,532,246,469,493,541,255,162,383,233,157,522,0,
1,1775670896560,4000,-4302,26111,4776966,265115,355523,0,0,0,256,278,215,305,188,305,492,492,293,404,440,110,0,
2,1775670896560,6317,1493,25460,6912551,-574213,-1513724,0,0,0,460,511,234,456,479,520,258,161,374,215,146,444,0,
1,1775670896576,-1914,-2158,20775,2603507,-251676,475253,0,0,0,263,292,237,322,201,333,503,502,311,408,452,154,0,
2,1775670896576,6891,2014,30945,8084190,-561996,-1837482,0,0,0,382,483,216,427,451,479,267,172,346,191,134,366,0,
1,1775670896592,-4771,301,12021,1094670,-131946,8552,0,0,0,282,298,244,340,206,342,516,515,329,415,467,191,0,
2,1775670896592,8470,3149,32821,8982162,-119729,-2130697,0,0,0,320,454,216,381,410,428,282,205,304,157,120,301,0,
1,1775670896608,-2919,521,7604,583987,74525,-328645,0,0,0,305,311,250,350,218,345,529,516,338,424,481,212,0,
2,1775670896608,9404,5446,31117,9506284,949284,-2724458,0,0,0,278,433,230,344,380,391,301,251,274,121,106,234,0,
1,1775670896624,-1809,-90,9408,301767,180816,-164933,0,0,0,315,331,252,354,242,349,546,510,330,434,495,232,0,
2,1775670896624,9078,8844,24120,9485515,1265712,-3359758,0,0,0,267,427,235,332,367,378,309,270,273,109,103,201,0,
1,1775670896640,-2187,344,10691,69638,245567,-20769,0,0,0,324,355,263,363,259,360,546,516,337,437,498,259,0,
2,1775670896640,9514,11040,15271,8783020,280998,-4097684,0,0,0,274,430,236,332,370,383,311,290,279,116,119,202,0,
1,1775670896656,-2388,1081,10323,59864,278554,9773,0,0,0,324,358,272,369,275,378,545,510,354,432,498,286,0,
2,1775670896656,6671,14041,11653,7024950,-941954,-4362799,0,0,0,276,433,236,339,372,384,310,292,270,116,118,197,0,
1,1775670896672,-2134,1229,9949,190589,248011,23212,0,0,0,321,369,290,358,284,382,551,497,359,413,493,295,0,
2,1775670896672,2325,20832,8360,2638937,-1754404,-2908940,0,0,0,276,434,236,333,369,375,312,292,260,116,115,195,0,
1,1775670896688,-1876,990,10078,305432,160046,42760,0,0,0,326,380,290,367,300,388,553,475,355,417,485,305,0,
2,1775670896688,3225,20009,6604,-2712241,-1610240,-172263,0,0,0,277,435,231,336,369,375,310,291,258,118,115,195,0,
1,1775670896704,-1923,947,10279,343306,46425,56199,0,0,0,335,379,293,360,297,381,554,445,360,421,463,321,0,
2,1775670896704,5809,12065,7236,-6493497,-1156978,1921782,0,0,0,273,437,232,337,370,376,314,293,260,114,114,195,0,
1,1775670896720,-1995,990,10236,382401,-43982,64751,0,0,0,338,386,290,375,301,390,547,437,367,410,438,338,0,
2,1775670896720,7063,4814,7987,-6974859,-799011,2052507,0,0,0,269,437,233,338,372,378,318,297,264,116,116,196,0,
1,1775670896736,-2019,914,9045,408057,-83077,68416,0,0,0,338,390,296,372,303,395,539,422,375,411,420,347,0,
2,1775670896736,6590,3206,6709,-6235712,-496022,1207069,0,0,0,262,437,233,338,373,380,309,296,265,117,118,195,0,
1,1775670896752,-2077,689,6987,349414,-34208,70860,0,0,0,345,394,281,377,306,396,536,408,373,412,394,355,0,
2,1775670896752,6073,3225,5953,-5814215,-34208,494800,0,0,0,259,437,233,339,374,381,316,299,268,119,121,198,0,
1,1775670896768,-2096,598,8083,324980,-29321,68416,0,0,0,335,402,274,379,320,400,525,397,372,391,378,360,0,
2,1775670896768,4938,3809,7092,-5949827,615752,85521,0,0,0,259,437,234,338,373,381,323,301,268,119,121,198,0,
1,1775670896784,-2081,569,9734,324980,-35430,64751,0,0,0,333,408,276,382,327,404,515,383,370,375,369,365,0,
2,1775670896784,2512,4484,9997,-6451958,1156978,75747,0,0,0,257,437,236,340,375,383,323,301,268,119,120,197,0,
1,1775670896800,-2053,531,9892,300545,-13439,68416,0,0,0,338,409,274,393,326,404,513,371,365,372,358,366,0,
2,1775670896800,885,4656,11940,-6708522,1285260,394618,0,0,0,257,438,237,340,377,384,321,301,268,119,119,194,0,
1,1775670896816,-2005,531,9514,268780,7330,74525,0,0,0,345,409,270,399,338,402,515,364,366,370,344,365,0,
2,1775670896816,1024,4465,12926,-6702413,1334129,844215,0,0,0,259,440,238,338,375,382,321,301,268,119,119,193,0,
1,1775670896832,-1957,555,9562,259006,4886,78190,0,0,0,353,416,278,394,352,405,514,355,371,362,335,372,0,
2,1775670896832,1464,4350,14352,-6770830,1561371,1126435,0,0,0,260,439,239,339,375,383,323,302,272,118,119,194,0,
1,1775670896848,-1919,559,9767,267558,-8552,80634,0,0,0,344,431,286,400,337,420,506,340,373,351,326,380,0,
2,1775670896848,1536,4101,16573,-6961420,1839926,1235169,0,0,0,259,439,239,342,378,386,320,301,271,121,120,194,0,
1,1775670896864,-1899,526,9853,288328,-28099,80634,0,0,0,343,436,285,404,342,421,502,321,373,352,316,386,0,
2,1775670896864,1459,3187,19401,-7139792,1952325,1186300,0,0,0,262,442,242,343,378,387,321,301,266,118,119,197,0,
1,1775670896880,-1995,464,9906,328645,-53756,89186,0,0,0,353,425,284,389,332,414,506,306,379,362,296,397,0,
2,1775670896880,1828,2234,22038,-7202101,1886351,1086118,0,0,0,261,441,240,343,377,386,328,306,274,119,117,195,0,
1,1775670896896,-2258,406,9925,382401,-65973,130725,0,0,0,357,437,300,398,351,434,490,285,396,355,289,413,0,
2,1775670896896,3034,1655,25685,-7224092,1750739,1077566,0,0,0,261,439,240,343,376,385,329,304,274,118,117,195,0,
1,1775670896912,-2488,354,9920,439822,-64751,208915,0,0,0,376,443,289,403,379,437,488,282,396,337,277,435,0,
2,1775670896912,4374,545,29868,-7285178,1753183,1337794,0,0,0,260,439,240,342,376,385,330,305,279,115,116,196,0,
1,1775670896928,-2479,311,9973,511905,-51312,312763,0,0,0,383,448,310,412,393,447,487,273,402,329,266,445,0,
2,1775670896928,5470,-3670,32988,-7315722,2085493,1880243,0,0,0,263,442,241,344,374,385,333,299,279,119,115,197,0,
1,1775670896944,-2220,234,10193,627969,-21991,392175,0,0,0,384,459,298,408,405,448,475,252,406,316,252,465,0,
2,1775670896944,5044,-14582,34529,-6936985,2779436,2291966,0,0,0,264,441,240,348,375,390,339,299,282,119,113,197,0,
1,1775670896960,-1966,167,10524,763581,3665,425162,0,0,0,395,476,286,416,401,457,462,237,405,301,237,498,0,
2,1775670896960,2876,-28111,32816,-6001140,2855184,2186897,0,0,0,264,437,236,351,377,393,337,298,284,117,113,195,0,
1,1775670896976,-1943,129,11031,955393,24434,417831,0,0,0,406,497,275,436,401,475,446,228,411,291,225,519,0,
2,1775670896976,-832,-41784,24398,-4083023,2112371,1364672,0,0,0,266,437,237,353,379,396,342,298,287,119,113,197,0,
1,1775670896992,-2057,38,11677,1205847,14660,411723,0,0,0,421,505,262,459,410,491,423,216,426,281,207,533,0,
2,1775670896992,-5264,-48317,16946,-2054950,1415985,262672,0,0,0,257,434,233,349,377,393,351,331,286,126,133,199,0,
1,1775670897008,-2048,-71,12337,1530828,-23212,425162,0,0,0,433,496,255,471,426,510,392,207,435,274,195,544,0,
2,1775670897008,-9294,-47590,14754,-169820,598647,-763581,0,0,0,249,422,223,346,374,386,375,404,279,147,185,192,0,
1,1775670897024,-1521,-220,12878,1923003,-79412,406836,0,0,0,430,494,242,481,451,525,353,212,432,270,197,549,0,
2,1775670897024,-8695,-32620,20267,1701870,-910189,-822224,0,0,0,249,392,204,340,355,374,416,464,268,176,258,179,0,
1,1775670897040,-1612,-272,13567,2361605,-127059,349414,0,0,0,436,497,221,492,459,520,300,208,430,260,191,563,0,
2,1775670897040,-765,-837,19253,3761708,-3229033,-174707,0,0,0,250,366,185,334,333,367,449,481,264,201,321,173,0,
1,1775670897056,-2780,-138,14524,2872288,-113620,389732,0,0,0,465,470,236,476,449,525,252,199,424,251,191,570,0,
2,1775670897056,4728,14807,12251,4825835,-4354247,547335,0,0,0,256,367,184,341,334,378,475,494,270,226,364,172,0,
1,1775670897072,-4469,-9,15946,3604104,-20769,605978,0,0,0,478,444,238,464,478,530,218,197,428,236,179,542,0,
2,1775670897072,-469,3665,14826,5431813,-2855184,747699,0,0,0,262,376,195,351,338,390,497,509,280,244,388,175,0,
1,1775670897088,-5695,-47,17798,4404338,128281,977384,0,0,0,477,442,245,417,439,519,194,190,415,204,152,519,0,
2,1775670897088,-5814,-3508,22632,5320636,-851546,323758,0,0,0,266,386,221,361,346,400,517,517,291,244,380,188,0,
1,1775670897104,-7441,-339,20794,5336518,283441,1440420,0,0,0,462,416,245,385,406,499,181,171,410,174,127,461,0,
2,1775670897104,-3517,-894,24623,4280943,54977,-445931,0,0,0,268,410,253,369,357,412,529,529,299,259,392,207,0,
1,1775670897120,-9901,-363,24512,6290690,412944,1990198,0,0,0,403,389,231,381,356,465,179,152,379,153,106,394,0,
2,1775670897120,2330,1713,17348,2559525,75747,-395840,0,0,0,288,439,311,386,373,433,545,549,312,273,396,229,0,
1,1775670897136,-10988,526,27068,7101919,585208,2565634,0,0,0,336,373,223,346,308,415,180,166,343,146,117,308,0,
2,1775670897136,3062,1177,10734,1265712,-43982,112399,0,0,0,312,457,306,398,384,436,553,557,312,283,398,258,0,
1,1775670897152,-10394,2316,28920,7860613,878424,3115412,0,0,0,270,347,215,296,261,361,217,209,306,144,168,241,0,
2,1775670897152,1153,-119,9873,593761,-173485,232128,0,0,0,351,474,322,407,390,439,557,569,313,293,404,277,0,
1,1775670897168,-8791,5005,29303,8432383,1365894,3468492,0,0,0,242,298,215,261,205,296,271,242,280,152,203,160,0,
2,1775670897168,555,196,10638,184481,-254119,87964,0,0,0,373,481,329,413,394,447,560,570,314,294,398,287,0,
1,1775670897184,-11074,7982,23474,8609534,1854586,3546683,0,0,0,246,279,220,259,185,281,297,255,276,160,222,126,0,
2,1775670897184,808,1258,10619,62308,-229685,-13439,0,0,0,379,485,336,419,398,450,562,573,310,297,396,297,0,
1,1775670897200,-14620,11969,13251,7938804,1589471,3652974,0,0,0,253,285,224,266,188,291,300,257,280,163,229,126,0,
2,1775670897200,942,1722,10275,42760,-136833,-18325,0,0,0,384,487,339,421,397,453,564,577,311,296,391,302,0,
1,1775670897216,-11615,16109,10203,5145928,368962,2993239,0,0,0,253,292,225,266,189,291,300,259,278,164,229,126,0,
2,1775670897216,1005,1689,10145,96516,-84299,0,0,0,0,394,493,343,421,397,454,557,571,311,300,390,307,0,
1,1775670897232,-4465,19650,10514,130725,-85521,707381,0,0,0,254,295,222,268,194,290,304,264,274,168,229,126,0,
2,1775670897232,976,1665,10251,197920,-114842,-21991,0,0,0,403,498,350,422,395,454,557,566,316,307,388,324,0,
1,1775670897248,-3393,15860,10054,-3560122,1120326,-1897347,0,0,0,248,298,222,267,198,290,304,269,275,168,228,127,0,
2,1775670897248,851,1694,10299,294437,-113620,-42760,0,0,0,411,498,349,425,396,456,561,559,321,308,378,336,0,
1,1775670897264,-9231,8719,5896,-4269948,1121548,-2432465,0,0,0,235,299,222,263,198,289,308,275,280,165,228,130,0,
2,1775670897264,741,1689,10203,367740,-45204,-43982,0,0,0,417,498,345,428,399,460,557,546,325,289,351,343,0,
1,1775670897280,-10366,5063,3531,-4084244,-383623,-1533271,0,0,0,234,299,224,262,197,290,311,273,279,166,230,129,0,
2,1775670897280,808,1555,10035,406836,29321,-29321,0,0,0,419,498,344,428,399,461,553,531,328,268,321,352,0,
1,1775670897296,-5149,5508,5254,-4339586,-1364672,-603534,0,0,0,232,299,224,262,196,292,313,276,283,166,232,128,0,
2,1775670897296,928,1402,9901,420275,50090,-24434,0,0,0,421,501,340,431,401,460,547,515,328,271,312,353,0,
1,1775670897312,-2081,6054,7619,-5110498,-1093448,-475253,0,0,0,234,300,224,262,196,292,313,274,283,168,232,130,0,
2,1775670897312,985,1316,9825,406836,26878,-29321,0,0,0,424,506,340,431,403,465,541,501,335,273,304,364,0,
1,1775670897328,-2895,5384,9035,-5847202,-726929,-741590,0,0,0,232,301,224,263,197,292,310,274,282,167,231,129,0,
2,1775670897328,995,1249,9786,375071,-3665,-35430,0,0,0,427,510,341,429,404,466,538,485,334,273,302,390,0,
1,1775670897344,-3613,4149,10193,-6211277,-1175304,-868650,0,0,0,228,299,222,264,198,292,312,277,283,168,233,129,0,
2,1775670897344,1019,1182,9791,343306,-31764,-42760,0,0,0,436,519,346,434,409,469,536,467,337,275,294,398,0,
1,1775670897360,-2694,3417,11749,-6392093,-1682322,-945619,0,0,0,229,300,225,263,198,295,310,276,285,168,235,130,0,
2,1775670897360,1024,1134,9806,316428,-64751,-50090,0,0,0,439,520,347,438,413,473,538,461,363,273,285,396,0,
1,1775670897376,-1876,2991,13596,-6524040,-1800830,-1069014,0,0,0,231,300,226,263,199,298,309,275,291,171,235,134,0,
2,1775670897376,1014,1124,9863,301767,-96516,-56199,0,0,0,446,527,355,442,423,477,531,444,345,275,277,411,0,
1,1775670897392,-2005,2383,15348,-6615670,-1865582,-1098335,0,0,0,231,299,227,265,199,299,310,275,296,173,234,136,0,
2,1775670897392,971,1110,9925,304210,-114842,-58643,0,0,0,454,531,352,444,425,485,523,428,346,277,270,424,0,
1,1775670897408,-2163,1579,17396,-6635218,-2062281,-955393,0,0,0,233,298,229,266,196,299,312,275,296,173,233,135,0,
2,1775670897408,923,1076,9983,320093,-119729,-58643,0,0,0,462,539,360,448,427,490,522,414,353,283,268,440,0,
1,1775670897424,-1794,703,19798,-6592457,-2199114,-796568,0,0,0,236,298,229,267,196,299,313,275,294,174,234,133,0,
2,1775670897424,894,1033,10059,349414,-112399,-59864,0,0,0,463,541,355,456,438,495,520,393,358,286,261,456,0,
1,1775670897440,-2100,-157,22048,-6502049,-2127032,-901637,0,0,0,237,299,236,268,196,300,312,274,293,172,231,133,0,
2,1775670897440,971,985,10126,392175,-91629,-69638,0,0,0,469,541,353,459,444,501,518,369,363,287,251,470,0,
1,1775670897456,-3709,-1397,24455,-6255260,-2029294,-1398881,0,0,0,231,302,251,264,197,305,313,273,292,167,228,133,0,
2,1775670897456,1105,933,10169,436157,-67195,-97738,0,0,0,478,542,356,458,448,497,513,342,361,288,238,491,0,
1,1775670897472,-5288,-3311,27236,-5897293,-2177123,-2078163,0,0,0,230,301,254,264,193,305,314,268,292,168,226,133,0,
2,1775670897472,1292,890,10236,483805,-39095,-147829,0,0,0,485,547,358,462,455,497,503,314,364,280,211,517,0,
1,1775670897488,-5881,-7293,30586,-5519778,-2636494,-2850297,0,0,0,229,304,256,266,203,314,313,269,308,166,220,138,0,
2,1775670897488,1387,832,10437,572991,-28099,-223576,0,0,0,490,550,355,469,462,505,492,286,371,291,202,531,0,
1,1775670897504,-5479,-15754,31753,-5517334,-2746450,-3177720,0,0,0,228,304,250,266,203,309,313,269,292,172,224,134,0,
2,1775670897504,1354,751,10677,695164,-46425,-284663,0,0,0,495,551,348,472,467,513,479,261,375,306,208,541,0,
1,1775670897520,-4915,-26925,27987,-5585751,-2477669,-2789210,0,0,0,226,306,246,266,205,311,313,269,292,177,229,135,0,
2,1775670897520,995,708,11275,897971,-59864,-318871,0,0,0,503,557,345,476,476,522,463,243,382,275,180,560,0,
1,1775670897536,277,-39636,19923,-4679227,-2555860,-1477072,0,0,0,226,308,246,267,206,311,316,272,293,179,232,136,0,
2,1775670897536,847,732,11864,1199739,-37873,-309097,0,0,0,507,564,331,482,484,529,446,234,385,272,179,570,0,
1,1775670897552,9270,-46475,14668,-2872288,-2329840,-98960,0,0,0,228,310,249,265,207,311,315,273,294,177,234,135,0,
2,1775670897552,1119,626,12256,1555262,26878,-307876,0,0,0,512,566,305,495,499,527,407,224,381,284,190,587,0,
1,1775670897568,16286,-47039,13658,-616973,-871093,917519,0,0,0,225,299,250,264,198,306,327,290,296,188,264,130,0,
2,1775670897568,1115,531,13156,2014633,72082,-331088,0,0,0,512,580,287,519,544,518,376,229,384,283,200,601,0,
1,1775670897584,11787,-38592,16161,1265712,1318247,1208291,0,0,0,228,281,211,268,188,276,374,349,275,233,330,109,0,
2,1775670897584,1445,473,14295,2522873,7330,-346971,0,0,0,516,573,271,507,517,537,333,215,380,277,184,602,0,
1,1775670897600,593,-12524,18846,2729345,2933374,1169196,0,0,0,238,261,173,271,173,248,428,413,254,278,386,92,0,
2,1775670897600,2254,516,15506,3174055,-129503,-447153,0,0,0,515,564,261,476,525,539,300,209,383,265,184,601,0,
1,1775670897616,-7647,14730,14003,3639535,3944967,794124,0,0,0,243,246,157,273,158,242,463,456,252,318,413,84,0,
2,1775670897616,3091,660,16965,3933972,-273667,-629191,0,0,0,515,564,253,472,518,543,269,195,387,265,179,586,0,
1,1775670897632,-5972,12768,11045,4907691,3705508,276111,0,0,0,242,247,148,283,156,252,482,482,261,374,429,82,0,
2,1775670897632,4316,799,18913,4785518,-438601,-889419,0,0,0,522,553,261,467,511,533,254,167,381,251,161,559,0,
1,1775670897648,1363,-2134,19937,5843536,1782504,72082,0,0,0,248,255,167,297,167,276,497,497,277,405,444,93,0,
2,1775670897648,5915,818,21674,5765346,-631634,-1257160,0,0,0,501,533,249,462,504,517,253,166,380,240,154,496,0,
1,1775670897664,1631,-5125,26307,4625471,346971,431270,0,0,0,258,274,203,316,193,311,504,504,303,394,446,112,0,
2,1775670897664,7217,732,26053,6955311,-803898,-1711644,0,0,0,444,512,235,444,482,494,260,170,362,219,148,424,0,
1,1775670897680,-3618,-1273,20703,2173458,118507,412944,0,0,0,263,281,240,333,205,347,521,520,349,400,457,162,0,
2,1775670897680,8442,1215,30016,7930252,-585208,-2094046,0,0,0,380,486,219,414,448,462,273,203,333,191,137,368,0,
1,1775670897696,-3694,416,12490,901637,95294,-76969,0,0,0,297,303,263,356,207,365,528,524,351,408,465,218,0,
2,1775670897696,8054,3996,31749,8779355,168598,-2612059,0,0,0,318,457,215,374,413,422,286,238,297,154,121,297,0,
1,1775670897712,-2220,646,8604,543670,-10995,-276111,0,0,0,307,334,257,360,227,364,544,519,343,408,469,242,0,
2,1775670897712,6925,5642,31198,9220399,596204,-3076317,0,0,0,277,432,225,340,382,389,299,262,273,122,110,224,0,
1,1775670897728,-1785,191,9504,570548,-69638,-140499,0,0,0,309,328,276,365,228,371,550,519,348,423,474,268,0,
2,1775670897728,8485,7891,22833,9101892,211359,-3470936,0,0,0,267,424,231,331,366,380,311,282,271,119,123,195,0,
1,1775670897744,-2593,397,10327,393397,40317,-7330,0,0,0,320,337,274,374,239,388,553,510,362,429,472,295,0,
2,1775670897744,9729,12093,13347,8140390,-618195,-3930306,0,0,0,269,427,231,333,370,385,309,288,269,133,150,195,0,
1,1775670897760,-2598,722,10088,272445,133168,21991,0,0,0,317,341,279,368,249,398,560,495,381,412,461,313,0,
2,1775670897760,6168,18210,9566,5412266,-1407433,-3447723,0,0,0,267,430,229,333,372,378,307,287,258,132,151,196,0,
1,1775670897776,-2244,775,10021,227241,139277,21991,0,0,0,316,343,280,365,261,396,563,471,386,412,442,321,0,
2,1775670897776,3374,21818,8212,-428827,-1868025,-954171,0,0,0,270,432,230,334,369,376,312,287,257,133,146,196,0,
1,1775670897792,-2167,775,10729,235793,61086,41538,0,0,0,336,341,276,371,266,396,564,454,397,416,420,331,0,
2,1775670897792,4795,15620,8073,-5001764,-1931555,1386664,0,0,0,270,434,230,338,374,380,314,292,259,137,148,198,0,
1,1775670897808,-2211,851,10591,322536,-40317,62308,0,0,0,335,353,275,374,271,399,554,429,403,404,393,339,0,
2,1775670897808,7599,6585,5924,-5612629,-1539380,1749518,0,0,0,270,436,232,343,374,382,316,292,259,135,148,196,0,
1,1775670897824,-2211,894,10078,420275,-139277,76969,0,0,0,323,366,272,374,283,402,545,411,405,387,374,348,0,
2,1775670897824,8480,2536,3464,-4877148,-814894,1094670,0,0,0,265,437,233,337,374,380,314,298,259,135,153,196,0,
1,1775670897840,-2230,799,9806,460592,-190589,86742,0,0,0,324,367,263,380,293,407,545,408,407,380,364,360,0,
2,1775670897840,7351,3043,3249,-4388455,-59864,317649,0,0,0,264,437,233,340,377,382,313,299,256,132,152,196,0,
1,1775670897856,-2292,641,9676,448375,-194255,91629,0,0,0,319,368,262,382,297,413,539,394,406,374,347,365,0,
2,1775670897856,5628,4359,5317,-4811174,398284,15882,0,0,0,261,437,231,338,378,381,312,303,259,132,150,195,0,
1,1775670897872,-2412,492,9533,416610,-166155,101403,0,0,0,320,375,262,382,301,411,543,379,405,370,335,369,0,
2,1775670897872,4814,4709,7068,-5349957,601091,85521,0,0,0,261,438,233,339,379,382,315,304,262,131,146,194,0,
1,1775670897888,-2455,435,9466,390953,-103847,113620,0,0,0,318,383,256,386,307,415,535,364,404,361,333,374,0,
2,1775670897888,4895,4259,8145,-5685933,844215,378736,0,0,0,260,437,231,339,377,381,315,300,260,131,147,192,0,
1,1775670897904,-2416,411,9466,370184,-46425,124616,0,0,0,321,383,254,389,312,423,534,348,403,363,322,377,0,
2,1775670897904,5106,3771,9246,-5826432,1318247,778242,0,0,0,258,437,229,337,376,379,316,300,258,131,148,193,0,
1,1775670897920,-2325,402,9499,346971,-6108,130725,0,0,0,330,374,252,392,315,424,535,338,399,356,317,381,0,
2,1775670897920,4915,3637,10940,-6013357,1797165,1187522,0,0,0,258,437,230,337,377,379,317,302,259,132,149,193,0,
1,1775670897936,-2230,349,9547,313984,7330,122173,0,0,0,326,371,247,395,325,419,546,323,395,352,305,394,0,
2,1775670897936,4627,3613,12993,-6290690,2062281,1530828,0,0,0,257,438,231,338,376,381,319,303,261,134,151,193,0,
1,1775670897952,-2153,282,9619,283441,4886,107512,0,0,0,327,371,246,396,333,422,543,310,400,341,297,404,0,
2,1775670897952,4599,3359,15544,-6615670,2256536,1814269,0,0,0,258,439,234,340,375,381,321,303,262,131,147,191,0,
1,1775670897968,-2187,220,9719,276111,-24434,107512,0,0,0,327,366,243,401,325,422,542,306,402,331,304,409,0,
2,1775670897968,4675,2828,18138,-6829473,2382374,1876578,0,0,0,259,439,236,343,376,381,320,304,262,128,144,187,0,
1,1775670897984,-2335,186,9786,289550,-65973,130725,0,0,0,328,390,243,393,328,422,538,293,410,323,291,424,0,
2,1775670897984,4790,2282,21751,-6955311,2445904,1802052,0,0,0,257,437,232,347,376,382,323,308,262,131,144,189,0,
1,1775670898000,-2502,162,9777,318871,-98960,178372,0,0,0,330,394,247,392,339,436,529,282,417,318,283,443,0,
2,1775670898000,5393,2048,26020,-7053050,2476447,1742187,0,0,0,259,437,236,350,380,383,323,310,263,136,150,193,0,
1,1775670898016,-2579,114,9753,351858,-114842,237015,0,0,0,343,390,253,397,341,450,520,270,421,311,269,454,0,
2,1775670898016,6216,1215,30959,-7184996,2571742,1804495,0,0,0,259,437,236,352,375,382,329,300,268,142,148,192,0,
1,1775670898032,-2636,67,9777,388510,-109955,305432,0,0,0,352,406,251,400,349,458,514,262,423,303,252,465,0,
2,1775670898032,5355,-3943,34979,-7291287,2984687,2145358,0,0,0,263,439,236,356,375,382,339,297,275,218,175,194,0,
1,1775670898048,-2660,67,9949,433714,-76969,355523,0,0,0,346,428,245,409,375,474,510,260,431,298,248,487,0,
2,1775670898048,2402,-14218,37472,-7059158,3396410,2494773,0,0,0,264,436,233,364,375,389,343,295,281,138,124,194,0,
1,1775670898064,-2550,28,10313,555887,-37873,405614,0,0,0,366,425,254,436,374,495,500,248,435,293,235,499,0,
2,1775670898064,-52,-30074,33668,-6029239,2580294,2331061,0,0,0,269,436,234,364,377,390,345,295,285,129,118,194,0,
1,1775670898080,-2368,-52,10772,725707,-46425,430049,0,0,0,389,422,248,468,379,497,490,249,437,278,227,512,0,
2,1775670898080,0,-44905,23646,-4322482,1436755,1248608,0,0,0,273,440,238,364,381,393,346,298,285,129,119,196,0,
1,1775670898096,-2144,-67,11548,994488,-122173,420275,0,0,0,409,414,237,482,375,509,470,213,462,286,188,536,0,
2,1775670898096,-4513,-51246,15673,-2091602,1331686,-923628,0,0,0,271,438,237,363,379,394,346,300,285,128,119,195,0,
1,1775670898112,-1928,-76,12328,1324355,-228463,389732,0,0,0,400,426,237,484,392,531,442,205,458,265,180,546,0,
2,1775670898112,-13342,-48255,15611,32986,1018923,-2619390,0,0,0,258,434,239,350,378,392,352,348,283,128,145,192,0,
1,1775670898128,-1799,-148,12983,1687209,-343306,343306,0,0,0,397,426,222,486,399,547,401,205,448,260,180,562,0,
2,1775670898128,-14448,-35386,20478,1609019,-667064,-2506990,0,0,0,245,408,218,343,368,378,395,423,272,142,188,182,0,
1,1775670898144,-2660,-244,13467,2172236,-422718,323758,0,0,0,423,423,210,477,377,553,372,199,446,260,169,570,0,
2,1775670898144,-1703,1631,22565,2836858,-3400075,-913854,0,0,0,248,370,190,340,346,365,447,465,264,165,232,176,0,
1,1775670898160,-3957,-268,14065,2740341,-409279,456927,0,0,0,426,423,200,468,407,558,331,187,465,246,162,569,0,
2,1775670898160,7810,25034,14381,3240029,-5062851,742812,0,0,0,259,353,183,338,330,368,479,481,270,197,289,174,0,
1,1775670898176,-4781,-86,15352,3461162,-290771,752585,0,0,0,418,416,194,445,390,548,278,165,462,226,141,561,0,
2,1775670898176,3225,11830,6666,4186870,-4720766,1660331,0,0,0,265,362,193,346,327,378,503,504,282,238,352,171,0,
1,1775670898192,-6144,210,17319,4360356,-173485,1147204,0,0,0,415,391,203,438,361,530,222,152,438,197,116,528,0,
2,1775670898192,-7767,-4335,18076,5283984,-2409252,1015258,0,0,0,271,376,226,359,333,393,520,520,299,253,378,180,0,
1,1775670898208,-8255,440,20397,5412266,-122173,1683544,0,0,0,402,383,215,417,349,502,192,146,425,165,101,467,0,
2,1775670898208,-6819,-3412,26412,4524067,-938289,-138055,0,0,0,281,396,259,371,348,405,536,536,313,227,353,191,0,
1,1775670898224,-10074,402,24445,6448293,-163711,2243097,0,0,0,367,375,211,378,326,463,180,136,402,145,94,385,0,
2,1775670898224,583,717,21296,2536312,-548556,-324980,0,0,0,290,420,291,380,363,416,545,545,310,222,325,214,0,
1,1775670898240,-10863,617,28408,7345043,-223576,2759889,0,0,0,324,343,200,346,285,418,182,139,356,137,94,294,0,
2,1775670898240,2603,1445,13199,1007927,-321315,106290,0,0,0,306,440,316,392,374,426,556,558,306,230,330,230,0,
1,1775670898256,-9997,2010,30227,7957130,62308,3202155,0,0,0,280,317,201,308,241,362,225,177,321,136,122,210,0,
2,1775670898256,559,737,9341,543670,-53756,306654,0,0,0,338,452,322,407,379,434,552,564,308,242,330,254,0,
1,1775670898272,-10279,3517,29906,8334645,642630,3544240,0,0,0,237,291,194,267,207,298,281,233,282,147,188,124,0,
2,1775670898272,320,971,9782,548556,114842,117286,0,0,0,343,465,325,416,389,444,573,575,319,314,392,262,0,
1,1775670898288,-12945,7724,21890,8310210,1117883,3754377,0,0,0,250,281,216,263,185,284,301,242,280,157,208,123,0,
2,1775670898288,1316,1373,10284,494800,32986,-1221,0,0,0,366,478,343,425,397,453,569,567,315,281,351,281,0,
1,1775670898304,-14003,12538,12423,7533190,1012814,3977954,0,0,0,243,289,225,263,186,281,295,246,275,192,212,136,0,
2,1775670898304,1531,1454,10189,392175,-168598,-1221,0,0,0,368,488,333,431,404,462,572,567,319,272,318,302,0,
1,1775670898320,-10327,16659,8485,4819726,425162,3650530,0,0,0,233,289,219,260,189,290,295,253,276,159,220,131,0,
2,1775670898320,957,1330,10122,349414,-215024,4886,0,0,0,382,491,340,442,405,466,528,526,352,266,296,317,0,
1,1775670898336,-4154,17913,9648,59864,566882,1456302,0,0,0,239,293,213,264,190,286,299,256,272,160,221,129,0,
2,1775670898336,732,1392,10203,350636,-144164,-3665,0,0,0,391,497,346,445,405,468,548,532,347,266,281,331,0,
1,1775670898352,-2483,13984,8686,-3247359,1402546,-810007,0,0,0,239,295,211,262,190,282,308,261,274,164,223,129,0,
2,1775670898352,827,1584,10361,399505,-63529,-18325,0,0,0,396,496,344,450,406,478,572,534,339,272,269,347,0,
1,1775670898368,-5417,7958,5297,-4065919,1866804,-1760513,0,0,0,235,295,213,250,222,275,310,260,273,166,226,129,0,
2,1775670898368,832,1617,10356,488692,24434,-30543,0,0,0,403,493,342,449,405,484,572,506,338,330,319,353,0,
1,1775670898384,-8035,4508,2780,-3914424,1390329,-1599245,0,0,0,232,297,215,259,207,283,308,260,272,166,228,128,0,
2,1775670898384,851,1421,10169,568104,108734,-35430,0,0,0,410,492,340,445,405,487,566,478,338,360,340,356,0,
1,1775670898400,-7647,4316,2780,-3733608,389732,-949284,0,0,0,230,299,216,263,195,288,307,262,272,164,230,128,0,
2,1775670898400,1028,1139,9992,581543,135612,-36651,0,0,0,418,492,336,448,410,492,562,463,345,295,258,372,0,
1,1775670898416,-5058,5269,4742,-4164879,-69638,-693942,0,0,0,229,301,216,262,200,290,310,265,273,164,230,126,0,
2,1775670898416,1186,933,9873,549778,105068,-46425,0,0,0,428,499,338,449,413,492,559,447,351,230,181,396,0,
1,1775670898432,-3881,5599,6652,-4851491,57421,-890641,0,0,0,230,301,218,263,202,292,313,268,275,164,232,124,0,
2,1775670898432,1282,880,9849,509461,43982,-70860,0,0,0,431,499,332,451,417,490,552,429,351,233,177,408,0,
1,1775670898448,-5053,4838,8226,-5613851,157603,-1332907,0,0,0,231,301,219,264,198,291,312,266,277,166,233,125,0,
2,1775670898448,1296,871,9863,476474,-12217,-107512,0,0,0,439,504,337,460,425,499,548,407,351,233,170,419,0,
1,1775670898464,-6264,3771,9629,-6134308,-190589,-1643227,0,0,0,231,298,218,263,196,289,312,265,278,166,233,125,0,
2,1775670898464,1253,837,9877,439822,-56199,-138055,0,0,0,447,510,347,458,422,503,554,393,359,233,165,428,0,
1,1775670898480,-6326,2928,11280,-6449515,-685390,-1850921,0,0,0,231,298,220,264,195,290,317,264,274,163,231,122,0,
2,1775670898480,1139,784,9920,409279,-83077,-147829,0,0,0,447,510,339,455,425,500,544,376,359,253,182,444,0,
1,1775670898496,-6259,2057,13266,-6681643,-949284,-2056172,0,0,0,230,298,222,265,196,290,314,263,273,165,231,122,0,
2,1775670898496,1038,746,10007,404392,-80634,-147829,0,0,0,446,511,331,465,441,504,537,353,373,278,199,441,0,
1,1775670898512,-6996,985,15238,-6822142,-1153313,-2145358,0,0,0,230,299,220,265,199,290,314,263,273,172,236,127,0,
2,1775670898512,985,708,10112,426383,-37873,-145385,0,0,0,458,523,343,465,443,503,535,338,368,277,192,453,0,
1,1775670898528,-7633,0,17573,-6824586,-1445307,-1997529,0,0,0,234,300,222,265,197,292,315,263,276,169,234,127,0,
2,1775670898528,1038,636,10189,478918,21991,-145385,0,0,0,460,526,333,463,448,496,528,310,367,316,217,482,0,
1,1775670898544,-7829,-765,20512,-6757391,-1663996,-1802052,0,0,0,235,297,223,266,195,290,317,264,275,166,231,122,0,
2,1775670898544,1201,555,10208,544891,53756,-157603,0,0,0,466,527,330,467,450,499,521,289,372,337,231,495,0,
1,1775670898560,-8729,-1698,24053,-6642548,-1693318,-1778839,0,0,0,235,298,224,267,194,291,318,264,278,166,228,124,0,
2,1775670898560,1320,464,10174,602313,28099,-180816,0,0,0,471,526,333,472,449,512,508,269,384,345,236,502,0,
1,1775670898576,-10576,-3771,27757,-6502049,-1863138,-1965764,0,0,0,236,298,224,267,194,291,314,264,279,164,227,122,0,
2,1775670898576,1325,368,10141,660956,0,-212581,0,0,0,475,531,333,479,456,525,498,250,393,326,219,512,0,
1,1775670898592,-11083,-7939,30662,-6433632,-2550973,-2235766,0,0,0,231,299,222,268,197,292,313,262,279,165,228,122,0,
2,1775670898592,1234,287,10222,715934,0,-238237,0,0,0,484,537,334,484,464,536,488,236,394,299,198,524,0,
1,1775670898608,-7877,-17315,32514,-6414085,-3318219,-2268753,0,0,0,229,300,222,270,200,296,313,261,283,167,230,122,0,
2,1775670898608,1220,272,10681,810007,39095,-250454,0,0,0,493,542,331,488,469,542,470,226,396,291,194,540,0,
1,1775670898624,-3622,-29418,29734,-6111095,-3105638,-1760513,0,0,0,229,301,223,271,202,300,313,261,287,171,232,123,0,
2,1775670898624,1359,311,11356,978606,94073,-268780,0,0,0,496,545,315,491,473,542,450,217,404,293,198,554,0,
1,1775670898640,780,-40693,21636,-4962669,-2299296,-497244,0,0,0,230,304,224,271,202,300,313,264,287,173,235,125,0,
2,1775670898640,1378,325,12155,1295034,144164,-299323,0,0,0,502,545,297,491,480,539,433,214,413,288,194,567,0,
1,1775670898656,8523,-46207,15166,-2820975,-1765400,1029918,0,0,0,231,306,220,273,203,296,320,266,286,182,244,121,0,
2,1775670898656,1086,277,12725,1700648,173485,-310319,0,0,0,509,551,284,496,489,540,401,210,425,287,187,588,0,
1,1775670898672,15333,-47006,14127,-846659,-810007,1615127,0,0,0,231,299,204,279,200,283,346,298,274,217,287,112,0,
2,1775670898672,823,134,13036,2158797,217468,-277332,0,0,0,512,545,266,504,499,551,369,200,415,266,174,591,0,
1,1775670898688,14654,-35721,18525,1136209,1103222,913854,0,0,0,238,268,188,282,180,260,406,382,256,264,359,98,0,
2,1775670898688,1464,-33,13816,2695137,277332,-261450,0,0,0,525,548,255,495,508,565,346,194,413,261,171,599,0,
1,1775670898704,4493,-5206,18616,3114190,3196046,-246789,0,0,0,245,246,156,278,161,239,448,432,243,308,401,83,0,
2,1775670898704,2340,-52,15108,3302337,270002,-335975,0,0,0,511,539,238,492,517,562,302,183,415,261,170,601,0,
1,1775670898720,-5183,19066,12194,4541172,3729943,-982271,0,0,0,252,246,147,285,163,240,464,464,260,346,418,78,0,
2,1775670898720,3149,119,16774,4047593,177150,-498466,0,0,0,511,533,243,486,504,562,273,158,393,251,170,583,0,
1,1775670898736,-52,6140,15410,5948605,1754404,-620639,0,0,0,269,258,146,312,166,255,474,474,266,397,432,88,0,
2,1775670898736,4484,210,19033,5005429,21991,-775798,0,0,0,509,524,237,484,489,542,265,151,405,241,157,537,0,
1,1775670898752,3953,-5412,24460,5839871,224798,244346,0,0,0,258,271,197,301,177,278,488,487,278,397,435,94,0,
2,1775670898752,5608,315,22794,6106208,-75747,-1127657,0,0,0,474,506,235,473,481,532,252,148,401,218,142,450,0,
1,1775670898768,-1397,-4297,23086,3508809,105068,700051,0,0,0,251,291,238,305,194,312,492,492,290,411,442,114,0,
2,1775670898768,6628,258,27796,7132462,19547,-1414763,0,0,0,416,481,217,456,462,506,263,155,376,202,136,386,0,
1,1775670898784,-5374,-248,15257,1459967,216246,298102,0,0,0,267,306,254,315,205,345,499,500,306,427,451,153,0,
2,1775670898784,7772,670,31442,8010886,404392,-1729970,0,0,0,360,458,207,413,429,457,274,170,331,177,126,335,0,
1,1775670898800,-3972,1277,8882,715934,141720,-251676,0,0,0,300,322,263,332,214,339,514,507,315,427,466,183,0,
2,1775670898800,7355,2335,32854,8599760,709825,-2125811,0,0,0,297,435,217,365,391,410,291,215,292,137,110,257,0,
1,1775670898816,-2455,33,8978,503352,155159,-173485,0,0,0,313,351,264,342,238,337,528,514,313,419,477,207,0,
2,1775670898816,8269,5025,29777,8945510,984714,-2636494,0,0,0,271,422,230,335,367,385,307,254,276,113,105,205,0,
1,1775670898832,-2426,-76,10131,211359,268780,-6108,0,0,0,318,364,267,351,252,348,533,509,309,419,485,226,0,
2,1775670898832,10203,9408,20267,8797681,967610,-3232698,0,0,0,275,421,235,329,362,383,314,280,276,111,111,197,0,
1,1775670898848,-2723,789,10208,111177,316428,28099,0,0,0,330,360,280,364,251,362,533,497,313,431,482,248,0,
2,1775670898848,9126,12270,13649,7626041,167377,-3957185,0,0,0,274,422,235,331,364,385,313,294,273,113,117,198,0,
1,1775670898864,-2455,1287,9920,182037,278554,23212,0,0,0,338,362,291,371,259,376,534,487,324,443,470,277,0,
2,1775670898864,4230,18028,9992,4124562,-935845,-3679852,0,0,0,272,425,234,331,365,381,310,291,265,114,115,198,0,
1,1775670898880,-2086,1072,9897,288328,152716,28099,0,0,0,335,370,293,367,284,386,534,476,335,440,456,308,0,
2,1775670898880,1397,20890,8442,-1494176,-1855808,-1660331,0,0,0,271,426,231,334,368,379,314,292,265,117,114,197,0,
1,1775670898896,-2258,914,10035,312763,23212,42760,0,0,0,342,382,289,385,310,385,534,463,341,429,430,326,0,
2,1775670898896,3479,13510,8786,-5638286,-2364048,356745,0,0,0,271,428,232,336,369,382,314,289,264,118,115,197,0,
1,1775670898912,-2469,961,10088,345749,-40317,58643,0,0,0,344,387,296,383,318,399,531,447,366,414,418,333,0,
2,1775670898912,6389,4972,7221,-6805038,-2343279,1017701,0,0,0,262,428,232,336,371,383,319,295,265,117,118,198,0,
1,1775670898928,-2440,933,9935,390953,-59864,68416,0,0,0,348,413,296,388,344,391,531,448,369,407,413,351,0,
2,1775670898928,7427,2962,4498,-5969375,-1633453,470366,0,0,0,259,433,236,339,373,385,323,299,267,117,118,198,0,
1,1775670898944,-2445,799,9724,405614,-64751,76969,0,0,0,345,396,284,386,314,392,531,418,364,398,397,351,0,
2,1775670898944,7255,3067,3302,-5442809,-634078,-70860,0,0,0,259,435,235,337,373,384,318,299,264,117,119,198,0,
1,1775670898960,-2526,650,9552,377514,-34208,87964,0,0,0,349,403,293,384,322,404,525,410,364,386,381,363,0,
2,1775670898960,5455,4216,4943,-5645616,168598,-227241,0,0,0,260,436,236,335,372,383,318,299,265,117,122,197,0,
1,1775670898976,-2507,593,9514,338419,23212,100181,0,0,0,349,411,299,389,320,402,518,396,355,384,371,367,0,
2,1775670898976,3895,4326,6972,-6012135,412944,96516,0,0,0,259,437,237,336,372,384,319,301,266,114,118,195,0,
1,1775670898992,-2383,583,9566,316428,59864,109955,0,0,0,356,407,298,395,316,401,509,382,341,382,365,365,0,
2,1775670898992,3871,3780,7882,-6175847,597426,537561,0,0,0,258,437,237,335,370,382,320,302,268,116,120,195,0,
1,1775670899008,-2244,603,9643,316428,50090,107512,0,0,0,358,410,302,392,318,413,512,369,349,374,350,375,0,
2,1775670899008,4623,3019,8437,-6183177,1047023,930958,0,0,0,258,437,237,336,371,382,318,300,269,118,121,194,0,
1,1775670899024,-2211,612,9691,332310,20769,102625,0,0,0,358,419,301,386,322,418,510,356,356,368,338,381,0,
2,1775670899024,4192,2694,9968,-6162408,1616349,1126435,0,0,0,258,436,238,336,371,383,319,301,269,118,121,195,0,
1,1775670899040,-2244,569,9696,364075,-17104,100181,0,0,0,355,419,287,395,326,415,502,341,353,366,331,385,0,
2,1775670899040,3426,2641,11768,-6184399,1876578,1199739,0,0,0,258,436,237,336,375,383,323,302,270,122,124,198,0,
1,1775670899056,-2244,464,9715,390953,-54977,105068,0,0,0,355,415,280,415,327,421,502,324,359,364,322,395,0,
2,1775670899056,3086,2469,13649,-6255260,1931555,1142317,0,0,0,259,438,238,338,378,384,312,304,277,121,124,196,0,
1,1775670899072,-2239,358,9729,411723,-97738,116064,0,0,0,358,420,282,421,328,433,506,310,373,354,307,404,0,
2,1775670899072,3082,2163,16176,-6374989,1964542,888198,0,0,0,260,439,240,339,375,384,311,305,280,117,120,195,0,
1,1775670899088,-2282,287,9753,431270,-140499,135612,0,0,0,362,428,273,407,335,436,492,302,376,336,291,415,0,
2,1775670899088,3077,2273,18841,-6494719,2032959,656069,0,0,0,259,439,240,338,373,384,329,305,276,118,121,197,0,
1,1775670899104,-2421,287,9820,466701,-169820,163711,0,0,0,385,427,272,404,339,435,485,296,379,331,281,429,0,
2,1775670899104,3024,2541,22823,-6620557,2190562,658512,0,0,0,259,439,240,337,373,383,330,304,276,118,121,196,0,
1,1775670899120,-2593,268,9844,513126,-162490,204028,0,0,0,392,428,253,417,352,446,481,274,379,328,263,443,0,
2,1775670899120,2660,1852,27226,-6698748,2313957,1054353,0,0,0,258,436,240,341,373,386,332,302,276,118,118,196,0,
1,1775670899136,-2680,148,9868,565661,-142942,257785,0,0,0,376,446,262,417,371,458,478,273,386,312,253,453,0,
2,1775670899136,2794,-2770,31050,-6664539,2334726,1893682,0,0,0,258,436,240,340,370,385,335,299,281,118,117,197,0,
1,1775670899152,-2761,62,10035,641408,-128281,324980,0,0,0,401,446,262,447,358,459,477,248,402,321,238,493,0,
2,1775670899152,3603,-11974,33232,-6431189,2372600,2514321,0,0,0,262,436,240,347,375,391,338,296,281,119,115,194,0,
1,1775670899168,-2718,-33,10275,747699,-107512,383623,0,0,0,417,460,272,451,388,477,465,234,418,301,228,513,0,
2,1775670899168,4331,-24857,31796,-5784893,2135584,2337170,0,0,0,263,436,240,348,372,394,339,296,285,118,115,197,0,
1,1775670899184,-2493,-86,10763,889419,-106290,427605,0,0,0,430,454,258,458,392,483,460,229,421,302,220,536,0,
2,1775670899184,2124,-37405,24307,-4163657,1838704,1153313,0,0,0,261,434,236,347,372,395,341,300,287,138,123,197,0,
1,1775670899200,-2211,-86,11442,1105666,-147829,431270,0,0,0,438,464,250,474,421,497,434,221,423,297,213,556,0,
2,1775670899200,-4532,-43550,18310,-2230879,1831373,-129503,0,0,0,267,439,242,348,373,395,342,301,285,126,118,198,0,
1,1775670899216,-2024,-224,11998,1428202,-215024,389732,0,0,0,433,480,237,486,448,507,405,217,428,287,217,556,0,
2,1775670899216,-10801,-44297,16836,-474031,1045801,-879645,0,0,0,256,435,237,347,377,395,344,327,282,140,161,195,0,
1,1775670899232,-1832,-325,12548,1780061,-305432,329867,0,0,0,427,477,232,488,449,526,369,210,434,274,209,560,0,
2,1775670899232,-10232,-39037,17315,1211956,-377514,-1097113,0,0,0,245,418,215,347,373,383,380,411,268,153,201,183,0,
1,1775670899248,-2340,-392,13227,2240653,-487470,304210,0,0,0,430,460,226,474,448,544,317,202,442,266,205,566,0,
2,1775670899248,-2565,-12376,20483,2741563,-1751961,-737925,0,0,0,244,384,192,337,350,368,425,463,259,162,232,173,0,
1,1775670899264,-3211,-449,13893,2719572,-607200,378736,0,0,0,450,444,222,472,450,547,263,199,445,255,194,574,0,
2,1775670899264,5393,20818,14725,3630982,-3330437,237015,0,0,0,253,362,186,333,332,368,462,473,267,193,288,171,0,
1,1775670899280,-4216,-349,15041,3423288,-558330,576656,0,0,0,466,454,218,474,469,534,240,198,435,233,179,570,0,
2,1775670899280,3541,16089,8930,4754975,-3869220,863763,0,0,0,262,370,196,346,335,386,488,489,285,229,344,177,0,
1,1775670899296,-5685,-229,16745,4222300,-427605,860098,0,0,0,460,476,223,458,480,519,240,186,430,208,165,543,0,
2,1775670899296,-4091,-3445,15582,5960823,-2520429,756251,0,0,0,263,380,218,357,341,401,508,508,295,244,360,188,0,
1,1775670899312,-7676,-392,19425,5067738,-326202,1276708,0,0,0,460,440,253,459,410,506,189,157,449,185,115,510,0,
2,1775670899312,-5216,-4900,25833,5214345,-542448,-195476,0,0,0,267,398,254,366,353,406,523,522,301,247,352,203,0,
1,1775670899328,-10050,-138,23570,6065891,-189368,1854586,0,0,0,404,404,235,425,374,481,180,143,428,163,101,431,0,
2,1775670899328,210,708,23728,3470936,133168,-676838,0,0,0,290,430,282,379,370,420,536,536,315,234,331,234,0,
1,1775670899344,-11806,689,27370,6993185,204028,2450791,0,0,0,352,378,203,359,320,427,175,153,366,144,106,324,0,
2,1775670899344,2967,1454,15300,1852143,118507,-243124,0,0,0,318,452,290,411,382,437,550,552,320,278,355,272,0,
1,1775670899360,-12950,2148,29514,7792196,849102,3033556,0,0,0,286,342,206,312,269,379,194,177,333,135,124,257,0,
2,1775670899360,2335,-220,10208,812450,40317,178372,0,0,0,346,463,305,418,394,451,558,559,326,244,308,306,0,
1,1775670899376,-12672,4130,29700,8536230,1067792,3628539,0,0,0,241,307,195,267,222,307,250,227,285,138,188,148,0,
2,1775670899376,961,-512,9729,333532,-51312,189368,0,0,0,363,471,326,420,394,452,564,565,323,252,316,318,0,
1,1775670899392,-11916,6312,26977,8945510,1059240,3974289,0,0,0,242,282,214,253,185,288,294,243,278,160,211,127,0,
2,1775670899392,1253,741,10342,167377,-141720,34208,0,0,0,378,478,326,421,394,454,563,565,321,258,316,326,0,
1,1775670899408,-12873,10983,17032,8426275,852767,4150218,0,0,0,239,290,221,258,186,293,300,253,282,162,224,130,0,
2,1775670899408,1435,1330,10323,86742,-202807,-12217,0,0,0,391,483,335,424,396,455,563,570,317,259,313,331,0,
1,1775670899424,-11605,15573,10275,6285803,304210,3998723,0,0,0,232,298,218,260,196,297,295,256,277,159,226,132,0,
2,1775670899424,1344,1349,10179,78190,-183259,1221,0,0,0,397,485,335,425,400,457,566,574,322,254,304,333,0,
1,1775670899440,-6101,19617,9533,1888795,61086,2616946,0,0,0,232,300,219,259,196,296,297,259,274,160,224,130,0,
2,1775670899440,1282,1320,10232,139277,-149051,0,0,0,0,404,486,332,430,403,460,565,569,320,255,293,344,0,
1,1775670899456,-2388,16496,9911,-2957809,1257160,-153938,0,0,0,236,301,220,260,194,295,303,262,276,161,223,131,0,
2,1775670899456,1162,1402,10346,245567,-125838,-29321,0,0,0,413,490,331,430,403,459,558,555,318,252,280,355,0,
1,1775670899472,-5192,9772,6824,-4631580,2158797,-1571145,0,0,0,236,302,219,263,195,294,300,258,279,166,225,134,0,
2,1775670899472,1067,1483,10303,346971,-43982,-43982,0,0,0,418,494,330,430,403,458,555,543,323,249,267,360,0,
1,1775670899488,-9026,5479,3259,-4414112,1321912,-1222952,0,0,0,233,302,220,263,194,295,295,255,280,170,229,135,0,
2,1775670899488,1105,1387,10117,445931,56199,-48869,0,0,0,419,494,325,436,415,464,550,527,328,253,256,367,0,
1,1775670899504,-8566,4757,2814,-4256508,2443,-485026,0,0,0,229,304,220,260,196,295,305,264,282,166,230,134,0,
2,1775670899504,1234,1143,9897,496022,92851,-53756,0,0,0,421,497,323,438,420,469,540,504,328,260,247,377,0,
1,1775670899520,-5317,5594,4862,-4585154,-698829,-54977,0,0,0,229,303,222,262,197,296,304,264,282,165,230,135,0,
2,1775670899520,1335,1014,9796,505796,72082,-58643,0,0,0,429,506,327,434,411,468,538,485,335,302,259,381,0,
1,1775670899536,-3977,5819,7126,-5343849,-465479,-245567,0,0,0,230,303,222,264,198,298,306,264,281,166,232,134,0,
2,1775670899536,1426,1000,9801,496022,18325,-62308,0,0,0,439,509,331,441,422,476,543,472,346,368,275,383,0,
1,1775670899552,-4603,5087,8509,-5960823,-477696,-530231,0,0,0,231,307,227,261,197,298,306,265,282,166,232,131,0,
2,1775670899552,1521,952,9839,487470,-46425,-68416,0,0,0,441,516,331,442,436,477,537,451,344,239,195,415,0,
1,1775670899568,-4814,3814,9825,-6263812,-1043357,-780685,0,0,0,231,309,227,261,207,298,305,265,280,166,232,130,0,
2,1775670899568,1507,818,9863,469144,-114842,-86742,0,0,0,449,520,333,449,442,485,528,432,356,244,193,431,0,
1,1775670899584,-4010,3053,11505,-6400645,-1532050,-1058018,0,0,0,230,304,226,263,200,299,305,264,280,168,232,131,0,
2,1775670899584,1392,746,9906,456927,-145385,-105068,0,0,0,456,522,338,458,442,492,529,413,356,241,182,441,0,
1,1775670899600,-3694,2780,13304,-6550918,-1654223,-1358564,0,0,0,229,303,225,265,199,297,306,265,279,168,234,130,0,
2,1775670899600,1258,698,9949,459370,-125838,-114842,0,0,0,461,523,346,456,439,496,520,395,356,247,180,451,0,
1,1775670899616,-4560,2244,15678,-6764721,-1750739,-1612684,0,0,0,229,302,224,264,198,297,308,267,280,167,233,127,0,
2,1775670899616,1196,612,10002,475253,-78190,-118507,0,0,0,475,527,338,463,447,498,519,371,360,261,179,468,0,
1,1775670899632,-5317,1407,18339,-6890559,-1990198,-1649336,0,0,0,230,303,226,265,199,300,307,267,280,166,232,126,0,
2,1775670899632,1287,550,10102,496022,-30543,-125838,0,0,0,486,529,352,467,450,502,509,341,361,258,172,485,0,
1,1775670899648,-5451,354,21584,-6919881,-2206445,-1585806,0,0,0,231,304,227,268,197,299,308,265,280,168,232,127,0,
2,1775670899648,1555,526,10227,536339,0,-156381,0,0,0,491,537,357,462,446,503,484,303,360,257,165,502,0,
1,1775670899664,-5661,-579,24718,-6862460,-2274862,-1698205,0,0,0,232,303,227,267,196,296,311,263,280,169,231,128,0,
2,1775670899664,1732,449,10289,596204,7330,-212581,0,0,0,498,541,339,473,459,510,480,281,368,279,179,515,0,
1,1775670899680,-6192,-2282,28394,-6638883,-2394591,-2223549,0,0,0,230,305,229,265,198,297,309,260,280,168,230,128,0,
2,1775670899680,1636,306,10452,691499,3665,-274889,0,0,0,498,544,325,475,473,510,478,263,372,287,186,538,0,
1,1775670899696,-6389,-5795,32414,-6372546,-2764776,-3000570,0,0,0,229,305,230,269,198,303,308,256,282,172,227,129,0,
2,1775670899696,1536,215,10691,819781,-29321,-310319,0,0,0,506,545,326,477,476,513,466,244,376,285,184,554,0,
1,1775670899712,-5910,-13323,35486,-6287025,-3116634,-3665191,0,0,0,230,306,231,268,195,306,318,258,290,174,221,127,0,
2,1775670899712,1785,90,10897,989601,-58643,-338419,0,0,0,515,548,321,490,482,523,444,231,379,285,182,562,0,
1,1775670899728,-6389,-27197,31959,-6296798,-2629163,-3334102,0,0,0,228,308,221,272,203,303,323,261,286,174,224,120,0,
2,1775670899728,1828,71,11548,1205847,-39095,-403171,0,0,0,516,555,304,500,494,531,415,221,380,300,199,573,0,
1,1775670899744,-5111,-42856,23239,-5497787,-2258979,-1817934,0,0,0,228,312,222,273,207,304,324,266,283,178,232,123,0,
2,1775670899744,1493,201,12557,1510058,-64751,-442266,0,0,0,513,563,289,499,504,531,382,210,385,326,231,585,0,
1,1775670899760,6345,-50050,16630,-3259576,-2320066,332310,0,0,0,230,310,223,276,202,305,328,264,284,181,230,126,0,
2,1775670899760,1048,263,13357,1903456,-167377,-410501,0,0,0,516,568,274,498,511,534,348,210,385,312,225,595,0,
1,1775670899776,17559,-49734,15553,-813672,-1238834,1400103,0,0,0,229,287,207,274,189,283,370,333,276,229,312,110,0,
2,1775670899776,780,162,13759,2434908,-169820,-337197,0,0,0,524,571,270,492,516,537,318,207,387,287,213,595,0,
1,1775670899792,14692,-39789,20004,1502728,1554041,985936,0,0,0,240,261,161,274,171,239,437,413,250,278,385,87,0,
2,1775670899792,1244,71,14568,2995683,-76969,-301767,0,0,0,529,560,264,480,511,533,279,200,377,276,207,600,0,
1,1775670899808,-315,-7652,17099,3795916,4388455,445931,0,0,0,246,254,147,281,165,235,449,449,256,314,413,84,0,
2,1775670899808,2656,191,16525,3778812,-58643,-389732,0,0,0,532,558,249,484,519,538,263,193,387,268,182,600,0,
1,1775670899824,-6144,11682,13792,5287649,5194797,174707,0,0,0,238,255,136,286,163,249,475,478,261,363,429,82,0,
2,1775670899824,4426,373,18899,4723210,-185703,-629191,0,0,0,532,546,264,474,508,537,244,163,386,245,165,583,0,
1,1775670899840,866,3919,19770,6050009,2880840,109955,0,0,0,238,259,148,292,167,265,493,494,271,394,443,89,0,
2,1775670899840,6077,507,22091,5897293,-393397,-1059240,0,0,0,513,523,254,470,492,524,249,150,384,231,150,501,0,
1,1775670899856,4053,-3843,26326,5428148,676838,421497,0,0,0,251,275,187,305,184,290,502,502,302,409,452,101,0,
2,1775670899856,7499,354,26379,7073819,-471587,-1507615,0,0,0,459,500,236,451,474,504,248,156,365,216,144,428,0,
1,1775670899872,-1335,-2948,22254,3259576,-59864,488692,0,0,0,260,292,221,324,202,318,515,513,334,415,462,133,0,
2,1775670899872,8781,650,30887,8134281,-175929,-1937664,0,0,0,390,478,215,427,449,474,265,167,343,193,130,370,0,
1,1775670899888,-4393,-339,13208,1467298,-67195,52534,0,0,0,271,301,242,340,210,341,532,524,339,414,475,176,0,
2,1775670899888,8853,2593,33069,8875871,423940,-2357939,0,0,0,326,451,216,379,411,429,280,214,301,151,115,303,0,
1,1775670899904,-3058,521,5585,529009,130725,-296880,0,0,0,301,311,257,353,211,356,536,524,327,420,486,205,0,
2,1775670899904,8097,5489,32270,9380446,1028697,-2904053,0,0,0,279,428,230,338,370,387,299,251,273,118,103,225,0,
1,1775670899920,-1756,23,7537,234572,199142,-167377,0,0,0,322,338,260,367,223,364,531,520,339,432,488,233,0,
2,1775670899920,9045,8729,24958,9426872,1103222,-3478266,0,0,0,270,422,236,328,360,379,310,278,272,110,109,198,0,
1,1775670899936,-1952,392,10643,128281,211359,-24434,0,0,0,313,361,296,360,242,383,546,536,352,434,481,261,0,
2,1775670899936,10155,11730,15242,8560665,375071,-4131892,0,0,0,274,425,235,321,382,375,310,293,273,113,117,201,0,
1,1775670899952,-2292,1177,11083,140499,227241,20769,0,0,0,314,378,286,359,257,379,553,523,347,429,487,282,0,
2,1775670899952,6001,17133,10361,5872858,-395840,-3913202,0,0,0,272,428,232,318,387,370,309,294,265,116,116,201,0,
1,1775670899968,-1962,1277,10098,237015,193033,20769,0,0,0,319,370,294,364,265,394,541,507,347,429,471,311,0,
2,1775670899968,1478,21153,9442,751364,-1209513,-1480737,0,0,0,272,431,230,334,367,380,310,293,260,118,114,199,0,
1,1775670899984,-1737,1100,9916,323758,107512,29321,0,0,0,330,376,293,371,268,404,541,483,356,417,459,326,0,
2,1775670899984,2043,16846,9542,-4728096,-2351831,1631010,0,0,0,275,432,232,341,369,384,316,296,261,117,112,196,0,
1,1775670900000,-1852,1019,10251,371406,26878,47647,0,0,0,332,386,291,376,272,400,541,464,356,425,425,339,0,
2,1775670900000,7039,7642,8413,-6481280,-2736676,2629163,0,0,0,271,433,233,340,368,382,321,300,264,119,115,197,0,
1,1775670900016,-1880,1005,10251,414166,-36651,67195,0,0,0,340,390,269,390,270,398,542,448,356,417,410,349,0,
2,1775670900016,8982,3938,5714,-6028018,-1815491,1671327,0,0,0,262,437,234,343,372,386,319,299,262,115,113,196,0,
1,1775670900032,-1832,899,9973,438601,-105068,72082,0,0,0,342,392,257,393,277,408,534,431,355,396,399,351,0,
2,1775670900032,7776,3661,4580,-5641951,-626747,575435,0,0,0,261,437,234,342,372,385,317,298,260,118,118,197,0,
1,1775670900048,-1919,770,9724,414166,-130725,67195,0,0,0,338,395,261,393,285,414,527,410,352,381,383,353,0,
2,1775670900048,5412,4091,5704,-5707924,89186,-24434,0,0,0,261,436,232,342,373,387,317,298,258,118,118,197,0,
1,1775670900064,-2053,674,9595,381179,-108734,69638,0,0,0,336,397,271,396,282,413,521,382,353,372,361,364,0,
2,1775670900064,3752,4067,7724,-6018244,328645,-166155,0,0,0,260,438,235,341,371,384,319,304,262,115,117,194,0,
1,1775670900080,-2091,612,9571,364075,-51312,83077,0,0,0,340,395,272,402,276,415,517,360,360,372,348,375,0,
2,1775670900080,3182,4087,9160,-6272364,521678,-62308,0,0,0,261,439,235,341,379,386,320,305,260,115,117,194,0,
1,1775670900096,-2053,574,9600,357967,-8552,97738,0,0,0,346,395,261,405,281,418,516,352,368,377,344,379,0,
2,1775670900096,3297,4130,10342,-6471506,895528,227241,0,0,0,262,440,237,331,366,377,315,301,260,112,116,191,0,
1,1775670900112,-1971,545,9657,348193,9773,112399,0,0,0,347,394,253,400,286,415,511,344,372,368,328,394,0,
2,1775670900112,3321,3986,11849,-6655987,1336573,568104,0,0,0,258,437,234,335,369,381,318,304,260,113,116,194,0,
1,1775670900128,-1895,516,9705,328645,10995,117286,0,0,0,346,403,253,401,294,419,512,340,377,358,313,412,0,
2,1775670900128,3187,3637,13783,-6814812,1678657,866206,0,0,0,258,437,234,338,370,383,320,306,264,114,118,195,0,
1,1775670900144,-1847,497,9772,322536,3665,117286,0,0,0,357,406,255,412,296,439,508,317,364,355,302,406,0,
2,1775670900144,3220,3216,16314,-6961420,1926668,1039692,0,0,0,259,438,234,342,371,386,322,305,267,117,121,195,0,
1,1775670900160,-1842,454,9897,351858,-20769,119729,0,0,0,356,422,241,419,323,419,501,303,375,352,293,408,0,
2,1775670900160,3321,2732,19061,-7100697,2129476,1060462,0,0,0,259,438,236,342,371,387,324,305,270,119,120,196,0,
1,1775670900176,-1938,402,9992,401949,-52534,138055,0,0,0,352,424,273,411,327,439,495,284,398,336,278,428,0,
2,1775670900176,3508,2191,22866,-7248526,2233323,1005484,0,0,0,258,438,238,341,371,387,326,305,272,117,118,195,0,
1,1775670900192,-2163,344,10011,470366,-68416,186924,0,0,0,365,437,263,429,339,437,490,276,400,328,259,434,0,
2,1775670900192,4020,1770,27595,-7387804,2210110,1076344,0,0,0,259,437,239,343,373,388,329,302,274,116,115,195,0,
1,1775670900208,-2392,291,9940,535117,-54977,267558,0,0,0,382,437,268,430,341,444,486,260,391,318,253,445,0,
2,1775670900208,4848,421,32519,-7556403,2155132,1490511,0,0,0,261,436,239,343,372,387,331,301,275,117,113,195,0,
1,1775670900224,-2431,229,9935,592539,-30543,357967,0,0,0,386,448,261,431,362,464,474,247,393,308,242,460,0,
2,1775670900224,5637,-5915,34955,-7591833,2506990,2179567,0,0,0,261,436,237,347,371,388,334,300,276,117,112,195,0,
1,1775670900240,-2316,119,10083,663399,-7330,442266,0,0,0,384,467,264,439,407,490,462,240,404,291,229,469,0,
2,1775670900240,4608,-17243,35711,-7110471,3026226,2590068,0,0,0,267,436,238,352,371,391,336,298,279,119,112,194,0,
1,1775670900256,-2148,-14,10457,767246,-25656,502131,0,0,0,395,486,267,450,427,507,452,247,415,279,232,497,0,
2,1775670900256,1617,-31481,32380,-5837428,2811201,2425134,0,0,0,266,435,238,352,374,394,339,301,284,117,114,195,0,
1,1775670900272,-1876,-138,11045,924849,-81855,533896,0,0,0,413,492,253,459,434,518,442,245,422,276,225,526,0,
2,1775670900272,-2067,-44575,22349,-3661526,1943773,1466076,0,0,0,269,437,239,356,376,398,346,304,287,120,114,196,0,
1,1775670900288,-1612,-90,11734,1150870,-109955,499687,0,0,0,425,490,243,464,443,524,427,223,430,274,207,541,0,
2,1775670900288,-7298,-50557,15410,-1595580,1423316,87964,0,0,0,269,435,238,352,373,397,348,305,288,125,117,200,0,
1,1775670900304,-1316,-62,12222,1442863,-105068,430049,0,0,0,421,493,244,464,446,531,401,207,436,271,201,552,0,
2,1775670900304,-11586,-49112,15649,-102625,671951,-934623,0,0,0,259,432,240,350,379,399,347,346,284,134,156,195,0,
1,1775670900320,-1105,-224,12644,1797165,-140499,313984,0,0,0,414,504,228,458,453,541,371,206,436,267,196,559,0,
2,1775670900320,-9040,-35946,19473,1612684,-803898,-1203404,0,0,0,245,414,218,350,374,390,392,435,270,151,200,189,0,
1,1775670900336,-1880,-387,13342,2207666,-226020,240680,0,0,0,436,501,212,449,453,530,336,205,438,260,191,569,0,
2,1775670900336,603,-612,21756,3065321,-2258979,-668286,0,0,0,247,377,190,337,345,372,436,468,265,169,245,180,0,
1,1775670900352,-3220,-387,14319,2709798,-285884,337197,0,0,0,432,453,213,469,436,523,290,194,451,262,184,570,0,
2,1775670900352,7092,20507,13160,3529579,-3345098,184481,0,0,0,254,365,183,339,335,376,469,479,273,186,291,178,0,
1,1775670900368,-4264,-268,15563,3435506,-204028,612086,0,0,0,434,441,211,428,473,523,217,211,455,213,161,556,0,
2,1775670900368,3493,11079,7896,4697553,-3464827,814894,0,0,0,259,371,192,346,335,387,496,498,286,212,335,184,0,
1,1775670900384,-5671,-201,17051,4285830,-106290,988379,0,0,0,442,439,236,432,425,523,200,190,450,205,137,535,0,
2,1775670900384,-5637,-6235,17918,5612629,-1738522,588874,0,0,0,260,380,210,355,340,396,513,514,297,227,352,195,0,
1,1775670900400,-7307,-258,20100,5227784,-98960,1496619,0,0,0,423,406,244,394,368,511,188,162,443,174,112,487,0,
2,1775670900400,-4154,-3058,25293,4732983,-381179,-411723,0,0,0,265,393,242,366,348,407,526,527,307,223,339,209,0,
1,1775670900416,-9121,-229,23752,6122091,-65973,1993864,0,0,0,391,380,229,379,328,483,181,149,409,168,100,403,0,
2,1775670900416,2909,2273,21119,3165503,-164933,-658512,0,0,0,278,417,278,374,358,419,542,541,320,225,328,226,0,
1,1775670900432,-10562,81,26771,6944316,52534,2502104,0,0,0,326,378,212,349,314,424,191,159,366,152,105,316,0,
2,1775670900432,4235,2172,13902,1850921,-284663,-39095,0,0,0,292,443,292,390,377,432,547,547,327,237,329,250,0,
1,1775670900448,-9834,1383,29131,7665137,289550,3036000,0,0,0,265,346,206,305,269,366,220,198,321,140,142,238,0,
2,1775670900448,1239,330,10533,973719,-161268,309097,0,0,0,321,459,304,405,384,440,552,554,317,255,334,269,0,
1,1775670900464,-8767,4087,30021,8170933,799011,3429397,0,0,0,245,299,212,270,209,311,266,231,287,146,184,166,0,
2,1775670900464,665,325,10418,538783,-40317,184481,0,0,0,343,465,315,412,389,446,561,568,316,259,327,285,0,
1,1775670900480,-11428,6475,23349,8366410,1455080,3549127,0,0,0,244,281,228,256,182,287,301,248,280,156,212,128,0,
2,1775670900480,1325,1062,10418,285884,-59864,24434,0,0,0,354,474,317,421,400,457,561,562,317,264,337,301,0,
1,1775670900496,-13850,9542,13984,7962017,1303586,3714060,0,0,0,238,291,237,261,188,300,305,255,288,158,223,131,0,
2,1775670900496,1555,1459,10064,177150,-146607,0,0,0,0,367,481,324,425,405,456,566,567,331,258,330,304,0,
1,1775670900512,-10600,13299,9514,5848423,353080,3321885,0,0,0,235,300,226,267,194,298,300,254,285,159,222,129,0,
2,1775670900512,1359,1517,10074,167377,-150272,7330,0,0,0,381,481,325,425,403,456,568,573,320,260,339,314,0,
1,1775670900528,-4077,16956,10189,1320690,421497,1011592,0,0,0,235,304,227,257,196,300,297,257,285,158,225,133,0,
2,1775670900528,1234,1569,10198,217468,-142942,-6108,0,0,0,383,486,329,423,398,455,568,571,322,261,338,319,0,
1,1775670900544,-2555,14931,9633,-2649933,1418429,-1648114,0,0,0,233,304,235,257,196,305,301,261,297,158,225,135,0,
2,1775670900544,1105,1646,10265,295658,-112399,-28099,0,0,0,387,487,332,429,403,462,562,564,325,284,323,340,0,
1,1775670900560,-6590,8667,6054,-3761708,1776396,-2543642,0,0,0,235,307,226,262,198,296,301,260,281,166,229,132,0,
2,1775670900560,1009,1660,10203,375071,4886,-36651,0,0,0,394,490,335,434,405,469,561,549,328,277,295,350,0,
1,1775670900576,-8987,4465,2833,-3633426,968832,-2006081,0,0,0,227,302,222,262,198,296,305,262,282,163,230,132,0,
2,1775670900576,1072,1584,10069,445931,122173,-37873,0,0,0,399,488,328,433,402,468,560,534,334,281,286,351,0,
1,1775670900592,-7049,4139,2660,-3419623,-46425,-1003040,0,0,0,229,304,227,260,196,297,307,266,283,163,231,132,0,
2,1775670900592,1220,1392,9882,499687,182037,-39095,0,0,0,404,489,326,434,402,473,561,519,346,277,276,361,0,
1,1775670900608,-4489,4905,4422,-3813020,-155159,-507018,0,0,0,230,305,225,260,198,293,308,265,282,167,232,133,0,
2,1775670900608,1354,1225,9782,503352,174707,-48869,0,0,0,410,490,324,437,405,478,559,502,353,257,246,373,0,
1,1775670900624,-3991,5197,6178,-4486194,53756,-383623,0,0,0,231,304,228,258,196,295,306,264,286,164,232,131,0,
2,1775670900624,1521,1143,9777,472809,123394,-62308,0,0,0,418,492,322,440,407,480,556,484,351,262,232,379,0,
1,1775670900640,-4982,4800,7537,-5177693,-10995,-475253,0,0,0,231,304,228,258,199,294,307,265,284,165,232,131,0,
2,1775670900640,1627,1081,9777,430049,40317,-75747,0,0,0,428,497,324,443,408,483,555,469,350,277,232,390,0,
1,1775670900656,-5321,3972,9016,-5764124,-494800,-713490,0,0,0,230,303,228,260,199,296,308,267,282,168,234,133,0,
2,1775670900656,1584,1009,9777,377514,-48869,-86742,0,0,0,435,499,325,447,413,490,552,460,351,248,196,409,0,
1,1775670900672,-5130,3000,10519,-6150191,-878424,-1110553,0,0,0,230,304,232,261,199,300,307,266,282,167,234,135,0,
2,1775670900672,1478,976,9820,334754,-101403,-95294,0,0,0,441,501,325,454,417,498,551,445,352,260,191,415,0,
1,1775670900688,-5508,1880,11907,-6301685,-1121548,-1544267,0,0,0,231,307,232,261,201,300,309,266,281,164,232,133,0,
2,1775670900688,1349,952,9858,315206,-107512,-97738,0,0,0,442,501,326,457,417,503,546,430,361,238,180,422,0,
1,1775670900704,-6240,631,13783,-6362772,-1475850,-1926668,0,0,0,229,306,227,262,200,296,311,268,281,165,233,130,0,
2,1775670900704,1268,928,9906,320093,-89186,-96516,0,0,0,439,504,319,458,422,497,547,419,365,241,181,438,0,
1,1775670900720,-6676,52,16032,-6378654,-1786169,-2047620,0,0,0,228,303,227,263,197,295,311,268,280,168,234,129,0,
2,1775670900720,1349,909,9978,355523,-57421,-96516,0,0,0,448,508,326,459,427,498,544,402,365,244,177,454,0,
1,1775670900736,-7111,-516,19277,-6451958,-2028072,-2129476,0,0,0,230,303,226,263,198,294,312,264,278,168,232,128,0,
2,1775670900736,1440,871,10045,401949,-41538,-109955,0,0,0,457,516,329,468,441,503,540,380,370,253,173,478,0,
1,1775670900752,-7820,-1139,22067,-6515488,-2094046,-2224771,0,0,0,229,302,226,263,197,294,317,264,281,169,231,128,0,
2,1775670900752,1464,794,10102,454483,-32986,-133168,0,0,0,463,514,330,473,448,505,538,359,380,285,177,496,0,
1,1775670900768,-9011,-2306,25293,-6488610,-2234545,-2397035,0,0,0,231,306,230,264,201,294,316,265,282,169,228,127,0,
2,1775670900768,1488,708,10141,497244,-6108,-155159,0,0,0,473,521,330,474,456,509,530,331,373,269,172,508,0,
1,1775670900784,-9236,-4393,28743,-6427524,-2570520,-2581516,0,0,0,229,305,231,264,202,297,318,263,284,165,224,125,0,
2,1775670900784,1612,650,10275,548556,25656,-184481,0,0,0,482,531,334,483,466,520,516,298,370,265,167,524,0,
1,1775670900800,-7590,-9073,31892,-6494719,-3014009,-2685363,0,0,0,231,304,230,271,198,300,321,259,284,168,218,128,0,
2,1775670900800,1861,583,10480,626747,34208,-227241,0,0,0,483,535,328,486,467,522,500,265,374,303,192,541,0,
1,1775670900816,-5805,-16855,32538,-6599788,-3106860,-2548529,0,0,0,228,305,226,269,198,299,328,262,284,172,221,125,0,
2,1775670900816,2144,507,10820,775798,-19547,-304210,0,0,0,487,540,319,490,474,525,481,239,382,336,220,555,0,
1,1775670900832,-4718,-28068,27197,-6196616,-2729345,-1637118,0,0,0,228,307,227,275,202,303,329,261,287,176,225,124,0,
2,1775670900832,1995,536,11543,1006705,-80634,-387288,0,0,0,494,555,309,496,491,532,454,226,391,333,228,566,0,
1,1775670900848,-234,-39377,19664,-4963890,-2502104,152716,0,0,0,228,307,229,276,207,306,330,261,291,180,228,125,0,
2,1775670900848,1316,631,12495,1385442,-42760,-410501,0,0,0,497,563,292,500,505,537,429,225,399,308,219,578,0,
1,1775670900864,10447,-45355,15592,-3116634,-2105041,1927890,0,0,0,226,303,224,273,201,303,335,267,294,184,237,122,0,
2,1775670900864,885,492,12969,1838704,61086,-373849,0,0,0,503,555,274,505,512,546,402,222,404,278,193,589,0,
1,1775670900880,17942,-45235,16075,-1072679,-428827,2294409,0,0,0,226,296,211,274,196,293,359,306,289,207,278,114,0,
2,1775670900880,1095,344,13409,2323731,188146,-311541,0,0,0,519,552,264,509,521,552,361,213,397,266,185,594,0,
1,1775670900896,13496,-34678,18817,974940,1971872,1674992,0,0,0,231,278,183,271,186,267,408,374,272,249,345,100,0,
2,1775670900896,1871,301,14189,2823419,249233,-310319,0,0,0,534,552,252,505,515,555,324,208,401,261,182,601,0,
1,1775670900912,-1947,-3067,18195,2882062,4538728,619417,0,0,0,239,254,153,267,164,238,453,432,257,287,393,88,0,
2,1775670900912,2857,358,15563,3516140,216246,-431270,0,0,0,523,547,244,496,520,558,299,199,422,259,174,600,0,
1,1775670900928,-7595,13888,11615,4013384,5358509,-221133,0,0,0,245,251,144,276,163,238,468,466,261,324,415,84,0,
2,1775670900928,3718,574,17367,4384790,103847,-656069,0,0,0,526,538,238,488,509,551,276,171,400,268,178,595,0,
1,1775670900944,-1694,5565,12041,5235115,3980397,-767246,0,0,0,243,247,135,292,164,250,482,482,264,367,428,80,0,
2,1775670900944,5159,689,19660,5362175,-13439,-965167,0,0,0,515,530,249,487,501,561,263,158,400,252,166,561,0,
1,1775670900960,4685,-2727,21057,5194797,1270599,-509461,0,0,0,242,256,148,291,164,264,497,497,270,374,440,81,0,
2,1775670900960,6489,885,23345,6539923,-43982,-1389107,0,0,0,495,502,247,475,480,535,256,155,401,232,153,484,0,
1,1775670900976,2861,-2043,24087,4059810,59864,239459,0,0,0,262,267,204,311,174,292,502,501,291,400,441,93,0,
2,1775670900976,7154,1196,27872,7650476,172263,-1766622,0,0,0,427,474,215,463,460,521,265,155,384,214,142,394,0,
1,1775670900992,-3637,143,18870,2305405,111177,529009,0,0,0,256,288,220,322,198,320,510,510,304,400,449,108,0,
2,1775670900992,6757,2244,31773,8582656,686612,-2069611,0,0,0,360,446,207,419,420,471,277,165,343,189,131,344,0,
1,1775670901008,-4302,143,11811,1056796,171042,-75747,0,0,0,262,290,242,333,204,339,526,524,322,410,459,141,0,
2,1775670901008,5532,3287,32868,9173974,1175304,-2302961,0,0,0,300,428,214,369,390,419,293,217,301,152,130,269,0,
1,1775670901024,-2526,86,9188,540004,119729,-322536,0,0,0,295,307,253,349,207,346,528,527,329,436,470,187,0,
2,1775670901024,6575,4522,30351,9491624,1737300,-2571742,0,0,0,278,423,231,337,371,392,304,263,285,125,129,215,0,
1,1775670901040,-1722,301,9710,329867,129503,-178372,0,0,0,307,326,262,356,213,345,538,538,331,436,478,190,0,
2,1775670901040,9356,9810,20119,9324247,2229658,-3189938,0,0,0,278,423,240,330,364,387,308,286,284,114,123,201,0,
1,1775670901056,-2345,722,10256,175929,201585,-12217,0,0,0,312,327,264,356,213,357,539,538,334,435,481,205,0,
2,1775670901056,6886,15218,13835,7820296,1277930,-3833790,0,0,0,277,425,237,333,366,386,309,295,279,112,117,200,0,
1,1775670901072,-2479,1038,10122,116064,224798,21991,0,0,0,319,320,291,360,213,365,545,530,338,439,474,223,0,
2,1775670901072,1095,22158,10074,3595552,-846659,-3246137,0,0,0,274,427,234,332,366,381,313,295,275,115,116,199,0,
1,1775670901088,-2182,1153,10074,185703,135612,28099,0,0,0,323,316,309,366,215,367,549,508,345,437,461,234,0,
2,1775670901088,1052,20966,9590,-2324953,-2511877,-869872,0,0,0,273,429,235,334,364,379,315,295,273,116,116,198,0,
1,1775670901104,-2005,1124,10160,290771,7330,45204,0,0,0,326,318,295,368,218,370,549,485,350,432,451,249,0,
2,1775670901104,4225,12835,9437,-6199060,-3183829,799011,0,0,0,271,430,235,339,370,384,318,297,272,115,118,197,0,
1,1775670901120,-2105,1105,10169,371406,-113620,62308,0,0,0,334,324,277,369,222,373,545,474,356,432,438,268,0,
2,1775670901120,6704,5302,7700,-6779382,-3010343,802676,0,0,0,267,432,237,339,370,384,320,297,272,115,116,197,0,
1,1775670901136,-2196,1110,9987,411723,-190589,70860,0,0,0,339,329,270,372,230,379,536,462,365,425,416,286,0,
2,1775670901136,7547,3555,5283,-6173404,-2367713,37873,0,0,0,260,434,237,339,372,384,318,299,272,122,121,200,0,
1,1775670901152,-2282,1110,9164,355523,-185703,79412,0,0,0,331,332,268,370,234,378,535,441,365,398,400,297,0,
2,1775670901152,7619,3732,4747,-5943718,-1495398,-547335,0,0,0,259,437,237,339,373,384,319,301,272,178,153,197,0,
1,1775670901168,-2378,923,8935,343306,-166155,79412,0,0,0,327,332,270,371,230,382,535,429,375,394,387,309,0,
2,1775670901168,6642,4000,6527,-6181956,-722042,-709825,0,0,0,256,433,234,345,373,386,317,298,267,115,119,194,0,
1,1775670901184,-2435,713,9337,373849,-144164,78190,0,0,0,322,332,272,366,230,382,539,414,377,380,382,317,0,
2,1775670901184,5623,3632,8652,-6443406,-265115,-405614,0,0,0,259,437,238,341,371,384,320,302,266,116,120,194,0,
1,1775670901200,-2407,679,9538,340862,-79412,81855,0,0,0,331,340,273,374,233,389,539,395,371,375,367,319,0,
2,1775670901200,5881,3029,9758,-6554584,141720,144164,0,0,0,260,437,237,339,371,383,319,303,267,117,122,195,0,
1,1775670901216,-2364,717,9533,290771,-12217,84299,0,0,0,326,338,271,377,237,390,539,388,375,375,360,327,0,
2,1775670901216,6436,2541,10916,-6604674,796568,720820,0,0,0,261,437,238,339,371,383,319,303,266,117,121,195,0,
1,1775670901232,-2278,722,9547,271224,18325,85521,0,0,0,326,344,271,377,243,391,540,381,380,366,348,332,0,
2,1775670901232,6250,2287,12792,-6699969,1382998,1193630,0,0,0,260,435,239,338,371,383,322,303,269,121,123,195,0,
1,1775670901248,-2177,679,9643,272445,15882,84299,0,0,0,327,341,272,381,247,398,541,367,382,364,340,339,0,
2,1775670901248,5929,1856,15271,-6825808,1755626,1561371,0,0,0,260,435,239,339,371,384,324,304,273,119,122,195,0,
1,1775670901264,-2105,617,9777,284663,-15882,84299,0,0,0,332,344,273,389,254,407,545,359,384,359,321,353,0,
2,1775670901264,6101,1134,17473,-6827029,1929112,1587027,0,0,0,261,435,240,341,371,385,325,304,275,116,120,196,0,
1,1775670901280,-2163,569,9834,315206,-79412,91629,0,0,0,337,338,280,395,255,412,538,330,377,353,299,367,0,
2,1775670901280,6226,717,20382,-6806260,2098932,1413542,0,0,0,261,435,242,341,372,386,326,303,276,117,122,196,0,
1,1775670901296,-2311,540,9830,364075,-146607,118507,0,0,0,334,340,270,397,272,427,531,304,390,342,284,388,0,
2,1775670901296,6336,1067,24158,-6938207,2216219,1170417,0,0,0,263,436,243,342,373,386,328,302,276,117,122,195,0,
1,1775670901312,-2416,526,9825,430049,-206472,164933,0,0,0,345,342,260,416,280,443,531,290,407,332,270,409,0,
2,1775670901312,6609,914,28303,-7115358,2321287,1114218,0,0,0,260,434,241,342,370,386,329,301,277,117,122,195,0,
1,1775670901328,-2416,449,9892,525344,-256563,213802,0,0,0,356,349,265,448,279,454,529,275,415,331,254,435,0,
2,1775670901328,7307,-1397,32404,-7175223,2453234,1354899,0,0,0,260,433,240,344,370,388,334,300,281,120,121,195,0,
1,1775670901344,-2498,373,10050,621860,-289550,254119,0,0,0,351,370,268,459,300,466,524,261,422,326,240,464,0,
2,1775670901344,6719,-8135,32835,-6861238,2956587,1773952,0,0,0,262,433,238,347,372,394,338,298,282,122,122,199,0,
1,1775670901360,-2804,272,10342,751364,-276111,300545,0,0,0,361,383,265,453,327,474,514,248,425,306,221,475,0,
2,1775670901360,2632,-17425,32251,-6157521,3567452,2035402,0,0,0,264,433,239,347,372,394,339,298,286,123,122,200,0,
1,1775670901376,-3024,172,10571,889419,-223576,353080,0,0,0,374,393,262,477,332,487,499,238,430,298,204,499,0,
2,1775670901376,-3134,-30380,28451,-4850269,2894279,1844813,0,0,0,267,433,238,350,373,396,342,297,291,123,122,198,0,
1,1775670901392,-2914,86,11069,1084896,-169820,419053,0,0,0,389,394,246,490,338,519,484,215,438,288,187,530,0,
2,1775670901392,-5240,-41871,21301,-3352428,1594358,939510,0,0,0,270,434,238,351,374,397,345,301,293,126,127,201,0,
1,1775670901408,-2474,28,11811,1354899,-211359,459370,0,0,0,398,411,244,506,364,519,459,217,432,267,173,554,0,
2,1775670901408,-6250,-48197,15338,-1689653,767246,-713490,0,0,0,270,434,240,348,371,395,343,303,291,126,129,200,0,
1,1775670901424,-1943,-76,12385,1676214,-300545,443488,0,0,0,406,423,223,510,401,539,420,212,440,265,179,556,0,
2,1775670901424,-9696,-46068,15075,149051,320093,-2222327,0,0,0,260,426,236,345,369,390,352,373,284,170,225,188,0,
1,1775670901440,-2201,-196,12763,2068389,-382401,379958,0,0,0,400,425,205,511,399,553,384,202,465,255,172,564,0,
2,1775670901440,-9351,-26896,21110,1915673,-1125213,-1999972,0,0,0,247,386,207,340,353,372,407,443,270,170,236,183,0,
1,1775670901456,-3211,-287,13271,2524095,-461814,414166,0,0,0,400,432,215,507,407,553,347,201,477,242,160,566,0,
2,1775670901456,-469,5872,21186,3248581,-3519805,-586430,0,0,0,251,364,191,339,339,367,454,471,266,186,268,180,0,
1,1775670901472,-3977,-220,14233,3112969,-471587,609643,0,0,0,413,434,202,498,417,550,292,191,467,235,159,566,0,
2,1775670901472,5010,14912,11390,4014606,-4685336,842994,0,0,0,259,361,187,343,333,376,486,489,278,213,315,179,0,
1,1775670901488,-4876,-90,15549,3830125,-375071,867428,0,0,0,431,431,211,490,415,551,239,176,463,218,138,551,0,
2,1775670901488,-813,1689,10878,5103168,-3403741,1281595,0,0,0,265,369,197,352,334,392,502,503,294,223,334,183,0,
1,1775670901504,-6240,-43,17501,4659680,-238237,1226617,0,0,0,428,425,224,462,399,543,213,167,471,195,116,518,0,
2,1775670901504,-7307,-4599,19841,5288871,-1252273,667064,0,0,0,269,380,218,358,338,403,518,518,303,215,327,187,0,
1,1775670901520,-7820,-90,20861,5567425,-230907,1667662,0,0,0,411,406,223,429,365,516,207,153,460,175,104,458,0,
2,1775670901520,-3914,0,22871,4261395,-112399,-384845,0,0,0,271,393,243,359,345,408,544,544,308,220,329,195,0,
1,1775670901536,-9715,-172,24627,6494719,-262672,2133141,0,0,0,381,375,221,397,322,480,192,142,419,156,94,378,0,
2,1775670901536,2005,2167,18645,2928487,70860,-566882,0,0,0,284,418,278,374,363,415,546,547,310,245,345,221,0,
1,1775670901552,-11165,-311,27709,7292509,-228463,2604729,0,0,0,313,349,211,340,287,438,182,157,375,137,100,304,0,
2,1775670901552,2881,703,12964,1558928,-14660,-32986,0,0,0,298,439,297,396,377,434,555,555,311,258,345,238,0,
1,1775670901568,-10399,837,29427,7865500,-162490,3099530,0,0,0,269,332,207,305,244,364,223,177,324,131,121,222,0,
2,1775670901568,1268,-86,10413,713490,-68416,234572,0,0,0,321,450,306,404,381,435,562,563,316,254,329,263,0,
1,1775670901584,-9490,3335,29030,8239350,179594,3457497,0,0,0,231,290,208,263,204,296,296,226,279,142,175,121,0,
2,1775670901584,617,435,10390,411723,-95294,149051,0,0,0,341,458,316,406,381,438,570,573,315,266,331,279,0,
1,1775670901600,-11849,7647,23259,8450709,464257,3643200,0,0,0,245,286,211,266,192,295,301,243,286,152,202,129,0,
2,1775670901600,1081,1072,10356,271224,-152716,31764,0,0,0,345,460,313,414,384,442,570,571,316,266,331,286,0,
1,1775670901616,-12275,11921,13314,7926587,251676,3969402,0,0,0,229,291,221,265,200,304,296,252,290,152,217,136,0,
2,1775670901616,1191,1373,10155,152716,-178372,-3665,0,0,0,355,464,336,421,391,449,569,570,322,265,330,293,0,
1,1775670901632,-8021,13969,10246,5894849,372627,3463605,0,0,0,224,293,226,265,205,308,292,254,289,150,216,131,0,
2,1775670901632,1095,1478,10126,134390,-153938,0,0,0,0,364,469,326,417,390,446,571,572,323,254,311,299,0,
1,1775670901648,-3704,16841,9341,2040289,808785,1532050,0,0,0,223,297,228,263,204,309,292,255,284,151,218,135,0,
2,1775670901648,1038,1560,10184,196698,-145385,-9773,0,0,0,375,471,324,424,393,451,572,573,324,261,319,305,0,
1,1775670901664,-2780,16147,8657,-2689028,1492954,-1358564,0,0,0,224,295,220,266,208,301,297,255,279,155,220,133,0,
2,1775670901664,928,1569,10222,287106,-125838,-29321,0,0,0,381,474,324,424,393,452,571,566,323,291,310,307,0,
1,1775670901680,-5221,10102,6925,-4465424,1869247,-2387261,0,0,0,228,297,218,263,204,294,305,257,278,164,225,134,0,
2,1775670901680,827,1507,10165,345749,-23212,-37873,0,0,0,384,477,323,425,393,453,570,555,324,267,283,319,0,
1,1775670901696,-7394,5656,5053,-4814839,1663996,-2141693,0,0,0,228,299,223,260,200,294,309,259,280,166,227,134,0,
2,1775670901696,894,1416,10054,384845,85521,-41538,0,0,0,382,476,319,423,393,452,568,544,331,239,262,334,0,
1,1775670901712,-7619,4541,4206,-4763527,939510,-1323134,0,0,0,226,299,227,262,198,296,309,260,282,163,225,131,0,
2,1775670901712,1048,1296,9920,403171,131946,-46425,0,0,0,382,476,316,424,400,456,564,533,337,239,251,346,0,
1,1775670901728,-6135,4565,5049,-5059185,359188,-680503,0,0,0,227,299,228,262,195,297,311,260,285,166,225,132,0,
2,1775670901728,1139,1206,9825,398284,105068,-51312,0,0,0,387,478,318,429,404,467,563,524,342,238,241,357,0,
1,1775670901744,-4843,4288,6728,-5529552,164933,-304210,0,0,0,226,299,231,263,196,300,312,260,289,168,226,133,0,
2,1775670901744,1234,1158,9796,381179,47647,-58643,0,0,0,394,481,323,433,396,476,563,516,346,237,232,364,0,
1,1775670901760,-4737,3656,8360,-5949827,111177,-284663,0,0,0,225,300,232,260,196,302,310,260,290,166,228,135,0,
2,1775670901760,1292,1124,9834,362853,-14660,-61086,0,0,0,408,487,332,437,395,475,557,505,340,242,229,368,0,
1,1775670901776,-4819,3062,9849,-6284581,-127059,-432492,0,0,0,226,300,233,259,194,302,310,261,290,163,228,132,0,
2,1775670901776,1234,1048,9873,334754,-91629,-64751,0,0,0,420,492,344,436,394,478,553,494,344,252,223,379,0,
1,1775670901792,-4838,2560,11299,-6537479,-498466,-750142,0,0,0,226,299,237,259,193,303,311,259,290,164,228,133,0,
2,1775670901792,1158,1009,9877,318871,-123394,-69638,0,0,0,425,500,334,439,400,477,549,483,343,246,210,388,0,
1,1775670901808,-5053,1861,12907,-6735400,-861319,-1062905,0,0,0,225,297,244,260,194,309,311,261,295,165,228,135,0,
2,1775670901808,1086,995,9897,322536,-133168,-73303,0,0,0,436,501,337,447,410,490,548,463,343,239,199,403,0,
1,1775670901824,-5470,899,15080,-6844134,-1271821,-1293812,0,0,0,228,300,234,261,194,303,312,260,291,165,229,131,0,
2,1775670901824,1028,971,9973,348193,-119729,-74525,0,0,0,440,507,341,450,423,495,548,446,353,238,190,417,0,
1,1775670901840,-5685,172,17362,-6825808,-1602910,-1323134,0,0,0,226,298,231,262,197,303,315,261,290,165,227,128,0,
2,1775670901840,1043,914,10040,378736,-86742,-72082,0,0,0,445,512,339,451,424,494,549,425,352,247,187,437,0,
1,1775670901856,-5853,-564,20004,-6770830,-1861917,-1313360,0,0,0,227,298,232,263,194,304,314,259,292,167,228,128,0,
2,1775670901856,1119,851,10117,423940,-54977,-78190,0,0,0,454,517,341,457,433,504,546,403,358,245,179,464,0,
1,1775670901872,-6317,-1182,23187,-6670648,-1957212,-1424537,0,0,0,228,299,233,264,195,302,319,262,292,166,227,127,0,
2,1775670901872,1177,808,10184,483805,-35430,-98960,0,0,0,466,521,349,462,439,509,537,374,360,248,169,481,0,
1,1775670901888,-7078,-2115,26685,-6557027,-1991420,-1736079,0,0,0,228,301,234,264,194,302,321,262,292,167,224,128,0,
2,1775670901888,1167,756,10236,561996,0,-128281,0,0,0,476,528,355,470,448,511,528,343,367,252,168,497,0,
1,1775670901904,-7748,-4790,30083,-6451958,-2188119,-2260201,0,0,0,227,300,233,265,196,304,321,261,292,167,222,128,0,
2,1775670901904,1277,713,10323,645073,62308,-158824,0,0,0,484,528,355,477,461,520,513,310,372,255,164,515,0,
1,1775670901920,-7719,-11686,31945,-6340781,-2624277,-2690250,0,0,0,225,300,232,269,197,307,323,262,293,166,221,128,0,
2,1775670901920,1598,612,10504,734260,125838,-208915,0,0,0,487,527,354,480,471,525,496,276,373,259,164,538,0,
1,1775670901936,-7092,-22191,30571,-6073222,-2770884,-2667037,0,0,0,227,302,233,271,196,306,325,262,294,168,223,127,0,
2,1775670901936,1799,502,10906,858876,92851,-279776,0,0,0,492,532,339,487,481,527,477,245,379,264,165,557,0,
1,1775670901952,-4134,-34252,24087,-5171585,-2667037,-1806939,0,0,0,228,304,234,271,197,304,329,263,295,172,225,127,0,
2,1775670901952,1804,449,11596,1102000,19547,-350636,0,0,0,502,539,324,499,494,533,451,224,385,267,166,570,0,
1,1775670901968,2316,-42943,17626,-3695734,-2623055,-563217,0,0,0,228,303,231,272,197,302,333,264,297,177,227,126,0,
2,1775670901968,1588,454,12591,1455080,-3665,-390953,0,0,0,508,543,316,506,505,545,423,217,387,270,175,582,0,
1,1775670901984,12026,-46704,13845,-1602910,-1908343,764803,0,0,0,223,294,211,272,194,290,341,274,288,197,254,120,0,
2,1775670901984,1110,555,13744,1987755,-83077,-389732,0,0,0,512,548,285,514,514,552,391,218,392,274,178,589,0,
1,1775670902000,13510,-42617,16453,327423,249233,1174082,0,0,0,229,283,200,271,191,273,374,354,279,229,324,107,0,
2,1775670902000,1177,492,14424,2549751,-161268,-354301,0,0,0,506,547,259,501,520,548,343,211,388,270,181,597,0,
1,1775670902016,6216,-22210,18822,2626720,3126408,998153,0,0,0,240,256,171,268,166,241,432,404,251,273,377,87,0,
2,1775670902016,1957,440,15348,3225368,-147829,-412944,0,0,0,515,549,254,514,535,537,301,210,395,265,183,598,0,
1,1775670902032,-3441,5063,14888,4304156,4665788,437379,0,0,0,244,251,155,275,162,242,459,449,257,309,406,78,0,
2,1775670902032,2876,579,16755,4018271,-194255,-554665,0,0,0,525,548,254,489,521,561,268,194,391,263,183,599,0,
1,1775670902048,-3986,10390,13160,5270545,4003610,-36651,0,0,0,246,252,156,287,162,256,470,469,264,354,423,82,0,
2,1775670902048,4158,823,18803,4952895,-382401,-806342,0,0,0,524,542,249,478,508,540,251,166,388,251,172,566,0,
1,1775670902064,2239,-23,18554,5511226,1863138,-48869,0,0,0,244,257,160,296,171,267,484,483,272,406,434,93,0,
2,1775670902064,5355,942,21722,6036570,-587652,-1159422,0,0,0,509,530,249,478,500,534,247,155,384,237,150,499,0,
1,1775670902080,2258,-3091,23129,4450764,405614,586430,0,0,0,248,274,212,301,183,309,494,494,295,418,440,114,0,
2,1775670902080,6039,564,25958,7152010,-629191,-1521054,0,0,0,454,506,233,461,480,516,247,156,366,211,139,420,0,
1,1775670902096,-2703,-1512,20167,2819753,-68416,717155,0,0,0,254,289,240,311,201,334,509,510,319,420,451,134,0,
2,1775670902096,7145,473,30222,8211250,-1221,-1832595,0,0,0,391,481,218,436,455,490,258,164,345,191,131,370,0,
1,1775670902112,-5178,-153,13529,1319468,-84299,125838,0,0,0,280,300,255,335,210,345,521,522,330,424,466,171,0,
2,1775670902112,8312,2517,31787,9093339,1062905,-2219884,0,0,0,332,455,218,385,416,440,276,200,307,160,117,312,0,
1,1775670902128,-2938,153,9437,537561,30543,-282219,0,0,0,305,312,261,357,211,356,531,529,328,424,476,204,0,
2,1775670902128,7030,5451,31490,9503841,2004859,-2847853,0,0,0,286,430,228,341,376,392,295,244,277,125,106,235,0,
1,1775670902144,-1928,301,9724,346971,76969,-177150,0,0,0,312,319,251,366,219,361,544,533,330,429,479,224,0,
2,1775670902144,5556,9169,25680,9318138,1828930,-3431840,0,0,0,273,421,236,332,363,379,308,276,274,112,110,198,0,
1,1775670902160,-2263,626,10533,285884,80634,-13439,0,0,0,318,319,257,369,221,363,553,524,343,441,477,254,0,
2,1775670902160,6422,13175,14730,8340753,263893,-3865555,0,0,0,276,429,237,335,368,385,312,291,278,114,116,202,0,
1,1775670902176,-2589,914,10289,279776,87964,31764,0,0,0,321,327,266,371,224,375,555,512,350,442,466,271,0,
2,1775670902176,4455,17482,9633,5578421,-1211956,-3363424,0,0,0,271,433,235,331,371,384,312,292,273,110,113,200,0,
1,1775670902192,-2249,928,9925,307876,45204,25656,0,0,0,323,336,266,374,237,383,553,488,346,433,443,281,0,
2,1775670902192,2211,21148,8035,1095892,-1938886,-1663996,0,0,0,270,429,231,335,373,381,313,293,268,113,112,199,0,
1,1775670902208,-2144,894,9964,345749,-34208,30543,0,0,0,322,332,272,385,236,397,558,480,362,423,422,298,0,
2,1775670902208,2670,17645,8944,-4395786,-2263866,869872,0,0,0,274,433,233,339,370,379,316,293,265,120,114,199,0,
1,1775670902224,-2321,923,10122,393397,-90408,56199,0,0,0,337,332,282,389,239,395,548,459,367,422,406,315,0,
2,1775670902224,5699,8456,8126,-6102543,-2269975,1606575,0,0,0,269,433,232,340,371,380,318,294,264,120,117,201,0,
1,1775670902240,-2292,885,9973,444709,-124616,80634,0,0,0,327,339,283,379,241,401,547,434,379,399,390,332,0,
2,1775670902240,7681,3048,5431,-5882632,-1872912,1106887,0,0,0,267,435,239,340,371,380,320,295,266,119,117,201,0,
1,1775670902256,-2225,713,9121,428827,-133168,96516,0,0,0,329,367,274,391,247,394,545,413,381,384,374,335,0,
2,1775670902256,7523,2665,4096,-5304753,-1016479,200363,0,0,0,267,439,239,342,375,383,317,294,264,120,118,200,0,
1,1775670902272,-2263,569,8997,375071,-122173,102625,0,0,0,318,372,267,385,265,398,544,398,383,372,359,339,0,
2,1775670902272,6049,3417,5106,-5272988,-219911,-372627,0,0,0,264,438,238,341,373,384,318,297,267,118,119,198,0,
1,1775670902288,-2368,521,9432,376292,-134390,103847,0,0,0,316,378,267,395,276,400,540,380,390,373,348,343,0,
2,1775670902288,4278,4125,7475,-5659055,162490,-453262,0,0,0,265,437,238,341,373,383,321,299,265,118,119,196,0,
1,1775670902304,-2459,507,9638,376292,-118507,106290,0,0,0,314,380,265,394,280,403,540,363,390,371,340,349,0,
2,1775670902304,4316,4130,8825,-5991366,315206,-150272,0,0,0,262,435,235,337,371,379,322,300,265,118,117,196,0,
1,1775670902320,-2431,483,9523,337197,-42760,117286,0,0,0,320,379,263,397,279,411,539,353,393,366,331,360,0,
2,1775670902320,5125,3866,9830,-6235712,733038,266337,0,0,0,259,435,235,339,371,381,323,300,265,118,117,196,0,
1,1775670902336,-2359,469,9528,316428,-1221,124616,0,0,0,330,374,265,408,273,416,520,340,401,361,321,372,0,
2,1775670902336,5125,3498,11576,-6440963,1330464,704938,0,0,0,260,436,236,339,372,381,323,301,266,117,118,195,0,
1,1775670902352,-2292,459,9657,316428,1221,130725,0,0,0,332,367,267,413,268,417,507,324,406,355,310,379,0,
2,1775670902352,4709,3010,13754,-6631553,1716531,1099557,0,0,0,260,436,238,339,372,381,319,300,267,114,117,194,0,
1,1775670902368,-2206,425,9763,324980,-18325,133168,0,0,0,335,372,264,421,275,422,536,317,411,348,296,385,0,
2,1775670902368,4747,2364,15797,-6756169,1860695,1326799,0,0,0,261,437,236,339,372,383,321,301,268,113,115,195,0,
1,1775670902384,-2163,358,9820,344527,-62308,129503,0,0,0,335,381,255,422,285,427,528,299,416,347,280,405,0,
2,1775670902384,5163,1718,18267,-6833138,2063502,1331686,0,0,0,264,438,238,343,373,385,330,301,272,117,114,196,0,
1,1775670902400,-2249,301,9858,378736,-113620,140499,0,0,0,334,377,261,418,271,434,519,284,427,338,270,421,0,
2,1775670902400,5245,1335,21660,-6933320,2291966,1252273,0,0,0,263,437,240,344,372,386,332,299,274,119,114,197,0,
1,1775670902416,-2397,248,9906,425162,-157603,168598,0,0,0,331,388,249,420,297,445,511,273,426,331,257,435,0,
2,1775670902416,5297,1119,25632,-7046941,2296853,1288925,0,0,0,257,435,239,339,372,387,326,300,277,116,115,197,0,
1,1775670902432,-2598,210,9911,481361,-180816,212581,0,0,0,349,370,246,458,297,445,514,252,429,335,237,446,0,
2,1775670902432,6092,47,29968,-7139792,2214997,1518610,0,0,0,255,434,238,343,376,391,328,298,283,117,116,199,0,
1,1775670902448,-2766,95,9892,559552,-184481,291993,0,0,0,356,401,246,463,296,445,503,241,433,322,222,471,0,
2,1775670902448,7451,-3838,32543,-7145901,2393370,1948660,0,0,0,258,436,240,346,376,391,332,297,284,116,113,198,0,
1,1775670902464,-2732,23,10126,643851,-185703,366519,0,0,0,366,398,257,469,307,484,491,234,453,307,207,499,0,
2,1775670902464,5474,-12208,33160,-6828251,3284011,2255314,0,0,0,259,437,238,348,374,394,335,293,285,117,110,198,0,
1,1775670902480,-2579,0,10638,792903,-177150,414166,0,0,0,376,394,264,476,336,500,476,228,464,293,195,528,0,
2,1775670902480,459,-23718,32462,-6047565,3546683,2304183,0,0,0,263,433,238,348,374,395,337,295,289,121,115,201,0,
1,1775670902496,-2464,-76,11136,995710,-193033,439822,0,0,0,392,396,247,476,344,499,470,211,462,298,184,542,0,
2,1775670902496,-3311,-36429,26685,-4665788,2421469,1876578,0,0,0,265,435,239,350,374,395,341,297,293,120,115,201,0,
1,1775670902512,-2459,-181,11581,1236391,-262672,447153,0,0,0,402,411,238,478,344,513,448,197,453,290,176,551,0,
2,1775670902512,-4402,-46321,17429,-2656042,1253495,408057,0,0,0,267,436,240,351,375,398,342,299,296,117,115,201,0,
1,1775670902528,-2306,-311,12021,1541823,-311541,443488,0,0,0,418,414,233,485,362,536,423,189,450,271,169,562,0,
2,1775670902528,-7834,-48839,13802,-757472,818559,-1343903,0,0,0,248,430,236,344,378,400,345,347,301,125,148,205,0,
1,1775670902544,-2000,-397,12419,1903456,-337197,395840,0,0,0,432,420,227,489,385,547,381,186,457,267,166,576,0,
2,1775670902544,-10830,-37913,18612,1027475,-212581,-1979203,0,0,0,244,409,217,343,366,380,390,431,276,146,194,191,0,
1,1775670902560,-2383,-454,12940,2320066,-394618,354301,0,0,0,428,442,213,492,420,541,337,185,462,267,170,582,0,
2,1775670902560,-5876,-9571,22488,2844188,-2602285,-1196074,0,0,0,250,378,195,338,341,367,433,465,264,161,234,180,0,
1,1775670902576,-3474,-502,13864,2851518,-461814,431270,0,0,0,422,453,204,502,445,542,314,178,460,244,162,578,0,
2,1775670902576,4278,15281,15769,3933972,-4715879,388510,0,0,0,258,365,188,337,329,373,466,481,277,177,274,179,0,
1,1775670902592,-4503,-406,15037,3523470,-437379,653625,0,0,0,421,440,219,501,418,557,279,180,461,212,138,570,0,
2,1775670902592,2718,8092,10681,4779409,-3991393,1323134,0,0,0,263,370,191,351,331,388,489,494,296,196,306,185,0,
1,1775670902608,-5829,-224,16563,4370129,-323758,1003040,0,0,0,426,411,222,480,417,559,227,203,464,206,134,542,0,
2,1775670902608,-4948,-2278,16893,5188689,-1957212,1160643,0,0,0,266,378,215,364,337,404,509,509,306,213,324,191,0,
1,1775670902624,-7284,-315,19368,5247332,-230907,1444085,0,0,0,416,403,223,481,405,526,199,143,450,169,104,486,0,
2,1775670902624,-5671,-1746,23737,4467868,-696386,20769,0,0,0,269,391,245,369,345,415,523,522,310,222,327,204,0,
1,1775670902640,-9576,-325,23014,6167295,-208915,1926668,0,0,0,400,387,245,419,363,492,237,123,425,171,94,427,0,
2,1775670902640,-119,885,21785,3114190,-387288,-505796,0,0,0,277,413,267,377,358,420,533,533,314,228,322,223,0,
1,1775670902656,-12012,-856,26566,7002959,-130725,2474004,0,0,0,344,377,207,359,337,435,173,145,375,140,103,326,0,
2,1775670902656,3316,1392,14242,1620014,-296880,-74525,0,0,0,295,439,293,390,373,424,546,546,319,237,318,239,0,
1,1775670902672,-12136,-952,29672,7670023,127059,3104417,0,0,0,293,340,204,318,271,389,189,163,326,132,109,258,0,
2,1775670902672,1521,646,10303,846659,-129503,255341,0,0,0,323,457,309,407,384,432,547,548,316,246,320,259,0,
1,1775670902688,-10701,1852,30208,8082968,496022,3533244,0,0,0,245,300,211,275,221,318,252,215,288,133,159,163,0,
2,1775670902688,382,339,9892,456927,-78190,201585,0,0,0,337,462,320,412,386,440,557,559,310,253,317,281,0,
1,1775670902704,-11820,6647,26207,8459261,799011,3777590,0,0,0,248,285,215,262,196,288,288,244,281,147,200,130,0,
2,1775670902704,885,727,10629,238237,-171042,13439,0,0,0,352,469,319,417,391,445,558,571,317,256,317,291,0,
1,1775670902720,-13586,12079,16501,8224689,625526,4150218,0,0,0,259,284,217,266,189,288,301,254,285,158,218,129,0,
2,1775670902720,1095,1306,10308,96516,-239459,-12217,0,0,0,360,471,319,417,390,445,562,564,322,256,317,297,0,
1,1775670902736,-11677,15238,10189,6681643,299323,4340808,0,0,0,256,285,219,271,190,292,307,259,285,162,222,129,0,
2,1775670902736,918,1617,10117,65973,-199142,3665,0,0,0,369,472,319,420,395,448,561,561,321,263,317,305,0,
1,1775670902752,-6255,18669,9384,2516764,191811,2850297,0,0,0,251,286,225,270,192,296,306,260,283,161,221,134,0,
2,1775670902752,847,1636,10241,153938,-140499,-6108,0,0,0,378,477,325,423,402,449,565,565,320,262,311,308,0,
1,1775670902768,-1990,18434,9882,-2530203,799011,95294,0,0,0,250,287,230,271,194,301,304,261,284,180,221,145,0,
2,1775670902768,789,1670,10332,255341,-91629,-25656,0,0,0,382,480,333,425,398,453,563,558,320,255,295,314,0,
1,1775670902784,-4211,11768,8303,-4835609,1739744,-1707979,0,0,0,251,290,215,271,195,290,307,263,277,213,223,150,0,
2,1775670902784,703,1727,10289,357967,-4886,-35430,0,0,0,387,482,334,428,403,456,563,544,321,255,281,327,0,
1,1775670902800,-7997,5943,5551,-5194797,1622458,-1904677,0,0,0,244,290,215,270,196,291,309,263,279,164,224,131,0,
2,1775670902800,751,1617,10126,434936,109955,-30543,0,0,0,391,482,336,432,408,464,562,529,324,250,267,346,0,
1,1775670902816,-8518,4044,4106,-4787961,190589,-940732,0,0,0,232,295,216,265,198,296,305,261,278,163,225,131,0,
2,1775670902816,904,1397,9949,476474,178372,-25656,0,0,0,396,482,336,430,404,461,562,516,327,249,257,348,0,
1,1775670902832,-5321,4599,5652,-4993212,-503352,-492357,0,0,0,229,297,219,265,197,294,305,262,278,167,228,132,0,
2,1775670902832,1052,1206,9815,469144,166155,-32986,0,0,0,402,486,340,434,404,467,560,503,333,246,245,357,0,
1,1775670902848,-3321,4737,7647,-5462356,-476474,-502131,0,0,0,228,298,219,265,197,295,306,263,279,167,228,132,0,
2,1775670902848,1119,1186,9815,438601,109955,-46425,0,0,0,409,489,338,436,403,472,555,485,337,243,233,368,0,
1,1775670902864,-3728,4034,9303,-5965709,-280998,-839328,0,0,0,232,298,220,267,200,298,307,262,279,165,227,129,0,
2,1775670902864,1220,1215,9873,416610,29321,-61086,0,0,0,415,490,335,436,402,472,553,469,344,248,226,378,0,
1,1775670902880,-4383,3096,10605,-6246707,-624304,-1178969,0,0,0,232,298,221,268,197,296,302,257,281,167,231,131,0,
2,1775670902880,1253,1153,9892,408057,-50090,-72082,0,0,0,421,494,339,440,407,479,532,450,358,252,219,392,0,
1,1775670902896,-4321,2589,12021,-6466619,-1001818,-1508837,0,0,0,233,298,223,269,197,296,305,261,279,169,232,129,0,
2,1775670902896,1182,1067,9873,399505,-122173,-83077,0,0,0,429,498,341,441,408,481,486,417,369,244,202,405,0,
1,1775670902912,-4345,2153,13859,-6684087,-1241278,-1825265,0,0,0,232,297,223,270,199,296,310,264,279,169,232,127,0,
2,1775670902912,1033,1014,9892,401949,-155159,-87964,0,0,0,435,507,341,448,415,492,547,425,352,244,187,423,0,
1,1775670902928,-4752,1469,15740,-6813590,-1415985,-1975538,0,0,0,230,297,221,269,199,295,315,265,280,167,231,126,0,
2,1775670902928,981,961,10007,426383,-128281,-94073,0,0,0,441,508,346,448,416,491,548,407,361,247,184,443,0,
1,1775670902944,-5336,478,18143,-6819699,-1621236,-1879021,0,0,0,231,299,222,268,197,294,315,265,280,166,230,123,0,
2,1775670902944,1048,899,10107,469144,-91629,-111177,0,0,0,459,520,354,458,430,499,536,374,364,259,181,459,0,
1,1775670902960,-5814,-488,21076,-6759834,-1802052,-1693318,0,0,0,232,300,224,270,197,295,311,264,280,168,232,122,0,
2,1775670902960,1158,842,10141,521678,-65973,-139277,0,0,0,469,525,352,466,446,507,526,347,362,251,173,476,0,
1,1775670902976,-6350,-1158,24211,-6666983,-1864360,-1662775,0,0,0,232,298,223,275,199,296,315,265,280,169,232,124,0,
2,1775670902976,1206,765,10155,568104,-45204,-172263,0,0,0,475,526,349,474,449,507,518,317,367,254,163,500,0,
1,1775670902992,-7150,-2459,27504,-6559470,-1938886,-1955990,0,0,0,233,297,223,272,199,299,314,261,280,168,227,122,0,
2,1775670902992,1234,689,10284,624304,-14660,-208915,0,0,0,486,527,346,476,457,508,508,290,367,257,165,521,0,
1,1775670903008,-7614,-5795,30657,-6486167,-2205223,-2404365,0,0,0,230,297,218,277,200,300,317,262,280,165,221,122,0,
2,1775670903008,1253,598,10624,739146,-2443,-243124,0,0,0,492,536,338,482,468,512,495,265,372,268,170,542,0,
1,1775670903024,-7666,-12562,32371,-6469062,-2531425,-2718350,0,0,0,230,298,222,277,198,304,316,257,283,165,223,122,0,
2,1775670903024,1349,502,10978,897971,-21991,-274889,0,0,0,498,549,332,491,476,515,478,245,378,272,172,557,0,
1,1775670903040,-7552,-24422,29518,-6235712,-2477669,-2268753,0,0,0,227,303,225,279,201,309,318,261,293,171,227,124,0,
2,1775670903040,1435,488,11519,1131322,-62308,-311541,0,0,0,501,553,325,504,485,530,465,235,390,273,174,577,0,
1,1775670903056,-4024,-37630,22909,-5356066,-2378709,-978606,0,0,0,228,309,225,279,206,311,315,256,290,180,231,125,0,
2,1775670903056,1210,531,12285,1428202,-47647,-337197,0,0,0,503,550,308,508,495,541,431,225,395,293,194,592,0,
1,1775670903072,7102,-45656,16970,-3415958,-2087937,592539,0,0,0,229,309,223,280,208,309,321,257,289,183,229,124,0,
2,1775670903072,918,459,13007,1871691,-1221,-343306,0,0,0,509,551,288,509,505,542,388,216,393,298,201,592,0,
1,1775670903088,16429,-47685,14228,-1045801,-781907,1412320,0,0,0,231,297,223,280,204,298,334,290,282,205,275,116,0,
2,1775670903088,827,335,13467,2316400,40317,-318871,0,0,0,514,554,272,512,515,546,357,217,394,274,179,597,0,
1,1775670903104,12395,-39444,17214,996932,1182635,1050688,0,0,0,236,273,193,267,205,261,379,359,261,251,344,100,0,
2,1775670903104,1383,215,14343,2913827,54977,-310319,0,0,0,518,557,257,509,528,535,315,209,394,278,186,605,0,
1,1775670903120,2909,-15601,19200,2910161,2885727,450818,0,0,0,243,256,162,268,185,237,432,426,246,286,391,85,0,
2,1775670903120,2517,244,15668,3550348,-7330,-399505,0,0,0,519,550,250,525,545,505,283,197,386,269,182,601,0,
1,1775670903136,-4843,10394,14946,4359134,3810577,-56199,0,0,0,247,250,148,282,163,240,463,463,248,327,416,81,0,
2,1775670903136,3742,416,17487,4342030,-155159,-630412,0,0,0,519,550,260,478,509,538,259,180,392,258,176,588,0,
1,1775670903152,-1804,8566,14343,5441587,2802649,-114842,0,0,0,244,250,153,294,169,260,477,477,264,384,431,90,0,
2,1775670903152,5111,617,20100,5382944,-350636,-996932,0,0,0,518,550,252,479,506,538,250,160,393,252,168,547,0,
1,1775670903168,3086,-1971,21555,5863084,791681,332310,0,0,0,245,263,189,304,177,295,496,496,286,413,443,105,0,
2,1775670903168,6077,559,24221,6544810,-531452,-1411098,0,0,0,496,533,252,475,493,534,246,152,388,222,145,471,0,
1,1775670903184,23,-4728,25527,4550946,-201585,884532,0,0,0,257,285,222,316,192,324,511,511,302,427,456,130,0,
2,1775670903184,7528,540,28466,7601607,-415388,-1769065,0,0,0,422,495,224,450,473,509,257,165,363,200,140,392,0,
1,1775670903200,-5273,-1703,18214,2207666,-52534,392175,0,0,0,277,300,248,344,213,352,522,521,322,425,469,185,0,
2,1775670903200,8911,1722,31729,8548448,288328,-2184454,0,0,0,357,463,209,410,432,459,272,178,329,176,125,342,0,
1,1775670903216,-4412,291,10471,784350,147829,-273667,0,0,0,326,317,263,389,209,357,522,520,354,449,477,219,0,
2,1775670903216,7934,4527,32845,9209404,1084896,-2748893,0,0,0,296,435,219,363,390,410,291,227,291,138,110,263,0,
1,1775670903232,-2115,282,9026,439822,101403,-260228,0,0,0,357,319,253,402,214,356,510,485,342,441,502,245,0,
2,1775670903232,7116,7422,29801,9415876,1439198,-3338989,0,0,0,276,424,236,336,368,383,307,264,275,113,102,210,0,
1,1775670903248,-2100,320,10007,298102,30543,-51312,0,0,0,335,325,262,397,232,384,534,508,338,439,495,269,0,
2,1775670903248,9102,10643,18741,8957727,784350,-3877772,0,0,0,280,425,240,332,366,383,312,285,276,109,109,200,0,
1,1775670903264,-2871,756,10351,251676,95294,36651,0,0,0,336,342,263,401,238,385,536,505,346,455,475,295,0,
2,1775670903264,9097,13630,11677,7712784,-53756,-4256508,0,0,0,278,427,238,333,369,384,309,294,271,111,114,199,0,
1,1775670903280,-2651,1062,9815,218689,183259,43982,0,0,0,331,353,277,386,249,389,536,490,359,437,466,320,0,
2,1775670903280,4268,20162,8667,4002389,-746477,-3301115,0,0,0,277,429,235,334,371,381,309,290,263,114,113,198,0,
1,1775670903296,-2211,1119,9097,234572,149051,43982,0,0,0,332,370,281,375,266,384,541,490,364,430,444,330,0,
2,1775670903296,1555,21162,8566,-1810604,-1463633,-401949,0,0,0,279,433,233,337,372,381,314,289,261,115,113,199,0,
1,1775670903312,-2345,1038,9614,335975,4886,57421,0,0,0,340,368,277,386,261,394,538,476,363,417,422,346,0,
2,1775670903312,3948,13797,8719,-5909510,-2144136,1940107,0,0,0,275,432,231,339,375,383,318,294,264,114,114,198,0,
1,1775670903328,-2498,961,10236,445931,-109955,75747,0,0,0,344,368,270,400,262,400,532,441,366,404,402,360,0,
2,1775670903328,8403,4905,6968,-6692639,-2070833,2205223,0,0,0,270,432,234,343,377,386,319,298,266,116,114,197,0,
1,1775670903344,-2455,894,10160,483805,-150272,86742,0,0,0,344,376,268,406,272,405,525,411,377,394,382,372,0,
2,1775670903344,8825,2885,4886,-5872858,-1001818,1044579,0,0,0,265,433,234,342,376,387,317,298,266,114,115,198,0,
1,1775670903360,-2445,756,9700,464257,-169820,85521,0,0,0,342,383,270,405,276,414,520,389,390,384,362,380,0,
2,1775670903360,7025,3096,4982,-5420818,13439,98960,0,0,0,267,433,234,340,374,384,319,299,265,118,116,200,0,
1,1775670903376,-2565,617,9451,425162,-157603,85521,0,0,0,345,386,267,408,279,413,516,368,396,379,345,382,0,
2,1775670903376,4800,3843,7159,-5617516,459370,-210137,0,0,0,267,436,236,338,373,382,319,300,264,117,116,196,0,
1,1775670903392,-2651,531,9428,384845,-101403,96516,0,0,0,355,387,262,416,295,410,511,360,394,373,338,383,0,
2,1775670903392,3560,4388,9284,-5998696,653625,-177150,0,0,0,265,435,236,341,374,385,319,301,264,118,116,197,0,
1,1775670903408,-2651,497,9466,354301,-36651,111177,0,0,0,355,384,263,417,311,421,510,345,398,364,328,391,0,
2,1775670903408,3598,4536,10571,-6335894,871093,105068,0,0,0,268,438,239,339,376,383,321,304,266,117,116,197,0,
1,1775670903424,-2593,507,9518,339641,14660,122173,0,0,0,354,385,267,416,305,429,510,326,402,361,325,397,0,
2,1775670903424,3900,4254,11883,-6554584,1373225,530231,0,0,0,266,438,238,340,375,385,318,302,264,120,119,197,0,
1,1775670903440,-2517,512,9585,343306,41538,128281,0,0,0,357,380,272,414,296,438,502,312,402,353,303,407,0,
2,1775670903440,3704,3886,13797,-6710965,1863138,955393,0,0,0,263,435,236,341,377,386,320,304,265,117,118,197,0,
1,1775670903456,-2397,473,9691,360410,31764,135612,0,0,0,350,379,272,411,301,435,501,296,405,350,286,420,0,
2,1775670903456,3402,3622,16142,-6868568,2122145,1304808,0,0,0,263,436,237,339,374,383,321,304,268,115,116,197,0,
1,1775670903472,-2359,387,9810,395840,-28099,149051,0,0,0,357,390,262,435,300,431,496,283,405,340,275,429,0,
2,1775670903472,3603,3101,18827,-7056715,2206445,1510058,0,0,0,263,438,239,339,374,383,321,306,268,115,116,196,0,
1,1775670903488,-2565,311,9858,454483,-106290,183259,0,0,0,358,396,261,435,310,448,490,272,424,328,255,454,0,
2,1775670903488,4024,2321,21804,-7182553,2261423,1568701,0,0,0,262,438,239,340,375,384,323,307,269,115,116,195,0,
1,1775670903504,-2775,229,9767,507018,-149051,246789,0,0,0,362,400,242,445,328,464,477,257,434,363,245,469,0,
2,1775670903504,4556,1828,25671,-7226535,2278527,1545489,0,0,0,260,436,239,340,372,384,327,304,273,126,119,192,0,
1,1775670903520,-2809,153,9719,558330,-168598,317649,0,0,0,360,405,238,441,350,471,473,244,439,332,233,484,0,
2,1775670903520,5350,1210,30413,-7307169,2262644,1618792,0,0,0,259,436,240,341,372,385,330,301,277,129,120,193,0,
1,1775670903536,-2651,81,9777,621860,-169820,376292,0,0,0,370,407,242,441,347,483,479,229,443,315,214,503,0,
2,1775670903536,6336,-2029,34816,-7476990,2335948,1964542,0,0,0,261,436,240,345,375,388,333,298,280,117,113,197,0,
1,1775670903552,-2368,-9,10227,704938,-204028,392175,0,0,0,390,408,251,457,337,496,479,230,451,305,209,525,0,
2,1775670903552,5369,-11576,36013,-7341378,2952922,2430021,0,0,0,263,435,239,350,375,392,338,296,282,117,110,195,0,
1,1775670903568,-2416,-47,10792,830776,-248011,379958,0,0,0,410,409,250,477,340,501,466,235,455,288,211,540,0,
2,1775670903568,2483,-25967,34907,-6550918,3163060,2613281,0,0,0,266,434,239,353,378,398,340,296,287,118,110,197,0,
1,1775670903584,-2670,-114,11174,1004262,-243124,376292,0,0,0,419,410,238,485,353,509,447,215,449,290,193,546,0,
2,1775670903584,210,-41660,26288,-4775744,2213775,1958433,0,0,0,270,436,240,357,381,402,340,296,284,120,113,198,0,
1,1775670903600,-2727,-224,11634,1241278,-217468,387288,0,0,0,415,415,235,492,369,528,425,193,448,310,174,547,0,
2,1775670903600,-3110,-51873,16764,-2575407,1538158,510683,0,0,0,271,437,241,357,380,403,343,298,288,120,113,200,0,
1,1775670903616,-2593,-306,12103,1554041,-233350,401949,0,0,0,412,435,227,505,383,541,392,190,461,347,181,546,0,
2,1775670903616,-9810,-51950,14113,-428827,1172861,-1172861,0,0,0,263,429,236,350,375,396,344,317,285,124,128,198,0,
1,1775670903632,-2364,-354,12467,1918116,-249233,381179,0,0,0,416,464,222,504,399,548,347,186,466,265,170,574,0,
2,1775670903632,-11744,-40282,18573,1308473,-151494,-1621236,0,0,0,248,415,221,345,371,387,381,419,275,175,241,184,0,
1,1775670903648,-2823,-459,12988,2353052,-218689,357967,0,0,0,430,449,211,495,401,562,313,182,468,260,163,587,0,
2,1775670903648,-5948,-12026,23010,2765997,-2191784,-949284,0,0,0,248,378,199,340,343,367,429,465,262,168,245,174,0,
1,1775670903664,-4029,-516,13725,2867401,-157603,453262,0,0,0,415,455,191,500,434,552,240,201,453,237,163,590,0,
2,1775670903664,5015,20655,17195,3510031,-4390899,619417,0,0,0,256,368,189,336,331,369,467,482,269,180,274,173,0,
1,1775670903680,-4953,-397,15032,3596774,-102625,745255,0,0,0,420,440,219,461,415,555,199,185,444,205,140,580,0,
2,1775670903680,3302,12744,9466,4284608,-4197865,1573588,0,0,0,262,368,189,347,330,383,498,500,285,218,331,177,0,
1,1775670903696,-5824,-320,16558,4345695,-59864,1083674,0,0,0,427,408,230,435,388,543,184,162,449,191,124,539,0,
2,1775670903696,-5728,-2593,14367,5238780,-2222327,1445307,0,0,0,259,375,212,354,332,398,514,514,304,221,338,187,0,
1,1775670903712,-7207,-588,19329,5241223,-43982,1523497,0,0,0,446,417,240,428,371,535,203,142,425,176,108,475,0,
2,1775670903712,-8825,-4498,23259,5062851,-652404,283441,0,0,0,261,389,246,357,339,413,532,532,315,213,324,199,0,
1,1775670903728,-9121,-789,22761,6101322,-28099,1958433,0,0,0,423,403,223,422,353,495,201,138,410,178,110,405,0,
2,1775670903728,-454,808,22699,3428175,-361632,-610865,0,0,0,270,408,275,368,353,424,548,551,315,263,353,212,0,
1,1775670903744,-10983,-914,26623,6966307,227241,2486221,0,0,0,352,388,201,373,324,433,183,149,371,153,109,320,0,
2,1775670903744,3943,1871,15448,1687209,-373849,-174707,0,0,0,287,429,294,375,378,425,552,557,318,296,370,234,0,
1,1775670903760,-12175,-330,29547,7654141,610865,2996904,0,0,0,279,359,219,308,279,386,193,181,330,133,132,254,0,
2,1775670903760,1445,727,10648,813672,-172263,263893,0,0,0,310,449,309,382,402,432,555,556,326,235,315,264,0,
1,1775670903776,-12074,2703,29322,8131838,767246,3455053,0,0,0,244,310,226,269,222,328,251,218,297,148,171,185,0,
2,1775670903776,134,464,9753,433714,-30543,224798,0,0,0,326,458,328,415,391,455,556,557,323,240,313,281,0,
1,1775670903792,-12251,6594,24723,8497135,952949,3833790,0,0,0,247,280,207,265,185,280,305,239,277,174,198,125,0,
2,1775670903792,856,1100,10380,295658,-105068,48869,0,0,0,345,462,330,416,390,452,564,565,325,259,314,285,0,
1,1775670903808,-13194,11031,15544,8254011,1147204,4146553,0,0,0,251,285,221,271,189,296,309,251,287,181,217,134,0,
2,1775670903808,1091,1517,10332,166155,-222354,21991,0,0,0,353,468,333,416,391,448,571,573,323,380,361,273,0,
1,1775670903824,-10983,14788,10423,6007248,818559,3872885,0,0,0,248,294,219,272,197,299,309,259,285,182,222,133,0,
2,1775670903824,866,1698,10184,102625,-200363,30543,0,0,0,356,470,334,427,401,460,564,564,326,250,307,303,0,
1,1775670903840,-6293,18702,9533,1806939,444709,2167349,0,0,0,254,294,220,276,195,298,310,253,277,179,216,129,0,
2,1775670903840,808,1785,10203,168598,-144164,12217,0,0,0,364,474,336,427,399,460,567,567,330,250,296,312,0,
1,1775670903856,-2651,17736,9954,-3003013,791681,-755029,0,0,0,254,294,228,273,192,303,310,255,280,180,217,135,0,
2,1775670903856,746,1866,10289,276111,-112399,-12217,0,0,0,369,476,335,427,404,463,575,561,335,247,287,318,0,
1,1775670903872,-4919,10782,7910,-4841717,1606575,-2392148,0,0,0,246,295,223,273,193,302,312,255,280,186,220,136,0,
2,1775670903872,631,1895,10246,368962,-36651,-21991,0,0,0,379,477,334,431,403,463,567,548,332,244,269,332,0,
1,1775670903888,-8135,5541,5340,-5040859,1518610,-2483778,0,0,0,237,297,223,270,197,302,311,257,280,186,221,135,0,
2,1775670903888,660,1765,10083,434936,91629,-21991,0,0,0,380,479,335,431,404,465,562,535,334,242,258,343,0,
1,1775670903904,-7872,4307,4642,-4825835,466701,-1661553,0,0,0,235,298,225,270,198,303,310,256,281,185,224,135,0,
2,1775670903904,813,1541,9911,469144,185703,-23212,0,0,0,382,480,332,435,406,472,558,524,339,238,246,357,0,
1,1775670903920,-5786,4312,5642,-4972443,-69638,-1156978,0,0,0,235,300,226,271,200,303,311,256,281,185,225,132,0,
2,1775670903920,957,1373,9782,436157,182037,-29321,0,0,0,390,483,333,435,405,474,557,510,345,239,237,367,0,
1,1775670903936,-4340,4340,7451,-5408600,56199,-1050688,0,0,0,235,301,225,272,201,302,312,261,281,183,229,130,0,
2,1775670903936,1062,1306,9719,383623,141720,-37873,0,0,0,396,484,338,437,404,475,559,497,354,262,253,367,0,
1,1775670903952,-4704,3823,9006,-5856975,114842,-1193630,0,0,0,234,301,224,271,201,303,312,263,282,183,232,132,0,
2,1775670903952,1153,1287,9719,328645,73303,-46425,0,0,0,399,483,341,441,404,481,562,489,358,281,266,368,0,
1,1775670903968,-5001,3091,10509,-6207612,-141720,-1429424,0,0,0,234,300,224,272,202,303,315,263,281,185,233,132,0,
2,1775670903968,1158,1277,9772,289550,-4886,-53756,0,0,0,403,483,338,445,407,485,560,480,355,292,262,375,0,
1,1775670903984,-5072,2335,12074,-6465397,-480140,-1800830,0,0,0,235,301,227,271,199,306,318,266,283,183,232,132,0,
2,1775670903984,1105,1287,9863,271224,-72082,-63529,0,0,0,408,486,332,451,413,485,559,473,352,321,271,381,0,
1,1775670904000,-5546,1349,13921,-6690196,-769690,-2207666,0,0,0,234,300,232,272,198,310,317,266,286,182,232,132,0,
2,1775670904000,1028,1273,9906,280998,-92851,-68416,0,0,0,418,488,333,447,409,485,559,462,351,262,223,402,0,
1,1775670904016,-6288,320,15845,-6796486,-989601,-2442239,0,0,0,234,297,229,276,201,304,316,262,278,186,234,125,0,
2,1775670904016,966,1229,9930,299323,-96516,-67195,0,0,0,432,495,343,451,413,494,560,447,357,241,190,418,0,
1,1775670904032,-7092,-579,18501,-6825808,-1194852,-2442239,0,0,0,235,301,226,272,203,305,316,263,278,184,233,126,0,
2,1775670904032,933,1177,9983,324980,-80634,-64751,0,0,0,436,501,340,460,425,505,559,439,366,242,184,438,0,
1,1775670904048,-7815,-1148,21301,-6830695,-1337794,-2290744,0,0,0,233,302,231,271,202,308,317,263,283,186,232,128,0,
2,1775670904048,1000,1143,10040,367740,-54977,-70860,0,0,0,435,505,338,463,432,513,553,416,367,240,177,454,0,
1,1775670904064,-8671,-2048,24589,-6801373,-1495398,-2069611,0,0,0,234,302,230,271,201,301,322,262,283,186,228,125,0,
2,1775670904064,1091,1119,10107,426383,-32986,-87964,0,0,0,459,519,359,465,441,515,552,390,379,247,172,477,0,
1,1775670904080,-9073,-3905,27642,-6731734,-1750739,-1924225,0,0,0,237,303,230,275,198,302,323,262,283,183,220,125,0,
2,1775670904080,1186,1076,10212,503352,-17104,-118507,0,0,0,468,519,341,477,457,518,543,362,375,260,171,503,0,
1,1775670904096,-8657,-7791,30777,-6674313,-2133141,-1835039,0,0,0,238,303,228,279,197,305,327,257,285,191,220,128,0,
2,1775670904096,1416,1005,10337,592539,6108,-168598,0,0,0,475,524,340,482,456,516,529,323,377,306,208,513,0,
1,1775670904112,-8332,-15142,31787,-6717074,-2278527,-1580919,0,0,0,234,303,236,277,195,312,325,255,292,186,215,124,0,
2,1775670904112,1737,918,10576,700051,31764,-250454,0,0,0,480,528,338,489,463,529,516,288,387,319,216,530,0,
1,1775670904128,-8432,-24790,28016,-6530149,-2249205,-800233,0,0,0,230,302,237,276,198,313,327,258,295,190,215,125,0,
2,1775670904128,1756,894,11093,875980,-6108,-346971,0,0,0,482,535,343,496,472,534,504,252,392,311,202,544,0,
1,1775670904144,-2852,-34285,21253,-5479461,-2752558,657290,0,0,0,228,303,237,276,200,315,331,262,298,193,220,129,0,
2,1775670904144,1421,894,11710,1137431,-81855,-404392,0,0,0,487,546,330,499,487,535,460,261,396,295,196,562,0,
1,1775670904160,8992,-41540,16582,-3773925,-2907718,1920560,0,0,0,228,304,232,276,199,314,337,267,299,190,221,128,0,
2,1775670904160,866,780,12366,1534493,-91629,-393397,0,0,0,496,551,302,508,505,541,428,259,400,277,189,575,0,
1,1775670904176,18923,-44455,15295,-1729970,-1382998,2102598,0,0,0,227,297,220,274,195,300,344,290,290,202,256,121,0,
2,1775670904176,679,622,12993,1952325,10995,-355523,0,0,0,502,551,281,516,519,548,417,226,405,267,179,582,0,
1,1775670904192,14333,-39602,16501,188146,1091005,1503950,0,0,0,235,280,194,279,183,270,381,342,268,246,326,104,0,
2,1775670904192,1148,569,13960,2510656,178372,-337197,0,0,0,500,550,262,511,526,553,379,216,407,272,182,596,0,
1,1775670904208,4326,-16922,19492,2455678,3587000,770911,0,0,0,251,262,165,285,166,243,445,405,247,288,371,87,0,
2,1775670904208,1732,598,14893,3076317,185703,-399505,0,0,0,503,544,244,500,520,550,337,206,401,276,184,606,0,
1,1775670904224,-3426,8710,15175,4012162,4645019,-140499,0,0,0,248,254,157,279,160,243,457,455,249,305,410,86,0,
2,1775670904224,2234,670,15951,3760486,96516,-503352,0,0,0,518,539,247,489,517,550,302,187,400,264,171,603,0,
1,1775670904240,-1890,10543,13046,5088507,3802025,-625526,0,0,0,246,255,151,282,165,248,458,462,260,349,421,85,0,
2,1775670904240,3043,827,17348,4559498,-39095,-665843,0,0,0,512,540,242,488,515,552,276,162,398,266,182,594,0,
1,1775670904256,4460,-765,18296,5564982,1455080,-237015,0,0,0,242,262,156,287,171,263,478,478,270,375,429,90,0,
2,1775670904256,4302,1033,20086,5507560,-107512,-951728,0,0,0,508,527,242,488,494,537,260,146,399,247,164,553,0,
1,1775670904272,1804,-2684,22603,4482529,87964,700051,0,0,0,250,276,183,293,184,277,491,492,270,390,432,97,0,
2,1775670904272,5092,1430,24067,6637661,-134390,-1292590,0,0,0,468,498,235,490,486,538,263,152,400,215,139,457,0,
1,1775670904288,-4570,-631,19416,2856405,-164933,825889,0,0,0,252,287,231,304,193,315,498,497,301,416,444,127,0,
2,1775670904288,5168,1928,28748,7800749,17104,-1561371,0,0,0,409,474,218,460,456,504,273,162,383,204,133,392,0,
1,1775670904304,-5168,320,12792,1621236,61086,72082,0,0,0,263,301,257,325,215,342,508,507,307,427,455,153,0,
2,1775670904304,4962,2632,31117,8687725,560774,-1693318,0,0,0,354,447,207,413,421,456,277,185,334,179,121,339,0,
1,1775670904320,-2852,23,9317,800233,199142,-346971,0,0,0,300,310,263,345,214,352,523,523,311,426,473,192,0,
2,1775670904320,5915,3306,31548,9320581,1440420,-1902234,0,0,0,290,426,217,361,384,408,292,228,291,133,103,243,0,
1,1775670904336,-1842,-296,9911,353080,226020,-196698,0,0,0,315,323,264,356,215,363,521,522,313,440,478,213,0,
2,1775670904336,7197,4962,28528,9424428,2420248,-2403143,0,0,0,270,421,230,339,368,391,302,259,275,110,101,202,0,
1,1775670904352,-2421,421,10452,67195,227241,-25656,0,0,0,317,332,287,357,218,371,524,525,320,442,482,227,0,
2,1775670904352,8107,9940,19602,9023701,2621833,-3170390,0,0,0,272,426,238,337,369,393,307,279,278,117,134,199,0,
1,1775670904368,-2670,1124,10222,-15882,212581,9773,0,0,0,322,345,305,360,227,373,529,530,327,441,484,230,0,
2,1775670904368,4058,14582,14017,7345043,938289,-3717725,0,0,0,270,429,236,332,368,388,298,287,282,128,167,198,0,
1,1775670904384,-2469,1234,10007,72082,146607,4886,0,0,0,324,348,308,363,232,373,531,525,329,441,487,241,0,
2,1775670904384,-387,19784,11141,3657861,-1389107,-2625498,0,0,0,267,427,232,329,365,382,295,287,278,126,163,198,0,
1,1775670904400,-2316,1124,10016,162490,63529,25656,0,0,0,324,349,309,366,232,381,530,516,336,437,489,264,0,
2,1775670904400,1722,20258,8686,-1640784,-2951700,-282219,0,0,0,268,426,233,333,367,382,310,289,269,123,148,198,0,
1,1775670904416,-2321,1081,10074,223576,-26878,53756,0,0,0,328,360,310,368,238,389,532,509,342,430,481,276,0,
2,1775670904416,6752,12256,8035,-5442809,-2662150,1086118,0,0,0,269,429,233,336,368,382,310,287,265,127,144,200,0,
1,1775670904432,-2397,1167,9992,288328,-98960,64751,0,0,0,326,366,308,368,246,387,529,497,339,423,464,275,0,
2,1775670904432,7796,5618,7772,-6422637,-1940107,908967,0,0,0,264,429,234,336,369,382,315,294,268,123,136,200,0,
1,1775670904448,-2450,1139,10567,323758,-112399,69638,0,0,0,323,358,306,369,246,390,523,482,341,414,452,291,0,
2,1775670904448,6676,3110,6671,-5948605,-1448972,41538,0,0,0,258,431,236,336,371,385,314,295,268,122,134,197,0,
1,1775670904464,-2479,1000,12333,249233,-26878,74525,0,0,0,325,365,279,372,258,384,525,465,335,403,438,289,0,
2,1775670904464,6700,3321,5900,-5703037,-998153,-525344,0,0,0,260,434,239,336,373,385,317,298,269,123,136,200,0,
1,1775670904480,-2488,899,11366,227241,0,72082,0,0,0,326,372,262,373,261,377,522,450,334,398,424,290,0,
2,1775670904480,6441,3627,6470,-5823989,-349414,-833220,0,0,0,263,433,241,334,368,385,310,288,262,132,165,199,0,
1,1775670904496,-2469,866,9255,257785,-9773,69638,0,0,0,332,370,295,377,260,396,521,442,342,389,416,294,0,
2,1775670904496,5015,4005,8265,-6136752,315206,-828333,0,0,0,259,430,242,334,366,389,310,287,267,128,165,197,0,
1,1775670904512,-2421,880,9112,263893,9773,73303,0,0,0,328,370,287,381,258,402,521,420,341,386,398,298,0,
2,1775670904512,3828,4288,9853,-6411641,753807,-509461,0,0,0,260,432,242,333,366,388,313,290,271,130,167,199,0,
1,1775670904528,-2349,885,9590,252898,39095,75747,0,0,0,331,369,294,376,255,401,516,407,350,380,378,314,0,
2,1775670904528,3843,4139,11031,-6616892,1089783,64751,0,0,0,262,433,244,334,367,384,315,292,267,133,169,197,0,
1,1775670904544,-2278,861,9724,252898,41538,72082,0,0,0,341,367,288,384,259,410,517,392,358,379,368,331,0,
2,1775670904544,4259,3737,12390,-6718295,1517389,582765,0,0,0,260,432,241,332,373,382,317,297,267,135,171,197,0,
1,1775670904560,-2244,856,9662,278554,23212,67195,0,0,0,349,370,288,390,261,411,516,374,361,373,357,338,0,
2,1775670904560,4240,3464,14271,-6801373,1913229,1009149,0,0,0,261,434,242,333,371,383,319,300,273,135,173,200,0,
1,1775670904576,-2234,813,9696,329867,-13439,67195,0,0,0,350,381,294,394,271,413,518,350,370,367,340,357,0,
2,1775670904576,4101,3316,16601,-6911329,2113593,1255938,0,0,0,260,433,244,336,367,387,318,298,277,133,171,200,0,
1,1775670904592,-2239,727,9767,376292,-61086,76969,0,0,0,352,390,283,400,278,416,515,337,380,361,323,373,0,
2,1775670904592,4508,3000,19554,-7073819,2213775,1325577,0,0,0,257,431,240,336,367,386,318,296,276,133,168,198,0,
1,1775670904608,-2297,636,9810,415388,-113620,95294,0,0,0,370,394,271,417,279,416,512,317,387,361,302,385,0,
2,1775670904608,5187,2459,23345,-7247305,2359161,1279151,0,0,0,256,430,238,335,366,384,320,294,275,135,168,196,0,
1,1775670904624,-2455,612,9849,472809,-130725,123394,0,0,0,385,402,275,433,288,421,513,285,391,361,281,403,0,
2,1775670904624,5522,1478,28107,-7379252,2486221,1290147,0,0,0,258,431,240,337,367,386,321,292,275,134,168,195,0,
1,1775670904640,-2617,564,9906,564439,-119729,168598,0,0,0,378,413,277,431,306,432,503,270,390,343,263,422,0,
2,1775670904640,5307,-1153,32385,-7456221,2568077,1654223,0,0,0,259,430,242,342,369,389,326,289,278,135,166,194,0,
1,1775670904656,-2694,469,10054,675616,-103847,229685,0,0,0,378,411,267,431,327,454,492,253,399,323,242,448,0,
2,1775670904656,4412,-8111,34855,-7305948,2944370,2436130,0,0,0,260,429,239,342,366,391,331,284,281,135,161,194,0,
1,1775670904672,-2804,373,10284,796568,-117286,300545,0,0,0,388,417,266,426,343,477,485,234,427,316,226,483,0,
2,1775670904672,1761,-20861,35568,-6583905,3269350,2985909,0,0,0,267,429,239,350,370,395,337,282,286,139,157,198,0,
1,1775670904688,-2904,253,10672,939510,-189368,399505,0,0,0,397,428,261,426,362,483,464,230,441,286,205,504,0,
2,1775670904688,-114,-35391,31265,-5327966,2454456,2895501,0,0,0,268,429,239,352,375,401,345,298,296,121,115,200,0,
1,1775670904704,-2617,201,11356,1139874,-233350,465479,0,0,0,424,445,269,454,372,501,444,213,440,296,199,549,0,
2,1775670904704,-435,-47604,20746,-3343876,1350012,1527163,0,0,0,268,432,239,349,370,397,344,299,294,120,114,201,0,
1,1775670904720,-2292,162,12060,1422094,-183259,453262,0,0,0,416,475,246,451,401,518,422,220,456,278,201,552,0,
2,1775670904720,-4757,-53404,14089,-1152091,1081231,-609643,0,0,0,261,426,235,348,373,395,349,323,285,125,133,197,0,
1,1775670904736,-2067,19,12572,1791056,-189368,393397,0,0,0,425,483,220,465,420,531,385,216,439,276,198,568,0,
2,1775670904736,-11639,-47762,16946,654847,634078,-1977981,0,0,0,250,415,222,346,371,388,384,425,276,146,189,190,0,
1,1775670904752,-2359,-76,13113,2214997,-272445,353080,0,0,0,463,488,218,481,424,546,335,197,442,262,181,575,0,
2,1775670904752,-6748,-15333,22900,2553416,-1839926,-1494176,0,0,0,242,379,199,333,346,369,426,466,267,158,230,180,0,
1,1775670904768,-3216,-76,13802,2671924,-316428,409279,0,0,0,474,474,221,465,423,548,258,195,437,235,164,587,0,
2,1775670904768,4809,16448,17420,3714060,-4299269,-202807,0,0,0,250,360,188,334,336,373,463,478,278,174,267,179,0,
1,1775670904784,-4082,33,14946,3340211,-201585,593761,0,0,0,469,467,227,441,436,545,206,197,433,215,159,581,0,
2,1775670904784,8188,15903,8255,4803844,-4910134,1054353,0,0,0,260,362,188,345,334,383,487,490,291,185,297,183,0,
1,1775670904800,-5178,148,16152,4097684,-14660,852767,0,0,0,473,465,232,422,443,540,181,188,439,200,148,559,0,
2,1775670904800,-1459,-612,15008,5584530,-2853962,1369559,0,0,0,266,371,208,356,337,399,501,500,302,202,323,188,0,
1,1775670904816,-6523,0,18339,4971221,127059,1271821,0,0,0,463,457,233,409,437,531,172,174,439,174,128,516,0,
2,1775670904816,-8537,-4972,24584,5092172,-904080,686612,0,0,0,264,379,233,361,342,412,512,512,309,218,338,192,0,
1,1775670904832,-7939,-172,21564,5812993,261450,1690874,0,0,0,422,443,239,388,409,511,166,159,415,153,116,444,0,
2,1775670904832,-3278,521,22388,3688404,-389732,-326202,0,0,0,265,393,257,363,349,415,527,527,312,220,333,204,0,
1,1775670904848,-10524,-138,24623,6681643,485026,2151467,0,0,0,378,419,242,352,353,469,155,150,382,148,112,365,0,
2,1775670904848,2220,2474,15386,2398256,-131946,-431270,0,0,0,276,417,282,372,362,422,541,540,317,223,324,233,0,
1,1775670904864,-12275,167,27465,7500203,757472,2764776,0,0,0,332,383,217,321,303,407,169,169,346,136,118,298,0,
2,1775670904864,2684,813,10303,1433089,12217,74525,0,0,0,297,443,297,386,376,431,551,551,322,235,324,259,0,
1,1775670904880,-11844,1689,29384,8120842,1100779,3318219,0,0,0,275,342,215,292,257,349,217,199,297,138,153,242,0,
2,1775670904880,1057,-229,10351,702495,-109955,208915,0,0,0,330,463,317,402,385,440,560,561,328,272,338,280,0,
1,1775670904896,-10629,4374,27633,8508131,1517389,3610213,0,0,0,230,297,215,248,205,285,271,242,273,136,194,134,0,
2,1775670904896,454,526,10734,196698,-285884,90408,0,0,0,341,466,333,405,385,443,561,561,325,375,371,281,0,
1,1775670904912,-12438,8145,20622,8696277,1554041,3798360,0,0,0,256,289,241,258,188,297,292,252,286,152,209,137,0,
2,1775670904912,741,1268,10332,94073,-320093,4886,0,0,0,353,470,337,413,390,447,561,561,326,254,323,296,0,
1,1775670904928,-13854,10806,12557,8053647,651182,4059810,0,0,0,255,293,239,260,202,296,291,259,284,158,221,138,0,
2,1775670904928,775,1445,10131,46425,-271224,-2443,0,0,0,360,474,334,421,391,450,571,573,316,335,407,288,0,
1,1775670904944,-8289,14079,9968,5319414,-92851,3444058,0,0,0,251,298,243,260,201,306,293,265,288,154,225,144,0,
2,1775670904944,717,1397,10279,29321,-186924,9773,0,0,0,368,479,338,416,393,447,564,566,324,278,352,293,0,
1,1775670904960,-2364,17870,9518,700051,210137,1130100,0,0,0,253,300,235,263,200,297,291,262,279,156,226,137,0,
2,1775670904960,698,1497,10380,48869,-139277,0,0,0,0,369,479,337,417,394,448,561,561,324,283,352,296,0,
1,1775670904976,-2440,16137,9102,-3477044,1266934,-1721418,0,0,0,253,303,234,264,199,294,292,259,278,158,226,134,0,
2,1775670904976,617,1651,10279,127059,-76969,-20769,0,0,0,373,481,337,417,394,450,558,558,323,260,327,304,0,
1,1775670904992,-7432,9552,7083,-5065294,1468520,-2690250,0,0,0,243,304,234,264,202,296,294,260,280,160,229,134,0,
2,1775670904992,603,1684,10150,232128,15882,-30543,0,0,0,377,481,334,419,396,452,557,557,324,259,317,307,0,
1,1775670905008,-9609,5163,5350,-5252219,658512,-2098932,0,0,0,233,307,234,259,209,298,294,266,281,160,234,133,0,
2,1775670905008,660,1612,10040,310319,83077,-30543,0,0,0,386,483,341,418,394,449,559,555,323,255,301,306,0,
1,1775670905024,-7465,4139,5077,-5004208,-389732,-901637,0,0,0,227,308,235,254,210,297,296,269,282,160,237,134,0,
2,1775670905024,756,1464,9949,340862,105068,-26878,0,0,0,388,482,337,416,393,445,556,549,328,253,287,307,0,
1,1775670905040,-4580,4364,6345,-5104389,-799011,-144164,0,0,0,225,307,237,253,206,298,298,268,283,163,238,136,0,
2,1775670905040,832,1383,9887,338419,94073,-26878,0,0,0,387,481,332,416,394,445,553,540,339,267,281,309,0,
1,1775670905056,-4015,4446,8260,-5655390,-685390,-156381,0,0,0,225,310,239,256,205,300,297,269,283,164,238,137,0,
2,1775670905056,880,1344,9834,337197,62308,-34208,0,0,0,393,485,341,417,394,450,556,528,341,266,266,313,0,
1,1775670905072,-4096,4053,10021,-6197838,-812450,-356745,0,0,0,225,311,238,256,207,300,299,271,284,164,238,138,0,
2,1775670905072,904,1287,9815,339641,23212,-48869,0,0,0,399,485,340,424,399,455,556,513,337,238,243,327,0,
1,1775670905088,-4134,3149,11624,-6594901,-1205847,-698829,0,0,0,225,311,235,256,209,298,302,270,283,164,239,138,0,
2,1775670905088,894,1253,9849,340862,-6108,-61086,0,0,0,408,486,340,428,404,459,559,501,344,246,239,340,0,
1,1775670905104,-3833,2177,13084,-6731734,-1589471,-1070235,0,0,0,226,310,236,259,205,301,303,269,283,166,238,137,0,
2,1775670905104,899,1215,9873,346971,-32986,-67195,0,0,0,417,486,338,430,404,465,553,483,342,270,254,350,0,
1,1775670905120,-3761,1392,14797,-6751282,-1827708,-1398881,0,0,0,224,309,235,259,206,297,303,269,283,166,242,136,0,
2,1775670905120,909,1167,9897,360410,-61086,-67195,0,0,0,425,494,338,438,408,473,556,478,351,239,216,375,0,
1,1775670905136,-4393,784,16802,-6717074,-1948660,-1574810,0,0,0,224,307,235,259,204,299,303,269,283,166,240,132,0,
2,1775670905136,880,1105,9940,378736,-89186,-59864,0,0,0,437,505,358,443,422,488,556,466,360,238,199,401,0,
1,1775670905152,-5120,100,19181,-6706078,-2100154,-1632231,0,0,0,227,311,239,261,204,298,304,271,283,166,243,133,0,
2,1775670905152,847,1052,10016,397062,-94073,-61086,0,0,0,442,511,347,445,421,488,555,445,354,238,187,418,0,
1,1775670905168,-5618,-536,22019,-6710965,-2244318,-1684766,0,0,0,225,311,240,260,206,298,308,280,285,162,246,131,0,
2,1775670905168,899,1014,10102,430049,-76969,-75747,0,0,0,450,515,351,446,430,495,551,424,362,243,182,441,0,
1,1775670905184,-6240,-1182,25221,-6677978,-2334726,-1993864,0,0,0,225,309,241,260,204,300,310,276,284,164,240,129,0,
2,1775670905184,971,971,10174,489913,-54977,-102625,0,0,0,461,524,349,452,442,498,545,395,361,248,180,470,0,
1,1775670905200,-6843,-2804,28705,-6575353,-2536312,-2522873,0,0,0,227,308,240,260,200,298,313,269,285,168,232,129,0,
2,1775670905200,985,899,10236,577878,-23212,-138055,0,0,0,472,524,346,458,448,507,534,357,365,256,175,493,0,
1,1775670905216,-6216,-7279,32122,-6393315,-2938261,-3059213,0,0,0,227,308,238,264,200,296,316,266,287,168,226,128,0,
2,1775670905216,1081,804,10394,667064,17104,-167377,0,0,0,478,525,342,469,460,519,523,322,372,262,170,515,0,
1,1775670905232,-4938,-14984,33515,-6247929,-2981022,-3282789,0,0,0,225,309,236,266,202,299,317,266,288,165,226,127,0,
2,1775670905232,1349,722,10696,772133,59864,-210137,0,0,0,493,534,344,478,469,527,507,286,379,282,184,538,0,
1,1775670905248,-5034,-27121,29092,-6007248,-2276083,-2781880,0,0,0,224,312,237,265,203,302,317,269,290,165,229,126,0,
2,1775670905248,1454,703,11280,962723,67195,-280998,0,0,0,504,544,339,483,475,533,485,251,386,306,203,553,0,
1,1775670905264,-3780,-40186,19952,-4933347,-2062281,-1015258,0,0,0,225,312,238,266,205,304,319,272,294,168,228,127,0,
2,1775670905264,1354,698,11902,1271821,47647,-344527,0,0,0,510,550,323,491,486,544,458,230,391,300,197,569,0,
1,1775670905280,5977,-47446,14180,-3051882,-2397035,1094670,0,0,0,223,309,236,267,203,303,324,274,295,171,230,130,0,
2,1775670905280,904,612,12696,1687209,103847,-378736,0,0,0,524,556,306,504,506,547,422,227,393,271,178,588,0,
1,1775670905296,17291,-45905,14917,-796568,-1171639,1792278,0,0,0,225,304,233,268,196,298,334,286,295,183,245,127,0,
2,1775670905296,794,483,13548,2152689,240680,-370184,0,0,0,525,561,284,510,521,547,382,221,392,267,180,592,0,
1,1775670905312,14323,-38707,17181,1038470,1103222,1281595,0,0,0,224,285,218,273,191,283,366,361,274,233,337,112,0,
2,1775670905312,1148,521,14596,2712241,265115,-361632,0,0,0,527,559,258,498,520,558,337,213,393,266,176,598,0,
1,1775670905328,406,-13160,20215,2792875,3354871,447153,0,0,0,242,256,163,270,167,238,439,417,247,277,389,91,0,
2,1775670905328,1962,655,15764,3380528,78190,-412944,0,0,0,533,554,250,487,519,548,294,197,395,270,177,604,0,
1,1775670905344,-6503,13448,15027,3893655,4379903,-202807,0,0,0,246,256,157,275,167,241,459,457,256,311,409,83,0,
2,1775670905344,2689,818,17027,4147774,-141720,-536339,0,0,0,528,543,242,479,517,546,268,184,390,261,178,599,0,
1,1775670905360,-2029,11648,11998,5043303,3777590,-489913,0,0,0,244,254,157,290,167,251,471,470,267,349,422,83,0,
2,1775670905360,3804,914,18765,5064072,-318871,-758694,0,0,0,528,543,251,532,532,504,272,160,394,249,155,568,0,
1,1775670905376,4067,-1153,19861,5486791,1521054,-61086,0,0,0,249,260,186,294,170,277,480,480,279,377,430,93,0,
2,1775670905376,5398,751,22134,6238155,-409279,-1133765,0,0,0,501,525,251,476,483,534,253,151,384,235,148,490,0,
1,1775670905392,1895,-4048,24517,4362799,9773,629191,0,0,0,255,273,209,301,178,294,492,493,288,390,436,104,0,
2,1775670905392,6523,737,26939,7348708,-282219,-1510058,0,0,0,443,500,229,463,470,512,259,156,374,211,138,414,0,
1,1775670905408,-4962,-435,19004,2386039,-171042,664621,0,0,0,258,289,244,313,196,328,503,503,307,401,446,136,0,
2,1775670905408,6858,1809,31500,8283332,75747,-1844813,0,0,0,380,472,213,431,440,479,271,166,344,189,126,361,0,
1,1775670905424,-4958,574,12538,1210734,152716,-4886,0,0,0,278,296,259,332,207,347,519,506,335,414,466,172,0,
2,1775670905424,6599,3675,32543,8952840,454483,-2169793,0,0,0,318,442,213,382,404,429,287,209,303,151,112,291,0,
1,1775670905440,-2660,148,10212,601091,296880,-296880,0,0,0,302,298,260,351,207,346,537,507,342,415,482,193,0,
2,1775670905440,6882,4680,31371,9458637,915076,-2566855,0,0,0,277,422,226,343,369,388,304,245,273,121,102,223,0,
1,1775670905456,-1876,67,10351,353080,232128,-172263,0,0,0,313,307,269,367,205,353,544,512,329,414,485,207,0,
2,1775670905456,9547,8241,22373,9358455,1210734,-3053104,0,0,0,273,422,235,335,363,381,307,267,269,113,105,200,0,
1,1775670905472,-2546,823,10275,212581,210137,-39095,0,0,0,323,325,269,377,211,360,545,509,334,425,485,225,0,
2,1775670905472,10672,11016,14400,8739038,1112996,-3755599,0,0,0,279,428,237,338,369,387,309,284,272,114,111,200,0,
1,1775670905488,-2636,1320,10098,190589,230907,-2443,0,0,0,327,334,273,372,221,368,555,486,346,423,484,249,0,
2,1775670905488,5029,13874,12806,7114136,100181,-3866776,0,0,0,279,430,236,337,369,387,312,292,271,113,112,200,0,
1,1775670905504,-2354,1268,10088,274889,193033,21991,0,0,0,333,341,285,380,215,384,552,479,369,422,478,276,0,
2,1775670905504,-425,20708,9605,2438574,-1799608,-1424537,0,0,0,275,430,233,334,367,382,310,294,266,112,110,198,0,
1,1775670905520,-2163,1095,10117,362853,101403,48869,0,0,0,326,349,294,373,222,392,545,458,368,416,464,285,0,
2,1775670905520,2713,20339,6728,-2904053,-2791654,1453859,0,0,0,271,430,232,332,365,378,312,292,262,114,112,198,0,
1,1775670905536,-2268,1110,10160,392175,0,58643,0,0,0,328,348,288,378,227,394,549,453,373,406,441,298,0,
2,1775670905536,8959,11596,6757,-6594901,-2338392,2835636,0,0,0,268,433,233,336,369,382,316,294,264,115,115,198,0,
1,1775670905552,-2311,1162,10169,410501,-59864,70860,0,0,0,336,359,296,373,241,400,545,447,380,392,413,316,0,
2,1775670905552,9054,4962,7724,-6943094,-1309695,1854586,0,0,0,267,435,233,340,373,384,317,298,265,116,114,196,0,
1,1775670905568,-2306,1091,9992,448375,-105068,81855,0,0,0,329,356,292,373,247,399,544,412,372,394,393,322,0,
2,1775670905568,6422,2828,7351,-6504493,-741590,548556,0,0,0,267,435,234,340,373,385,315,298,265,136,125,194,0,
1,1775670905584,-2407,880,9652,480140,-114842,81855,0,0,0,329,363,288,375,247,397,531,396,366,384,380,330,0,
2,1775670905584,5532,2613,6901,-6294355,-657290,-128281,0,0,0,265,435,237,340,374,384,318,301,266,117,119,200,0,
1,1775670905600,-2493,684,9428,467922,-79412,81855,0,0,0,331,360,289,380,245,411,523,380,372,376,361,337,0,
2,1775670905600,5666,2263,7499,-6344446,-329867,-537561,0,0,0,266,437,238,338,371,381,317,300,263,114,116,194,0,
1,1775670905616,-2483,603,9413,409279,-17104,86742,0,0,0,328,360,284,383,251,413,519,368,371,370,346,337,0,
2,1775670905616,4991,2852,9183,-6546031,296880,-610865,0,0,0,265,437,238,338,373,382,321,302,264,115,116,194,0,
1,1775670905632,-2416,569,9442,346971,26878,96516,0,0,0,330,364,279,391,261,411,513,356,366,372,348,337,0,
2,1775670905632,3977,3776,10916,-6785491,813672,-329867,0,0,0,265,438,238,339,375,384,322,304,265,116,116,196,0,
1,1775670905648,-2292,574,9504,299323,42760,107512,0,0,0,333,369,278,396,265,414,511,343,368,377,355,343,0,
2,1775670905648,3795,4000,12428,-7032280,1175304,300545,0,0,0,261,435,236,340,374,382,321,304,265,116,117,195,0,
1,1775670905664,-2201,583,9600,280998,39095,106290,0,0,0,337,377,281,396,274,419,509,336,372,374,347,349,0,
2,1775670905664,4517,2952,14151,-7165449,1661553,1054353,0,0,0,262,435,239,338,374,383,321,305,267,114,113,195,0,
1,1775670905680,-2187,588,9672,285884,31764,96516,0,0,0,345,382,282,400,288,423,502,332,373,362,326,355,0,
2,1775670905680,4623,1966,16128,-7127575,2120924,1517389,0,0,0,264,438,241,339,373,384,321,305,269,118,116,194,0,
1,1775670905696,-2191,550,9748,312763,9773,94073,0,0,0,355,382,279,406,285,431,504,321,377,351,306,369,0,
2,1775670905696,4077,1536,19042,-7007846,2339613,1736079,0,0,0,261,438,241,337,376,383,323,306,271,118,118,194,0,
1,1775670905712,-2249,483,9815,349414,-21991,103847,0,0,0,373,402,278,409,293,441,507,308,382,347,298,397,0,
2,1775670905712,4005,1426,22230,-6954089,2293188,1805717,0,0,0,261,438,243,337,378,383,325,306,272,112,115,194,0,
1,1775670905728,-2407,402,9820,389732,-53756,136833,0,0,0,372,412,280,414,294,445,499,294,383,329,280,404,0,
2,1775670905728,4776,1210,26149,-6985854,2158797,1776396,0,0,0,264,440,243,341,374,387,324,304,272,111,114,192,0,
1,1775670905744,-2536,354,9815,433714,-59864,193033,0,0,0,362,404,284,408,284,455,491,271,398,341,264,421,0,
2,1775670905744,5350,-622,30375,-7013954,2235766,1809382,0,0,0,258,435,240,339,372,385,321,302,277,113,112,194,0,
1,1775670905760,-2632,358,9920,499687,-43982,255341,0,0,0,364,404,274,408,322,455,490,255,405,320,255,432,0,
2,1775670905760,4737,-5637,33859,-6984633,2574186,1997529,0,0,0,261,435,240,340,367,382,311,296,284,111,106,191,0,
1,1775670905776,-2723,330,10126,615752,-3665,335975,0,0,0,382,427,290,428,336,463,483,252,424,314,238,471,0,
2,1775670905776,2196,-15563,35486,-6818477,2932153,2249205,0,0,0,269,437,241,347,370,391,337,294,280,118,113,197,0,
1,1775670905792,-2708,210,10366,755029,30543,415388,0,0,0,406,422,319,432,340,490,469,241,429,301,221,497,0,
2,1775670905792,119,-30418,31217,-5979148,2224771,2160019,0,0,0,271,438,242,355,378,397,340,295,284,119,114,197,0,
1,1775670905808,-2608,86,10739,911410,42760,472809,0,0,0,414,438,290,449,370,500,461,236,427,301,214,516,0,
2,1775670905808,-478,-43699,22134,-4295604,1332907,1389107,0,0,0,268,437,239,357,379,399,340,297,286,147,125,196,0,
1,1775670905824,-2502,19,11342,1126435,41538,509461,0,0,0,411,453,255,450,393,510,444,221,424,288,206,537,0,
2,1775670905824,-4264,-50844,14233,-1935221,1160643,-261450,0,0,0,268,437,241,356,377,398,341,297,286,123,114,199,0,
1,1775670905840,-2057,-57,11978,1395216,45204,514348,0,0,0,429,465,249,460,416,515,418,219,432,282,209,556,0,
2,1775670905840,-12227,-47839,15941,-40317,724486,-1480737,0,0,0,258,431,237,342,375,390,356,382,280,126,156,194,0,
1,1775670905856,-1608,-186,12668,1764178,3665,438601,0,0,0,435,471,231,470,434,524,380,226,431,272,199,572,0,
2,1775670905856,-11931,-32184,21426,1704314,-1028697,-1560149,0,0,0,240,398,206,342,361,373,406,453,267,150,206,185,0,
1,1775670905872,-2053,-201,13424,2175901,-87964,376292,0,0,0,431,474,214,479,429,536,334,212,428,259,181,585,0,
2,1775670905872,827,2340,19253,3152064,-3424510,-719599,0,0,0,250,378,189,337,344,366,443,471,265,184,252,180,0,
1,1775670905888,-3000,-134,14314,2686585,-156381,421497,0,0,0,437,471,213,490,411,542,283,190,430,245,170,588,0,
2,1775670905888,7240,16391,11907,4184426,-4609589,52534,0,0,0,260,372,186,341,337,375,475,484,273,208,298,179,0,
1,1775670905904,-3933,-57,15367,3407406,-130725,624304,0,0,0,449,459,212,479,408,539,232,197,425,222,157,574,0,
2,1775670905904,1608,3431,11227,5359731,-3545461,609643,0,0,0,264,376,202,347,335,389,510,511,285,235,341,174,0,
1,1775670905920,-5044,67,16645,4212526,-75747,924849,0,0,0,466,454,214,444,422,534,214,197,425,197,139,538,0,
2,1775670905920,-4647,-3613,21727,5189911,-1637118,400727,0,0,0,267,386,231,357,338,400,532,532,292,270,373,176,0,
1,1775670905936,-6235,47,19057,5039638,3665,1297477,0,0,0,441,439,230,410,373,525,188,165,426,170,121,502,0,
2,1775670905936,-3239,-1000,24895,3881437,-770911,-160046,0,0,0,274,402,265,369,352,410,537,538,300,271,362,198,0,
1,1775670905952,-8226,-191,22608,5992587,158824,1734857,0,0,0,435,421,223,391,346,492,171,143,412,160,102,437,0,
2,1775670905952,722,1636,17468,2239431,-452040,-179594,0,0,0,290,425,297,379,367,420,544,548,308,274,357,221,0,
1,1775670905968,-10571,-201,25824,6847799,350636,2219884,0,0,0,355,382,224,341,287,450,223,171,364,150,100,330,0,
2,1775670905968,1655,1517,10763,1143539,-105068,61086,0,0,0,312,444,317,392,373,424,555,563,308,317,392,232,0,
1,1775670905984,-11237,1019,28059,7556403,558330,2823419,0,0,0,289,352,219,309,271,381,201,184,320,136,129,262,0,
2,1775670905984,957,201,9361,631634,21991,180816,0,0,0,330,452,325,401,379,432,555,555,316,240,304,264,0,
1,1775670906000,-10193,4072,28580,8056090,783129,3315776,0,0,0,238,314,208,279,231,320,245,224,272,141,176,165,0,
2,1775670906000,813,550,10471,355523,-124616,105068,0,0,0,334,456,329,406,386,440,563,563,325,241,301,274,0,
1,1775670906016,-10169,6513,25546,8429940,1045801,3590665,0,0,0,255,287,224,262,191,292,288,244,276,150,200,136,0,
2,1775670906016,923,1220,10571,185703,-228463,50090,0,0,0,345,459,339,410,387,445,563,564,323,242,302,279,0,
1,1775670906032,-12380,8408,16434,8398175,923628,3850894,0,0,0,259,290,226,269,185,291,313,254,282,162,215,132,0,
2,1775670906032,799,1454,10222,92851,-208915,32986,0,0,0,356,465,341,410,381,443,563,563,320,248,305,279,0,
1,1775670906048,-11289,10753,11050,7261965,265115,3883881,0,0,0,251,296,227,266,194,297,304,258,285,160,219,135,0,
2,1775670906048,717,1531,10179,47647,-124616,17104,0,0,0,357,464,336,410,388,449,560,560,330,246,302,292,0,
1,1775670906064,-5364,16042,10102,3353650,-20769,2233323,0,0,0,246,299,226,262,203,296,297,260,280,157,220,138,0,
2,1775670906064,789,1660,10275,89186,-70860,-3665,0,0,0,365,466,348,415,386,451,563,563,330,247,299,289,0,
1,1775670906080,-1454,17468,10169,-1668883,748920,-772133,0,0,0,242,303,226,261,208,294,301,264,277,156,222,135,0,
2,1775670906080,756,1761,10241,191811,-47647,-15882,0,0,0,364,468,347,420,389,455,567,564,328,243,286,291,0,
1,1775670906096,-4795,11280,8092,-4002389,1591914,-2571742,0,0,0,235,306,229,259,211,297,304,267,280,157,223,132,0,
2,1775670906096,703,1813,10179,299323,1221,-23212,0,0,0,369,470,349,423,392,460,565,559,330,239,273,299,0,
1,1775670906112,-8700,5020,4833,-4409225,1192408,-2550973,0,0,0,232,308,228,260,212,296,302,265,279,159,227,131,0,
2,1775670906112,732,1732,10069,393397,72082,-23212,0,0,0,374,474,349,425,392,462,564,548,330,237,260,309,0,
1,1775670906128,-7666,3929,3780,-4069584,114842,-1519832,0,0,0,231,311,226,259,212,292,305,267,277,160,229,130,0,
2,1775670906128,842,1526,9949,422718,103847,-20769,0,0,0,379,476,352,422,390,464,563,535,331,235,249,322,0,
1,1775670906144,-4469,4647,4962,-4240626,-270002,-831998,0,0,0,227,311,226,259,214,294,303,267,277,164,231,130,0,
2,1775670906144,933,1363,9858,422718,102625,-24434,0,0,0,384,480,356,424,389,465,560,523,332,236,239,333,0,
1,1775670906160,-2957,5077,6738,-4790405,-12217,-634078,0,0,0,227,311,226,259,213,294,303,269,277,163,233,130,0,
2,1775670906160,990,1287,9810,393397,67195,-32986,0,0,0,385,479,351,429,394,471,556,509,337,244,238,342,0,
1,1775670906176,-3823,4465,8255,-5478239,179594,-755029,0,0,0,223,310,226,259,215,299,303,269,281,158,233,131,0,
2,1775670906176,1033,1249,9810,360410,19547,-41538,0,0,0,388,477,344,432,400,479,558,496,346,249,235,350,0,
1,1775670906192,-4575,3421,9375,-5913175,-36651,-917519,0,0,0,229,310,227,265,214,296,303,269,280,163,233,128,0,
2,1775670906192,1072,1210,9834,328645,-37873,-48869,0,0,0,400,479,340,436,398,479,564,490,349,241,213,361,0,
1,1775670906208,-4589,2402,10610,-6123313,-430049,-1200961,0,0,0,227,308,226,264,214,296,309,274,281,162,234,125,0,
2,1775670906208,1019,1186,9858,311541,-89186,-61086,0,0,0,405,478,334,440,398,480,558,479,346,240,207,373,0,
1,1775670906224,-4781,1866,12194,-6255260,-643851,-1670105,0,0,0,229,309,227,262,208,297,311,276,282,161,231,127,0,
2,1775670906224,928,1172,9882,310319,-113620,-69638,0,0,0,419,487,340,441,398,486,568,468,349,238,191,384,0,
1,1775670906240,-5814,1244,13988,-6437297,-814894,-2152689,0,0,0,230,309,228,263,207,297,312,272,281,161,230,128,0,
2,1775670906240,851,1134,9916,321315,-108734,-72082,0,0,0,433,497,345,449,408,502,563,457,349,236,187,398,0,
1,1775670906256,-7226,306,15955,-6618113,-1060462,-2411695,0,0,0,230,309,229,265,206,297,315,274,282,163,232,128,0,
2,1775670906256,856,1086,9978,335975,-91629,-68416,0,0,0,450,498,344,445,406,492,559,445,363,239,184,418,0,
1,1775670906272,-8289,-674,18176,-6701191,-1340238,-2443460,0,0,0,230,310,231,265,204,296,317,276,282,163,232,128,0,
2,1775670906272,914,1043,10054,362853,-75747,-68416,0,0,0,445,507,352,445,416,497,566,425,362,237,177,435,0,
1,1775670906288,-8911,-1555,21119,-6657209,-1613905,-2310292,0,0,0,231,311,233,265,202,295,317,274,281,163,231,128,0,
2,1775670906288,981,1005,10122,415388,-63529,-81855,0,0,0,450,512,357,454,425,505,559,406,364,243,175,455,0,
1,1775670906304,-9504,-2474,24359,-6553362,-1821600,-2221106,0,0,0,232,310,233,264,201,294,319,274,283,165,230,127,0,
2,1775670906304,1014,966,10174,482583,-52534,-103847,0,0,0,458,518,358,463,439,513,549,377,370,248,173,475,0,
1,1775670906320,-9949,-4484,27724,-6405532,-2118480,-2243097,0,0,0,228,309,230,263,201,294,320,275,284,165,229,126,0,
2,1775670906320,1067,914,10246,569326,-32986,-136833,0,0,0,470,524,366,467,445,514,538,341,371,256,170,497,0,
1,1775670906336,-8571,-9193,30576,-6295577,-2685363,-2211332,0,0,0,230,314,227,272,209,297,319,273,281,168,228,122,0,
2,1775670906336,1292,804,10399,676838,4886,-188146,0,0,0,484,533,358,477,458,520,527,307,376,274,179,516,0,
1,1775670906352,-6336,-16132,31404,-6278472,-2927266,-1955990,0,0,0,225,314,228,270,207,300,317,271,283,166,227,119,0,
2,1775670906352,1531,698,10658,784350,40317,-256563,0,0,0,492,543,353,488,476,527,514,272,381,294,195,534,0,
1,1775670906368,-4120,-26207,27293,-6129421,-2648711,-1180191,0,0,0,224,315,228,269,211,304,317,272,289,169,232,124,0,
2,1775670906368,1459,679,11366,1003040,43982,-337197,0,0,0,493,548,348,489,489,531,495,244,384,288,193,551,0,
1,1775670906384,1191,-37405,19516,-4995655,-2403143,472809,0,0,0,225,317,228,271,211,303,316,272,288,172,237,126,0,
2,1775670906384,1153,670,12127,1343903,36651,-377514,0,0,0,499,553,325,489,499,534,472,236,394,263,180,564,0,
1,1775670906400,9657,-43790,15161,-3296228,-1847256,1870469,0,0,0,225,313,222,267,206,298,321,276,287,181,242,123,0,
2,1775670906400,813,626,12744,1773952,78190,-372627,0,0,0,504,566,305,496,512,542,438,232,403,265,189,579,0,
1,1775670906416,16022,-44517,15037,-1098335,-235793,2289522,0,0,0,222,299,208,268,200,286,352,337,278,206,302,114,0,
2,1775670906416,899,497,13586,2262644,168598,-351858,0,0,0,509,559,278,502,516,551,385,218,404,268,189,591,0,
1,1775670906432,13835,-35381,18377,1159422,2139250,1722639,0,0,0,236,269,175,273,179,253,411,397,253,254,374,98,0,
2,1775670906432,1349,469,14649,2816088,194255,-361632,0,0,0,516,551,257,498,518,548,343,211,402,265,179,593,0,
1,1775670906448,1143,-7173,17717,3484375,4696331,681725,0,0,0,241,251,169,274,162,245,451,443,257,297,407,84,0,
2,1775670906448,2124,555,15898,3524692,94073,-438601,0,0,0,530,544,253,518,527,532,308,194,405,263,177,600,0,
1,1775670906464,-5010,9609,14304,4795292,4372573,-92851,0,0,0,241,251,165,280,161,256,467,466,270,334,417,83,0,
2,1775670906464,3139,784,17482,4404338,-64751,-626747,0,0,0,521,542,253,480,501,548,277,168,401,263,176,597,0,
1,1775670906480,-47,4618,17200,5638286,1971872,-394618,0,0,0,249,259,166,293,168,266,478,477,275,367,427,89,0,
2,1775670906480,4259,1067,19808,5319414,-134390,-901637,0,0,0,516,534,255,478,487,540,274,160,403,245,158,551,0,
1,1775670906496,2809,-2579,23962,4918686,296880,276111,0,0,0,257,268,192,301,176,281,488,487,283,387,433,97,0,
2,1775670906496,4977,1340,24144,6462954,-146607,-1240056,0,0,0,483,510,248,473,480,531,260,152,400,219,140,461,0,
1,1775670906512,-1555,-3053,23148,3180164,-45204,656069,0,0,0,259,282,221,308,186,307,494,494,297,396,438,112,0,
2,1775670906512,5293,1832,29672,7698123,-46425,-1514945,0,0,0,421,481,217,453,459,500,262,156,368,202,132,393,0,
1,1775670906528,-5451,-205,16353,1380555,180816,191811,0,0,0,268,292,250,323,202,341,504,505,316,405,446,152,0,
2,1775670906528,5987,2579,32466,8632747,346971,-1683544,0,0,0,356,461,211,409,435,455,279,181,334,177,127,342,0,
1,1775670906544,-3326,866,9897,722042,156381,-295658,0,0,0,308,295,259,350,208,348,517,515,320,415,462,188,0,
2,1775670906544,7083,3967,32644,9352346,1314581,-2061059,0,0,0,293,433,221,364,397,409,295,224,295,135,110,261,0,
1,1775670906560,-2029,153,8839,496022,95294,-230907,0,0,0,316,314,267,349,208,350,522,508,316,417,469,201,0,
2,1775670906560,7159,6934,30677,9637010,2094046,-2623055,0,0,0,269,419,233,342,370,386,305,260,277,113,101,207,0,
1,1775670906576,-2412,382,9959,248011,172263,-46425,0,0,0,317,320,281,356,213,371,529,508,330,428,477,223,0,
2,1775670906576,8346,11567,19885,9169087,1612684,-3301115,0,0,0,279,425,241,339,368,388,309,281,280,114,109,203,0,
1,1775670906592,-2699,1095,10284,149051,256563,21991,0,0,0,326,340,295,356,216,377,532,489,350,427,474,239,0,
2,1775670906592,7652,13175,13247,8211250,427605,-3813020,0,0,0,284,427,241,343,371,390,311,295,282,112,116,205,0,
1,1775670906608,-2416,1316,10040,227241,243124,23212,0,0,0,336,352,281,367,221,378,540,479,352,421,467,256,0,
2,1775670906608,2747,17444,10457,5269323,-1238834,-3150842,0,0,0,280,426,239,344,371,390,311,300,278,112,115,208,0,
1,1775670906624,-2134,1081,10026,323758,101403,28099,0,0,0,338,358,288,376,229,385,544,464,356,414,453,284,0,
2,1775670906624,2345,20650,7279,-634078,-2168571,-576656,0,0,0,274,427,239,332,370,386,311,299,270,111,114,202,0,
1,1775670906640,-2225,981,10122,364075,-25656,42760,0,0,0,340,363,291,383,240,405,542,455,371,412,431,296,0,
2,1775670906640,5206,15711,6882,-4787961,-2145358,1177748,0,0,0,278,429,237,333,369,379,312,299,265,115,116,200,0,
1,1775670906656,-2373,1028,10093,397062,-81855,59864,0,0,0,341,366,288,392,248,409,537,445,374,411,413,301,0,
2,1775670906656,7389,7284,7537,-6502049,-1689653,1568701,0,0,0,277,428,239,337,368,384,317,298,269,115,114,202,0,
1,1775670906672,-2373,990,9940,430049,-101403,69638,0,0,0,336,367,284,400,253,408,538,429,367,397,404,312,0,
2,1775670906672,6953,4067,6594,-6131865,-1330464,791681,0,0,0,271,430,240,337,369,384,318,298,267,116,117,203,0,
1,1775670906688,-2392,813,9710,452040,-123394,73303,0,0,0,332,370,286,398,253,409,536,413,367,379,386,328,0,
2,1775670906688,6460,3594,5551,-5850867,-976162,79412,0,0,0,270,433,240,339,371,386,318,298,267,114,117,203,0,
1,1775670906704,-2541,660,9576,449596,-111177,86742,0,0,0,333,381,290,394,255,408,527,397,375,373,361,341,0,
2,1775670906704,6398,3584,5853,-5919284,-519235,-322536,0,0,0,267,434,242,338,372,387,321,300,268,115,117,203,0,
1,1775670906720,-2603,622,9571,441044,-58643,105068,0,0,0,336,389,287,404,263,412,525,379,378,368,353,347,0,
2,1775670906720,5814,3460,7614,-6151412,43982,-498466,0,0,0,262,434,238,335,371,382,318,301,265,115,118,198,0,
1,1775670906736,-2512,583,9605,438601,-3665,119729,0,0,0,342,393,286,416,266,418,524,365,383,364,351,357,0,
2,1775670906736,4857,3761,9576,-6421415,515570,-438601,0,0,0,264,435,239,335,370,379,320,301,266,115,119,195,0,
1,1775670906752,-2402,536,9629,437379,10995,125838,0,0,0,353,398,282,403,271,427,525,350,395,361,325,377,0,
2,1775670906752,4675,4005,11217,-6695083,864985,-48869,0,0,0,263,434,238,337,371,380,321,303,267,115,119,195,0,
1,1775670906768,-2402,516,9691,436157,2443,129503,0,0,0,355,398,285,405,280,426,528,333,397,350,307,368,0,
2,1775670906768,5005,3843,12806,-6918659,1269377,425162,0,0,0,263,434,239,337,372,381,320,304,265,115,118,195,0,
1,1775670906784,-2421,469,9729,442266,0,140499,0,0,0,352,399,273,408,279,436,505,313,402,341,296,381,0,
2,1775670906784,5302,3340,15008,-7103140,1775174,902858,0,0,0,262,435,240,336,373,381,322,305,268,115,118,195,0,
1,1775670906800,-2373,382,9715,449596,-6108,151494,0,0,0,363,394,267,401,282,431,504,299,404,333,284,403,0,
2,1775670906800,5307,2656,17860,-7242418,2206445,1268156,0,0,0,260,435,240,337,374,383,325,306,271,114,117,195,0,
1,1775670906816,-2368,277,9748,458148,-23212,164933,0,0,0,361,403,270,404,284,442,491,295,409,330,276,415,0,
2,1775670906816,5250,1818,21172,-7264409,2401922,1456302,0,0,0,260,435,240,338,374,384,324,304,270,113,115,193,0,
1,1775670906832,-2440,210,9839,487470,-32986,190589,0,0,0,358,404,256,411,305,442,486,277,403,323,269,419,0,
2,1775670906832,5786,1229,25355,-7186218,2432465,1567480,0,0,0,263,434,241,339,373,385,326,302,271,116,116,194,0,
1,1775670906848,-2474,177,9925,542448,-31764,228463,0,0,0,371,416,258,418,307,445,491,262,400,315,247,434,0,
2,1775670906848,6819,397,30452,-7154453,2475225,1766622,0,0,0,261,432,240,337,369,383,330,300,273,122,118,192,0,
1,1775670906864,-2498,138,9997,629191,-43982,273667,0,0,0,393,417,261,441,306,459,485,247,417,311,226,457,0,
2,1775670906864,7374,-3742,33768,-7243640,2807536,2150245,0,0,0,261,433,240,339,369,383,335,300,281,116,114,196,0,
1,1775670906880,-2636,71,10102,724486,-64751,328645,0,0,0,404,422,270,463,316,470,474,234,424,306,211,476,0,
2,1775670906880,5364,-11897,35510,-7186218,3529579,2524095,0,0,0,263,433,239,345,372,390,336,295,279,117,110,196,0,
1,1775670906896,-2565,-81,10313,834441,-57421,383623,0,0,0,410,429,269,479,333,476,468,225,423,301,197,496,0,
2,1775670906896,-110,-25087,35438,-6541144,3767816,2765997,0,0,0,265,432,237,349,373,395,339,295,284,118,112,197,0,
1,1775670906912,-2249,-268,10677,962723,-70860,408057,0,0,0,420,430,258,491,349,482,460,221,427,296,191,522,0,
2,1775670906912,-3005,-39372,27666,-4880813,2188119,2438574,0,0,0,266,432,237,353,375,398,340,294,284,119,114,201,0,
1,1775670906928,-2211,-311,11155,1126435,-141720,392175,0,0,0,425,439,260,492,363,494,443,217,428,286,191,540,0,
2,1775670906928,-2747,-49992,16802,-2778215,838107,1155757,0,0,0,267,433,238,350,374,396,343,298,288,119,115,202,0,
1,1775670906944,-2234,-325,11567,1346346,-208915,379958,0,0,0,426,452,242,494,382,509,423,202,438,278,178,553,0,
2,1775670906944,-5139,-52486,12103,-857654,767246,-851546,0,0,0,252,427,236,343,374,394,346,331,284,119,132,196,0,
1,1775670906960,-2043,-445,11864,1612684,-257785,353080,0,0,0,429,452,247,513,389,525,394,196,435,273,171,562,0,
2,1775670906960,-10323,-42684,17181,1004262,208915,-2091602,0,0,0,246,413,217,342,367,382,379,417,271,158,200,187,0,
1,1775670906976,-2234,-545,12462,1971872,-340862,310319,0,0,0,434,452,218,505,405,541,350,192,441,267,174,572,0,
2,1775670906976,-7293,-16668,23029,2597398,-1857030,-1711644,0,0,0,244,373,190,333,346,363,433,462,267,163,235,174,0,
1,1775670906992,-3158,-540,13433,2426356,-401949,351858,0,0,0,434,464,205,482,427,539,302,191,447,244,165,575,0,
2,1775670906992,3350,12208,17243,3567452,-4400673,-86742,0,0,0,251,355,189,332,329,370,472,478,274,173,267,178,0,
1,1775670907008,-4254,-488,14692,3009122,-351858,524122,0,0,0,440,448,220,473,414,518,235,197,431,226,146,576,0,
2,1775670907008,5374,12462,9461,4415333,-4732983,1277930,0,0,0,261,358,203,345,324,388,500,504,282,237,345,177,0,
1,1775670907024,-5742,-335,16123,3793473,-171042,851546,0,0,0,433,443,239,459,401,531,201,183,430,192,118,547,0,
2,1775670907024,-4723,-3043,15462,5210680,-2412917,1362229,0,0,0,267,370,225,357,329,400,521,526,294,270,381,184,0,
1,1775670907040,-7341,-167,18219,4667010,12217,1317025,0,0,0,418,432,245,434,368,531,189,158,428,171,108,493,0,
2,1775670907040,-7092,-2761,24273,4553389,-894306,177150,0,0,0,273,392,257,369,348,412,531,531,306,236,339,212,0,
1,1775670907056,-9021,-196,21550,5567425,183259,1838704,0,0,0,409,408,247,418,333,506,179,148,428,155,96,432,0,
2,1775670907056,-1052,713,22665,2923601,-360410,-540004,0,0,0,290,421,288,387,372,427,543,543,312,227,320,234,0,
1,1775670907072,-10935,-234,25805,6574131,323758,2427578,0,0,0,352,385,225,367,303,452,173,150,389,138,101,341,0,
2,1775670907072,2330,1048,14773,1369559,-123394,-102625,0,0,0,315,445,304,405,385,438,550,550,323,234,311,265,0,
1,1775670907088,-10614,827,28724,7363369,549778,2946813,0,0,0,304,357,221,317,270,400,193,174,345,130,123,266,0,
2,1775670907088,1646,507,10141,581543,72082,245567,0,0,0,328,452,313,410,387,445,561,561,324,238,306,282,0,
1,1775670907104,-9126,2598,29628,8029212,1001818,3321885,0,0,0,266,321,211,279,232,336,245,217,305,137,165,189,0,
2,1775670907104,358,670,9576,386066,139277,197920,0,0,0,343,459,317,415,392,450,567,568,327,240,299,295,0,
1,1775670907120,-11194,4211,26374,8608312,1221730,3486818,0,0,0,244,295,202,259,201,290,290,247,279,150,204,133,0,
2,1775670907120,971,1344,10131,305432,32986,40317,0,0,0,356,469,332,421,397,459,565,565,336,244,298,314,0,
1,1775670907136,-14075,8245,17267,8517904,471587,3850894,0,0,0,250,292,219,262,189,293,300,253,277,157,221,128,0,
2,1775670907136,1330,1617,10141,218689,-74525,2443,0,0,0,369,474,332,426,401,462,562,562,330,246,296,323,0,
1,1775670907152,-12409,13098,10485,7253413,-372627,4122118,0,0,0,241,300,219,264,200,299,300,264,280,157,233,131,0,
2,1775670907152,1201,1617,10040,180816,-118507,8552,0,0,0,375,482,334,429,403,463,568,568,336,248,296,331,0,
1,1775670907168,-5896,18329,9274,3404962,-349414,2643824,0,0,0,234,304,222,260,204,301,300,267,281,154,232,134,0,
2,1775670907168,981,1598,10069,219911,-120951,-9773,0,0,0,384,482,330,434,404,462,562,562,333,249,287,348,0,
1,1775670907184,-1866,19095,9030,-1309695,513126,-194255,0,0,0,233,304,215,263,204,297,305,268,274,154,229,129,0,
2,1775670907184,818,1670,10165,260228,-85521,-29321,0,0,0,383,484,331,436,412,465,567,565,338,249,273,353,0,
1,1775670907200,-4024,13352,7446,-4313930,1447750,-2477669,0,0,0,235,307,217,263,208,297,310,274,276,153,235,129,0,
2,1775670907200,794,1737,10227,317649,24434,-39095,0,0,0,386,486,328,436,408,466,569,555,340,242,258,362,0,
1,1775670907216,-7729,6987,5250,-4983438,1093448,-2599842,0,0,0,229,308,215,263,207,302,312,275,279,157,233,127,0,
2,1775670907216,871,1660,10131,381179,130725,-42760,0,0,0,388,487,327,433,403,468,572,542,347,242,249,373,0,
1,1775670907232,-7408,4331,4431,-4954117,69638,-1670105,0,0,0,235,304,218,268,202,298,322,266,272,184,228,125,0,
2,1775670907232,1028,1459,9940,421497,182037,-46425,0,0,0,389,488,325,436,403,473,568,527,347,247,250,378,0,
1,1775670907248,-4781,4225,5446,-5015203,-215024,-1036027,0,0,0,231,307,216,266,207,298,315,273,274,170,235,128,0,
2,1775670907248,1191,1320,9801,412944,149051,-52534,0,0,0,392,488,323,440,405,477,563,512,344,267,265,380,0,
1,1775670907264,-3479,4020,6939,-5214345,-59864,-764803,0,0,0,231,304,217,266,204,298,317,275,277,166,237,129,0,
2,1775670907264,1282,1296,9777,388510,78190,-62308,0,0,0,397,488,323,441,408,480,563,499,348,283,266,386,0,
1,1775670907280,-3718,3895,8652,-5567425,54977,-823446,0,0,0,230,305,220,265,203,297,318,275,278,164,237,129,0,
2,1775670907280,1268,1253,9796,364075,14660,-72082,0,0,0,405,488,325,443,410,481,561,488,353,267,239,400,0,
1,1775670907296,-3919,3876,10351,-6085439,-240680,-1076344,0,0,0,230,308,222,261,207,295,315,272,276,163,238,128,0,
2,1775670907296,1249,1186,9820,337197,-35430,-78190,0,0,0,415,493,328,445,409,484,564,480,359,254,220,412,0,
1,1775670907312,-3996,3345,12122,-6654765,-601091,-1401324,0,0,0,228,309,223,260,207,296,315,271,277,163,238,128,0,
2,1775670907312,1225,1148,9834,309097,-75747,-79412,0,0,0,419,492,328,449,413,490,564,475,359,239,198,413,0,
1,1775670907328,-4072,2005,13802,-6946759,-902858,-1624901,0,0,0,228,308,225,262,204,298,316,272,279,162,235,126,0,
2,1775670907328,1139,1143,9873,298102,-103847,-75747,0,0,0,425,495,331,452,416,492,560,459,361,240,197,425,0,
1,1775670907344,-4297,512,15750,-6930877,-1170417,-1701870,0,0,0,230,306,230,264,202,301,315,270,281,161,234,124,0,
2,1775670907344,1086,1115,9940,304210,-106290,-68416,0,0,0,433,500,334,457,416,492,559,451,367,239,191,437,0,
1,1775670907360,-4819,-296,17999,-6728069,-1362229,-1627344,0,0,0,234,304,233,267,198,302,313,268,285,166,237,127,0,
2,1775670907360,1124,1072,10021,329867,-87964,-67195,0,0,0,442,506,340,457,421,500,559,428,369,248,184,453,0,
1,1775670907376,-5460,-880,20421,-6585127,-1484402,-1585806,0,0,0,233,305,229,267,200,298,318,272,279,165,237,126,0,
2,1775670907376,1201,1052,10098,371406,-70860,-80634,0,0,0,443,508,335,460,428,501,553,413,374,249,177,472,0,
1,1775670907392,-6465,-1483,23024,-6438519,-1516167,-1667662,0,0,0,230,304,231,262,198,296,315,271,283,164,231,121,0,
2,1775670907392,1225,1000,10126,423940,-53756,-105068,0,0,0,445,511,338,458,435,504,550,388,369,249,173,485,0,
1,1775670907408,-8164,-2469,26034,-6207612,-1609019,-1879021,0,0,0,229,301,239,262,199,303,315,267,284,164,234,126,0,
2,1775670907408,1215,899,10102,481361,-18325,-130725,0,0,0,458,516,351,465,441,507,542,360,369,252,172,499,0,
1,1775670907424,-9657,-4714,29260,-6043900,-1929112,-2112371,0,0,0,230,301,240,267,199,306,316,260,285,170,223,129,0,
2,1775670907424,1316,818,10136,533896,24434,-160046,0,0,0,475,525,351,475,451,512,539,329,375,257,167,512,0,
1,1775670907440,-10227,-9920,31672,-6084217,-2436130,-2251649,0,0,0,226,303,236,269,200,308,317,260,286,171,225,126,0,
2,1775670907440,1531,737,10275,592539,67195,-201585,0,0,0,480,530,343,483,460,516,532,296,382,265,164,530,0,
1,1775670907456,-8743,-19439,29906,-6087882,-2840523,-1926668,0,0,0,229,308,229,273,204,305,316,260,281,171,227,123,0,
2,1775670907456,1665,679,10591,679282,96516,-260228,0,0,0,478,530,333,486,467,521,507,268,390,278,172,546,0,
1,1775670907472,-3972,-30686,24594,-5607742,-3205820,-1191187,0,0,0,230,309,229,273,205,304,325,263,283,172,228,123,0,
2,1775670907472,1593,722,11165,853989,101403,-309097,0,0,0,481,533,321,491,479,529,475,246,395,285,183,558,0,
1,1775670907488,5604,-42057,17836,-4293160,-3291341,-57421,0,0,0,227,305,227,259,227,297,328,264,283,174,229,124,0,
2,1775670907488,1387,722,11921,1188743,105068,-331088,0,0,0,490,539,306,498,493,539,464,232,401,280,185,575,0,
1,1775670907504,14410,-47561,14022,-2201558,-1883908,1158200,0,0,0,229,302,227,267,214,300,327,263,282,175,231,123,0,
2,1775670907504,1124,660,12620,1595580,149051,-328645,0,0,0,494,544,288,495,498,544,449,232,412,278,185,585,0,
1,1775670907520,14228,-45513,13505,-101403,348193,2043955,0,0,0,234,295,223,278,198,294,339,293,278,190,267,116,0,
2,1775670907520,1062,593,13333,2040289,237015,-313984,0,0,0,496,544,269,506,518,551,396,218,411,271,182,593,0,
1,1775670907536,6034,-31217,16630,1736079,2109928,2234545,0,0,0,238,278,191,281,186,265,383,350,260,237,338,99,0,
2,1775670907536,1684,545,14156,2553416,219911,-328645,0,0,0,504,536,256,505,516,553,351,216,405,266,174,601,0,
1,1775670907552,-2005,1162,19459,3203377,3787364,1456302,0,0,0,241,259,163,280,170,243,434,404,250,278,386,84,0,
2,1775670907552,2402,478,14989,3196046,197920,-431270,0,0,0,508,536,246,505,510,556,321,190,432,258,171,603,0,
1,1775670907568,-6365,20354,13620,3610213,4395786,-279776,0,0,0,246,248,162,279,164,246,456,440,257,298,400,80,0,
2,1775670907568,2814,536,16089,3909537,216246,-601091,0,0,0,529,543,264,487,505,554,292,166,401,254,167,601,0,
1,1775670907584,-2517,10399,10768,4440990,3050661,-1459967,0,0,0,248,249,154,290,163,251,465,463,260,346,418,82,0,
2,1775670907584,3670,851,18334,4811174,180816,-821002,0,0,0,510,524,252,487,505,550,280,156,406,244,152,577,0,
1,1775670907600,6092,-5240,17851,5252219,645073,-1072679,0,0,0,246,255,163,295,165,262,475,475,274,373,425,88,0,
2,1775670907600,5092,1024,21282,5783672,74525,-1083674,0,0,0,487,502,243,480,493,536,278,152,416,230,142,506,0,
1,1775670907616,3316,-3086,21785,4101349,-13439,452040,0,0,0,257,273,190,298,183,278,485,484,285,380,433,105,0,
2,1775670907616,6140,1378,25474,6941872,23212,-1418429,0,0,0,435,484,220,471,466,521,269,152,406,212,130,422,0,
1,1775670907632,-4297,459,18018,2426356,52534,893084,0,0,0,257,298,239,304,200,330,491,491,308,391,441,132,0,
2,1775670907632,7102,1588,28920,7958352,312763,-1710422,0,0,0,381,463,197,442,434,485,275,157,367,191,123,355,0,
1,1775670907648,-6269,507,12160,1241278,149051,120951,0,0,0,281,314,254,330,232,342,497,497,315,407,446,153,0,
2,1775670907648,7207,2325,31241,8740259,1048244,-2035402,0,0,0,334,443,202,397,407,439,291,195,319,166,115,304,0,
1,1775670907664,-3091,-181,9791,646295,201585,-309097,0,0,0,303,326,253,345,221,340,517,512,325,408,463,180,0,
2,1775670907664,5039,4082,30811,9098226,1510058,-2459343,0,0,0,285,424,221,351,378,397,303,236,283,131,104,241,0,
1,1775670907680,-1756,105,9830,332310,289550,-182037,0,0,0,324,340,255,356,225,350,524,513,322,413,472,196,0,
2,1775670907680,6092,6178,24029,9183748,1143539,-2685363,0,0,0,264,416,231,330,360,379,308,256,272,109,101,197,0,
1,1775670907696,-2378,559,10131,101403,362853,0,0,0,0,324,351,262,360,224,346,523,496,327,410,483,194,0,
2,1775670907696,11442,9499,12739,8812341,862541,-3337767,0,0,0,274,422,237,336,367,387,309,273,276,112,108,200,0,
1,1775670907712,-2694,813,9959,-28099,408057,23212,0,0,0,326,363,286,362,232,349,524,496,318,412,482,196,0,
2,1775670907712,10212,11892,10011,7611380,845437,-4199087,0,0,0,279,426,239,335,369,388,308,288,273,112,112,201,0,
1,1775670907728,-2345,1005,9935,-13439,381179,1221,0,0,0,335,376,290,365,240,358,526,502,315,424,479,205,0,
2,1775670907728,631,17975,10495,4379903,-7330,-3587000,0,0,0,279,427,236,332,365,383,306,291,270,112,111,198,0,
1,1775670907744,-2057,1129,10050,102625,274889,23212,0,0,0,334,392,283,362,251,360,527,496,322,426,480,215,0,
2,1775670907744,-1306,20401,7992,-1026253,-1853365,-520457,0,0,0,275,425,235,332,363,378,311,290,265,116,111,197,0,
1,1775670907760,-2014,1119,10074,210137,147829,43982,0,0,0,329,401,289,359,263,363,524,483,325,415,481,230,0,
2,1775670907760,3881,15261,6709,-5335296,-2842966,1941329,0,0,0,278,427,235,336,365,380,311,285,262,116,113,197,0,
1,1775670907776,-2096,1081,10059,279776,36651,51312,0,0,0,333,404,293,363,267,371,519,465,325,406,477,247,0,
2,1775670907776,9528,6800,7485,-7481877,-2471560,2458121,0,0,0,278,427,237,339,367,383,315,288,266,116,113,198,0,
1,1775670907792,-2148,1014,9935,335975,-53756,57421,0,0,0,339,416,285,368,268,372,515,451,328,401,467,256,0,
2,1775670907792,8437,3163,8356,-7464773,-1318247,1313360,0,0,0,279,431,238,339,368,383,317,291,267,119,113,199,0,
1,1775670907808,-2172,861,9791,328645,-73303,57421,0,0,0,345,427,280,372,277,371,514,449,329,395,456,259,0,
2,1775670907808,5685,2426,7958,-7065267,-509461,376292,0,0,0,277,431,238,339,369,384,316,292,264,116,112,198,0,
1,1775670907824,-2215,698,10504,254119,-18325,57421,0,0,0,336,426,280,377,281,374,513,442,330,392,442,260,0,
2,1775670907824,4120,2167,7628,-6686530,-180816,-112399,0,0,0,274,431,236,339,369,385,320,296,267,116,115,198,0,
1,1775670907840,-2206,722,10835,193033,47647,57421,0,0,0,336,421,275,377,286,379,510,426,328,385,441,262,0,
2,1775670907840,3488,2024,8394,-6513045,51312,-344527,0,0,0,272,432,237,337,368,383,322,299,269,116,115,198,0,
1,1775670907856,-2158,813,9901,213802,43982,57421,0,0,0,339,433,289,378,292,388,510,418,335,384,421,268,0,
2,1775670907856,2713,2608,10227,-6487388,397062,-357967,0,0,0,270,431,236,337,368,382,320,300,268,113,114,195,0,
1,1775670907872,-2100,827,9399,238237,37873,58643,0,0,0,346,431,278,380,290,379,502,401,331,381,417,272,0,
2,1775670907872,2330,3560,11797,-6560692,704938,-59864,0,0,0,271,433,238,340,371,384,319,301,267,112,114,194,0,
1,1775670907888,-2048,789,9562,248011,40317,62308,0,0,0,350,439,283,381,306,388,502,406,341,378,414,303,0,
2,1775670907888,2852,4020,13132,-6732956,1021366,320093,0,0,0,271,434,239,341,376,386,322,304,267,116,116,195,0,
1,1775670907904,-1995,760,9763,270002,26878,62308,0,0,0,367,448,286,400,301,403,510,388,347,423,394,318,0,
2,1775670907904,3780,3661,14826,-6979746,1451415,685390,0,0,0,267,433,238,339,375,387,324,305,269,117,118,198,0,
1,1775670907920,-1976,722,9791,307876,-3665,61086,0,0,0,364,454,283,393,319,399,508,375,352,399,378,332,0,
2,1775670907920,4010,2622,17334,-7067710,1815491,915076,0,0,0,267,434,238,338,372,386,324,305,271,115,115,196,0,
1,1775670907936,-1986,670,9791,353080,-50090,62308,0,0,0,363,451,283,388,314,397,499,356,355,365,356,346,0,
2,1775670907936,4139,1947,19937,-7002959,1935221,1072679,0,0,0,268,434,239,338,372,384,325,306,271,114,115,193,0,
1,1775670907952,-2077,641,9901,405614,-90408,73303,0,0,0,372,447,288,395,300,410,492,330,360,357,329,363,0,
2,1775670907952,4891,1804,24187,-6966307,1935221,1269377,0,0,0,265,430,238,336,368,383,324,300,267,114,116,193,0,
1,1775670907968,-2206,569,9968,458148,-92851,100181,0,0,0,388,451,296,402,311,427,490,309,377,366,308,381,0,
2,1775670907968,6034,1316,29518,-7105584,1923003,1595580,0,0,0,266,433,238,340,369,383,329,298,270,115,115,192,0,
1,1775670907984,-2325,454,9978,533896,-75747,150272,0,0,0,406,457,306,409,330,440,486,290,397,378,287,400,0,
2,1775670907984,7537,-2254,33299,-7373143,2075720,2161241,0,0,0,271,440,239,346,375,388,333,296,272,146,123,190,0,
1,1775670908000,-2431,402,10045,614530,-58643,207694,0,0,0,405,463,317,417,341,458,467,267,404,326,265,430,0,
2,1775670908000,6915,-12524,34012,-7238753,2896722,2656042,0,0,0,272,440,238,349,375,390,342,296,283,123,116,197,0,
1,1775670908016,-2555,349,10241,725707,-28099,283441,0,0,0,399,492,308,431,351,479,459,252,402,323,252,454,0,
2,1775670908016,2263,-27824,32974,-6296798,3292563,2835636,0,0,0,276,432,238,353,373,396,343,295,288,121,111,197,0,
1,1775670908032,-2579,239,10461,856433,9773,360410,0,0,0,410,514,286,437,374,484,443,238,417,302,229,477,0,
2,1775670908032,-2876,-42014,24895,-4344473,2001194,2421469,0,0,0,273,432,238,352,372,396,343,295,289,119,112,199,0,
1,1775670908048,-2488,129,10873,998153,36651,425162,0,0,0,421,509,300,473,371,492,420,218,409,302,215,497,0,
2,1775670908048,-6116,-51615,16300,-2199114,847880,1359786,0,0,0,256,427,229,348,377,396,347,342,284,127,141,198,0,
1,1775670908064,-2206,52,11514,1175304,63529,460592,0,0,0,453,533,268,496,390,529,402,216,410,298,206,523,0,
2,1775670908064,-10251,-51059,16530,73303,-7330,-357967,0,0,0,246,410,218,341,365,383,370,411,270,182,244,183,0,
1,1775670908080,-1966,-9,12246,1445307,100181,453262,0,0,0,445,553,252,501,413,532,364,211,408,293,207,543,0,
2,1775670908080,-9739,-30854,21182,2366491,-1887573,-1298699,0,0,0,242,382,202,332,348,366,416,456,262,187,267,176,0,
1,1775670908096,-2167,-86,13074,1860695,141720,438601,0,0,0,454,555,234,503,445,522,312,216,417,283,215,549,0,
2,1775670908096,153,2948,18396,4075692,-4229630,-1071457,0,0,0,252,366,191,333,338,367,457,473,267,178,265,177,0,
1,1775670908112,-2622,-9,14271,2359161,166155,467922,0,0,0,466,551,224,486,461,519,274,218,427,274,206,548,0,
2,1775670908112,7437,14845,11232,4919908,-4599815,-101403,0,0,0,264,367,189,341,333,378,486,493,282,195,299,180,0,
1,1775670908128,-3570,291,15975,3110525,230907,614530,0,0,0,463,539,230,459,458,515,239,217,410,246,191,541,0,
2,1775670908128,976,1698,15084,5418374,-2073276,724486,0,0,0,263,374,209,345,332,393,508,513,304,206,318,188,0,
1,1775670908144,-4580,406,17554,3954741,324980,872315,0,0,0,467,509,238,439,438,502,208,204,401,215,176,514,0,
2,1775670908144,-5522,-3718,22282,5071403,-142942,569326,0,0,0,262,385,248,355,341,412,521,521,317,206,306,203,0,
1,1775670908160,-5652,306,19980,4879591,443488,1213178,0,0,0,463,460,241,420,395,482,190,177,399,191,148,458,0,
2,1775670908160,-2555,-430,21976,3610213,75747,-294437,0,0,0,274,409,262,373,363,417,534,535,309,215,301,228,0,
1,1775670908176,-7398,-9,22924,5743354,673173,1554041,0,0,0,421,417,241,396,349,460,187,159,374,174,120,388,0,
2,1775670908176,2311,1541,15774,2010968,-92851,-393397,0,0,0,299,441,285,395,376,433,543,546,315,226,298,263,0,
1,1775670908192,-10174,-86,25168,6536258,1042136,1999972,0,0,0,363,409,230,369,322,426,192,168,344,170,131,327,0,
2,1775670908192,2593,440,10189,842994,-59864,86742,0,0,0,324,456,295,411,381,440,556,557,327,253,316,286,0,
1,1775670908208,-11150,1296,26106,7215540,1341460,2596177,0,0,0,298,397,235,315,283,387,200,210,316,152,159,281,0,
2,1775670908208,894,-52,9791,288328,-40317,166155,0,0,0,345,464,305,421,391,447,556,557,325,283,341,307,0,
1,1775670908224,-9897,3713,26623,7839844,1587027,3089756,0,0,0,247,340,235,270,240,344,233,263,288,141,185,212,0,
2,1775670908224,579,756,10480,98960,-109955,51312,0,0,0,359,467,317,427,395,450,556,557,324,283,338,307,0,
1,1775670908240,-9179,5714,24048,8361523,1910786,3335324,0,0,0,236,286,240,244,186,281,286,263,269,160,217,131,0,
2,1775670908240,885,1541,10519,83077,-140499,-8552,0,0,0,367,470,317,442,396,456,562,562,329,291,337,318,0,
1,1775670908256,-11734,7705,16166,8188037,2124589,3462384,0,0,0,228,306,240,253,195,302,295,277,277,157,234,136,0,
2,1775670908256,976,1622,10265,134390,-78190,6108,0,0,0,372,472,317,437,400,456,563,564,325,296,337,334,0,
1,1775670908272,-12964,11462,10222,6896668,1236391,3292563,0,0,0,227,316,242,249,202,299,294,278,282,157,236,138,0,
2,1775670908272,961,1517,10198,211359,-40317,-2443,0,0,0,385,476,323,439,402,462,567,567,329,273,301,350,0,
1,1775670908288,-6877,17535,9222,2893057,-116064,1398881,0,0,0,228,314,246,250,204,306,294,272,299,158,238,147,0,
2,1775670908288,813,1483,10169,267558,-26878,-30543,0,0,0,387,478,325,441,401,465,569,565,333,258,281,361,0,
1,1775670908304,-2067,17956,9533,-1642005,356745,-1623679,0,0,0,230,316,242,251,206,301,294,271,286,167,235,144,0,
2,1775670908304,746,1541,10208,304210,28099,-43982,0,0,0,390,480,327,443,404,472,567,554,335,250,263,366,0,
1,1775670908320,-7106,10619,6499,-3737273,1268156,-3229033,0,0,0,225,318,240,252,207,299,297,274,282,165,237,140,0,
2,1775670908320,842,1550,10193,361632,119729,-48869,0,0,0,395,483,328,441,403,473,565,539,334,247,247,372,0,
1,1775670908336,-10734,5273,3321,-3813020,364075,-2629163,0,0,0,223,319,240,252,206,300,299,278,284,163,241,138,0,
2,1775670908336,961,1421,10054,421497,173485,-56199,0,0,0,397,481,320,440,402,473,563,525,337,251,238,377,0,
1,1775670908352,-7805,4096,2842,-3418401,-1116661,-1148426,0,0,0,223,320,240,253,206,300,300,279,283,163,243,137,0,
2,1775670908352,1024,1263,9901,439822,164933,-67195,0,0,0,396,478,311,447,408,479,560,515,350,254,235,381,0,
1,1775670908368,-3187,5144,4862,-3781255,-1106887,-433714,0,0,0,223,319,240,254,207,300,301,281,283,163,246,137,0,
2,1775670908368,1095,1182,9839,414166,123394,-68416,0,0,0,398,481,314,448,410,485,556,507,359,262,234,388,0,
1,1775670908384,-2134,5690,6877,-4554611,-521678,-349414,0,0,0,224,319,240,254,207,299,304,282,282,165,246,139,0,
2,1775670908384,1191,1143,9830,375071,57421,-67195,0,0,0,408,490,323,449,408,492,556,488,349,287,234,396,0,
1,1775670908400,-3584,5211,8289,-5282762,-408057,-503352,0,0,0,224,319,242,258,208,301,302,280,280,165,245,139,0,
2,1775670908400,1249,1095,9830,337197,-30543,-65973,0,0,0,413,495,322,448,409,491,558,481,351,244,206,410,0,
1,1775670908416,-3799,4149,9710,-5728694,-935845,-642630,0,0,0,227,322,242,255,207,299,301,280,280,164,249,135,0,
2,1775670908416,1186,1019,9830,299323,-113620,-65973,0,0,0,419,494,325,446,408,488,556,467,354,247,201,416,0,
1,1775670908432,-3082,3168,11146,-5971818,-1375668,-853989,0,0,0,225,322,243,254,206,299,307,285,282,164,249,139,0,
2,1775670908432,1081,971,9844,266337,-164933,-64751,0,0,0,430,491,325,447,411,490,554,457,352,247,202,421,0,
1,1775670908448,-2502,2316,12854,-6087882,-1618792,-1177748,0,0,0,228,314,246,258,204,302,308,285,282,165,249,135,0,
2,1775670908448,985,966,9868,246789,-173485,-61086,0,0,0,439,499,329,453,418,496,558,455,358,247,197,432,0,
1,1775670908464,-2541,1703,14740,-6117204,-1776396,-1441641,0,0,0,227,316,241,259,204,301,305,283,284,168,251,137,0,
2,1775670908464,947,957,9920,238237,-166155,-54977,0,0,0,441,501,325,456,422,498,555,442,359,248,192,445,0,
1,1775670908480,-2986,1119,17080,-6102543,-1969429,-1512502,0,0,0,227,323,243,258,209,301,308,288,286,165,248,136,0,
2,1775670908480,971,942,10011,248011,-147829,-50090,0,0,0,442,503,325,459,426,500,555,428,363,252,188,454,0,
1,1775670908496,-3225,296,19420,-6080552,-2117258,-1456302,0,0,0,229,320,246,258,207,300,308,286,286,162,247,133,0,
2,1775670908496,1014,918,10083,279776,-134390,-56199,0,0,0,448,507,329,464,431,507,557,411,368,251,182,462,0,
1,1775670908512,-3651,-564,21426,-5987701,-2111150,-1456302,0,0,0,225,316,248,258,204,302,310,283,286,160,240,134,0,
2,1775670908512,1038,880,10107,323758,-118507,-73303,0,0,0,417,482,365,467,434,512,550,392,368,253,176,476,0,
1,1775670908528,-4776,-1407,23756,-5780006,-2046398,-1648114,0,0,0,222,316,245,256,207,302,308,280,284,161,238,133,0,
2,1775670908528,1057,823,10112,367740,-96516,-95294,0,0,0,435,495,365,472,442,515,540,370,370,256,173,493,0,
1,1775670908544,-6135,-2967,26992,-5555208,-2078163,-2141693,0,0,0,222,316,243,255,204,298,310,281,285,162,234,133,0,
2,1775670908544,1134,775,10174,416610,-69638,-124616,0,0,0,475,525,341,476,449,517,536,346,378,260,170,505,0,
1,1775670908560,-6810,-6882,29777,-5538104,-2291966,-2703689,0,0,0,225,318,242,257,203,299,313,283,288,161,231,133,0,
2,1775670908560,1344,732,10323,477696,-53756,-162490,0,0,0,479,526,341,478,454,519,496,328,388,262,166,516,0,
1,1775670908576,-6561,-14333,30294,-5641951,-2493551,-2946813,0,0,0,226,321,243,259,206,303,314,283,288,161,233,132,0,
2,1775670908576,1684,674,10557,568104,-39095,-250454,0,0,0,486,532,346,483,460,527,464,301,391,263,166,535,0,
1,1775670908592,-4790,-24919,26259,-5517334,-2502104,-2499660,0,0,0,224,321,245,259,206,304,311,281,290,163,236,132,0,
2,1775670908592,1603,646,10897,693942,-70860,-346971,0,0,0,493,537,344,489,468,538,496,255,384,268,170,553,0,
1,1775670908608,866,-37090,19114,-4568050,-2550973,-1220508,0,0,0,223,319,244,262,208,307,309,279,291,168,238,134,0,
2,1775670908608,1196,622,11442,933402,-122173,-382401,0,0,0,504,542,337,493,481,545,472,239,391,265,169,566,0,
1,1775670908624,9810,-44929,13864,-2906496,-2130697,415388,0,0,0,225,315,241,265,206,305,321,286,291,181,245,132,0,
2,1775670908624,823,631,12175,1241278,-94073,-372627,0,0,0,507,549,321,501,493,542,444,224,393,269,174,576,0,
1,1775670908640,15931,-45278,12945,-1112996,-693942,1632231,0,0,0,220,298,229,263,199,293,341,312,281,204,296,122,0,
2,1775670908640,770,603,12945,1681101,-29321,-335975,0,0,0,511,554,298,498,497,542,410,216,399,269,176,584,0,
1,1775670908656,12179,-35046,16898,974940,2043955,2073276,0,0,0,229,280,204,265,185,268,391,384,262,252,360,113,0,
2,1775670908656,1215,507,13716,2172236,10995,-328645,0,0,0,517,555,278,506,507,561,376,211,407,269,179,588,0,
1,1775670908672,368,-9930,17114,3148399,4653571,1758070,0,0,0,240,258,188,265,162,254,446,426,259,284,391,97,0,
2,1775670908672,1698,545,14970,2796541,-8552,-392175,0,0,0,514,559,261,498,524,545,334,205,395,269,189,598,0,
1,1775670908688,-6288,6250,14381,4412890,4487416,879645,0,0,0,249,263,183,282,161,257,463,458,265,320,411,93,0,
2,1775670908688,2426,607,16137,3466049,-108734,-502131,0,0,0,521,542,249,483,517,544,297,194,395,268,186,593,0,
1,1775670908704,-3216,4843,15965,5225341,2340835,-62308,0,0,0,252,269,194,291,169,269,473,473,274,351,422,100,0,
2,1775670908704,3598,789,17764,4359134,-310319,-734260,0,0,0,523,543,253,473,512,543,269,175,391,252,172,575,0,
1,1775670908720,2699,-2699,22009,4839274,540004,-51312,0,0,0,254,276,207,299,181,286,485,486,300,368,428,104,0,
2,1775670908720,4474,1253,20220,5316971,-489913,-1028697,0,0,0,511,533,256,470,491,529,259,157,386,240,156,525,0,
1,1775670908736,-454,-2613,21043,2966361,224798,453262,0,0,0,251,286,232,307,194,319,496,497,312,370,438,132,0,
2,1775670908736,5384,1421,24058,6514266,-625526,-1361007,0,0,0,466,517,243,460,476,514,258,156,383,222,144,459,0,
1,1775670908752,-4015,-531,14754,1364672,169820,252898,0,0,0,276,301,247,333,207,340,507,499,318,381,451,171,0,
2,1775670908752,7154,1186,27800,7665137,-476474,-1682322,0,0,0,405,492,225,438,458,490,266,166,362,201,135,392,0,
1,1775670908768,-3704,655,9518,583987,48869,-179594,0,0,0,302,313,256,350,210,351,513,501,324,403,462,198,0,
2,1775670908768,8729,1809,29547,8526457,298102,-2107485,0,0,0,345,463,217,398,426,450,276,195,319,174,127,333,0,
1,1775670908784,-2254,263,9002,294437,24434,-202807,0,0,0,310,319,266,351,210,356,520,506,328,415,470,211,0,
2,1775670908784,6791,3608,30260,8982162,1164309,-2690250,0,0,0,290,437,222,354,394,404,289,235,281,138,115,264,0,
1,1775670908800,-2115,224,10016,46425,122173,-58643,0,0,0,326,321,268,359,224,351,527,508,337,423,475,216,0,
2,1775670908800,6743,5144,25656,9021257,1161865,-3132516,0,0,0,260,421,231,333,373,378,301,255,269,112,102,200,0,
1,1775670908816,-2498,871,10217,-54977,169820,-6108,0,0,0,343,319,277,368,240,355,527,505,347,438,480,223,0,
2,1775670908816,10093,8126,14821,8646186,637743,-3645643,0,0,0,274,428,240,336,367,386,302,270,270,114,109,203,0,
1,1775670908832,-2469,1201,10026,-8552,135612,-4886,0,0,0,322,327,315,362,215,375,536,503,354,431,484,231,0,
2,1775670908832,8255,10413,11643,7756766,46425,-4051258,0,0,0,283,433,245,335,367,383,305,291,270,113,111,196,0,
1,1775670908848,-2282,1119,9973,84299,63529,8552,0,0,0,329,331,283,367,217,366,545,497,342,412,493,235,0,
2,1775670908848,1426,15936,10911,5544212,-937067,-2916270,0,0,0,278,432,236,337,368,382,306,291,262,117,114,197,0,
1,1775670908864,-2206,1048,10021,155159,-4886,32986,0,0,0,324,331,284,368,219,375,541,492,342,405,490,243,0,
2,1775670908864,693,20133,7016,387288,-2107485,425162,0,0,0,276,433,234,337,372,383,306,289,259,115,114,197,0,
1,1775670908880,-2263,1072,10011,212581,-73303,48869,0,0,0,327,336,286,368,220,376,539,478,345,405,490,258,0,
2,1775670908880,5752,15812,5168,-4075692,-2208888,2877175,0,0,0,274,437,234,341,373,384,313,292,262,119,115,197,0,
1,1775670908896,-2311,1062,9920,266337,-125838,61086,0,0,0,330,341,296,372,221,386,534,477,355,406,478,270,0,
2,1775670908896,9710,7173,6221,-6256481,-1302364,3182607,0,0,0,270,434,236,338,369,381,313,292,262,118,115,199,0,
1,1775670908912,-2340,1014,9763,295658,-144164,64751,0,0,0,331,345,298,375,227,392,535,483,362,399,479,273,0,
2,1775670908912,7585,3656,7164,-6137973,-585208,1839926,0,0,0,270,434,236,317,394,369,317,294,263,117,114,197,0,
1,1775670908928,-2392,923,9279,260228,-101403,64751,0,0,0,331,347,298,377,232,394,531,477,359,394,468,278,0,
2,1775670908928,5049,3101,6939,-5894849,-434936,739146,0,0,0,266,434,235,334,380,381,315,293,262,117,115,197,0,
1,1775670908944,-2388,851,9002,145385,15882,64751,0,0,0,329,354,290,378,235,395,527,471,357,388,462,284,0,
2,1775670908944,4422,2833,6575,-5875301,-460592,46425,0,0,0,262,436,236,340,373,384,314,294,261,117,116,197,0,
1,1775670908960,-2354,861,9384,172263,23212,64751,0,0,0,331,360,287,384,237,398,529,466,362,387,456,287,0,
2,1775670908960,4699,2431,7556,-6084217,-4886,-367740,0,0,0,261,437,237,340,372,385,314,293,261,116,116,196,0,
1,1775670908976,-2306,871,9643,224798,0,64751,0,0,0,330,361,289,382,240,401,531,456,365,385,444,293,0,
2,1775670908976,3871,2914,9365,-6342002,533896,-538783,0,0,0,261,438,240,339,373,388,315,294,267,116,115,199,0,
1,1775670908992,-2263,871,9633,230907,-1221,65973,0,0,0,325,361,287,376,252,401,530,442,364,380,428,303,0,
2,1775670908992,2909,3642,11294,-6582683,873537,-302989,0,0,0,262,439,244,338,372,389,318,296,275,117,115,202,0,
1,1775670909008,-2234,866,9629,223576,13439,63529,0,0,0,324,364,283,380,261,402,525,426,366,386,411,311,0,
2,1775670909008,3038,3713,12677,-6707300,1097113,138055,0,0,0,261,440,245,337,370,391,319,299,280,115,116,203,0,
1,1775670909024,-2187,818,9686,239459,6108,62308,0,0,0,327,366,285,383,252,406,522,405,367,398,390,322,0,
2,1775670909024,3847,3306,14027,-6787934,1406211,637743,0,0,0,256,438,243,337,371,393,319,301,283,112,116,203,0,
1,1775670909040,-2167,737,9748,273667,-29321,67195,0,0,0,323,371,281,380,255,411,527,385,367,359,387,333,0,
2,1775670909040,4335,2828,16324,-6947981,1805717,1078788,0,0,0,257,438,243,339,373,394,320,302,284,113,116,203,0,
1,1775670909056,-2206,679,9763,311541,-69638,83077,0,0,0,332,370,279,386,259,411,526,381,369,350,374,345,0,
2,1775670909056,4560,2254,19114,-7083593,2070833,1425759,0,0,0,256,439,247,339,371,394,323,302,285,113,117,206,0,
1,1775670909072,-2254,655,9729,365297,-109955,108734,0,0,0,333,366,273,401,266,420,524,365,372,351,331,359,0,
2,1775670909072,5355,1584,22708,-7064045,2206445,1700648,0,0,0,256,438,246,339,371,393,323,301,284,114,116,202,0,
1,1775670909088,-2268,622,9763,436157,-149051,138055,0,0,0,346,367,265,431,269,432,532,343,388,348,314,382,0,
2,1775670909088,6604,947,26920,-7006624,2321287,1932777,0,0,0,258,437,244,340,371,387,328,302,280,117,115,200,0,
1,1775670909104,-2364,598,9863,507018,-183259,166155,0,0,0,352,379,273,409,277,445,515,315,389,337,298,408,0,
2,1775670909104,8322,-1311,31069,-7037167,2521651,2207666,0,0,0,257,436,242,343,374,391,328,297,284,116,113,200,0,
1,1775670909120,-2531,559,9983,575435,-190589,195476,0,0,0,353,402,278,415,319,466,511,288,397,322,272,440,0,
2,1775670909120,7815,-8590,33041,-6978524,3335324,2394591,0,0,0,260,435,239,347,372,394,334,297,288,115,111,201,0,
1,1775670909136,-2713,440,10122,669508,-191811,238237,0,0,0,368,409,273,427,324,470,500,259,397,311,252,452,0,
2,1775670909136,3086,-19363,34524,-6488610,4100127,2426356,0,0,0,261,431,238,348,369,399,336,292,293,113,107,199,0,
1,1775670909152,-2809,311,10265,763581,-202807,291993,0,0,0,373,412,270,446,332,486,495,240,410,310,225,480,0,
2,1775670909152,-3656,-32768,31983,-5335296,3387858,2357939,0,0,0,265,432,240,351,369,408,334,291,293,114,107,199,0,
1,1775670909168,-2770,229,10662,893084,-208915,344527,0,0,0,388,417,271,459,346,495,483,232,418,297,203,506,0,
2,1775670909168,-3953,-45604,20775,-3308446,1100779,1611462,0,0,0,266,434,239,352,369,409,335,293,293,116,109,201,0,
1,1775670909184,-2636,186,11189,1073901,-199142,378736,0,0,0,391,427,253,468,359,499,466,225,422,282,190,530,0,
2,1775670909184,-1938,-51500,11753,-1314581,217468,-62308,0,0,0,256,429,233,349,372,404,335,312,279,117,123,193,0,
1,1775670909200,-2148,129,11969,1364672,-251676,378736,0,0,0,383,438,224,472,385,520,443,214,434,273,185,557,0,
2,1775670909200,-6226,-45403,13213,610865,586430,-1968207,0,0,0,248,419,226,341,369,389,358,381,268,151,200,184,0,
1,1775670909216,-2000,28,12744,1731192,-404392,343306,0,0,0,390,432,212,473,407,546,409,209,442,260,180,569,0,
2,1775670909216,-9959,-23302,21143,2318844,-553443,-2250427,0,0,0,243,393,213,332,354,372,409,448,269,169,244,178,0,
1,1775670909232,-2857,-33,13314,2179567,-529009,349414,0,0,0,408,426,209,473,410,545,371,204,440,247,168,566,0,
2,1775670909232,-737,13007,19626,3308446,-3898541,-273667,0,0,0,247,366,197,329,337,365,455,473,270,172,256,176,0,
1,1775670909248,-3881,-52,14027,2747671,-472809,511905,0,0,0,414,448,201,465,431,525,324,192,441,245,168,571,0,
2,1775670909248,5570,19200,10624,3792251,-5230228,1419650,0,0,0,259,359,194,338,330,377,482,486,274,237,313,177,0,
1,1775670909264,-4733,23,15056,3402519,-334754,750142,0,0,0,415,423,198,463,436,526,272,188,436,216,156,562,0,
2,1775670909264,-287,1411,9619,4800179,-3469714,1838704,0,0,0,263,368,208,350,331,394,508,509,291,320,366,179,0,
1,1775670909280,-5781,244,16573,4216191,-156381,1093448,0,0,0,439,405,202,450,426,531,193,172,423,191,140,534,0,
2,1775670909280,-7666,-4335,20756,4951673,-1110553,783129,0,0,0,261,386,234,356,340,403,526,526,306,276,380,195,0,
1,1775670909296,-6958,387,19530,5154480,-51312,1523497,0,0,0,387,405,210,402,380,498,183,157,418,166,124,478,0,
2,1775670909296,-4484,-837,24335,3787364,-405614,-315206,0,0,0,280,412,278,376,360,416,535,535,308,211,302,228,0,
1,1775670909312,-8327,330,23172,6065891,-20769,1931555,0,0,0,398,387,225,372,353,468,177,146,403,176,136,415,0,
2,1775670909312,2627,1569,18152,1890017,-427605,-386066,0,0,0,294,441,304,392,377,430,553,553,319,216,301,245,0,
1,1775670909328,-8987,679,26221,6911329,52534,2332283,0,0,0,339,373,208,350,320,430,181,153,356,137,107,308,0,
2,1775670909328,2278,665,11079,718377,-155159,199142,0,0,0,324,452,304,408,385,439,553,553,318,228,301,272,0,
1,1775670909344,-9203,1392,27829,7638258,180816,2656042,0,0,0,280,337,211,308,264,386,205,178,334,129,121,252,0,
2,1775670909344,559,339,9073,359188,43982,273667,0,0,0,347,461,320,409,382,438,559,560,318,229,293,285,0,
1,1775670909360,-9399,3871,27609,8142833,364075,2968805,0,0,0,244,301,195,277,223,316,263,227,290,144,179,166,0,
2,1775670909360,703,780,9877,256563,-15882,76969,0,0,0,360,472,327,421,391,446,560,560,325,239,295,298,0,
1,1775670909376,-10145,6843,22445,8265006,998153,3214372,0,0,0,234,281,209,260,193,289,302,256,279,154,211,132,0,
2,1775670909376,1316,1268,10275,131946,-174707,-17104,0,0,0,370,473,330,421,394,448,566,565,344,243,296,308,0,
1,1775670909392,-11787,8317,12725,8129394,1734857,3428175,0,0,0,231,278,216,261,184,289,309,265,280,158,226,127,0,
2,1775670909392,1229,1531,10136,67195,-259006,-4886,0,0,0,379,473,330,422,394,453,568,568,338,242,292,318,0,
1,1775670909408,-13309,13639,7437,6510601,955393,3488040,0,0,0,229,287,217,266,188,293,308,262,277,161,231,128,0,
2,1775670909408,933,1569,10126,135612,-211359,-7330,0,0,0,383,475,334,425,397,459,569,567,334,243,285,329,0,
1,1775670909424,-8375,20741,8303,2329840,-260228,2494773,0,0,0,229,295,218,266,192,293,310,259,274,163,231,130,0,
2,1775670909424,823,1517,10193,221133,-161268,-25656,0,0,0,389,479,337,422,420,452,568,565,337,247,275,338,0,
1,1775670909440,-1899,20473,10155,-2618168,263893,360410,0,0,0,230,296,216,264,192,292,309,263,273,165,228,130,0,
2,1775670909440,794,1550,10284,263893,-100181,-37873,0,0,0,397,483,335,428,425,457,569,556,341,247,266,349,0,
1,1775670909456,-3929,11093,7666,-4861265,2029294,-1260825,0,0,0,229,293,216,266,189,292,312,268,272,167,224,131,0,
2,1775670909456,794,1608,10265,313984,7330,-39095,0,0,0,402,485,335,439,404,477,573,541,344,245,256,358,0,
1,1775670909472,-8557,4895,4441,-4946786,2028072,-1310916,0,0,0,227,291,219,264,184,293,318,281,276,166,224,134,0,
2,1775670909472,880,1507,10093,376292,103847,-39095,0,0,0,408,485,333,436,398,477,573,527,344,244,244,364,0,
1,1775670909488,-8748,3579,3876,-4670675,445931,-537561,0,0,0,223,290,230,262,185,299,318,282,281,165,224,136,0,
2,1775670909488,1019,1306,9901,399505,114842,-39095,0,0,0,413,485,331,437,398,477,572,511,343,244,237,373,0,
1,1775670909504,-5829,3799,5427,-4778187,-375071,-155159,0,0,0,223,290,240,266,186,306,316,276,284,168,228,140,0,
2,1775670909504,1105,1225,9849,384845,80634,-40317,0,0,0,419,489,334,443,407,484,570,501,349,249,233,386,0,
1,1775670909520,-4264,3986,7336,-5145928,-80634,-401949,0,0,0,218,289,240,262,185,309,324,281,291,160,227,140,0,
2,1775670909520,1158,1215,9863,360410,19547,-42760,0,0,0,422,493,336,443,407,482,565,488,348,247,216,389,0,
1,1775670909536,-5278,3771,8724,-5563760,103847,-885754,0,0,0,220,290,241,264,185,312,315,277,290,161,227,137,0,
2,1775670909536,1158,1172,9887,342084,-37873,-48869,0,0,0,423,493,334,444,406,483,562,474,346,241,200,392,0,
1,1775670909552,-6724,3220,9906,-5918062,-504574,-1301142,0,0,0,222,291,243,266,187,310,320,280,286,164,225,136,0,
2,1775670909552,1124,1129,9920,332310,-80634,-58643,0,0,0,429,503,334,449,422,493,559,462,357,242,200,407,0,
1,1775670909568,-5939,2373,11667,-6159965,-1247386,-1568701,0,0,0,224,292,244,265,188,308,317,281,284,163,231,135,0,
2,1775670909568,1048,1110,9964,338419,-92851,-68416,0,0,0,444,518,346,448,421,494,558,453,365,239,192,425,0,
1,1775670909584,-4982,1311,13869,-6305350,-1638340,-1765400,0,0,0,226,293,245,253,218,304,314,277,282,161,232,134,0,
2,1775670909584,981,1076,9987,357967,-73303,-68416,0,0,0,445,515,343,453,426,498,553,433,364,247,189,440,0,
1,1775670909600,-4919,588,15735,-6309016,-1745852,-1733635,0,0,0,227,295,243,257,208,304,318,277,283,162,230,133,0,
2,1775670909600,1033,1019,10007,377514,-53756,-68416,0,0,0,449,519,342,457,430,502,548,410,369,244,182,453,0,
1,1775670909616,-4900,-90,17961,-6295577,-1892460,-1569923,0,0,0,227,295,238,266,188,304,321,277,282,166,230,133,0,
2,1775670909616,1124,942,10011,398284,-56199,-72082,0,0,0,456,524,346,456,434,502,547,394,374,244,178,468,0,
1,1775670909632,-4795,-732,20320,-6251594,-1965764,-1379333,0,0,0,227,295,237,268,189,303,321,273,282,169,230,133,0,
2,1775670909632,1153,847,10031,421497,-65973,-89186,0,0,0,460,527,347,457,440,502,544,372,374,249,174,485,0,
1,1775670909648,-5345,-1359,22794,-6081774,-1909564,-1409876,0,0,0,228,296,240,267,192,303,322,268,284,167,231,133,0,
2,1775670909648,1119,770,10083,443488,-50090,-109955,0,0,0,468,530,350,460,446,504,536,347,373,253,172,500,0,
1,1775670909664,-6345,-2091,25417,-5872858,-1931555,-1642005,0,0,0,227,296,241,267,196,304,321,265,284,166,227,132,0,
2,1775670909664,1182,713,10155,466701,-15882,-134390,0,0,0,477,533,347,468,454,509,526,320,375,253,168,511,0,
1,1775670909680,-7039,-4288,28341,-5841093,-2167349,-2094046,0,0,0,227,294,240,273,190,309,325,268,285,167,217,132,0,
2,1775670909680,1330,689,10327,513126,9773,-168598,0,0,0,484,535,341,477,464,517,516,293,380,256,168,525,0,
1,1775670909696,-7236,-9231,30227,-6006027,-2498438,-2508212,0,0,0,226,296,237,268,187,307,330,277,287,164,213,133,0,
2,1775670909696,1411,689,10614,637743,-10995,-211359,0,0,0,490,541,343,483,471,526,503,267,385,267,174,541,0,
1,1775670909712,-6934,-18315,28834,-6075665,-2697580,-2469117,0,0,0,226,297,236,273,189,311,325,279,289,167,215,131,0,
2,1775670909712,1512,626,10782,794124,-53756,-252898,0,0,0,497,544,336,485,478,530,486,244,390,269,173,552,0,
1,1775670909728,-4532,-30208,22732,-5353622,-2795319,-1540602,0,0,0,223,298,234,273,193,314,333,283,290,167,214,125,0,
2,1775670909728,1344,550,11131,968832,-62308,-295658,0,0,0,507,548,329,484,488,532,470,235,389,263,171,564,0,
1,1775670909744,2536,-40440,16597,-3910759,-2956587,-161268,0,0,0,221,298,232,273,194,312,303,259,290,168,219,129,0,
2,1775670909744,866,564,11873,1238834,9773,-298102,0,0,0,508,541,310,488,485,542,442,229,393,269,173,574,0,
1,1775670909760,13050,-45072,13936,-2063502,-2340835,946841,0,0,0,223,298,233,276,197,312,317,260,287,177,228,132,0,
2,1775670909760,899,454,12371,1566258,103847,-276111,0,0,0,525,553,297,496,499,548,403,214,393,260,168,577,0,
1,1775670909776,16266,-42976,14692,-12217,15882,1268156,0,0,0,232,289,228,276,196,303,345,307,281,206,285,128,0,
2,1775670909776,1330,282,13108,2032959,151494,-285884,0,0,0,506,550,261,505,510,559,374,217,399,266,181,591,0,
1,1775670909792,8848,-28824,17808,1871691,2533869,1186300,0,0,0,244,267,190,274,175,263,399,373,256,250,345,106,0,
2,1775670909792,1732,311,14094,2542421,81855,-327423,0,0,0,510,554,259,495,519,550,339,208,398,265,187,597,0,
1,1775670909808,-3034,2680,16276,3281568,4234517,538783,0,0,0,244,253,169,267,158,249,414,394,256,280,387,96,0,
2,1775670909808,2249,392,15247,3153286,-25656,-419053,0,0,0,516,546,249,491,518,556,299,191,397,263,177,602,0,
1,1775670909824,-7293,16046,11107,4316373,4192978,-461814,0,0,0,241,257,173,268,157,265,426,419,274,310,412,100,0,
2,1775670909824,3311,440,16884,3980397,-127059,-619417,0,0,0,514,541,241,483,508,546,271,169,391,259,171,589,0,
1,1775670909840,813,3105,14405,5332853,2029294,-777020,0,0,0,243,263,169,283,163,271,474,474,277,350,423,97,0,
2,1775670909840,4565,593,18899,4873482,-249233,-907745,0,0,0,507,538,238,473,497,534,264,161,396,246,162,548,0,
1,1775670909856,5728,-3627,20531,5334075,368962,-73303,0,0,0,244,265,176,297,173,287,488,488,292,379,433,104,0,
2,1775670909856,5436,737,21875,5887519,-411723,-1254717,0,0,0,489,524,242,474,493,528,261,159,399,230,148,485,0,
1,1775670909872,387,-2057,22215,4034154,-84299,1037249,0,0,0,257,284,214,314,198,336,502,500,326,395,442,138,0,
2,1775670909872,6030,918,26723,7079928,-399505,-1587027,0,0,0,441,499,227,462,477,511,265,163,385,211,137,416,0,
1,1775670909888,-5742,-1196,17243,2095267,39095,564439,0,0,0,271,301,232,334,218,349,521,513,331,397,462,189,0,
2,1775670909888,5934,1770,30231,7965682,-20769,-1822821,0,0,0,379,473,211,430,444,477,274,171,352,187,128,362,0,
1,1775670909904,-4747,-914,12021,635299,70860,-201585,0,0,0,307,313,246,353,217,364,528,521,328,415,480,233,0,
2,1775670909904,5331,3881,30710,8657182,426383,-2052507,0,0,0,325,447,217,384,408,433,283,199,312,155,117,302,0,
1,1775670909920,-2086,105,9949,238237,30543,-239459,0,0,0,311,320,253,359,222,377,528,530,337,410,487,269,0,
2,1775670909920,6613,5053,28566,9142209,800233,-2367713,0,0,0,280,428,229,341,376,391,296,245,281,122,107,229,0,
1,1775670909936,-1904,784,9638,188146,17104,-37873,0,0,0,327,328,247,378,224,384,536,523,341,421,492,284,0,
2,1775670909936,10136,6676,19841,9205739,940732,-2871066,0,0,0,267,424,235,329,362,377,304,266,269,109,102,201,0,
1,1775670909952,-2971,832,9858,177150,86742,53756,0,0,0,329,334,251,387,234,382,539,519,351,420,498,295,0,
2,1775670909952,11840,9715,11438,8603426,954171,-3781255,0,0,0,279,434,242,331,367,383,306,287,275,111,110,203,0,
1,1775670909968,-2814,780,9853,123394,184481,18325,0,0,0,326,346,257,389,254,385,539,508,353,426,500,305,0,
2,1775670909968,5680,13663,11103,7169114,465479,-3952298,0,0,0,284,435,242,335,371,385,307,292,271,110,112,198,0,
1,1775670909984,-2368,837,9906,116064,194255,13439,0,0,0,323,355,252,390,257,387,536,490,346,422,493,320,0,
2,1775670909984,-1129,21009,9054,2616946,-1221730,-1525941,0,0,0,275,428,232,333,367,380,305,292,262,111,114,197,0,
1,1775670910000,-2263,952,9987,167377,112399,35430,0,0,0,320,370,251,385,277,390,533,477,350,416,485,329,0,
2,1775670910000,1608,20488,6140,-2687807,-2326174,1524719,0,0,0,275,431,234,335,367,381,310,291,262,113,114,197,0,
1,1775670910016,-2335,990,10040,234572,31764,53756,0,0,0,323,374,248,389,282,392,531,466,355,409,472,338,0,
2,1775670910016,8456,11418,5771,-6511823,-1926668,3187494,0,0,0,272,434,236,336,370,385,312,291,264,115,115,199,0,
1,1775670910032,-2330,933,10098,295658,-31764,62308,0,0,0,324,372,251,396,273,394,529,455,359,402,459,345,0,
2,1775670910032,8604,4804,7633,-7066489,-810007,2381152,0,0,0,267,434,235,340,372,386,313,292,264,119,116,200,0,
1,1775670910048,-2340,818,11122,295658,-57421,64751,0,0,0,323,378,255,393,273,398,524,447,366,397,450,346,0,
2,1775670910048,5862,3010,8044,-6794043,-329867,1309695,0,0,0,258,434,232,336,370,386,314,295,264,113,114,197,0,
1,1775670910064,-2416,727,11868,237015,-36651,61086,0,0,0,327,386,246,392,275,406,518,436,364,390,433,345,0,
2,1775670910064,4087,2957,7523,-6554584,-379958,565661,0,0,0,256,437,235,336,372,387,315,297,265,112,115,199,0,
1,1775670910080,-2440,693,10150,234572,-34208,58643,0,0,0,323,394,248,396,287,418,521,423,374,396,404,347,0,
2,1775670910080,4096,2392,8068,-6699969,-229685,122173,0,0,0,256,438,237,337,373,387,315,299,267,112,115,198,0,
1,1775670910096,-2412,679,9136,240680,-20769,64751,0,0,0,328,393,253,396,285,417,520,420,377,387,400,358,0,
2,1775670910096,3589,2230,9552,-6825808,183259,-129503,0,0,0,256,437,238,336,372,386,316,301,267,112,117,197,0,
1,1775670910112,-2340,665,9279,240680,1221,72082,0,0,0,325,391,254,396,296,420,511,405,376,374,399,370,0,
2,1775670910112,2531,2842,11289,-6789156,601091,-91629,0,0,0,256,437,238,334,378,385,317,302,266,112,119,196,0,
1,1775670910128,-2278,650,9672,244346,1221,70860,0,0,0,332,426,239,403,317,412,515,403,376,375,387,381,0,
2,1775670910128,2249,3383,12840,-6774495,874759,161268,0,0,0,257,438,237,335,381,386,319,304,267,112,119,196,0,
1,1775670910144,-2273,626,9729,250454,-12217,65973,0,0,0,337,428,247,419,305,427,520,398,389,376,370,387,0,
2,1775670910144,2967,3273,14496,-6883229,1152091,499687,0,0,0,256,439,237,339,376,389,319,304,266,113,118,197,0,
1,1775670910160,-2292,588,9705,257785,-26878,61086,0,0,0,340,423,253,415,299,443,514,376,387,366,354,389,0,
2,1775670910160,3665,2278,16683,-6991963,1544267,722042,0,0,0,254,439,236,339,376,389,320,303,266,112,116,194,0,
1,1775670910176,-2321,559,9753,276111,-41538,65973,0,0,0,347,424,264,416,298,446,515,364,393,359,341,396,0,
2,1775670910176,3895,1258,18999,-6940650,1830152,818559,0,0,0,255,439,239,340,376,391,320,303,268,111,117,194,0,
1,1775670910192,-2373,521,9820,313984,-61086,83077,0,0,0,355,438,263,428,315,450,515,349,396,354,328,407,0,
2,1775670910192,4302,827,21914,-6778160,1937664,885754,0,0,0,255,438,239,338,373,387,320,302,269,119,119,193,0,
1,1775670910208,-2378,440,9839,375071,-97738,116064,0,0,0,353,444,259,428,327,455,510,334,401,345,318,421,0,
2,1775670910208,5154,626,25647,-6679200,1991420,1037249,0,0,0,255,437,239,342,376,390,323,302,269,111,115,192,0,
1,1775670910224,-2306,354,9844,442266,-163711,146607,0,0,0,351,434,263,420,326,459,503,312,413,332,296,443,0,
2,1775670910224,6250,-727,29480,-6659652,2069611,1367116,0,0,0,255,437,239,342,374,389,326,297,271,114,114,193,0,
1,1775670910240,-2325,358,10026,525344,-249233,164933,0,0,0,366,424,271,430,331,468,494,282,423,320,265,464,0,
2,1775670910240,6877,-6546,31686,-6537479,2557081,1794722,0,0,0,257,438,239,344,373,389,334,297,278,116,114,195,0,
1,1775670910256,-2617,373,10198,609643,-287106,178372,0,0,0,381,431,269,451,349,477,484,264,430,312,250,477,0,
2,1775670910256,4828,-15573,32246,-6163630,3219259,1948660,0,0,0,259,436,235,348,374,394,336,297,282,118,113,196,0,
1,1775670910272,-3239,258,10131,668286,-255341,234572,0,0,0,371,452,261,436,374,486,482,249,441,293,227,503,0,
2,1775670910272,-90,-26996,29901,-5314527,3192381,1841147,0,0,0,263,439,238,348,372,394,337,294,283,119,113,200,0,
1,1775670910288,-3316,28,10303,681725,-171042,361632,0,0,0,380,453,263,452,388,501,462,241,441,287,220,514,0,
2,1775670910288,-4120,-38013,21923,-3663969,1963320,1428202,0,0,0,262,437,240,348,372,395,338,294,283,119,113,201,0,
1,1775670910304,-2775,9,10969,785572,-89186,442266,0,0,0,398,459,284,458,418,502,446,235,442,283,217,530,0,
2,1775670910304,-5216,-44039,14501,-1936442,951728,533896,0,0,0,257,432,232,347,373,393,340,305,281,120,119,197,0,
1,1775670910320,-2316,33,11519,1027475,-50090,453262,0,0,0,398,470,247,451,423,508,421,220,447,272,207,539,0,
2,1775670910320,-6905,-43546,13022,-221133,535117,-884532,0,0,0,252,425,226,344,371,388,355,365,275,142,176,190,0,
1,1775670910336,-2038,-76,11993,1359786,-73303,405614,0,0,0,405,468,222,484,433,506,392,228,437,267,215,556,0,
2,1775670910336,-10145,-29978,19061,1649336,-548556,-1640784,0,0,0,246,401,218,335,358,375,391,440,267,162,229,185,0,
1,1775670910352,-2287,-124,12548,1717753,-109955,353080,0,0,0,411,464,218,489,444,513,357,216,446,257,196,562,0,
2,1775670910352,-5163,631,21186,3218038,-3172834,-781907,0,0,0,243,367,199,328,339,365,434,468,269,160,230,183,0,
1,1775670910368,-3096,-119,13227,2186897,-80634,388510,0,0,0,416,466,213,486,467,511,309,208,445,250,200,573,0,
2,1775670910368,2593,13180,12892,3863111,-4663345,393397,0,0,0,250,357,186,333,333,368,465,478,277,175,259,183,0,
1,1775670910384,-3929,-153,13979,2711019,-8552,515570,0,0,0,418,484,207,469,469,514,264,209,445,235,196,567,0,
2,1775670910384,1277,4785,9834,4486194,-3875329,777020,0,0,0,260,362,191,342,330,377,490,490,279,198,298,183,0,
1,1775670910400,-5163,-148,15084,3445279,87964,821002,0,0,0,413,464,206,452,453,517,221,201,441,215,174,551,0,
2,1775670910400,-4111,-3172,15740,4779409,-1881464,376292,0,0,0,260,375,217,350,328,394,511,511,294,248,346,180,0,
1,1775670910416,-6121,-47,16702,4166100,175929,1187522,0,0,0,417,430,215,443,430,511,199,176,430,199,147,517,0,
2,1775670910416,-2751,-421,21220,4036597,-862541,-299323,0,0,0,265,395,238,366,354,409,518,519,310,252,350,196,0,
1,1775670910432,-7001,-81,19152,4930904,290771,1571145,0,0,0,420,419,223,426,398,497,194,157,411,180,128,462,0,
2,1775670910432,1521,1220,19990,2704911,-691499,-360410,0,0,0,279,414,276,377,361,421,533,533,317,217,302,227,0,
1,1775670910448,-8131,-512,22000,5733581,400727,1953547,0,0,0,388,403,217,389,356,470,182,159,385,156,116,393,0,
2,1775670910448,2057,655,14300,1347568,-522900,94073,0,0,0,300,443,281,401,385,432,550,551,315,225,294,253,0,
1,1775670910464,-8887,-464,24278,6480058,489913,2339613,0,0,0,336,376,212,351,310,429,182,166,353,141,116,317,0,
2,1775670910464,684,220,10409,521678,-270002,298102,0,0,0,330,454,295,413,389,437,559,559,323,233,289,279,0,
1,1775670910480,-8786,574,25302,7065267,570548,2692693,0,0,0,282,351,210,309,281,378,202,196,318,138,149,260,0,
2,1775670910480,119,545,9868,212581,-123394,144164,0,0,0,345,463,300,418,394,441,560,561,326,237,289,289,0,
