sole_id,timestamp,accel_x,accel_y,accel_z,gyro_x,gyro_y,gyro_z,magn_x,magn_y,magn_z,pressure_01,pressure_02,pressure_03,pressure_04,pressure_05,pressure_06,pressure_07,pressure_08,pressure_09,pressure_10,pressure_11,pressure_12,corrupt,transition,grass
1,1775670460128,-4345,5116,7762,-422718,-8552,2405587,0,0,0,234,329,223,272,221,298,333,279,269,231,289,139,0,,
2,1775670460128,923,1019,10040,201585,-1221,-26878,0,0,0,488,508,372,462,421,493,548,421,355,262,184,484,0,,
1,1775670460144,-3330,5642,7552,-1208291,-296880,2098932,0,0,0,231,326,235,268,220,307,331,279,275,226,285,145,0,,
2,1775670460144,923,1000,10083,224798,8552,-34208,0,0,0,487,510,370,463,428,500,550,420,360,260,182,487,0,,
1,1775670460160,-2297,4680,7389,-1635897,-408057,1711644,0,0,0,222,331,242,263,223,313,328,281,282,224,282,150,0,,
2,1775670460160,890,971,10074,254119,29321,-39095,0,0,0,499,510,370,463,430,503,544,407,359,269,186,500,0,,
1,1775670460176,-1938,3929,7384,-1710422,-486248,1340238,0,0,0,216,332,238,261,224,312,328,281,280,222,280,146,0,,
2,1775670460176,885,914,9997,267558,46425,-37873,0,0,0,501,511,385,458,424,497,550,407,366,263,180,499,0,,
1,1775670460192,-1966,4268,7642,-1657888,-686612,1073901,0,0,0,216,329,244,261,224,318,331,281,278,219,278,146,0,,
2,1775670460192,942,808,9897,251676,51312,-32986,0,0,0,497,515,373,461,428,502,549,405,367,262,176,499,0,,
1,1775670460208,-1909,4771,8092,-1631010,-989601,807563,0,0,0,218,327,237,263,225,313,333,280,278,221,281,148,0,,
2,1775670460208,1000,727,9844,217468,36651,-31764,0,0,0,500,512,372,460,428,501,547,405,368,262,178,502,0,,
1,1775670460224,-1670,4857,8619,-1657888,-1219287,619417,0,0,0,218,327,236,263,223,306,326,279,272,225,293,142,0,,
2,1775670460224,990,708,9815,168598,9773,-26878,0,0,0,505,514,373,463,434,505,547,403,369,263,179,505,0,,
1,1775670460240,-1162,4737,9361,-1754404,-1359786,474031,0,0,0,218,326,236,265,224,309,326,279,274,230,292,143,0,,
2,1775670460240,995,708,9810,117286,-13439,-20769,0,0,0,505,514,374,463,434,504,547,404,370,266,181,510,0,,
1,1775670460256,-564,4580,10088,-1880243,-1428202,377514,0,0,0,218,327,241,265,227,309,326,281,273,226,297,145,0,,
2,1775670460256,1019,698,9825,68416,-41538,-17104,0,0,0,505,515,378,464,435,505,548,406,371,269,184,513,0,,
1,1775670460272,430,4345,10815,-1969429,-1467298,299323,0,0,0,218,329,241,265,226,309,327,283,276,225,293,145,0,,
2,1775670460272,1028,689,9830,24434,-67195,-17104,0,0,0,505,515,382,465,438,509,546,406,370,266,182,509,0,,
1,1775670460288,1292,4101,11462,-1998751,-1451415,197920,0,0,0,216,326,241,266,226,311,326,280,276,226,293,142,0,x,
2,1775670460288,1024,698,9858,-13439,-95294,-17104,0,0,0,502,517,385,465,439,510,544,405,369,260,180,505,0,x,
1,1775670460304,1335,3819,11887,-2010968,-1369559,97738,0,0,0,217,328,244,263,222,312,324,279,278,220,296,145,0,,
2,1775670460304,1028,737,9935,-32986,-112399,-20769,0,0,0,502,522,389,464,438,507,543,405,365,262,182,508,0,,
1,1775670460320,1048,3546,12146,-2040289,-1301142,45204,0,0,0,216,329,246,266,225,316,321,279,279,219,299,150,0,,
2,1775670460320,1005,775,10007,-45204,-127059,-25656,0,0,0,504,525,391,463,437,503,544,408,362,267,186,510,0,,
1,1775670460336,751,3244,12376,-2091602,-1251052,32986,0,0,0,214,328,243,265,228,312,319,280,277,220,300,147,0,,
2,1775670460336,942,794,10002,-50090,-130725,-26878,0,0,0,504,527,388,469,444,509,547,411,368,265,186,508,0,,
1,1775670460352,847,3015,12605,-2135584,-1192408,37873,0,0,0,215,329,241,265,231,311,319,282,277,221,299,143,0,,
2,1775670460352,899,780,9949,-61086,-125838,-18325,0,0,0,498,523,379,467,442,508,551,413,373,267,185,509,0,,
1,1775670460368,961,2718,12825,-2179567,-1073901,52534,0,0,0,215,332,242,267,234,314,319,282,279,220,299,143,0,,
2,1775670460368,933,789,9964,-68416,-125838,-12217,0,0,0,494,522,377,465,439,506,551,411,374,264,183,507,0,,
1,1775670460384,856,2321,12892,-2213775,-924849,101403,0,0,0,215,333,242,267,234,317,319,281,280,221,297,145,0,,
2,1775670460384,971,851,10035,-58643,-130725,-14660,0,0,0,492,523,375,470,446,513,554,413,375,262,183,507,0,,
1,1775670460400,497,1722,12782,-2235766,-781907,202807,0,0,0,214,331,239,268,234,317,320,282,280,229,295,145,0,,
2,1775670460400,923,909,10083,-23212,-131946,-17104,0,0,0,496,526,380,472,446,510,547,411,369,262,182,507,0,,
1,1775670460416,62,1038,12581,-2229658,-684169,291993,0,0,0,213,332,238,269,235,317,322,284,282,231,294,145,0,,
2,1775670460416,866,923,10107,17104,-120951,-18325,0,0,0,495,526,381,472,446,512,556,417,376,261,179,505,0,,
1,1775670460432,-296,244,12323,-2157576,-638965,322536,0,0,0,213,331,238,272,233,319,322,286,284,224,293,144,0,,
2,1775670460432,866,899,10107,58643,-98960,-17104,0,0,0,495,527,390,470,445,513,554,412,375,264,183,507,0,,
1,1775670460448,-425,-526,12031,-2023185,-608421,326202,0,0,0,215,334,237,272,234,317,321,287,280,223,292,144,0,,
2,1775670460448,890,880,10107,100181,-78190,-18325,0,0,0,497,529,386,472,448,511,557,411,376,342,215,500,0,,
1,1775670460464,-344,-1110,11701,-1847256,-568104,333532,0,0,0,216,335,236,272,236,317,323,288,280,221,291,140,0,,
2,1775670460464,918,856,10107,144164,-63529,-23212,0,0,0,498,530,385,472,446,507,559,403,375,308,198,507,0,,
1,1775670460480,-335,-1646,11284,-1653001,-514348,356745,0,0,0,214,331,239,272,233,321,319,282,279,222,294,143,0,,
2,1775670460480,928,827,10117,188146,-56199,-32986,0,0,0,496,531,387,473,447,505,556,391,373,268,181,516,0,,
1,1775670460496,-406,-2115,10830,-1472185,-466701,384845,0,0,0,219,330,241,273,228,321,321,281,281,220,293,142,0,,
2,1775670460496,914,804,10117,234572,-50090,-42760,0,0,0,496,534,390,476,446,505,549,375,369,328,234,519,0,,
1,1775670460512,-425,-2579,10337,-1231504,-436157,398284,0,0,0,220,330,242,273,230,321,322,281,282,216,292,140,0,,
2,1775670460512,885,756,10102,278554,-40317,-47647,0,0,0,501,537,389,482,448,506,550,367,368,328,232,520,0,,
1,1775670460528,-402,-3019,9916,-930958,-401949,383623,0,0,0,216,331,245,273,232,329,322,279,285,216,292,145,0,,
2,1775670460528,856,713,10122,327423,-29321,-47647,0,0,0,504,539,385,486,454,510,547,360,368,287,191,523,0,,
1,1775670460544,-488,-3412,9581,-640186,-362853,332310,0,0,0,215,329,240,277,242,329,320,279,282,217,294,143,0,,
2,1775670460544,875,689,10169,367740,-19547,-45204,0,0,0,502,538,385,485,455,516,528,348,368,301,202,531,0,,
1,1775670460560,-574,-3718,9279,-375071,-326202,271224,0,0,0,216,326,237,280,243,326,320,279,279,235,279,150,0,,
2,1775670460560,923,646,10232,430049,-8552,-46425,0,0,0,502,539,390,483,458,519,521,347,376,313,194,532,0,,
1,1775670460576,-693,-3914,9011,-90408,-270002,197920,0,0,0,217,326,238,278,238,323,322,282,281,229,280,147,0,,
2,1775670460576,942,598,10308,500909,0,-52534,0,0,0,506,540,395,483,455,520,522,341,383,413,231,525,0,,
1,1775670460592,-871,-3953,8896,153938,-223576,144164,0,0,0,218,328,237,277,238,321,321,284,281,213,292,137,0,,
2,1775670460592,961,526,10390,583987,0,-62308,0,0,0,507,539,386,486,461,524,505,327,373,270,166,553,0,,
1,1775670460608,-866,-3938,8935,392175,-177150,90408,0,0,0,216,327,234,280,241,321,323,288,280,216,290,136,0,,
2,1775670460608,995,425,10442,671951,-4886,-72082,0,0,0,514,548,383,478,461,526,493,311,376,270,171,562,0,,
1,1775670460624,-469,-4000,9121,563217,-84299,30543,0,0,0,217,324,231,279,235,314,337,304,279,226,295,137,0,,
2,1775670460624,1033,296,10457,757472,-23212,-85521,0,0,0,520,544,364,482,466,533,483,301,365,270,175,566,0,,
1,1775670460640,588,-3388,10074,838107,305432,-89186,0,0,0,227,322,226,275,221,299,358,327,276,242,319,132,0,,
2,1775670460640,1014,177,10509,829554,-53756,-92851,0,0,0,519,546,355,491,478,529,477,296,378,418,235,550,0,,
1,1775670460656,4,708,10591,1287703,907745,-298102,0,0,0,228,321,215,267,217,286,373,359,269,262,339,121,0,,
2,1775670460656,1019,90,10696,907745,-79412,-98960,0,0,0,526,549,343,488,475,522,456,285,380,320,191,573,0,,
1,1775670460672,-1641,6111,10021,1632231,896750,-414166,0,0,0,233,331,219,267,216,286,389,379,267,279,359,116,0,,
2,1775670460672,1110,33,10997,1025031,-117286,-107512,0,0,0,524,550,332,486,472,529,434,274,380,291,189,581,0,,
1,1775670460688,-1234,5824,10136,1822821,422718,-305432,0,0,0,238,331,218,279,216,288,412,376,262,313,366,117,0,,
2,1775670460688,1220,-38,11241,1185078,-190589,-124616,0,0,0,517,552,325,482,475,530,404,264,369,301,207,579,0,,
1,1775670460704,0,2359,11548,1953547,35430,90408,0,0,0,240,332,227,280,215,299,421,383,268,322,381,125,0,,
2,1775670460704,1249,-196,11457,1380555,-262672,-157603,0,0,0,522,554,322,478,480,532,365,257,364,308,222,573,0,,
1,1775670460720,-339,775,12591,1879021,-41538,535117,0,0,0,237,332,235,282,220,295,428,400,267,319,397,120,0,,
2,1775670460720,1206,-330,11739,1590693,-304210,-193033,0,0,0,528,551,306,469,482,527,330,252,369,310,229,572,0,,
1,1775670460736,-2440,961,12567,1593136,-64751,805120,0,0,0,238,338,233,286,228,298,438,407,262,322,405,116,0,,
2,1775670460736,1220,-402,12146,1861917,-379958,-226020,0,0,0,530,555,289,463,485,518,307,250,367,297,217,571,0,,
1,1775670460752,-4259,1249,11677,1302364,-138055,582765,0,0,0,248,342,231,297,229,301,444,408,260,333,413,114,0,,
2,1775670460752,1316,-531,12557,2140471,-497244,-248011,0,0,0,533,560,282,464,490,514,294,250,355,277,194,563,0,,
1,1775670460768,-4058,1091,10624,1081231,-62308,217468,0,0,0,250,341,232,304,232,304,450,420,257,339,416,116,0,,
2,1775670460768,1454,-760,13117,2488664,-653625,-287106,0,0,0,531,549,270,457,491,504,286,248,352,263,178,552,0,,
1,1775670460784,-2708,1024,9801,918741,86742,47647,0,0,0,252,336,238,305,232,314,455,436,264,340,418,124,0,,
2,1775670460784,1689,-1000,13821,2851518,-817337,-353080,0,0,0,529,545,273,453,497,509,272,230,357,247,162,520,0,,
1,1775670460800,-2306,880,9504,737925,147829,21991,0,0,0,274,329,246,314,225,323,462,436,274,360,421,137,0,,
2,1775670460800,2091,-1249,14749,3197268,-979827,-450818,0,0,0,517,543,272,448,491,504,269,219,359,241,163,492,0,,
1,1775670460816,-2636,516,9528,459370,167377,-9773,0,0,0,301,327,251,333,219,325,472,433,277,391,427,154,0,,
2,1775670460816,2622,-1435,15893,3577226,-1160643,-581543,0,0,0,505,545,265,440,492,495,269,203,352,241,165,470,0,,
1,1775670460832,-2636,478,9384,136833,235793,-78190,0,0,0,309,331,255,341,221,330,483,452,280,395,439,169,0,,
2,1775670460832,3110,-1426,17013,4021936,-1367116,-761138,0,0,0,485,522,266,428,478,485,253,185,339,216,146,420,0,,
1,1775670460848,-2479,550,9585,-39095,285884,-109955,0,0,0,315,330,258,351,221,340,491,461,280,401,445,185,0,,
2,1775670460848,3330,-1474,17879,4447098,-1530828,-948062,0,0,0,446,514,250,414,466,466,259,185,327,203,140,372,0,,
1,1775670460864,-2258,703,10236,-114842,256563,-105068,0,0,0,323,334,281,360,223,360,496,471,282,394,457,197,0,,
2,1775670460864,2943,-1670,18568,4808731,-1606575,-1117883,0,0,0,398,496,235,402,448,442,272,204,307,188,134,329,0,,
1,1775670460880,-2158,1005,10490,-113620,160046,-80634,0,0,0,334,337,273,363,225,357,507,466,297,431,454,205,0,,
2,1775670460880,2536,-1363,18583,5081177,-1609019,-1219287,0,0,0,355,469,237,378,420,419,296,243,285,165,123,293,0,,
1,1775670460896,-2196,1239,10308,-24434,29321,-51312,0,0,0,324,362,272,363,287,364,511,464,295,423,466,213,0,,
2,1775670460896,3034,-952,16558,5224119,-1433089,-1271821,0,0,0,298,441,231,348,392,382,315,285,265,136,130,215,0,,
1,1775670460912,-2287,1110,10083,86742,-72082,-24434,0,0,0,330,354,280,370,258,366,520,472,301,431,465,231,0,,
2,1775670460912,3192,-559,13898,5192354,-1336573,-1330464,0,0,0,271,436,231,330,374,362,325,298,261,128,133,189,0,,
1,1775670460928,-2412,942,9911,158824,-135612,-2443,0,0,0,335,346,285,374,239,375,526,467,311,427,465,248,0,,
2,1775670460928,1799,3618,11524,4229630,-2177123,-926071,0,0,0,268,437,232,333,374,365,326,298,262,129,131,190,0,,
1,1775670460944,-2502,890,9782,182037,-144164,9773,0,0,0,334,351,287,374,240,403,528,462,323,427,466,286,0,,
2,1775670460944,3728,9035,9270,2023185,-3401297,345749,0,0,0,269,438,233,339,378,371,326,300,265,133,133,192,0,,
1,1775670460960,-2546,904,9724,193033,-119729,20769,0,0,0,337,349,304,380,247,402,529,462,320,431,467,291,0,,
2,1775670460960,8628,9231,7829,-829554,-3016452,1842369,0,0,0,267,439,234,339,379,373,325,302,264,133,135,192,0,,
1,1775670460976,-2569,904,9763,205250,-89186,32986,0,0,0,337,355,309,388,258,403,527,463,319,440,463,291,0,,
2,1775670460976,9739,5876,7403,-2582738,-1799608,2477669,0,0,0,261,440,233,340,381,376,324,303,260,130,134,188,0,,
1,1775670460992,-2550,856,9815,210137,-53756,42760,0,0,0,345,372,310,398,262,405,528,463,321,458,458,301,0,,
2,1775670460992,6432,2459,7336,-2885727,-907745,2162462,0,0,0,256,440,231,338,379,378,325,307,258,130,136,184,0,,
1,1775670461008,-2493,808,9825,206472,-28099,48869,0,0,0,352,380,317,399,256,409,525,456,329,459,453,311,0,,
2,1775670461008,5527,3393,6680,-2880840,-1111774,1820378,0,0,0,259,444,238,336,377,375,323,307,257,133,141,187,0,,
1,1775670461024,-2435,789,9767,200363,-32986,54977,0,0,0,348,376,313,395,257,413,524,447,334,439,447,313,0,,
2,1775670461024,6097,4623,5977,-3274237,-1077566,1533271,0,0,0,259,442,236,338,381,375,325,310,262,136,142,189,0,,
1,1775670461040,-2383,756,9681,191811,-59864,62308,0,0,0,341,375,299,394,262,408,529,443,326,423,444,313,0,,
2,1775670461040,6365,4670,6097,-3721391,-609643,1309695,0,0,0,255,442,235,337,380,376,318,308,257,136,148,187,0,,
1,1775670461056,-2383,717,9614,179594,-92851,69638,0,0,0,338,378,293,395,266,410,531,438,330,400,439,323,0,,
2,1775670461056,5522,4345,7001,-3949854,-190589,1138652,0,0,0,261,446,242,339,382,377,330,318,263,137,150,187,0,,
1,1775670461072,-2431,689,9600,171042,-108734,72082,0,0,0,343,381,285,402,273,403,541,426,326,400,427,325,0,,
2,1775670461072,5049,4197,7920,-4162435,34208,1108109,0,0,0,256,444,240,337,381,375,329,319,262,135,146,186,0,,
1,1775670461088,-2483,684,9619,169820,-106290,73303,0,0,0,339,387,286,393,302,419,529,420,339,399,421,337,0,,
2,1775670461088,5336,3890,8595,-4367686,223576,1209513,0,0,0,252,441,240,331,376,370,325,315,258,149,167,186,0,,
1,1775670461104,-2502,679,9609,175929,-87964,74525,0,0,0,346,379,288,397,281,416,535,414,336,401,417,341,0,,
2,1775670461104,5565,3508,9480,-4502076,546113,1351233,0,0,0,250,441,239,331,377,370,326,317,258,148,168,184,0,,
1,1775670461120,-2517,665,9600,180816,-64751,75747,0,0,0,343,372,288,409,274,424,525,401,329,396,417,337,0,,
2,1775670461120,5460,3431,10705,-4630358,836885,1516167,0,0,0,253,442,241,329,375,368,334,318,260,148,164,183,0,,
1,1775670461136,-2512,636,9600,182037,-37873,75747,0,0,0,346,375,284,412,288,432,523,397,332,385,411,343,0,,
2,1775670461136,5671,3421,12045,-4839274,1047023,1678657,0,0,0,254,443,240,332,374,369,336,319,263,149,163,185,0,,
1,1775670461152,-2464,598,9619,182037,-23212,76969,0,0,0,352,377,287,410,283,438,520,395,341,380,407,363,0,,
2,1775670461152,5948,3038,13400,-5064072,1288925,1758070,0,0,0,252,441,238,335,376,372,338,323,265,150,164,187,0,,
1,1775670461168,-2459,574,9657,180816,-21991,74525,0,0,0,355,378,295,411,278,440,523,393,355,383,400,367,0,,
2,1775670461168,5723,2129,15065,-5229006,1565036,1717753,0,0,0,253,440,239,337,378,374,339,324,266,153,167,188,0,,
1,1775670461184,-2469,545,9643,180816,-20769,74525,0,0,0,364,377,305,423,277,443,519,385,359,383,395,366,0,,
2,1775670461184,4881,1612,16692,-5204571,1688431,1613905,0,0,0,254,441,241,337,376,373,335,318,264,157,170,189,0,,
1,1775670461200,-2464,512,9629,178372,-15882,75747,0,0,0,368,377,310,422,280,443,515,379,360,378,392,381,0,,
2,1775670461200,3412,2033,18540,-5156924,1770287,1600466,0,0,0,252,440,240,337,376,373,331,314,262,157,169,190,0,,
1,1775670461216,-2416,478,9633,173485,-17104,80634,0,0,0,359,378,306,408,285,442,514,379,364,374,387,398,0,,
2,1775670461216,1780,2627,20196,-5187467,1755626,1888795,0,0,0,252,440,239,341,379,376,334,317,265,155,168,187,0,,
1,1775670461232,-2407,435,9662,166155,-34208,80634,0,0,0,354,381,295,411,287,446,502,370,360,378,378,399,0,,
2,1775670461232,1177,2134,21435,-5240002,1640784,2367713,0,0,0,253,442,239,342,381,377,337,317,265,160,173,188,0,,
1,1775670461248,-2493,430,9710,177150,-45204,85521,0,0,0,360,396,279,410,292,438,506,350,354,389,364,401,0,,
2,1775670461248,2282,-440,21914,-5219232,1514945,2844188,0,0,0,252,441,239,340,382,375,340,319,266,159,172,188,0,,
1,1775670461264,-2560,435,9748,205250,-43982,101403,0,0,0,368,401,285,422,298,444,520,333,362,371,343,410,0,,
2,1775670461264,3412,-4455,22258,-5084842,1462411,3057991,0,0,0,254,444,244,329,399,375,340,319,269,157,169,190,0,,
1,1775670461280,-2550,406,9758,244346,-40317,124616,0,0,0,372,409,301,427,300,465,506,331,380,369,334,419,0,,
2,1775670461280,4139,-10969,22383,-4706105,1395216,2908940,0,0,0,251,443,242,340,380,376,341,320,271,157,168,190,0,,
1,1775670461296,-2507,344,9748,280998,-43982,147829,0,0,0,372,413,303,413,315,465,497,319,370,359,317,424,0,,
2,1775670461296,3512,-17707,21177,-3987728,1321912,2340835,0,0,0,253,444,243,346,384,380,342,321,272,157,165,191,0,,
1,1775670461312,-2507,320,9815,326202,-56199,164933,0,0,0,372,419,292,413,331,480,493,310,399,356,314,455,0,,
2,1775670461312,555,-23685,19052,-2919935,1309695,1618792,0,0,0,257,449,246,347,385,380,343,322,273,157,166,195,0,,
1,1775670461328,-2531,306,9954,398284,-85521,184481,0,0,0,389,406,296,425,341,481,484,285,402,341,278,462,0,,
2,1775670461328,-3551,-27456,16951,-1685988,1095892,1044579,0,0,0,256,451,247,345,384,380,343,322,273,153,166,194,0,,
1,1775670461344,-2584,248,10150,503352,-131946,207694,0,0,0,392,428,302,430,362,484,483,269,398,335,262,476,0,,
2,1775670461344,-4938,-29418,15190,-531452,524122,660956,0,0,0,249,445,233,340,383,373,342,352,264,185,222,188,0,,
1,1775670461360,-2732,196,10303,608421,-167377,240680,0,0,0,396,431,297,430,357,489,479,253,397,312,236,489,0,,
2,1775670461360,-3474,-29322,15649,852767,-34208,229685,0,0,0,254,443,234,346,384,373,369,396,257,197,245,178,0,,
1,1775670461376,-2943,138,10500,763581,-197920,307876,0,0,0,403,435,278,457,367,512,467,241,404,303,221,507,0,,
2,1775670461376,-1421,-20047,15855,2585181,-245567,-166155,0,0,0,249,437,229,347,384,372,400,439,253,241,266,171,0,,
1,1775670461392,-3015,62,10930,968832,-188146,381179,0,0,0,417,434,265,465,372,513,446,234,406,295,210,525,0,,
2,1775670461392,1383,3766,13883,3243694,-368962,-438601,0,0,0,245,430,223,343,381,368,414,459,253,220,259,174,0,,
1,1775670461408,-3120,-38,11797,1307251,-111177,458148,0,0,0,429,438,246,474,381,518,419,227,403,288,198,535,0,,
2,1775670461408,3268,14974,10653,3073873,-932180,-638965,0,0,0,250,428,225,344,379,370,419,464,256,192,264,179,0,,
1,1775670461424,-3292,-76,12586,1712866,-18325,526565,0,0,0,430,439,231,488,386,526,387,219,411,283,192,534,0,,
2,1775670461424,2866,5920,11232,3560122,-1152091,-581543,0,0,0,253,428,226,349,379,374,426,471,258,224,302,178,0,,
1,1775670461440,-3479,-110,13050,2158797,0,638965,0,0,0,431,431,222,484,390,521,352,212,418,271,191,532,0,,
2,1775670461440,1675,-784,14395,3948632,-634078,-274889,0,0,0,255,428,226,351,378,377,436,480,259,240,322,175,0,,
1,1775670461456,-3302,-162,13390,2610838,1221,770911,0,0,0,439,426,206,474,400,513,324,208,411,254,184,535,0,,
2,1775670461456,38,181,15506,3572339,67195,-56199,0,0,0,258,431,235,354,377,383,452,487,265,245,331,177,0,,
1,1775670461472,-3484,-277,14175,3101973,86742,851546,0,0,0,434,419,210,469,379,509,298,204,411,243,163,528,0,,
2,1775670461472,-445,2273,13529,3025004,260228,-244346,0,0,0,262,433,255,358,374,389,469,498,267,253,328,180,0,,
1,1775670461488,-4441,-454,15348,3694512,155159,985936,0,0,0,434,407,206,443,357,513,240,189,417,211,145,503,0,,
2,1775670461488,1067,2134,12419,2547308,129503,-421497,0,0,0,280,446,291,375,380,406,496,505,281,242,325,207,0,,
1,1775670461504,-5455,-784,16960,4311486,83077,1252273,0,0,0,425,390,226,422,329,496,225,170,419,192,119,460,0,,
2,1775670461504,2282,693,12653,1821600,-146607,-213802,0,0,0,295,452,301,377,378,414,502,527,280,338,411,224,0,,
1,1775670461520,-6714,-1239,18975,4966334,-52534,1588249,0,0,0,429,368,219,409,319,484,208,142,416,173,101,400,0,,
2,1775670461520,1895,28,12232,908967,-373849,58643,0,0,0,322,459,332,385,385,433,517,536,304,304,373,254,0,,
1,1775670461536,-8341,-1445,20421,5571090,-191811,1964542,0,0,0,382,347,205,398,314,448,206,160,375,164,98,321,0,,
2,1775670461536,349,521,11184,300545,-337197,120951,0,0,0,339,463,329,390,386,435,498,518,316,314,378,262,0,,
1,1775670461552,-8906,-1670,21617,6106208,-211359,2414139,0,0,0,344,344,204,369,293,418,206,168,349,147,110,262,0,,
2,1775670461552,253,1005,10619,112399,-79412,10995,0,0,0,346,463,319,395,384,437,514,522,308,376,447,265,0,,
1,1775670461568,-8049,-626,22555,6524040,-45204,2816088,0,0,0,294,341,205,332,279,366,224,201,313,146,152,221,0,,
2,1775670461568,765,1287,10394,43982,94073,-36651,0,0,0,359,469,323,399,390,438,527,534,307,322,391,284,0,,
1,1775670461584,-7331,1277,22249,6779382,153938,3046995,0,0,0,249,311,200,286,232,312,261,229,280,149,192,159,0,,
2,1775670461584,1110,1397,10217,20769,141720,-25656,0,0,0,369,475,326,399,390,438,532,542,313,289,365,291,0,,
1,1775670461600,-7863,2727,18602,6902777,217468,3182607,0,0,0,241,292,208,265,195,289,291,245,270,155,213,127,0,,
2,1775670461600,1100,1421,10098,6108,105068,-12217,0,0,0,370,474,334,399,389,441,537,547,317,307,380,293,0,,
1,1775670461616,-8030,5384,11505,6464175,18325,3224146,0,0,0,245,292,220,261,188,289,300,253,274,161,224,129,0,,
2,1775670461616,1091,1478,10074,6108,52534,-14660,0,0,0,373,474,332,401,389,443,538,550,317,320,388,297,0,,
1,1775670461632,-7020,10241,8107,4813618,-29321,2767219,0,0,0,232,295,220,255,194,289,300,258,273,161,228,131,0,,
2,1775670461632,1067,1536,10069,35430,18325,-19547,0,0,0,381,477,324,406,393,445,536,550,315,310,378,300,0,,
1,1775670461648,-5709,15845,9035,1255938,266337,1232726,0,0,0,227,296,218,252,196,284,307,264,270,161,225,127,0,,
2,1775670461648,1057,1560,10074,75747,4886,-21991,0,0,0,385,478,329,407,395,448,533,545,314,324,391,298,0,,
1,1775670461664,-6259,13960,8815,-2138028,585208,-376292,0,0,0,224,298,217,252,197,284,308,263,270,161,223,127,0,,
2,1775670461664,1067,1545,10102,117286,2443,-25656,0,0,0,388,479,335,404,392,448,528,541,314,353,424,296,0,,
1,1775670461680,-7370,8820,6594,-3712838,398284,-847880,0,0,0,218,297,219,254,198,288,305,260,270,164,223,130,0,,
2,1775670461680,1062,1493,10069,139277,-2443,-31764,0,0,0,394,481,335,405,393,448,530,543,314,343,416,299,0,,
1,1775670461696,-6719,5675,4886,-3776368,-334754,-256563,0,0,0,218,297,230,255,199,298,310,260,273,164,227,135,0,,
2,1775670461696,1057,1440,9997,153938,-12217,-36651,0,0,0,397,481,328,410,396,448,529,540,313,333,397,303,0,,
1,1775670461712,-3330,5723,5714,-3954741,-891863,294437,0,0,0,218,300,234,253,196,299,310,261,277,169,226,136,0,,
2,1775670461712,1057,1407,9935,161268,-21991,-41538,0,0,0,397,481,333,413,395,452,535,538,317,329,374,304,0,,
1,1775670461728,-574,5943,7456,-4482529,-799011,288328,0,0,0,219,300,234,255,196,299,312,264,281,169,226,133,0,,x
2,1775670461728,1028,1416,9920,177150,-21991,-46425,0,0,0,410,483,326,413,393,451,529,528,314,362,407,307,0,,x
1,1775670461744,-224,5407,8844,-4983438,-530231,-36651,0,0,0,220,301,223,257,204,294,305,256,272,175,240,133,0,,
2,1775670461744,1024,1440,9901,210137,-13439,-57421,0,0,0,415,484,340,415,393,455,524,510,326,428,469,308,0,,
1,1775670461760,-215,4967,9777,-5305975,-591317,-298102,0,0,0,221,303,223,258,203,293,304,258,273,171,233,134,0,,
2,1775670461760,1062,1416,9863,250454,-15882,-69638,0,0,0,426,491,341,415,394,463,521,506,325,425,459,322,0,,
1,1775670461776,71,4714,10562,-5517334,-839328,-525344,0,0,0,219,303,222,258,202,294,306,263,278,172,232,132,0,,
2,1775670461776,1110,1354,9863,287106,-41538,-79412,0,0,0,428,493,328,420,399,462,525,503,334,411,438,338,0,,
1,1775670461792,186,4206,11648,-5648059,-994488,-713490,0,0,0,220,305,224,259,200,295,308,263,279,174,232,131,0,,
2,1775670461792,1119,1273,9877,295658,-73303,-79412,0,0,0,432,499,326,422,402,465,528,502,335,338,353,349,0,,
1,1775670461808,148,3575,12964,-5699372,-1123992,-783129,0,0,0,221,306,226,260,202,297,308,265,279,172,231,131,0,,
2,1775670461808,1124,1220,9868,289550,-103847,-75747,0,0,0,437,505,342,429,425,465,529,499,333,303,308,360,0,,
1,1775670461824,248,3196,14534,-5703037,-1248608,-686612,0,0,0,220,304,228,259,203,301,307,267,280,169,232,130,0,,
2,1775670461824,1100,1182,9868,278554,-139277,-70860,0,0,0,441,508,345,432,424,474,530,494,336,270,274,377,0,,
1,1775670461840,382,2914,16324,-5751907,-1323134,-542448,0,0,0,220,304,230,257,200,300,305,266,279,171,235,131,0,,
2,1775670461840,1052,1172,9930,283441,-160046,-69638,0,0,0,445,510,356,436,417,491,529,481,341,254,258,390,0,,
1,1775670461856,382,2388,18262,-5863084,-1314581,-453262,0,0,0,218,306,227,257,201,296,303,267,279,175,240,133,0,,
2,1775670461856,1000,1134,10007,301767,-161268,-69638,0,0,0,453,514,363,446,419,501,529,467,347,260,242,404,0,,
1,1775670461872,-105,1517,19693,-5915618,-1268156,-623082,0,0,0,216,308,232,254,207,301,297,270,282,169,240,134,0,,
2,1775670461872,961,1072,10050,326202,-140499,-74525,0,0,0,461,516,348,452,420,501,531,457,350,257,216,419,0,,
1,1775670461888,-641,449,21253,-5822767,-1274264,-1039692,0,0,0,216,310,232,253,206,301,300,271,284,169,244,130,0,,
2,1775670461888,985,1024,10074,356745,-118507,-80634,0,0,0,467,522,348,450,425,503,530,441,350,255,213,433,0,,
1,1775670461904,-1182,-985,23081,-5588195,-1288925,-1689653,0,0,0,217,308,230,255,204,303,306,267,284,174,238,132,0,,
2,1775670461904,1067,995,10098,399505,-118507,-91629,0,0,0,478,531,348,453,431,508,527,424,354,255,192,457,0,,
1,1775670461920,-2684,-4048,25163,-5370727,-1314581,-2343279,0,0,0,222,299,210,255,201,287,322,303,268,211,291,119,0,,
2,1775670461920,1134,952,10136,455705,-139277,-111177,0,0,0,486,538,346,457,447,509,521,406,353,254,187,470,0,,
1,1775670461936,-5829,-15199,27920,-4933347,-1370781,-2714685,0,0,0,237,292,215,274,195,289,337,277,273,235,259,115,0,,
2,1775670461936,1139,918,10260,520457,-147829,-134390,0,0,0,493,541,357,466,449,525,505,379,353,244,175,483,0,,
1,1775670461952,-7307,-28178,21947,-3359758,-1259604,-2167349,0,0,0,229,301,222,272,204,306,320,275,277,211,262,121,0,,
2,1775670461952,1234,928,10457,620639,-136833,-163711,0,0,0,499,543,361,474,450,517,492,357,364,256,171,504,0,,
1,1775670461968,-5283,-27073,16314,-2868623,-1582140,-1211956,0,0,0,229,304,212,273,208,298,324,288,271,221,277,125,0,,
2,1775670461968,1215,851,10715,755029,-94073,-202807,0,0,0,511,550,361,465,450,529,467,325,364,251,168,525,0,,
1,1775670461984,4905,-25991,16214,-3334102,-1772730,-574213,0,0,0,226,299,203,264,200,283,329,324,262,228,309,118,0,,
2,1775670461984,1167,713,11194,957836,-25656,-241902,0,0,0,516,555,346,483,469,539,440,301,364,256,165,546,0,,
1,1775670462000,11753,-35003,13811,-1621236,-432492,-243124,0,0,0,225,298,201,264,193,277,359,370,266,256,351,113,0,,
2,1775670462000,1402,550,11797,1208291,-43982,-263893,0,0,0,515,563,318,483,477,552,418,293,380,262,178,554,0,,
1,1775670462016,8432,-43579,11543,2041511,962723,190589,0,0,0,229,295,199,272,192,276,400,413,268,289,391,107,0,,
2,1775670462016,1631,330,12495,1558928,-186924,-312763,0,0,0,518,568,306,479,486,551,376,292,371,262,183,565,0,,
1,1775670462032,3082,-25891,16032,4741535,819781,476474,0,0,0,239,289,204,281,189,276,438,447,271,317,414,107,0,,
2,1775670462032,1225,368,13610,2041511,-329867,-361632,0,0,0,524,568,291,475,492,556,338,284,369,279,210,573,0,,
1,1775670462048,-1225,1698,20574,5023755,561996,642630,0,0,0,248,288,217,290,184,281,461,457,273,341,419,110,0,,
2,1775670462048,1076,698,14759,2596177,-406836,-338419,0,0,0,525,562,276,472,494,548,315,271,364,280,212,575,0,,
1,1775670462064,-3479,6834,21885,3926641,687834,938289,0,0,0,250,293,229,295,192,293,466,447,260,352,424,109,0,,
2,1775670462064,1780,904,15965,3169168,-456927,-353080,0,0,0,527,557,273,471,500,542,290,261,357,259,189,572,0,,
1,1775670462080,-4465,-1737,19918,2411695,510683,696386,0,0,0,258,304,248,293,201,307,460,443,265,345,421,123,0,,
2,1775670462080,2723,894,17717,3824016,-555887,-482583,0,0,0,528,551,278,472,500,535,268,243,360,246,172,550,0,,
1,1775670462096,-3661,-3900,13926,973719,138055,92851,0,0,0,275,311,244,317,212,318,464,452,268,346,421,119,0,,
2,1775670462096,3962,890,20014,4726875,-718377,-740368,0,0,0,520,539,274,467,496,518,257,213,361,240,159,502,0,,
1,1775670462112,-1861,1861,7585,543670,18325,-98960,0,0,0,301,309,259,336,218,335,474,445,263,368,428,137,0,,
2,1775670462112,5192,674,22574,5812993,-860098,-1103222,0,0,0,495,527,258,451,493,503,251,184,350,226,144,442,0,,
1,1775670462128,-1397,3005,6561,525344,54977,-39095,0,0,0,314,320,256,358,226,316,480,464,252,370,442,147,0,,
2,1775670462128,6149,507,24685,6831916,-862541,-1501506,0,0,0,448,511,248,427,468,479,255,174,329,205,134,387,0,,
1,1775670462144,-2368,253,9265,116064,145385,-59864,0,0,0,322,319,260,362,238,326,496,467,265,393,457,163,0,,
2,1775670462144,6905,875,25771,7599163,-564439,-1891238,0,0,0,374,490,226,401,440,443,274,198,309,181,132,332,0,,
1,1775670462160,-2861,258,10174,-376292,285884,-158824,0,0,0,327,315,261,366,233,334,505,468,269,388,474,158,0,,
2,1775670462160,6594,2048,26173,8096407,108734,-2305405,0,0,0,319,453,221,365,403,405,290,249,272,154,119,283,0,,
1,1775670462176,-2292,1732,10179,-329867,328645,-149051,0,0,0,330,332,281,369,244,364,513,476,272,410,479,176,0,,
2,1775670462176,6398,4091,24393,8409170,605978,-2740341,0,0,0,262,432,225,334,375,367,307,289,256,125,118,188,0,,
1,1775670462192,-1823,2182,10471,-70860,184481,-76969,0,0,0,333,342,289,375,267,371,517,483,275,424,481,191,0,,
2,1775670462192,7724,7001,17942,8109846,393397,-3112969,0,0,0,265,431,235,329,372,373,317,314,268,120,123,195,0,,
1,1775670462208,-2014,1703,10624,171042,-69638,-4886,0,0,0,338,344,306,379,267,379,521,481,286,424,485,205,0,,
2,1775670462208,6111,10509,12419,6697526,-851546,-3159395,0,0,0,269,435,236,334,375,378,312,309,267,121,124,197,0,,
1,1775670462224,-2349,1478,10284,238237,-180816,32986,0,0,0,340,350,322,382,260,390,523,478,300,421,485,214,0,,
2,1775670462224,4833,15089,10179,3141069,-2390926,-1742187,0,0,0,264,434,232,335,376,380,315,309,266,119,122,199,0,,
1,1775670462240,-2455,1378,9782,252898,-201585,69638,0,0,0,339,356,319,391,268,382,519,478,305,419,479,211,0,,
2,1775670462240,7063,15745,9107,-1312138,-2492330,287106,0,0,0,262,434,229,337,377,378,317,309,262,122,125,195,0,,
1,1775670462256,-2373,1349,9571,224798,-172263,91629,0,0,0,344,362,318,396,273,377,521,470,304,417,480,216,0,,
2,1775670462256,8365,9906,7973,-3726277,-1252273,1279151,0,0,0,255,434,229,335,378,377,318,312,262,120,125,194,0,,
1,1775670462272,-2421,1359,9652,199142,-142942,97738,0,0,0,344,370,316,391,286,371,523,467,311,416,480,223,0,,
2,1775670462272,7188,5173,6111,-4142888,-285884,1211956,0,0,0,249,434,228,336,384,380,320,314,264,121,125,194,0,,
1,1775670462288,-2517,1354,9700,185703,-89186,102625,0,0,0,347,380,287,402,307,373,519,464,315,412,472,222,0,,
2,1775670462288,4321,4178,4900,-3764151,243124,602313,0,0,0,246,435,233,338,388,386,321,313,265,130,139,199,0,,
1,1775670462304,-2402,1325,9686,174707,-36651,108734,0,0,0,347,374,286,401,290,383,519,442,315,403,462,227,0,,
2,1775670462304,2278,5738,5963,-4186870,403171,428827,0,0,0,245,436,236,336,384,386,321,313,266,140,158,200,0,,
1,1775670462320,-2278,1383,9719,186924,-28099,114842,0,0,0,340,380,283,396,293,377,516,431,315,385,451,232,0,,
2,1775670462320,1253,6446,7154,-4830722,476474,527787,0,0,0,247,436,232,337,381,381,322,314,266,142,163,194,0,,
1,1775670462336,-2306,1469,9734,246789,-57421,122173,0,0,0,340,395,283,393,295,393,512,431,334,432,419,251,0,,
2,1775670462336,1306,6044,7743,-5236336,598647,698829,0,0,0,247,437,232,339,383,381,320,313,264,142,162,194,0,,
1,1775670462352,-2359,1421,9672,310319,-65973,129503,0,0,0,341,392,288,400,298,408,511,416,340,386,415,264,0,,
2,1775670462352,1378,5585,8537,-5397605,940732,790459,0,0,0,245,437,232,339,383,383,319,315,262,142,160,194,0,,
1,1775670462368,-2349,1273,9619,331088,-45204,131946,0,0,0,345,399,293,399,312,417,507,414,348,388,412,283,0,,
2,1775670462368,827,5561,9920,-5579643,1227839,866206,0,0,0,246,437,232,339,383,382,323,317,265,138,154,192,0,,
1,1775670462384,-2330,1215,10442,263893,13439,125838,0,0,0,360,392,291,413,300,418,509,402,346,373,402,292,0,,
2,1775670462384,277,5436,11366,-5839871,1284038,971275,0,0,0,246,436,232,339,381,381,328,320,267,136,152,194,0,,
1,1775670462400,-2297,1210,10653,232128,40317,111177,0,0,0,362,396,288,420,294,410,506,379,338,364,384,306,0,,
2,1775670462400,86,5077,12620,-6070778,1304808,1047023,0,0,0,249,441,238,339,381,383,329,322,267,135,147,194,0,,
1,1775670462416,-2230,1162,9897,284663,8552,95294,0,0,0,357,409,282,417,313,407,504,357,347,366,362,321,0,,
2,1775670462416,81,4651,14041,-6262590,1350012,1062905,0,0,0,243,436,234,341,382,385,330,322,268,134,144,195,0,,
1,1775670462432,-2201,1091,9490,329867,-20769,91629,0,0,0,357,410,285,419,329,411,505,342,353,367,340,334,0,,
2,1775670462432,191,4182,15750,-6376211,1381777,1010371,0,0,0,247,439,237,342,382,385,332,322,269,130,144,194,0,,
1,1775670462448,-2244,1062,9657,351858,-31764,106290,0,0,0,356,404,296,419,326,425,502,328,350,362,319,343,0,,
2,1775670462448,483,3924,17755,-6467841,1397659,945619,0,0,0,248,440,239,344,385,388,333,322,269,130,139,191,0,,
1,1775670462464,-2340,1048,9815,395840,-31764,135612,0,0,0,353,412,294,411,323,439,496,308,352,353,304,340,0,,
2,1775670462464,918,4130,20287,-6626666,1430646,923628,0,0,0,246,440,239,343,382,386,329,315,267,147,163,194,0,,
1,1775670462480,-2402,981,9839,458148,-28099,174707,0,0,0,367,433,280,435,336,436,501,292,348,352,288,333,0,,
2,1775670462480,1229,3843,23139,-6834360,1485624,1043357,0,0,0,248,441,241,323,395,375,333,316,269,150,165,196,0,,
1,1775670462496,-2421,880,9825,527787,-23212,223576,0,0,0,384,446,283,449,337,420,505,278,367,348,277,358,0,,
2,1775670462496,1497,1679,26053,-6912551,1557706,1444085,0,0,0,251,441,242,329,389,374,334,313,269,154,167,196,0,,
1,1775670462512,-2483,842,9949,601091,-23212,272445,0,0,0,384,434,309,450,350,454,494,267,394,342,265,402,0,,
2,1775670462512,2153,-4388,28762,-6625444,1640784,1920560,0,0,0,249,439,240,344,379,381,332,307,268,161,175,195,0,,
1,1775670462528,-2598,851,10184,713490,-17104,339641,0,0,0,393,473,309,457,407,464,489,255,415,358,257,432,0,,
2,1775670462528,3584,-15415,30997,-6053674,1569923,2058615,0,0,0,248,438,238,348,381,385,332,304,269,165,181,194,0,,
1,1775670462544,-2636,722,10394,861319,-7330,419053,0,0,0,407,462,333,471,385,489,480,238,394,314,232,445,0,,
2,1775670462544,5250,-29121,28064,-5012760,1248608,1253495,0,0,0,249,439,240,348,379,385,333,304,273,168,185,195,0,,
1,1775670462560,-2555,536,10720,998153,-29321,481361,0,0,0,434,456,303,487,387,487,465,229,394,302,212,456,0,,
2,1775670462560,2220,-38755,22167,-3346319,1298699,-23212,0,0,0,252,440,242,347,377,383,337,306,276,165,180,193,0,,
1,1775670462576,-2321,363,11328,1200961,-100181,516791,0,0,0,429,474,265,505,408,491,439,223,411,309,230,496,0,,
2,1775670462576,-6590,-41220,18190,-1328021,1285260,-1054353,0,0,0,252,442,240,350,379,386,339,308,273,164,180,194,0,,
1,1775670462592,-2086,311,12036,1500285,-179594,496022,0,0,0,440,494,242,515,456,490,407,225,415,304,227,513,0,,
2,1775670462592,-9341,-39985,17319,194255,216246,-1167974,0,0,0,250,441,237,350,383,386,352,328,269,170,203,192,0,,
1,1775670462608,-2033,311,12639,1875356,-219911,449596,0,0,0,441,506,233,510,460,504,381,221,408,292,210,529,0,,
2,1775670462608,-5704,-33759,17784,1626123,-844215,-1134987,0,0,0,248,435,241,350,385,384,385,432,263,169,218,181,0,,
1,1775670462624,-2531,210,12916,2243097,-190589,445931,0,0,0,443,497,221,524,454,510,352,215,415,294,203,543,0,,
2,1775670462624,-148,-3752,19090,2901609,-1919338,-868650,0,0,0,238,409,194,351,376,359,435,466,253,170,234,170,0,,
1,1775670462640,-3235,23,13476,2739119,-155159,537561,0,0,0,462,479,219,530,474,514,319,209,426,295,203,544,0,,
2,1775670462640,6173,25053,11993,3404962,-2981022,-125838,0,0,0,251,398,200,351,364,370,466,479,255,210,287,172,0,,
1,1775670462656,-3723,57,14687,3321885,-125838,700051,0,0,0,462,468,226,509,496,520,281,204,417,272,199,541,0,,
2,1775670462656,5881,18693,6427,4158770,-2767219,840550,0,0,0,252,398,200,359,364,385,488,495,268,229,326,170,0,,
1,1775670462672,-5001,196,16061,4010941,-10995,923628,0,0,0,422,456,214,490,484,498,234,199,398,233,186,525,0,,
2,1775670462672,-2407,-622,16554,5230228,-1246165,1084896,0,0,0,254,406,217,361,361,390,503,505,281,219,326,176,0,,
1,1775670462688,-6752,368,17769,4737870,186924,1275486,0,0,0,417,433,224,437,436,488,212,181,387,193,153,470,0,,
2,1775670462688,-7178,-6207,24398,4872261,-335975,357967,0,0,0,263,417,242,372,363,404,513,520,289,245,346,193,0,,
1,1775670462704,-8580,339,20933,5594303,415388,1781283,0,0,0,416,401,238,409,373,468,181,153,363,160,113,383,0,,
2,1775670462704,-2301,105,20162,3329215,-268780,-485026,0,0,0,276,437,269,385,381,419,525,531,300,248,341,224,0,,
1,1775670462720,-10327,272,24268,6466619,679282,2321287,0,0,0,402,367,190,400,342,441,181,156,347,164,120,316,0,,
2,1775670462720,2818,2407,14668,1852143,-108734,-511905,0,0,0,295,455,283,394,397,434,537,539,317,244,326,261,0,,
1,1775670462736,-11021,134,26259,7192327,907745,2819753,0,0,0,324,356,215,350,303,394,197,171,328,147,122,262,0,,
2,1775670462736,3110,641,11548,839328,30543,34208,0,0,0,318,468,286,402,400,442,542,549,320,276,348,284,0,,
1,1775670462752,-8557,1115,28241,7731110,1067792,3208264,0,0,0,252,327,209,291,255,336,229,210,300,139,167,191,0,,
2,1775670462752,971,583,10466,355523,14660,191811,0,0,0,336,475,290,408,398,444,538,557,311,330,400,295,0,,
1,1775670462768,-8164,2847,27973,8087855,1461189,3265685,0,0,0,243,291,217,257,199,291,276,240,277,151,202,144,0,,
2,1775670462768,488,1387,10256,188146,-35430,98960,0,0,0,348,476,296,413,400,447,539,561,312,362,429,302,0,,
1,1775670462784,-11002,6771,19401,8051203,1663996,3237585,0,0,0,232,292,225,247,199,288,288,259,271,153,230,130,0,,
2,1775670462784,1067,2024,10294,138055,-75747,-6108,0,0,0,362,480,303,418,399,449,543,560,316,360,419,308,0,,
1,1775670462800,-11782,10485,10959,7131240,1342681,3005456,0,0,0,225,297,226,248,202,294,287,261,274,154,232,131,0,,
2,1775670462800,1148,1947,10189,146607,-68416,4886,0,0,0,365,481,303,419,399,449,542,557,315,349,403,316,0,,
1,1775670462816,-8265,14989,9724,4014606,623082,1336573,0,0,0,226,297,224,253,200,294,289,257,274,158,226,130,0,,
2,1775670462816,995,1866,10098,183259,-84299,3665,0,0,0,374,485,308,426,404,455,548,551,323,309,355,325,0,,
1,1775670462832,-4546,17090,9648,-196698,472809,-1207069,0,0,0,228,297,221,257,201,292,292,256,270,161,224,128,0,,
2,1775670462832,780,1923,10131,228463,-72082,-19547,0,0,0,379,489,309,423,399,460,545,541,326,374,420,338,0,,
1,1775670462848,-4958,13041,7949,-3068986,984714,-2959031,0,0,0,226,296,221,257,198,290,297,257,270,162,224,128,0,,
2,1775670462848,689,1981,10150,278554,-1221,-42760,0,0,0,386,490,312,429,399,460,545,531,317,314,343,345,0,,
1,1775670462864,-7954,7322,4781,-3660304,827111,-2704911,0,0,0,221,301,223,254,201,290,303,261,274,160,226,128,0,,
2,1775670462864,770,1933,10050,338419,100181,-56199,0,0,0,390,490,305,430,400,463,543,523,325,274,287,356,0,,
1,1775670462880,-7901,4469,3297,-3582113,-109955,-1529606,0,0,0,216,301,223,253,202,292,308,266,275,157,226,128,0,,
2,1775670462880,942,1799,9873,384845,131946,-65973,0,0,0,401,490,308,434,415,464,543,517,332,256,253,370,0,,
1,1775670462896,-4422,5005,4757,-3758042,-544891,-675616,0,0,0,216,302,223,251,200,289,308,268,274,158,228,128,0,,
2,1775670462896,1076,1708,9796,409279,105068,-76969,0,0,0,411,493,307,433,408,466,540,502,333,248,237,380,0,,
1,1775670462912,-1880,5709,6762,-4349360,-333532,-266337,0,0,0,217,303,230,251,200,290,309,269,278,158,228,129,0,,
2,1775670462912,1172,1651,9815,412944,25656,-87964,0,0,0,417,497,310,431,403,469,539,492,338,256,240,390,0,,
1,1775670462928,-1962,5541,8078,-5059185,-47647,-285884,0,0,0,217,301,228,251,198,290,311,270,282,161,230,131,0,,
2,1775670462928,1253,1608,9825,419053,-59864,-91629,0,0,0,424,503,309,437,410,476,537,481,346,250,225,402,0,,
1,1775670462944,-2392,4718,9150,-5626068,-357967,-365297,0,0,0,213,296,237,250,197,299,304,263,283,163,228,134,0,,
2,1775670462944,1220,1526,9825,428827,-153938,-95294,0,0,0,431,509,310,441,412,479,539,469,345,247,209,415,0,,
1,1775670462960,-1703,4216,10375,-5968153,-773355,-469144,0,0,0,216,300,240,248,197,297,305,266,284,159,231,132,0,,
2,1775670462960,1048,1440,9863,422718,-196698,-97738,0,0,0,436,512,313,442,410,480,539,459,341,252,204,429,0,,
1,1775670462976,-760,3761,11739,-6200282,-974940,-652404,0,0,0,217,299,243,248,197,300,306,265,284,162,232,135,0,,
2,1775670462976,885,1392,9901,406836,-194255,-94073,0,0,0,440,513,314,447,416,487,534,453,344,250,196,442,0,,
1,1775670462992,-1005,2924,13108,-6331007,-1017701,-811229,0,0,0,220,297,243,250,197,301,311,267,285,160,230,135,0,,
2,1775670462992,880,1354,9916,397062,-158824,-84299,0,0,0,447,516,315,451,423,491,533,445,355,249,189,453,0,,
1,1775670463008,-1775,2167,14826,-6389650,-1193630,-808785,0,0,0,218,298,245,251,197,303,314,272,288,160,229,135,0,,
2,1775670463008,938,1258,9925,401949,-139277,-81855,0,0,0,453,517,312,455,426,488,536,428,371,254,187,466,0,,
1,1775670463024,-1976,1847,16989,-6455623,-1433089,-618195,0,0,0,216,300,242,253,200,303,314,274,287,161,228,134,0,,
2,1775670463024,995,1143,10002,416610,-136833,-95294,0,0,0,467,524,321,462,435,494,526,419,357,260,186,480,0,,
1,1775670463040,-1770,1306,19559,-6597344,-1582140,-433714,0,0,0,216,302,240,255,204,301,313,275,284,161,228,132,0,,
2,1775670463040,1033,1105,10141,448375,-147829,-123394,0,0,0,472,526,322,469,446,500,513,396,361,264,182,492,0,,
1,1775670463056,-1765,291,21741,-6675535,-1519832,-571769,0,0,0,213,303,246,252,204,305,308,273,285,161,230,133,0,,
2,1775670463056,1110,1091,10260,497244,-166155,-161268,0,0,0,482,534,322,478,458,503,513,388,368,275,189,515,0,,
1,1775670463072,-2718,-1206,24402,-6558249,-1423316,-1169196,0,0,0,211,303,249,250,204,311,305,269,284,163,231,136,0,,
2,1775670463072,1158,1057,10346,566882,-196698,-206472,0,0,0,488,539,333,477,455,508,503,358,368,307,224,513,0,,
1,1775670463088,-4493,-3330,27317,-6240599,-1525941,-2118480,0,0,0,212,303,249,250,203,310,305,270,288,162,232,138,0,,
2,1775670463088,1072,942,10418,641408,-206472,-243124,0,0,0,502,549,329,479,458,509,502,335,375,279,184,532,0,,
1,1775670463104,-6154,-9222,30246,-5915618,-1797165,-3029891,0,0,0,212,304,249,251,199,308,304,264,287,162,231,134,0,,
2,1775670463104,1105,775,10509,717155,-183259,-273667,0,0,0,499,546,326,484,466,522,475,311,382,262,169,545,0,,
1,1775670463120,-7470,-19315,30519,-5674938,-1813048,-3275459,0,0,0,210,304,240,252,208,308,296,264,288,168,237,135,0,,
2,1775670463120,1512,612,10758,836885,-123394,-337197,0,0,0,496,545,318,483,473,523,449,288,384,266,173,565,0,,
1,1775670463136,-6025,-30954,25441,-5120272,-1727526,-2289522,0,0,0,210,304,244,257,208,314,300,263,288,167,235,134,0,,
2,1775670463136,1962,502,11237,1011592,-20769,-458148,0,0,0,507,550,317,495,482,533,425,268,384,269,176,575,0,,
1,1775670463152,1378,-38750,19133,-3841120,-1875356,-857654,0,0,0,213,307,244,259,209,315,303,261,286,167,232,129,0,,
2,1775670463152,1880,469,11993,1281595,136833,-624304,0,0,0,520,556,316,497,496,541,400,263,386,269,178,579,0,,
1,1775670463168,11203,-41392,14802,-1919338,-1507615,386066,0,0,0,214,308,244,259,205,312,307,259,279,175,241,130,0,,
2,1775670463168,540,636,13046,1703092,146607,-654847,0,0,0,531,562,320,495,511,552,368,264,385,262,175,588,0,,
1,1775670463184,12792,-41756,14199,-217468,-92851,1128878,0,0,0,219,297,233,259,202,298,327,302,279,203,295,123,0,,
2,1775670463184,43,746,13816,2217440,8552,-531452,0,0,0,536,561,303,496,518,557,338,261,382,260,176,592,0,,
1,1775670463200,9145,-35706,16252,1304808,1505171,1479515,0,0,0,229,278,197,266,192,269,384,367,262,256,359,104,0,,
2,1775670463200,914,698,14414,2740341,-101403,-431270,0,0,0,533,555,267,490,512,543,315,257,378,267,181,591,0,,
1,1775670463216,-1536,-7269,16214,3071430,3101973,1255938,0,0,0,234,270,157,267,198,240,435,426,238,289,396,86,0,,
2,1775670463216,1742,641,15357,3279124,-189368,-465479,0,0,0,528,560,262,483,505,536,288,248,373,264,176,587,0,,
1,1775670463232,-9246,17798,13505,3847229,3632204,585208,0,0,0,238,265,141,269,194,229,456,459,231,304,410,78,0,,
2,1775670463232,2584,607,16735,4008497,-370184,-571769,0,0,0,521,563,265,470,506,532,262,224,377,255,174,570,0,,
1,1775670463248,-5628,10217,12926,4388455,2910161,-227241,0,0,0,244,257,144,284,168,244,469,469,245,335,419,81,0,,
2,1775670463248,4249,373,18573,4823391,-585208,-799011,0,0,0,523,550,269,469,501,522,251,188,376,253,165,543,0,,
1,1775670463264,847,-1191,16630,4890587,1706757,-730594,0,0,0,245,261,149,299,174,274,484,484,259,379,433,88,0,,
2,1775670463264,6154,-205,21502,5828876,-790459,-1197295,0,0,0,516,531,276,472,491,529,255,172,373,227,146,481,0,,
1,1775670463280,4642,-3828,20267,4122118,637743,-482583,0,0,0,245,259,164,314,186,297,503,503,268,388,447,95,0,,
2,1775670463280,8092,-1617,25532,6908885,-778242,-1723861,0,0,0,487,513,259,456,483,502,245,160,345,212,134,406,0,,
1,1775670463296,650,-306,17348,2302961,514348,133168,0,0,0,249,269,201,330,198,304,514,514,284,380,457,113,0,,
2,1775670463296,9437,-2254,28016,7779979,-260228,-2300518,0,0,0,416,490,231,424,462,471,256,170,318,190,126,367,0,,
1,1775670463312,-2550,890,13323,1148426,460592,155159,0,0,0,242,279,225,338,202,359,519,519,315,414,463,139,0,,
2,1775670463312,9471,-899,29624,8569217,471587,-2970026,0,0,0,360,459,220,380,423,434,270,206,286,166,124,319,0,,
1,1775670463328,-2167,339,10811,728151,338419,-171042,0,0,0,252,280,218,354,208,344,536,536,308,425,479,163,0,,
2,1775670463328,7891,2536,30485,9022479,1180191,-3618765,0,0,0,289,432,227,343,383,384,295,248,264,128,107,227,0,,
1,1775670463344,-727,71,11050,505796,168598,-212581,0,0,0,275,282,225,364,209,356,545,549,311,432,496,181,0,,
2,1775670463344,6666,6815,25139,8610756,752585,-3971845,0,0,0,271,427,237,326,365,369,307,280,262,115,107,196,0,,
1,1775670463360,-737,622,11131,333532,42760,-127059,0,0,0,290,291,229,371,211,353,561,551,323,429,493,206,0,,
2,1775670463360,6465,9959,17147,7852061,-768468,-4103792,0,0,0,273,429,240,324,365,372,308,301,263,113,113,192,0,,
1,1775670463376,-1253,1067,10591,291993,0,-52534,0,0,0,300,296,234,373,211,369,571,542,330,437,487,224,0,,
2,1775670463376,6034,14472,11246,6070778,-2619390,-3353650,0,0,0,272,429,235,328,368,372,308,301,259,113,113,191,0,,
1,1775670463392,-1359,1057,10179,311541,8552,-18325,0,0,0,311,313,240,390,229,376,570,527,338,444,492,245,0,,
2,1775670463392,6508,20775,6709,1857030,-2932153,-1276708,0,0,0,274,431,231,331,367,368,312,300,258,134,124,192,0,,
1,1775670463408,-1148,985,10208,337197,6108,2443,0,0,0,320,328,244,393,237,379,567,512,345,448,479,263,0,,
2,1775670463408,7044,17707,7303,-3547905,-1718974,1280373,0,0,0,273,433,231,331,366,367,314,300,258,145,144,195,0,,
1,1775670463424,-1033,1038,10342,370184,-34208,29321,0,0,0,325,341,242,386,246,381,565,492,345,438,460,278,0,,
2,1775670463424,7083,9428,8107,-5971818,-981049,2381152,0,0,0,270,433,232,330,366,367,312,299,257,139,159,197,0,,
1,1775670463440,-1067,1062,10327,423940,-96516,52534,0,0,0,325,349,240,386,262,383,565,471,346,416,448,299,0,,
2,1775670463440,6886,3340,6178,-5511226,-821002,1915673,0,0,0,266,433,232,332,369,372,313,303,258,144,170,195,0,,
1,1775670463456,-1129,933,10131,460592,-149051,64751,0,0,0,327,342,238,387,257,392,566,450,350,401,429,321,0,,
2,1775670463456,6269,3177,4441,-4741535,-514348,982271,0,0,0,255,434,230,333,372,375,313,306,258,148,177,196,0,,
1,1775670463472,-1172,799,9954,461814,-182037,70860,0,0,0,341,328,226,393,249,400,567,423,349,389,412,326,0,,
2,1775670463472,4991,4335,5034,-4747644,-2443,342084,0,0,0,257,438,236,330,371,373,311,309,258,143,173,193,0,,
1,1775670463488,-1201,674,9844,428827,-205250,76969,0,0,0,346,332,232,408,249,414,553,421,354,387,409,345,0,,
2,1775670463488,3512,5149,7135,-5282762,412944,145385,0,0,0,252,435,235,332,373,376,315,310,259,142,166,193,0,,
1,1775670463504,-1273,612,9782,390953,-215024,85521,0,0,0,338,332,225,423,258,407,552,405,347,366,414,330,0,,
2,1775670463504,2895,5116,8748,-5716476,670730,274889,0,0,0,252,437,235,332,373,375,315,310,258,142,166,193,0,,
1,1775670463520,-1354,598,9767,357967,-206472,95294,0,0,0,337,338,227,416,260,411,550,403,357,361,374,342,0,,
2,1775670463520,2986,4790,9667,-5922949,960280,544891,0,0,0,250,438,234,330,371,375,311,307,254,148,180,193,0,,
1,1775670463536,-1421,603,9791,339641,-175929,107512,0,0,0,335,336,232,414,266,422,550,380,361,351,365,359,0,,
2,1775670463536,2995,4283,10772,-6036570,1352455,935845,0,0,0,250,435,232,328,367,371,307,303,253,156,195,191,0,,
1,1775670463552,-1435,588,9801,334754,-135612,114842,0,0,0,326,356,223,409,295,415,551,374,358,343,344,363,0,,
2,1775670463552,2641,3900,12548,-6156299,1612684,1363451,0,0,0,249,435,233,327,367,371,310,300,253,163,203,191,0,,
1,1775670463568,-1411,550,9810,335975,-96516,113620,0,0,0,323,375,227,401,304,413,548,361,359,332,333,371,0,,
2,1775670463568,2732,3723,14405,-6327342,1726305,1721418,0,0,0,251,435,236,328,369,376,313,302,259,163,205,192,0,,
1,1775670463584,-1335,488,9863,339641,-80634,105068,0,0,0,345,352,230,416,278,421,554,348,363,327,305,377,0,,
2,1775670463584,3517,3306,16688,-6597344,1822821,1903456,0,0,0,251,433,235,328,368,376,313,302,258,165,207,193,0,,
1,1775670463600,-1273,382,9940,350636,-96516,100181,0,0,0,358,336,225,421,271,428,557,325,368,323,283,383,0,,
2,1775670463600,4125,2670,19033,-6827029,1933999,1852143,0,0,0,251,433,235,328,367,374,314,302,257,165,205,192,0,,
1,1775670463616,-1296,296,9978,377514,-145385,118507,0,0,0,359,340,225,425,277,430,554,312,374,319,277,397,0,,
2,1775670463616,4312,2258,22091,-7002959,2012190,1653001,0,0,0,251,435,238,329,367,374,316,303,257,163,196,192,0,,
1,1775670463632,-1368,239,9983,417831,-194255,151494,0,0,0,361,344,228,428,281,431,557,305,383,315,270,418,0,,
2,1775670463632,4489,2086,25613,-7127575,2026850,1530828,0,0,0,252,436,238,330,367,375,319,304,258,158,185,191,0,,
1,1775670463648,-1579,229,9949,459370,-216246,193033,0,0,0,366,346,227,429,286,439,565,289,395,310,250,438,0,,
2,1775670463648,4958,966,29528,-7221648,2028072,1598023,0,0,0,251,435,237,331,367,375,323,306,262,149,173,190,0,,
1,1775670463664,-1952,258,9992,507018,-221133,255341,0,0,0,369,357,230,443,296,451,564,277,405,304,226,457,0,,
2,1775670463664,4570,-4216,32175,-7147123,2279749,1874134,0,0,0,251,437,237,336,369,378,330,308,266,143,158,190,0,,
1,1775670463680,-2273,244,10260,576656,-241902,360410,0,0,0,372,370,236,454,313,456,568,256,406,291,206,472,0,,
2,1775670463680,3278,-14304,33792,-6747617,2553416,2061059,0,0,0,256,437,238,343,373,383,336,310,271,143,152,192,0,,
1,1775670463696,-2392,100,10820,715934,-360410,514348,0,0,0,369,387,234,448,335,474,571,235,401,276,186,489,0,,
2,1775670463696,2727,-29078,31337,-5806884,2243097,1704314,0,0,0,258,440,238,345,374,389,337,309,274,144,151,193,0,,
1,1775670463712,-2268,-28,11366,906524,-515570,657290,0,0,0,397,393,224,464,363,486,564,224,412,276,186,507,0,,
2,1775670463712,224,-40703,23081,-4092797,1837482,329867,0,0,0,256,439,234,347,375,390,337,306,275,147,158,195,0,,
1,1775670463728,-1742,-86,11844,1133765,-604756,726929,0,0,0,412,402,231,476,370,505,523,227,439,266,180,530,0,,
2,1775670463728,-7475,-45962,17492,-2091602,1577254,-1243721,0,0,0,257,439,238,347,375,388,341,310,279,147,159,193,0,,
1,1775670463744,-746,-81,12347,1524719,-508239,634078,0,0,0,432,400,230,474,370,522,498,227,429,267,167,539,0,,
2,1775670463744,-14414,-46039,17080,-421497,704938,-2004859,0,0,0,257,436,238,341,369,381,340,319,271,163,188,191,0,,
1,1775670463760,-588,-172,12730,1942551,-414166,474031,0,0,0,434,411,218,473,362,549,443,209,443,263,164,546,0,,
2,1775670463760,-11854,-39435,19119,1248608,-722042,-1717753,0,0,0,255,425,235,345,369,377,391,423,265,181,240,168,0,,
1,1775670463776,-1636,-349,13352,2427578,-453262,398284,0,0,0,443,417,198,480,383,549,397,203,452,250,161,557,0,,
2,1775670463776,-3603,-11457,22636,2970026,-2204001,-1077566,0,0,0,245,396,199,346,358,361,443,465,257,178,248,168,0,,
1,1775670463792,-2794,-507,14228,2983465,-485026,486248,0,0,0,440,419,202,494,390,560,352,206,461,242,149,549,0,,
2,1775670463792,5872,23096,14730,3442836,-3459940,-238237,0,0,0,253,372,184,343,337,362,475,480,263,196,285,165,0,,
1,1775670463808,-3067,-507,15549,3626096,-458148,680503,0,0,0,465,406,193,501,376,556,313,184,465,241,128,541,0,,
2,1775670463808,6867,20770,7016,4243069,-3629761,502131,0,0,0,257,370,192,349,335,377,491,490,275,200,301,168,0,,
1,1775670463824,-3814,-220,17693,4470311,-505796,894306,0,0,0,459,382,197,468,367,549,243,162,442,203,106,510,0,,
2,1775670463824,-1622,-2957,13764,5848423,-1974316,922406,0,0,0,261,384,201,364,344,388,507,507,287,211,324,179,0,,
1,1775670463840,-6259,-358,20684,5475796,-753807,1240056,0,0,0,425,365,203,424,360,530,194,142,418,158,89,451,0,,
2,1775670463840,-5642,-5656,24225,5172806,-537561,377514,0,0,0,274,407,238,375,354,400,525,527,295,247,359,193,0,,
1,1775670463856,-9222,-1076,24039,6448293,-1076344,1731192,0,0,0,379,353,187,393,343,478,187,131,385,142,87,377,0,,
2,1775670463856,-1268,-38,23551,3004235,-237015,-332310,0,0,0,289,429,278,385,368,417,535,546,302,324,407,217,0,,
1,1775670463872,-10098,-1191,28667,7423234,-1103222,2436130,0,0,0,311,340,178,353,315,416,189,155,333,135,102,300,0,,
2,1775670463872,3508,2383,15281,1236391,-339641,-233350,0,0,0,308,442,292,399,380,433,538,560,308,376,443,247,0,,
1,1775670463888,-9303,287,31246,7927809,-555887,2849075,0,0,0,267,323,187,308,272,359,220,197,300,131,142,222,0,,
2,1775670463888,2144,851,10557,730594,-229685,168598,0,0,0,333,453,304,409,384,442,544,564,310,379,454,263,0,,
1,1775670463904,-9614,3374,31418,8276002,-116064,3188716,0,0,0,239,278,190,274,209,299,265,247,257,132,218,126,0,,
2,1775670463904,536,157,10126,481361,-106290,207694,0,0,0,350,458,313,414,386,445,549,564,314,420,475,270,0,,
1,1775670463920,-10370,8600,24953,8383514,502131,3435506,0,0,0,255,272,215,256,174,278,303,250,272,152,211,126,0,,
2,1775670463920,1000,1091,10801,230907,-112399,34208,0,0,0,363,466,324,413,391,443,554,568,319,413,463,279,0,,
1,1775670463936,-10629,12610,14347,7853283,1657888,3496592,0,0,0,250,272,211,266,179,283,304,248,275,159,211,126,0,,
2,1775670463936,1349,1641,10524,90408,-118507,-18325,0,0,0,367,475,328,407,406,440,554,567,313,405,463,279,0,,
1,1775670463952,-10586,13682,9767,5387831,2105041,2873510,0,0,0,238,275,220,262,182,293,301,248,277,156,210,132,0,,
2,1775670463952,1340,1718,10088,57421,-80634,-12217,0,0,0,369,468,328,412,384,448,557,569,325,397,463,280,0,,
1,1775670463968,-7504,16166,9777,1109331,1488067,1251052,0,0,0,241,282,217,262,183,289,299,248,271,156,207,128,0,,
2,1775670463968,1210,1713,10059,94073,-59864,-18325,0,0,0,369,470,321,412,387,448,557,563,325,397,458,285,0,,
1,1775670463984,-4221,14199,9418,-2626720,1683544,-702495,0,0,0,230,284,212,262,193,288,301,249,267,156,212,128,0,,
2,1775670463984,1095,1876,10107,175929,-39095,-42760,0,0,0,374,469,318,418,387,451,552,540,323,444,494,300,0,,
1,1775670464000,-5235,8734,6398,-4354247,2432465,-1695761,0,0,0,223,285,208,261,197,285,304,250,264,158,215,127,0,,
2,1775670464000,1052,1981,10112,307876,18325,-65973,0,0,0,388,473,318,424,391,455,554,534,327,368,401,316,0,,
1,1775670464016,-8408,5226,3713,-4288273,1975538,-1125213,0,0,0,222,289,210,258,193,284,305,252,264,162,219,129,0,,
2,1775670464016,1134,1794,10011,428827,89186,-75747,0,0,0,394,476,322,423,395,457,552,529,332,265,281,342,0,,
1,1775670464032,-8432,4211,3493,-4354247,807563,-312763,0,0,0,222,293,215,257,190,286,305,254,267,166,223,133,0,,
2,1775670464032,1249,1588,9901,469144,116064,-79412,0,0,0,397,476,316,424,393,460,547,516,332,235,240,351,0,,
1,1775670464048,-5833,4527,5163,-4746422,270002,26878,0,0,0,223,294,216,259,194,288,305,255,267,167,225,131,0,,
2,1775670464048,1344,1464,9801,452040,94073,-79412,0,0,0,406,480,317,425,392,465,543,502,333,239,232,363,0,,
1,1775670464064,-4350,4546,6939,-5302310,316428,-73303,0,0,0,223,294,216,260,195,286,305,257,265,165,225,128,0,,
2,1775670464064,1450,1430,9748,433714,47647,-78190,0,0,0,417,485,319,431,396,470,540,491,336,244,226,375,0,,
1,1775670464080,-5398,4039,7973,-5765346,313984,-463035,0,0,0,222,292,216,259,192,286,305,257,265,165,225,128,0,,
2,1775670464080,1531,1397,9767,423940,-35430,-81855,0,0,0,427,490,319,434,399,471,540,480,339,244,218,384,0,,
1,1775670464096,-6140,3369,9155,-6168517,-268780,-846659,0,0,0,222,291,217,260,192,288,306,257,267,166,226,130,0,,
2,1775670464096,1454,1320,9806,409279,-114842,-94073,0,0,0,434,495,321,432,397,472,537,467,342,240,208,394,0,,
1,1775670464112,-5786,2574,10629,-6487388,-853989,-1188743,0,0,0,220,290,216,261,196,288,311,261,267,164,224,128,0,,
2,1775670464112,1273,1244,9853,386066,-145385,-102625,0,0,0,436,497,322,435,399,478,532,454,347,236,197,405,0,,
1,1775670464128,-5393,1526,12294,-6599788,-1196074,-1422094,0,0,0,220,291,216,259,194,289,309,260,268,166,228,129,0,,
2,1775670464128,1249,1239,9877,375071,-128281,-95294,0,0,0,440,498,326,445,406,486,536,445,355,238,187,414,0,,
1,1775670464144,-5474,885,14065,-6586349,-1480737,-1452637,0,0,0,224,293,221,259,191,288,304,256,268,164,227,124,0,,
2,1775670464144,1273,1206,9877,376292,-117286,-85521,0,0,0,449,505,327,450,412,489,526,430,360,238,180,426,0,,
1,1775670464160,-5489,665,16549,-6591235,-1799608,-1262047,0,0,0,223,291,216,259,191,287,307,256,269,167,227,124,0,,
2,1775670464160,1258,1119,9882,381179,-111177,-76969,0,0,0,451,511,327,451,412,489,530,425,359,246,180,439,0,,
1,1775670464176,-5106,339,19459,-6698748,-1987755,-1014036,0,0,0,224,292,219,259,191,287,298,253,272,165,228,124,0,,
2,1775670464176,1296,1043,9959,398284,-96516,-76969,0,0,0,461,512,329,457,421,494,530,413,367,253,183,456,0,,
1,1775670464192,-5130,-205,22306,-6772052,-2054950,-934623,0,0,0,225,293,221,261,192,286,305,256,269,165,226,120,0,,
2,1775670464192,1368,995,10045,427605,-83077,-91629,0,0,0,474,517,337,458,424,500,527,393,373,245,169,476,0,,
1,1775670464208,-5891,-1229,25455,-6677978,-2120924,-1241278,0,0,0,226,295,223,263,191,284,310,256,269,162,218,118,0,,
2,1775670464208,1464,933,10088,470366,-68416,-123394,0,0,0,480,522,338,462,431,509,517,364,374,256,165,487,0,,
1,1775670464224,-6733,-3235,28805,-6500827,-2313957,-1860695,0,0,0,227,295,226,265,190,286,312,256,270,163,216,121,0,,
2,1775670464224,1622,851,10131,515570,-42760,-173485,0,0,0,489,529,340,466,443,511,507,332,370,263,175,507,0,,
1,1775670464240,-7398,-8116,31916,-6306572,-2755002,-2724458,0,0,0,226,295,224,267,192,288,310,255,270,165,217,122,0,,
2,1775670464240,1813,751,10260,571769,-4886,-254119,0,0,0,493,533,335,474,452,518,507,311,372,265,171,524,0,,
1,1775670464256,-7240,-18210,31887,-6086661,-3059213,-3070208,0,0,0,221,297,219,267,196,291,309,255,273,167,218,120,0,,
2,1775670464256,1880,717,10614,670730,10995,-346971,0,0,0,496,536,349,482,457,522,491,287,375,265,167,537,0,,
1,1775670464272,-5695,-29748,27484,-5583308,-2932153,-2509434,0,0,0,217,303,217,264,202,295,312,257,279,172,221,123,0,,
2,1775670464272,1789,780,11270,868650,-24434,-421497,0,0,0,501,538,341,487,464,520,469,265,378,280,178,556,0,,
1,1775670464288,626,-40875,20023,-4338364,-2702467,-977384,0,0,0,218,315,215,265,208,293,312,258,277,171,225,122,0,,
2,1775670464288,1665,760,11883,1204626,-83077,-453262,0,0,0,508,544,328,489,474,525,441,247,382,295,189,568,0,,
1,1775670464304,12433,-46561,15204,-2245540,-1682322,839328,0,0,0,220,316,213,267,211,290,312,259,277,171,226,120,0,,
2,1775670464304,1316,660,12323,1578475,-83077,-466701,0,0,0,513,549,319,493,484,533,410,236,386,285,184,576,0,,
1,1775670464320,15372,-46341,14591,-307876,270002,1865582,0,0,0,222,315,212,271,212,289,319,266,269,172,229,117,0,,
2,1775670464320,1038,521,12897,2001194,-58643,-433714,0,0,0,510,548,290,500,498,539,389,240,387,263,172,596,0,,
1,1775670464336,10193,-40655,15769,1241278,1743409,2183232,0,0,0,220,303,210,270,202,286,329,293,268,196,274,111,0,,
2,1775670464336,1579,445,13945,2515543,-86742,-408057,0,0,0,513,548,279,498,505,546,362,240,393,268,178,600,0,,
1,1775670464352,1627,-24757,19186,2731789,2394591,1907121,0,0,0,228,296,210,276,199,273,393,373,255,256,355,88,0,,
2,1775670464352,2330,392,14950,3116634,-134390,-471587,0,0,0,518,545,258,496,497,536,322,229,397,275,182,596,0,,
1,1775670464368,-6389,13127,21028,3665191,2594955,1053131,0,0,0,240,268,161,282,184,243,444,444,232,313,399,83,0,,
2,1775670464368,2579,339,15826,3800803,-133168,-641408,0,0,0,518,547,251,484,502,534,283,208,390,268,177,602,0,,
1,1775670464384,-9748,35831,12251,3127630,2736676,-279776,0,0,0,247,262,167,284,168,245,459,460,238,355,418,83,0,,
2,1775670464384,3134,330,17554,4652349,-72082,-829554,0,0,0,517,538,248,483,509,544,263,186,401,253,165,574,0,,
1,1775670464400,-4474,14989,9667,3954741,2280970,-972497,0,0,0,255,262,178,295,170,256,474,473,247,395,429,85,0,,
2,1775670464400,4891,425,20483,5634620,-64751,-1094670,0,0,0,513,523,251,466,476,528,261,160,391,254,157,535,0,,
1,1775670464416,3560,-6121,20114,5020090,839328,-739146,0,0,0,253,269,194,303,183,277,484,483,257,400,438,92,0,,
2,1775670464416,6618,402,24637,6659652,-142942,-1462411,0,0,0,471,499,244,459,466,519,250,152,375,217,140,436,0,,
1,1775670464432,3881,-6068,23192,3767816,-90408,146607,0,0,0,252,282,218,312,197,302,493,493,272,408,446,109,0,,
2,1775670464432,8054,713,28978,7670023,-21991,-1866804,0,0,0,404,473,224,436,451,486,268,158,352,200,134,374,0,,
1,1775670464448,-1914,1105,16544,2046398,-272445,654847,0,0,0,272,294,235,336,206,327,507,505,285,412,457,141,0,,
2,1775670464448,7465,3287,31653,8461705,204028,-2276083,0,0,0,345,449,211,395,419,440,276,188,312,172,124,326,0,,
1,1775670464464,-4690,2000,10643,1270599,-284663,235793,0,0,0,302,303,248,356,210,339,521,507,298,406,472,172,0,,
2,1775670464464,7465,5149,30782,8917410,438601,-2646268,0,0,0,283,423,215,351,382,389,294,240,274,129,107,228,0,,
1,1775670464480,-3402,0,9772,1017701,-239459,-146607,0,0,0,317,315,262,360,217,340,528,496,318,403,485,199,0,,
2,1775670464480,8796,6039,26786,9017592,967610,-3073873,0,0,0,264,423,229,330,363,374,307,277,268,113,111,193,0,,
1,1775670464496,-2699,-306,10279,729373,-52534,-90408,0,0,0,325,327,267,371,235,353,525,486,333,405,484,246,0,,
2,1775670464496,9509,9298,17860,8406727,897971,-3678630,0,0,0,266,424,236,327,363,376,311,289,268,114,117,194,0,,
1,1775670464512,-2900,325,10093,515570,147829,13439,0,0,0,332,342,278,372,265,373,528,475,348,416,472,285,0,,
2,1775670464512,7331,14510,11619,6454402,-145385,-4034154,0,0,0,264,422,233,328,365,376,310,289,261,115,116,194,0,,
1,1775670464528,-2742,760,9954,449596,271224,45204,0,0,0,340,344,292,379,253,388,532,458,345,412,460,300,0,,
2,1775670464528,3570,20741,9121,1758070,-1492954,-2985909,0,0,0,263,422,232,329,365,373,312,288,259,114,114,192,0,,
1,1775670464544,-2340,784,10088,460592,261450,47647,0,0,0,357,366,284,385,259,380,532,440,349,418,444,331,0,,
2,1775670464544,3436,17252,9169,-3545461,-2065946,-886976,0,0,0,266,426,235,330,365,372,317,290,261,117,115,194,0,,
1,1775670464560,-2220,737,10236,491135,169820,59864,0,0,0,351,364,294,385,258,409,532,404,350,407,399,349,0,,
2,1775670464560,5025,8734,8360,-6117204,-2161241,392175,0,0,0,275,430,236,332,366,371,316,295,260,118,117,194,0,,
1,1775670464576,-2297,760,10275,531452,78190,91629,0,0,0,355,385,291,390,266,398,527,393,351,395,376,355,0,,
2,1775670464576,6724,3239,5556,-5688377,-1751961,392175,0,0,0,290,428,234,343,368,376,318,295,260,123,116,196,0,,
1,1775670464592,-2297,689,10074,571769,-2443,125838,0,0,0,367,385,287,391,261,389,521,376,345,390,356,372,0,,
2,1775670464592,6815,3771,3924,-4880813,-759916,-10995,0,0,0,257,432,238,328,367,372,318,296,260,118,117,194,0,,
1,1775670464608,-2263,469,9753,509461,-10995,151494,0,0,0,365,384,279,394,273,405,518,361,349,392,347,387,0,,
2,1775670464608,5111,5987,5226,-5001764,215024,-107512,0,0,0,253,433,237,333,374,374,319,301,260,118,121,195,0,,
1,1775670464624,-2273,335,9715,481361,-29321,166155,0,0,0,364,391,280,399,289,414,508,344,352,383,336,396,0,,
2,1775670464624,3766,6379,7480,-5759237,471587,261450,0,0,0,253,436,237,333,373,374,322,302,261,119,121,194,0,,
1,1775670464640,-2330,306,9696,542448,-86742,167377,0,0,0,366,395,278,402,294,415,499,329,351,364,315,404,0,,
2,1775670464640,3929,5245,8399,-6147747,657290,642630,0,0,0,251,435,238,332,372,375,319,303,260,119,121,196,0,,
1,1775670464656,-2364,263,9624,563217,-101403,167377,0,0,0,366,398,276,404,301,416,491,317,353,350,298,408,0,,
2,1775670464656,4383,3862,8892,-6086661,1102000,904080,0,0,0,251,435,239,332,372,374,320,304,263,125,135,192,0,,
1,1775670464672,-2383,224,9662,543670,-76969,173485,0,0,0,367,401,276,404,314,423,486,306,356,342,291,410,0,,
2,1775670464672,3680,3833,10241,-5969375,1494176,1040914,0,0,0,250,436,239,333,373,377,318,306,265,131,144,194,0,,
1,1775670464688,-2383,196,9739,529009,-40317,184481,0,0,0,367,407,268,404,325,436,485,292,353,326,281,416,0,,
2,1775670464688,3220,4134,11883,-6061004,1616349,1180191,0,0,0,249,436,239,335,375,378,321,307,266,129,143,192,0,,
1,1775670464704,-2297,105,9763,540004,-25656,191811,0,0,0,366,412,262,404,338,444,478,278,353,322,270,419,0,,
2,1775670464704,3613,4087,13610,-6299242,1684766,1248608,0,0,0,249,437,239,331,374,374,323,307,267,127,139,192,0,,
1,1775670464720,-2182,4,9739,548556,-41538,194255,0,0,0,366,416,249,415,332,442,478,266,352,331,255,430,0,,
2,1775670464720,3900,3914,15702,-6536258,1860695,1215621,0,0,0,249,439,240,332,376,376,324,308,267,127,135,193,0,,
1,1775670464736,-2062,-100,9786,554665,-80634,188146,0,0,0,380,422,252,434,328,435,486,255,358,392,244,426,0,,
2,1775670464736,3785,3799,18755,-6827029,2067167,1104444,0,0,0,250,440,240,335,379,379,327,309,267,125,133,193,0,,
1,1775670464752,-2115,-191,9868,570548,-130725,186924,0,0,0,370,406,280,430,335,446,475,254,369,308,234,454,0,,
2,1775670464752,3747,3847,22402,-7099475,2139250,1110553,0,0,0,251,440,240,336,379,378,329,309,268,121,128,191,0,,
1,1775670464768,-2330,-268,9901,603534,-153938,211359,0,0,0,392,416,258,434,343,450,472,243,379,308,229,471,0,,
2,1775670464768,3967,3790,26948,-7302283,2193006,1315803,0,0,0,250,439,242,337,378,379,329,306,268,118,122,190,0,,
1,1775670464784,-2512,-349,9911,646295,-152716,256563,0,0,0,406,424,251,437,338,448,459,230,381,304,220,503,0,,
2,1775670464784,4503,1943,32117,-7442782,2239431,1866804,0,0,0,248,439,241,335,377,378,331,303,271,123,123,195,0,,
1,1775670464800,-2790,-411,10007,712268,-135612,326202,0,0,0,401,443,259,446,359,469,444,230,388,284,217,514,0,,
2,1775670464800,5388,-6384,35151,-7338934,2505769,2603507,0,0,0,251,439,239,338,381,382,334,300,274,132,136,194,0,,
1,1775670464816,-3139,-497,10299,830776,-118507,441044,0,0,0,402,454,260,468,377,485,435,219,398,281,205,519,0,,
2,1775670464816,5953,-20713,36281,-6752504,2708576,2910161,0,0,0,254,434,240,349,374,390,340,298,280,141,142,197,0,,
1,1775670464832,-3239,-703,10562,990823,-122173,590095,0,0,0,405,455,256,461,374,491,425,216,400,273,196,527,0,,
2,1775670464832,4938,-38181,30045,-5193576,2317622,2035402,0,0,0,255,435,242,347,373,391,337,293,282,156,168,196,0,,
1,1775670464848,-2751,-880,10983,1186300,-153938,707381,0,0,0,410,462,261,456,380,492,407,212,403,273,195,542,0,,
2,1775670464848,-1765,-48643,21617,-3149621,2247984,626747,0,0,0,258,435,243,349,374,391,337,291,278,158,170,195,0,,
1,1775670464864,-2211,-880,11533,1413542,-162490,729373,0,0,0,416,473,258,469,404,497,382,203,409,276,193,558,0,,
2,1775670464864,-12969,-51595,17635,-932180,1804495,-557109,0,0,0,250,431,235,344,374,391,334,303,279,181,211,196,0,,
1,1775670464880,-1694,-856,12017,1715309,-129503,657290,0,0,0,430,490,242,488,437,511,359,194,416,276,189,558,0,,
2,1775670464880,-13247,-48130,19291,829554,36651,-751364,0,0,0,247,418,231,346,371,380,381,401,272,205,278,173,0,,
1,1775670464896,-1588,-976,12648,2090380,-105068,535117,0,0,0,451,506,236,503,466,524,342,186,423,276,181,549,0,,
2,1775670464896,-7351,-29648,23886,2693915,-1850921,-579100,0,0,0,243,377,189,347,352,360,448,463,260,182,261,163,0,,
1,1775670464912,-2598,-1076,13759,2591290,-112399,477696,0,0,0,462,482,223,501,473,525,312,179,425,262,163,550,0,,
2,1775670464912,3613,12462,19798,3926641,-4301713,256563,0,0,0,254,354,173,345,328,357,491,494,261,249,333,156,0,,
1,1775670464928,-4072,-1043,15395,3313333,-135612,645073,0,0,0,487,455,223,486,469,517,245,172,436,250,145,551,0,,
2,1775670464928,7427,26355,12519,4276056,-5412266,1145983,0,0,0,261,360,170,350,326,364,510,517,263,268,362,154,0,,
1,1775670464944,-5594,-971,17745,4240626,-158824,974940,0,0,0,453,459,240,476,445,494,207,168,444,208,116,527,0,,
2,1775670464944,-2426,5178,15013,4971221,-3848451,1671327,0,0,0,264,372,179,359,336,374,522,531,267,289,379,157,0,,
1,1775670464960,-8365,-1273,20976,5224119,-180816,1446528,0,0,0,432,450,252,452,396,520,206,135,419,163,98,463,0,,
2,1775670464960,-10088,-4565,21751,4731762,-1320690,1073901,0,0,0,269,385,203,368,344,385,530,535,280,320,397,166,0,,
1,1775670464976,-11639,-1603,24556,6194173,-109955,2074498,0,0,0,426,379,220,430,338,474,206,135,384,176,93,398,0,,
2,1775670464976,-8217,-1751,20224,3722612,160046,101403,0,0,0,277,402,237,376,352,402,535,546,294,374,439,184,0,,
1,1775670464992,-13137,-842,27819,7000515,172263,2805093,0,0,0,362,353,192,398,320,420,200,152,337,153,101,281,0,,
2,1775670464992,-86,2368,13835,2458121,411723,-331088,0,0,0,289,420,269,382,363,416,536,564,297,432,493,206,0,,
1,1775670465008,-11978,693,30169,7563733,748920,3434284,0,0,0,284,329,188,321,279,359,208,187,292,136,132,220,0,,
2,1775670465008,2857,693,11375,1478293,175929,-19547,0,0,0,307,434,286,393,376,425,527,556,311,435,495,223,0,,
1,1775670465024,-11040,3144,29719,8053647,1131322,3832568,0,0,0,243,283,194,274,221,308,253,227,272,137,172,143,0,,
2,1775670465024,760,-875,11629,735481,-76969,282219,0,0,0,320,443,295,405,384,439,508,534,346,441,496,239,0,,
1,1775670465040,-11859,6891,24843,8334645,1062905,4051258,0,0,0,246,284,208,263,202,287,282,256,265,146,214,122,0,,
2,1775670465040,-162,603,10993,375071,-161268,149051,0,0,0,330,451,300,410,387,440,564,575,313,454,502,259,0,,
1,1775670465056,-11485,10385,14510,7812966,915076,4173431,0,0,0,254,287,214,268,198,284,294,261,264,158,226,125,0,,
2,1775670465056,-47,1598,10327,219911,-178372,15882,0,0,0,346,463,306,406,384,437,563,575,311,451,504,262,0,,
1,1775670465072,-9188,12845,8949,5907066,780685,3679852,0,0,0,253,285,213,271,195,284,298,256,265,162,219,125,0,,
2,1775670465072,263,1675,10165,169820,-141720,-14660,0,0,0,349,471,299,409,392,439,562,571,304,456,497,264,0,,
1,1775670465088,-5436,17066,9169,1108109,486248,1258382,0,0,0,251,292,208,273,207,285,298,258,261,159,219,122,0,,
2,1775670465088,272,1555,10318,168598,-138055,2443,0,0,0,364,472,310,417,396,444,560,561,308,453,491,273,0,,
1,1775670465104,-3627,15783,9581,-3477044,818559,-1546710,0,0,0,248,296,206,277,216,285,304,263,256,162,223,118,0,,
2,1775670465104,114,1636,10370,208915,-151494,-4886,0,0,0,367,471,310,414,392,445,555,550,315,447,483,281,0,,
1,1775670465120,-6245,9093,7642,-5345070,1434311,-2789210,0,0,0,241,295,208,277,205,287,310,263,259,163,221,120,0,,
2,1775670465120,-47,1718,10275,299323,-102625,-26878,0,0,0,377,475,322,414,391,445,551,531,313,445,475,286,0,,
1,1775670465136,-9035,4551,4752,-5032307,803898,-2046398,0,0,0,235,295,209,272,201,286,312,265,263,159,221,119,0,,
2,1775670465136,-81,1636,10165,375071,-17104,-35430,0,0,0,380,481,318,415,394,449,549,521,318,443,464,295,0,,
1,1775670465152,-7944,3737,4024,-4657236,-361632,-952949,0,0,0,229,294,207,268,197,282,313,265,261,158,221,114,0,,
2,1775670465152,-19,1478,10064,410501,62308,-35430,0,0,0,380,485,309,419,405,454,550,521,327,334,343,322,0,,
1,1775670465168,-4493,5053,5977,-5010316,-786794,-433714,0,0,0,227,292,202,270,204,282,315,266,263,158,223,117,0,,
2,1775670465168,47,1363,9992,415388,108734,-37873,0,0,0,386,489,310,423,412,459,551,516,331,242,243,348,0,,
1,1775670465184,-2421,5675,8341,-5762902,-656069,-425162,0,0,0,232,298,207,272,200,282,315,265,261,159,223,115,0,,
2,1775670465184,124,1316,9949,421497,123394,-45204,0,0,0,394,491,314,425,407,463,549,502,332,278,270,358,0,,
1,1775670465200,-2632,4474,9834,-6307794,-654847,-713490,0,0,0,231,296,208,271,201,283,316,264,262,164,224,115,0,,
2,1775670465200,258,1277,9916,436157,105068,-57421,0,0,0,399,490,313,424,401,462,544,484,335,336,317,360,0,,
1,1775670465216,-2723,3172,10859,-6438519,-988379,-913854,0,0,0,232,302,209,275,206,285,319,268,260,163,225,116,0,,
2,1775670465216,344,1196,9873,441044,61086,-67195,0,0,0,401,489,310,422,401,465,536,467,334,355,332,363,0,,
1,1775670465232,-2144,2565,12074,-6373767,-1389107,-1049466,0,0,0,232,305,210,276,209,287,317,270,262,168,228,117,0,,
2,1775670465232,349,1081,9844,422718,6108,-75747,0,0,0,413,489,308,426,408,470,529,458,336,340,304,377,0,,
1,1775670465248,-1876,2574,14046,-6460510,-1572367,-1172861,0,0,0,232,308,212,277,212,288,315,269,258,170,232,118,0,,
2,1775670465248,339,1062,9892,403171,-32986,-83077,0,0,0,421,497,316,429,405,476,530,445,343,406,366,379,0,,
1,1775670465264,-2426,2330,16070,-6692639,-1660331,-1186300,0,0,0,231,310,210,277,213,288,315,270,257,170,234,115,0,,
2,1775670465264,344,1067,9978,412944,-67195,-86742,0,0,0,434,507,325,435,412,481,522,437,344,315,263,407,0,,
1,1775670465280,-3000,1292,18128,-6886894,-1803274,-981049,0,0,0,231,311,209,276,212,287,317,271,261,172,234,116,0,,
2,1775670465280,301,1019,10050,445931,-91629,-87964,0,0,0,438,508,316,442,417,481,531,430,350,312,256,428,0,,
1,1775670465296,-3187,129,20138,-6906442,-1913229,-723264,0,0,0,233,310,212,275,211,286,316,271,264,172,233,118,0,,
2,1775670465296,205,914,10102,467922,-80634,-89186,0,0,0,449,513,323,458,464,469,531,413,362,331,265,449,0,,
1,1775670465312,-3498,-679,22335,-6731734,-1949881,-675616,0,0,0,238,309,213,275,212,286,315,271,263,169,232,116,0,,
2,1775670465312,215,861,10179,496022,-54977,-91629,0,0,0,455,515,322,453,441,484,521,384,357,330,257,466,0,,
1,1775670465328,-4637,-1761,25565,-6410419,-2061059,-1211956,0,0,0,241,308,210,275,210,284,315,271,262,168,230,114,0,,
2,1775670465328,373,804,10313,568104,-34208,-107512,0,0,0,467,519,322,455,439,491,508,353,361,370,279,480,0,,
1,1775670465344,-5752,-4197,28796,-6079330,-2357939,-2041511,0,0,0,237,312,211,276,213,286,313,268,262,169,229,113,0,,
2,1775670465344,497,693,10409,654847,-28099,-141720,0,0,0,475,522,318,463,452,500,505,336,370,309,217,496,0,,
1,1775670465360,-6341,-10547,31146,-5827654,-2729345,-2841745,0,0,0,230,322,211,273,219,286,314,270,266,167,226,115,0,,
2,1775670465360,526,559,10490,740368,0,-193033,0,0,0,479,532,315,472,459,505,499,311,378,286,189,517,0,,
1,1775670465376,-6374,-20784,30413,-5630955,-2779436,-3059213,0,0,0,221,312,211,277,223,298,307,265,270,168,224,115,0,,
2,1775670465376,674,502,10739,845437,62308,-250454,0,0,0,483,540,312,476,465,512,477,275,385,327,222,534,0,,
1,1775670465392,-3493,-32950,25096,-5056742,-2610838,-2360383,0,0,0,222,315,211,277,221,297,310,270,273,172,228,119,0,,
2,1775670465392,957,430,11189,1023810,106290,-320093,0,0,0,491,541,309,480,477,525,451,251,387,316,215,552,0,,
1,1775670465408,6202,-42378,18123,-3349984,-2306627,-1003040,0,0,0,222,316,210,276,218,292,318,272,274,173,241,118,0,,
2,1775670465408,1052,320,11964,1335351,73303,-405614,0,0,0,501,547,302,486,492,531,426,244,387,272,178,572,0,,
1,1775670465424,14300,-46790,14859,-1400103,-1279151,136833,0,0,0,223,300,191,272,210,277,347,325,260,210,306,107,0,,
2,1775670465424,823,167,12897,1772730,-76969,-441044,0,0,0,505,553,287,489,502,534,393,240,390,269,176,582,0,,
1,1775670465440,16745,-46939,17511,742812,856433,952949,0,0,0,237,274,168,279,188,251,404,392,248,257,367,91,0,,
2,1775670465440,545,239,14132,2317622,-186924,-460592,0,0,0,515,554,277,492,501,543,352,226,389,271,179,594,0,,
1,1775670465456,6250,-21430,17961,3550348,3679852,1254717,0,0,0,247,254,146,285,170,233,448,444,237,302,402,75,0,,
2,1775670465456,784,469,15405,2927266,-179594,-499687,0,0,0,518,547,266,488,502,537,315,216,377,269,178,593,0,,
1,1775670465472,-5269,9830,16434,5158146,4552167,1155757,0,0,0,253,256,137,294,167,234,466,466,237,347,419,70,0,,
2,1775670465472,1296,583,16960,3662747,-194255,-587652,0,0,0,518,544,255,482,510,538,283,203,375,303,201,564,0,,
1,1775670465488,-5374,10375,17855,5679824,2919935,565661,0,0,0,255,265,146,305,173,256,475,475,248,379,429,78,0,,
2,1775670465488,2096,708,19191,4519181,-280998,-712268,0,0,0,511,544,245,473,505,526,267,175,392,255,168,555,0,,
1,1775670465504,459,-1229,22349,5530773,691499,-26878,0,0,0,249,273,166,313,188,295,483,482,262,383,435,98,0,,
2,1775670465504,3484,880,22617,5626068,-465479,-923628,0,0,0,506,531,259,473,499,537,261,166,385,231,148,493,0,,
1,1775670465520,3038,-5513,23321,4113566,-554665,6108,0,0,0,249,283,193,326,212,344,488,488,286,379,442,147,0,,
2,1775670465520,5202,703,26700,6860016,-553443,-1220508,0,0,0,469,513,250,451,482,515,248,155,361,218,146,429,0,,
1,1775670465536,-1990,-1354,16472,2091602,-411723,356745,0,0,0,270,288,221,348,225,377,500,503,302,384,453,231,0,,
2,1775670465536,6130,1014,30303,7987673,-141720,-1611462,0,0,0,412,484,227,431,456,478,266,165,340,199,134,369,0,,
1,1775670465552,-5317,938,9562,845437,-86742,102625,0,0,0,291,297,219,368,232,372,512,519,284,397,462,280,0,,
2,1775670465552,5886,2306,32002,8938180,455705,-2002416,0,0,0,348,451,218,388,417,432,281,203,302,168,123,315,0,,
1,1775670465568,-3359,76,8743,503352,97738,-201585,0,0,0,305,299,226,365,236,387,515,517,291,406,465,290,0,,
2,1775670465568,5972,4527,31653,9517280,1114218,-2373822,0,0,0,283,425,224,345,378,386,300,256,270,129,116,227,0,,
1,1775670465584,-2077,-153,10069,230907,224798,-196698,0,0,0,306,313,234,355,236,391,518,524,306,398,475,316,0,,
2,1775670465584,7016,8341,24953,9219178,1251052,-2800206,0,0,0,266,419,232,331,365,373,310,286,266,115,116,192,0,,
1,1775670465600,-2110,641,10897,46425,276111,-64751,0,0,0,308,331,235,354,252,391,509,523,342,414,473,344,0,,
2,1775670465600,6781,12203,14520,8257676,388510,-3178942,0,0,0,272,421,234,332,366,377,312,296,270,116,116,195,0,,
1,1775670465616,-2335,1249,10308,80634,227241,-12217,0,0,0,316,325,250,369,258,394,524,519,346,432,477,364,0,,
2,1775670465616,3886,15960,9126,6012135,-1286482,-2693915,0,0,0,270,423,233,334,369,376,312,298,266,117,116,194,0,,
1,1775670465632,-2206,1225,10035,184481,153938,8552,0,0,0,328,347,246,378,279,399,535,512,347,442,476,372,0,,
2,1775670465632,3579,19444,8423,788016,-2452013,-397062,0,0,0,269,425,231,336,370,375,310,300,262,119,120,196,0,,
1,1775670465648,-2010,1014,10217,265115,52534,39095,0,0,0,325,350,243,380,271,404,525,499,348,428,464,383,0,,
2,1775670465648,6121,15797,8638,-3610213,-2411695,1540602,0,0,0,264,426,230,335,371,374,312,304,262,118,121,195,0,,
1,1775670465664,-2005,981,10260,302989,-52534,70860,0,0,0,325,368,244,384,273,404,521,482,346,413,449,390,0,,
2,1775670465664,7619,7872,6915,-5065294,-1797165,1830152,0,0,0,254,426,232,331,367,373,316,301,263,119,119,195,0,,
1,1775670465680,-2105,1014,10083,333532,-144164,97738,0,0,0,326,372,243,385,285,401,519,463,337,402,447,395,0,,
2,1775670465680,7365,3814,4747,-4901582,-1351233,1174082,0,0,0,248,428,232,334,373,374,323,306,265,119,121,197,0,,
1,1775670465696,-2177,966,10351,338419,-163711,105068,0,0,0,325,370,241,383,289,400,518,444,338,394,438,408,0,,
2,1775670465696,6590,3737,4288,-4801400,-861319,344527,0,0,0,246,431,232,326,382,373,318,307,262,119,123,197,0,,
1,1775670465712,-2244,914,10973,296880,-112399,108734,0,0,0,328,364,241,389,280,400,514,425,343,398,416,412,0,,
2,1775670465712,5876,4436,5455,-5207015,-329867,-53756,0,0,0,249,433,233,334,375,376,314,307,261,121,123,196,0,,
1,1775670465728,-2287,842,10270,285884,-81855,111177,0,0,0,331,351,242,401,272,405,509,414,342,403,400,402,0,,
2,1775670465728,4843,4718,7217,-5738468,182037,-124616,0,0,0,250,435,236,335,375,377,315,309,261,117,124,194,0,,
1,1775670465744,-2306,765,9514,287106,-59864,114842,0,0,0,326,358,242,404,280,413,508,412,349,387,384,407,0,,
2,1775670465744,4024,4407,8466,-6041457,544891,122173,0,0,0,250,436,237,335,375,376,316,310,261,118,125,194,0,,
1,1775670465760,-2297,722,9475,273667,-28099,116064,0,0,0,327,362,234,405,284,419,511,394,354,387,369,415,0,,
2,1775670465760,3843,3814,9413,-6202725,912632,500909,0,0,0,250,437,241,333,374,376,320,310,263,118,124,194,0,,
1,1775670465776,-2220,698,9676,245567,7330,113620,0,0,0,336,370,244,409,274,442,510,381,357,387,356,425,0,,
2,1775670465776,3723,3077,10643,-6255260,1408655,924849,0,0,0,248,436,238,334,374,377,321,312,264,119,123,195,0,,
1,1775670465792,-2158,679,9691,234572,14660,107512,0,0,0,336,369,239,414,285,426,521,378,359,393,355,421,0,,
2,1775670465792,3115,2699,12280,-6266255,1776396,1244943,0,0,0,248,436,238,336,376,378,322,311,265,120,123,194,0,,
1,1775670465808,-2115,646,9619,234572,0,97738,0,0,0,339,396,244,430,312,416,520,373,353,393,352,425,0,,
2,1775670465808,2579,2608,14170,-6291911,1881464,1455080,0,0,0,247,435,237,336,375,377,321,310,263,119,124,194,0,,
1,1775670465824,-2110,631,9619,244346,-12217,89186,0,0,0,338,403,241,432,303,406,520,364,353,391,337,436,0,,
2,1775670465824,2852,2402,16156,-6370102,1847256,1513724,0,0,0,247,435,236,334,374,376,321,310,263,120,125,193,0,,
1,1775670465840,-2105,622,9705,270002,-31764,85521,0,0,0,334,395,230,433,304,415,516,356,343,382,329,432,0,,
2,1775670465840,3460,2187,18482,-6469062,1891238,1328021,0,0,0,248,435,236,332,372,375,322,311,265,119,123,191,0,,
1,1775670465856,-2086,559,9806,306654,-74525,87964,0,0,0,336,406,230,416,340,413,515,344,345,381,314,459,0,,
2,1775670465856,3799,2359,21440,-6599788,1986533,1097113,0,0,0,248,434,237,333,372,377,326,312,269,116,122,193,0,,
1,1775670465872,-2158,507,9873,344527,-119729,103847,0,0,0,340,392,247,423,325,432,505,327,355,374,300,468,0,,
2,1775670465872,3986,2412,25680,-6844134,2092824,999375,0,0,0,245,432,235,336,374,380,329,313,272,117,121,195,0,,
1,1775670465888,-2301,469,9844,378736,-119729,131946,0,0,0,356,387,253,435,308,452,500,312,369,361,292,475,0,,
2,1775670465888,3857,555,29719,-7057936,2207666,1148426,0,0,0,243,431,232,336,371,378,332,311,272,117,119,194,0,,
1,1775670465904,-2416,440,9825,425162,-101403,172263,0,0,0,367,402,244,430,325,457,497,299,381,345,281,492,0,,
2,1775670465904,3158,-5436,32648,-6985854,2421469,1502728,0,0,0,247,432,235,338,371,380,334,304,273,124,119,198,0,,
1,1775670465920,-2488,387,9877,493579,-87964,229685,0,0,0,374,405,245,428,334,463,489,283,393,330,265,506,0,,
2,1775670465920,2134,-16893,33256,-6385985,2431243,1662775,0,0,0,248,432,235,345,377,387,340,302,278,124,118,200,0,,
1,1775670465936,-2565,272,10021,565661,-100181,295658,0,0,0,398,397,258,450,325,485,483,268,412,323,248,529,0,,
2,1775670465936,1962,-30107,29040,-5354844,1843591,1317025,0,0,0,256,435,239,344,379,385,342,306,283,126,120,202,0,,
1,1775670465952,-2670,124,10303,652404,-136833,365297,0,0,0,398,397,265,472,330,505,464,247,418,307,230,548,0,,
2,1775670465952,-258,-39181,20411,-3667634,1541823,222354,0,0,0,255,435,238,345,375,386,342,305,282,122,117,198,0,,
1,1775670465968,-2775,81,10691,797790,-178372,430049,0,0,0,393,411,265,503,348,517,448,236,417,300,219,558,0,,
2,1775670465968,-6556,-43306,15319,-1831373,1557706,-949284,0,0,0,255,435,240,345,375,391,343,307,286,121,117,198,0,,
1,1775670465984,-2756,43,11127,1015258,-201585,503352,0,0,0,401,428,273,544,398,532,436,234,436,293,215,562,0,,
2,1775670465984,-13074,-43019,15640,-249233,983493,-1549154,0,0,0,250,431,237,342,374,387,340,308,282,122,120,199,0,,
1,1775670466000,-2526,-71,11653,1266934,-136833,542448,0,0,0,429,442,258,537,370,535,407,226,436,293,203,564,0,,
2,1775670466000,-10911,-37645,17439,1290147,-463035,-1315803,0,0,0,247,423,237,344,375,386,373,394,275,161,209,186,0,,
1,1775670466016,-2435,-201,12534,1598023,-36651,546113,0,0,0,437,448,232,542,418,559,386,225,452,292,224,579,0,,
2,1775670466016,-2402,-16381,21067,2949257,-1792278,-784350,0,0,0,243,389,213,343,358,373,427,452,269,170,238,177,0,,
1,1775670466032,-2900,-354,13524,2096489,31764,569326,0,0,0,445,443,221,552,435,561,352,213,455,285,208,583,0,,
2,1775670466032,6786,23627,19913,3635869,-3251024,74525,0,0,0,250,366,191,340,338,366,464,471,265,178,255,176,0,,
1,1775670466048,-3211,-272,14505,2718350,-32986,708603,0,0,0,449,449,208,543,423,555,327,199,446,277,187,585,0,,
2,1775670466048,6470,26211,10433,3571118,-4283387,993266,0,0,0,256,364,196,344,328,375,488,495,268,244,338,169,0,,
1,1775670466064,-3646,-71,15778,3369532,-95294,862541,0,0,0,437,447,203,530,423,566,285,186,429,264,172,578,0,,
2,1775670466064,-1919,3163,11428,4577824,-3492927,1306029,0,0,0,258,373,217,356,332,388,513,530,276,333,430,161,0,,
1,1775670466080,-5786,0,17788,4277278,-51312,1147204,0,0,0,433,424,205,490,395,546,228,174,411,233,151,564,0,,
2,1775670466080,-6748,-5853,22244,4516737,-1672549,635299,0,0,0,271,398,244,370,347,396,527,548,277,355,438,171,0,,
1,1775670466096,-8317,19,20631,5215567,7330,1596801,0,0,0,423,398,210,457,366,511,199,162,407,200,129,513,0,,
2,1775670466096,-3493,-1292,23498,2905275,-698829,-67195,0,0,0,290,423,282,379,361,403,529,549,270,345,422,182,0,,
1,1775670466112,-10567,263,24632,6214942,45204,2225992,0,0,0,379,384,200,443,355,474,199,159,387,172,118,410,0,,
2,1775670466112,1005,3187,15908,1095892,-175929,-164933,0,0,0,300,440,301,390,372,403,535,550,269,391,464,185,0,,
1,1775670466128,-10696,1158,27834,7048163,123394,2857627,0,0,0,323,364,180,399,319,410,205,172,334,148,120,296,0,,
2,1775670466128,1124,2215,10136,665843,136833,81855,0,0,0,304,443,312,401,382,421,547,556,280,403,469,204,0,,
1,1775670466144,-9432,2900,29423,7703010,417831,3295007,0,0,0,288,321,187,334,273,350,228,192,302,144,142,208,0,,
2,1775670466144,746,894,9093,605978,199142,133168,0,0,0,321,445,309,403,378,416,560,556,281,417,474,211,0,,
1,1775670466160,-9466,5312,28518,8258898,680503,3532022,0,0,0,233,284,207,275,222,305,262,228,276,138,189,131,0,,
2,1775670466160,995,1076,10308,400727,42760,67195,0,0,0,330,446,312,404,383,418,555,558,282,414,474,214,0,,
1,1775670466176,-10423,8092,21952,8324871,722042,3624874,0,0,0,242,283,229,263,192,294,299,250,272,150,209,126,0,,
2,1775670466176,1148,1727,10428,202807,-98960,40317,0,0,0,336,449,312,411,379,426,558,561,287,416,473,222,0,,
1,1775670466192,-10026,11060,11691,7588167,880867,3516140,0,0,0,226,285,231,259,197,294,293,269,272,150,241,133,0,,
2,1775670466192,914,2053,10088,151494,-153938,29321,0,0,0,344,454,322,413,383,428,560,557,294,425,469,227,0,,
1,1775670466208,-7815,13993,9116,5242445,1202182,2499660,0,0,0,230,286,232,260,197,295,296,264,270,157,228,137,0,,
2,1775670466208,760,2019,10088,218689,-142942,3665,0,0,0,349,455,336,414,382,433,564,551,300,425,476,234,0,,
1,1775670466224,-5762,17439,9140,1215621,1306029,507018,0,0,0,231,290,227,259,196,289,277,243,270,156,223,133,0,,
2,1775670466224,646,2000,10222,280998,-118507,-21991,0,0,0,354,458,335,415,383,437,564,540,300,422,468,239,0,,
1,1775670466240,-5541,14711,8102,-2455678,1290147,-1348790,0,0,0,228,293,227,252,196,289,293,255,267,157,226,136,0,,
2,1775670466240,550,2110,10251,339641,-34208,-45204,0,0,0,357,460,334,415,385,446,560,527,304,414,451,249,0,,
1,1775670466256,-6518,8815,5518,-4152661,1194852,-2002416,0,0,0,226,293,228,252,198,291,300,266,268,158,229,138,0,,
2,1775670466256,550,2115,10141,416610,67195,-65973,0,0,0,359,460,329,417,385,454,552,516,314,310,336,265,0,,
1,1775670466272,-7169,4469,3168,-4063475,764803,-1403768,0,0,0,225,294,227,251,200,290,299,268,268,159,235,137,0,,
2,1775670466272,684,1899,9954,493579,162490,-78190,0,0,0,361,463,323,423,389,460,550,517,322,222,242,282,0,,
1,1775670466288,-5752,4216,3555,-3963293,249233,-734260,0,0,0,224,294,229,250,197,291,302,269,270,159,234,136,0,,
2,1775670466288,871,1718,9863,508239,173485,-78190,0,0,0,365,466,323,428,391,464,557,516,324,233,237,291,0,,
1,1775670466304,-3843,4819,5288,-4373795,73303,-433714,0,0,0,223,294,229,253,197,293,307,271,273,159,231,135,0,,
2,1775670466304,1062,1675,9820,503352,131946,-78190,0,0,0,372,468,330,428,389,461,562,501,325,240,221,302,0,,
1,1775670466320,-3685,4867,7083,-5155702,300545,-635299,0,0,0,224,295,228,255,199,291,307,271,271,159,232,133,0,,
2,1775670466320,1201,1631,9825,489913,40317,-85521,0,0,0,381,470,338,428,389,458,562,489,328,220,205,320,0,,
1,1775670466336,-4761,4077,8207,-5734802,259006,-895528,0,0,0,227,298,230,252,198,289,306,271,271,159,231,133,0,,
2,1775670466336,1124,1502,9825,461814,-53756,-97738,0,0,0,385,473,340,432,392,465,555,477,333,223,200,329,0,,
1,1775670466352,-5398,3024,9088,-5975483,-186924,-1117883,0,0,0,224,297,231,253,200,291,304,269,271,162,234,135,0,,
2,1775670466352,942,1416,9839,427605,-108734,-105068,0,0,0,384,473,325,432,391,470,555,470,341,227,205,334,0,,
1,1775670466368,-5015,2287,10547,-6087882,-696386,-1448972,0,0,0,222,295,235,253,197,295,309,272,274,163,235,137,0,,
2,1775670466368,818,1378,9853,404392,-106290,-101403,0,0,0,390,476,330,438,399,478,559,463,357,288,262,348,0,,
1,1775670466384,-5053,1751,12285,-6250373,-995710,-1805717,0,0,0,223,294,232,254,197,291,306,272,271,166,241,135,0,,
2,1775670466384,813,1335,9863,395840,-89186,-90408,0,0,0,405,480,336,440,396,482,563,452,358,231,194,374,0,,
1,1775670466400,-5752,1043,14027,-6417750,-1221730,-1952325,0,0,0,219,294,228,257,200,291,306,273,272,165,243,136,0,,
2,1775670466400,880,1282,9906,400727,-84299,-78190,0,0,0,415,491,344,446,399,487,562,436,358,232,186,381,0,,
1,1775670466416,-6269,191,16099,-6504493,-1501506,-1887573,0,0,0,225,295,232,258,200,291,303,269,269,160,236,130,0,,
2,1775670466416,928,1191,9954,411723,-96516,-75747,0,0,0,421,486,341,451,424,484,552,423,357,227,177,383,0,,
1,1775670466432,-6259,-521,18454,-6460510,-1721418,-1665218,0,0,0,226,296,231,257,200,292,306,273,271,164,240,132,0,,
2,1775670466432,961,1115,10011,421497,-114842,-84299,0,0,0,426,490,341,455,416,495,555,409,360,226,166,394,0,,
1,1775670466448,-6456,-1057,21349,-6344446,-1797165,-1511280,0,0,0,221,295,230,257,199,290,307,272,270,164,238,129,0,,
2,1775670466448,990,1091,10074,443488,-131946,-100181,0,0,0,436,498,353,454,415,498,552,390,362,226,158,414,0,,
1,1775670466464,-7298,-1785,24637,-6213721,-1850921,-1549154,0,0,0,222,297,233,260,200,292,307,272,270,164,237,128,0,,
2,1775670466464,1057,1076,10141,486248,-144164,-124616,0,0,0,446,507,363,456,419,502,551,366,363,233,158,438,0,,
1,1775670466480,-8068,-3780,27542,-6135530,-2119702,-1809382,0,0,0,222,298,233,259,201,294,309,272,272,165,235,128,0,,
2,1775670466480,1167,1019,10212,555887,-144164,-164933,0,0,0,452,512,360,461,426,512,546,336,360,268,181,453,0,,
1,1775670466496,-7891,-8647,30069,-6061004,-2646268,-2120924,0,0,0,219,299,231,258,202,294,313,274,276,165,233,129,0,,
2,1775670466496,1273,918,10337,651182,-106290,-226020,0,0,0,462,522,359,466,443,516,537,307,360,300,202,472,0,,
1,1775670466512,-6590,-16735,30011,-5880188,-2960252,-2147802,0,0,0,219,300,231,261,203,296,314,272,280,167,231,130,0,,
2,1775670466512,1296,904,10662,789237,-46425,-298102,0,0,0,477,534,358,477,457,521,530,285,366,285,188,500,0,,
1,1775670466528,-3981,-27456,25125,-5215567,-2827084,-1530828,0,0,0,219,299,236,265,204,307,309,266,292,168,230,135,0,,
2,1775670466528,1162,966,11270,998153,7330,-345749,0,0,0,485,531,353,490,458,533,522,260,377,252,157,524,0,,
1,1775670466544,1474,-36917,18645,-3999945,-2701246,-463035,0,0,0,218,299,244,265,204,320,305,263,307,167,234,144,0,,
2,1775670466544,780,904,11945,1341460,101403,-359188,0,0,0,491,527,364,494,469,536,497,238,393,263,160,543,0,,
1,1775670466560,9356,-42268,14429,-2379930,-2240653,646295,0,0,0,219,300,243,266,203,317,305,265,308,167,236,143,0,,
2,1775670466560,454,689,12433,1750739,237015,-334754,0,0,0,488,531,348,512,493,542,465,227,393,272,170,559,0,,
1,1775670466576,13376,-42794,14070,-580321,-778242,1266934,0,0,0,223,298,242,266,201,314,313,274,303,174,250,137,0,,
2,1775670466576,904,488,13108,2210110,343306,-301767,0,0,0,485,531,302,517,523,521,426,215,403,276,183,565,0,,
1,1775670466592,9863,-38042,15094,1156978,893084,1470963,0,0,0,223,285,238,269,194,314,331,312,295,199,313,122,0,,
2,1775670466592,1876,402,14209,2748893,337197,-340862,0,0,0,493,533,283,499,503,551,383,210,410,252,163,573,0,,
1,1775670466608,1483,-19009,19014,2816088,2018298,1227839,0,0,0,230,280,198,282,191,274,401,402,248,276,361,90,0,,
2,1775670466608,2732,445,15678,3477044,172263,-500909,0,0,0,496,534,252,496,518,560,336,199,406,262,187,589,0,,
1,1775670466624,-6020,15563,19238,3825238,2791654,373849,0,0,0,242,265,170,285,175,249,449,450,233,308,406,88,0,,
2,1775670466624,3110,617,17401,4365242,-51312,-731816,0,0,0,498,528,248,494,513,562,290,173,390,254,163,580,0,,
1,1775670466640,-6982,29451,13122,3946189,2758667,-613308,0,0,0,249,264,170,293,174,265,469,465,238,368,424,88,0,,
2,1775670466640,4436,966,19885,5423261,-178372,-1020144,0,0,0,499,518,242,476,493,544,264,155,387,241,148,540,0,,
1,1775670466656,540,6604,15606,5032307,1341460,-560774,0,0,0,245,283,213,308,200,300,483,483,260,412,436,102,0,,
2,1775670466656,7068,1545,24244,6768386,-184481,-1506393,0,0,0,484,497,245,477,473,529,263,151,385,222,136,464,0,,
1,1775670466672,3407,-7355,23771,4772079,63529,147829,0,0,0,263,295,249,322,208,335,495,494,272,424,451,131,0,,
2,1775670466672,8485,2153,29825,8054869,-84299,-2026850,0,0,0,424,469,220,456,456,503,264,154,365,206,131,383,0,,
1,1775670466688,-2182,-4259,20976,2139250,-311541,535117,0,0,0,297,307,265,338,213,343,509,509,271,418,464,157,0,,
2,1775670466688,7824,2928,35309,9164200,270002,-2466673,0,0,0,358,448,206,410,426,454,277,172,327,177,122,323,0,,
1,1775670466704,-5786,1646,12285,477696,-318871,162490,0,0,0,312,314,276,346,218,345,519,521,270,414,479,176,0,,
2,1775670466704,6432,3761,35328,9693209,799011,-2733011,0,0,0,296,426,218,358,384,398,296,217,286,136,107,243,0,,
1,1775670466720,-4273,1995,8360,497244,-183259,-177150,0,0,0,316,320,281,349,227,346,527,521,274,419,494,181,0,,
2,1775670466720,7140,6862,30471,9705426,1442863,-3028669,0,0,0,267,415,231,335,361,374,307,252,270,114,102,196,0,,
1,1775670466736,-3177,315,8882,505796,12217,-184481,0,0,0,321,328,285,362,234,348,540,514,276,423,502,181,0,,
2,1775670466736,9021,12644,17501,9139765,1799608,-3584557,0,0,0,273,419,238,334,361,380,311,272,275,114,109,197,0,,
1,1775670466752,-3493,373,10160,217468,233350,-39095,0,0,0,324,334,300,374,239,372,546,510,288,429,501,202,0,,
2,1775670466752,6250,13529,11682,8142833,480140,-3969402,0,0,0,274,421,239,329,360,378,309,288,272,113,115,195,0,,
1,1775670466768,-3508,1383,10045,131946,356745,29321,0,0,0,338,345,320,375,254,397,538,508,310,440,495,234,0,,
2,1775670466768,660,18181,10284,5282762,-1688431,-2828306,0,0,0,269,420,234,328,358,375,308,285,263,116,115,195,0,,
1,1775670466784,-2981,1770,9786,274889,350636,64751,0,0,0,348,374,323,380,272,381,537,497,304,423,478,231,0,,
2,1775670466784,2435,21335,7202,-1094670,-3065321,313984,0,0,0,271,420,233,333,363,378,308,283,259,115,114,193,0,,
1,1775670466800,-2636,1430,9987,411723,196698,90408,0,0,0,348,373,323,388,261,392,544,472,315,407,450,240,0,,
2,1775670466800,7288,15017,6824,-5995031,-2858849,2257757,0,0,0,270,421,233,333,363,378,310,286,262,118,114,193,0,,
1,1775670466816,-2737,1273,10169,456927,30543,112399,0,0,0,345,389,323,389,286,393,536,463,316,395,444,248,0,,
2,1775670466816,9121,5159,7619,-7558846,-1890017,2116037,0,0,0,266,422,238,332,363,378,311,288,263,114,113,193,0,,
1,1775670466832,-2871,1301,10040,481361,-73303,134390,0,0,0,337,390,314,405,287,412,540,440,338,387,398,264,0,,
2,1775670466832,7159,2258,6034,-6663318,-1328021,897971,0,0,0,259,425,239,332,364,378,320,296,269,115,116,193,0,,
1,1775670466848,-2890,1210,9662,513126,-125838,149051,0,0,0,337,408,315,394,295,439,524,405,355,365,383,283,0,,
2,1775670466848,5824,2450,4905,-6125756,-906524,37873,0,0,0,252,424,237,331,364,379,318,299,265,113,116,193,0,,
1,1775670466864,-2986,1057,9375,518013,-128281,161268,0,0,0,341,408,316,383,310,435,520,392,368,357,371,295,0,,
2,1775670466864,4962,3369,5977,-6334672,-403171,-283441,0,0,0,252,428,240,330,367,380,316,300,263,113,114,191,0,,
1,1775670466880,-3115,914,9255,483805,-65973,174707,0,0,0,343,409,310,394,324,419,516,382,362,356,356,295,0,,
2,1775670466880,3450,3905,8485,-6726848,136833,-206472,0,0,0,252,427,239,330,365,381,313,299,263,113,114,191,0,,
1,1775670466896,-3034,861,9815,403171,42760,183259,0,0,0,348,419,298,404,338,410,513,369,355,357,345,301,0,,
2,1775670466896,2569,4235,10174,-6906442,425162,134390,0,0,0,254,429,239,331,365,380,315,300,264,114,118,193,0,,
1,1775670466912,-2861,832,9997,348193,97738,177150,0,0,0,353,418,295,399,328,418,507,346,356,354,342,316,0,,
2,1775670466912,3354,3900,11194,-7004180,689055,676838,0,0,0,256,431,242,334,366,382,317,302,264,118,122,194,0,,
1,1775670466928,-2799,804,9629,345749,89186,166155,0,0,0,357,414,302,401,317,430,500,327,367,352,332,328,0,,
2,1775670466928,4412,3096,12304,-7038389,1120326,1067792,0,0,0,256,433,243,335,365,382,317,303,266,126,135,194,0,,
1,1775670466944,-2790,789,9389,359188,69638,158824,0,0,0,360,419,301,412,323,431,494,322,371,347,312,334,0,,
2,1775670466944,4608,2321,13969,-6969972,1589471,1248608,0,0,0,255,433,242,334,365,382,319,302,268,133,148,194,0,,
1,1775670466960,-2694,775,9566,376292,63529,155159,0,0,0,373,419,281,415,326,426,490,317,356,334,302,340,0,,
2,1775670466960,4067,1966,16262,-6836803,1821600,1248608,0,0,0,254,432,241,336,366,383,320,302,269,137,149,193,0,,
1,1775670466976,-2651,713,9681,398284,39095,155159,0,0,0,388,431,274,431,348,421,495,311,349,332,304,340,0,,
2,1775670466976,3871,2033,18808,-6780604,1868025,1132544,0,0,0,254,431,241,335,365,382,322,304,271,140,150,193,0,,
1,1775670466992,-2747,622,9672,430049,2443,166155,0,0,0,379,459,284,415,394,433,484,290,357,324,284,353,0,,
2,1775670466992,4273,2450,22134,-6871012,1932777,972497,0,0,0,256,430,243,337,366,384,324,305,273,126,137,192,0,,
1,1775670467008,-2890,564,9662,469144,-26878,206472,0,0,0,378,463,287,408,397,444,479,290,365,313,281,370,0,,
2,1775670467008,4785,2364,26140,-6985854,2072054,930958,0,0,0,257,430,243,338,365,385,325,302,273,113,117,192,0,,
1,1775670467024,-2976,516,9729,518013,-46425,266337,0,0,0,390,458,298,400,413,452,471,279,383,318,273,386,0,,
2,1775670467024,5111,33,30667,-7033502,2302961,1148426,0,0,0,258,432,246,339,363,386,329,300,275,118,119,192,0,,
1,1775670467040,-3034,440,9911,587652,-43982,333532,0,0,0,419,472,319,435,401,471,486,267,386,318,256,404,0,,
2,1775670467040,4015,-7432,33309,-6825808,2671924,1556484,0,0,0,255,430,243,340,363,388,334,300,281,120,119,198,0,,
1,1775670467056,-3058,330,10088,680503,-34208,394618,0,0,0,409,463,318,461,408,486,467,246,379,313,237,421,0,,
2,1775670467056,1909,-18353,34089,-6320011,2780658,1808161,0,0,0,260,432,246,344,365,395,333,294,284,120,116,199,0,,
1,1775670467072,-3005,186,10212,799011,-23212,449596,0,0,0,394,464,330,454,415,513,444,235,396,296,230,450,0,,
2,1775670467072,234,-31715,29940,-5177693,2162462,1631010,0,0,0,263,434,244,344,365,392,339,296,286,120,116,198,0,,
1,1775670467088,-2981,43,10514,951728,-28099,489913,0,0,0,405,477,314,468,429,509,445,235,409,294,227,472,0,,
2,1775670467088,-1856,-40751,20698,-3172834,1569923,555887,0,0,0,261,430,243,345,366,394,326,295,287,118,115,196,0,,
1,1775670467104,-2991,-19,10978,1134987,-47647,518013,0,0,0,430,481,285,496,439,512,438,233,407,301,224,500,0,,
2,1775670467104,-6724,-43838,15850,-1354899,1302364,-709825,0,0,0,261,431,246,346,366,398,337,299,289,120,116,200,0,,
1,1775670467120,-2617,-67,11552,1437976,-107512,527787,0,0,0,442,479,262,518,445,528,410,224,403,303,215,533,0,,
2,1775670467120,-10868,-41684,16252,273667,425162,-1441641,0,0,0,256,428,241,347,368,394,343,317,284,123,128,194,0,,
1,1775670467136,-2230,-100,12160,1767844,-174707,487470,0,0,0,438,479,250,532,459,531,385,224,404,294,201,554,0,,
2,1775670467136,-9136,-34276,17994,1733635,-658512,-1420872,0,0,0,248,417,231,344,365,388,379,395,276,158,204,184,0,,
1,1775670467152,-2895,-220,12921,2214997,-156381,437379,0,0,0,442,474,241,541,483,529,360,230,403,277,196,561,0,,
2,1775670467152,-402,-10045,21933,3076317,-1916895,-861319,0,0,0,242,374,208,336,346,374,434,452,270,173,244,177,0,,
1,1775670467168,-3948,-402,13553,2712241,-79412,510683,0,0,0,436,470,217,533,501,544,292,211,413,262,191,562,0,,
2,1775670467168,8384,25872,16793,3075095,-3788586,206472,0,0,0,248,339,192,333,326,365,470,471,268,178,256,176,0,,
1,1775670467184,-4522,-440,14529,3352428,-12217,724486,0,0,0,427,465,208,529,484,546,245,208,426,245,182,559,0,,
2,1775670467184,6714,24924,7446,3033556,-5094616,1093448,0,0,0,258,339,202,341,320,374,486,486,284,192,288,180,0,,
1,1775670467200,-5384,-138,16396,4141666,4886,1000597,0,0,0,451,448,203,500,480,519,242,177,408,228,137,531,0,,
2,1775670467200,-3661,483,11351,4404338,-4014606,1128878,0,0,0,258,346,212,350,317,390,505,514,300,252,357,181,0,,
1,1775670467216,-7585,19,18722,4989547,29321,1375668,0,0,0,458,421,233,493,444,503,209,163,395,203,135,493,0,,
2,1775670467216,-7781,-5671,19148,4836830,-2062281,670730,0,0,0,258,357,207,353,316,396,524,551,287,368,460,169,0,,
1,1775670467232,-10528,-110,21971,5916840,73303,1970651,0,0,0,442,426,234,471,385,477,198,143,369,187,109,414,0,,
2,1775670467232,-4455,1119,21383,3975510,-452040,-28099,0,0,0,261,367,207,363,324,395,533,566,279,398,485,167,0,,
1,1775670467248,-11572,-296,25618,6814812,156381,2664594,0,0,0,396,389,215,441,324,422,208,137,332,179,108,314,0,,
2,1775670467248,-62,2948,16597,2872288,-310319,-86742,0,0,0,276,395,236,378,340,407,548,568,292,405,484,191,0,,
1,1775670467264,-11045,62,28288,7564955,184481,3197268,0,0,0,322,353,209,346,289,374,195,172,306,150,129,253,0,,
2,1775670467264,1215,1081,12644,1908343,-318871,184481,0,0,0,289,411,254,389,360,418,558,571,298,404,480,215,0,,
1,1775670467280,-9140,1938,29585,8166046,226020,3550348,0,0,0,249,313,199,283,244,328,225,222,282,136,180,168,0,,
2,1775670467280,-205,-512,11170,1172861,-237015,357967,0,0,0,301,430,263,397,380,429,566,570,303,424,491,234,0,,
1,1775670467296,-8298,6341,26446,8449487,821002,3682295,0,0,0,235,288,210,268,204,301,272,246,276,143,211,126,0,,
2,1775670467296,-545,320,11160,682947,-102625,185703,0,0,0,330,439,292,398,375,427,574,569,314,426,494,244,0,,
1,1775670467312,-10241,9629,16807,7927809,1365894,3532022,0,0,0,237,286,222,271,195,297,294,258,280,149,225,123,0,,
2,1775670467312,-90,1033,10815,434936,-64751,46425,0,0,0,337,448,286,408,384,436,577,570,319,432,497,261,0,,
1,1775670467328,-10993,12007,9605,6206390,1108109,3020117,0,0,0,229,294,220,271,203,299,294,268,280,147,235,125,0,,
2,1775670467328,253,1139,10437,346971,-57421,14660,0,0,0,345,451,282,417,390,441,578,566,320,425,481,268,0,,
1,1775670467344,-7193,16199,9155,2627942,444709,1514945,0,0,0,229,299,219,267,203,294,296,267,273,149,235,125,0,,
2,1775670467344,339,1143,10313,311541,-72082,10995,0,0,0,355,453,303,420,393,449,577,557,325,426,473,279,0,,
1,1775670467360,-3857,16123,9332,-1555262,860098,-928515,0,0,0,230,304,215,268,203,289,296,265,264,154,234,121,0,,
2,1775670467360,201,1282,10323,311541,-102625,-1221,0,0,0,361,458,300,421,395,448,575,545,326,421,458,290,0,,
1,1775670467376,-5494,10882,6613,-3794694,1494176,-2470339,0,0,0,229,306,211,270,205,288,299,269,262,153,236,120,0,,
2,1775670467376,0,1426,10303,370184,-54977,-23212,0,0,0,367,461,289,428,402,453,577,542,334,320,341,319,0,,
1,1775670467392,-8332,5742,3129,-3913202,1244943,-2326174,0,0,0,226,299,212,267,208,288,295,269,264,159,239,123,0,,
2,1775670467392,-43,1368,10241,452040,48869,-41538,0,0,0,370,462,285,435,409,460,576,536,341,243,249,344,0,,
1,1775670467408,-6829,4556,2694,-3715282,364075,-1337794,0,0,0,223,303,211,265,210,287,303,275,267,155,241,123,0,,
2,1775670467408,67,1162,10107,498466,142942,-48869,0,0,0,372,466,281,438,411,462,572,524,339,241,237,351,0,,
1,1775670467424,-3905,5187,4407,-4048814,147829,-741590,0,0,0,223,300,212,264,208,289,295,271,263,156,239,120,0,,
2,1775670467424,224,1000,9992,504574,186924,-58643,0,0,0,377,470,276,440,411,462,575,514,337,240,224,358,0,,
1,1775670467440,-3445,5384,6216,-4757418,613308,-719599,0,0,0,221,298,216,266,204,288,306,277,267,154,241,117,0,,
2,1775670467440,330,918,9925,481361,174707,-74525,0,0,0,375,466,276,441,410,463,574,499,338,244,219,366,0,,
1,1775670467456,-4814,4848,7441,-5417152,831998,-768468,0,0,0,225,300,216,269,205,285,303,274,264,158,243,116,0,,
2,1775670467456,406,851,9901,443488,131946,-85521,0,0,0,379,464,287,443,407,468,571,491,344,242,217,372,0,,
1,1775670467472,-6092,4120,8494,-5903401,497244,-741590,0,0,0,225,301,215,270,205,289,299,270,262,160,242,117,0,,
2,1775670467472,473,804,9892,401949,75747,-90408,0,0,0,390,474,280,443,407,465,568,480,343,274,244,373,0,,
1,1775670467488,-5709,3498,10217,-6359107,-141720,-756251,0,0,0,225,302,215,270,205,292,301,272,262,158,239,116,0,,
2,1775670467488,516,780,9925,360410,3665,-97738,0,0,0,399,468,278,449,409,473,568,477,348,246,204,386,0,,
1,1775670467504,-5111,2598,12242,-6754947,-577878,-946841,0,0,0,226,301,217,272,206,294,307,274,263,158,238,116,0,,
2,1775670467504,464,751,9964,331088,-56199,-103847,0,0,0,410,467,276,464,421,478,569,462,343,246,201,400,0,,
1,1775670467520,-5197,1560,14036,-6971194,-874759,-1126435,0,0,0,225,301,219,274,207,296,306,271,262,163,241,119,0,,
2,1775670467520,368,698,9978,305432,-101403,-105068,0,0,0,417,469,277,457,425,478,569,454,349,240,191,410,0,,
1,1775670467536,-5652,473,16132,-6994406,-1240056,-1172861,0,0,0,226,302,222,274,207,299,305,270,263,166,243,122,0,,
2,1775670467536,282,646,9978,289550,-107512,-92851,0,0,0,423,474,283,456,422,479,567,441,350,246,194,426,0,,
1,1775670467552,-5642,-167,18372,-6873455,-1600466,-1020144,0,0,0,225,301,220,271,204,298,309,278,267,161,242,120,0,,
2,1775670467552,277,607,10021,287106,-101403,-81855,0,0,0,434,478,283,456,418,480,566,434,353,250,186,440,0,,
1,1775670467568,-5206,-775,21186,-6726848,-1820378,-824668,0,0,0,223,304,217,273,209,297,308,288,263,157,242,115,0,,
2,1775670467568,335,579,10098,301767,-89186,-79412,0,0,0,434,492,283,456,422,484,566,425,358,260,181,454,0,,
1,1775670467584,-5116,-1521,24091,-6570466,-1804495,-835663,0,0,0,219,303,225,268,207,305,310,290,267,152,240,119,0,,
2,1775670467584,387,550,10122,340862,-79412,-90408,0,0,0,442,494,285,457,427,483,564,407,356,279,203,470,0,,
1,1775670467600,-6178,-2790,26862,-6373767,-1780061,-1153313,0,0,0,218,301,217,268,204,295,308,273,260,154,232,116,0,,
2,1775670467600,421,502,10098,384845,-68416,-107512,0,0,0,454,501,294,459,435,485,559,386,363,302,226,484,0,,
1,1775670467616,-7499,-5771,29585,-6200282,-2105041,-1576032,0,0,0,221,305,215,269,208,297,308,273,266,153,231,114,0,,
2,1775670467616,507,459,10155,447153,-37873,-139277,0,0,0,464,511,303,467,444,490,554,359,369,302,215,500,0,,
1,1775670467632,-7561,-12873,30710,-6065891,-2625498,-1844813,0,0,0,213,305,214,271,209,300,307,272,265,157,231,113,0,,
2,1775670467632,646,449,10366,537561,2443,-180816,0,0,0,475,522,305,478,454,500,545,328,374,296,199,519,0,,
1,1775670467648,-5350,-23613,28475,-5693264,-2893057,-1758070,0,0,0,224,307,215,285,206,299,334,269,266,170,229,113,0,,
2,1775670467648,832,430,10772,671951,64751,-237015,0,0,0,482,535,301,483,464,513,528,295,390,305,207,536,0,,
1,1775670467664,1340,-34969,22569,-4630358,-2805093,-1237612,0,0,0,218,308,216,274,211,300,318,270,269,167,233,114,0,,
2,1775670467664,851,287,11194,858876,141720,-296880,0,0,0,485,542,292,480,473,519,505,263,403,304,206,548,0,,
1,1775670467680,9480,-41650,17094,-2822197,-1985312,-564439,0,0,0,217,311,217,272,214,301,297,260,269,164,232,118,0,,
2,1775670467680,875,119,11610,1112996,206472,-355523,0,0,0,497,550,287,480,491,523,475,255,399,295,206,566,0,,
1,1775670467696,13921,-44555,13926,-868650,-667064,232128,0,0,0,218,310,211,271,216,292,313,310,263,195,279,116,0,,
2,1775670467696,985,71,12328,1492954,194255,-405614,0,0,0,499,546,267,494,501,536,431,234,391,264,176,568,0,,
1,1775670467712,13156,-40502,15577,830776,780685,966388,0,0,0,220,296,198,272,206,276,367,373,253,245,344,97,0,,
2,1775670467712,961,210,13802,2021963,114842,-456927,0,0,0,501,547,265,504,509,541,387,227,397,266,180,599,0,,
1,1775670467728,6499,-17884,18947,2621833,2484999,1065348,0,0,0,227,273,171,273,185,254,422,421,243,288,391,83,0,,
2,1775670467728,971,320,15252,2673146,31764,-513126,0,0,0,505,536,234,495,529,530,339,216,392,261,184,598,0,,
1,1775670467744,-3943,14577,16367,4028045,3778812,846659,0,0,0,238,259,148,276,170,240,453,452,237,325,414,79,0,,
2,1775670467744,1335,287,16472,3490483,7330,-608421,0,0,0,506,538,261,484,503,550,299,185,400,252,170,590,0,,
1,1775670467760,-5096,13811,14118,4741535,3147177,615752,0,0,0,247,262,154,286,169,254,463,463,245,357,423,80,0,,
2,1775670467760,2072,406,18339,4346917,25656,-739146,0,0,0,507,530,251,484,498,549,272,156,388,250,161,562,0,,
1,1775670467776,-1182,780,17956,5385387,1596801,346971,0,0,0,246,267,163,292,169,275,466,467,262,377,428,90,0,,
2,1775670467776,3345,765,21430,5343849,23212,-939510,0,0,0,505,513,257,474,491,540,274,153,398,239,150,506,0,,
1,1775670467792,1756,-6044,22340,4686558,277332,300545,0,0,0,247,275,168,304,182,275,477,476,264,398,433,87,0,,
2,1775670467792,4570,631,26106,6641326,9773,-1240056,0,0,0,477,492,235,468,478,511,281,155,382,225,145,447,0,,
1,1775670467808,-1957,-1296,18281,2900388,277332,476474,0,0,0,247,285,205,317,205,310,490,491,279,394,435,101,0,,
2,1775670467808,5680,425,30222,7833735,289550,-1532050,0,0,0,420,471,213,446,454,482,277,161,358,203,134,382,0,,
1,1775670467824,-5187,1282,12289,1525941,543670,163711,0,0,0,252,297,235,326,223,352,501,502,311,422,449,151,0,,
2,1775670467824,6384,2282,32395,8902749,1117883,-1919338,0,0,0,357,447,206,402,420,446,283,186,322,175,121,323,0,,
1,1775670467840,-3364,-138,10150,985936,544891,-246789,0,0,0,281,303,241,338,213,356,519,504,313,430,476,190,0,,
2,1775670467840,5369,5522,32916,9534384,1855808,-2392148,0,0,0,298,425,213,356,384,400,299,229,280,140,111,253,0,,
1,1775670467856,-1564,-722,10447,475253,420275,-262672,0,0,0,295,310,267,345,219,362,526,524,321,429,487,213,0,,
2,1775670467856,4647,7614,28815,9547823,1712866,-2764776,0,0,0,262,414,229,331,363,374,307,271,266,111,106,188,0,,
1,1775670467872,-1713,330,10935,157603,290771,-70860,0,0,0,321,312,272,356,218,361,532,532,341,425,489,231,0,,
2,1775670467872,7633,9313,15568,9005375,762359,-3145955,0,0,0,272,415,236,328,363,380,310,291,271,111,112,193,0,,
1,1775670467888,-2153,1028,10648,128281,211359,7330,0,0,0,326,322,281,359,223,372,535,525,349,425,484,259,0,,
2,1775670467888,6374,12380,9049,7518529,-404392,-3337767,0,0,0,274,418,244,327,363,378,307,293,265,113,114,194,0,,
1,1775670467904,-2191,995,10169,250454,147829,19547,0,0,0,322,336,291,360,230,387,532,513,350,427,478,283,0,,
2,1775670467904,2837,19411,8183,2825862,-1734857,-1870469,0,0,0,270,417,230,328,363,373,308,291,259,111,112,191,0,,
1,1775670467920,-1962,713,10169,302989,75747,35430,0,0,0,322,339,306,360,233,398,528,505,346,425,476,294,0,,
2,1775670467920,3536,19617,8949,-2884505,-2596177,404392,0,0,0,276,423,236,329,363,372,313,296,260,115,112,193,0,,
1,1775670467936,-1938,693,10232,313984,-7330,59864,0,0,0,328,348,306,364,242,400,526,491,342,425,469,297,0,,
2,1775670467936,6862,11107,8695,-6001140,-2647489,1649336,0,0,0,269,421,233,328,363,373,312,297,261,112,113,193,0,,
1,1775670467952,-2048,784,10141,339641,-69638,85521,0,0,0,332,365,291,374,257,397,524,471,342,421,452,304,0,,
2,1775670467952,8078,4398,5829,-5864306,-2084272,1112996,0,0,0,259,422,234,327,364,374,314,299,262,115,117,196,0,,
1,1775670467968,-2129,727,9916,361632,-96516,103847,0,0,0,328,376,286,379,267,399,521,459,347,411,440,312,0,,
2,1775670467968,7619,2675,3723,-5326744,-1229060,130725,0,0,0,258,427,240,327,365,375,312,299,259,115,117,195,0,,
1,1775670467984,-2172,559,9700,334754,-76969,108734,0,0,0,324,386,277,371,274,397,522,450,349,412,437,308,0,,
2,1775670467984,6034,3962,4891,-5589416,-472809,-393397,0,0,0,254,426,239,331,370,378,314,303,260,114,117,192,0,,
1,1775670468000,-2134,430,9619,255341,-39095,111177,0,0,0,316,389,262,365,264,396,527,445,357,402,427,300,0,,
2,1775670468000,4422,4460,6709,-5965709,-2443,-508239,0,0,0,253,428,239,332,370,378,313,305,260,115,118,191,0,,
1,1775670468016,-2048,421,9614,167377,-13439,111177,0,0,0,316,379,257,364,262,401,521,434,353,405,430,300,0,,
2,1775670468016,3283,4245,8078,-6130643,270002,-257785,0,0,0,254,428,238,330,368,376,314,306,260,113,117,189,0,,
1,1775670468032,-2029,545,9614,118507,-3665,108734,0,0,0,316,378,249,367,259,397,525,429,353,409,410,306,0,,
2,1775670468032,3220,4096,8872,-6167295,629191,213802,0,0,0,252,428,237,329,368,375,316,308,263,112,117,189,0,,
1,1775670468048,-2100,693,9652,151494,15882,108734,0,0,0,331,383,247,391,267,397,520,410,356,392,407,324,0,,
2,1775670468048,3268,4020,10064,-6300464,1153313,713490,0,0,0,251,430,238,330,371,377,313,309,265,112,119,190,0,,
1,1775670468064,-2091,689,9729,216246,35430,111177,0,0,0,320,394,249,377,292,406,520,406,352,371,398,325,0,,
2,1775670468064,2632,3933,11974,-6509379,1650557,1147204,0,0,0,251,431,239,329,371,376,312,309,266,114,122,191,0,,
1,1775670468080,-1971,569,9734,265115,39095,113620,0,0,0,312,393,259,368,290,411,508,390,352,365,394,360,0,,
2,1775670468080,1909,3699,14036,-6677978,1728748,1426981,0,0,0,250,428,238,327,368,374,320,309,265,118,123,193,0,,
1,1775670468096,-1885,469,9686,282219,24434,107512,0,0,0,313,392,263,369,293,426,506,392,360,364,386,357,0,,
2,1775670468096,2110,3091,15884,-6765943,1655444,1506393,0,0,0,251,428,239,331,370,378,322,312,267,117,122,193,0,,
1,1775670468112,-1895,397,9662,282219,4886,97738,0,0,0,316,391,267,384,302,430,508,382,370,360,373,350,0,,
2,1775670468112,2756,2416,18200,-6756169,1698205,1238834,0,0,0,255,430,242,332,371,379,324,315,269,117,122,192,0,,
1,1775670468128,-1952,354,9734,290771,-1221,98960,0,0,0,323,401,275,387,321,441,507,368,370,355,363,363,0,,
2,1775670468128,2924,2383,21229,-6789156,1778839,906524,0,0,0,253,430,241,336,372,380,324,313,267,119,120,191,0,,
1,1775670468144,-2014,335,9815,317649,0,116064,0,0,0,341,410,292,392,327,450,506,357,372,351,346,381,0,,
2,1775670468144,2986,2670,25360,-6961420,1788613,740368,0,0,0,255,430,241,337,372,380,330,312,269,119,122,194,0,,
1,1775670468160,-2100,320,9834,371406,10995,145385,0,0,0,356,416,291,400,322,441,506,351,378,347,325,391,0,,
2,1775670468160,3244,1115,29442,-7166670,1805717,1078788,0,0,0,251,426,239,335,368,380,328,302,269,145,163,194,0,,
1,1775670468176,-2148,315,9916,447153,29321,180816,0,0,0,355,425,270,404,330,437,504,339,379,343,311,404,0,,
2,1775670468176,3709,-3742,32141,-7153231,2006081,1688431,0,0,0,249,426,239,335,366,384,327,294,269,153,167,194,0,,
1,1775670468192,-2187,291,10141,565661,43982,227241,0,0,0,364,431,290,420,341,456,509,299,385,344,294,428,0,,
2,1775670468192,3771,-13137,33357,-6743952,2389704,2202780,0,0,0,252,426,235,342,369,385,331,293,271,153,164,189,0,,
1,1775670468208,-2254,215,10361,726929,59864,285884,0,0,0,385,447,293,429,349,459,500,275,396,334,267,450,0,,
2,1775670468208,3187,-27327,30662,-5662720,2206445,2036624,0,0,0,253,428,238,343,370,386,333,295,274,152,164,190,0,,
1,1775670468224,-2325,90,10514,878424,72082,340862,0,0,0,391,452,294,457,366,482,495,252,419,324,242,483,0,,
2,1775670468224,1253,-38511,23656,-4076914,1810604,1154535,0,0,0,253,427,236,343,371,387,336,297,277,153,167,192,0,,
1,1775670468240,-2440,4,10811,1031140,57421,403171,0,0,0,395,463,270,457,365,496,463,237,419,291,224,508,0,,
2,1775670468240,-5623,-43196,17597,-1971872,1524719,-280998,0,0,0,253,426,236,342,369,387,336,297,276,155,168,193,0,,
1,1775670468256,-2498,-105,11390,1230282,3665,485026,0,0,0,408,486,264,462,376,530,407,226,422,298,212,524,0,,
2,1775670468256,-11452,-43302,15898,-186924,679282,-1210734,0,0,0,251,426,235,344,371,386,341,321,273,146,163,191,0,,
1,1775670468272,-2167,-287,12581,1563815,-113620,568104,0,0,0,433,497,262,465,407,529,412,218,411,276,197,558,0,,
2,1775670468272,-10098,-38353,16783,1304808,-601091,-1276708,0,0,0,249,419,228,347,372,383,372,392,268,143,175,184,0,,
1,1775670468288,-1943,-416,13797,2034181,-160046,603534,0,0,0,435,478,220,489,460,545,366,209,415,264,187,563,0,,
2,1775670468288,-3230,-14534,20847,2752558,-1513724,-836885,0,0,0,246,392,211,343,356,374,420,462,261,160,220,179,0,,
1,1775670468304,-2407,-459,14654,2647489,-72082,629191,0,0,0,440,463,205,465,449,519,322,205,417,263,183,571,0,,
2,1775670468304,4809,22574,17831,3340211,-2503325,-227241,0,0,0,244,358,187,334,333,364,453,470,256,179,268,177,0,,
1,1775670468320,-3067,-229,15788,3371976,6108,763581,0,0,0,455,459,200,459,444,513,261,203,413,241,177,551,0,,
2,1775670468320,5522,21651,8394,3660304,-3130073,224798,0,0,0,253,361,177,337,331,369,475,481,258,209,318,171,0,,
1,1775670468336,-4316,67,17688,4223522,75747,981049,0,0,0,466,452,206,441,448,504,216,195,412,219,166,533,0,,
2,1775670468336,90,1660,10949,4987103,-2355496,397062,0,0,0,257,366,183,343,329,376,491,499,266,290,403,166,0,,
1,1775670468352,-7245,392,20047,5164254,230907,1385442,0,0,0,457,427,224,418,424,496,191,170,403,192,141,486,0,,
2,1775670468352,-4833,-7686,21823,5544212,-676838,211359,0,0,0,263,382,205,361,337,385,512,539,270,368,469,168,0,,
1,1775670468368,-10543,86,23383,6285803,456927,2085493,0,0,0,416,399,229,397,377,475,178,160,380,163,121,406,0,,
2,1775670468368,-2177,-512,23048,4103792,81855,-351858,0,0,0,287,429,252,380,362,406,517,556,277,404,499,206,0,,
1,1775670468384,-11667,-497,26939,7246083,533896,2802649,0,0,0,360,383,213,370,344,430,180,177,345,148,126,328,0,,
2,1775670468384,1852,2196,18434,2307848,270002,-481361,0,0,0,325,467,260,391,387,420,519,564,286,411,510,240,0,,
1,1775670468400,-10327,808,30083,8130616,496022,3413514,0,0,0,310,363,205,336,320,385,197,191,306,140,152,254,0,,
2,1775670468400,3105,162,12524,807563,145385,-94073,0,0,0,355,471,277,402,392,436,501,548,323,415,511,258,0,,
1,1775670468416,-7351,2885,31624,8621751,910189,3671300,0,0,0,238,319,193,275,251,322,236,232,271,138,193,175,0,,
2,1775670468416,1517,23,10294,331088,35430,108734,0,0,0,370,473,291,409,393,440,526,568,307,431,517,266,0,,
1,1775670468432,-8384,5116,26704,8685281,1584584,3528357,0,0,0,251,275,214,258,178,273,293,258,259,150,207,115,0,,
2,1775670468432,1019,1057,10093,205250,-7330,75747,0,0,0,380,478,302,412,390,442,541,579,299,430,513,273,0,,
1,1775670468448,-10686,8691,16606,8210028,1749518,3341432,0,0,0,256,295,222,263,189,281,297,268,260,151,233,122,0,,
2,1775670468448,1335,1536,10332,133168,-46425,0,0,0,0,390,480,309,415,390,444,545,581,303,427,510,279,0,,
1,1775670468464,-9954,12026,10002,6414085,1362229,2717128,0,0,0,242,295,221,262,189,281,294,276,257,150,230,121,0,,
2,1775670468464,1450,1593,10256,51312,-75747,-20769,0,0,0,395,479,308,415,391,445,545,581,300,428,512,280,0,,
1,1775670468480,-6178,16467,9758,2051285,1160643,327423,0,0,0,241,298,214,269,196,286,303,276,260,159,230,122,0,,
2,1775670468480,1378,1627,10136,29321,-97738,-20769,0,0,0,397,478,302,414,390,441,543,579,295,430,511,278,0,,
1,1775670468496,-5154,15951,9227,-2149023,1481959,-2417804,0,0,0,237,299,212,263,195,287,302,276,257,154,227,121,0,,
2,1775670468496,1268,1794,10174,86742,-119729,-40317,0,0,0,400,479,296,412,388,435,541,571,297,436,504,277,0,,
1,1775670468512,-7997,9954,5489,-3682295,1468520,-3280346,0,0,0,230,299,212,261,196,288,306,280,261,153,228,120,0,,
2,1775670468512,1153,1866,10189,166155,-102625,-63529,0,0,0,400,480,292,410,387,431,535,559,299,447,495,274,0,,
1,1775670468528,-9121,5599,2464,-3896098,774577,-2701246,0,0,0,229,300,212,262,197,289,308,282,260,155,231,121,0,,
2,1775670468528,1086,1789,10035,246789,-40317,-84299,0,0,0,405,485,287,410,390,432,535,551,309,441,479,276,0,,
1,1775670468544,-6905,4398,2191,-3876550,-51312,-1507615,0,0,0,232,302,213,262,198,290,307,282,259,158,234,122,0,,
2,1775670468544,1072,1703,9844,296880,15882,-94073,0,0,0,407,488,287,413,392,438,531,541,313,391,434,298,0,,
1,1775670468560,-4393,5010,4139,-4409225,-10995,-913854,0,0,0,232,303,213,264,199,291,305,281,259,159,238,122,0,,
2,1775670468560,1139,1655,9724,318871,52534,-98960,0,0,0,417,494,288,416,394,438,535,541,316,256,281,327,0,,
1,1775670468576,-3972,5317,6207,-5203350,320093,-718377,0,0,0,230,302,211,263,199,289,304,279,257,159,242,120,0,,
2,1775670468576,1263,1588,9705,320093,36651,-97738,0,0,0,422,499,297,416,398,440,533,533,318,241,258,336,0,,
1,1775670468592,-4958,4800,7470,-5797111,124616,-734260,0,0,0,228,303,211,263,198,290,304,280,258,155,241,119,0,,
2,1775670468592,1363,1493,9700,312763,-4886,-92851,0,0,0,422,499,297,417,399,443,536,527,324,241,253,339,0,,
1,1775670468608,-4982,4087,8791,-6234490,-343306,-795346,0,0,0,230,307,211,265,198,290,307,284,259,154,238,117,0,,
2,1775670468608,1397,1430,9700,294437,-64751,-87964,0,0,0,422,496,295,424,401,446,533,514,323,242,242,350,0,,
1,1775670468624,-4297,3134,10327,-6531371,-824668,-988379,0,0,0,227,305,214,265,202,290,308,287,257,155,234,118,0,,
2,1775670468624,1354,1435,9748,284663,-113620,-85521,0,0,0,427,499,296,429,405,451,536,503,323,281,274,353,0,,
1,1775670468640,-4163,2057,11816,-6599788,-1122770,-1229060,0,0,0,227,300,210,265,203,290,308,287,257,155,238,118,0,,
2,1775670468640,1282,1435,9801,290771,-145385,-85521,0,0,0,435,507,303,435,411,458,537,499,328,260,247,372,0,,
1,1775670468656,-4388,1273,13491,-6544810,-1415985,-1354899,0,0,0,223,303,211,265,206,291,306,288,256,158,239,119,0,,
2,1775670468656,1186,1368,9825,300545,-145385,-83077,0,0,0,442,511,313,439,415,466,539,487,337,247,220,386,0,,
1,1775670468672,-4623,1014,15611,-6493497,-1694540,-1302364,0,0,0,220,300,212,267,206,294,307,288,256,156,236,116,0,,
2,1775670468672,1139,1320,9849,309097,-128281,-78190,0,0,0,451,514,319,439,417,471,534,472,339,247,209,403,0,,
1,1775670468688,-4560,804,18425,-6592457,-1919338,-1127657,0,0,0,223,298,211,268,205,293,309,289,258,157,237,121,0,,
2,1775670468688,1158,1306,9935,332310,-103847,-75747,0,0,0,458,520,323,438,418,476,528,458,347,245,201,420,0,,
1,1775670468704,-4417,277,21483,-6754947,-2072054,-1006705,0,0,0,224,300,213,268,205,293,313,292,262,159,238,121,0,,
2,1775670468704,1239,1277,10040,382401,-87964,-83077,0,0,0,465,525,329,443,424,481,524,443,354,247,193,439,0,,
1,1775670468720,-4460,-708,24752,-6757391,-2145358,-1160643,0,0,0,224,302,215,268,204,293,314,289,262,160,237,120,0,,
2,1775670468720,1287,1229,10074,439822,-79412,-101403,0,0,0,473,527,330,454,435,486,523,424,354,257,190,460,0,,
1,1775670468736,-4589,-2110,28178,-6577796,-2191784,-1607797,0,0,0,222,301,213,268,204,291,315,284,263,160,234,122,0,,
2,1775670468736,1282,1148,10093,498466,-67195,-122173,0,0,0,481,534,329,465,444,496,525,397,357,263,185,476,0,,
1,1775670468752,-5273,-5307,31562,-6283359,-2291966,-2349387,0,0,0,223,301,210,271,204,292,317,282,268,161,229,126,0,,
2,1775670468752,1335,1072,10203,566882,-35430,-142942,0,0,0,492,552,340,475,458,507,511,355,357,255,178,496,0,,
1,1775670468768,-6925,-14089,32921,-5986479,-2406809,-2965139,0,0,0,229,303,211,274,203,294,319,275,269,168,221,123,0,,
2,1775670468768,1536,1043,10385,645073,9773,-172263,0,0,0,501,561,361,465,458,506,489,313,365,261,173,518,0,,
1,1775670468784,-7906,-26479,28963,-5599190,-2349387,-2737898,0,0,0,228,304,211,277,203,294,323,275,266,169,221,116,0,,
2,1775670468784,1976,995,10677,747699,87964,-249233,0,0,0,510,565,361,466,458,510,472,282,371,265,170,535,0,,
1,1775670468800,-2502,-37932,20780,-4482529,-2828306,-1389107,0,0,0,228,309,214,272,202,296,315,275,265,165,222,114,0,,
2,1775670468800,2254,837,11155,885754,200363,-388510,0,0,0,512,563,361,460,458,512,450,255,387,273,173,563,0,,
1,1775670468816,9097,-43014,15979,-2720793,-2796541,-145385,0,0,0,225,308,214,274,203,296,318,277,270,173,233,120,0,,
2,1775670468816,1818,708,12112,1161865,280998,-508239,0,0,0,513,563,336,478,477,531,426,239,386,267,176,563,0,,
1,1775670468832,15802,-43728,15458,-565661,-675616,663399,0,0,0,218,295,203,271,203,286,329,313,272,211,315,115,0,,
2,1775670468832,1354,737,13194,1696983,268780,-510683,0,0,0,518,558,306,483,485,535,383,229,388,274,177,578,0,,
1,1775670468848,12510,-37626,17961,1372003,1835039,1265712,0,0,0,228,279,186,277,193,263,389,379,244,269,389,90,0,,
2,1775670468848,1397,813,14185,2322509,183259,-470366,0,0,0,515,567,288,481,501,540,340,239,382,269,182,586,0,,
1,1775670468864,1483,-12419,17487,3296228,3794694,1738522,0,0,0,241,258,156,277,173,242,434,438,229,301,407,83,0,,
2,1775670468864,2062,799,15242,2988352,7330,-459370,0,0,0,524,564,272,478,504,532,311,233,389,267,181,588,0,,
1,1775670468880,-7724,13357,13711,4460537,3737273,1660331,0,0,0,246,257,153,280,168,241,460,462,242,334,417,80,0,,
2,1775670468880,3043,918,16616,3755599,-207694,-535117,0,0,0,520,559,265,470,506,529,285,215,380,268,185,590,0,,
1,1775670468896,-6609,8705,14874,5227784,2293188,967610,0,0,0,248,259,161,291,167,253,469,469,262,379,427,80,0,,
2,1775670468896,4422,1124,18367,4521624,-439822,-722042,0,0,0,517,550,261,459,506,518,262,194,369,257,174,566,0,,
1,1775670468912,-784,-2809,21823,5117828,610865,245567,0,0,0,250,269,173,304,185,272,479,478,267,409,434,84,0,,
2,1775670468912,6441,1172,21148,5508782,-713490,-1102000,0,0,0,509,534,256,462,504,513,252,175,366,241,155,512,0,,
1,1775670468928,358,-3747,22732,3582113,-37873,290771,0,0,0,254,282,198,326,204,299,485,484,269,418,437,94,0,,
2,1775670468928,8255,1072,24599,6688974,-946841,-1628566,0,0,0,476,517,246,454,498,506,247,165,358,224,144,449,0,,
1,1775670468944,-3273,71,16113,1805717,-70860,448375,0,0,0,267,294,225,345,213,326,494,491,282,416,444,120,0,,
2,1775670468944,9102,1651,28810,7842287,-944397,-2179567,0,0,0,414,495,229,423,476,481,250,172,338,202,137,386,0,,
1,1775670468960,-4460,1129,9767,957836,-103847,28099,0,0,0,296,305,245,349,217,338,515,500,289,408,460,155,0,,
2,1775670468960,8643,3933,31409,8675508,-671951,-2614503,0,0,0,343,464,221,389,426,440,269,203,307,171,127,323,0,,
1,1775670468976,-3244,344,8432,616973,-30543,-216246,0,0,0,329,311,266,351,215,335,534,499,296,407,475,173,0,,
2,1775670468976,6925,6781,30830,9127548,-246789,-2935818,0,0,0,292,437,229,346,381,396,284,243,271,135,114,252,0,,
1,1775670468992,-2517,43,9954,265115,103847,-139277,0,0,0,332,318,280,348,215,342,543,499,323,409,480,186,0,,
2,1775670468992,7312,8236,23914,9092118,213802,-3222925,0,0,0,255,417,230,327,360,371,298,265,261,118,116,192,0,,
1,1775670469008,-2675,684,10567,35430,151494,-31764,0,0,0,337,327,290,354,222,351,547,502,328,423,478,197,0,,
2,1775670469008,8413,9729,14979,8707273,250454,-3606548,0,0,0,265,428,239,329,365,377,300,283,270,122,128,199,0,,
1,1775670469024,-2837,1316,10131,45204,117286,0,0,0,0,348,339,305,364,228,346,553,499,342,428,478,211,0,,
2,1775670469024,5790,11596,11897,7778757,-623082,-3755599,0,0,0,265,430,241,335,371,382,305,291,266,122,129,197,0,,
1,1775670469040,-2670,1311,9858,171042,68416,17104,0,0,0,345,335,312,364,230,355,558,495,345,422,485,232,0,,
2,1775670469040,1641,18970,9767,4078136,-2190562,-2145358,0,0,0,257,428,231,332,369,378,301,287,259,123,129,195,0,,
1,1775670469056,-2536,1124,9959,241902,20769,43982,0,0,0,340,343,314,360,231,360,552,487,348,430,469,246,0,,
2,1775670469056,3804,21339,6642,-1237612,-2583959,282219,0,0,0,257,429,230,327,364,373,301,282,256,144,172,195,0,,
1,1775670469072,-2546,1105,10035,270002,-48869,73303,0,0,0,342,345,312,373,237,364,548,455,355,432,458,257,0,,
2,1775670469072,7666,14745,6298,-5426926,-1522276,1996307,0,0,0,256,430,230,332,366,377,305,281,256,152,183,200,0,,
1,1775670469088,-2589,1143,9944,302989,-120951,95294,0,0,0,348,349,294,382,239,364,546,441,359,424,443,269,0,,
2,1775670469088,7116,6302,7240,-6366437,-456927,1886351,0,0,0,255,430,233,332,365,377,305,281,257,155,185,196,0,,
1,1775670469104,-2641,1086,9830,321315,-152716,107512,0,0,0,351,357,293,384,243,362,545,428,361,409,434,273,0,,
2,1775670469104,5398,3211,6781,-6035348,-357967,1210734,0,0,0,255,431,235,332,365,378,305,283,259,158,190,196,0,,
1,1775670469120,-2713,938,10739,227241,-69638,113620,0,0,0,347,361,289,379,253,369,541,422,367,400,429,288,0,,
2,1775670469120,4828,2622,6116,-5766567,-492357,590095,0,0,0,251,433,234,330,366,377,306,284,260,159,194,196,0,,
1,1775670469136,-2723,914,10686,200363,-19547,116064,0,0,0,342,364,285,372,261,373,541,417,374,392,419,295,0,,
2,1775670469136,4503,2646,6762,-5856975,-237015,280998,0,0,0,248,432,232,331,368,379,306,286,260,158,194,195,0,,
1,1775670469152,-2680,933,9705,259006,-32986,117286,0,0,0,336,365,283,370,264,377,543,410,380,387,408,295,0,,
2,1775670469152,3450,3139,8604,-6075665,226020,417831,0,0,0,249,431,233,332,368,379,307,289,258,156,190,192,0,,
1,1775670469168,-2613,899,9198,280998,-37873,118507,0,0,0,331,363,279,371,265,385,537,402,385,386,407,304,0,,
2,1775670469168,3058,3551,9987,-6250373,525344,796568,0,0,0,251,433,235,331,366,376,306,288,255,155,188,191,0,,
1,1775670469184,-2536,866,9408,250454,-32986,117286,0,0,0,334,365,280,371,266,387,529,392,386,383,406,315,0,,
2,1775670469184,3661,3292,11127,-6450736,847880,1297477,0,0,0,252,434,237,331,367,376,305,287,254,157,188,191,0,,
1,1775670469200,-2498,885,9624,238237,-50090,112399,0,0,0,339,368,281,380,272,393,532,387,390,381,400,322,0,,
2,1775670469200,3900,2230,12778,-6623000,1247386,1631010,0,0,0,252,432,234,333,369,379,305,287,254,156,187,190,0,,
1,1775670469216,-2560,885,9614,241902,-52534,103847,0,0,0,344,364,277,381,271,385,531,381,392,371,389,326,0,,
2,1775670469216,3804,1072,14639,-6685309,1494176,1811826,0,0,0,252,434,236,335,371,382,308,289,257,154,183,190,0,,
1,1775670469232,-2603,808,9547,237015,-24434,90408,0,0,0,345,368,274,382,272,393,534,373,397,364,373,350,0,,
2,1775670469232,3986,229,16314,-6577796,1555262,1784948,0,0,0,250,434,236,334,369,381,312,294,263,152,182,192,0,,
1,1775670469248,-2574,741,9566,238237,-3665,80634,0,0,0,348,364,271,389,287,401,526,368,394,365,363,342,0,,
2,1775670469248,4182,124,18023,-6455623,1587027,1649336,0,0,0,250,437,239,331,368,377,313,295,262,151,180,192,0,,
1,1775670469264,-2546,727,9662,260228,-17104,87964,0,0,0,349,373,283,385,304,418,519,353,394,364,369,364,0,,
2,1775670469264,4369,775,20267,-6429967,1612684,1479515,0,0,0,252,437,237,336,369,379,317,294,261,151,172,191,0,,
1,1775670469280,-2546,693,9700,299323,-50090,107512,0,0,0,349,408,276,386,301,414,520,346,393,361,354,363,0,,
2,1775670469280,4785,1445,23273,-6543588,1668883,1365894,0,0,0,253,437,238,336,370,378,317,294,262,152,173,191,0,,
1,1775670469296,-2550,626,9686,349414,-94073,133168,0,0,0,371,397,282,394,290,413,517,330,402,356,341,371,0,,
2,1775670469296,5532,330,27025,-6687752,1808161,1330464,0,0,0,254,437,238,335,369,378,317,294,264,146,165,190,0,,
1,1775670469312,-2574,598,9710,408057,-156381,160046,0,0,0,364,385,275,395,293,421,517,308,406,349,322,389,0,,
2,1775670469312,5628,-3555,29815,-6715852,2045176,1287703,0,0,0,254,437,239,336,368,378,324,294,268,140,149,192,0,,
1,1775670469328,-2703,603,9863,486248,-224798,197920,0,0,0,367,392,264,405,301,435,512,286,410,339,300,407,0,,
2,1775670469328,4297,-11409,30600,-6477614,2266310,1059240,0,0,0,256,438,240,338,369,380,328,294,270,137,144,193,0,,
1,1775670469344,-2962,603,9992,576656,-246789,243124,0,0,0,373,405,266,420,314,453,505,263,423,324,279,421,0,,
2,1775670469344,2689,-21158,28786,-5845980,2169793,599869,0,0,0,259,439,239,343,374,385,329,294,272,139,147,194,0,,
1,1775670469360,-3096,488,10093,701273,-207694,301767,0,0,0,366,432,272,424,328,470,501,248,443,305,253,447,0,,
2,1775670469360,-521,-31816,22612,-4255287,1852143,-306654,0,0,0,258,437,237,346,377,389,330,295,275,142,150,195,0,,
1,1775670469376,-3015,392,10452,861319,-202807,348193,0,0,0,376,459,272,427,339,486,491,244,461,290,223,486,0,,
2,1775670469376,-5575,-37645,17540,-2499660,1561371,-1154535,0,0,0,257,436,237,346,376,390,333,298,277,143,151,195,0,,
1,1775670469392,-2833,282,11031,1092227,-276111,377514,0,0,0,403,432,269,449,357,508,465,232,470,281,205,512,0,,
2,1775670469392,-10495,-39750,15683,-974940,951728,-1561371,0,0,0,254,434,237,345,375,389,338,314,276,141,151,195,0,,
1,1775670469408,-2574,95,11643,1403768,-381179,382401,0,0,0,414,429,248,471,357,522,446,221,469,276,191,544,0,,
2,1775670469408,-10643,-37267,16329,594982,-174707,-1240056,0,0,0,243,424,228,344,373,387,358,374,270,142,169,191,0,,
1,1775670469424,-2794,-157,12184,1716531,-461814,372627,0,0,0,435,444,244,470,362,531,419,211,452,277,177,543,0,,
2,1775670469424,-6001,-23105,19631,2146580,-1226617,-598647,0,0,0,237,401,211,345,366,381,403,449,262,170,225,179,0,,
1,1775670469440,-3388,-296,12869,2122145,-514348,415388,0,0,0,446,452,221,468,398,526,363,207,460,268,181,557,0,,
2,1775670469440,3598,12108,17444,3246137,-2908940,382401,0,0,0,241,356,190,335,337,365,448,464,262,205,256,174,0,,
1,1775670469456,-3977,-172,13754,2659707,-482583,557109,0,0,0,430,454,206,496,420,532,326,204,449,255,174,557,0,,
2,1775670469456,6762,23527,10428,3615100,-4148996,1083674,0,0,0,254,351,180,338,327,365,480,481,271,212,306,176,0,,
1,1775670469472,-4393,33,14783,3240029,-356745,723264,0,0,0,433,448,197,510,420,517,292,185,436,251,156,566,0,,
2,1775670469472,885,6910,9710,4364021,-4030488,1233947,0,0,0,259,362,182,348,331,374,504,504,277,250,360,173,0,,
1,1775670469488,-5809,162,16190,4039040,-129503,987158,0,0,0,443,434,200,493,405,505,229,179,422,212,136,533,0,,
2,1775670469488,-5422,-3450,18506,4618141,-2362826,795346,0,0,0,259,374,220,365,344,396,516,517,290,253,361,176,0,,
1,1775670469504,-7537,138,18387,4910134,3665,1398881,0,0,0,442,414,212,441,377,501,201,165,419,185,118,475,0,,
2,1775670469504,-5585,-1392,23302,3770260,-904080,79412,0,0,0,272,397,247,378,353,401,521,521,296,226,326,192,0,,
1,1775670469520,-9346,-110,22297,5892406,-52534,1962099,0,0,0,420,399,225,402,356,488,183,154,397,168,110,418,0,,
2,1775670469520,-603,2876,19588,2206445,-288328,-360410,0,0,0,285,419,281,387,367,411,529,529,297,227,316,207,0,,
1,1775670469536,-10849,-344,25766,6797708,-127059,2519208,0,0,0,365,377,210,365,333,451,168,151,355,144,104,332,0,,
2,1775670469536,1617,2057,13036,1143539,-131946,-79412,0,0,0,292,436,296,395,380,416,535,535,306,236,313,221,0,,
1,1775670469552,-10045,1052,28489,7487986,24434,2970026,0,0,0,297,345,187,329,302,395,181,167,313,130,115,253,0,,
2,1775670469552,1206,1277,9571,704938,-45204,150272,0,0,0,311,446,303,408,385,421,543,543,308,244,311,238,0,,
1,1775670469568,-8370,2971,29447,7985230,498466,3219259,0,0,0,252,312,185,299,258,332,226,201,279,136,152,192,0,,
2,1775670469568,492,1139,9590,558330,-31764,147829,0,0,0,332,455,318,416,385,425,548,548,305,250,310,251,0,,
1,1775670469584,-9815,4900,25618,8340753,919963,3319441,0,0,0,240,286,193,268,209,283,275,230,259,145,192,125,0,,
2,1775670469584,866,1354,10485,356745,-123394,69638,0,0,0,343,458,328,416,385,426,552,552,306,254,310,260,0,,
1,1775670469600,-11725,8312,17382,8274780,890641,3450166,0,0,0,257,289,217,260,193,286,293,245,269,156,214,130,0,,
2,1775670469600,880,1608,10547,142942,-210137,41538,0,0,0,350,456,334,417,388,429,554,554,307,257,311,266,0,,
1,1775670469616,-11174,10710,10428,7509977,583987,3683517,0,0,0,242,289,217,259,203,295,292,266,276,148,229,129,0,,
2,1775670469616,631,1880,10279,68416,-158824,21991,0,0,0,352,457,343,415,390,434,553,553,308,257,310,271,0,,
1,1775670469632,-7097,14826,9054,4780631,437379,3145955,0,0,0,234,295,216,258,203,291,290,263,266,148,225,124,0,,
2,1775670469632,588,2100,10184,91629,-84299,-3665,0,0,0,355,460,347,411,390,437,557,557,310,253,306,276,0,,
1,1775670469648,-2938,18377,8600,139277,741590,1306029,0,0,0,237,298,214,257,199,283,294,265,262,150,221,124,0,,
2,1775670469648,622,2196,10189,193033,-28099,-28099,0,0,0,359,463,346,410,388,434,555,555,308,252,300,277,0,,
1,1775670469664,-2957,14194,7848,-3704286,1595580,-711047,0,0,0,242,297,214,259,199,285,297,264,262,156,222,124,0,,
2,1775670469664,593,2177,10155,293215,29321,-43982,0,0,0,359,463,343,418,391,438,559,559,313,252,292,282,0,,
1,1775670469680,-5379,7628,6259,-5332853,2081828,-1556484,0,0,0,237,293,213,260,201,287,299,263,262,159,223,125,0,,
2,1775670469680,617,2043,10035,370184,103847,-56199,0,0,0,356,463,338,412,391,442,559,559,320,245,283,288,0,,
1,1775670469696,-7331,3910,4560,-5194797,1635897,-1175304,0,0,0,232,296,216,261,198,292,303,271,266,157,222,126,0,,
2,1775670469696,741,1899,9882,389732,133168,-61086,0,0,0,369,467,333,418,396,442,557,551,315,257,283,300,0,,
1,1775670469712,-6618,3517,4268,-4906469,692721,-571769,0,0,0,232,298,215,262,197,290,306,277,267,158,225,124,0,,
2,1775670469712,861,1804,9791,387288,125838,-65973,0,0,0,363,461,338,409,385,441,557,519,319,397,414,288,0,,
1,1775670469728,-4881,3675,5278,-4872261,103847,-267558,0,0,0,229,297,225,259,196,301,307,280,273,155,225,132,0,,
2,1775670469728,923,1765,9777,370184,87964,-73303,0,0,0,365,462,342,410,383,444,549,502,313,440,447,289,0,,
1,1775670469744,-3900,3795,7030,-5200906,105068,-456927,0,0,0,228,298,224,259,198,299,305,277,270,157,227,131,0,,
2,1775670469744,981,1727,9767,348193,35430,-78190,0,0,0,369,459,335,411,385,448,546,487,311,449,450,296,0,,
1,1775670469760,-4240,3594,8504,-5660277,97738,-877202,0,0,0,229,300,217,262,202,289,303,275,263,160,230,126,0,,
2,1775670469760,995,1703,9767,332310,-12217,-85521,0,0,0,375,459,331,416,387,454,544,475,312,451,445,311,0,,
1,1775670469776,-4996,2957,9705,-6056117,-227241,-1348790,0,0,0,227,301,219,262,203,289,305,278,264,162,229,126,0,,
2,1775670469776,942,1694,9791,331088,-45204,-94073,0,0,0,389,464,329,423,387,455,548,467,314,455,435,320,0,,
1,1775670469792,-4977,2225,11194,-6276029,-706160,-1721418,0,0,0,225,301,219,262,203,291,309,279,268,163,227,122,0,,
2,1775670469792,871,1651,9820,338419,-57421,-97738,0,0,0,402,470,331,425,385,454,552,462,319,449,426,328,0,,
1,1775670469808,-5015,1612,12749,-6427524,-996932,-1914451,0,0,0,223,301,221,261,205,293,309,277,267,157,228,121,0,,
2,1775670469808,861,1564,9815,340862,-62308,-91629,0,0,0,410,473,334,431,389,464,553,455,327,444,420,342,0,,
1,1775670469824,-5364,851,14740,-6553362,-1243721,-1871691,0,0,0,226,301,223,262,205,297,312,274,268,163,231,126,0,,
2,1775670469824,871,1502,9830,342084,-68416,-79412,0,0,0,417,477,332,440,394,475,550,443,330,444,416,359,0,,
1,1775670469840,-5604,28,17152,-6599788,-1467298,-1615127,0,0,0,223,301,235,260,205,307,312,271,275,160,230,134,0,,
2,1775670469840,899,1483,9901,365297,-76969,-75747,0,0,0,424,484,332,443,396,476,545,427,331,442,410,372,0,,
1,1775670469856,-5680,-617,19545,-6557027,-1567480,-1323134,0,0,0,225,306,221,263,209,294,309,267,265,166,236,124,0,,
2,1775670469856,957,1464,10011,423940,-81855,-84299,0,0,0,434,492,340,445,405,480,538,413,335,441,397,386,0,,
1,1775670469872,-6135,-1162,22096,-6448293,-1582140,-1232726,0,0,0,227,306,221,263,209,294,321,274,271,168,233,120,0,,
2,1775670469872,1005,1411,10064,480140,-85521,-100181,0,0,0,445,502,349,444,414,487,539,396,341,445,387,409,0,,
1,1775670469888,-6934,-1943,24833,-6290690,-1643227,-1391551,0,0,0,226,305,221,263,207,293,320,270,271,168,233,120,0,,
2,1775670469888,1062,1335,10069,537561,-86742,-125838,0,0,0,449,509,352,450,431,493,538,378,348,443,366,428,0,,
1,1775670469904,-8025,-3905,27906,-6122091,-1898569,-1814269,0,0,0,222,304,224,261,207,302,315,271,271,167,236,123,0,,
2,1775670469904,1182,1220,10136,597426,-73303,-177150,0,0,0,455,509,349,457,437,496,529,349,349,441,350,456,0,,
1,1775670469920,-8341,-9294,30074,-6045122,-2471560,-2241875,0,0,0,224,304,216,266,209,295,316,274,265,162,231,118,0,,
2,1775670469920,1253,1119,10303,664621,-48869,-238237,0,0,0,467,514,344,468,443,505,530,322,368,433,326,474,0,,
1,1775670469936,-7800,-17386,29523,-5922949,-2756223,-2218662,0,0,0,222,303,213,268,206,292,317,278,262,162,224,114,0,,
2,1775670469936,1215,1086,10619,775798,-15882,-295658,0,0,0,472,520,348,475,442,507,518,285,374,422,304,496,0,,
1,1775670469952,-4972,-28700,24230,-5249775,-2642603,-1317025,0,0,0,221,304,212,269,206,292,317,280,263,199,223,127,0,,
2,1775670469952,1110,1067,11050,963945,42760,-321315,0,0,0,491,533,379,476,453,517,518,271,391,297,197,530,0,,
1,1775670469968,2426,-37970,18090,-3899763,-2474004,23212,0,0,0,224,305,214,270,206,295,318,281,271,196,225,131,0,,
2,1775670469968,1124,1000,11533,1215621,124616,-339641,0,0,0,495,529,353,495,469,525,504,248,397,262,167,539,0,,
1,1775670469984,11524,-42727,14434,-2134363,-1715309,1126435,0,0,0,223,306,215,270,206,297,323,273,273,173,234,122,0,,
2,1775670469984,1282,866,12141,1557706,189368,-362853,0,0,0,494,534,339,497,476,529,481,239,398,274,172,550,0,,
1,1775670470000,13481,-42986,14012,-248011,-15882,1517389,0,0,0,218,301,211,267,209,290,333,286,267,195,272,115,0,,
2,1775670470000,1445,799,13361,2075720,182037,-405614,0,0,0,495,535,318,489,487,538,434,246,396,281,185,567,0,,
1,1775670470016,8518,-34850,16731,1546710,1604132,1384220,0,0,0,221,285,198,265,200,274,366,363,260,231,341,101,0,,
2,1775670470016,1737,827,14467,2598620,56199,-444709,0,0,0,498,536,290,490,500,543,387,238,397,276,185,579,0,,
1,1775670470032,-1430,-2378,17736,3346319,3079982,719599,0,0,0,233,268,167,272,180,248,424,414,244,273,380,87,0,,
2,1775670470032,2301,713,15410,3356093,-169820,-551000,0,0,0,502,536,271,487,502,541,347,217,397,267,173,583,0,,
1,1775670470048,-7494,23081,13256,4034154,3721391,-57421,0,0,0,242,252,158,272,166,239,455,447,245,294,408,83,0,,
2,1775670470048,2861,650,16453,4177096,-284663,-729373,0,0,0,506,527,254,476,500,538,301,197,389,260,168,582,0,,
1,1775670470064,-3311,11060,11816,4602258,3055547,-390953,0,0,0,249,255,157,285,167,249,464,464,255,328,419,87,0,,
2,1775670470064,4154,713,18645,5126381,-267558,-1016479,0,0,0,506,524,249,472,503,531,268,174,381,253,166,567,0,,
1,1775670470080,2230,-3038,16798,5056742,1695761,-431270,0,0,0,249,253,157,303,169,265,475,475,262,382,427,87,0,,
2,1775670470080,5752,1038,22191,6221051,-293215,-1406211,0,0,0,500,519,253,462,488,520,262,154,379,243,158,511,0,,
1,1775670470096,2962,-4551,21823,3980397,770911,-51312,0,0,0,262,270,191,313,181,284,490,490,278,398,437,85,0,,
2,1775670470096,6728,1603,26685,7297396,-366519,-1811826,0,0,0,465,513,256,450,475,512,253,151,365,214,141,427,0,,
1,1775670470112,-1675,-110,18396,2157576,704938,243124,0,0,0,254,279,224,319,201,318,501,500,292,401,447,108,0,,
2,1775670470112,7671,2378,30595,8355414,7330,-2216219,0,0,0,394,477,218,422,443,473,273,167,349,193,127,375,0,,
1,1775670470128,-3699,947,13409,1100779,494800,31764,0,0,0,254,289,249,331,209,340,518,509,305,407,462,136,0,,
2,1775670470128,7274,3541,32002,9204517,792903,-2635272,0,0,0,343,445,213,382,410,426,279,201,300,169,122,326,0,,
1,1775670470144,-2230,71,10878,757472,263893,-216246,0,0,0,276,302,266,345,214,343,528,509,306,403,474,164,0,,
2,1775670470144,4881,3871,31423,9542936,1335351,-2984687,0,0,0,281,419,222,347,373,391,299,249,276,131,112,230,0,,
1,1775670470160,-1325,-62,10567,444709,194255,-177150,0,0,0,304,313,264,353,217,341,538,508,305,404,485,182,0,,
2,1775670470160,5790,5575,23254,9362120,1161865,-3231477,0,0,0,279,414,234,329,357,377,305,275,272,117,111,201,0,,
1,1775670470176,-1593,540,10801,190589,196698,-32986,0,0,0,316,325,263,360,225,347,548,509,306,406,491,192,0,,
2,1775670470176,8265,9944,13213,8740259,621860,-3640756,0,0,0,282,414,236,327,356,378,307,288,272,116,115,198,0,,
1,1775670470192,-1895,1076,10457,151494,158824,31764,0,0,0,319,336,268,361,241,363,550,509,313,401,492,205,0,,
2,1775670470192,5005,16472,9509,6202725,-471587,-3412293,0,0,0,278,417,233,329,359,377,307,292,265,116,116,197,0,,
1,1775670470208,-1794,1191,10184,230907,103847,54977,0,0,0,322,342,267,360,250,372,548,505,327,401,487,219,0,,
2,1775670470208,1603,21416,8274,1565036,-1672549,-1616349,0,0,0,277,418,234,330,360,379,308,293,264,113,113,199,0,,
1,1775670470224,-1617,1100,10145,313984,41538,69638,0,0,0,329,347,268,373,248,368,551,495,330,410,476,230,0,,
2,1775670470224,3067,18334,7906,-3479488,-2415361,836885,0,0,0,277,418,237,331,361,383,312,294,267,114,113,204,0,,
1,1775670470240,-1665,1062,10227,353080,-23212,83077,0,0,0,335,349,271,378,244,376,553,480,324,403,459,241,0,,
2,1775670470240,6566,9471,6776,-5709146,-2095267,1737300,0,0,0,274,420,235,332,360,379,320,294,265,117,115,202,0,,
1,1775670470256,-1751,1115,10174,392175,-65973,94073,0,0,0,348,358,279,383,261,377,543,468,336,410,443,262,0,,
2,1775670470256,7317,3570,5082,-5916840,-1192408,1290147,0,0,0,269,422,235,333,359,374,327,293,262,119,116,198,0,,
1,1775670470272,-1761,1072,9997,428827,-79412,97738,0,0,0,356,356,270,381,261,383,551,469,333,394,429,275,0,,
2,1775670470272,5278,3010,4685,-5464800,-494800,508239,0,0,0,263,424,237,335,364,378,324,296,262,118,117,197,0,,
1,1775670470288,-1823,918,9853,448375,-80634,94073,0,0,0,353,358,264,389,264,390,544,426,333,385,408,287,0,,
2,1775670470288,3598,3732,5872,-5591860,-272445,266337,0,0,0,259,426,239,332,365,379,317,299,264,116,117,196,0,,
1,1775670470304,-1871,741,9715,421497,-50090,94073,0,0,0,358,368,263,387,269,385,537,426,332,381,399,294,0,,
2,1775670470304,3153,4067,7178,-5899736,-74525,375071,0,0,0,256,427,237,327,362,376,310,300,263,116,119,195,0,,
1,1775670470320,-1842,655,9638,378736,-20769,100181,0,0,0,354,376,263,389,276,386,537,408,339,377,378,302,0,,
2,1775670470320,3096,4182,8537,-6183177,364075,697608,0,0,0,257,427,238,329,366,376,321,305,265,117,121,196,0,,
1,1775670470336,-1765,636,9643,335975,-7330,105068,0,0,0,353,383,264,397,275,388,530,399,342,376,361,307,0,,
2,1775670470336,2991,4082,9906,-6425080,822224,1065348,0,0,0,256,427,239,333,366,379,324,305,265,117,120,196,0,,
1,1775670470352,-1703,626,9705,300545,-12217,105068,0,0,0,356,385,271,394,276,390,531,391,348,372,356,312,0,,
2,1775670470352,2814,3622,11323,-6636439,1170417,1364672,0,0,0,256,429,244,332,367,384,294,302,277,113,118,198,0,,
1,1775670470368,-1708,631,9777,287106,-15882,105068,0,0,0,370,387,272,393,295,382,537,379,353,365,344,318,0,,
2,1775670470368,2507,2847,12907,-6752504,1411098,1510058,0,0,0,257,430,243,332,367,381,316,306,270,113,120,196,0,,
1,1775670470384,-1727,631,9844,305432,-13439,108734,0,0,0,384,388,268,395,295,385,535,362,351,354,328,324,0,,
2,1775670470384,2335,2316,14271,-6730513,1540602,1481959,0,0,0,258,431,246,331,366,381,320,307,269,117,122,200,0,,
1,1775670470400,-1703,617,9892,337197,-13439,113620,0,0,0,388,388,257,403,287,395,529,350,348,349,317,336,0,,
2,1775670470400,2215,2038,15922,-6655987,1617571,1297477,0,0,0,256,430,244,330,366,380,323,309,271,119,125,201,0,,
1,1775670470416,-1684,574,9916,373849,-18325,118507,0,0,0,384,392,253,413,300,401,528,341,349,350,311,349,0,,
2,1775670470416,2038,2287,18348,-6655987,1602910,987158,0,0,0,254,430,245,332,367,383,323,309,271,118,124,198,0,,
1,1775670470432,-1737,469,9930,411723,-18325,127059,0,0,0,380,405,265,418,312,417,527,324,349,346,302,359,0,,
2,1775670470432,2163,3000,21445,-6796486,1532050,719599,0,0,0,255,431,245,332,365,386,323,307,273,118,123,197,0,,
1,1775670470448,-1794,339,9930,443488,-15882,146607,0,0,0,381,428,284,440,316,432,530,307,354,349,291,368,0,,
2,1775670470448,2574,3297,25570,-7038389,1547932,709825,0,0,0,255,430,242,336,367,385,329,307,274,121,124,198,0,,
1,1775670470464,-1852,244,9906,480140,-9773,185703,0,0,0,391,423,273,445,327,433,528,295,354,361,281,382,0,,
2,1775670470464,2804,1564,29657,-7176444,1616349,982271,0,0,0,255,429,239,341,369,383,335,306,273,122,123,198,0,,
1,1775670470480,-1943,239,9997,536339,0,234572,0,0,0,383,417,285,448,375,481,522,292,378,324,268,407,0,,
2,1775670470480,3642,-4632,32519,-7040832,1729970,1425759,0,0,0,257,429,240,343,367,387,335,301,277,120,118,198,0,,
1,1775670470496,-2115,277,10260,651182,25656,309097,0,0,0,399,423,273,448,376,485,512,268,382,312,248,431,0,,
2,1775670470496,3967,-16735,32830,-6403089,1866804,1529606,0,0,0,259,429,240,344,367,392,337,300,283,124,118,199,0,,
1,1775670470512,-2239,172,10490,807563,61086,406836,0,0,0,415,430,262,449,378,489,502,244,387,300,228,456,0,,
2,1775670470512,3579,-29743,29557,-5414709,1626123,1170417,0,0,0,260,432,242,343,369,392,338,299,285,128,120,202,0,,
1,1775670470528,-2172,0,10787,952949,52534,505796,0,0,0,406,467,273,450,383,489,486,239,403,297,237,474,0,,
2,1775670470528,105,-40071,21732,-3610213,1563815,256563,0,0,0,260,431,241,345,369,392,338,299,290,124,121,202,0,,
1,1775670470544,-1627,-153,11428,1133765,-17104,566882,0,0,0,434,475,272,464,390,519,479,229,417,288,211,503,0,,
2,1775670470544,-7518,-44618,16826,-1532050,1501506,-656069,0,0,0,261,430,240,346,370,393,340,303,289,127,126,201,0,,
1,1775670470560,-890,-181,12079,1457524,-98960,487470,0,0,0,443,500,246,485,431,515,453,235,419,287,214,508,0,,
2,1775670470560,-12768,-43742,16668,162490,569326,-939510,0,0,0,251,428,239,346,371,392,344,345,275,148,174,196,0,,
1,1775670470576,-670,-210,12505,1793500,-210137,364075,0,0,0,463,493,222,491,446,524,409,228,417,313,210,511,0,,
2,1775670470576,-7571,-33802,19014,1806939,-741590,-608421,0,0,0,249,421,237,352,369,387,377,439,267,188,288,170,0,,
1,1775670470592,-1277,-234,13242,2243097,-359188,276111,0,0,0,468,483,211,501,450,537,360,225,435,293,198,536,0,,
2,1775670470592,2072,-579,21306,3259576,-1337794,-200363,0,0,0,244,397,213,347,353,370,427,480,255,238,352,164,0,,
1,1775670470608,-2225,-301,14194,2801427,-474031,327423,0,0,0,472,481,209,496,456,538,299,218,440,246,184,551,0,,
2,1775670470608,7145,25417,12677,3648087,-1997529,301767,0,0,0,252,383,209,347,343,379,466,486,266,216,319,173,0,,
1,1775670470624,-2708,-382,15596,3489262,-538783,494800,0,0,0,489,460,211,488,452,529,247,204,432,226,168,540,0,,
2,1775670470624,3254,12691,9274,4740314,-2326174,623082,0,0,0,259,388,220,355,345,388,494,497,281,216,316,179,0,,
1,1775670470640,-3833,-320,17425,4234517,-503352,682947,0,0,0,509,433,217,486,432,504,226,189,425,220,150,507,0,,
2,1775670470640,-3359,-5857,19234,5637064,-1687209,497244,0,0,0,269,411,247,363,348,396,504,524,288,219,318,188,0,,
1,1775670470656,-5991,-134,20066,5094616,-366519,985936,0,0,0,521,436,229,443,401,471,210,171,385,198,132,440,0,,
2,1775670470656,-2814,-3943,24005,4048814,-1051909,-130725,0,0,0,281,431,278,379,361,413,517,530,295,227,321,212,0,,
1,1775670470672,-9164,-1392,23373,6085439,-205250,1491732,0,0,0,472,436,246,402,358,462,201,157,354,165,110,370,0,,
2,1775670470672,1153,1813,18607,1838704,-564439,-377514,0,0,0,297,438,303,392,371,426,530,538,303,271,359,235,0,,
1,1775670470688,-12840,-3239,26743,7098254,-283441,2199114,0,0,0,383,413,210,358,339,419,172,168,326,144,117,319,0,,
2,1775670470688,2321,2493,11471,752585,-191811,-29321,0,0,0,319,445,321,398,373,430,540,555,309,314,395,248,0,,
1,1775670470704,-11251,373,29657,7773871,-94073,3018896,0,0,0,292,354,201,337,285,369,189,184,293,139,134,262,0,,
2,1775670470704,1560,1268,9030,454483,-75747,188146,0,0,0,338,455,326,402,375,431,549,560,312,316,390,257,0,,
1,1775670470720,-8394,5206,29499,8025547,996932,3441614,0,0,0,240,313,201,275,245,318,245,239,269,143,190,172,0,,
2,1775670470720,947,928,10165,398284,-166155,138055,0,0,0,347,460,327,407,380,439,557,558,316,309,376,266,0,,
1,1775670470736,-9456,7571,24522,8120842,2331061,3486818,0,0,0,257,282,212,260,197,281,287,250,263,157,213,131,0,,
2,1775670470736,1196,1785,10480,248011,-233350,46425,0,0,0,354,463,337,414,384,451,558,559,315,304,370,271,0,,
1,1775670470752,-13184,8968,14745,7707897,2295631,3434284,0,0,0,254,287,213,266,196,281,297,266,264,155,224,122,0,,
2,1775670470752,1258,2182,10131,178372,-230907,20769,0,0,0,360,468,339,413,383,448,550,555,322,304,365,271,0,,
1,1775670470768,-13194,11777,9322,5986479,1142317,3240029,0,0,0,250,291,215,273,198,288,296,266,264,157,225,124,0,,
2,1775670470768,1186,2120,9973,210137,-195476,15882,0,0,0,366,465,343,413,383,452,498,518,350,300,361,276,0,,
1,1775670470784,-7116,16563,9447,1576032,40317,1808161,0,0,0,251,292,218,274,199,292,297,267,265,160,225,126,0,,
2,1775670470784,1105,2048,10141,261450,-173485,0,0,0,0,374,468,342,415,380,450,565,557,314,303,353,276,0,,
1,1775670470800,-2799,15769,9672,-2590068,525344,-350636,0,0,0,249,295,217,272,202,293,299,270,265,160,227,126,0,,
2,1775670470800,995,2124,10227,290771,-122173,-19547,0,0,0,376,471,347,414,379,450,563,551,314,296,334,284,0,,
1,1775670470816,-5302,9629,6915,-4256508,1489289,-1737300,0,0,0,237,298,218,267,206,296,299,272,266,160,229,128,0,,
2,1775670470816,957,2201,10150,333532,-29321,-40317,0,0,0,376,472,345,416,381,454,559,538,328,326,366,283,0,,
1,1775670470832,-8887,5005,3613,-4080579,717155,-1529606,0,0,0,227,301,224,261,208,300,300,275,269,158,230,133,0,,
2,1775670470832,1043,2105,9978,406836,56199,-56199,0,0,0,379,470,351,419,381,464,560,525,336,250,270,302,0,,
1,1775670470848,-7599,4283,3297,-3941302,-597426,-877202,0,0,0,225,301,225,259,206,300,303,275,268,158,230,135,0,,
2,1775670470848,1153,1957,9873,459370,85521,-68416,0,0,0,382,470,345,422,383,468,555,511,332,231,240,314,0,,
1,1775670470864,-4474,5317,5269,-4436103,-873537,-649960,0,0,0,221,300,219,261,206,296,304,279,267,160,233,130,0,,
2,1775670470864,1244,1852,9820,481361,67195,-80634,0,0,0,387,473,345,423,382,470,554,501,338,232,233,323,0,,
1,1775670470880,-3886,5585,6858,-5123937,-635299,-773355,0,0,0,218,301,217,261,208,299,304,279,271,159,233,133,0,,
2,1775670470880,1316,1780,9806,481361,28099,-87964,0,0,0,390,474,345,424,383,475,554,491,343,230,219,330,0,,
1,1775670470896,-4642,4991,8044,-5762902,-668286,-968832,0,0,0,222,303,227,262,206,304,306,276,272,160,233,134,0,,
2,1775670470896,1354,1694,9786,464257,-29321,-95294,0,0,0,393,476,348,425,383,480,551,481,349,228,207,341,0,,
1,1775670470912,-4455,3785,9370,-6183177,-1164309,-1126435,0,0,0,219,303,232,257,206,313,305,279,278,161,230,140,0,,
2,1775670470912,1330,1603,9782,443488,-91629,-102625,0,0,0,397,478,357,429,384,486,547,469,357,230,202,353,0,,
1,1775670470928,-3503,2689,10854,-6371324,-1568701,-1273043,0,0,0,218,304,227,257,210,309,301,275,274,156,229,138,0,,
2,1775670470928,1234,1545,9786,433714,-128281,-107512,0,0,0,403,478,361,433,385,492,547,458,362,232,197,361,0,,
1,1775670470944,-2723,2158,12548,-6410419,-1738522,-1380555,0,0,0,218,304,218,265,214,299,301,275,268,160,233,130,0,,
2,1775670470944,1134,1497,9796,433714,-135612,-102625,0,0,0,409,481,356,434,386,488,551,447,360,232,190,369,0,,
1,1775670470960,-2311,1909,14639,-6444628,-1868025,-1436755,0,0,0,221,305,217,267,215,296,306,278,269,166,238,129,0,,
2,1775670470960,1086,1402,9806,434936,-123394,-92851,0,0,0,413,481,354,439,390,491,548,431,357,239,188,380,0,,
1,1775670470976,-2158,1636,17104,-6503271,-1993864,-1379333,0,0,0,222,305,219,268,212,298,304,276,269,165,236,130,0,,
2,1775670470976,1115,1311,9853,432492,-111177,-85521,0,0,0,419,483,351,439,394,500,550,424,363,239,187,388,0,,
1,1775670470992,-1746,851,19684,-6564357,-2023185,-1203404,0,0,0,222,305,220,251,237,290,304,274,267,166,235,128,0,,
2,1775670470992,1191,1239,9940,434936,-118507,-87964,0,0,0,432,489,367,440,395,498,543,403,379,234,168,404,0,,
1,1775670471008,-1780,57,21770,-6550918,-1876578,-1148426,0,0,0,220,306,220,258,228,291,306,278,268,166,238,129,0,,
2,1775670471008,1263,1210,9997,452040,-138055,-101403,0,0,0,434,492,367,457,414,502,505,379,372,239,160,422,0,,
1,1775670471024,-3239,-813,24039,-6376211,-1710422,-1389107,0,0,0,217,308,219,265,215,296,307,282,270,166,241,131,0,,
2,1775670471024,1340,1206,10078,499687,-169820,-125838,0,0,0,442,500,359,454,415,513,537,364,372,241,157,441,0,,
1,1775670471040,-5570,-2459,27073,-6095213,-1793500,-1891238,0,0,0,217,312,222,262,217,298,309,284,272,180,238,135,0,,
2,1775670471040,1402,1158,10189,570548,-199142,-162490,0,0,0,451,504,385,458,418,523,474,336,381,237,150,458,0,,
1,1775670471056,-7408,-6130,29992,-5848423,-2160019,-2450791,0,0,0,220,312,223,263,217,299,311,284,273,187,233,135,0,,
2,1775670471056,1454,1081,10327,652404,-211359,-212581,0,0,0,464,509,396,456,426,533,506,303,379,246,154,484,0,,
1,1775670471072,-8336,-14118,30437,-5673716,-2392148,-2632829,0,0,0,220,307,219,266,213,297,307,277,271,166,232,124,0,,
2,1775670471072,1574,1005,10547,763581,-202807,-282219,0,0,0,481,524,391,470,441,541,523,277,382,252,158,504,0,,
1,1775670471088,-7542,-24627,27193,-5329188,-2498438,-2146580,0,0,0,223,310,222,272,212,298,308,271,273,172,233,122,0,,
2,1775670471088,1512,918,10916,916297,-171042,-361632,0,0,0,487,532,402,477,447,546,510,256,397,262,163,519,0,,
1,1775670471104,497,-34740,20909,-4188092,-2748893,-992045,0,0,0,230,308,218,286,210,300,318,267,270,175,232,122,0,,
2,1775670471104,995,894,11485,1181413,-102625,-395840,0,0,0,488,531,392,486,450,550,455,265,406,303,191,537,0,,
1,1775670471120,10452,-40535,16238,-2548529,-2343279,-65973,0,0,0,234,307,215,300,207,297,349,268,263,188,233,115,0,,
2,1775670471120,684,837,12012,1527163,-12217,-366519,0,0,0,488,529,364,495,458,553,433,247,414,295,183,552,0,,
1,1775670471136,13591,-42746,14352,-736703,-768468,641408,0,0,0,216,306,206,265,209,288,323,289,270,196,276,120,0,,
2,1775670471136,947,693,12586,1883908,75747,-327423,0,0,0,491,529,332,504,471,555,426,212,423,264,159,566,0,,
1,1775670471152,9930,-38099,16448,1053131,1073901,1253495,0,0,0,226,289,197,274,197,270,387,369,259,228,340,104,0,,
2,1775670471152,1698,564,13816,2398256,76969,-349414,0,0,0,500,534,305,510,491,558,390,205,423,264,165,582,0,,
1,1775670471168,1641,-14725,18396,2967583,3153286,1291369,0,0,0,240,268,162,269,173,237,433,423,240,270,388,82,0,,
2,1775670471168,2249,564,15094,3029891,-96516,-433714,0,0,0,509,543,290,506,511,565,353,206,421,254,171,588,0,,
1,1775670471184,-6891,13242,14400,4138001,4751309,579100,0,0,0,248,264,150,270,164,230,409,400,244,300,406,79,0,,
2,1775670471184,2541,617,16003,3744603,-328645,-555887,0,0,0,511,542,260,507,512,562,303,188,431,254,171,581,0,,
1,1775670471200,-6542,14386,12859,4789183,4354247,-234572,0,0,0,251,261,142,289,166,244,458,455,259,341,418,83,0,,
2,1775670471200,3292,737,17348,4643797,-455705,-773355,0,0,0,513,533,255,497,497,549,277,169,404,255,162,561,0,,
1,1775670471216,1292,-871,18147,5158146,2183232,-845437,0,0,0,244,275,153,301,188,269,481,480,265,360,427,90,0,,
2,1775670471216,4493,1009,19894,5656612,-524122,-1076344,0,0,0,501,534,261,473,490,537,262,150,387,231,147,520,0,,
1,1775670471232,4407,-4249,22431,3798360,911410,-449596,0,0,0,243,294,171,310,207,292,490,489,275,371,436,105,0,,
2,1775670471232,5757,756,24048,6825808,-522900,-1440420,0,0,0,485,513,253,473,490,539,254,152,387,214,136,434,0,,
1,1775670471248,847,-1052,19516,1777617,489913,174707,0,0,0,250,303,192,327,220,315,506,505,296,383,445,129,0,,
2,1775670471248,7604,-804,28872,7988895,-133168,-1816713,0,0,0,417,480,230,447,465,504,261,159,359,195,128,376,0,,
1,1775670471264,-2603,1545,12562,658512,107512,81855,0,0,0,268,304,225,342,223,337,522,515,312,409,458,160,0,,
2,1775670471264,8949,-1770,32423,8890532,875980,-2263866,0,0,0,361,451,215,402,423,453,275,171,327,172,120,333,0,,
1,1775670471280,-2445,1430,8758,403171,-152716,-184481,0,0,0,295,305,246,351,221,348,529,521,316,433,467,183,0,,
2,1775670471280,6140,2708,33361,9283929,1632231,-2796541,0,0,0,288,422,224,352,376,395,294,225,280,130,105,233,0,,
1,1775670471296,-1698,636,9686,261450,-20769,-146607,0,0,0,315,310,234,365,224,343,532,526,321,434,470,183,0,,
2,1775670471296,5197,8705,28288,9015149,1213178,-3081204,0,0,0,272,418,235,338,363,377,306,256,268,119,106,201,0,,
1,1775670471312,-1722,894,10538,73303,113620,-64751,0,0,0,328,305,237,374,221,343,543,522,332,433,479,190,0,,
2,1775670471312,8820,10777,15180,8316319,333532,-3346319,0,0,0,276,419,239,336,363,382,309,282,275,119,117,200,0,,
1,1775670471328,-1899,1603,10533,0,155159,-15882,0,0,0,324,313,254,366,220,355,552,523,323,455,486,202,0,,
2,1775670471328,8992,10399,9475,7525859,-122173,-3475823,0,0,0,277,421,242,336,365,384,307,291,273,118,118,198,0,,
1,1775670471344,-1742,1828,10189,105068,86742,0,0,0,0,308,318,247,358,232,357,558,520,345,441,479,213,0,,
2,1775670471344,2943,15486,8973,4976108,-637743,-2360383,0,0,0,277,423,241,337,364,381,308,291,268,118,115,195,0,,
1,1775670471360,-1574,1727,10107,221133,2443,28099,0,0,0,308,319,307,347,220,377,558,513,355,420,471,225,0,,
2,1775670471360,1115,19152,8269,-415388,-1870469,546113,0,0,0,275,424,236,338,364,380,310,290,266,118,114,194,0,,
1,1775670471376,-1564,1655,10184,268780,-70860,52534,0,0,0,321,316,288,362,231,377,556,493,346,421,458,228,0,,
2,1775670471376,5857,13883,7958,-5203350,-2664594,2841745,0,0,0,274,424,237,338,366,382,310,290,267,117,114,194,0,,
1,1775670471392,-1622,1670,10160,302989,-136833,72082,0,0,0,325,317,254,365,236,369,550,482,342,406,450,241,0,,
2,1775670471392,9700,5948,7264,-6539923,-2125811,2670702,0,0,0,271,428,242,336,365,381,311,292,266,116,115,194,0,,
1,1775670471408,-1703,1636,10007,334754,-180816,83077,0,0,0,315,347,249,364,250,373,543,470,348,395,442,256,0,,
2,1775670471408,7767,3120,5800,-6196616,-1071457,1176526,0,0,0,262,427,239,334,367,381,313,295,267,115,115,194,0,,
1,1775670471424,-1818,1483,9748,335975,-172263,85521,0,0,0,316,347,249,364,249,378,538,466,351,396,430,261,0,,
2,1775670471424,5168,2732,5417,-6015800,-520457,150272,0,0,0,260,428,239,334,367,381,312,296,268,116,117,195,0,,
1,1775670471440,-1899,1311,9676,270002,-102625,89186,0,0,0,330,336,247,370,239,375,538,466,354,405,420,265,0,,
2,1775670471440,3555,2684,6255,-6075665,-282219,-334754,0,0,0,264,431,244,336,369,382,312,298,267,118,119,195,0,,
1,1775670471456,-1847,1282,9830,202807,-45204,92851,0,0,0,326,338,245,371,242,375,534,455,348,394,420,266,0,,
2,1775670471456,2723,2971,7709,-6178291,9773,-449596,0,0,0,262,430,239,335,369,381,307,293,263,115,117,191,0,,
1,1775670471472,-1761,1340,9724,195476,-47647,92851,0,0,0,329,339,249,377,247,385,533,444,342,378,414,267,0,,
2,1775670471472,2282,3541,8911,-6269920,367740,-327423,0,0,0,260,429,240,335,368,380,311,297,264,115,117,191,0,,
1,1775670471488,-1732,1421,9533,226020,-73303,94073,0,0,0,338,334,248,385,245,391,536,434,343,375,397,272,0,,
2,1775670471488,2206,3661,10107,-6363994,768468,39095,0,0,0,259,429,239,333,368,379,307,294,263,114,118,191,0,,
1,1775670471504,-1703,1445,9629,256563,-81855,97738,0,0,0,327,336,238,386,246,388,535,422,342,372,387,281,0,,
2,1775670471504,2096,3383,11500,-6432410,1119105,452040,0,0,0,259,429,239,335,368,381,312,299,266,114,117,190,0,,
1,1775670471520,-1703,1407,9739,274889,-89186,95294,0,0,0,341,331,242,399,245,394,535,420,342,371,385,293,0,,
2,1775670471520,1962,2933,13060,-6476393,1365894,861319,0,0,0,259,429,240,334,367,381,313,300,267,116,117,190,0,,
1,1775670471536,-1761,1311,9739,277332,-85521,83077,0,0,0,331,341,252,402,256,410,534,400,348,368,375,305,0,,
2,1775670471536,2325,2321,14606,-6480058,1525941,1160643,0,0,0,260,431,243,334,366,380,315,299,269,114,117,189,0,,
1,1775670471552,-1794,1215,9724,283441,-75747,74525,0,0,0,327,347,272,396,269,418,528,405,360,358,369,313,0,,
2,1775670471552,2814,1986,16338,-6471506,1688431,1273043,0,0,0,262,432,245,334,366,380,318,300,272,113,117,190,0,,
1,1775670471568,-1780,1153,9763,305432,-73303,86742,0,0,0,325,339,248,397,268,408,531,383,352,353,378,321,0,,
2,1775670471568,3168,2292,18990,-6522819,1813048,1257160,0,0,0,263,432,245,338,367,383,320,300,273,116,116,192,0,,
1,1775670471584,-1756,1105,9801,340862,-92851,112399,0,0,0,315,336,255,404,269,429,530,371,359,358,354,322,0,,
2,1775670471584,3642,2799,22340,-6660874,1880243,1249830,0,0,0,263,430,245,340,368,385,322,300,274,118,117,192,0,,
1,1775670471600,-1785,1086,9825,383623,-120951,136833,0,0,0,320,368,271,400,280,450,529,371,379,351,358,357,0,,
2,1775670471600,4321,2632,26656,-6872233,1901012,1324355,0,0,0,261,429,243,339,367,384,327,302,277,118,118,192,0,,
1,1775670471616,-1866,1086,9916,442266,-151494,162490,0,0,0,332,373,268,406,296,450,536,338,396,346,320,381,0,,
2,1775670471616,4943,-770,30270,-6940650,1915673,1600466,0,0,0,263,430,246,333,377,382,329,298,279,118,116,194,0,,
1,1775670471632,-2072,1105,10098,527787,-151494,197920,0,0,0,345,375,265,414,300,455,538,311,400,331,294,392,0,,
2,1775670471632,5077,-8341,32423,-6717074,2113593,1915673,0,0,0,266,432,248,320,396,376,334,295,285,120,115,196,0,,
1,1775670471648,-2234,1009,10256,623082,-139277,243124,0,0,0,356,398,259,432,315,471,531,286,410,310,259,416,0,,
2,1775670471648,3718,-20674,31610,-6008470,2269975,1951103,0,0,0,267,433,245,348,368,395,333,293,287,119,111,196,0,,
1,1775670471664,-2435,789,10375,709825,-152716,312763,0,0,0,369,424,277,443,328,481,523,255,421,300,230,449,0,,
2,1775670471664,1325,-33993,26513,-4731762,2018298,1629788,0,0,0,269,431,245,349,370,396,335,294,288,123,113,197,0,,
1,1775670471680,-2756,689,10643,796568,-211359,412944,0,0,0,390,419,286,453,333,486,518,230,432,294,210,476,0,,
2,1775670471680,-2531,-43048,18798,-2850297,1661553,849102,0,0,0,270,433,245,351,371,399,335,292,285,123,114,198,0,,
1,1775670471696,-2464,660,11356,1000597,-334754,532674,0,0,0,408,404,274,462,338,503,518,212,437,290,191,503,0,,
2,1775670471696,-8691,-45714,15635,-786794,1232726,-204028,0,0,0,267,434,243,351,375,401,336,309,284,123,127,195,0,,
1,1775670471712,-1488,603,12098,1340238,-436157,571769,0,0,0,413,411,260,467,355,524,502,203,431,286,179,533,0,,
2,1775670471712,-11500,-42435,17396,852767,249233,-752585,0,0,0,260,424,241,351,374,394,374,414,273,144,182,184,0,,
1,1775670471728,-938,478,12601,1727526,-459370,458148,0,0,0,427,418,232,483,378,525,446,208,434,271,171,550,0,,
2,1775670471728,-6886,-22785,22565,2647489,-1332907,-665843,0,0,0,250,402,212,344,358,368,422,461,264,168,235,172,0,,
1,1775670471744,-1976,387,13309,2201558,-447153,357967,0,0,0,437,442,218,495,387,526,399,206,440,266,171,550,0,,
2,1775670471744,3579,15041,18501,3617543,-2956587,-221133,0,0,0,253,379,210,345,344,374,460,481,267,202,290,174,0,,
1,1775670471760,-3096,378,14175,2759889,-411723,415388,0,0,0,423,454,201,524,397,537,370,199,441,273,169,548,0,,
2,1775670471760,6748,23282,11414,4003610,-3629761,123394,0,0,0,258,376,216,352,338,388,485,494,273,211,311,178,0,,
1,1775670471776,-4154,430,15295,3461162,-288328,637743,0,0,0,415,438,206,506,385,524,302,186,444,241,150,548,0,,
2,1775670471776,794,4197,15295,4932125,-2483778,371406,0,0,0,261,382,224,357,340,394,503,506,281,223,324,181,0,,
1,1775670471792,-5503,617,16884,4234517,-75747,966388,0,0,0,421,470,203,457,407,519,208,201,431,215,149,532,0,,
2,1775670471792,-3546,-5092,22096,4831944,-1251052,332310,0,0,0,263,390,235,361,344,397,512,513,290,243,336,185,0,,
1,1775670471808,-7173,741,19272,5056742,186924,1385442,0,0,0,429,436,223,433,378,514,205,159,412,172,114,488,0,,
2,1775670471808,-2220,-248,20354,3304780,-701273,-89186,0,0,0,267,404,251,368,349,402,519,522,296,248,333,195,0,,
1,1775670471824,-9389,502,22732,6043900,476474,1965764,0,0,0,407,410,214,419,346,485,199,150,388,171,110,420,0,,
2,1775670471824,985,3441,12433,2073276,-459370,-194255,0,0,0,280,423,272,377,357,413,529,539,300,262,343,214,0,,
1,1775670471840,-11414,-660,24958,6813590,560774,2513099,0,0,0,361,379,208,389,319,436,197,152,350,163,112,341,0,,
2,1775670471840,2048,1962,9614,1448972,-277332,0,0,0,0,299,435,288,389,370,425,537,549,306,289,361,237,0,,
1,1775670471856,-11026,-818,27910,7417125,185703,3163060,0,0,0,293,341,196,338,289,378,203,171,308,146,122,266,0,,
2,1775670471856,1450,172,10667,841772,-344527,199142,0,0,0,319,444,306,396,380,431,545,549,307,231,299,265,0,,
1,1775670471872,-7590,3067,28982,7854505,270002,3607770,0,0,0,247,305,193,291,246,327,238,210,271,137,159,182,0,,
2,1775670471872,708,823,11040,411723,-430049,204028,0,0,0,328,451,308,405,383,436,548,551,314,250,313,276,0,,
1,1775670471888,-6853,8518,25025,8063421,1445307,3641978,0,0,0,249,282,206,267,204,295,281,238,262,142,189,132,0,,
2,1775670471888,507,1751,10457,218689,-421497,123394,0,0,0,347,454,321,410,384,438,553,556,314,276,333,275,0,,
1,1775670471904,-11074,9514,15458,7852061,2056172,3529579,0,0,0,256,277,217,261,185,284,301,253,271,151,206,126,0,,
2,1775670471904,454,1742,10279,155159,-317649,70860,0,0,0,349,456,324,406,381,439,551,562,309,285,342,279,0,,
1,1775670471920,-13012,8767,9102,7326717,1346346,3622430,0,0,0,246,288,219,261,191,288,299,264,273,154,219,129,0,,
2,1775670471920,516,1708,10418,119729,-196698,40317,0,0,0,355,459,325,415,389,444,555,562,314,286,342,286,0,,
1,1775670471936,-8523,12213,8667,5221676,-107512,3148399,0,0,0,240,293,218,260,199,291,293,268,270,149,221,126,0,,
2,1775670471936,607,1852,10327,149051,-133168,18325,0,0,0,359,462,326,417,388,446,558,562,321,281,329,295,0,,
1,1775670471952,-1287,17803,9887,-114842,312763,333532,0,0,0,241,293,215,266,199,290,295,266,263,148,219,121,0,,
2,1775670471952,603,1943,10160,208915,-96516,0,0,0,0,361,463,328,414,384,444,560,563,321,348,348,293,0,,
1,1775670471968,-3914,13381,8600,-3580892,1732413,-2085493,0,0,0,239,296,218,264,202,291,303,271,267,152,221,125,0,,
2,1775670471968,583,1914,10107,278554,-59864,-13439,0,0,0,365,464,327,415,385,445,555,556,318,318,324,307,0,,
1,1775670471984,-9212,6877,5652,-4615697,1732413,-2625498,0,0,0,229,296,218,259,202,291,297,272,265,156,229,126,0,,
2,1775670471984,579,1794,10064,321315,-20769,-20769,0,0,0,369,466,328,416,387,447,554,551,320,258,286,325,0,,
1,1775670472000,-10327,3125,3220,-4083023,65973,-1419650,0,0,0,226,301,219,259,202,293,295,270,267,156,232,126,0,,
2,1775670472000,598,1684,9987,338419,4886,-25656,0,0,0,374,468,331,419,388,451,558,550,326,249,269,334,0,,
1,1775670472016,-5585,3685,3862,-3859446,-1158200,-295658,0,0,0,230,301,222,261,201,298,302,270,273,157,231,128,0,,
2,1775670472016,660,1612,9930,334754,13439,-31764,0,0,0,379,470,336,422,393,456,553,544,332,247,258,340,0,,
1,1775670472032,-1588,5211,6350,-4585154,-769690,-268780,0,0,0,236,299,219,262,201,296,302,270,272,160,231,129,0,,
2,1775670472032,703,1555,9887,323758,4886,-42760,0,0,0,380,471,338,422,395,456,549,534,336,247,252,344,0,,
1,1775670472048,-1852,5221,7997,-5425705,-150272,-769690,0,0,0,236,298,221,265,202,299,305,271,272,161,231,130,0,,
2,1775670472048,727,1545,9844,317649,-7330,-54977,0,0,0,379,468,336,426,393,459,557,520,337,245,241,348,0,,
1,1775670472064,-3752,4101,8638,-5797111,-405614,-1161865,0,0,0,238,299,220,267,202,299,305,270,271,163,232,131,0,,
2,1775670472064,741,1536,9844,324980,-30543,-64751,0,0,0,387,472,337,429,394,464,555,510,338,245,234,355,0,,
1,1775670472080,-3919,3321,9595,-5892406,-1055575,-1380555,0,0,0,236,300,216,266,203,294,305,270,268,162,233,126,0,,
2,1775670472080,756,1507,9873,337197,-59864,-72082,0,0,0,392,472,327,434,397,466,552,496,334,246,228,364,0,,
1,1775670472096,-2914,2943,11256,-5958379,-1473406,-1561371,0,0,0,227,300,214,265,205,296,310,273,266,159,232,122,0,,
2,1775670472096,741,1454,9892,349414,-89186,-79412,0,0,0,401,476,327,437,398,471,556,488,340,248,218,377,0,,
1,1775670472112,-2646,2479,13108,-6120869,-1616349,-1694540,0,0,0,220,301,214,265,206,301,313,275,269,160,233,123,0,,
2,1775670472112,708,1378,9882,351858,-107512,-80634,0,0,0,410,479,337,437,398,471,561,483,344,244,210,387,0,,
1,1775670472128,-3163,1698,15199,-6350555,-1643227,-1648114,0,0,0,222,302,218,263,205,297,313,275,274,163,238,126,0,,
2,1775670472128,698,1330,9901,359188,-123394,-78190,0,0,0,422,487,342,443,402,479,560,479,359,245,204,401,0,,
1,1775670472144,-3455,650,17023,-6428745,-1717753,-1334129,0,0,0,222,302,222,264,206,302,310,274,276,164,237,127,0,,
2,1775670472144,717,1320,9983,379958,-144164,-72082,0,0,0,433,489,341,446,406,482,560,461,360,245,197,411,0,,
1,1775670472160,-3450,-253,18856,-6381098,-1767844,-1005484,0,0,0,224,304,224,261,202,295,305,271,276,165,239,131,0,,
2,1775670472160,727,1253,10083,419053,-164933,-69638,0,0,0,439,495,356,448,410,492,560,449,363,245,187,431,0,,
1,1775670472176,-3862,-607,20708,-6240599,-1759291,-955393,0,0,0,226,307,228,261,204,302,302,272,278,165,239,131,0,,
2,1775670472176,698,1162,10131,463035,-173485,-78190,0,0,0,442,500,354,455,420,499,555,431,358,248,183,446,0,,
1,1775670472192,-4704,-866,22924,-6063448,-1815491,-1188743,0,0,0,223,305,221,262,203,296,312,276,275,162,232,125,0,,
2,1775670472192,655,1100,10169,522900,-163711,-97738,0,0,0,448,508,343,460,429,501,552,410,358,254,182,462,0,,
1,1775670472208,-5551,-1751,25718,-5850867,-2003637,-1740965,0,0,0,224,306,220,262,204,293,310,273,275,159,230,122,0,,
2,1775670472208,698,1067,10279,601091,-151494,-124616,0,0,0,458,514,340,465,439,506,548,386,367,255,176,479,0,,
1,1775670472224,-6121,-5278,28351,-5634620,-2295631,-2445904,0,0,0,222,307,221,265,207,295,315,274,275,164,227,129,0,,
2,1775670472224,808,985,10423,709825,-145385,-162490,0,0,0,473,520,353,467,445,511,538,353,372,255,171,497,0,,
1,1775670472240,-6800,-11993,29408,-5430591,-2450791,-2852740,0,0,0,217,304,217,267,209,295,316,273,268,161,227,122,0,,
2,1775670472240,909,866,10586,846659,-139277,-211359,0,0,0,485,528,364,471,451,515,525,315,370,290,177,512,0,,
1,1775670472256,-6982,-23043,26920,-5093394,-2359161,-2504547,0,0,0,219,307,216,256,230,289,318,276,270,162,226,118,0,,
2,1775670472256,961,813,10940,989601,-135612,-254119,0,0,0,493,537,355,481,462,526,509,282,375,320,180,529,0,,
1,1775670472272,-722,-35371,20392,-4039040,-2399478,-1065348,0,0,0,223,310,214,261,223,288,320,274,272,169,232,116,0,,
2,1775670472272,1009,674,11442,1205847,-140499,-305432,0,0,0,499,544,335,483,472,530,479,261,390,264,168,556,0,,
1,1775670472288,8911,-41004,16400,-2448347,-1951103,61086,0,0,0,221,302,205,269,205,285,329,294,267,184,268,111,0,,
2,1775670472288,1139,397,12127,1502728,-108734,-376292,0,0,0,507,553,323,487,486,529,441,248,399,267,173,566,0,,
1,1775670472304,15137,-44919,15860,-518013,-547335,763581,0,0,0,218,289,193,267,199,274,354,343,258,212,327,103,0,,
2,1775670472304,957,325,13223,1907121,-37873,-452040,0,0,0,505,559,306,487,493,532,401,248,396,266,179,575,0,,
1,1775670472320,12189,-38856,17324,2255314,2191784,1015258,0,0,0,229,277,181,270,187,259,395,394,246,252,377,93,0,,
2,1775670472320,1091,440,14553,2559525,-30543,-508239,0,0,0,506,545,288,489,507,541,354,223,400,262,174,582,0,,
1,1775670472336,-789,-5867,16262,4372573,3766595,1149648,0,0,0,248,260,150,274,169,237,440,438,229,292,407,79,0,,
2,1775670472336,1742,536,15783,3279124,-136833,-587652,0,0,0,516,551,278,484,512,549,322,218,390,259,174,585,0,,
1,1775670472352,-7997,15745,15060,4902804,3593109,1022588,0,0,0,244,260,141,280,171,238,455,459,234,320,415,79,0,,
2,1775670472352,2263,856,17319,4036597,-331088,-733038,0,0,0,514,547,255,473,515,543,285,199,387,256,175,585,0,,
1,1775670472368,-5900,9088,15855,4938234,2098932,420275,0,0,0,248,262,151,292,170,252,463,463,244,359,424,83,0,,
2,1775670472368,3101,1143,19459,4905247,-525344,-926071,0,0,0,511,542,257,474,510,535,262,177,386,246,169,558,0,,
1,1775670472384,-320,-2804,19573,4751309,488692,-250454,0,0,0,240,266,156,296,186,269,484,483,254,368,432,88,0,,
2,1775670472384,4484,1263,22277,5926614,-605978,-1209513,0,0,0,495,535,254,469,513,526,258,168,382,230,155,492,0,,
1,1775670472400,1914,-3340,19143,3761708,-179594,-221133,0,0,0,240,285,176,322,208,300,495,492,277,399,448,110,0,,
2,1775670472400,5565,1603,26676,7213096,-452040,-1612684,0,0,0,443,513,233,450,494,504,260,168,365,214,148,416,0,,
1,1775670472416,-1340,593,14462,2401922,9773,288328,0,0,0,265,292,209,359,219,346,501,501,299,425,461,165,0,,
2,1775670472416,6317,1914,30385,8291884,-80634,-1952325,0,0,0,388,486,219,423,452,465,267,177,334,194,136,360,0,,
1,1775670472432,-4130,105,12017,1303586,221133,276111,0,0,0,300,305,230,370,224,360,519,519,303,432,484,208,0,,
2,1775670472432,7078,2335,31619,9156869,668286,-2339613,0,0,0,331,456,224,380,408,427,282,211,299,159,121,300,0,,
1,1775670472448,-3933,-1488,11155,381179,353080,-79412,0,0,0,309,309,237,368,227,359,542,531,311,437,506,229,0,,
2,1775670472448,7078,4556,29624,9467189,1595580,-2917492,0,0,0,283,430,233,339,373,390,296,250,270,129,116,232,0,,
1,1775670472464,-2273,-378,10906,119729,312763,-130725,0,0,0,309,313,241,364,223,359,544,539,331,442,521,244,0,,
2,1775670472464,6680,8667,21981,8998044,1701870,-3479488,0,0,0,268,422,234,330,360,372,303,271,260,123,125,194,0,,
1,1775670472480,-1871,598,10667,78190,227241,-46425,0,0,0,314,324,247,365,225,373,539,542,333,449,526,261,0,,
2,1775670472480,5273,10729,14156,8065864,-20769,-3679852,0,0,0,274,425,235,334,364,378,307,290,264,125,132,194,0,,
1,1775670472496,-2225,737,10366,81855,152716,0,0,0,0,317,332,250,370,232,387,544,534,316,453,523,274,0,,
2,1775670472496,2340,13017,11835,6616892,-2436130,-2780658,0,0,0,276,425,237,330,360,374,309,295,263,124,130,191,0,,
1,1775670472512,-2364,818,10145,98960,100181,14660,0,0,0,322,335,250,376,232,384,550,523,320,447,519,283,0,,
2,1775670472512,2900,18683,7934,2984687,-3778812,-324980,0,0,0,275,427,231,332,363,375,309,292,259,126,133,191,0,,
1,1775670472528,-2187,966,10093,175929,63529,35430,0,0,0,326,342,249,380,246,384,552,508,334,438,509,288,0,,
2,1775670472528,7571,17822,5307,-2450791,-2758667,2299296,0,0,0,276,427,231,336,364,377,312,291,256,126,133,192,0,,
1,1775670472544,-2024,947,10098,267558,-4886,64751,0,0,0,323,363,245,376,278,388,547,494,338,438,498,301,0,,
2,1775670472544,9562,10007,6566,-6084217,-1182635,3353650,0,0,0,275,427,231,335,363,377,313,293,256,128,137,194,0,,
1,1775670472560,-2057,871,10031,322536,-84299,83077,0,0,0,325,363,246,380,273,400,540,478,333,438,486,303,0,,
2,1775670472560,7901,3972,7346,-6263812,-623082,2602285,0,0,0,276,429,231,333,361,374,312,294,258,128,131,191,0,,
1,1775670472576,-2191,799,9868,334754,-117286,85521,0,0,0,330,358,242,377,262,398,553,458,334,412,456,298,0,,
2,1775670472576,6034,2158,5929,-5552765,-648738,1484402,0,0,0,272,430,233,333,361,377,313,297,261,128,135,193,0,,
1,1775670472592,-2244,713,9686,322536,-107512,84299,0,0,0,317,358,238,379,263,396,551,450,337,398,438,320,0,,
2,1775670472592,5230,1746,5221,-5214345,-548556,693942,0,0,0,267,433,238,333,365,377,314,301,262,128,137,194,0,,
1,1775670472608,-2215,650,9657,267558,-64751,81855,0,0,0,323,358,238,380,271,391,544,450,344,402,434,329,0,,
2,1775670472608,4670,2033,6216,-5387831,-133168,290771,0,0,0,260,432,236,332,366,377,311,301,260,124,134,190,0,,
1,1775670472624,-2211,641,9633,228463,-35430,81855,0,0,0,319,360,242,380,266,393,545,447,342,395,428,332,0,,
2,1775670472624,3024,2885,8600,-5893627,420275,173485,0,0,0,257,432,236,331,365,377,314,301,260,124,135,191,0,,
1,1775670472640,-2225,660,9585,222354,-14660,83077,0,0,0,320,360,246,383,266,400,541,432,345,391,423,331,0,,
2,1775670472640,1646,3388,10571,-6356663,680503,331088,0,0,0,259,434,241,331,365,377,314,301,259,124,135,193,0,,
1,1775670472656,-2182,641,9600,233350,0,89186,0,0,0,320,361,246,388,271,403,535,424,349,396,411,332,0,,
2,1775670472656,1718,2861,11811,-6697526,780685,689055,0,0,0,259,434,241,331,366,377,313,301,258,125,136,193,0,,
1,1775670472672,-2086,579,9638,233350,1221,90408,0,0,0,321,369,245,393,279,404,531,425,350,393,401,339,0,,
2,1775670472672,2392,1919,12907,-6849021,1045801,965167,0,0,0,257,433,239,332,367,378,313,302,258,125,137,192,0,,
1,1775670472688,-2053,531,9662,221133,-18325,83077,0,0,0,323,379,247,397,282,405,530,415,350,389,399,342,0,,
2,1775670472688,2474,1435,14400,-6851464,1413542,1076344,0,0,0,256,433,239,333,368,379,314,304,260,124,135,190,0,,
1,1775670472704,-2100,516,9672,211359,-35430,73303,0,0,0,323,378,249,402,286,407,526,393,354,391,399,341,0,,
2,1775670472704,2067,1244,16563,-6836803,1638340,1150870,0,0,0,255,433,240,331,366,379,315,304,260,123,134,190,0,,
1,1775670472720,-2163,516,9676,216246,-31764,73303,0,0,0,325,367,249,406,289,411,524,383,359,389,396,352,0,,
2,1775670472720,2077,1158,18645,-6819699,1529606,1192408,0,0,0,255,434,241,329,363,378,316,302,259,122,135,190,0,,
1,1775670472736,-2100,473,9710,230907,-24434,75747,0,0,0,330,367,253,406,280,414,529,388,351,382,385,370,0,,
2,1775670472736,3359,1091,21296,-6773273,1418429,1172861,0,0,0,258,435,245,331,363,377,317,301,259,125,135,190,0,,
1,1775670472752,-2043,425,9777,251676,-46425,81855,0,0,0,334,377,247,410,287,414,529,377,353,365,358,380,0,,
2,1775670472752,4618,1033,24838,-6792821,1534493,1116661,0,0,0,256,434,243,333,364,377,323,300,261,125,133,190,0,,
1,1775670472768,-2100,421,9858,290771,-85521,98960,0,0,0,334,383,247,415,296,424,527,353,356,362,343,380,0,,
2,1775670472768,4642,-641,28887,-6954089,1709200,1218065,0,0,0,255,434,239,336,366,377,314,295,264,125,133,190,0,,
1,1775670472784,-2254,435,9897,349414,-97738,131946,0,0,0,337,414,256,423,315,446,529,344,382,361,343,407,0,,
2,1775670472784,4484,-5518,31385,-7046941,1813048,1472185,0,0,0,255,434,239,338,366,376,332,297,270,127,133,191,0,,
1,1775670472800,-2402,425,9892,417831,-75747,178372,0,0,0,346,414,261,425,319,446,518,346,378,354,334,420,0,,
2,1775670472800,4144,-15151,31356,-6763499,1952325,1653001,0,0,0,258,436,240,344,371,384,335,295,272,130,135,191,0,,
1,1775670472816,-2526,354,9901,507018,-40317,238237,0,0,0,349,399,263,417,320,460,515,311,392,333,303,440,0,,
2,1775670472816,2689,-27149,27068,-5613851,1872912,1390329,0,0,0,259,438,241,346,373,392,335,298,275,128,135,195,0,,
1,1775670472832,-2603,268,10040,607200,-25656,302989,0,0,0,357,431,264,427,343,476,502,287,403,325,289,475,0,,
2,1775670472832,-660,-36601,20100,-3810577,1743409,731816,0,0,0,260,437,242,347,374,395,333,299,273,125,133,194,0,,
1,1775670472848,-2632,162,10351,734260,-50090,370184,0,0,0,372,460,279,445,378,475,490,269,417,319,267,488,0,,
2,1775670472848,-6604,-40339,15764,-1882686,1519832,-239459,0,0,0,259,437,242,346,372,395,334,301,274,126,134,197,0,,
1,1775670472864,-2378,14,10854,949284,-109955,416610,0,0,0,396,454,266,482,391,500,475,260,421,299,238,514,0,,
2,1775670472864,-11476,-40827,15386,-310319,701273,-985936,0,0,0,253,432,235,345,372,392,349,357,274,153,186,192,0,,
1,1775670472880,-2153,-95,11385,1214400,-191811,425162,0,0,0,409,450,241,507,401,519,450,247,419,297,222,542,0,,
2,1775670472880,-10672,-35142,18583,985936,-664621,-1138652,0,0,0,243,409,216,343,363,378,394,430,270,227,254,182,0,,
1,1775670472896,-2632,-220,12199,1572367,-364075,452040,0,0,0,425,453,231,514,419,529,417,229,424,302,209,557,0,,
2,1775670472896,-1809,-9365,19975,2544864,-2693915,-868650,0,0,0,242,371,189,338,347,362,444,462,265,226,263,178,0,,
1,1775670472912,-3369,-392,13347,1958433,-530231,575435,0,0,0,427,460,225,506,442,535,378,215,443,283,196,557,0,,
2,1775670472912,7413,18344,14630,3425732,-4773300,-420275,0,0,0,250,345,178,335,335,360,470,471,269,179,259,179,0,,
1,1775670472928,-3527,-411,14764,2458121,-541226,746477,0,0,0,412,474,206,494,458,529,340,206,457,259,189,555,0,,
2,1775670472928,6786,14922,8758,3802025,-5367061,125838,0,0,0,257,345,183,338,330,369,482,481,280,191,285,179,0,,
1,1775670472944,-3905,9,16310,3287676,-284663,912632,0,0,0,422,468,192,497,450,520,304,196,438,258,179,563,0,,
2,1775670472944,-808,-1617,14352,4464203,-3408628,813672,0,0,0,260,358,184,342,328,374,497,496,286,196,300,179,0,,
1,1775670472960,-5312,435,17741,4185648,-2443,1150870,0,0,0,430,440,206,487,435,508,254,187,420,232,157,546,0,,
2,1775670472960,-5551,-3412,20488,4228409,-1502728,1040914,0,0,0,266,372,194,353,333,380,510,509,293,203,310,181,0,,
1,1775670472976,-7494,880,19990,5257106,256563,1615127,0,0,0,435,402,203,439,379,495,212,167,424,204,127,503,0,,
2,1775670472976,-5230,1459,19444,3290120,-761138,454483,0,0,0,269,382,220,369,343,397,511,512,305,218,311,191,0,,
1,1775670472992,-9303,574,23048,6322455,417831,2163684,0,0,0,410,399,232,395,357,488,191,159,404,156,113,420,0,,
2,1775670472992,-1890,2727,15357,2320066,-465479,-76969,0,0,0,277,404,245,386,358,413,527,528,313,222,316,207,0,,
1,1775670473008,-10054,-631,26355,7208209,213802,2664594,0,0,0,362,384,191,357,349,432,177,175,350,142,121,329,0,,
2,1775670473008,823,976,11811,1463633,-224798,-26878,0,0,0,286,428,265,399,378,414,546,546,312,231,312,219,0,,
1,1775670473024,-9322,-655,29164,7974234,-129503,3122743,0,0,0,291,344,194,313,286,373,200,185,305,138,136,270,0,,
2,1775670473024,234,287,11060,802676,-96516,156381,0,0,0,306,451,272,410,388,418,556,556,308,238,309,238,0,,
1,1775670473040,-7954,2560,29983,8356636,-162490,3362202,0,0,0,241,304,193,277,236,318,245,221,274,139,177,173,0,,
2,1775670473040,-282,737,10830,367740,-113620,138055,0,0,0,320,456,275,419,403,426,557,556,313,247,311,260,0,,
1,1775670473056,-8365,5939,24589,8337088,423940,3442836,0,0,0,230,285,204,260,205,289,281,248,267,146,207,128,0,,
2,1775670473056,-172,1253,10600,210137,-189368,47647,0,0,0,332,461,291,420,400,435,564,564,313,248,308,272,0,,
1,1775670473072,-9121,7652,14965,8097629,1227839,3489262,0,0,0,230,284,215,256,196,284,294,255,269,156,223,125,0,,
2,1775670473072,-57,1363,10504,130725,-186924,14660,0,0,0,343,464,301,421,401,437,571,570,314,250,306,278,0,,
1,1775670473088,-9911,9676,9049,6980967,1602910,3358537,0,0,0,227,293,217,254,199,287,294,259,270,156,228,128,0,,
2,1775670473088,-62,1512,10461,75747,-133168,6108,0,0,0,350,465,306,422,403,434,572,572,315,250,304,280,0,,
1,1775670473104,-7446,16128,9126,2935818,894306,2096489,0,0,0,225,300,216,253,203,288,296,263,266,155,229,130,0,,
2,1775670473104,-86,1694,10342,74525,-80634,-7330,0,0,0,355,468,309,419,401,431,571,571,318,244,298,280,0,,
1,1775670473120,-3752,16199,9370,-2052507,1051909,-91629,0,0,0,227,301,215,255,203,288,298,263,263,159,234,131,0,,
2,1775670473120,-129,1813,10265,124616,-37873,-26878,0,0,0,355,468,303,417,400,432,570,570,316,241,293,278,0,,
1,1775670473136,-4235,10069,7317,-4502076,1879021,-1437976,0,0,0,231,301,215,259,203,288,298,264,263,163,236,130,0,,
2,1775670473136,-172,1818,10241,202807,15882,-42760,0,0,0,351,463,293,417,398,435,573,566,304,278,324,272,0,,
1,1775670473152,-7910,3991,3665,-4487416,1943773,-1368338,0,0,0,232,300,216,259,203,288,295,261,259,167,243,131,0,,
2,1775670473152,-167,1718,10131,272445,84299,-52534,0,0,0,353,461,290,420,397,435,579,556,299,351,386,265,0,,
1,1775670473168,-8150,3139,2526,-3949854,709825,-601091,0,0,0,229,305,220,260,203,288,295,260,259,161,240,130,0,,
2,1775670473168,-76,1588,9940,296880,140499,-61086,0,0,0,351,463,291,421,397,438,577,564,314,235,269,284,0,,
1,1775670473184,-5771,4000,3512,-3905872,-129503,-206472,0,0,0,228,305,220,257,203,291,298,262,263,165,244,134,0,,
2,1775670473184,0,1550,9858,296880,160046,-70860,0,0,0,359,463,292,420,392,430,560,554,315,235,261,291,0,,
1,1775670473200,-3838,4862,5307,-4375016,-116064,-405614,0,0,0,227,308,223,256,206,292,299,267,269,163,240,135,0,,
2,1775670473200,76,1584,9844,311541,152716,-80634,0,0,0,360,463,292,422,393,433,563,545,319,235,256,301,0,,
1,1775670473216,-4938,4441,6695,-5050633,1221,-962723,0,0,0,226,305,234,255,202,309,301,267,275,160,240,140,0,,
2,1775670473216,177,1564,9877,337197,125838,-85521,0,0,0,362,464,293,424,395,436,566,537,324,236,251,311,0,,
1,1775670473232,-6044,3330,7834,-5481904,-421497,-1385442,0,0,0,227,305,223,256,202,293,301,268,264,163,243,131,0,,
2,1775670473232,253,1459,9887,335975,73303,-81855,0,0,0,367,469,298,417,391,430,567,521,343,231,243,308,0,,
1,1775670473248,-5178,2392,9327,-5682268,-932180,-1725083,0,0,0,228,306,219,259,204,289,296,264,259,162,244,127,0,,
2,1775670473248,272,1383,9882,316428,15882,-76969,0,0,0,368,466,293,424,395,439,562,516,328,235,236,332,0,,
1,1775670473264,-4570,1880,10835,-5872858,-1086118,-2058615,0,0,0,229,307,220,259,205,289,298,265,259,165,246,128,0,,
2,1775670473264,244,1359,9873,299323,-31764,-74525,0,0,0,379,468,297,430,398,446,561,514,329,243,230,338,0,,
1,1775670473280,-5178,1445,12443,-6108652,-1153313,-2273640,0,0,0,229,309,223,258,205,292,300,267,264,167,246,131,0,,
2,1775670473280,210,1354,9887,299323,-74525,-73303,0,0,0,395,473,304,432,398,453,562,504,334,240,221,348,0,,
1,1775670473296,-5967,794,14472,-6327342,-1422094,-2169793,0,0,0,227,308,222,259,206,293,298,266,261,165,244,128,0,,
2,1775670473296,167,1316,9925,313984,-95294,-73303,0,0,0,407,477,306,438,400,462,560,490,338,283,229,353,0,,
1,1775670473312,-6082,43,16865,-6469062,-1689653,-1863138,0,0,0,228,307,224,260,207,293,298,266,260,164,244,126,0,,
2,1775670473312,86,1249,10002,335975,-85521,-69638,0,0,0,419,482,309,443,403,474,562,479,344,288,229,369,0,,
1,1775670473328,-5776,-674,19444,-6519153,-1805717,-1492954,0,0,0,228,306,226,259,205,292,301,267,261,167,243,125,0,,
2,1775670473328,67,1210,10088,367740,-56199,-67195,0,0,0,434,493,318,444,406,479,542,454,356,248,208,393,0,,
1,1775670473344,-5833,-1048,21861,-6493497,-1830152,-1336573,0,0,0,228,306,225,259,203,290,303,265,261,171,242,126,0,,
2,1775670473344,138,1162,10150,417831,-29321,-69638,0,0,0,445,503,328,445,415,479,527,425,362,255,204,407,0,,
1,1775670473360,-6121,-1727,25235,-6392093,-1926668,-1411098,0,0,0,230,308,227,262,202,290,304,265,263,168,239,129,0,,
2,1775670473360,215,1124,10189,477696,-10995,-79412,0,0,0,449,509,335,450,427,486,568,416,356,282,226,428,0,,
1,1775670473376,-6389,-4197,28743,-6222273,-2141693,-1839926,0,0,0,230,310,227,263,207,289,300,263,265,162,227,121,0,,
2,1775670473376,320,1110,10275,557109,0,-97738,0,0,0,461,512,332,456,432,496,562,390,366,300,229,457,0,,
1,1775670473392,-6628,-9207,30906,-6074443,-2417804,-2246762,0,0,0,230,310,223,263,206,287,282,248,264,164,219,116,0,,
2,1775670473392,516,1062,10461,678060,12217,-135612,0,0,0,464,510,334,469,447,504,554,355,373,319,234,480,0,,
1,1775670473408,-7006,-19114,29404,-5845980,-2505769,-2105041,0,0,0,230,313,220,267,208,286,305,266,259,168,224,116,0,,
2,1775670473408,751,942,10696,822224,52534,-199142,0,0,0,468,518,318,481,461,512,550,321,373,268,180,502,0,,
1,1775670473424,-5364,-29973,24230,-5301088,-2471560,-1222952,0,0,0,241,315,223,272,204,283,309,261,260,166,224,116,0,,
2,1775670473424,722,775,11107,996932,164933,-294437,0,0,0,482,531,333,479,457,511,523,298,377,294,196,523,0,,
1,1775670473440,2435,-38975,17918,-4113566,-2532647,173485,0,0,0,238,312,224,274,204,284,313,261,262,167,227,117,0,,
2,1775670473440,244,708,11634,1240056,329867,-335975,0,0,0,486,542,318,482,469,516,489,259,378,286,194,538,0,,
1,1775670473456,14529,-43785,14654,-2129476,-1667662,1214400,0,0,0,226,307,208,271,205,283,316,275,259,182,260,115,0,,
2,1775670473456,47,670,12175,1552819,465479,-322536,0,0,0,484,539,302,499,484,536,474,240,395,339,213,552,0,,
1,1775670473472,17898,-44484,15357,-162490,116064,1468520,0,0,0,216,290,203,261,206,276,343,344,259,208,323,102,0,,
2,1775670473472,354,655,13132,1988977,561996,-301767,0,0,0,495,544,286,502,496,542,419,221,389,304,205,572,0,,
1,1775670473488,9140,-28456,17487,2290744,2554638,1264491,0,0,0,228,268,172,268,183,248,409,405,238,260,382,87,0,,
2,1775670473488,1167,603,14635,2581516,555887,-348193,0,0,0,490,540,255,501,508,546,370,220,402,272,181,579,0,,
1,1775670473504,-4551,6738,17066,4194200,4192978,946841,0,0,0,243,256,152,281,168,238,452,445,231,310,410,82,0,,
2,1775670473504,2038,574,16219,3358537,483805,-497244,0,0,0,489,531,239,492,513,542,335,209,397,266,175,588,0,,
1,1775670473520,-8513,21828,14836,4580267,3560122,564439,0,0,0,252,257,156,296,172,252,465,465,240,363,422,83,0,,
2,1775670473520,2368,851,17831,4206418,285884,-689055,0,0,0,499,527,240,481,509,536,300,185,391,261,174,578,0,,
1,1775670473536,-1641,4915,17650,4984660,1369559,195476,0,0,0,256,265,169,306,179,267,471,471,244,409,433,88,0,,
2,1775670473536,3488,1320,20215,5197241,23212,-910189,0,0,0,501,519,239,470,496,519,282,170,388,255,168,544,0,,
1,1775670473552,2904,-6231,21493,4587597,-367740,169820,0,0,0,257,273,189,307,186,278,479,478,245,425,441,97,0,,
2,1775670473552,5269,1694,23579,6311459,-164933,-1225395,0,0,0,486,504,237,463,483,505,274,161,382,237,153,482,0,,
1,1775670473568,469,-3642,19037,3266907,-712268,585208,0,0,0,256,287,217,309,200,300,490,482,257,422,445,113,0,,
2,1775670473568,6618,1928,28064,7535633,-70860,-1660331,0,0,0,443,483,232,450,466,494,268,157,366,207,133,401,0,,
1,1775670473584,-4402,1100,12356,2141693,-486248,610865,0,0,0,264,303,240,329,217,333,501,483,268,422,456,141,0,,
2,1775670473584,6609,2866,32007,8644964,365297,-2105041,0,0,0,369,457,213,412,432,458,279,180,330,183,124,339,0,,
1,1775670473600,-5470,904,8825,1547932,-221133,118507,0,0,0,299,310,254,352,212,347,519,495,286,422,471,177,0,,
2,1775670473600,5503,4350,32131,9260717,797790,-2377487,0,0,0,309,438,213,368,396,412,291,222,288,152,118,277,0,,
1,1775670473616,-3776,-1493,9997,883311,53756,-127059,0,0,0,314,321,257,365,224,360,529,502,302,437,483,194,0,,
2,1775670473616,6838,5417,27886,9505063,1439198,-2651155,0,0,0,267,419,230,337,366,380,306,267,268,123,113,203,0,,
1,1775670473632,-3139,-1191,10835,291993,218689,-85521,0,0,0,318,331,265,355,226,355,546,517,295,441,495,204,0,,
2,1775670473632,8083,8322,18640,9067683,1929112,-3192381,0,0,0,279,421,238,333,363,380,310,289,275,121,120,201,0,,
1,1775670473648,-3091,191,10538,51312,241902,-4886,0,0,0,320,332,283,354,225,371,547,518,311,443,495,225,0,,
2,1775670473648,4900,11629,12462,7869166,768468,-3685960,0,0,0,282,424,241,333,364,385,310,297,275,114,114,197,0,,
1,1775670473664,-2991,607,10074,70860,164933,7330,0,0,0,323,347,280,365,239,376,547,518,311,453,499,232,0,,
2,1775670473664,-172,17334,10394,5090950,-1480737,-2820975,0,0,0,275,427,238,330,363,378,306,293,265,113,113,196,0,,
1,1775670473680,-2976,531,10026,96516,112399,20769,0,0,0,329,360,281,371,242,369,544,507,298,452,499,233,0,,
2,1775670473680,550,21349,8777,-48869,-3306002,-298102,0,0,0,273,424,234,334,368,380,310,293,263,114,113,195,0,,
1,1775670473696,-2871,588,10102,133168,75747,53756,0,0,0,327,364,277,372,258,367,545,495,302,447,488,244,0,,
2,1775670473696,6580,14955,7906,-4726875,-3185051,1701870,0,0,0,266,425,236,333,364,380,315,298,266,115,115,195,0,,
1,1775670473712,-2766,732,10045,212581,4886,85521,0,0,0,330,372,276,374,269,370,540,486,306,439,477,257,0,,
2,1775670473712,9528,6360,6618,-6429967,-2096489,1872912,0,0,0,257,426,237,330,361,379,316,300,268,114,115,196,0,,
1,1775670473728,-2766,760,9868,311541,-78190,105068,0,0,0,334,370,278,376,271,376,529,469,304,434,461,267,0,,
2,1775670473728,8193,2392,4761,-5855754,-1034805,819781,0,0,0,254,430,242,328,362,384,316,302,274,120,119,198,0,,
1,1775670473744,-2857,612,9648,397062,-133168,114842,0,0,0,332,369,290,378,272,387,528,451,308,437,439,275,0,,
2,1775670473744,5910,2689,4465,-5505117,-511905,-29321,0,0,0,253,432,246,328,365,391,313,300,277,116,118,199,0,,
1,1775670473760,-2919,416,9495,410501,-134390,116064,0,0,0,326,384,302,383,286,401,530,449,321,433,428,284,0,,
2,1775670473760,4541,3311,5733,-5736024,-273667,-293215,0,0,0,252,432,247,328,365,393,313,300,277,112,116,198,0,,
1,1775670473776,-2919,296,9394,357967,-107512,113620,0,0,0,322,395,295,392,310,414,517,449,328,414,432,295,0,,
2,1775670473776,3972,3369,7135,-5953492,-58643,-113620,0,0,0,253,431,247,329,365,393,314,303,276,112,117,197,0,,
1,1775670473792,-2933,263,9346,295658,-80634,112399,0,0,0,331,392,295,394,306,412,516,430,331,415,426,298,0,,
2,1775670473792,3886,3330,8169,-6036570,263893,224798,0,0,0,253,431,247,329,367,394,308,303,277,111,118,195,0,,
1,1775670473808,-2952,291,9356,252898,-45204,113620,0,0,0,337,397,280,390,305,396,521,425,330,413,425,299,0,,
2,1775670473808,4221,3182,9188,-6097656,753807,671951,0,0,0,253,432,246,331,369,395,305,304,282,111,117,194,0,,
1,1775670473824,-2914,315,9404,230907,-7330,117286,0,0,0,332,393,267,382,305,398,517,428,326,405,422,301,0,,
2,1775670473824,4106,2871,10945,-6263812,1282817,1099557,0,0,0,253,431,246,333,371,397,316,309,278,114,120,197,0,,
1,1775670473840,-2823,320,9461,228463,14660,116064,0,0,0,337,392,267,386,309,400,515,420,325,392,416,305,0,,
2,1775670473840,3771,2392,12806,-6405532,1579697,1428202,0,0,0,253,433,247,332,369,396,316,306,277,114,118,197,0,,
1,1775670473856,-2737,277,9485,234572,1221,101403,0,0,0,337,390,268,381,308,396,519,411,323,392,416,307,0,,
2,1775670473856,3866,1775,14395,-6420193,1644449,1556484,0,0,0,258,436,250,334,367,394,320,308,279,114,119,197,0,,
1,1775670473872,-2694,224,9504,248011,-29321,85521,0,0,0,341,394,275,379,310,402,514,401,332,388,397,322,0,,
2,1775670473872,4201,1373,16180,-6373767,1703092,1512502,0,0,0,253,431,244,332,374,395,324,311,286,115,122,199,0,,
1,1775670473888,-2708,181,9542,266337,-73303,81855,0,0,0,341,396,277,387,316,409,512,396,335,390,392,329,0,,
2,1775670473888,4484,1579,18473,-6357885,1803274,1339016,0,0,0,255,431,248,334,369,395,321,306,281,122,133,197,0,,
1,1775670473904,-2775,129,9557,285884,-112399,90408,0,0,0,343,395,275,402,303,421,506,385,339,387,389,337,0,,
2,1775670473904,4661,2316,22091,-6504493,1946216,1185078,0,0,0,252,429,246,333,364,393,323,304,283,132,148,197,0,,
1,1775670473920,-2847,67,9538,310319,-140499,113620,0,0,0,344,400,266,410,297,428,505,370,344,378,376,351,0,,
2,1775670473920,4824,2445,26661,-6764721,2041511,1182635,0,0,0,255,430,248,335,364,393,326,301,285,134,147,199,0,,
1,1775670473936,-2948,67,9796,340862,-136833,147829,0,0,0,355,408,271,422,311,433,508,357,364,374,358,367,0,,
2,1775670473936,4833,205,30241,-6969972,2084272,1425759,0,0,0,259,431,249,337,362,392,327,293,282,145,157,200,0,,
1,1775670473952,-3086,129,10720,379958,-94073,200363,0,0,0,368,415,295,429,329,450,506,342,384,370,346,382,0,,
2,1775670473952,3977,-7628,32036,-6750060,2398256,1828930,0,0,0,262,430,246,340,362,392,330,291,279,150,160,196,0,,
1,1775670473968,-3139,76,10442,472809,-57421,255341,0,0,0,370,420,314,415,341,466,501,325,384,361,339,401,0,,
2,1775670473968,2211,-19320,32045,-6020687,2500882,1980425,0,0,0,263,429,244,342,364,392,334,291,282,151,160,196,0,,
1,1775670473984,-3101,-19,9906,592539,-52534,299323,0,0,0,379,420,312,412,351,468,502,305,398,356,324,437,0,,
2,1775670473984,1076,-32615,26192,-4663345,1765400,1467298,0,0,0,264,429,243,344,366,392,337,291,285,154,162,198,0,,
1,1775670474000,-3024,-95,9992,739146,-85521,324980,0,0,0,386,432,265,424,381,484,495,267,403,351,305,464,0,,
2,1775670474000,-1531,-42076,17889,-2862514,1326799,294437,0,0,0,265,431,242,344,366,393,337,292,282,153,161,197,0,,
1,1775670474016,-3048,-90,10567,933402,-153938,333532,0,0,0,418,442,289,426,368,509,469,254,418,318,254,491,0,,
2,1775670474016,-8145,-43771,15496,-1114218,1153313,-952949,0,0,0,260,430,241,343,368,392,341,318,280,145,160,195,0,,
1,1775670474032,-3024,-215,11002,1192408,-245567,345749,0,0,0,422,448,262,482,405,499,461,243,430,307,230,521,0,,
2,1775670474032,-12639,-40531,17516,681725,98960,-1633453,0,0,0,248,419,235,345,371,389,366,396,274,134,172,190,0,,
1,1775670474048,-3168,-483,11414,1473406,-305432,360410,0,0,0,424,490,232,484,424,504,435,218,430,297,201,533,0,,
2,1775670474048,-7063,-23594,21808,2311514,-1756848,-1285260,0,0,0,247,388,210,347,354,377,419,464,264,158,220,182,0,,
1,1775670474064,-3723,-708,12356,1759291,-312763,425162,0,0,0,439,485,229,495,437,522,387,209,449,282,194,546,0,,
2,1775670474064,4589,12012,17774,3451388,-3678630,-403171,0,0,0,252,358,197,339,329,370,463,476,268,183,264,183,0,,
1,1775670474080,-4173,-775,14099,2210110,-333532,590095,0,0,0,443,479,212,483,443,536,331,198,449,268,191,551,0,,
2,1775670474080,8236,21986,10337,3979176,-4101349,540004,0,0,0,262,366,184,347,328,371,491,493,266,207,301,171,0,,
1,1775670474096,-4364,-411,15678,2954144,-357967,785572,0,0,0,445,461,208,487,436,532,283,196,429,262,182,551,0,,
2,1775670474096,693,4053,11600,4899139,-2618168,1122770,0,0,0,260,370,214,345,326,387,503,509,283,247,356,175,0,,
1,1775670474112,-5518,4,17181,3911980,-246789,1031140,0,0,0,453,432,213,459,414,525,235,185,417,226,150,534,0,,
2,1775670474112,-7193,-5221,21612,4984660,-565661,658512,0,0,0,265,385,231,360,342,401,511,512,292,228,331,189,0,,
1,1775670474128,-7772,540,19372,4939456,43982,1419650,0,0,0,450,407,229,426,370,517,204,161,416,183,119,500,0,,
2,1775670474128,-4369,-545,22742,3692069,-39095,-304210,0,0,0,276,406,260,372,351,409,525,528,296,270,368,204,0,,
1,1775670474144,-10375,737,22244,5933944,296880,1938886,0,0,0,414,384,231,406,326,483,193,146,393,165,110,432,0,,
2,1775670474144,1517,2196,16482,2188119,-112399,-404392,0,0,0,290,431,281,388,370,422,537,539,302,259,346,236,0,,
1,1775670474160,-12122,320,25790,6835582,412944,2604729,0,0,0,349,363,210,367,307,425,190,158,346,158,119,335,0,,
2,1775670474160,3168,1536,11112,1120326,-105068,17104,0,0,0,311,445,292,403,382,437,543,544,307,235,311,264,0,,
1,1775670474176,-11284,1086,27757,7516085,541226,3150842,0,0,0,289,352,212,323,289,383,200,191,314,154,151,268,0,,
2,1775670474176,1225,81,9504,564439,-112399,302989,0,0,0,335,453,303,411,388,440,548,549,312,236,304,279,0,,
1,1775670474192,-9925,2488,27269,8087855,687834,3496592,0,0,0,239,323,192,275,258,320,227,228,276,142,187,190,0,,
2,1775670474192,631,698,10413,268780,-197920,146607,0,0,0,349,461,311,417,393,444,551,552,310,242,307,287,0,,
1,1775670474208,-9719,4570,23752,8473922,847880,3685960,0,0,0,241,271,206,250,186,269,290,251,267,153,217,118,0,,
2,1775670474208,1014,1493,10595,124616,-261450,40317,0,0,0,354,463,315,418,391,447,558,559,309,271,331,286,0,,
1,1775670474224,-11275,8892,16290,7981565,1005484,3767816,0,0,0,254,275,219,263,188,290,303,260,271,160,224,130,0,,
2,1775670474224,981,1670,10303,62308,-238237,35430,0,0,0,361,464,320,419,388,445,565,565,316,301,356,285,0,,
1,1775670474240,-11361,13529,9700,6151412,796568,3762929,0,0,0,257,283,229,265,194,296,298,265,270,161,228,130,0,,
2,1775670474240,880,1679,10236,34208,-168598,31764,0,0,0,365,467,324,422,390,448,560,560,314,291,346,288,0,,
1,1775670474256,-6992,17295,8781,2094046,392175,2671924,0,0,0,258,293,218,269,198,290,300,270,265,159,227,122,0,,
2,1775670474256,866,1770,10313,50090,-118507,6108,0,0,0,365,467,325,420,394,452,559,560,313,269,324,293,0,,
1,1775670474272,-2814,16654,9399,-2265088,792903,630412,0,0,0,259,297,216,270,199,289,300,268,263,162,229,127,0,,
2,1775670474272,808,1899,10260,113620,-63529,-21991,0,0,0,367,467,324,418,390,448,558,559,313,242,293,299,0,,
1,1775670474288,-4278,9906,7494,-4294382,1765400,-994488,0,0,0,257,297,218,269,199,289,303,267,264,165,228,128,0,,
2,1775670474288,789,1928,10126,193033,8552,-37873,0,0,0,369,467,321,422,391,448,556,557,315,242,283,298,0,,
1,1775670474304,-7877,4771,4355,-4450764,1700648,-1301142,0,0,0,252,295,219,268,200,290,303,269,266,164,232,126,0,,
2,1775670474304,847,1818,9973,266337,73303,-43982,0,0,0,369,470,325,422,393,453,554,552,318,242,281,302,0,,
1,1775670474320,-8193,4082,3622,-4219857,511905,-785572,0,0,0,243,294,221,266,199,291,302,269,266,165,235,126,0,,
2,1775670474320,914,1679,9877,301767,105068,-45204,0,0,0,370,468,324,421,394,456,555,542,319,247,270,303,0,,
1,1775670474336,-5991,4656,5015,-4472755,-302989,-515570,0,0,0,235,294,226,266,198,296,303,269,269,167,233,130,0,,
2,1775670474336,985,1631,9825,305432,108734,-51312,0,0,0,371,468,322,420,393,456,560,540,323,238,261,308,0,,
1,1775670474352,-4259,4900,7025,-5087285,-283441,-713490,0,0,0,230,295,229,266,199,298,307,273,272,164,232,133,0,,
2,1775670474352,1081,1655,9796,311541,87964,-57421,0,0,0,379,471,326,424,393,458,559,528,324,234,253,311,0,,
1,1775670474368,-4852,4130,8341,-5673716,-205250,-1062905,0,0,0,227,296,225,261,200,293,313,277,271,159,231,128,0,,
2,1775670474368,1182,1646,9791,329867,41538,-58643,0,0,0,381,472,326,426,394,466,556,519,332,237,248,318,0,,
1,1775670474384,-5532,3024,9490,-6084217,-543670,-1312138,0,0,0,225,296,223,261,203,292,311,276,268,163,234,128,0,,
2,1775670474384,1201,1569,9791,346971,-17104,-58643,0,0,0,384,473,327,426,394,467,555,509,337,233,237,328,0,,
1,1775670474400,-5163,2187,10725,-6244264,-1021366,-1441641,0,0,0,226,298,224,262,203,293,308,273,268,167,237,133,0,,
2,1775670474400,1110,1464,9772,342084,-67195,-61086,0,0,0,394,474,333,427,389,463,559,499,345,231,224,336,0,,
1,1775670474416,-4761,1560,12648,-6360328,-1265712,-1589471,0,0,0,226,298,224,261,202,296,310,273,270,167,234,133,0,,
2,1775670474416,1038,1421,9786,333532,-90408,-65973,0,0,0,404,472,332,430,392,468,559,491,343,243,226,344,0,,
1,1775670474432,-5087,1057,14673,-6477614,-1351233,-1679879,0,0,0,226,299,224,260,205,296,313,278,274,165,234,131,0,,
2,1775670474432,1038,1435,9858,343306,-90408,-62308,0,0,0,412,476,331,436,400,477,557,484,343,248,227,361,0,,
1,1775670474448,-5910,358,16745,-6582683,-1491732,-1644449,0,0,0,225,297,222,261,204,294,311,274,269,168,234,131,0,,
2,1775670474448,1072,1421,9935,371406,-96516,-52534,0,0,0,418,485,331,442,411,484,556,473,347,241,214,384,0,,
1,1775670474464,-6350,-780,19119,-6569244,-1791056,-1463633,0,0,0,228,298,223,262,202,290,310,275,266,165,237,126,0,,
2,1775670474464,1086,1354,9987,406836,-107512,-46425,0,0,0,426,491,331,445,420,489,551,456,347,236,198,403,0,,
1,1775670474480,-6403,-1713,21459,-6403089,-1995085,-1389107,0,0,0,225,298,223,262,204,292,310,276,267,165,240,127,0,,
2,1775670474480,1062,1268,10059,459370,-106290,-53756,0,0,0,437,495,340,451,421,491,548,441,352,238,187,420,0,,
1,1775670474496,-6982,-2617,23943,-6074443,-2095267,-1640784,0,0,0,227,298,222,263,208,292,313,274,269,169,239,127,0,,
2,1775670474496,1024,1201,10122,514348,-78190,-70860,0,0,0,436,495,336,465,430,500,554,423,362,239,181,439,0,,
1,1775670474512,-7547,-4345,26460,-5721363,-2344500,-2064724,0,0,0,229,299,223,266,204,290,319,275,268,170,233,124,0,,
2,1775670474512,1028,1119,10169,570548,-30543,-89186,0,0,0,451,509,343,466,444,506,553,398,369,245,170,455,0,,
1,1775670474528,-7255,-8930,28786,-5389053,-2780658,-2503325,0,0,0,230,297,224,267,202,291,319,269,269,172,226,125,0,,
2,1775670474528,1115,1019,10241,632856,23212,-109955,0,0,0,460,514,342,474,445,506,541,356,372,251,166,479,0,,
1,1775670474544,-6360,-17080,28872,-5072624,-2836858,-2537534,0,0,0,229,299,225,269,205,295,318,268,272,172,222,126,0,,
2,1775670474544,1258,985,10385,704938,64751,-136833,0,0,0,469,514,334,482,450,508,532,327,378,254,170,503,0,,
1,1775670474560,-5781,-26207,23833,-4687779,-2517986,-1816713,0,0,0,229,303,225,272,206,298,320,271,273,173,222,125,0,,
2,1775670474560,1531,942,10715,822224,96516,-185703,0,0,0,481,522,343,491,456,517,522,292,380,262,171,517,0,,
1,1775670474576,-827,-34472,17616,-3966958,-2897944,-351858,0,0,0,232,302,223,274,204,295,319,269,271,178,226,124,0,,
2,1775670474576,1694,851,11174,972497,87964,-254119,0,0,0,492,532,340,495,460,531,498,258,393,288,187,537,0,,
1,1775670474592,9619,-40167,13921,-2768441,-2742784,982271,0,0,0,232,302,223,273,204,296,321,278,273,172,231,122,0,,
2,1775670474592,1464,717,11730,1214400,28099,-316428,0,0,0,489,537,325,496,468,534,475,244,401,279,179,561,0,,
1,1775670474608,16104,-42067,13194,-1105666,-1076344,1546710,0,0,0,232,302,220,271,205,292,323,281,267,180,238,121,0,,
2,1775670474608,1225,603,12289,1572367,37873,-337197,0,0,0,487,536,304,500,481,538,440,225,404,284,188,573,0,,
1,1775670474624,10638,-36936,14582,929736,1174082,1490511,0,0,0,225,286,214,272,201,279,345,325,258,212,324,104,0,,
2,1775670474624,1464,454,13070,2056172,122173,-367740,0,0,0,493,535,288,505,486,551,403,213,406,293,200,578,0,,
1,1775670474640,2703,-17559,18549,2800206,2795319,1072679,0,0,0,236,278,182,276,185,250,404,390,233,271,376,88,0,,
2,1775670474640,1981,421,14151,2585181,193033,-464257,0,0,0,497,534,268,502,492,557,370,209,413,275,191,585,0,,
1,1775670474656,-5096,15960,16683,3771481,3743382,-21991,0,0,0,241,254,190,278,167,256,443,436,246,305,401,97,0,,
2,1775670474656,2359,612,15769,3288898,162490,-610865,0,0,0,503,529,248,493,504,551,335,197,417,260,176,589,0,,
1,1775670474672,-5183,19904,12347,4234517,3031113,-860098,0,0,0,252,262,175,289,168,257,457,456,243,338,416,87,0,,
2,1775670474672,3168,799,17540,4058588,-2443,-759916,0,0,0,517,521,248,487,499,544,307,178,409,260,166,580,0,,
1,1775670474688,1861,1469,15960,5120272,981049,-708603,0,0,0,257,278,205,294,183,271,470,470,252,371,426,92,0,,
2,1775670474688,4819,1273,20191,5156924,-246789,-1050688,0,0,0,512,512,241,477,483,528,289,162,393,241,154,527,0,,
1,1775670474704,3632,-5867,21698,4553389,-119729,98960,0,0,0,253,288,227,312,201,311,484,484,272,383,434,111,0,,
2,1775670474704,5594,1732,23412,6302907,-412944,-1390329,0,0,0,486,498,247,483,480,528,290,156,390,228,139,458,0,,
1,1775670474720,-2397,-2479,20607,2444682,-149051,742812,0,0,0,253,299,254,327,214,355,494,494,298,389,444,155,0,,
2,1775670474720,5900,1368,27714,7501425,-250454,-1683544,0,0,0,421,470,227,458,468,503,272,162,374,208,136,401,0,,
1,1775670474736,-5881,162,13816,1042136,-6108,229685,0,0,0,280,310,262,341,219,359,507,503,300,400,461,191,0,,
2,1775670474736,5752,1129,31997,8618086,553443,-1903456,0,0,0,366,454,215,417,423,466,287,169,335,185,123,338,0,,
1,1775670474752,-4426,540,9466,557109,34208,-250454,0,0,0,305,312,246,358,227,344,516,503,284,410,475,196,0,,
2,1775670474752,6121,2670,33562,9315694,1469741,-2140471,0,0,0,297,424,226,364,388,410,293,228,284,142,116,245,0,,
1,1775670474768,-2713,244,9188,400727,94073,-210137,0,0,0,311,316,252,364,233,342,516,501,286,418,478,199,0,,
2,1775670474768,6714,5876,31624,9312029,1877799,-2480112,0,0,0,275,418,235,333,366,382,301,267,272,119,120,201,0,,
1,1775670474784,-2823,435,9791,151494,171042,-64751,0,0,0,327,337,267,366,223,341,527,516,312,423,481,213,0,,
2,1775670474784,7169,11284,18908,8531343,1095892,-2966361,0,0,0,265,418,237,331,363,383,310,286,276,114,117,194,0,,
1,1775670474800,-3345,871,9882,-14660,234572,-20769,0,0,0,337,344,266,384,225,346,533,509,327,443,481,229,0,,
2,1775670474800,6025,15132,8657,6685309,-482583,-3155729,0,0,0,258,422,235,331,365,384,312,291,274,113,114,194,0,,
1,1775670474816,-3058,1134,9763,14660,250454,-17104,0,0,0,336,343,277,377,228,357,536,502,338,437,477,234,0,,
2,1775670474816,4245,18650,8178,2377487,-1577254,-2065946,0,0,0,257,425,232,331,366,380,315,291,271,114,116,194,0,,
1,1775670474832,-2680,1196,9882,122173,186924,14660,0,0,0,336,338,285,378,232,376,543,493,340,446,467,257,0,,
2,1775670474832,4005,17152,9432,-2908940,-1997529,-306654,0,0,0,258,427,235,333,367,378,316,292,270,114,117,196,0,,
1,1775670474848,-2670,1119,10011,207694,62308,51312,0,0,0,331,353,289,376,239,383,538,477,347,447,460,273,0,,
2,1775670474848,5068,9461,7327,-4945564,-1943773,449596,0,0,0,256,429,239,332,366,380,314,294,270,113,117,197,0,,
1,1775670474864,-2794,1110,9987,274889,-39095,78190,0,0,0,326,378,290,381,262,397,531,466,363,442,454,294,0,,
2,1775670474864,6049,2890,3417,-4984660,-1778839,311541,0,0,0,255,429,239,332,366,381,307,297,274,114,117,196,0,,
1,1775670474880,-2900,1095,9763,322536,-80634,95294,0,0,0,329,364,287,392,273,402,534,454,357,438,445,288,0,,
2,1775670474880,5996,2775,1966,-4459316,-1299921,-215024,0,0,0,255,430,241,332,370,382,296,299,277,114,118,195,0,,
1,1775670474896,-2914,957,9475,335975,-56199,103847,0,0,0,329,373,279,386,287,401,534,442,357,435,442,293,0,,
2,1775670474896,4661,5029,3345,-4869817,-588874,-348193,0,0,0,253,431,242,333,371,383,316,298,270,117,121,199,0,,
1,1775670474912,-2914,818,9356,312763,-17104,105068,0,0,0,333,379,276,388,277,402,535,423,352,435,433,298,0,,
2,1775670474912,3441,5915,4838,-5413487,-92851,-160046,0,0,0,252,432,242,333,371,383,320,303,275,117,121,198,0,,
1,1775670474928,-2904,794,9380,277332,17104,107512,0,0,0,335,391,277,392,270,402,534,413,354,432,425,301,0,,
2,1775670474928,3158,5183,5886,-5710368,238237,248011,0,0,0,253,433,243,333,370,382,317,301,271,119,121,198,0,,
1,1775670474944,-2857,808,9447,261450,40317,112399,0,0,0,335,397,277,391,272,400,528,411,359,423,418,306,0,,
2,1775670474944,3603,4082,6848,-5670051,660956,660956,0,0,0,253,433,242,334,372,384,318,303,271,115,121,198,0,,
1,1775670474960,-2751,823,9069,255341,64751,118507,0,0,0,334,393,271,393,276,396,520,404,361,411,406,318,0,,
2,1775670474960,3436,3785,8111,-5670051,1081231,950506,0,0,0,252,433,242,335,371,385,319,304,273,118,123,199,0,,
1,1775670474976,-2680,808,8432,234572,96516,119729,0,0,0,334,401,267,395,285,398,514,390,363,403,395,331,0,,
2,1775670474976,2641,3929,9619,-5791002,1374446,1165530,0,0,0,252,433,240,335,371,383,322,306,275,119,123,198,0,,
1,1775670474992,-2684,780,8930,261450,74525,108734,0,0,0,340,414,272,395,296,406,508,380,364,401,387,334,0,,
2,1775670474992,1957,3761,11280,-5938831,1494176,1298699,0,0,0,252,433,241,335,370,384,320,307,275,118,123,194,0,,
1,1775670475008,-2708,708,9629,309097,31764,92851,0,0,0,349,404,261,398,298,398,507,375,362,393,376,337,0,,
2,1775670475008,1765,3594,13074,-6042678,1523497,1236391,0,0,0,253,434,243,336,370,385,324,308,277,118,122,194,0,,
1,1775670475024,-2713,641,9729,328645,24434,87964,0,0,0,348,404,275,396,292,411,507,373,375,380,360,353,0,,
2,1775670475024,1789,3723,15281,-6213721,1514945,999375,0,0,0,252,431,243,336,369,384,327,307,277,117,122,196,0,,
1,1775670475040,-2675,593,9600,335975,28099,97738,0,0,0,367,436,298,416,304,453,509,363,382,376,341,366,0,,
2,1775670475040,1981,3962,17650,-6448293,1523497,709825,0,0,0,252,430,242,336,369,384,327,307,277,116,121,195,0,,
1,1775670475056,-2646,540,9624,359188,14660,113620,0,0,0,362,430,274,419,310,444,507,346,388,379,336,380,0,,
2,1775670475056,2416,3919,21143,-6614448,1587027,559552,0,0,0,254,431,244,337,368,384,328,306,279,117,121,194,0,,
1,1775670475072,-2689,492,9700,401949,-4886,133168,0,0,0,364,452,266,423,331,443,497,334,404,375,325,393,0,,
2,1775670475072,2847,3345,25460,-6638883,1595580,708603,0,0,0,254,430,244,337,367,384,330,304,279,117,119,194,0,,
1,1775670475088,-2814,469,9786,478918,-15882,171042,0,0,0,380,452,270,427,340,462,492,311,399,369,320,415,0,,
2,1775670475088,4015,976,29868,-6582683,1499063,1252273,0,0,0,255,432,248,339,366,384,331,300,280,117,116,193,0,,
1,1775670475104,-2924,421,9906,574213,-15882,223576,0,0,0,388,477,273,430,368,458,492,298,406,351,305,430,0,,
2,1775670475104,6795,-7461,32754,-6420193,1810604,1896125,0,0,0,257,432,251,341,366,384,331,296,279,118,116,193,0,,
1,1775670475120,-2943,282,9964,678060,-28099,285884,0,0,0,383,473,297,427,370,463,487,279,419,337,283,453,0,,
2,1775670475120,7250,-21143,33476,-5880188,2370157,1954768,0,0,0,257,429,239,345,369,387,340,305,284,123,121,193,0,,
1,1775670475136,-2861,95,9987,770911,-75747,348193,0,0,0,393,461,309,436,360,478,490,255,424,329,259,478,0,,
2,1775670475136,2593,-36123,28609,-4305378,2179567,1281595,0,0,0,256,429,238,346,370,390,343,309,283,121,121,193,0,,
1,1775670475152,-2742,9,10256,857654,-152716,390953,0,0,0,410,471,288,445,361,482,478,242,422,317,241,504,0,,
2,1775670475152,-3383,-44728,20210,-2074498,1696983,400727,0,0,0,240,414,220,340,364,382,365,376,279,139,163,198,0,,
1,1775670475168,-2876,57,10902,1000597,-204028,411723,0,0,0,419,485,262,455,377,483,446,239,421,301,224,525,0,,
2,1775670475168,-9255,-46872,18420,-69638,1142317,-366519,0,0,0,247,394,225,340,352,380,398,448,270,151,202,181,0,,
1,1775670475184,-2780,28,11677,1248608,-215024,432492,0,0,0,427,482,260,484,412,500,437,227,418,285,207,538,0,,
2,1775670475184,-11323,-34984,21215,2419026,-1572367,-398284,0,0,0,248,372,204,337,343,367,438,466,263,166,230,176,0,,
1,1775670475200,-2416,-134,12577,1643227,-197920,404392,0,0,0,425,485,254,483,442,510,411,214,416,268,205,560,0,,
2,1775670475200,-2569,-1809,17042,4405560,-4312708,-39095,0,0,0,249,363,195,337,335,369,471,482,268,182,268,176,0,,
1,1775670475216,-2665,-153,13462,2097711,-200363,360410,0,0,0,421,481,240,473,430,520,329,200,429,257,193,563,0,,
2,1775670475216,4359,17128,12581,4874704,-4458094,316428,0,0,0,257,371,206,347,336,380,484,502,279,194,288,179,0,,
1,1775670475232,-3776,-28,14410,2692693,-166155,400727,0,0,0,421,457,222,480,421,523,262,199,453,233,169,557,0,,
2,1775670475232,215,5881,16281,5097059,-2362826,514348,0,0,0,265,386,222,358,343,391,501,509,287,221,313,183,0,,
1,1775670475248,-5135,19,15333,3408628,-6108,635299,0,0,0,424,453,211,476,435,532,246,189,421,243,165,550,0,,
2,1775670475248,-4407,-3455,21942,4669453,-697608,354301,0,0,0,271,411,241,367,354,397,513,513,292,237,320,188,0,,
1,1775670475264,-6121,100,16769,4145331,208915,954171,0,0,0,435,456,220,450,418,518,225,191,403,207,148,515,0,,
2,1775670475264,-2742,-1832,20200,2926044,-210137,-91629,0,0,0,279,436,264,371,365,400,522,523,293,237,309,205,0,,
1,1775670475280,-7571,14,19583,4961447,371406,1348790,0,0,0,444,425,214,445,379,487,214,171,387,191,129,450,0,,
2,1775670475280,378,1675,13979,1325577,83077,-230907,0,0,0,296,449,280,379,375,404,530,532,291,241,304,228,0,,
1,1775670475296,-9547,-196,22694,5832541,465479,1830152,0,0,0,410,414,204,419,371,461,183,173,362,177,128,383,0,,
2,1775670475296,1617,2790,8863,722042,266337,-81855,0,0,0,324,455,294,389,379,412,534,539,288,246,304,246,0,,
1,1775670475312,-11107,-674,24369,6625444,472809,2387261,0,0,0,366,391,206,377,335,443,173,173,357,156,127,328,0,,
2,1775670475312,1416,1139,8791,509461,95294,14660,0,0,0,349,463,314,391,377,415,540,548,288,235,290,263,0,,
1,1775670475328,-9408,311,25628,7210653,454483,2911383,0,0,0,302,360,201,331,296,390,208,196,322,143,150,264,0,,
2,1775670475328,1105,402,10390,171042,-208915,23212,0,0,0,354,467,312,399,388,421,549,549,298,234,287,270,0,,
1,1775670475344,-6728,2780,25996,7617489,851546,3159395,0,0,0,248,324,198,289,253,323,252,233,278,145,193,179,0,,
2,1775670475344,818,1306,10758,-86742,-371406,7330,0,0,0,343,460,317,397,398,421,554,554,302,240,295,276,0,,
1,1775670475360,-7958,4781,22737,7904596,1459967,3079982,0,0,0,233,295,214,260,206,297,279,255,272,151,222,128,0,,
2,1775670475360,483,2029,10251,-117286,-307876,0,0,0,0,367,478,318,401,402,421,555,555,301,240,294,275,0,,
1,1775670475376,-10074,7604,14467,7552737,1202182,3054326,0,0,0,232,297,230,255,199,308,292,266,285,152,228,142,0,,
2,1775670475376,435,2096,10265,-64751,-182037,-7330,0,0,0,369,474,320,400,380,420,563,563,300,240,291,275,0,,
1,1775670475392,-8509,11806,9222,5753128,711047,2772106,0,0,0,223,300,226,258,204,305,294,269,281,152,226,137,0,,
2,1775670475392,497,2053,10380,1221,-73303,-25656,0,0,0,378,478,327,405,382,424,563,564,300,244,294,277,0,,
1,1775670475408,-5269,16750,10251,1148426,772133,1051909,0,0,0,222,302,227,259,207,301,298,266,272,160,231,131,0,,
2,1775670475408,531,2043,10227,53756,7330,-42760,0,0,0,375,479,318,404,384,422,555,555,303,242,294,277,0,,
1,1775670475424,-4977,15204,10447,-2505769,1197295,-687834,0,0,0,223,304,227,258,208,303,295,266,274,164,231,129,0,,
2,1775670475424,593,2024,9973,83077,53756,-52534,0,0,0,374,478,330,404,385,428,555,555,307,241,292,273,0,,
1,1775670475440,-6915,9270,7006,-3622430,1087340,-1042136,0,0,0,221,305,225,260,211,303,300,267,279,167,231,138,0,,
2,1775670475440,660,1986,9925,100181,58643,-54977,0,0,0,373,479,320,406,387,430,553,554,308,253,304,274,0,,
1,1775670475456,-6815,5532,4426,-3748269,332310,-463035,0,0,0,220,303,228,260,209,306,301,265,279,167,231,139,0,,
2,1775670475456,693,1962,9906,117286,51312,-56199,0,0,0,372,482,315,407,389,428,548,548,308,247,297,273,0,,
1,1775670475472,-3737,5221,4967,-3988950,-300545,145385,0,0,0,220,306,230,259,211,310,299,275,278,165,237,140,0,,
2,1775670475472,698,1966,9853,131946,39095,-59864,0,0,0,371,480,320,408,386,430,546,546,306,241,286,271,0,,
1,1775670475488,-1239,5412,6872,-4687779,-62308,101403,0,0,0,231,305,221,264,211,301,300,275,275,167,235,135,0,,
2,1775670475488,760,1995,9825,151494,17104,-65973,0,0,0,374,479,326,408,383,432,548,548,309,240,279,272,0,,
1,1775670475504,-1387,4891,7863,-5166698,238237,-131946,0,0,0,228,305,224,263,210,304,299,272,278,168,237,134,0,,
2,1775670475504,823,1966,9825,174707,-23212,-73303,0,0,0,380,482,332,406,382,430,552,550,314,237,273,273,0,,
1,1775670475520,-2148,4498,8427,-5368283,-57421,-299323,0,0,0,226,309,223,261,214,302,297,278,274,166,243,134,0,,
2,1775670475520,784,1899,9796,184481,-72082,-76969,0,0,0,385,484,337,405,381,430,556,548,313,234,269,273,0,,
1,1775670475536,-1770,4728,9499,-5597969,-576656,-485026,0,0,0,227,310,220,265,215,297,305,281,270,170,245,130,0,,
2,1775670475536,693,1852,9782,175929,-103847,-76969,0,0,0,387,484,334,409,382,432,555,546,313,238,270,273,0,,
1,1775670475552,-1129,4651,11031,-5992587,-885754,-745255,0,0,0,225,311,220,266,216,296,306,281,270,172,244,128,0,,
2,1775670475552,655,1837,9782,157603,-96516,-72082,0,0,0,385,482,327,413,385,432,551,548,318,244,270,275,0,,
1,1775670475568,-1019,3249,12773,-6326120,-1037249,-861319,0,0,0,221,312,220,263,219,297,301,282,273,170,244,129,0,,
2,1775670475568,660,1828,9777,142942,-86742,-65973,0,0,0,386,485,333,411,390,435,546,542,315,237,267,279,0,,
1,1775670475584,-751,1981,14352,-6306572,-1215621,-674395,0,0,0,220,312,225,263,219,302,302,280,276,169,244,132,0,,
2,1775670475584,689,1832,9777,138055,-86742,-58643,0,0,0,398,490,343,410,380,434,554,540,313,243,265,279,0,,
1,1775670475600,86,1521,16228,-6159965,-1362229,-372627,0,0,0,221,314,231,260,216,305,304,283,278,166,243,134,0,,
2,1775670475600,708,1828,9820,152716,-97738,-51312,0,0,0,404,490,340,413,389,438,553,534,318,232,253,289,0,,
1,1775670475616,756,985,18238,-6096435,-1385442,-195476,0,0,0,224,316,229,262,216,301,308,290,278,163,243,130,0,,
2,1775670475616,703,1818,9877,183259,-108734,-48869,0,0,0,414,498,343,421,392,443,492,481,341,231,241,295,0,,
1,1775670475632,19,57,19387,-6070778,-1301142,-296880,0,0,0,219,314,241,259,215,318,292,278,280,166,247,140,0,,
2,1775670475632,703,1823,9940,240680,-122173,-53756,0,0,0,420,500,350,424,396,449,536,499,327,236,234,315,0,,
1,1775670475648,-2024,-1263,20468,-5913175,-1314581,-670730,0,0,0,217,312,252,256,211,332,295,284,293,161,244,152,0,,
2,1775670475648,717,1799,9968,331088,-136833,-69638,0,0,0,431,505,356,426,400,460,557,497,328,253,235,342,0,,
1,1775670475664,-4493,-2881,22502,-5577199,-1611462,-1549154,0,0,0,218,313,247,261,215,325,296,285,291,162,244,147,0,,
2,1775670475664,713,1775,10002,449596,-155159,-90408,0,0,0,441,510,368,434,402,475,558,478,336,252,219,374,0,,
1,1775670475680,-6398,-5953,24977,-5261993,-2007303,-2637716,0,0,0,218,313,252,255,212,326,297,283,293,165,244,150,0,,
2,1775670475680,713,1742,10069,561996,-163711,-103847,0,0,0,449,518,383,437,404,491,548,447,343,242,198,410,0,,
1,1775670475696,-7719,-11720,26417,-5012760,-2271196,-3326772,0,0,0,218,313,255,254,211,329,296,281,298,162,240,150,0,,
2,1775670475696,713,1665,10189,686612,-157603,-116064,0,0,0,458,529,385,439,412,501,539,415,353,241,182,445,0,,
1,1775670475712,-7427,-21325,24757,-4679227,-2350609,-2850297,0,0,0,216,312,244,259,213,322,296,279,292,168,242,141,0,,
2,1775670475712,708,1560,10390,803898,-113620,-133168,0,0,0,469,533,378,451,426,506,533,380,365,249,175,475,0,,
1,1775670475728,-3134,-30002,20899,-4074471,-2488664,-1734857,0,0,0,222,316,235,262,214,309,300,280,285,170,242,131,0,,
2,1775670475728,804,1502,10696,911410,-21991,-157603,0,0,0,480,533,380,461,437,507,516,330,370,257,172,501,0,,
1,1775670475744,5489,-35639,15984,-2977357,-2351831,-519235,0,0,0,224,317,234,263,215,310,302,279,285,170,242,133,0,,
2,1775670475744,985,1459,11155,1084896,100181,-204028,0,0,0,491,540,378,468,441,509,490,288,371,257,164,524,0,,
1,1775670475760,9236,-38597,12481,-1552819,-1142317,411723,0,0,0,226,316,233,264,214,313,305,275,284,171,247,136,0,,
2,1775670475760,1115,1330,11883,1363451,238237,-272445,0,0,0,497,545,364,481,456,528,471,263,377,255,162,544,0,,
1,1775670475776,7958,-39310,11270,-147829,92851,1376890,0,0,0,226,309,223,266,212,298,319,301,277,192,286,122,0,,
2,1775670475776,1435,1129,12912,1758070,375071,-370184,0,0,0,503,553,363,488,469,542,439,240,388,270,176,566,0,,
1,1775670475792,4694,-32371,13778,1326799,976162,2041511,0,0,0,223,290,197,266,201,270,361,367,259,247,357,99,0,,
2,1775670475792,1694,1072,14410,2335948,436157,-510683,0,0,0,512,549,327,494,484,550,383,219,390,309,212,577,0,,
1,1775670475808,-3024,-1048,16520,2990796,1999972,1479515,0,0,0,234,273,165,274,181,246,419,415,239,297,394,88,0,,
2,1775670475808,1775,1196,15750,3054326,226020,-603534,0,0,0,533,544,284,486,493,556,328,226,376,261,180,581,0,,
1,1775670475824,-9552,24594,12629,3864333,2538755,133168,0,0,0,254,261,159,288,168,245,455,446,241,336,417,89,0,,
2,1775670475824,2201,1277,17004,3882659,-131946,-665843,0,0,0,514,542,257,485,509,542,286,219,378,261,184,585,0,,
1,1775670475840,-3914,9791,13170,4880813,1751961,-596204,0,0,0,260,271,170,305,172,255,468,468,248,386,431,92,0,,
2,1775670475840,3546,1282,18583,4807509,-497244,-795346,0,0,0,510,536,266,470,511,538,272,202,376,252,194,558,0,,
1,1775670475856,3426,-4259,20315,5169141,480140,-497244,0,0,0,254,277,197,306,179,265,481,482,245,406,436,90,0,,
2,1775670475856,5331,1895,21426,5812993,-795346,-1110553,0,0,0,497,524,273,452,510,515,248,165,371,224,151,479,0,,
1,1775670475872,4398,-5221,23105,3679852,-365297,410501,0,0,0,251,288,240,302,191,316,486,485,282,395,435,107,0,,
2,1775670475872,6795,2512,24962,6883229,-1198517,-1501506,0,0,0,465,518,253,437,498,494,251,165,360,209,146,414,0,,
1,1775670475888,-2440,392,15965,2116037,-318871,814894,0,0,0,250,304,240,305,209,334,499,499,287,395,453,137,0,,
2,1775670475888,7791,2440,28533,7930252,-1536936,-1893682,0,0,0,406,499,235,421,473,472,258,169,336,195,139,370,0,,
1,1775670475904,-5599,1459,10595,1400103,-131946,389732,0,0,0,269,322,243,322,221,342,515,515,298,405,468,180,0,,
2,1775670475904,8758,2139,30236,8767137,-1415985,-2255314,0,0,0,346,464,219,384,430,433,270,202,299,179,139,322,0,,
1,1775670475920,-3843,-157,9179,1037249,74525,-180816,0,0,0,295,322,250,335,220,347,525,527,304,409,479,202,0,,
2,1775670475920,9662,2464,29078,9243612,-585208,-2684141,0,0,0,294,430,219,340,379,387,293,251,270,141,127,241,0,,
1,1775670475936,-2134,-406,10179,563217,188146,-156381,0,0,0,307,330,264,337,220,364,532,535,322,415,486,242,0,,
2,1775670475936,10035,5159,23393,8840441,-18325,-3191160,0,0,0,268,415,233,322,350,369,309,280,263,125,134,190,0,,
1,1775670475952,-2158,397,10677,179594,238237,-1221,0,0,0,317,336,269,349,216,363,539,533,324,420,491,259,0,,
2,1775670475952,11112,9629,13218,7735997,-162490,-3727499,0,0,0,275,420,240,326,352,378,308,285,266,142,163,198,0,,
1,1775670475968,-2469,899,10313,150272,243124,32986,0,0,0,329,344,282,359,217,364,541,525,321,417,495,275,0,,
2,1775670475968,10040,16104,6168,4774522,-420275,-3532022,0,0,0,279,426,236,332,359,378,308,287,261,134,149,196,0,,
1,1775670475984,-2263,995,10031,233350,223576,41538,0,0,0,335,354,297,363,230,384,545,513,337,424,500,296,0,,
2,1775670475984,5508,20009,7365,155159,-434936,-1717753,0,0,0,279,426,237,336,360,379,317,291,264,131,134,197,0,,
1,1775670476000,-1986,861,10227,294437,155159,56199,0,0,0,334,360,290,370,242,390,548,499,345,435,493,295,0,,
2,1775670476000,3378,14510,9337,-3762929,-1039692,1011592,0,0,0,276,428,237,335,360,379,316,292,263,132,142,195,0,,
1,1775670476016,-1957,885,10442,335975,50090,74525,0,0,0,335,367,275,376,256,378,541,481,332,429,478,289,0,,
2,1775670476016,8011,5120,4359,-3954741,-1123992,1930334,0,0,0,265,432,242,334,363,380,312,291,260,141,159,195,0,,
1,1775670476032,-2048,1000,10332,394618,-57421,91629,0,0,0,334,380,274,377,286,385,536,454,341,432,476,300,0,,
2,1775670476032,9624,1684,976,-3159395,157603,1358564,0,0,0,258,431,240,338,368,386,314,292,265,149,174,199,0,,
1,1775670476048,-2086,880,9911,458148,-120951,95294,0,0,0,340,397,273,370,300,386,528,444,346,418,459,329,0,,
2,1775670476048,4790,4623,2976,-3109304,1436755,522900,0,0,0,250,431,238,328,361,380,311,289,261,147,174,196,0,,
1,1775670476064,-2139,650,9600,459370,-128281,92851,0,0,0,340,395,276,379,290,393,530,436,352,416,440,335,0,,
2,1775670476064,205,7422,6307,-4118453,1148426,601091,0,0,0,249,437,240,330,367,383,307,292,261,147,176,197,0,,
1,1775670476080,-2187,497,9509,393397,-90408,90408,0,0,0,341,408,295,378,290,415,518,446,358,399,431,364,0,,
2,1775670476080,684,7039,7087,-4897917,713490,985936,0,0,0,249,439,240,335,370,384,313,294,260,141,165,193,0,,
1,1775670476096,-2201,459,9495,331088,-48869,92851,0,0,0,343,405,287,389,283,392,519,423,354,401,417,340,0,,
2,1775670476096,2043,5503,7485,-5205793,1188743,1160643,0,0,0,252,440,243,336,370,384,317,297,261,136,152,193,0,,
1,1775670476112,-2148,488,9217,270002,-2443,101403,0,0,0,344,412,284,393,283,404,516,420,364,404,406,354,0,,
2,1775670476112,1354,4809,8901,-5345070,1805717,1216843,0,0,0,252,439,243,336,371,385,320,301,263,128,140,192,0,,
1,1775670476128,-2048,536,8284,194255,53756,109955,0,0,0,345,414,282,394,279,404,517,416,364,392,395,357,0,,
2,1775670476128,-339,4828,10978,-5505117,2041511,1329242,0,0,0,254,440,243,336,373,386,322,303,262,124,135,192,0,,
1,1775670476144,-1962,540,8772,200363,43982,112399,0,0,0,352,407,279,397,277,405,517,408,365,380,389,359,0,,
2,1775670476144,-492,4910,12490,-5781228,1908343,1463633,0,0,0,259,439,241,336,371,383,312,302,264,121,128,193,0,,
1,1775670476160,-1962,502,9696,250454,-6108,100181,0,0,0,350,412,279,394,281,407,519,399,380,382,384,367,0,,
2,1775670476160,-205,4771,14151,-6129421,1849699,1514945,0,0,0,259,437,241,336,367,384,307,302,270,117,119,192,0,,
1,1775670476176,-1995,464,9930,273667,-28099,90408,0,0,0,352,418,285,390,288,418,515,391,391,384,380,382,0,,
2,1775670476176,28,4158,15965,-6411641,1849699,1440420,0,0,0,253,438,244,333,370,386,320,305,268,115,118,193,0,,
1,1775670476192,-2019,411,9705,277332,-23212,85521,0,0,0,357,414,292,394,294,426,510,386,384,375,371,386,0,,
2,1775670476192,445,3316,18071,-6489832,1749518,1285260,0,0,0,254,440,243,331,372,381,321,304,266,116,121,190,0,,
1,1775670476208,-2019,325,9681,290771,-32986,91629,0,0,0,359,409,295,403,296,423,513,383,372,368,355,383,0,,
2,1775670476208,1684,2986,20334,-6519153,1651779,1166752,0,0,0,253,441,243,335,368,384,320,299,266,127,138,192,0,,
1,1775670476224,-2048,282,9791,310319,-51312,106290,0,0,0,366,408,294,411,294,429,512,370,375,368,335,399,0,,
2,1775670476224,3043,2924,23909,-6620557,1728748,1174082,0,0,0,252,439,245,338,372,389,325,299,270,125,134,194,0,,
1,1775670476240,-2105,282,9873,334754,-57421,125838,0,0,0,364,406,281,425,310,436,506,359,377,358,327,413,0,,
2,1775670476240,3536,1689,28456,-6735400,1876578,1462411,0,0,0,253,439,242,335,368,385,326,302,272,119,121,194,0,,
1,1775670476256,-2191,253,9911,392175,-52534,163711,0,0,0,360,412,279,419,314,446,512,336,388,353,315,422,0,,
2,1775670476256,3924,-3374,32734,-6712187,2036624,2070833,0,0,0,257,440,243,337,369,385,332,300,275,113,114,191,0,,
1,1775670476272,-2263,215,9968,478918,-57421,218689,0,0,0,368,423,270,432,312,448,524,309,389,382,297,436,0,,
2,1775670476272,4843,-14438,34003,-6343224,2185675,2291966,0,0,0,256,440,243,341,371,389,335,298,279,117,114,193,0,,
1,1775670476288,-2301,162,10083,585208,-76969,276111,0,0,0,375,448,282,436,327,467,508,302,412,354,287,453,0,,
2,1775670476288,4905,-29054,30007,-5486791,2023185,1804495,0,0,0,259,441,243,343,369,391,337,296,283,117,112,196,0,,
1,1775670476304,-2354,100,10256,684169,-84299,323758,0,0,0,383,473,294,441,343,486,492,295,435,326,278,471,0,,
2,1775670476304,1651,-41191,20885,-3831346,1826487,634078,0,0,0,261,441,245,343,367,391,335,294,282,116,112,197,0,,
1,1775670476320,-2359,19,10571,801455,-92851,365297,0,0,0,386,479,292,422,346,526,484,274,422,304,258,510,0,,
2,1775670476320,-7834,-44484,14668,-1459967,1738522,-707381,0,0,0,260,437,245,344,367,391,334,296,281,116,112,195,0,,
1,1775670476336,-2177,-62,11031,1005484,-122173,394618,0,0,0,392,476,291,425,359,538,456,260,425,297,256,509,0,,
2,1775670476336,-14563,-41741,14984,357967,779464,-1268156,0,0,0,253,433,240,342,368,388,339,325,276,120,128,192,0,,
1,1775670476352,-1890,-220,11399,1259604,-168598,397062,0,0,0,402,478,257,427,390,547,462,243,420,283,233,531,0,,
2,1775670476352,-9179,-33242,17549,1776396,-992045,-1040914,0,0,0,247,427,233,343,369,384,368,397,268,139,170,186,0,,
1,1775670476368,-2005,-425,11935,1565036,-212581,382401,0,0,0,417,478,236,452,385,550,420,222,424,268,205,550,0,,
2,1775670476368,-52,-11581,20646,3044552,-2087937,-785572,0,0,0,245,404,222,341,359,377,412,458,263,162,219,180,0,,
1,1775670476384,-2656,-650,12902,1942551,-245567,427605,0,0,0,424,482,213,479,396,542,373,213,434,270,198,557,0,,
2,1775670476384,6905,22837,15788,3386636,-2702467,-273667,0,0,0,248,375,210,337,340,371,446,475,264,177,261,178,0,,
1,1775670476400,-3062,-559,14338,2474004,-359188,565661,0,0,0,425,488,196,496,413,533,348,203,440,264,193,557,0,,
2,1775670476400,6652,25364,8671,3552792,-2774549,328645,0,0,0,258,373,219,347,336,385,477,494,270,195,300,178,0,,
1,1775670476416,-3752,-196,16061,3203377,-442266,761138,0,0,0,433,471,204,492,402,530,312,189,425,240,174,548,0,,
2,1775670476416,-229,1737,12993,4493524,-2316400,555887,0,0,0,266,389,239,361,341,396,510,510,282,209,324,185,0,,
1,1775670476432,-5393,167,17616,3996280,-255341,1014036,0,0,0,443,436,226,467,377,520,267,177,410,216,148,522,0,,
2,1775670476432,-3096,-6135,23105,3991393,-1699427,87964,0,0,0,275,413,277,372,352,409,528,530,297,225,333,205,0,,
1,1775670476448,-7619,157,20033,4927239,112399,1446528,0,0,0,436,408,234,435,355,489,238,162,409,190,118,471,0,,
2,1775670476448,67,-899,22230,2178345,-1059240,-254119,0,0,0,291,428,297,388,365,421,534,546,294,301,395,223,0,,
1,1775670476464,-9384,-459,23474,5898514,384845,1970651,0,0,0,397,400,203,407,353,454,197,154,378,171,111,387,0,,
2,1775670476464,1990,2555,14405,972497,-409279,21991,0,0,0,321,444,309,401,379,434,546,551,310,244,329,257,0,,
1,1775670476480,-10279,-957,26542,6822142,365297,2510656,0,0,0,349,382,194,380,322,424,198,164,350,154,117,299,0,,
2,1775670476480,1598,2043,9686,582765,-31764,241902,0,0,0,340,454,312,405,385,438,554,558,318,243,324,270,0,,
1,1775670476496,-9054,373,28844,7585724,202807,3005456,0,0,0,289,345,194,341,289,361,216,192,307,149,149,256,0,,
2,1775670476496,990,674,9566,469144,-1221,190589,0,0,0,348,456,313,412,388,448,552,562,312,285,363,271,0,,
1,1775670476512,-7140,3441,29179,8051203,414166,3226590,0,0,0,237,309,196,281,248,325,248,235,271,136,195,168,0,,
2,1775670476512,1325,1143,10279,204028,-42760,75747,0,0,0,352,459,316,415,392,451,548,566,321,259,337,278,0,,
1,1775670476528,-9073,6618,21344,8186815,1244943,3197268,0,0,0,243,274,212,254,177,266,306,255,269,165,223,115,0,,
2,1775670476528,1584,1904,10241,40317,-56199,26878,0,0,0,357,462,320,410,390,443,558,567,329,247,322,285,0,,
1,1775670476544,-10236,8475,11399,7757988,1794722,3208264,0,0,0,234,283,232,257,185,302,312,258,287,162,229,139,0,,
2,1775670476544,1536,2220,9901,47647,-42760,20769,0,0,0,365,466,328,412,393,447,564,567,328,250,323,294,0,,
1,1775670476560,-9428,11978,7977,5764124,1541823,2547308,0,0,0,235,292,234,256,190,305,307,264,287,158,227,142,0,,
2,1775670476560,1545,2067,9940,122173,-62308,3665,0,0,0,371,468,332,415,395,453,562,563,326,253,319,301,0,,
1,1775670476576,-7250,17702,8490,1984090,853989,696386,0,0,0,237,296,222,258,194,292,306,264,275,161,227,131,0,,
2,1775670476576,1502,2019,10069,184481,-101403,-19547,0,0,0,377,471,332,419,395,454,559,557,323,256,310,306,0,,
1,1775670476592,-4776,17750,9265,-2404365,780685,-1868025,0,0,0,237,296,222,261,197,291,309,267,276,162,229,134,0,,
2,1775670476592,1359,2124,10112,246789,-74525,-41538,0,0,0,384,472,331,423,394,455,559,552,326,254,293,311,0,,
1,1775670476608,-6805,10318,6164,-3789807,1346346,-2645046,0,0,0,231,296,228,259,194,300,312,268,283,164,231,141,0,,
2,1775670476608,1277,2148,10021,342084,7330,-63529,0,0,0,390,470,330,422,389,454,561,544,338,256,285,316,0,,
1,1775670476624,-9451,4015,2555,-3784921,972497,-1888795,0,0,0,226,297,230,258,196,306,312,271,287,167,233,142,0,,
2,1775670476624,1407,1986,9825,409279,65973,-75747,0,0,0,394,476,336,420,390,457,557,530,340,287,315,325,0,,
1,1775670476640,-7106,4139,3196,-3798360,18325,-790459,0,0,0,227,298,230,258,198,308,314,273,287,166,235,145,0,,
2,1775670476640,1579,1823,9681,417831,36651,-76969,0,0,0,398,478,329,425,397,461,555,522,331,239,246,340,0,,
1,1775670476656,-3163,5288,5613,-4425107,-270002,-173485,0,0,0,230,296,230,263,195,306,315,271,282,168,235,144,0,,
2,1775670476656,1679,1756,9643,406836,-31764,-78190,0,0,0,409,485,333,426,401,467,556,515,339,243,242,354,0,,
1,1775670476672,-2613,5226,7470,-5203350,277332,-395840,0,0,0,233,295,228,272,194,306,320,276,282,169,237,141,0,,
2,1775670476672,1651,1727,9715,394618,-113620,-81855,0,0,0,423,485,336,430,403,470,554,503,339,243,230,360,0,,
1,1775670476688,-3766,4446,8432,-5689598,404392,-654847,0,0,0,228,295,229,260,194,309,318,273,281,166,235,137,0,,
2,1775670476688,1550,1655,9767,381179,-160046,-81855,0,0,0,425,489,333,434,404,474,554,492,339,244,227,370,0,,
1,1775670476704,-4546,3598,9274,-5949827,-58643,-838107,0,0,0,235,298,226,268,199,303,323,276,279,173,240,137,0,,
2,1775670476704,1459,1627,9801,373849,-177150,-83077,0,0,0,426,490,330,439,407,480,551,481,345,240,212,376,0,,
1,1775670476720,-4058,2837,10638,-6115982,-601091,-1012814,0,0,0,230,298,226,264,200,300,316,273,275,173,238,131,0,,
2,1775670476720,1402,1622,9849,387288,-161268,-81855,0,0,0,430,491,332,438,408,482,553,474,349,236,201,384,0,,
1,1775670476736,-3804,1971,12108,-6184399,-959058,-1143539,0,0,0,230,297,232,263,196,308,313,270,279,172,238,138,0,,
2,1775670476736,1392,1564,9877,409279,-142942,-76969,0,0,0,437,499,340,440,417,485,550,460,354,237,194,397,0,,
1,1775670476752,-3914,1172,13831,-6157521,-1255938,-1149648,0,0,0,230,298,223,266,199,297,320,273,275,173,241,127,0,,
2,1775670476752,1421,1450,9887,432492,-135612,-69638,0,0,0,446,505,342,444,422,490,545,445,358,239,188,409,0,,
1,1775670476768,-4053,674,15898,-6118426,-1507615,-973719,0,0,0,232,300,220,266,201,293,321,275,272,175,243,125,0,,
2,1775670476768,1459,1387,9925,454483,-145385,-70860,0,0,0,450,508,342,451,426,498,544,435,361,242,186,421,0,,
1,1775670476784,-4058,47,18013,-6104987,-1662775,-775798,0,0,0,232,300,220,266,202,292,315,273,270,173,242,124,0,,
2,1775670476784,1469,1335,10002,487470,-158824,-78190,0,0,0,457,513,344,455,429,502,543,422,365,243,182,433,0,,
1,1775670476800,-4517,-770,19841,-5985257,-1682322,-747699,0,0,0,232,300,221,265,201,292,312,271,269,171,238,124,0,,
2,1775670476800,1459,1253,10088,532674,-164933,-96516,0,0,0,466,517,345,456,429,500,538,401,369,244,175,443,0,,
1,1775670476816,-5474,-1488,21593,-5734802,-1739744,-885754,0,0,0,235,300,222,264,200,292,313,270,271,172,235,124,0,,
2,1775670476816,1469,1148,10155,587652,-163711,-122173,0,0,0,468,515,345,458,434,504,532,377,372,252,173,457,0,,
1,1775670476832,-6422,-2656,24422,-5316971,-1913229,-1331686,0,0,0,235,300,223,265,200,293,312,268,271,171,233,123,0,,
2,1775670476832,1521,1076,10198,637743,-158824,-149051,0,0,0,473,517,346,467,444,519,522,351,373,265,176,480,0,,
1,1775670476848,-6915,-5168,27489,-4991990,-2142915,-1984090,0,0,0,235,300,225,268,201,299,304,258,275,171,230,125,0,,
2,1775670476848,1655,1028,10337,708603,-156381,-195476,0,0,0,477,524,340,471,450,519,520,330,379,274,173,492,0,,
1,1775670476864,-7025,-10916,29408,-4966334,-2491108,-2583959,0,0,0,236,301,226,271,200,304,288,244,283,172,229,130,0,,
2,1775670476864,1775,966,10557,802676,-179594,-252898,0,0,0,482,530,349,470,456,527,507,301,384,402,208,499,0,,
1,1775670476880,-5608,-20559,27322,-5132489,-2682920,-2505769,0,0,0,236,303,219,273,202,291,316,268,276,169,226,127,0,,
2,1775670476880,1785,894,10835,935845,-237015,-306654,0,0,0,498,532,352,476,466,535,487,279,397,265,164,538,0,,
1,1775670476896,-1177,-31792,22143,-4880813,-2659707,-1858252,0,0,0,239,306,219,269,204,292,318,272,281,171,228,123,0,,
2,1775670476896,1684,770,11174,1150870,-256563,-359188,0,0,0,492,540,323,484,477,534,457,246,389,314,206,549,0,,
1,1775670476912,6728,-40827,15783,-3622430,-2252871,-708603,0,0,0,241,307,219,270,204,292,314,267,271,179,234,123,0,,
2,1775670476912,1526,603,11643,1425759,-183259,-410501,0,0,0,499,537,306,485,484,537,435,236,394,315,216,563,0,,
1,1775670476928,12299,-43890,12677,-1582140,-1176526,492357,0,0,0,237,306,222,272,207,300,314,267,275,176,235,124,0,,
2,1775670476928,1162,516,12467,1776396,-24434,-436157,0,0,0,514,549,298,493,493,539,402,235,396,301,209,571,0,,
1,1775670476944,13390,-41832,12739,324980,120951,1318247,0,0,0,221,301,230,263,205,309,313,281,269,184,260,122,0,,
2,1775670476944,1191,459,13328,2188119,69638,-432492,0,0,0,519,551,280,495,498,543,363,223,400,297,211,583,0,,
1,1775670476960,7781,-30567,15850,1947438,1477072,1306029,0,0,0,236,283,216,275,191,290,371,331,264,263,327,110,0,,
2,1775670476960,1990,368,14247,2751337,79412,-471587,0,0,0,517,544,265,490,501,545,331,220,403,277,191,593,0,,
1,1775670476976,-2144,-4340,18511,3208264,2687807,841772,0,0,0,243,265,179,275,177,255,417,397,242,292,384,90,0,,
2,1775670476976,2632,335,15266,3363424,-8552,-616973,0,0,0,513,538,254,482,507,546,296,210,403,257,173,592,0,,
1,1775670476992,-9298,25446,14032,3357315,3260798,35430,0,0,0,248,256,156,284,166,234,445,443,230,315,411,79,0,,
2,1775670476992,3177,344,16822,4073249,-128281,-802676,0,0,0,514,537,252,472,504,537,272,188,401,253,168,586,0,,
1,1775670477008,-6441,20741,9715,3630982,2656042,-614530,0,0,0,253,253,157,299,163,240,465,465,239,357,422,80,0,,
2,1775670477008,4522,607,18942,4900360,-265115,-1037249,0,0,0,514,534,259,470,497,524,267,171,396,248,162,562,0,,
1,1775670477024,3149,-3900,14946,4784296,653625,-830776,0,0,0,257,259,176,302,167,261,480,480,252,387,432,85,0,,
2,1775670477024,6642,904,22187,6053674,-475253,-1489289,0,0,0,497,519,256,474,494,515,263,161,386,232,150,500,0,,
1,1775670477040,4278,-5977,22057,3995058,-355523,0,0,0,0,260,276,212,304,178,288,496,496,266,403,444,101,0,,
2,1775670477040,7035,1139,26216,7105584,-529009,-1913229,0,0,0,444,493,228,445,465,495,262,159,367,205,135,415,0,,
1,1775670477056,-1947,-459,19392,2246762,-117286,708603,0,0,0,259,290,240,315,196,326,506,505,282,417,459,133,0,,
2,1775670477056,6073,2033,30456,8136724,-295658,-2258979,0,0,0,367,465,216,412,430,461,274,174,334,175,117,332,0,,
1,1775670477072,-5374,1100,12821,1136209,140499,291993,0,0,0,280,305,246,333,207,347,521,516,290,425,473,170,0,,
2,1775670477072,3613,2938,32237,8923519,48869,-2403143,0,0,0,304,438,219,352,385,404,293,237,284,139,114,264,0,,
1,1775670477088,-3785,167,10184,762359,106290,-153938,0,0,0,311,314,259,354,209,351,527,525,290,440,484,193,0,,
2,1775670477088,5336,4201,27953,9459859,459370,-2411695,0,0,0,248,409,225,323,360,373,307,271,269,107,106,192,0,,
1,1775670477104,-1832,-373,10299,514348,-1221,-212581,0,0,0,327,316,257,357,206,369,527,525,301,456,491,225,0,,
2,1775670477104,9949,7982,17386,9435424,1032362,-2801427,0,0,0,251,412,239,325,361,387,316,299,278,110,118,201,0,,
1,1775670477120,-2402,411,10514,284663,9773,-43982,0,0,0,322,335,260,363,220,365,543,520,306,471,509,228,0,,
2,1775670477120,9930,12395,10394,8195368,967610,-3545461,0,0,0,250,416,242,328,365,393,316,303,277,113,120,209,0,,
1,1775670477136,-2928,914,10131,196698,81855,23212,0,0,0,328,333,276,368,217,372,546,515,306,466,512,242,0,,
2,1775670477136,3962,19473,9002,4517959,-98960,-3079982,0,0,0,248,417,241,318,369,384,316,299,272,117,122,211,0,,
1,1775670477152,-2708,942,9863,212581,130725,26878,0,0,0,334,341,288,374,235,380,543,516,318,461,507,257,0,,
2,1775670477152,1220,21201,10567,-1703092,-1803274,-397062,0,0,0,249,420,244,324,366,387,319,298,271,114,117,208,0,,
1,1775670477168,-2340,885,9997,237015,125838,41538,0,0,0,333,351,287,387,241,390,543,503,316,449,483,261,0,,
2,1775670477168,4350,12505,10519,-6136752,-3275459,1846034,0,0,0,250,424,248,328,364,389,321,300,272,114,119,209,0,,
1,1775670477184,-2316,971,10198,268780,86742,61086,0,0,0,331,368,295,386,262,395,536,487,323,440,462,276,0,,
2,1775670477184,8518,4216,6288,-6096435,-3133738,1486845,0,0,0,244,426,250,326,364,390,321,303,271,115,123,211,0,,
1,1775670477200,-2316,1052,10165,349414,19547,79412,0,0,0,332,384,306,374,303,393,523,473,335,431,448,292,0,,
2,1775670477200,10284,1115,2536,-5341405,-1844813,299323,0,0,0,238,425,247,305,383,379,322,309,273,118,128,211,0,,
1,1775670477216,-2234,1000,9959,431270,-53756,90408,0,0,0,335,385,305,368,319,391,514,455,338,423,433,299,0,,
2,1775670477216,7709,2995,3374,-5215567,-279776,-555887,0,0,0,238,425,247,305,383,379,320,310,273,120,134,211,0,,
1,1775670477232,-2230,813,9672,448375,-107512,89186,0,0,0,336,380,292,370,300,392,516,436,334,415,420,303,0,,
2,1775670477232,4355,4532,5699,-5468465,430049,-757472,0,0,0,241,428,250,327,365,391,316,308,270,122,136,210,0,,
1,1775670477248,-2287,646,8714,377514,-105068,89186,0,0,0,338,386,282,380,305,392,513,430,333,403,413,306,0,,
2,1775670477248,1990,4924,7987,-5815437,321315,-294437,0,0,0,241,428,250,327,365,392,317,309,270,125,141,209,0,,
1,1775670477264,-2311,583,7815,246789,-43982,94073,0,0,0,344,394,283,386,304,391,508,422,336,407,405,310,0,,
2,1775670477264,3522,4154,8164,-5908288,386066,361632,0,0,0,240,428,251,326,363,390,318,306,271,131,152,209,0,,
1,1775670477280,-2330,574,8604,212581,-32986,96516,0,0,0,345,395,282,377,303,392,514,411,332,410,407,317,0,,
2,1775670477280,4747,3603,8892,-5986479,1064127,849102,0,0,0,240,425,250,332,367,393,322,310,271,130,149,212,0,,
1,1775670477296,-2340,569,9715,218689,-37873,94073,0,0,0,337,407,274,380,321,393,508,418,339,410,410,320,0,,
2,1775670477296,3613,3613,11021,-6104987,1772730,1141096,0,0,0,245,431,256,329,366,393,322,314,276,127,144,211,0,,
1,1775670477312,-2278,564,9676,169820,-7330,86742,0,0,0,336,410,274,379,313,390,518,410,332,404,404,316,0,,
2,1775670477312,2258,3608,13242,-6212499,2012190,1395216,0,0,0,245,431,256,330,369,396,320,312,275,130,148,213,0,,
1,1775670477328,-2211,574,9509,117286,15882,75747,0,0,0,339,417,272,378,314,398,518,404,332,399,400,322,0,,
2,1775670477328,2010,3412,15166,-6280916,1913229,1522276,0,0,0,243,429,255,329,367,395,322,312,277,128,147,211,0,,
1,1775670477344,-2177,579,9552,95294,13439,65973,0,0,0,342,422,272,382,315,403,519,413,336,399,390,326,0,,
2,1775670477344,2321,3239,17516,-6410419,1899790,1376890,0,0,0,243,427,255,329,366,398,323,313,288,128,147,213,0,,
1,1775670477360,-2191,559,9719,113620,-13439,69638,0,0,0,336,446,264,393,336,399,517,405,331,392,381,333,0,,
2,1775670477360,2498,3196,20497,-6623000,1916895,1127657,0,0,0,243,429,257,330,366,399,325,313,291,129,147,215,0,,
1,1775670477376,-2249,526,9806,149051,-41538,87964,0,0,0,336,460,269,393,338,406,518,403,348,385,377,348,0,,
2,1775670477376,2852,3096,23953,-6822142,1925447,966388,0,0,0,242,427,254,331,367,398,324,311,285,126,140,214,0,,
1,1775670477392,-2325,502,9772,186924,-50090,118507,0,0,0,342,468,279,394,330,418,517,404,362,375,379,368,0,,
2,1775670477392,3263,1914,28040,-6905220,1965764,1123992,0,0,0,241,427,252,333,366,396,328,311,283,120,128,212,0,,
1,1775670477408,-2445,478,9700,230907,-25656,162490,0,0,0,351,459,293,404,318,427,517,391,367,370,366,386,0,,
2,1775670477408,3388,-1995,31572,-6828251,2098932,1613905,0,0,0,246,430,256,336,367,399,332,307,286,114,118,210,0,,
1,1775670477424,-2464,483,9710,287106,20769,217468,0,0,0,355,454,292,407,318,438,520,364,374,366,343,398,0,,
2,1775670477424,2847,-11189,33404,-6421415,2386039,2189341,0,0,0,251,429,255,339,368,402,336,304,288,116,115,210,0,,
1,1775670477440,-2335,449,9791,356745,54977,256563,0,0,0,356,469,282,405,331,448,519,344,389,358,328,408,0,,
2,1775670477440,1789,-24259,32227,-5634620,2261423,2415361,0,0,0,251,427,249,342,368,402,339,304,290,120,117,209,0,,
1,1775670477456,-2316,430,9940,434936,67195,278554,0,0,0,369,470,302,415,341,456,513,326,402,351,314,423,0,,
2,1775670477456,684,-37468,25168,-4256508,1607797,1914451,0,0,0,250,427,246,344,369,403,338,303,290,120,118,209,0,,
1,1775670477472,-2450,502,10308,581543,59864,290771,0,0,0,382,478,323,427,363,473,505,290,405,346,295,447,0,,
2,1775670477472,-3823,-44278,17535,-2254092,1335351,577878,0,0,0,245,426,242,344,370,405,343,326,290,151,151,209,0,,
1,1775670477488,-2498,555,10691,783129,25656,305432,0,0,0,392,501,303,441,382,484,486,268,409,329,268,477,0,,
2,1775670477488,-11016,-45240,16247,-221133,797790,-720820,0,0,0,232,420,236,339,372,400,362,399,279,227,243,202,0,,
1,1775670477504,-2493,459,11088,1045801,-36651,329867,0,0,0,389,505,339,441,376,494,463,242,402,306,245,496,0,,
2,1775670477504,-10141,-33931,19904,1791056,-1254717,-951728,0,0,0,234,401,227,342,367,394,404,459,273,162,219,199,0,,
1,1775670477520,-2775,191,11825,1341460,-68416,379958,0,0,0,387,517,288,443,391,523,439,241,418,290,236,521,0,,
2,1775670477520,-938,-5867,18109,3712838,-3629761,-852767,0,0,0,238,368,205,334,344,378,440,467,271,199,259,192,0,,
1,1775670477536,-3201,-4,12993,1688431,6108,471587,0,0,0,421,520,240,460,437,517,402,234,412,283,234,539,0,,
2,1775670477536,7250,17406,12419,4392121,-4500855,-541226,0,0,0,250,370,190,336,344,372,454,472,263,180,273,190,0,,
1,1775670477552,-3225,-105,14515,2251649,122173,620639,0,0,0,429,531,225,496,459,506,335,213,409,269,213,552,0,,
2,1775670477552,5484,11060,10471,4669453,-3313333,96516,0,0,0,253,373,177,342,354,374,478,486,268,200,299,174,0,,
1,1775670477568,-3196,33,15817,2982244,197920,766025,0,0,0,471,498,225,491,433,515,278,207,408,241,186,548,0,,
2,1775670477568,-2311,-2459,16989,5001764,-822224,800233,0,0,0,250,381,211,352,349,396,490,490,284,232,323,191,0,,
1,1775670477584,-3895,397,16946,3843564,252898,940732,0,0,0,484,475,223,477,435,513,259,200,406,222,173,526,0,,
2,1775670477584,-6422,-2976,21684,4327369,630412,566882,0,0,0,253,407,241,370,356,421,504,504,315,237,319,224,0,,
1,1775670477600,-5527,775,19090,4776966,332310,1244943,0,0,0,470,444,226,447,404,502,232,187,403,205,155,486,0,,
2,1775670477600,-2115,866,19186,2830749,472809,-361632,0,0,0,274,428,266,384,365,430,517,517,318,226,297,252,0,,
1,1775670477616,-7949,540,22014,5749463,491135,1668883,0,0,0,434,423,231,417,360,467,217,168,379,190,138,426,0,,
2,1775670477616,3192,1421,14290,1445307,67195,-472809,0,0,0,298,443,281,399,377,440,529,530,319,231,290,277,0,,
1,1775670477632,-9949,0,24761,6574131,635299,2200336,0,0,0,383,422,221,392,345,416,231,165,339,179,140,351,0,,
2,1775670477632,2603,507,10447,729373,-120951,67195,0,0,0,335,455,300,412,380,444,539,539,321,240,292,298,0,,
1,1775670477648,-10815,440,26719,7392691,637743,2805093,0,0,0,330,401,207,347,322,378,227,193,311,163,158,284,0,,
2,1775670477648,689,210,9547,321315,-193033,255341,0,0,0,358,461,313,424,380,452,548,548,321,263,315,313,0,,
1,1775670477664,-9389,2225,27398,8020660,596204,3257133,0,0,0,274,361,204,299,284,338,224,233,281,153,197,218,0,,
2,1775670477664,339,665,10552,92851,-240680,113620,0,0,0,359,462,316,429,385,459,553,553,326,286,337,323,0,,
1,1775670477680,-7843,5025,25364,8429940,1012814,3485597,0,0,0,241,294,212,260,211,290,273,259,262,152,226,126,0,,
2,1775670477680,737,1162,10748,-36651,-257785,29321,0,0,0,363,463,320,427,390,456,558,559,321,279,332,325,0,,
1,1775670477696,-7896,7331,19837,8181929,1754404,3484375,0,0,0,237,288,224,256,194,284,300,273,270,159,238,124,0,,
2,1775670477696,799,1493,10509,-85521,-191811,21991,0,0,0,366,462,323,427,395,459,565,566,314,277,334,324,0,,
1,1775670477712,-9581,10466,11624,6389650,2032959,3144734,0,0,0,235,298,230,254,202,295,292,273,271,160,240,137,0,,
2,1775670477712,722,1631,10409,-41538,-89186,12217,0,0,0,369,469,326,428,390,457,561,561,327,282,347,325,0,,
1,1775670477728,-9361,15228,8906,3026226,1126435,2147802,0,0,0,238,301,227,260,208,297,297,277,271,161,240,133,0,,
2,1775670477728,708,1703,10366,12217,-24434,-15882,0,0,0,371,472,330,430,396,459,563,563,330,284,350,324,0,,
1,1775670477744,-5508,17415,10117,-1298699,365297,91629,0,0,0,231,302,228,255,204,297,309,283,272,160,239,132,0,,
2,1775670477744,717,1746,10279,70860,23212,-43982,0,0,0,373,475,329,422,389,451,562,561,322,282,346,323,0,,
1,1775670477760,-6384,11328,7078,-3381749,978606,-1599245,0,0,0,227,299,229,254,198,298,312,288,277,158,239,131,0,,
2,1775670477760,737,1727,10145,129503,70860,-50090,0,0,0,371,474,322,425,392,453,562,561,327,286,346,324,0,,
1,1775670477776,-9270,5809,3110,-3544240,702495,-1678657,0,0,0,227,301,234,254,203,307,309,288,285,158,242,140,0,,
2,1775670477776,775,1651,9992,175929,102625,-52534,0,0,0,369,472,317,426,391,451,556,556,329,270,322,323,0,,
1,1775670477792,-7245,4819,2818,-3491705,-493579,-761138,0,0,0,224,303,236,252,206,310,311,294,287,156,244,140,0,,
2,1775670477792,823,1555,9882,188146,105068,-52534,0,0,0,366,472,315,425,388,450,552,552,324,263,311,318,0,,
1,1775670477808,-3847,5805,4824,-4065919,-731816,-398284,0,0,0,225,304,232,260,207,301,313,293,278,158,243,133,0,,
2,1775670477808,861,1526,9844,173485,91629,-54977,0,0,0,368,473,317,424,390,451,549,549,321,258,297,323,0,,
1,1775670477824,-3259,5977,6508,-4885700,-284663,-574213,0,0,0,224,305,233,259,205,300,311,290,276,160,242,135,0,,
2,1775670477824,914,1588,9791,172263,75747,-58643,0,0,0,372,475,320,427,392,453,549,548,325,252,278,325,0,,
1,1775670477840,-4565,4766,7039,-5269323,-453262,-726929,0,0,0,222,306,237,251,204,305,310,291,282,158,244,140,0,,
2,1775670477840,990,1646,9772,211359,47647,-62308,0,0,0,374,477,322,427,391,451,552,545,326,245,262,331,0,,
1,1775670477856,-4374,3670,7910,-5385387,-1023810,-803898,0,0,0,226,307,234,254,206,305,311,293,281,158,245,136,0,,
2,1775670477856,1028,1569,9796,250454,6108,-62308,0,0,0,375,476,322,429,391,451,552,542,328,242,255,338,0,,
1,1775670477872,-3015,3129,9696,-5474574,-1419650,-1031140,0,0,0,223,304,236,254,204,307,309,289,280,160,246,136,0,,
2,1775670477872,990,1421,9806,246789,-35430,-61086,0,0,0,379,477,322,431,393,455,550,538,329,245,260,340,0,,
1,1775670477888,-2517,2881,11591,-5684711,-1490511,-1362229,0,0,0,223,303,233,254,205,301,311,290,278,163,249,133,0,,
2,1775670477888,942,1392,9786,207694,-61086,-59864,0,0,0,384,476,324,433,393,459,553,534,332,248,267,342,0,,
1,1775670477904,-3316,2474,13395,-5966931,-1458746,-1666440,0,0,0,225,302,228,257,212,298,312,291,276,167,248,138,0,,
2,1775670477904,928,1407,9786,182037,-80634,-58643,0,0,0,387,473,325,436,395,461,555,535,342,249,263,347,0,,
1,1775670477920,-4685,1483,15161,-6129421,-1663996,-1672549,0,0,0,226,307,237,264,205,309,316,295,284,164,247,143,0,,
2,1775670477920,918,1421,9820,179594,-91629,-54977,0,0,0,395,478,328,440,400,470,553,532,340,248,246,353,0,,
1,1775670477936,-5226,339,17142,-6161186,-1963320,-1475850,0,0,0,226,307,236,256,205,305,312,291,280,164,247,138,0,,
2,1775670477936,880,1421,9901,200363,-91629,-50090,0,0,0,402,481,333,441,399,474,554,521,340,260,248,361,0,,
1,1775670477952,-5116,-655,19353,-6112317,-2189341,-1280373,0,0,0,227,311,229,259,209,297,313,295,276,162,247,130,0,,
2,1775670477952,856,1411,9983,245567,-76969,-50090,0,0,0,425,484,350,444,395,475,552,498,334,245,226,373,0,,
1,1775670477968,-5039,-1335,21928,-5993809,-2296853,-1367116,0,0,0,221,312,230,256,210,304,309,293,282,160,248,133,0,,
2,1775670477968,875,1368,10007,318871,-57421,-56199,0,0,0,425,487,336,452,410,488,549,496,351,253,226,389,0,,
1,1775670477984,-5029,-2182,24886,-5831319,-2382374,-1771509,0,0,0,222,310,234,259,213,312,309,291,284,163,248,135,0,,
2,1775670477984,918,1301,10021,399505,-45204,-68416,0,0,0,433,495,343,451,407,494,555,472,355,249,210,414,0,,
1,1775670478000,-4924,-4570,28221,-5650503,-2509434,-2498438,0,0,0,224,310,231,259,207,301,319,292,283,162,240,132,0,,
2,1775670478000,957,1225,10054,478918,-41538,-86742,0,0,0,442,500,346,457,414,506,563,451,363,246,192,430,0,,
1,1775670478016,-5092,-9231,30490,-5523443,-2546086,-3050661,0,0,0,227,313,230,262,211,297,314,286,280,168,243,131,0,,
2,1775670478016,1019,1186,10155,554665,-39095,-103847,0,0,0,452,505,348,463,424,516,553,427,364,247,180,448,0,,
1,1775670478032,-6580,-18372,28083,-5415931,-2298075,-2783102,0,0,0,226,314,228,266,217,300,309,283,276,171,243,128,0,,
2,1775670478032,1119,1182,10337,642630,-30543,-124616,0,0,0,467,519,351,472,437,521,545,381,378,252,175,476,0,,
1,1775670478048,-6063,-29518,21986,-4979773,-2333505,-1635897,0,0,0,226,313,228,267,216,304,309,284,277,171,243,128,0,,
2,1775670478048,1277,1177,10586,758694,8552,-153938,0,0,0,477,529,355,478,451,536,532,334,383,254,168,504,0,,
1,1775670478064,2273,-40200,15496,-3765373,-2774549,216246,0,0,0,231,316,231,265,216,302,305,284,278,172,253,131,0,,
2,1775670478064,1517,1062,10882,896750,112399,-210137,0,0,0,491,537,362,486,461,548,510,292,389,288,189,530,0,,
1,1775670478080,15587,-44240,14108,-1793500,-1993864,1336573,0,0,0,235,316,231,264,214,291,308,286,273,174,255,124,0,,
2,1775670478080,1703,823,11457,1076344,278554,-312763,0,0,0,498,540,354,482,468,558,474,253,406,321,215,545,0,,
1,1775670478096,18104,-42143,14534,259006,222354,1523497,0,0,0,231,312,227,265,211,293,316,289,271,182,263,125,0,,
2,1775670478096,1842,818,12854,1488067,278554,-414166,0,0,0,500,539,331,481,478,562,437,234,408,298,198,557,0,,
1,1775670478112,6661,-32591,15261,1898569,1988977,1375668,0,0,0,226,301,226,266,200,287,336,309,266,198,295,117,0,,
2,1775670478112,2306,847,14376,2153910,40317,-508239,0,0,0,505,541,310,490,489,559,399,254,401,261,170,575,0,,
1,1775670478128,-3426,-13323,18099,3125186,2612059,1254717,0,0,0,232,279,203,283,196,272,412,398,247,279,370,92,0,,
2,1775670478128,2536,823,15549,2963918,-255341,-642630,0,0,0,508,546,292,491,502,554,351,268,409,262,179,591,0,,
1,1775670478144,-9260,21555,18363,3462384,3003013,612086,0,0,0,244,259,169,287,170,255,455,443,246,326,405,85,0,,
2,1775670478144,2349,1028,16668,3776368,-360410,-802676,0,0,0,507,542,254,492,512,544,314,209,408,254,182,588,0,,
1,1775670478160,-7059,27307,11892,3365867,3216816,-375071,0,0,0,259,265,179,297,167,260,464,462,253,375,424,85,0,,
2,1775670478160,2799,1301,18387,4593706,-340862,-954171,0,0,0,510,535,254,480,502,539,275,183,379,252,162,571,0,,
1,1775670478176,277,6030,14036,4381125,2214997,-630412,0,0,0,257,281,200,302,184,277,476,476,261,396,430,93,0,,
2,1775670478176,4498,1770,21612,5671272,-419053,-1200961,0,0,0,508,537,256,472,504,528,256,167,383,235,156,523,0,,
1,1775670478192,3613,-6427,21962,4194200,703716,-29321,0,0,0,254,295,225,312,206,317,489,489,283,398,434,113,0,,
2,1775670478192,5910,2148,26159,6973637,-538783,-1547932,0,0,0,482,513,242,456,495,510,254,158,376,219,146,438,0,,
1,1775670478208,-670,-2948,20569,2212553,-41538,533896,0,0,0,269,307,245,330,217,344,501,500,297,408,446,147,0,,
2,1775670478208,7499,1474,30375,8151385,-351858,-1866804,0,0,0,402,486,225,433,462,482,268,165,354,204,139,379,0,,
1,1775670478224,-4685,2445,12735,781907,-168598,266337,0,0,0,294,315,259,350,217,354,513,497,304,421,463,183,0,,
2,1775670478224,8064,2737,32926,9099448,682947,-2316400,0,0,0,336,452,217,389,414,435,278,190,306,189,151,323,0,,
1,1775670478240,-3498,1866,8786,680503,-204028,-151494,0,0,0,315,321,273,367,219,355,524,488,312,437,480,210,0,,
2,1775670478240,5398,7389,33414,9474519,1403768,-2779436,0,0,0,273,419,222,343,372,384,281,255,276,134,125,220,0,,
1,1775670478256,-2459,201,9040,675616,-113620,-182037,0,0,0,326,330,284,374,226,360,531,488,324,445,488,231,0,,
2,1775670478256,4254,11706,27518,9090896,928515,-3014009,0,0,0,269,421,235,332,364,377,302,279,270,117,113,197,0,,
1,1775670478272,-2708,67,10069,447153,56199,-52534,0,0,0,340,341,283,378,235,370,533,491,331,439,486,263,0,,
2,1775670478272,7508,12294,14060,8382292,-400727,-3244916,0,0,0,271,425,238,332,366,383,310,292,272,114,117,197,0,,
1,1775670478288,-2967,914,10040,243124,232128,12217,0,0,0,355,349,268,394,246,373,539,483,328,442,480,299,0,,
2,1775670478288,8351,12892,7690,6969972,-1469741,-3444058,0,0,0,268,428,238,333,368,383,308,294,266,112,118,198,0,,
1,1775670478304,-2479,1239,10007,255341,249233,24434,0,0,0,353,358,266,408,254,380,541,471,328,453,466,313,0,,
2,1775670478304,4919,18856,7408,2723237,-1622458,-2476447,0,0,0,266,428,236,333,367,379,307,294,260,113,118,198,0,,
1,1775670478320,-2163,1196,10117,321315,151494,30543,0,0,0,371,358,272,402,265,386,544,459,339,460,448,323,0,,
2,1775670478320,3072,19583,7657,-2983465,-1602910,-553443,0,0,0,266,428,235,334,366,377,311,296,259,116,117,197,0,,
1,1775670478336,-2220,1095,10260,371406,-1221,48869,0,0,0,346,367,276,409,263,387,541,444,343,434,414,332,0,,
2,1775670478336,4752,10993,7111,-5638286,-1582140,799011,0,0,0,266,431,238,336,368,378,314,299,260,118,116,196,0,,
1,1775670478352,-2354,1115,10198,403171,-107512,73303,0,0,0,348,371,268,412,263,381,542,452,349,415,406,341,0,,
2,1775670478352,6618,4297,5340,-5847202,-1396437,1088561,0,0,0,263,432,238,337,371,380,313,301,261,119,118,197,0,,
1,1775670478368,-2431,1048,9949,434936,-183259,96516,0,0,0,354,372,275,412,263,393,538,424,350,406,389,349,0,,
2,1775670478368,7293,2349,3656,-5017647,-858876,627969,0,0,0,260,434,238,337,370,380,312,304,260,118,120,197,0,,
1,1775670478384,-2507,866,9609,437379,-210137,112399,0,0,0,351,376,276,400,261,393,542,407,351,393,379,363,0,,
2,1775670478384,6317,3436,4312,-4877148,-173485,216246,0,0,0,260,434,238,336,370,380,315,305,262,118,120,197,0,,
1,1775670478400,-2555,737,9418,384845,-179594,117286,0,0,0,346,376,266,400,267,399,533,398,355,378,371,369,0,,
2,1775670478400,5206,4345,6063,-5231449,294437,123394,0,0,0,261,434,239,336,370,380,315,305,261,116,121,196,0,,
1,1775670478416,-2598,737,9796,304210,-113620,120951,0,0,0,346,376,266,401,276,397,525,390,353,381,361,370,0,,
2,1775670478416,4670,4714,8083,-5792224,623082,321315,0,0,0,264,438,243,336,372,380,316,309,265,116,122,195,0,,
1,1775670478432,-2603,799,10624,213802,-12217,125838,0,0,0,347,374,267,406,275,401,522,381,355,385,354,373,0,,
2,1775670478432,4967,4560,9686,-6284581,935845,718377,0,0,0,262,438,243,336,373,380,316,309,262,192,164,192,0,,
1,1775670478448,-2536,808,10141,226020,21991,123394,0,0,0,345,377,268,401,275,415,519,373,352,375,345,375,0,,
2,1775670478448,5388,4005,11308,-6702413,1288925,1150870,0,0,0,258,438,242,337,373,382,317,310,262,130,128,194,0,,
1,1775670478464,-2416,751,9461,255341,15882,112399,0,0,0,347,385,271,397,282,416,513,370,353,368,342,380,0,,
2,1775670478464,5618,2948,12955,-6883229,1618792,1502728,0,0,0,258,439,245,338,373,383,317,308,263,119,121,193,0,,
1,1775670478480,-2325,698,9365,246789,15882,100181,0,0,0,350,399,276,403,291,411,513,369,361,367,344,391,0,,
2,1775670478480,5680,1938,14682,-6845355,1912008,1725083,0,0,0,258,437,246,339,373,386,318,308,267,117,119,195,0,,
1,1775670478496,-2306,655,9676,222354,13439,95294,0,0,0,349,411,276,407,299,418,518,361,367,362,337,400,0,,
2,1775670478496,5427,1454,16960,-6682865,2155132,1780061,0,0,0,257,436,247,336,370,384,319,307,267,114,117,196,0,,
1,1775670478512,-2330,598,9724,235793,-12217,107512,0,0,0,352,408,272,406,308,419,516,349,364,362,330,401,0,,
2,1775670478512,4967,1655,20038,-6666983,2240653,1765400,0,0,0,255,435,246,335,369,382,320,306,266,115,119,196,0,,
1,1775670478528,-2368,559,9667,267558,-45204,130725,0,0,0,352,415,277,412,287,429,520,340,371,350,314,393,0,,
2,1775670478528,5020,1876,23608,-6795264,2224771,1791056,0,0,0,254,435,245,336,370,382,322,304,267,117,119,195,0,,
1,1775670478544,-2469,555,9643,310319,-61086,161268,0,0,0,365,417,273,422,287,438,512,335,384,352,310,435,0,,
2,1775670478544,5690,1469,27413,-6976081,2224771,1914451,0,0,0,254,437,247,338,372,384,323,303,268,116,116,194,0,,
1,1775670478560,-2608,531,9696,362853,-51312,200363,0,0,0,374,426,280,416,302,460,507,303,398,346,300,444,0,,
2,1775670478560,5790,-1564,30629,-7044497,2474004,2261423,0,0,0,255,438,246,340,372,385,327,303,272,118,116,195,0,,
1,1775670478576,-2694,512,9853,425162,-24434,250454,0,0,0,371,439,289,432,325,499,500,287,394,343,295,471,0,,
2,1775670478576,4048,-8753,33486,-6803817,3029891,2664594,0,0,0,258,437,244,344,370,386,333,300,275,152,132,195,0,,
1,1775670478592,-2708,416,10011,513126,-10995,310319,0,0,0,375,459,279,442,344,495,505,286,401,334,278,469,0,,
2,1775670478592,387,-21028,33835,-5990144,2846632,2648711,0,0,0,261,436,244,347,372,390,340,300,281,200,154,194,0,,
1,1775670478608,-2708,296,10184,613308,-19547,361632,0,0,0,393,462,280,454,343,493,497,268,413,321,252,480,0,,
2,1775670478608,-871,-33926,28198,-4772079,1727526,1986533,0,0,0,265,438,246,351,374,394,339,300,283,124,118,199,0,,
1,1775670478624,-2732,291,10543,770911,-32986,401949,0,0,0,416,466,276,456,366,502,476,256,412,297,237,504,0,,
2,1775670478624,-2129,-43235,18774,-2948035,1014036,249233,0,0,0,265,440,247,353,378,397,338,302,283,123,118,199,0,,
1,1775670478640,-2665,301,10921,973719,-21991,426383,0,0,0,432,476,274,462,376,518,459,247,414,289,225,528,0,,
2,1775670478640,-7992,-45752,14414,-1034805,830776,-1555262,0,0,0,265,442,252,346,374,392,336,303,281,120,117,199,0,,
1,1775670478656,-2479,157,11275,1222952,-25656,432492,0,0,0,445,483,277,484,369,531,442,231,422,286,206,548,0,,
2,1775670478656,-13510,-40808,16372,582765,105068,-2202780,0,0,0,249,430,239,344,377,392,352,383,278,126,160,191,0,,
1,1775670478672,-2397,-67,11926,1546710,-120951,434936,0,0,0,446,486,257,511,379,539,412,218,426,282,195,559,0,,
2,1775670478672,-6762,-22196,20722,2185675,-1681101,-1580919,0,0,0,240,405,211,346,368,378,400,449,262,146,203,185,0,,
1,1775670478688,-2689,-244,12883,1951103,-251676,471587,0,0,0,440,497,219,527,421,537,373,219,430,279,204,564,0,,
2,1775670478688,5345,10366,19277,3153286,-3380528,-825889,0,0,0,248,375,202,337,343,370,442,469,266,161,234,180,0,,
1,1775670478704,-3086,-277,13845,2433687,-351858,571769,0,0,0,445,502,203,523,455,524,337,218,436,259,202,565,0,,
2,1775670478704,9652,21177,10098,3528357,-4173431,-7330,0,0,0,253,364,190,335,333,369,472,480,271,177,268,180,0,,
1,1775670478720,-3531,-9,15041,3098308,-346971,702495,0,0,0,457,477,205,505,436,527,292,195,437,237,165,555,0,,
2,1775670478720,4446,6815,8399,4482529,-3485597,794124,0,0,0,258,366,187,343,332,373,492,494,276,186,292,177,0,,
1,1775670478736,-4790,205,16420,3909537,-207694,904080,0,0,0,472,454,216,482,446,524,237,190,431,237,155,533,0,,
2,1775670478736,-3847,-6154,16884,5038416,-1831373,1271821,0,0,0,262,373,201,352,335,384,505,506,281,206,319,177,0,,
1,1775670478752,-6202,186,18497,4752531,-35430,1251052,0,0,0,463,426,220,435,388,505,193,174,406,186,122,496,0,,
2,1775670478752,-5326,-1435,20473,4157548,-996932,620639,0,0,0,263,397,218,370,354,400,518,518,288,225,328,199,0,,
1,1775670478768,-7930,-110,21411,5646838,101403,1651779,0,0,0,426,414,218,406,388,485,188,148,406,177,120,458,0,,
2,1775670478768,-2191,2613,18214,3293785,-585208,-114842,0,0,0,278,431,230,393,383,416,532,532,303,229,315,246,0,,
1,1775670478784,-10480,-617,23857,6467841,150272,2116037,0,0,0,381,406,211,387,366,463,200,162,376,177,130,401,0,,
2,1775670478784,1158,1095,15678,2252871,-150272,-232128,0,0,0,317,454,250,405,400,429,543,543,314,233,306,290,0,,
1,1775670478800,-11634,-765,26321,7150788,223576,2779436,0,0,0,327,384,202,358,317,426,189,183,344,149,125,300,0,,
2,1775670478800,1273,-631,13500,1003040,-35430,18325,0,0,0,342,467,261,412,403,437,548,549,313,242,302,316,0,,
1,1775670478816,-10452,320,28978,7600385,498466,3319441,0,0,0,265,346,190,303,288,352,210,215,294,148,165,238,0,,
2,1775670478816,291,421,10705,177150,-92851,113620,0,0,0,354,474,262,418,406,440,552,554,313,244,299,327,0,,
1,1775670478832,-9102,3287,27992,7971791,896750,3576005,0,0,0,232,299,196,263,225,294,258,243,271,146,205,160,0,,
2,1775670478832,296,1617,9662,151494,-101403,12217,0,0,0,370,480,276,421,407,442,556,563,310,249,304,337,0,,
1,1775670478848,-10179,7824,20942,8254011,935845,3660304,0,0,0,237,283,209,257,194,283,291,255,269,149,216,132,0,,
2,1775670478848,866,1316,10083,128281,-111177,-28099,0,0,0,371,479,273,420,403,441,557,562,316,249,304,342,0,,
1,1775670478864,-10155,11596,12404,7426899,544891,3678630,0,0,0,248,288,214,261,194,288,296,255,271,155,218,136,0,,
2,1775670478864,804,1182,10418,12217,-131946,-23212,0,0,0,376,481,274,418,402,440,540,576,318,248,300,341,0,,
1,1775670478880,-7499,15453,8959,4702440,346971,3149621,0,0,0,253,293,213,262,196,285,293,258,268,159,222,137,0,,
2,1775670478880,622,1459,10337,-19547,-107512,-24434,0,0,0,375,479,300,421,403,451,559,563,323,250,303,341,0,,
1,1775670478896,-3177,18324,10021,-156381,753807,1330464,0,0,0,260,297,216,261,197,283,295,264,263,161,226,137,0,,
2,1775670478896,583,1646,10256,15882,-79412,-35430,0,0,0,375,479,276,422,406,446,561,562,317,248,299,338,0,,
1,1775670478912,-3216,13639,9193,-3538131,1732413,-693942,0,0,0,254,300,220,260,201,284,295,263,261,162,226,134,0,,
2,1775670478912,574,1689,10260,86742,-46425,-46425,0,0,0,376,480,270,416,401,439,558,560,314,250,296,335,0,,
1,1775670478928,-6628,6992,5513,-4466646,1964542,-1459967,0,0,0,236,303,217,260,208,290,298,267,265,160,226,134,0,,
2,1775670478928,545,1655,10179,157603,0,-51312,0,0,0,376,480,269,421,405,445,554,555,319,252,294,336,0,,
1,1775670478944,-7867,4005,2924,-3931528,794124,-852767,0,0,0,228,305,216,258,208,290,302,272,268,160,228,136,0,,
2,1775670478944,559,1579,9987,228463,52534,-54977,0,0,0,378,482,270,423,409,448,550,551,318,249,285,337,0,,
1,1775670478960,-5685,4115,3460,-3882659,-112399,-408057,0,0,0,228,305,220,261,209,295,302,271,267,162,228,137,0,,
2,1775670478960,607,1493,9853,248011,73303,-56199,0,0,0,380,483,273,420,406,444,550,551,312,244,274,340,0,,
1,1775670478976,-3345,4953,5508,-4455651,-144164,-548556,0,0,0,228,305,220,261,206,290,306,276,268,162,232,131,0,,
2,1775670478976,689,1454,9791,252898,79412,-61086,0,0,0,383,482,275,416,402,441,550,550,313,240,268,342,0,,
1,1775670478992,-4197,4580,6757,-5103168,101403,-1033583,0,0,0,225,302,218,260,207,290,307,272,269,167,231,135,0,,
2,1775670478992,784,1474,9801,262672,57421,-65973,0,0,0,394,482,278,418,402,441,547,542,318,246,266,346,0,,
1,1775670479008,-5288,3833,7686,-5524665,-101403,-1395216,0,0,0,225,302,219,260,208,295,304,269,268,164,231,134,0,,
2,1775670479008,837,1454,9825,283441,13439,-65973,0,0,0,403,484,282,425,408,448,548,535,323,252,263,355,0,,
1,1775670479024,-5259,3101,9093,-5866749,-618195,-1700648,0,0,0,225,305,225,258,208,297,304,269,271,164,234,139,0,,
2,1775670479024,832,1407,9849,304210,-28099,-67195,0,0,0,404,482,282,431,414,460,554,530,333,246,253,368,0,,
1,1775670479040,-5068,2301,10614,-6181956,-944397,-1952325,0,0,0,226,306,224,260,210,296,304,269,269,164,231,134,0,,
2,1775670479040,765,1340,9877,323758,-59864,-70860,0,0,0,414,482,291,432,409,469,555,517,336,259,246,380,0,,
1,1775670479056,-5336,1268,12055,-6373767,-1147204,-2025629,0,0,0,224,305,220,257,220,291,307,270,267,164,231,131,0,,
2,1775670479056,698,1292,9892,346971,-58643,-72082,0,0,0,418,481,291,436,413,472,552,507,338,276,242,390,0,,
1,1775670479072,-5585,335,13821,-6396980,-1370781,-1842369,0,0,0,222,305,218,260,221,292,304,269,265,165,233,132,0,,
2,1775670479072,679,1249,9925,368962,-45204,-70860,0,0,0,427,490,322,443,415,486,554,499,347,248,219,405,0,,
1,1775670479088,-5709,-272,15869,-6377433,-1556484,-1573588,0,0,0,223,306,218,264,215,296,304,269,267,166,233,130,0,,
2,1775670479088,713,1196,10011,389732,-26878,-65973,0,0,0,432,498,312,445,417,486,549,486,345,246,211,419,0,,
1,1775670479104,-5733,-655,18229,-6368880,-1709200,-1313360,0,0,0,224,307,221,263,212,298,310,271,271,166,232,131,0,,
2,1775670479104,751,1139,10098,423940,-10995,-65973,0,0,0,440,498,312,454,421,497,552,475,348,280,241,429,0,,
1,1775670479120,-5805,-933,20650,-6348111,-1831373,-1277930,0,0,0,221,306,225,262,210,303,307,270,272,163,230,136,0,,
2,1775670479120,784,1081,10155,477696,2443,-73303,0,0,0,444,503,313,457,436,495,547,456,355,253,198,449,0,,
1,1775670479136,-5967,-1440,23129,-6234490,-1930334,-1483180,0,0,0,222,308,226,259,210,302,306,269,274,165,233,140,0,,
2,1775670479136,832,1052,10198,543670,20769,-87964,0,0,0,450,505,316,461,440,502,540,435,365,255,189,469,0,,
1,1775670479152,-6073,-2938,26374,-6007248,-2094046,-1999972,0,0,0,222,307,231,255,209,308,314,273,278,157,224,139,0,,
2,1775670479152,909,1009,10270,616973,35430,-107512,0,0,0,464,508,315,470,450,507,536,415,373,259,184,490,0,,
1,1775670479168,-5896,-6365,29475,-5828876,-2326174,-2543642,0,0,0,223,308,231,262,207,312,313,269,279,162,225,141,0,,
2,1775670479168,957,885,10380,703716,58643,-134390,0,0,0,475,518,308,476,461,512,525,381,371,263,180,515,0,,
1,1775670479184,-6278,-12940,30476,-5742133,-2306627,-2681698,0,0,0,223,308,215,272,211,296,312,271,268,164,226,125,0,,
2,1775670479184,1009,789,10538,792903,97738,-160046,0,0,0,481,527,305,484,469,526,509,337,375,309,217,537,0,,
1,1775670479200,-7236,-24264,26197,-5403713,-2036624,-1718974,0,0,0,223,315,223,266,214,308,311,271,278,165,230,135,0,,
2,1775670479200,1129,650,10835,907745,179594,-188146,0,0,0,486,531,303,486,471,534,479,296,382,339,244,551,0,,
1,1775670479216,-1842,-34898,19832,-4461759,-2225992,-56199,0,0,0,223,318,228,266,212,316,311,270,281,166,229,139,0,,
2,1775670479216,1359,464,11170,1050688,328645,-233350,0,0,0,491,534,299,488,475,539,447,268,385,327,220,560,0,,
1,1775670479232,11974,-40832,15630,-2635272,-1831373,1233947,0,0,0,223,320,229,265,213,314,312,271,279,167,230,136,0,,
2,1775670479232,1464,354,11619,1277930,533896,-312763,0,0,0,496,538,293,498,487,551,422,251,389,307,191,569,0,,
1,1775670479248,17884,-42775,14266,-839328,-376292,1481959,0,0,0,220,313,217,266,213,297,315,283,270,181,260,127,0,,
2,1775670479248,1497,325,12735,1684766,731816,-412944,0,0,0,503,544,283,498,498,560,386,239,391,281,194,587,0,,
1,1775670479264,12974,-39382,14788,808785,1244943,1260825,0,0,0,219,296,202,270,210,280,354,332,258,230,327,111,0,,
2,1775670479264,1751,382,14094,2174680,706160,-485026,0,0,0,510,542,265,497,506,558,358,243,397,261,177,589,0,,
1,1775670479280,1737,-17506,18071,2480112,2403143,973719,0,0,0,230,270,172,276,188,253,420,412,244,275,378,91,0,,
2,1775670479280,2177,583,15357,2817310,364075,-542448,0,0,0,508,539,252,494,509,548,328,264,397,266,180,597,0,,
1,1775670479296,-9164,17520,16137,3590665,3375641,313984,0,0,0,243,254,151,278,166,242,459,458,244,308,403,82,0,,
2,1775670479296,2670,703,16405,3519805,0,-625526,0,0,0,514,542,259,491,510,554,290,207,400,262,175,593,0,,
1,1775670479312,-7317,16726,11734,4228409,3182607,-540004,0,0,0,252,255,151,288,163,250,470,470,251,355,421,84,0,,
2,1775670479312,3809,698,17965,4338364,-208915,-794124,0,0,0,504,537,243,482,501,531,275,181,391,255,171,586,0,,
1,1775670479328,492,540,16070,5189911,1747074,-1059240,0,0,0,257,265,159,305,171,256,479,479,251,397,432,87,0,,
2,1775670479328,5431,942,20803,5395161,-305432,-1128878,0,0,0,511,526,261,476,498,537,261,157,387,234,152,527,0,,
1,1775670479344,4603,-4508,22129,4418999,394618,-537561,0,0,0,255,280,183,313,191,277,487,486,262,400,437,98,0,,
2,1775670479344,6551,1182,25211,6644992,-388510,-1534493,0,0,0,470,500,245,469,481,514,257,151,378,219,139,448,0,,
1,1775670479360,1253,-1292,20445,2691472,-80634,312763,0,0,0,271,292,217,323,203,298,500,500,274,406,444,113,0,,
2,1775670479360,7662,1407,29715,7865500,-202807,-1913229,0,0,0,402,476,214,438,462,480,267,161,353,197,130,373,0,,
1,1775670479376,-4024,1277,14156,1346346,-28099,434936,0,0,0,261,302,234,334,219,343,502,503,301,409,448,148,0,,
2,1775670479376,6647,2818,32313,8756142,387288,-2260201,0,0,0,339,453,209,387,423,441,274,203,311,168,126,321,0,,
1,1775670479392,-3828,703,10275,839328,0,-32986,0,0,0,295,310,243,346,219,343,512,511,298,412,461,180,0,,
2,1775670479392,5872,4986,32246,9296147,976162,-2555860,0,0,0,285,430,218,349,383,395,292,245,276,134,117,243,0,,
1,1775670479408,-2115,287,9542,570548,18325,-194255,0,0,0,313,322,252,360,221,351,525,519,318,428,472,206,0,,
2,1775670479408,6704,7776,26987,9382890,1428202,-2875953,0,0,0,268,422,229,337,366,374,307,269,266,118,113,196,0,,
1,1775670479424,-2010,746,10088,342084,64751,-58643,0,0,0,320,335,249,369,234,366,536,513,312,436,474,236,0,,
2,1775670479424,7910,10174,16324,8977275,1021366,-3392745,0,0,0,277,427,237,334,366,377,307,284,271,118,119,198,0,,
1,1775670479440,-2464,1182,10054,245567,142942,21991,0,0,0,325,345,259,372,238,377,538,508,322,436,472,265,0,,
2,1775670479440,5891,11868,11921,8024325,-243124,-3716504,0,0,0,276,427,236,330,365,376,302,296,270,116,118,194,0,,
1,1775670479456,-2383,1268,9825,276111,217468,36651,0,0,0,329,355,267,373,243,381,526,507,333,453,463,289,0,,
2,1775670479456,1584,17879,10222,4908913,-1958433,-2792875,0,0,0,273,428,233,330,366,375,301,297,267,114,114,193,0,,
1,1775670479472,-1966,1148,10031,321315,175929,39095,0,0,0,339,356,264,376,253,386,536,492,330,444,454,302,0,,
2,1775670479472,3531,20277,6791,-896750,-2543642,-546113,0,0,0,269,430,233,328,365,373,308,297,262,116,119,196,0,,
1,1775670479488,-1876,1134,10246,345749,81855,53756,0,0,0,345,369,265,384,263,387,544,475,328,437,439,317,0,,
2,1775670479488,7164,13749,6264,-5745798,-1925447,1108109,0,0,0,268,431,235,332,368,378,308,297,262,116,119,196,0,,
1,1775670479504,-2010,1220,10256,387288,-7330,76969,0,0,0,344,386,275,387,271,390,544,459,333,434,420,331,0,,
2,1775670479504,7106,6532,7097,-6537479,-1185078,932180,0,0,0,260,434,236,335,370,380,312,299,264,116,120,197,0,,
1,1775670479520,-2081,1201,10093,452040,-61086,98960,0,0,0,342,391,274,389,278,395,544,437,338,423,403,341,0,,
2,1775670479520,5958,3321,6475,-6339559,-827111,344527,0,0,0,257,435,236,335,370,380,314,301,264,116,120,196,0,,
1,1775670479536,-2100,1005,9839,493579,-85521,108734,0,0,0,343,390,258,402,279,396,542,423,340,414,392,351,0,,
2,1775670479536,5355,3172,5360,-5998696,-615752,-156381,0,0,0,255,438,240,335,372,381,316,305,268,117,122,197,0,,
1,1775670479552,-2096,823,8915,427605,-51312,116064,0,0,0,351,396,262,404,277,398,536,417,341,402,384,361,0,,
2,1775670479552,5125,3206,6049,-6059783,-127059,-300545,0,0,0,253,438,239,333,372,379,309,304,263,114,119,196,0,,
1,1775670479568,-2062,780,8346,345749,-8552,122173,0,0,0,342,402,256,404,285,401,527,394,346,389,372,364,0,,
2,1775670479568,4230,3474,7633,-6227160,377514,-238237,0,0,0,252,435,237,335,373,380,313,307,265,114,119,196,0,,
1,1775670479584,-2048,775,9198,360410,-34208,118507,0,0,0,349,400,256,406,286,406,526,386,356,374,361,368,0,,
2,1775670479584,3235,3924,9289,-6406754,762359,105068,0,0,0,254,436,239,331,371,379,317,311,268,116,122,198,0,,
1,1775670479600,-2043,765,9858,383623,-57421,117286,0,0,0,355,416,257,410,287,409,519,373,363,370,345,377,0,,
2,1775670479600,3369,3843,10303,-6477614,1084896,621860,0,0,0,253,437,239,332,371,380,317,311,267,119,125,199,0,,
1,1775670479616,-2057,751,9868,381179,-48869,117286,0,0,0,351,411,258,410,293,418,515,371,364,363,339,392,0,,
2,1775670479616,3551,3503,11677,-6499606,1554041,1105666,0,0,0,254,438,239,334,371,380,319,310,268,121,126,199,0,,
1,1775670479632,-2091,689,9696,373849,-20769,118507,0,0,0,359,417,265,407,303,418,508,357,368,353,329,403,0,,
2,1775670479632,3000,3359,13649,-6533814,1863138,1369559,0,0,0,253,437,238,335,370,380,320,310,269,124,135,197,0,,
1,1775670479648,-2062,607,9667,372627,-2443,118507,0,0,0,370,424,264,407,326,423,507,345,363,352,324,401,0,,
2,1775670479648,2550,3239,15951,-6624222,1985312,1523497,0,0,0,254,436,239,336,370,382,318,308,269,132,149,196,0,,
1,1775670479664,-1952,531,9782,378736,-12217,117286,0,0,0,361,435,274,410,325,440,502,329,368,343,308,405,0,,
2,1775670479664,2565,3029,18478,-6759834,1970651,1502728,0,0,0,257,439,243,336,370,382,318,306,269,137,153,197,0,,
1,1775670479680,-1957,483,9911,401949,-41538,122173,0,0,0,365,438,282,414,329,450,476,310,377,337,297,417,0,,
2,1775670479680,2617,2928,21684,-6857573,1982868,1375668,0,0,0,256,438,242,338,371,382,321,308,271,130,143,196,0,,
1,1775670479696,-2167,449,9949,463035,-68416,155159,0,0,0,377,449,274,409,348,457,472,302,386,334,292,433,0,,
2,1775670479696,2627,2833,25929,-6922324,1995085,1346346,0,0,0,253,437,239,337,371,381,323,307,271,121,128,195,0,,
1,1775670479712,-2340,406,9940,540004,-76969,215024,0,0,0,378,457,268,411,360,467,483,296,393,323,280,453,0,,
2,1775670479712,2703,780,31026,-6977302,1969429,1659109,0,0,0,257,437,243,338,371,380,327,306,273,118,118,194,0,,
1,1775670479728,-2392,335,9983,619417,-72082,291993,0,0,0,386,447,277,423,352,470,476,279,399,310,260,468,0,,
2,1775670479728,3220,-5479,35003,-6985854,1966986,2129476,0,0,0,258,437,246,339,368,380,329,299,275,118,113,194,0,,
1,1775670479744,-2378,196,10102,712268,-63529,370184,0,0,0,406,448,276,430,345,468,467,258,405,301,240,474,0,,
2,1775670479744,4149,-17410,35879,-6754947,1913229,2326174,0,0,0,258,437,243,344,373,389,333,298,278,119,114,195,0,,
1,1775670479760,-2364,23,10236,814894,-59864,436157,0,0,0,420,468,251,446,356,472,463,249,411,297,231,489,0,,
2,1775670479760,5168,-34237,29581,-5601634,1527163,1726305,0,0,0,258,436,240,347,376,391,334,303,279,121,118,198,0,,
1,1775670479776,-2378,-86,10567,934623,-73303,491135,0,0,0,431,478,261,468,353,483,459,236,414,296,210,514,0,,
2,1775670479776,2359,-45958,20210,-3628539,1606575,569326,0,0,0,260,437,243,351,379,394,336,303,281,119,116,197,0,,
1,1775670479792,-2239,-100,11217,1116661,-119729,526565,0,0,0,434,494,263,468,386,492,424,226,428,296,205,540,0,,
2,1775670479792,-7542,-49016,14711,-1219287,1923003,-718377,0,0,0,256,435,241,346,374,393,337,312,280,124,126,199,0,,
1,1775670479808,-1804,-119,11854,1367116,-177150,527787,0,0,0,423,494,233,485,393,496,409,225,419,292,207,545,0,,
2,1775670479808,-13764,-44780,16573,508239,646295,-979827,0,0,0,253,430,239,345,373,389,362,388,276,138,170,192,0,,
1,1775670479824,-1397,-215,12414,1685988,-226020,454483,0,0,0,422,480,224,472,403,513,381,250,426,273,199,561,0,,
2,1775670479824,-8920,-30366,21124,2311514,-1424537,-659734,0,0,0,245,408,217,345,366,376,404,453,263,185,253,181,0,,
1,1775670479840,-1746,-277,13223,2087937,-256563,376292,0,0,0,418,485,210,480,433,519,338,218,432,260,198,557,0,,
2,1775670479840,2794,5570,18750,3588222,-2753780,-311541,0,0,0,248,386,206,343,352,372,450,477,263,220,308,178,0,,
1,1775670479856,-2890,-224,14314,2602285,-240680,400727,0,0,0,435,484,208,476,430,521,297,207,429,253,184,548,0,,
2,1775670479856,7997,24120,12194,4119675,-3292563,10995,0,0,0,258,382,217,350,347,385,487,493,277,216,318,181,0,,
1,1775670479872,-4422,-291,15864,3360980,-163711,623082,0,0,0,443,471,211,454,419,520,243,205,422,216,163,541,0,,
2,1775670479872,1335,6982,14702,4841717,-2316400,279776,0,0,0,265,400,242,362,351,400,510,511,289,208,314,191,0,,
1,1775670479888,-6015,-119,18032,4212526,-56199,988379,0,0,0,441,449,218,422,385,514,204,187,421,190,142,522,0,,
2,1775670479888,-4292,-5374,22708,4626693,-977384,194255,0,0,0,278,424,277,373,357,410,521,522,302,257,324,211,0,,
1,1775670479904,-7619,119,20981,5073846,85521,1431868,0,0,0,435,423,229,401,353,497,185,160,405,174,121,469,0,,
2,1775670479904,-2435,-3082,23637,2850297,-239459,-224798,0,0,0,297,442,298,387,370,423,528,528,318,323,336,231,0,,
1,1775670479920,-9987,-248,24623,6082996,249233,1988977,0,0,0,404,397,216,392,343,465,175,148,364,156,109,386,0,,
2,1775670479920,1828,2024,14941,1230282,-89186,-150272,0,0,0,317,449,306,397,376,429,548,551,321,230,302,264,0,,
1,1775670479936,-11414,277,27159,6984633,309097,2585181,0,0,0,339,374,191,367,321,417,183,162,322,149,121,303,0,,
2,1775670479936,2287,2321,9724,674395,9773,97738,0,0,0,339,457,315,409,384,438,546,546,316,242,309,276,0,,
1,1775670479952,-9619,2737,28681,7714006,551000,3176499,0,0,0,268,348,200,312,287,358,215,206,296,142,154,233,0,,
2,1775670479952,1095,574,9255,503352,45204,190589,0,0,0,352,460,332,400,375,432,546,559,303,296,367,271,0,,
1,1775670479968,-8064,5173,28509,8249124,981049,3474601,0,0,0,237,305,196,274,248,317,256,246,267,140,198,155,0,,
2,1775670479968,1091,961,10504,268780,-12217,85521,0,0,0,360,466,334,408,386,443,557,560,315,279,343,283,0,,
1,1775670479984,-10289,7365,21272,8403062,1246165,3544240,0,0,0,260,277,217,261,188,286,299,255,269,155,218,122,0,,
2,1775670479984,1387,1938,10423,123394,-73303,24434,0,0,0,367,468,335,414,389,445,559,561,317,272,330,289,0,,
1,1775670480000,-11701,10141,12280,7786088,1049466,3583335,0,0,0,250,286,221,263,195,297,304,261,276,164,226,126,0,,
2,1775670480000,1354,2206,9992,168598,-91629,12217,0,0,0,371,469,334,414,390,447,554,555,317,261,315,295,0,,
1,1775670480016,-9652,14855,7853,5360953,423940,2963918,0,0,0,254,291,217,265,196,299,298,260,275,157,220,127,0,,
2,1775670480016,1320,2077,9959,252898,-103847,-3665,0,0,0,378,471,335,415,391,448,556,556,319,260,306,302,0,,
1,1775670480032,-4862,18813,9179,618195,373849,659734,0,0,0,250,294,212,267,199,293,305,266,270,161,224,125,0,,
2,1775670480032,1220,1943,10160,317649,-120951,-25656,0,0,0,386,475,339,418,393,454,565,555,324,260,292,312,0,,
1,1775670480048,-3900,15778,8935,-3268129,1153313,-1749518,0,0,0,240,298,214,265,206,296,300,262,270,158,223,124,0,,
2,1775670480048,1043,2019,10236,356745,-79412,-50090,0,0,0,395,478,343,423,395,458,567,547,328,277,300,321,0,,
1,1775670480064,-7671,8657,5565,-4394564,1512502,-2525316,0,0,0,232,298,215,263,208,299,302,267,272,161,229,125,0,,
2,1775670480064,985,2043,10088,415388,36651,-68416,0,0,0,404,482,347,424,397,459,564,534,330,285,299,328,0,,
1,1775670480080,-9021,4833,2895,-3982841,378736,-1561371,0,0,0,230,300,218,261,207,300,305,269,274,163,231,128,0,,
2,1775670480080,1134,1904,9892,476474,135612,-75747,0,0,0,412,484,350,421,393,460,558,517,331,260,261,340,0,,
1,1775670480096,-6049,4871,3685,-3981619,-469144,-725707,0,0,0,229,302,220,261,206,302,307,270,275,163,231,130,0,,
2,1775670480096,1392,1722,9796,487470,117286,-75747,0,0,0,416,484,350,420,390,462,554,503,332,238,228,350,0,,
1,1775670480112,-2962,5666,5862,-4465424,-592539,-415388,0,0,0,226,302,221,259,207,304,309,272,275,161,230,130,0,,
2,1775670480112,1555,1612,9763,471587,30543,-80634,0,0,0,421,482,348,424,392,468,552,494,339,233,215,352,0,,
1,1775670480128,-2440,5637,7666,-5132489,-313984,-624304,0,0,0,224,304,222,259,208,302,308,274,275,159,231,130,0,,
2,1775670480128,1512,1560,9767,439822,-65973,-90408,0,0,0,422,489,353,427,394,475,548,483,344,232,210,361,0,,
1,1775670480144,-3134,4666,8892,-5649281,-439822,-882089,0,0,0,226,303,222,262,209,304,307,274,277,161,233,131,0,,
2,1775670480144,1421,1502,9791,415388,-133168,-97738,0,0,0,427,491,346,428,398,479,551,478,349,229,199,367,0,,
1,1775670480160,-3292,3541,10260,-6008470,-858876,-1075122,0,0,0,225,301,227,260,206,310,309,274,280,160,232,134,0,,
2,1775670480160,1311,1459,9825,404392,-167377,-102625,0,0,0,428,496,342,429,400,480,552,458,355,230,194,376,0,,
1,1775670480176,-2670,2756,11931,-6177069,-1178969,-1209513,0,0,0,224,305,222,261,208,304,307,274,279,164,236,131,0,,
2,1775670480176,1201,1411,9858,401949,-160046,-98960,0,0,0,444,496,347,445,418,484,552,452,355,238,197,388,0,,
1,1775670480192,-2440,2129,13673,-6285803,-1303586,-1307251,0,0,0,224,305,228,263,212,312,309,274,280,162,232,133,0,,
2,1775670480192,1158,1344,9882,400727,-140499,-89186,0,0,0,438,499,343,438,406,489,547,441,353,231,184,393,0,,
1,1775670480208,-2809,1512,15601,-6365215,-1364672,-1287703,0,0,0,225,304,230,266,211,308,304,271,274,166,235,128,0,,
2,1775670480208,1210,1277,9901,399505,-125838,-76969,0,0,0,442,509,352,438,413,492,545,432,353,232,182,404,0,,
1,1775670480224,-3244,789,17812,-6421415,-1472185,-1111774,0,0,0,227,304,223,267,210,303,308,272,274,164,233,129,0,,
2,1775670480224,1258,1220,9940,405614,-127059,-73303,0,0,0,451,514,356,444,415,497,544,420,361,233,174,417,0,,
1,1775670480240,-3747,0,20239,-6433632,-1555262,-973719,0,0,0,228,305,223,267,208,299,310,273,277,164,231,127,0,,
2,1775670480240,1277,1153,10007,423940,-130725,-83077,0,0,0,455,516,354,449,419,499,539,399,379,234,169,424,0,,
1,1775670480256,-4752,-689,22464,-6327342,-1621236,-1053131,0,0,0,230,305,223,263,216,299,310,272,276,165,232,127,0,,
2,1775670480256,1296,1086,10083,455705,-129503,-105068,0,0,0,464,520,355,451,427,505,534,377,375,247,168,436,0,,
1,1775670480272,-6154,-1665,25450,-6106208,-1842369,-1428202,0,0,0,229,305,227,262,209,303,313,270,277,166,225,128,0,,
2,1775670480272,1330,1038,10141,498466,-119729,-135612,0,0,0,478,526,360,461,434,512,531,353,365,254,163,453,0,,
1,1775670480288,-7140,-4020,29040,-5946162,-2206445,-2092824,0,0,0,228,307,231,265,206,312,313,268,283,166,224,137,0,,
2,1775670480288,1411,1024,10198,553443,-101403,-173485,0,0,0,485,531,358,480,460,509,523,328,367,254,158,471,0,,
1,1775670480304,-7475,-10361,30610,-5943718,-2478891,-2686585,0,0,0,227,307,227,269,209,308,312,267,280,165,227,133,0,,
2,1775670480304,1545,961,10346,631634,-91629,-221133,0,0,0,486,537,351,489,482,506,512,308,375,257,158,487,0,,
1,1775670480320,-7394,-20507,28738,-5780006,-2552194,-2636494,0,0,0,225,309,221,271,210,299,311,269,274,166,230,123,0,,
2,1775670480320,1584,890,10662,763581,-109955,-277332,0,0,0,497,543,352,482,458,526,499,286,387,255,155,508,0,,
1,1775670480336,-2498,-32141,22737,-4908913,-2586403,-1543045,0,0,0,227,313,223,270,212,301,308,269,277,171,232,125,0,,
2,1775670480336,1459,866,11079,983493,-155159,-309097,0,0,0,506,546,346,484,470,531,478,263,389,260,163,531,0,,
1,1775670480352,7307,-40842,16774,-3371976,-2279749,-222354,0,0,0,227,311,224,272,212,303,300,262,276,174,233,126,0,,
2,1775670480352,1282,804,11476,1263269,-168598,-322536,0,0,0,510,550,337,484,478,539,455,245,386,270,173,540,0,,
1,1775670480368,15151,-44426,13563,-1546710,-1116661,750142,0,0,0,226,308,222,271,211,298,311,273,271,177,242,121,0,,
2,1775670480368,1139,617,12021,1599245,-116064,-323758,0,0,0,514,563,319,488,490,540,428,238,389,265,173,553,0,,
1,1775670480384,13687,-42373,13668,129503,463035,1306029,0,0,0,222,303,214,268,206,287,327,310,267,199,286,114,0,,
2,1775670480384,1392,368,13189,2036624,-18325,-344527,0,0,0,522,568,305,489,491,548,406,232,393,271,181,569,0,,
1,1775670480400,7968,-32318,16400,1690874,1775174,1503950,0,0,0,222,291,202,273,206,277,379,396,260,249,386,98,0,,
2,1775670480400,1933,387,14630,2624277,1221,-410501,0,0,0,525,560,284,494,505,551,338,223,395,255,171,577,0,,
1,1775670480416,-2053,-1684,18602,3329215,3068986,1125213,0,0,0,240,266,160,281,179,243,446,452,234,308,409,87,0,,
2,1775670480416,2541,536,15893,3303559,-116064,-525344,0,0,0,525,560,270,486,512,550,296,213,401,251,173,594,0,,
1,1775670480432,-7508,19942,14338,3908315,3308446,417831,0,0,0,251,275,161,288,180,244,460,461,237,358,422,83,0,,
2,1775670480432,3536,665,17621,4162435,-280998,-737925,0,0,0,522,558,263,470,506,540,275,195,388,250,166,578,0,,
1,1775670480448,-3670,10634,13668,4954117,2130697,-114842,0,0,0,256,277,179,309,181,265,479,479,248,393,431,91,0,,
2,1775670480448,5125,981,20090,5120272,-422718,-1059240,0,0,0,529,558,268,463,503,527,253,166,382,239,149,535,0,,
1,1775670480464,2354,-2775,20947,5335296,537561,25656,0,0,0,252,296,218,315,206,323,491,490,276,409,440,112,0,,
2,1775670480464,6642,1158,23460,6254038,-564439,-1495398,0,0,0,502,541,257,451,501,516,248,153,374,222,141,470,0,,
1,1775670480480,1210,-5058,22962,3784921,-239459,569326,0,0,0,266,314,237,341,224,347,501,501,292,420,451,142,0,,
2,1775670480480,8035,832,27628,7446447,-521678,-1955990,0,0,0,431,511,231,433,481,492,257,162,356,203,140,399,0,,
1,1775670480496,-4067,-1521,16219,1532050,-153938,416610,0,0,0,298,329,244,364,228,348,510,505,299,425,464,184,0,,
2,1775670480496,8638,1703,30844,8378627,-28099,-2419026,0,0,0,361,473,214,402,436,452,267,190,317,187,144,343,0,,
1,1775670480512,-4704,469,10409,441044,-45204,-19547,0,0,0,316,341,252,378,240,348,516,509,305,433,474,202,0,,
2,1775670480512,8011,4082,31816,9002931,621860,-2910161,0,0,0,306,440,217,364,392,407,283,225,276,154,129,275,0,,
1,1775670480528,-2603,732,8456,344527,13439,-210137,0,0,0,325,354,251,381,255,349,524,515,318,443,483,211,0,,
2,1775670480528,6508,6465,30155,9094561,824668,-3281568,0,0,0,266,422,227,336,369,379,301,252,258,119,103,211,0,,
1,1775670480544,-2306,469,9662,315206,83077,-72082,0,0,0,330,370,251,374,265,361,530,516,322,444,488,230,0,,
2,1775670480544,7217,8260,20105,8751255,-91629,-3538131,0,0,0,263,423,234,334,364,377,306,271,263,117,113,198,0,,
1,1775670480560,-2794,622,10284,199142,162490,19547,0,0,0,326,383,264,380,281,374,529,515,309,444,484,239,0,,
2,1775670480560,9298,8375,11323,8330980,-1368338,-3870442,0,0,0,274,431,238,336,367,379,305,290,263,125,131,198,0,,
1,1775670480576,-2708,933,10117,156381,199142,45204,0,0,0,332,390,268,382,284,375,529,511,317,445,477,256,0,,
2,1775670480576,7212,11744,9629,7186218,-1764178,-3652974,0,0,0,274,432,235,335,368,379,307,295,261,121,124,193,0,,
1,1775670480592,-2230,1000,9968,212581,97738,51312,0,0,0,343,387,272,384,271,383,533,496,336,448,467,272,0,,
2,1775670480592,1852,19870,7001,2906496,-1580919,-1246165,0,0,0,273,433,234,335,369,377,306,296,257,121,126,191,0,,
1,1775670480608,-2187,1024,10040,261450,-25656,69638,0,0,0,344,389,268,390,280,377,538,476,346,445,458,271,0,,
2,1775670480608,1765,20028,5283,-2456899,-1760513,2026850,0,0,0,271,432,230,336,369,377,308,294,253,122,126,194,0,,
1,1775670480624,-2388,1033,10074,306654,-96516,89186,0,0,0,347,390,266,392,287,385,530,456,333,440,432,279,0,,
2,1775670480624,6877,11246,5623,-5608964,-1804495,3479488,0,0,0,277,434,234,341,370,377,314,297,257,126,129,195,0,,
1,1775670480640,-2459,990,9964,360410,-134390,100181,0,0,0,343,391,266,408,288,385,530,445,335,423,424,287,0,,
2,1775670480640,9777,4048,6345,-6620557,-1208291,2923601,0,0,0,272,434,234,335,367,375,314,299,257,125,128,195,0,,
1,1775670480656,-2483,866,9691,397062,-151494,102625,0,0,0,345,395,269,403,291,393,532,438,341,412,409,314,0,,
2,1775670480656,7236,2957,6226,-6202725,-481361,1488067,0,0,0,262,436,235,334,368,377,314,300,258,125,129,196,0,,
1,1775670480672,-2531,737,9451,378736,-127059,105068,0,0,0,347,393,269,398,289,391,521,421,339,413,397,321,0,,
2,1775670480672,4714,2828,6269,-5955936,-250454,599869,0,0,0,258,437,236,333,369,377,315,300,260,125,127,195,0,,
1,1775670480688,-2593,646,9126,304210,-41538,114842,0,0,0,341,401,264,399,302,396,514,409,336,411,399,325,0,,
2,1775670480688,3704,2636,7044,-6082996,-318871,127059,0,0,0,255,435,235,330,366,374,313,303,258,122,127,193,0,,
1,1775670480704,-2536,626,9207,224798,59864,120951,0,0,0,339,411,265,401,313,401,514,405,337,397,395,326,0,,
2,1775670480704,4053,2823,8432,-6439741,-30543,-29321,0,0,0,255,437,237,333,369,377,314,303,257,177,159,191,0,,
1,1775670480720,-2416,603,9490,224798,80634,117286,0,0,0,340,416,265,406,315,402,513,397,340,391,384,328,0,,
2,1775670480720,3862,3287,9853,-6663318,481361,14660,0,0,0,255,438,238,334,371,378,315,303,258,168,154,192,0,,
1,1775670480736,-2349,607,9624,243124,57421,109955,0,0,0,343,418,262,407,312,404,512,384,343,398,375,334,0,,
2,1775670480736,3235,3579,11351,-6725626,973719,353080,0,0,0,253,437,237,329,366,374,310,302,257,121,127,191,0,,
1,1775670480752,-2311,650,9657,249233,43982,108734,0,0,0,351,425,260,406,313,408,513,381,344,399,370,339,0,,
2,1775670480752,3335,3259,12964,-6769608,1258382,879645,0,0,0,253,438,237,329,366,374,310,304,257,121,127,190,0,,
1,1775670480768,-2282,674,9700,271224,32986,111177,0,0,0,358,441,256,416,335,410,511,380,345,399,364,343,0,,
2,1775670480768,4000,2737,14922,-6893003,1568701,1369559,0,0,0,253,440,239,333,372,378,317,308,260,124,132,194,0,,
1,1775670480784,-2306,641,9782,310319,12217,113620,0,0,0,362,462,262,416,365,412,509,366,353,379,350,352,0,,
2,1775670480784,4292,2067,17128,-6969972,1855808,1587027,0,0,0,252,439,239,334,372,378,318,308,261,125,132,194,0,,
1,1775670480800,-2368,559,9863,370184,-10995,129503,0,0,0,358,455,266,419,333,427,500,345,367,365,340,371,0,,
2,1775670480800,4235,1497,19669,-6875899,2020742,1678657,0,0,0,253,438,238,335,375,378,323,311,264,125,130,194,0,,
1,1775670480816,-2373,459,9858,430049,-34208,162490,0,0,0,362,468,265,416,352,425,500,344,364,357,337,391,0,,
2,1775670480816,4469,1598,22861,-6698748,2070833,1703092,0,0,0,254,437,240,328,373,371,324,308,264,128,132,198,0,,
1,1775670480832,-2373,363,9806,472809,-53756,195476,0,0,0,375,451,281,421,350,432,493,314,360,343,308,406,0,,
2,1775670480832,4982,1660,27283,-6719517,2164906,1773952,0,0,0,254,436,241,306,399,362,326,309,266,125,130,197,0,,
1,1775670480848,-2502,311,9806,518013,-61086,228463,0,0,0,374,468,278,446,380,441,493,296,373,342,298,413,0,,
2,1775670480848,4781,-961,31729,-6847799,2307848,1933999,0,0,0,246,436,233,334,374,378,332,329,266,125,138,194,0,,
1,1775670480864,-2651,277,9935,590095,-63529,285884,0,0,0,374,483,290,443,369,475,476,268,402,337,272,434,0,,
2,1775670480864,2646,-10112,35424,-6591235,2379930,2076941,0,0,0,249,431,234,340,369,380,337,316,268,119,121,192,0,,
1,1775670480880,-2684,162,10107,673173,-85521,357967,0,0,0,388,493,281,443,372,470,467,272,394,326,264,446,0,,
2,1775670480880,220,-22431,31782,-5527108,1809382,1886351,0,0,0,251,434,239,343,372,385,339,305,272,123,121,192,0,,
1,1775670480896,-2675,19,10346,763581,-112399,417831,0,0,0,392,499,278,458,385,475,454,271,401,308,257,460,0,,
2,1775670480896,818,-31954,24991,-4620584,1254717,1227839,0,0,0,253,433,241,345,373,391,340,308,284,123,118,200,0,,
1,1775670480912,-2866,-33,10820,924849,-98960,470366,0,0,0,401,508,253,468,413,475,439,255,419,296,242,472,0,,
2,1775670480912,258,-39396,16487,-3368310,1281595,-131946,0,0,0,244,428,228,344,374,389,347,341,278,130,139,201,0,,
1,1775670480928,-3096,-124,11371,1133765,-69638,537561,0,0,0,424,517,230,470,423,487,415,241,429,291,233,493,0,,
2,1775670480928,-6049,-43407,14682,-1618792,1376890,-1404990,0,0,0,238,414,219,341,369,384,368,399,270,158,204,189,0,,
1,1775670480944,-2833,-215,11964,1423316,-48869,620639,0,0,0,447,523,232,483,428,504,389,235,421,293,229,524,0,,
2,1775670480944,-16281,-42129,22143,1095892,-608421,-1766622,0,0,0,239,386,208,336,354,371,410,448,265,170,235,180,0,,
1,1775670480960,-2038,-229,12658,1750739,24434,619417,0,0,0,460,528,232,495,453,509,361,232,405,294,224,543,0,,
2,1775670480960,-7331,-16534,20081,3728721,-4432438,-1137431,0,0,0,245,367,190,337,341,362,456,473,260,174,244,179,0,,
1,1775670480976,-2134,-196,13606,2197893,134390,525344,0,0,0,460,535,216,492,474,520,315,228,404,274,216,544,0,,
2,1775670480976,4675,10744,14644,4615697,-5611408,-607200,0,0,0,255,369,186,346,339,370,489,490,263,204,291,177,0,,
1,1775670480992,-3091,-162,14654,2762332,208915,515570,0,0,0,443,539,201,487,489,520,251,223,412,248,201,544,0,,
2,1775670480992,5872,10878,13558,4321260,-3568674,-51312,0,0,0,262,381,204,358,345,386,503,503,277,234,334,177,0,,
1,1775670481008,-4517,-114,16070,3580892,249233,706160,0,0,0,453,512,203,457,473,518,217,206,415,230,188,532,0,,
2,1775670481008,-1445,-57,19526,4299269,-916297,509461,0,0,0,266,394,224,366,351,394,511,511,291,225,321,185,0,,
1,1775670481024,-5537,95,18564,4537506,268780,1080009,0,0,0,471,483,214,430,434,487,195,191,394,196,156,484,0,,
2,1775670481024,-4905,-2488,22407,3538131,155159,361632,0,0,0,274,411,260,376,356,406,520,519,302,224,316,198,0,,
1,1775670481040,-6987,435,22081,5577199,378736,1480737,0,0,0,439,429,226,398,377,479,184,167,378,184,131,440,0,,
2,1775670481040,-804,827,16534,2168571,-128281,-112399,0,0,0,288,428,284,382,364,414,534,534,307,227,307,218,0,,
1,1775670481056,-9533,-234,25197,6548475,472809,1910786,0,0,0,368,412,213,379,355,437,185,157,346,159,121,332,0,,
2,1775670481056,2043,1938,11131,1288925,-141720,-112399,0,0,0,295,438,294,388,373,422,543,544,310,267,335,241,0,,
1,1775670481072,-10710,-52,27403,7470881,474031,2558303,0,0,0,303,399,205,336,325,385,186,197,318,146,148,277,0,,
2,1775670481072,2043,1038,9179,906524,-48869,116064,0,0,0,318,450,307,400,380,426,548,548,317,268,330,261,0,,
1,1775670481088,-8552,2847,28590,8073194,851546,3051882,0,0,0,248,366,215,280,297,339,216,243,281,141,194,209,0,,
2,1775670481088,928,291,10294,576656,-130725,155159,0,0,0,331,456,315,400,378,430,556,556,313,258,309,272,0,,
1,1775670481104,-7327,6082,27389,8403062,1429424,3131295,0,0,0,230,311,218,251,225,290,270,265,266,146,219,138,0,,
2,1775670481104,684,650,10949,271224,-213802,72082,0,0,0,342,460,318,404,380,431,560,560,317,261,310,279,0,,
1,1775670481120,-9337,8451,19310,8506909,1893682,3053104,0,0,0,228,296,218,249,200,281,295,272,268,151,235,117,0,,
2,1775670481120,918,1378,10591,89186,-223576,7330,0,0,0,349,461,322,406,381,435,566,565,320,268,320,282,0,,
1,1775670481136,-9940,9179,12591,7453777,1660331,2933374,0,0,0,230,307,224,256,207,293,298,269,270,163,241,121,0,,
2,1775670481136,856,1579,10308,73303,-145385,0,0,0,0,352,463,321,410,381,437,566,566,314,270,321,285,0,,
1,1775670481152,-8710,13701,9451,4559498,821002,2156354,0,0,0,232,311,226,260,210,295,298,266,266,168,241,123,0,,
2,1775670481152,827,1641,10299,107512,-75747,-7330,0,0,0,357,463,325,412,383,439,573,570,314,273,321,291,0,,
1,1775670481168,-4134,19248,10725,-730594,75747,53756,0,0,0,232,312,224,259,208,291,298,269,263,165,243,127,0,,
2,1775670481168,842,1698,10275,190589,-42760,-21991,0,0,0,368,468,330,411,396,439,569,565,314,264,303,300,0,,
1,1775670481184,-3689,13835,9576,-3729943,911410,-1731192,0,0,0,230,312,225,257,207,291,300,271,266,168,247,131,0,,
2,1775670481184,827,1718,10179,282219,-15882,-35430,0,0,0,376,472,335,414,397,441,568,555,314,257,283,309,0,,
1,1775670481200,-6838,6867,5752,-4323704,1270599,-2144136,0,0,0,228,310,225,255,209,297,302,272,270,168,250,131,0,,
2,1775670481200,837,1598,10059,360410,26878,-40317,0,0,0,380,474,339,422,388,443,574,543,315,267,280,317,0,,
1,1775670481216,-7083,4632,3847,-3943745,366519,-1369559,0,0,0,227,311,227,256,209,293,307,278,270,168,254,126,0,,
2,1775670481216,909,1445,9968,392175,53756,-43982,0,0,0,386,476,338,422,389,442,570,528,317,286,289,323,0,,
1,1775670481232,-4407,5068,4919,-4179539,-136833,-855211,0,0,0,226,311,222,259,209,292,304,275,269,169,255,124,0,,
2,1775670481232,966,1354,9911,393397,57421,-51312,0,0,0,392,479,338,413,389,445,570,521,324,301,303,332,0,,
1,1775670481248,-3168,5407,6743,-4855156,215024,-861319,0,0,0,225,312,220,259,211,291,307,278,268,171,257,125,0,,
2,1775670481248,990,1354,9906,405614,50090,-61086,0,0,0,403,481,341,417,392,446,570,516,333,289,282,345,0,,
1,1775670481264,-4790,4536,7662,-5439144,409279,-956614,0,0,0,226,313,225,258,211,289,306,275,266,170,258,124,0,,
2,1775670481264,1048,1340,9906,430049,36651,-68416,0,0,0,414,482,346,424,395,449,568,502,344,235,215,354,0,,
1,1775670481280,-5786,3598,8437,-5781228,70860,-948062,0,0,0,222,313,225,255,209,289,300,275,269,170,269,128,0,,
2,1775670481280,1100,1263,9911,454483,8552,-74525,0,0,0,426,486,341,430,401,457,560,486,345,237,209,365,0,,
1,1775670481296,-5360,2938,9719,-6028018,-464257,-987158,0,0,0,223,311,224,257,209,290,299,272,268,175,277,125,0,,
2,1775670481296,1091,1158,9930,459370,-24434,-76969,0,0,0,432,489,346,438,408,470,552,478,343,231,195,378,0,,
1,1775670481312,-5020,2287,11557,-6372546,-724486,-1235169,0,0,0,225,311,223,261,209,290,302,270,265,177,282,125,0,,
2,1775670481312,1062,1072,9935,454483,-51312,-76969,0,0,0,430,490,338,439,409,478,556,467,346,234,187,390,0,,
1,1775670481328,-5632,1258,13294,-6666983,-927293,-1473406,0,0,0,224,311,223,263,209,290,303,272,265,178,283,125,0,,
2,1775670481328,1024,995,9916,445931,-68416,-73303,0,0,0,442,493,340,442,408,484,556,451,354,251,198,405,0,,
1,1775670481344,-6489,62,14926,-6675535,-1252273,-1517389,0,0,0,222,312,223,260,212,290,301,283,265,174,282,123,0,,
2,1775670481344,995,938,9925,434936,-68416,-67195,0,0,0,440,495,338,446,411,487,554,437,351,248,192,416,0,,
1,1775670481360,-6901,-818,16846,-6498384,-1621236,-1430646,0,0,0,220,315,223,258,219,289,300,296,264,168,271,121,0,,
2,1775670481360,1024,894,9987,433714,-68416,-63529,0,0,0,442,501,340,448,419,492,551,426,361,239,182,429,0,,
1,1775670481376,-7016,-1273,19157,-6254038,-1874134,-1337794,0,0,0,223,317,225,260,221,291,303,294,266,169,254,122,0,,
2,1775670481376,1057,832,10078,455705,-67195,-67195,0,0,0,454,506,344,454,428,497,547,412,366,243,177,443,0,,
1,1775670481392,-7461,-1847,21866,-6004805,-2046398,-1380555,0,0,0,225,315,226,261,217,291,309,286,268,171,247,123,0,,
2,1775670481392,1067,751,10145,499687,-63529,-80634,0,0,0,462,510,345,461,436,503,544,391,361,250,173,467,0,,
1,1775670481408,-8021,-2957,24857,-5783672,-2219884,-1601688,0,0,0,224,312,225,262,217,291,314,280,269,170,242,123,0,,
2,1775670481408,1124,703,10184,566882,-58643,-100181,0,0,0,465,515,346,463,444,508,543,367,369,253,170,497,0,,
1,1775670481424,-7628,-6101,27953,-5674938,-2538755,-1916895,0,0,0,227,315,227,262,213,290,315,276,271,169,238,123,0,,
2,1775670481424,1206,660,10256,657290,-52534,-129503,0,0,0,473,519,348,467,453,512,537,345,380,257,171,516,0,,
1,1775670481440,-6384,-12648,29949,-5650503,-2803871,-2070833,0,0,0,225,315,221,261,213,288,318,280,271,169,248,121,0,,
2,1775670481440,1263,564,10404,758694,-42760,-164933,0,0,0,483,526,350,470,461,514,523,317,381,276,177,523,0,,
1,1775670481456,-4948,-23354,27293,-5426926,-2657263,-1618792,0,0,0,226,317,221,263,217,289,317,277,271,174,234,123,0,,
2,1775670481456,1340,440,10701,871093,-24434,-200363,0,0,0,493,531,341,480,466,515,503,277,381,331,218,532,0,,
1,1775670481472,-1732,-33160,21722,-4754975,-2561968,-757472,0,0,0,230,319,221,270,216,293,319,278,273,175,236,123,0,,
2,1775670481472,1478,330,11122,1028697,-9773,-246789,0,0,0,501,534,343,482,476,529,485,251,387,328,221,547,0,,
1,1775670481488,5312,-40296,15726,-3458718,-2460565,384845,0,0,0,224,316,210,269,215,288,320,284,266,188,254,118,0,,
2,1775670481488,1430,248,11629,1286482,6108,-309097,0,0,0,501,536,322,488,492,535,464,247,395,256,168,555,0,,
1,1775670481504,12605,-43488,14209,-1701870,-1370781,1183856,0,0,0,221,301,199,263,212,274,343,336,257,211,315,110,0,,
2,1775670481504,1124,138,12275,1663996,45204,-344527,0,0,0,497,542,299,493,489,526,434,243,395,324,185,567,0,,
1,1775670481520,17228,-42000,17549,908967,1214400,1396437,0,0,0,229,284,177,266,195,253,400,393,242,264,377,96,0,,
2,1775670481520,1162,76,13328,2134363,69638,-356745,0,0,0,504,547,286,498,503,539,399,233,393,275,173,583,0,,
1,1775670481536,6891,-16310,17286,3867998,4130670,780685,0,0,0,239,274,155,273,179,237,447,438,235,315,411,88,0,,
2,1775670481536,1785,181,14840,2747671,79412,-414166,0,0,0,513,545,276,494,512,543,346,214,400,259,174,594,0,,
1,1775670481552,-3953,10667,16295,5400048,4575380,171042,0,0,0,247,273,151,288,177,244,465,465,242,353,421,89,0,,
2,1775670481552,2483,368,16477,3448945,86742,-549778,0,0,0,512,545,261,485,516,545,301,192,396,251,170,587,0,,
1,1775670481568,-2842,10557,18123,5479461,2411695,-111177,0,0,0,254,281,169,305,184,265,476,476,255,387,430,96,0,,
2,1775670481568,3383,569,18473,4300491,31764,-761138,0,0,0,508,534,250,477,506,537,272,165,391,241,160,560,0,,
1,1775670481584,2967,-2689,23148,4791626,326202,197920,0,0,0,254,295,205,313,201,291,483,483,267,399,435,113,0,,
2,1775670481584,4943,775,21732,5484348,-103847,-1075122,0,0,0,506,512,252,475,501,532,264,151,391,229,145,503,0,,
1,1775670481600,847,-4843,22062,3219259,-344527,613308,0,0,0,253,307,236,328,223,328,488,488,278,398,439,137,0,,
2,1775670481600,6585,842,25838,6743952,-146607,-1425759,0,0,0,467,489,238,464,489,515,264,149,381,217,136,434,0,,
1,1775670481616,-3977,-985,14922,1666440,-310319,410501,0,0,0,279,326,245,353,230,352,497,496,291,403,450,168,0,,
2,1775670481616,7834,871,30748,8032877,212581,-1858252,0,0,0,406,470,220,439,457,485,271,155,358,199,129,373,0,,
1,1775670481632,-4967,899,9236,844215,-144164,-24434,0,0,0,311,330,248,369,229,356,505,498,315,432,464,226,0,,
2,1775670481632,6963,2431,32352,8812341,894306,-2298075,0,0,0,344,450,218,399,416,449,285,184,322,168,117,314,0,,
1,1775670481648,-3172,-138,8040,505796,130725,-223576,0,0,0,325,349,269,370,246,365,517,517,308,432,470,211,0,,
2,1775670481648,6307,5652,31648,9225286,1395216,-2733011,0,0,0,287,425,224,354,383,402,298,234,280,128,104,242,0,,
1,1775670481664,-2421,-402,9662,107512,361632,-108734,0,0,0,358,351,269,378,254,379,521,520,312,444,479,237,0,,
2,1775670481664,8207,9088,24120,9062796,1547932,-3167947,0,0,0,265,417,233,331,363,375,304,264,266,111,102,192,0,,
1,1775670481680,-2464,569,10409,-69638,414166,-25656,0,0,0,341,380,265,379,273,384,522,499,327,444,489,267,0,,
2,1775670481680,9518,10820,13184,8587543,1392772,-3709173,0,0,0,274,423,239,337,368,386,304,283,274,119,119,201,0,,
1,1775670481696,-2416,1335,10323,31764,335975,8552,0,0,0,345,382,269,384,276,381,527,507,315,451,492,280,0,,
2,1775670481696,5168,11672,8848,7434229,445931,-3908315,0,0,0,273,423,239,336,366,385,309,290,272,115,113,198,0,,
1,1775670481712,-2077,1067,10145,227241,167377,36651,0,0,0,350,388,272,391,284,382,530,505,317,455,486,292,0,,
2,1775670481712,-478,17674,9064,3557679,-1554041,-2035402,0,0,0,267,425,233,337,368,385,309,288,263,117,116,199,0,,
1,1775670481728,-2081,756,10141,302989,6108,57421,0,0,0,369,393,275,398,285,389,528,496,322,448,478,302,0,,
2,1775670481728,2148,19018,7781,-1536936,-2829527,540004,0,0,0,269,424,233,337,366,383,309,287,263,114,113,194,0,,
1,1775670481744,-2392,813,10131,323758,-83077,80634,0,0,0,380,398,273,402,281,394,525,476,325,444,465,316,0,,
2,1775670481744,7767,12074,7044,-5108055,-2205223,1819156,0,0,0,265,427,234,333,365,380,312,289,263,113,114,195,0,,
1,1775670481760,-2517,842,9968,355523,-92851,101403,0,0,0,385,404,273,408,282,395,524,454,329,444,452,327,0,,
2,1775670481760,8643,5092,6733,-6385985,-943175,1540602,0,0,0,256,428,234,334,368,384,313,292,264,111,114,192,0,,
1,1775670481776,-2450,693,9901,350636,-62308,106290,0,0,0,389,409,278,408,289,404,523,438,336,435,444,342,0,,
2,1775670481776,5211,2991,6235,-6045122,-331088,525344,0,0,0,252,429,237,337,370,386,315,294,266,134,125,194,0,,
1,1775670481792,-2397,660,10500,268780,7330,112399,0,0,0,386,417,281,400,298,418,522,431,341,420,436,359,0,,
2,1775670481792,3575,3249,6302,-6051231,-383623,67195,0,0,0,253,431,237,336,369,385,316,297,265,125,122,194,0,,
1,1775670481808,-2359,698,10409,226020,52534,114842,0,0,0,388,431,275,404,306,414,522,431,341,420,421,351,0,,
2,1775670481808,3062,3474,7303,-6344446,-257785,-57421,0,0,0,254,433,239,337,371,386,317,300,266,114,118,194,0,,
1,1775670481824,-2321,617,9734,265115,32986,111177,0,0,0,386,440,268,407,311,403,521,424,338,442,399,341,0,,
2,1775670481824,2689,3752,8671,-6581462,144164,70860,0,0,0,254,432,239,336,372,388,316,301,264,114,118,193,0,,
1,1775670481840,-2292,526,9423,291993,6108,106290,0,0,0,377,440,257,402,347,404,524,417,341,408,399,347,0,,
2,1775670481840,2345,3938,9815,-6693861,560774,300545,0,0,0,255,432,238,337,372,388,316,301,261,114,118,192,0,,
1,1775670481856,-2263,536,9633,278554,9773,105068,0,0,0,379,441,260,409,333,407,517,392,335,414,394,350,0,,
2,1775670481856,2182,3785,11026,-6743952,967610,607200,0,0,0,256,434,240,339,374,388,318,302,262,114,118,192,0,,
1,1775670481872,-2239,545,9777,284663,10995,105068,0,0,0,386,445,270,414,342,411,518,376,345,404,373,360,0,,
2,1775670481872,2033,3388,12562,-6774495,1282817,868650,0,0,0,254,434,240,338,375,389,318,303,262,113,117,191,0,,
1,1775670481888,-2234,507,9734,305432,10995,103847,0,0,0,377,450,275,410,354,418,514,369,340,384,354,364,0,,
2,1775670481888,1880,2924,14247,-6778160,1483180,1032362,0,0,0,253,433,240,337,376,389,319,303,264,114,116,191,0,,
1,1775670481904,-2225,430,9667,313984,13439,96516,0,0,0,366,460,286,420,356,420,514,355,347,381,347,371,0,,
2,1775670481904,1904,2459,16281,-6724404,1549154,1028697,0,0,0,252,432,240,335,384,389,322,305,266,116,118,191,0,,
1,1775670481920,-2220,368,9667,316428,17104,86742,0,0,0,376,452,288,411,353,413,506,338,344,389,342,375,0,,
2,1775670481920,2148,2412,18358,-6677978,1557706,951728,0,0,0,252,430,240,339,373,388,321,305,266,115,116,189,0,,
1,1775670481936,-2230,335,9748,329867,14660,87964,0,0,0,382,456,303,419,351,421,506,331,346,382,329,389,0,,
2,1775670481936,2775,2785,21301,-6696304,1573588,882089,0,0,0,257,434,243,340,372,388,323,307,268,114,115,189,0,,
1,1775670481952,-2278,306,9849,372627,1221,111177,0,0,0,384,467,300,418,361,435,504,323,356,370,336,401,0,,
2,1775670481952,3646,2541,25675,-6780604,1674992,970053,0,0,0,258,434,245,341,372,388,324,304,267,114,115,189,0,,
1,1775670481968,-2306,253,9892,422718,-6108,142942,0,0,0,384,465,273,414,381,447,498,313,356,361,335,405,0,,
2,1775670481968,4187,148,29868,-6803817,1814269,1290147,0,0,0,258,432,243,336,381,385,328,298,270,115,114,190,0,,
1,1775670481984,-2364,201,9930,489913,-14660,185703,0,0,0,379,470,262,426,393,461,493,299,354,349,299,419,0,,
2,1775670481984,4599,-7470,32797,-6665761,2135584,1767844,0,0,0,258,431,239,344,374,391,333,296,273,117,112,191,0,,
1,1775670482000,-2440,138,9992,588874,-29321,243124,0,0,0,384,484,269,427,400,471,473,278,369,330,278,445,0,,
2,1775670482000,4154,-18592,33132,-6258925,2343279,1942551,0,0,0,260,431,238,347,372,392,335,296,274,119,114,193,0,,
1,1775670482016,-2354,-14,10069,696386,-70860,295658,0,0,0,401,469,267,441,420,484,454,268,377,304,269,459,0,,
2,1775670482016,2919,-32017,28489,-5202128,2040289,1631010,0,0,0,261,431,240,348,374,393,337,295,276,118,113,194,0,,
1,1775670482032,-2144,-181,10323,812450,-158824,332310,0,0,0,403,487,290,453,433,486,450,250,389,304,252,483,0,,
2,1775670482032,291,-42923,18975,-3202155,1643227,766025,0,0,0,262,430,239,349,375,394,339,297,279,119,113,197,0,,
1,1775670482048,-1986,-181,10926,972497,-278554,326202,0,0,0,416,495,276,484,461,499,436,245,409,303,235,520,0,,
2,1775670482048,-5321,-45005,13845,-1045801,1538158,-312763,0,0,0,258,428,237,350,376,394,343,321,278,124,127,197,0,,
1,1775670482064,-2043,-148,11562,1198517,-351858,304210,0,0,0,420,492,267,475,443,510,406,238,406,287,228,540,0,,
2,1775670482064,-10251,-42005,14993,667064,773355,-906524,0,0,0,251,417,231,347,374,391,364,387,271,141,176,191,0,,
1,1775670482080,-2244,-296,12160,1494176,-334754,284663,0,0,0,421,510,245,489,475,537,373,224,422,281,219,543,0,,
2,1775670482080,-7159,-24082,19554,2371378,-1248608,-377514,0,0,0,248,391,218,339,357,378,409,449,266,162,225,182,0,,
1,1775670482096,-2517,-488,12758,1828930,-312763,290771,0,0,0,418,516,216,477,480,529,343,216,420,277,213,551,0,,
2,1775670482096,2708,6546,17683,3860668,-3326772,560774,0,0,0,253,368,201,336,336,366,450,468,263,172,244,177,0,,
1,1775670482112,-3043,-464,13706,2366491,-263893,365297,0,0,0,431,527,208,477,477,525,285,213,433,268,211,542,0,,
2,1775670482112,7269,20507,11194,4470311,-4058588,1274264,0,0,0,265,369,188,345,335,371,479,487,267,189,280,176,0,,
1,1775670482128,-3910,-349,14888,2994461,-134390,513126,0,0,0,444,506,222,462,482,520,240,209,421,245,195,541,0,,
2,1775670482128,-445,3933,12835,5005429,-2631607,1345125,0,0,0,268,378,195,351,337,382,499,499,283,223,318,183,0,,
1,1775670482144,-5149,-215,16295,3699399,61086,769690,0,0,0,453,459,226,447,460,511,213,202,405,204,162,523,0,,
2,1775670482144,-7130,-5647,19530,5154480,-957836,938289,0,0,0,268,390,231,363,345,402,512,513,289,244,339,188,0,,
1,1775670482160,-6882,-19,18655,4609589,254119,1193630,0,0,0,440,424,220,427,415,504,209,173,396,177,133,476,0,,
2,1775670482160,-6446,-2029,22598,4345695,-153938,3665,0,0,0,278,416,264,381,360,417,523,524,314,219,309,222,0,,
1,1775670482176,-8882,-402,21636,5453804,373849,1685988,0,0,0,418,411,219,398,376,486,197,147,377,164,115,419,0,,
2,1775670482176,-119,1311,18822,2708576,73303,-514348,0,0,0,291,439,287,387,373,433,542,543,318,224,304,258,0,,
1,1775670482192,-10504,-990,24646,6344446,582765,2261423,0,0,0,390,402,225,373,343,452,174,158,351,149,110,358,0,,
2,1775670482192,3598,698,13515,1176526,123394,-191811,0,0,0,327,456,304,403,376,437,545,550,308,232,293,291,0,,
1,1775670482208,-10725,-1048,27164,7217983,851546,2856405,0,0,0,322,388,227,346,317,411,191,189,327,149,140,288,0,,
2,1775670482208,1665,-95,10476,593761,-19547,185703,0,0,0,350,462,318,416,387,448,553,558,311,242,293,318,0,,
1,1775670482224,-8762,1038,28714,7908261,1209513,3276681,0,0,0,274,346,204,314,280,342,227,227,292,148,181,222,0,,
2,1775670482224,373,248,9772,328645,-103847,174707,0,0,0,362,466,321,419,388,452,557,561,313,247,292,329,0,,
1,1775670482240,-8241,5561,27197,8346862,1802052,3402519,0,0,0,234,287,213,256,205,287,281,257,270,145,216,120,0,,
2,1775670482240,808,942,10275,145385,-152716,17104,0,0,0,374,471,324,423,389,454,559,560,317,251,287,337,0,,
1,1775670482256,-10753,10131,18731,8024325,2258979,3232698,0,0,0,253,291,220,256,198,287,304,274,279,158,235,123,0,,
2,1775670482256,1052,1282,10361,36651,-174707,-20769,0,0,0,383,477,328,422,392,453,559,561,318,253,285,349,0,,
1,1775670482272,-12534,12816,9509,6550918,1935221,3028669,0,0,0,256,300,224,259,203,293,296,268,276,159,229,130,0,,
2,1775670482272,971,1454,10212,47647,-152716,0,0,0,0,393,480,334,421,391,452,562,564,319,255,285,362,0,,
1,1775670482288,-10452,16544,7590,3208264,660956,2346944,0,0,0,243,303,222,260,208,297,296,268,275,161,229,132,0,,
2,1775670482288,933,1550,10251,156381,-162490,-6108,0,0,0,402,481,338,425,391,453,566,563,331,256,281,365,0,,
1,1775670482304,-4938,17836,9791,-1428202,386066,482583,0,0,0,237,303,224,263,210,298,301,272,274,165,233,133,0,,
2,1775670482304,804,1545,10351,254119,-164933,-25656,0,0,0,407,484,337,430,394,459,566,556,340,255,274,365,0,,
1,1775670482320,-4910,12601,8269,-4159992,1210734,-1102000,0,0,0,228,306,224,260,214,298,296,273,275,167,237,136,0,,
2,1775670482320,626,1459,10303,313984,-79412,-37873,0,0,0,414,483,334,437,399,466,567,548,333,256,264,374,0,,
1,1775670482336,-8772,6465,4216,-4202752,822224,-998153,0,0,0,227,307,222,259,212,295,302,276,272,164,237,135,0,,
2,1775670482336,636,1354,10150,346971,26878,-41538,0,0,0,416,484,327,435,401,464,565,536,344,254,250,378,0,,
1,1775670482352,-8145,4383,3110,-4075692,-389732,-342084,0,0,0,226,307,221,260,211,295,301,275,270,165,240,134,0,,
2,1775670482352,775,1258,10007,362853,92851,-41538,0,0,0,426,492,330,436,402,469,559,523,329,251,242,388,0,,
1,1775670482368,-3785,5283,5398,-4663345,-883311,-119729,0,0,0,225,307,225,259,211,298,297,272,272,167,241,134,0,,
2,1775670482368,866,1206,9930,370184,96516,-45204,0,0,0,422,493,329,437,409,473,554,514,336,252,234,398,0,,
1,1775670482384,-2383,5474,7312,-5374392,-568104,-475253,0,0,0,225,308,231,257,213,304,298,273,275,166,241,137,0,,
2,1775670482384,957,1191,9901,378736,75747,-52534,0,0,0,430,497,336,439,410,478,554,506,337,253,233,403,0,,
1,1775670482400,-3699,4546,8284,-5797111,-516791,-961501,0,0,0,224,308,231,256,212,305,299,275,277,166,244,141,0,,
2,1775670482400,1048,1153,9901,382401,34208,-62308,0,0,0,435,501,340,435,405,475,547,490,337,252,219,409,0,,
1,1775670482416,-3833,3857,9557,-5974262,-1148426,-1248608,0,0,0,224,310,226,256,211,298,302,277,274,166,241,135,0,,
2,1775670482416,1067,1038,9887,368962,-26878,-74525,0,0,0,435,502,339,439,412,481,542,479,350,245,210,412,0,,
1,1775670482432,-3000,3388,11217,-6166073,-1599245,-1426981,0,0,0,225,309,226,259,213,298,304,281,274,166,241,133,0,,
2,1775670482432,976,957,9873,342084,-70860,-84299,0,0,0,442,507,338,441,413,480,547,475,352,254,214,420,0,,
1,1775670482448,-2335,2560,13141,-6349333,-1748296,-1463633,0,0,0,224,309,226,259,213,299,313,285,277,166,244,135,0,,
2,1775670482448,851,933,9892,313984,-73303,-81855,0,0,0,442,510,336,447,438,477,547,467,352,255,212,429,0,,
1,1775670482464,-2029,1536,15257,-6384763,-1825265,-1180191,0,0,0,220,309,232,261,213,306,312,285,281,170,238,136,0,,
2,1775670482464,842,938,9949,302989,-58643,-74525,0,0,0,443,515,337,447,436,482,544,456,353,251,203,438,0,,
1,1775670482480,-1354,799,17449,-6372546,-1946216,-783129,0,0,0,222,312,228,257,213,298,305,280,274,170,242,132,0,,
2,1775670482480,961,928,10016,315206,-57421,-67195,0,0,0,450,519,339,448,430,491,541,445,356,254,198,452,0,,
1,1775670482496,-488,-57,19669,-6370102,-1942551,-503352,0,0,0,223,312,229,260,214,303,306,282,277,167,246,136,0,,
2,1775670482496,1038,851,10031,339641,-84299,-67195,0,0,0,458,522,342,452,436,495,535,430,354,255,192,465,0,,
1,1775670482512,-746,-981,21134,-6268699,-1808161,-576656,0,0,0,224,313,229,260,215,298,313,287,278,167,245,131,0,,
2,1775670482512,1014,770,10040,365297,-113620,-75747,0,0,0,466,526,345,456,438,497,530,417,354,252,184,472,0,,
1,1775670482528,-2230,-1698,22407,-5968153,-1771509,-1010371,0,0,0,224,312,227,261,213,298,314,285,276,169,245,131,0,,
2,1775670482528,918,722,10088,389732,-117286,-85521,0,0,0,477,530,347,463,443,497,527,401,362,255,179,482,0,,
1,1775670482544,-4044,-2297,24857,-5545434,-2097711,-1875356,0,0,0,223,313,229,260,214,300,313,283,277,168,248,133,0,,
2,1775670482544,957,708,10189,436157,-95294,-98960,0,0,0,482,531,343,463,452,500,521,376,362,256,174,495,0,,
1,1775670482560,-5087,-4115,27322,-5368283,-2420248,-2720793,0,0,0,221,314,229,259,213,299,314,283,279,166,247,131,0,,
2,1775670482560,1081,689,10279,500909,-80634,-123394,0,0,0,493,535,348,467,455,506,509,347,365,260,173,512,0,,
1,1775670482576,-6231,-10011,27982,-5347514,-2335948,-3148399,0,0,0,219,315,229,258,216,299,310,285,278,165,250,128,0,,
2,1775670482576,1148,607,10370,587652,-57421,-163711,0,0,0,495,536,343,476,464,512,505,324,373,264,173,523,0,,
1,1775670482592,-6661,-18894,25695,-5060407,-2061059,-2684141,0,0,0,217,319,232,260,221,305,305,289,279,162,257,130,0,,
2,1775670482592,1134,516,10524,685390,-15882,-204028,0,0,0,506,546,350,487,468,518,485,288,380,275,173,540,0,,
1,1775670482608,-1598,-27930,20880,-4091575,-2075720,-1374446,0,0,0,217,318,234,261,219,312,307,286,284,165,251,138,0,,
2,1775670482608,1134,440,10820,835663,37873,-243124,0,0,0,508,549,350,481,469,517,462,263,377,270,174,565,0,,
1,1775670482624,6905,-34491,16156,-2711019,-1910786,-196698,0,0,0,218,317,233,264,217,312,305,278,282,167,246,141,0,,
2,1775670482624,1177,354,11332,1078788,46425,-274889,0,0,0,510,554,344,490,484,518,441,243,380,307,199,576,0,,
1,1775670482640,12979,-38052,13213,-1281595,-1130100,461814,0,0,0,225,321,230,263,214,298,309,280,274,173,249,128,0,,
2,1775670482640,1225,215,11935,1363451,9773,-298102,0,0,0,511,551,317,494,492,528,424,240,384,292,187,580,0,,
1,1775670482656,12026,-36582,12773,217468,232128,883311,0,0,0,223,317,222,263,215,293,328,314,274,196,295,118,0,,
2,1775670482656,1373,76,12715,1749518,-48869,-326202,0,0,0,512,550,294,501,501,537,383,238,382,341,202,571,0,,
1,1775670482672,5604,-26810,15467,1831373,1494176,1033583,0,0,0,223,307,205,263,213,273,363,385,250,257,376,102,0,,
2,1775670482672,1574,67,13572,2218662,-106290,-384845,0,0,0,511,552,280,500,514,536,341,231,379,304,193,585,0,,
1,1775670482688,-3493,-2254,16472,3484375,2160019,769690,0,0,0,242,280,173,277,188,251,410,424,237,300,405,98,0,,
2,1775670482688,1670,143,14596,2791654,-178372,-471587,0,0,0,514,549,267,488,518,532,299,218,382,270,184,605,0,,
1,1775670482704,-7365,13634,14113,4632801,2295631,365297,0,0,0,248,282,171,287,183,257,452,454,254,331,416,91,0,,
2,1775670482704,2182,172,16032,3464827,-289550,-571769,0,0,0,522,546,263,481,518,533,267,205,383,264,174,596,0,,
1,1775670482720,-3393,6235,15506,5411044,1958433,13439,0,0,0,247,293,188,297,201,279,471,471,252,369,428,95,0,,
2,1775670482720,3297,181,17937,4227187,-430049,-731816,0,0,0,525,542,263,480,513,536,251,185,381,252,163,565,0,,
1,1775670482736,689,-3206,23101,4674340,1177748,-17104,0,0,0,246,308,213,316,221,299,482,482,249,389,435,100,0,,
2,1775670482736,4647,344,20914,5230228,-563217,-1023810,0,0,0,520,534,258,472,504,529,251,164,378,241,157,514,0,,
1,1775670482752,215,-3642,23292,2691472,432492,135612,0,0,0,258,325,241,332,228,316,483,483,262,396,437,117,0,,
2,1775670482752,5522,-90,25221,6396980,-543670,-1375668,0,0,0,498,527,253,458,494,510,260,163,368,215,142,440,0,,
1,1775670482768,-2345,808,14529,1093448,-43982,76969,0,0,0,281,355,272,334,254,306,497,494,258,400,448,117,0,,
2,1775670482768,6154,-416,29384,7584502,-227241,-1711644,0,0,0,438,503,234,435,475,486,256,181,348,200,137,388,0,,
1,1775670482784,-2957,2694,7954,719599,-146607,-106290,0,0,0,303,366,290,333,259,298,516,502,251,407,460,111,0,,
2,1775670482784,5460,1569,30595,8502022,202807,-1997529,0,0,0,359,471,215,402,441,459,282,236,314,179,128,343,0,,
1,1775670482800,-2455,981,7767,772133,53756,-175929,0,0,0,319,345,313,348,229,314,522,499,263,413,466,125,0,,
2,1775670482800,5092,4498,29480,9158091,526565,-2273640,0,0,0,307,443,217,356,399,414,285,243,279,147,123,283,0,,
1,1775670482816,-2479,-9,9920,397062,256563,-117286,0,0,0,333,350,364,362,230,325,527,507,273,415,473,144,0,,
2,1775670482816,5652,7059,24886,9270490,703716,-2580294,0,0,0,261,419,227,337,371,380,302,269,266,123,123,207,0,,
1,1775670482832,-2373,631,10839,0,376292,-50090,0,0,0,331,381,383,355,234,332,531,512,282,420,475,152,0,,
2,1775670482832,7762,8159,15443,8874650,463035,-2981022,0,0,0,269,427,242,334,371,386,312,300,279,117,120,205,0,,
1,1775670482848,-2038,1737,10375,-10995,322536,0,0,0,0,350,419,400,360,242,330,539,510,299,429,482,153,0,,
2,1775670482848,8097,10222,9696,7947356,131946,-3418401,0,0,0,269,427,239,333,369,386,307,297,270,117,118,201,0,,
1,1775670482864,-1876,1732,10174,194255,175929,63529,0,0,0,345,408,434,369,243,350,542,499,298,426,482,166,0,,
2,1775670482864,3326,17496,8351,4828278,-354301,-2728124,0,0,0,268,428,232,334,369,381,311,295,264,117,117,197,0,,
1,1775670482880,-1928,1354,10241,300545,46425,105068,0,0,0,345,420,448,379,265,371,545,478,300,422,489,184,0,,
2,1775670482880,1335,20794,8911,-1156978,-1376890,7330,0,0,0,268,430,232,337,373,382,313,295,263,118,117,196,0,,
1,1775670482896,-2005,1354,10198,313984,-42760,122173,0,0,0,353,426,443,398,291,384,540,470,303,416,466,190,0,,
2,1775670482896,4962,13821,9542,-5699372,-2223549,2166128,0,0,0,261,431,234,338,375,387,314,298,265,117,119,198,0,,
1,1775670482912,-2077,1450,10002,351858,-108734,140499,0,0,0,359,432,438,419,304,368,543,455,318,418,459,187,0,,
2,1775670482912,8576,5216,7374,-6337115,-1822821,1864360,0,0,0,251,432,233,335,373,387,314,300,266,117,120,201,0,,
1,1775670482928,-2163,1354,9782,388510,-108734,145385,0,0,0,373,438,429,410,317,372,538,440,332,421,453,192,0,,
2,1775670482928,8332,2134,5149,-5875301,-753807,641408,0,0,0,247,433,235,335,374,389,312,301,267,117,120,201,0,,
1,1775670482944,-2215,1196,9614,398284,-72082,144164,0,0,0,372,443,421,420,313,357,534,435,330,423,444,193,0,,
2,1775670482944,5149,3177,6054,-5825210,98960,-298102,0,0,0,247,434,238,336,375,392,313,303,269,117,120,200,0,,
1,1775670482960,-2148,1076,9571,371406,-8552,138055,0,0,0,365,439,418,419,315,358,533,426,320,417,433,198,0,,
2,1775670482960,2833,3852,8193,-6145304,302989,-533896,0,0,0,246,434,237,334,373,390,318,307,270,121,129,199,0,,
1,1775670482976,-2033,1072,9648,345749,7330,130725,0,0,0,362,440,411,407,323,367,534,419,316,408,423,205,0,,
2,1775670482976,2273,3843,9892,-6411641,239459,-266337,0,0,0,247,434,238,334,374,389,318,308,269,131,149,198,0,,
1,1775670482992,-1995,1057,9691,322536,7330,119729,0,0,0,365,454,414,413,329,366,527,417,319,400,414,215,0,,
2,1775670482992,2948,3895,10591,-6481280,569326,222354,0,0,0,247,435,241,330,372,387,316,306,267,140,166,199,0,,
1,1775670483008,-2010,1033,9696,306654,9773,109955,0,0,0,368,462,417,431,339,369,520,409,320,396,401,225,0,,
2,1775670483008,3235,3962,11519,-6615670,1097113,669508,0,0,0,246,434,240,331,372,387,312,308,264,147,182,197,0,,
1,1775670483024,-1995,1000,9724,302989,13439,105068,0,0,0,374,456,394,440,354,381,529,391,320,393,379,237,0,,
2,1775670483024,2900,3503,13189,-6829473,1663996,1131322,0,0,0,242,433,238,334,375,389,314,306,264,150,186,197,0,,
1,1775670483040,-1971,985,9767,321315,9773,105068,0,0,0,384,449,398,441,351,387,525,378,331,376,369,267,0,,
2,1775670483040,2407,2536,14745,-6807482,1869247,1397659,0,0,0,243,434,239,336,375,391,317,308,269,143,170,197,0,,
1,1775670483056,-1938,947,9767,351858,-3665,106290,0,0,0,376,457,425,428,358,399,524,371,350,374,364,285,0,,
2,1775670483056,2129,1909,16372,-6631553,1916895,1496619,0,0,0,244,436,240,338,375,393,321,310,274,136,155,198,0,,
1,1775670483072,-1899,871,9743,377514,-25656,100181,0,0,0,372,474,413,424,380,393,517,358,349,358,345,300,0,,
2,1775670483072,2048,2033,18324,-6497162,1866804,1418429,0,0,0,249,437,246,327,384,388,321,309,274,136,157,201,0,,
1,1775670483088,-1909,808,9753,392175,-43982,90408,0,0,0,394,506,402,412,384,393,518,342,368,349,331,324,0,,
2,1775670483088,2301,2670,20870,-6587570,1781283,1247386,0,0,0,246,437,243,336,378,394,323,311,274,130,145,201,0,,
1,1775670483104,-1952,770,9858,419053,-63529,89186,0,0,0,378,483,421,410,375,404,503,321,382,347,315,331,0,,
2,1775670483104,3019,2986,23866,-6792821,1789835,1069014,0,0,0,246,436,242,336,373,392,327,314,278,120,129,198,0,,
1,1775670483120,-2000,727,9968,464257,-89186,103847,0,0,0,387,486,422,456,377,434,503,309,379,346,302,360,0,,
2,1775670483120,3579,1751,27508,-6960198,1976759,987158,0,0,0,247,434,242,337,372,391,330,313,280,118,123,199,0,,
1,1775670483136,-2091,636,9992,520457,-114842,139277,0,0,0,392,501,426,444,383,459,491,294,403,330,287,397,0,,
2,1775670483136,3086,-1746,31280,-6961420,2210110,1115439,0,0,0,248,434,240,340,371,392,334,307,281,119,120,201,0,,
1,1775670483152,-2177,555,10002,580321,-130725,185703,0,0,0,401,510,467,440,391,462,493,271,398,316,270,411,0,,
2,1775670483152,1359,-9428,33701,-6654765,2307848,1488067,0,0,0,252,434,242,345,373,401,339,304,285,120,117,203,0,,
1,1775670483168,-2273,492,10126,686612,-157603,249233,0,0,0,406,512,500,432,407,493,482,255,418,314,256,434,0,,
2,1775670483168,1196,-23416,30614,-5727472,1786169,1637118,0,0,0,256,434,243,347,375,405,342,305,289,120,117,204,0,,
1,1775670483184,-2311,425,10390,834441,-190589,313984,0,0,0,409,515,490,426,423,520,476,249,429,305,248,457,0,,
2,1775670483184,2464,-37334,22612,-4186870,1235169,1038470,0,0,0,257,434,242,345,373,402,341,308,288,120,119,202,0,,
1,1775670483200,-2134,263,10887,1048244,-259006,372627,0,0,0,404,525,462,440,434,525,473,240,420,297,239,480,0,,
2,1775670483200,-2378,-43976,15309,-2026850,1503950,-522900,0,0,0,257,435,244,344,372,402,339,309,287,120,119,203,0,,
1,1775670483216,-1919,205,11485,1286482,-387288,377514,0,0,0,400,537,430,451,456,519,447,228,425,292,228,511,0,,
2,1775670483216,-11217,-42890,14802,-302989,1329242,-1536936,0,0,0,256,434,246,343,370,401,337,307,285,117,117,201,0,,
1,1775670483232,-1923,191,11954,1582140,-486248,360410,0,0,0,409,543,373,457,485,526,413,223,431,277,222,543,0,,
2,1775670483232,-13649,-36156,17583,1193630,-349414,-1359786,0,0,0,252,432,244,345,372,399,343,323,283,122,128,199,0,,
1,1775670483248,-2287,19,12395,1946216,-471587,349414,0,0,0,419,541,322,495,491,554,385,216,422,275,219,559,0,,
2,1775670483248,-2598,-25565,17836,2616946,-1624901,-649960,0,0,0,240,425,234,350,379,400,364,392,275,135,170,191,0,,
1,1775670483264,-3024,-186,12998,2371378,-364075,390953,0,0,0,412,540,283,522,522,566,344,216,427,281,221,551,0,,
2,1775670483264,5781,-6427,20177,3600439,-1758070,-108734,0,0,0,246,409,219,351,370,383,429,470,263,166,229,181,0,,
1,1775670483280,-3933,-224,13749,2922379,-145385,536339,0,0,0,417,529,260,507,537,577,260,220,430,244,203,549,0,,
2,1775670483280,8542,26116,16750,3379306,-2288301,1044579,0,0,0,253,386,214,353,350,379,482,491,272,205,314,165,0,,
1,1775670483296,-4417,-95,14802,3589444,101403,781907,0,0,0,477,499,242,497,547,566,224,211,437,244,184,537,0,,
2,1775670483296,3575,29164,9748,2944370,-2871066,2078163,0,0,0,266,392,240,362,348,393,505,507,281,239,364,162,0,,
1,1775670483312,-5197,43,16477,4322482,293215,1075122,0,0,0,467,472,248,467,504,542,192,189,431,196,154,524,0,,
2,1775670483312,-6049,6441,13352,3737273,-2452013,1782504,0,0,0,282,410,277,367,346,395,525,533,277,331,430,166,0,,
1,1775670483328,-7126,-177,19468,5132489,425162,1475850,0,0,0,457,445,224,455,457,517,220,174,413,181,126,449,0,,
2,1775670483328,-7628,-4627,21765,3810577,-1295034,249233,0,0,0,299,425,306,372,350,398,537,542,277,305,394,175,0,,
1,1775670483344,-9384,-727,23297,5954714,515570,1949881,0,0,0,409,431,208,420,423,471,182,168,369,159,121,382,0,,
2,1775670483344,-2067,-1191,20631,2692693,-368962,-624304,0,0,0,301,438,326,380,365,413,539,540,290,265,341,196,0,,
1,1775670483360,-11074,-804,27001,6789156,624304,2508212,0,0,0,349,407,213,372,354,421,175,168,333,141,119,309,0,,
2,1775670483360,2220,4316,13103,1491732,276111,-412944,0,0,0,315,452,319,395,383,425,540,540,293,284,348,225,0,,
1,1775670483376,-10289,981,28834,7517307,874759,3027448,0,0,0,284,378,213,315,310,369,206,202,299,138,165,240,0,,
2,1775670483376,1430,2325,10208,1180191,482583,-73303,0,0,0,339,461,322,403,388,435,555,549,304,317,371,249,0,,
1,1775670483392,-8801,3943,29490,8129394,1121548,3351206,0,0,0,241,327,213,268,251,310,254,243,272,150,212,171,0,,
2,1775670483392,1201,784,10040,971275,452040,17104,0,0,0,367,473,347,410,388,444,562,552,310,331,373,273,0,,
1,1775670483408,-9169,7106,24063,8426275,1440420,3424510,0,0,0,235,284,218,252,190,276,293,263,264,161,225,127,0,,
2,1775670483408,1785,1234,10222,786794,259006,29321,0,0,0,389,482,359,420,391,453,560,544,312,336,366,299,0,,
1,1775670483424,-9968,9882,14414,7858170,1838704,3357315,0,0,0,246,292,219,263,195,290,297,268,269,167,232,132,0,,
2,1775670483424,1876,1919,10155,728151,-32986,29321,0,0,0,405,484,352,428,393,459,568,537,319,324,341,325,0,,
1,1775670483440,-11222,13883,8332,5327966,1613905,2794097,0,0,0,242,298,220,268,198,291,294,268,264,173,232,135,0,,
2,1775670483440,1411,1718,10098,697608,-202807,12217,0,0,0,429,495,359,435,397,460,572,529,318,289,286,354,0,,
1,1775670483456,-8169,17918,9490,331088,335975,1086118,0,0,0,250,300,215,280,198,285,303,277,264,169,232,131,0,,
2,1775670483456,1158,1493,10198,610865,-216246,0,0,0,0,437,503,355,435,403,472,567,516,330,276,259,377,0,,
1,1775670483472,-4824,14893,9404,-2878397,160046,-519235,0,0,0,239,305,218,258,204,289,310,282,266,162,229,129,0,,
2,1775670483472,1014,1665,10409,563217,-168598,-17104,0,0,0,438,501,356,436,412,477,563,503,337,252,221,400,0,,
1,1775670483488,-5226,7906,5934,-3777590,665843,-1458746,0,0,0,232,307,223,260,208,294,300,276,269,170,237,134,0,,
2,1775670483488,875,1832,10442,632856,-28099,-39095,0,0,0,453,511,363,441,412,481,560,486,338,253,212,416,0,,
1,1775670483504,-6604,5053,3455,-3297450,259006,-1258382,0,0,0,232,304,219,262,202,294,301,271,263,175,237,133,0,,
2,1775670483504,966,1684,10289,722042,103847,-53756,0,0,0,451,512,352,448,418,488,556,470,345,261,204,431,0,,
1,1775670483520,-4876,5585,4273,-3494149,-304210,-1069014,0,0,0,238,303,219,273,204,292,308,273,263,175,237,133,0,,
2,1775670483520,1249,1320,10026,762359,157603,-64751,0,0,0,456,515,349,452,418,490,552,454,344,246,187,440,0,,
1,1775670483536,-3096,6671,6341,-4266282,-329867,-1178969,0,0,0,240,309,221,272,209,290,306,285,265,168,248,130,0,,
2,1775670483536,1383,1048,9844,718377,117286,-84299,0,0,0,456,509,338,463,445,502,550,433,350,245,178,454,0,,
1,1775670483552,-3914,6360,7331,-4911356,-174707,-1353677,0,0,0,230,307,225,265,212,298,300,285,267,167,252,130,0,,
2,1775670483552,1392,966,9815,664621,76969,-98960,0,0,0,462,516,340,457,432,497,545,417,357,254,179,471,0,,
1,1775670483568,-4580,5407,8322,-5396383,-504574,-1352455,0,0,0,227,305,229,254,224,297,302,278,269,170,243,133,0,,
2,1775670483568,1411,957,9877,620639,46425,-114842,0,0,0,465,524,342,460,437,500,535,396,359,257,178,478,0,,
1,1775670483584,-4125,4407,9782,-5828876,-899193,-1321912,0,0,0,228,305,229,255,215,295,306,275,270,171,236,132,0,,
2,1775670483584,1450,928,9944,612086,19547,-134390,0,0,0,467,523,337,462,442,502,528,378,359,255,174,485,0,,
1,1775670483600,-3618,3402,11375,-6217386,-1092227,-1312138,0,0,0,227,305,226,260,206,297,307,281,270,168,243,129,0,,
2,1775670483600,1416,866,10002,621860,1221,-151494,0,0,0,465,520,330,465,451,502,523,366,360,257,174,498,0,,
1,1775670483616,-3780,2225,13137,-6533814,-1249830,-1196074,0,0,0,226,309,227,259,211,294,304,287,268,166,254,128,0,,
2,1775670483616,1306,756,10026,635299,0,-157603,0,0,0,472,525,332,468,458,503,517,353,363,256,172,505,0,,
1,1775670483632,-3847,1340,14950,-6638883,-1437976,-978606,0,0,0,226,312,229,256,213,291,299,289,266,165,262,128,0,,
2,1775670483632,1229,636,10016,636521,14660,-149051,0,0,0,481,528,335,468,457,504,511,338,367,255,170,510,0,,
1,1775670483648,-3914,799,16903,-6585127,-1579697,-753807,0,0,0,226,313,226,257,213,293,304,295,266,166,268,130,0,,
2,1775670483648,1311,545,10045,631634,29321,-133168,0,0,0,480,528,329,468,461,506,503,323,370,260,174,523,0,,
1,1775670483664,-4178,291,19047,-6508158,-1710422,-591317,0,0,0,225,314,226,257,214,293,307,298,268,165,267,128,0,,
2,1775670483664,1445,449,10107,647517,7330,-133168,0,0,0,483,537,330,475,471,515,494,307,370,260,171,531,0,,
1,1775670483680,-4814,-296,21383,-6385985,-1852143,-645073,0,0,0,221,313,223,259,216,293,304,297,267,163,267,123,0,,
2,1775670483680,1488,349,10150,680503,-23212,-150272,0,0,0,489,537,327,475,470,517,491,297,374,262,170,541,0,,
1,1775670483696,-5829,-1229,24484,-6104987,-2106263,-1120326,0,0,0,221,315,222,259,216,293,303,296,266,166,267,124,0,,
2,1775670483696,1450,244,10136,714712,-39095,-175929,0,0,0,487,537,327,471,470,516,477,282,379,264,174,553,0,,
1,1775670483712,-6489,-3105,27987,-5808106,-2454456,-1792278,0,0,0,221,316,221,259,217,292,304,297,266,165,266,125,0,,
2,1775670483712,1469,129,10126,757472,-29321,-199142,0,0,0,497,538,327,479,476,524,470,272,382,264,170,559,0,,
1,1775670483728,-6748,-8446,31208,-5704259,-2750115,-2350609,0,0,0,221,314,225,259,217,296,308,298,269,165,266,128,0,,
2,1775670483728,1675,4,10241,814894,-17104,-230907,0,0,0,499,538,318,481,478,524,448,250,383,276,178,583,0,,
1,1775670483744,-6829,-17870,31567,-5778785,-2785545,-2357939,0,0,0,226,316,222,272,219,302,305,286,265,174,260,129,0,,
2,1775670483744,2014,-114,10681,932180,-15882,-304210,0,0,0,503,538,305,491,483,530,434,241,395,290,187,576,0,,
1,1775670483760,-4603,-30710,26317,-5583308,-2725680,-1615127,0,0,0,222,316,222,269,220,305,302,286,264,175,261,128,0,,
2,1775670483760,2081,-148,11289,1111774,-54977,-384845,0,0,0,508,543,303,506,496,540,423,229,391,301,203,584,0,,
1,1775670483776,4010,-41004,19181,-4233296,-2853962,-625526,0,0,0,221,317,223,266,220,301,306,290,268,172,260,126,0,,
2,1775670483776,1904,-119,11897,1385442,-138055,-445931,0,0,0,505,548,288,513,512,548,398,224,394,280,190,585,0,,
1,1775670483792,14381,-47078,14300,-1913229,-2048842,162490,0,0,0,221,314,218,266,214,295,309,285,266,176,264,123,0,,
2,1775670483792,1512,-162,12490,1800830,-210137,-470366,0,0,0,508,554,277,510,521,557,368,224,394,268,182,596,0,,
1,1775670483808,15601,-45637,14682,237015,-106290,565661,0,0,0,217,299,211,265,205,288,326,316,260,199,300,115,0,,
2,1775670483808,1210,-124,13409,2235766,-233350,-461814,0,0,0,512,554,273,499,514,554,326,214,401,256,173,602,0,,
1,1775670483824,10911,-32816,18363,2045176,2021963,748920,0,0,0,222,277,187,268,194,266,386,392,249,252,366,101,0,,
2,1775670483824,1698,-14,14926,2763554,-250454,-455705,0,0,0,520,559,270,487,515,552,289,204,401,251,174,597,0,,
1,1775670483840,9,-717,18272,3387858,4092797,520457,0,0,0,239,257,148,275,174,235,453,440,236,309,411,84,0,,
2,1775670483840,3029,-76,16558,3451388,-304210,-574213,0,0,0,524,556,269,486,520,558,266,187,399,251,174,582,0,,
1,1775670483856,-6657,18583,12964,3944967,4613254,23212,0,0,0,242,254,141,276,165,237,466,466,243,325,418,80,0,,
2,1775670483856,4455,-119,18612,4423886,-361632,-851546,0,0,0,521,542,262,489,515,556,254,161,402,241,161,546,0,,
1,1775670483872,-3498,9265,12701,4838052,3400075,-417831,0,0,0,241,260,138,297,177,250,477,478,254,355,426,75,0,,
2,1775670483872,5781,-19,21765,5575977,-349414,-1266934,0,0,0,512,527,256,480,503,542,247,146,402,225,149,493,0,,
1,1775670483888,3134,-2747,19722,5242445,1354899,-503352,0,0,0,240,261,149,314,198,266,506,506,276,387,456,95,0,,
2,1775670483888,7528,-239,26412,6863681,-157603,-1755626,0,0,0,475,510,253,460,485,526,252,147,395,213,140,434,0,,
1,1775670483904,3589,-3417,23383,3996280,320093,-19547,0,0,0,257,299,195,346,227,323,511,510,297,422,459,115,0,,
2,1775670483904,8762,670,30327,7915591,299323,-2234545,0,0,0,404,480,222,436,457,484,263,157,352,194,131,360,0,,
1,1775670483920,-1459,-641,19100,1811826,182037,315206,0,0,0,297,317,197,342,237,334,532,531,311,416,474,198,0,,
2,1775670483920,8691,2158,32773,8740259,819781,-2735454,0,0,0,341,452,214,390,415,435,280,183,314,175,123,313,0,,
1,1775670483936,-3082,-354,12749,515570,-25656,15882,0,0,0,304,343,201,349,292,342,531,531,312,418,488,251,0,,
2,1775670483936,7374,3594,32959,9222843,1347568,-3222925,0,0,0,281,428,223,349,379,393,294,243,271,211,150,225,0,,
1,1775670483952,-2196,224,9432,195476,-140499,-177150,0,0,0,311,349,223,358,304,366,539,533,330,419,498,287,0,,
2,1775670483952,7738,7106,25905,9283929,1634675,-3671300,0,0,0,275,425,236,333,364,379,304,260,271,116,102,200,0,,
1,1775670483968,-1799,804,9739,306654,-105068,-102625,0,0,0,322,351,235,362,289,373,542,528,323,434,500,311,0,,
2,1775670483968,8016,10739,15783,8806233,1123992,-4128227,0,0,0,280,432,242,333,369,384,303,292,272,116,115,201,0,,
1,1775670483984,-2134,1009,10212,328645,-21991,-7330,0,0,0,332,354,247,369,288,385,543,525,325,446,497,333,0,,
2,1775670483984,3015,14338,12481,6985854,-855211,-3569896,0,0,0,275,432,238,334,370,384,301,292,265,113,113,197,0,,
1,1775670484000,-2172,976,10174,295658,54977,42760,0,0,0,337,359,256,375,287,401,542,517,331,441,483,346,0,,
2,1775670484000,76,20334,9437,2966361,-2819753,-1351233,0,0,0,274,432,235,334,367,382,302,288,260,111,110,193,0,,
1,1775670484016,-1842,976,10093,305432,15882,42760,0,0,0,339,370,259,377,289,411,542,503,344,436,462,353,0,,
2,1775670484016,4254,20617,6412,-3017674,-3468492,1693318,0,0,0,274,432,233,333,365,381,306,289,260,115,114,195,0,,
1,1775670484032,-1789,1028,10279,307876,-26878,58643,0,0,0,338,379,264,376,295,417,540,484,359,437,441,361,0,,
2,1775670484032,9155,11768,6838,-6858794,-2515543,2855184,0,0,0,270,432,233,336,366,384,309,292,262,117,114,195,0,,
1,1775670484048,-1832,1072,10404,331088,-51312,84299,0,0,0,334,380,273,380,294,422,536,461,357,435,425,371,0,,
2,1775670484048,8183,4599,7552,-7274183,-1481959,1909564,0,0,0,266,434,235,338,367,385,311,291,260,125,129,195,0,,
1,1775670484064,-1765,1043,10246,405614,-129503,106290,0,0,0,332,387,262,390,306,422,531,445,352,415,420,375,0,,
2,1775670484064,6020,2388,6748,-6846577,-1130100,883311,0,0,0,262,436,237,338,369,386,312,294,260,135,149,197,0,,
1,1775670484080,-1775,938,9944,449596,-213802,111177,0,0,0,332,395,251,392,313,421,525,431,355,390,399,380,0,,
2,1775670484080,5656,1880,5891,-6524040,-1059240,239459,0,0,0,251,431,235,333,366,385,305,288,259,163,201,199,0,,
1,1775670484096,-1923,823,9729,447153,-243124,112399,0,0,0,335,399,243,388,310,417,528,419,353,375,373,377,0,,
2,1775670484096,5848,1478,6307,-6462954,-703716,-29321,0,0,0,244,426,233,327,360,381,297,278,254,194,258,199,0,,
1,1775670484112,-2115,713,9566,414166,-202807,114842,0,0,0,333,402,248,385,304,417,530,395,354,378,357,380,0,,
2,1775670484112,4814,1957,7954,-6493497,-84299,0,0,0,0,248,427,235,329,361,381,300,279,254,194,258,197,0,,
1,1775670484128,-2144,626,9456,376292,-124616,117286,0,0,0,330,417,241,393,316,423,528,394,356,371,353,387,0,,
2,1775670484128,3929,2593,9538,-6588792,339641,383623,0,0,0,247,426,235,331,362,382,303,284,256,196,261,198,0,,
1,1775670484144,-2091,574,9423,322536,-42760,116064,0,0,0,343,411,247,389,314,418,526,387,358,367,350,389,0,,
2,1775670484144,4364,2354,10528,-6682865,701273,954171,0,0,0,247,425,235,330,360,382,301,283,256,197,263,197,0,,
1,1775670484160,-1995,564,9480,259006,17104,109955,0,0,0,354,410,249,395,313,420,527,385,362,367,359,389,0,,
2,1775670484160,4632,1545,11878,-6652322,1329242,1428202,0,0,0,248,428,236,331,361,382,294,282,258,200,269,201,0,,
1,1775670484176,-1909,545,9605,210137,51312,96516,0,0,0,357,416,246,399,320,423,531,371,365,355,351,392,0,,
2,1775670484176,3862,1201,13596,-6544810,1794722,1668883,0,0,0,246,428,236,327,360,385,303,282,261,207,271,203,0,,
1,1775670484192,-1828,536,9763,196698,48869,89186,0,0,0,360,420,241,401,331,430,534,364,367,345,337,409,0,,
2,1775670484192,2895,1292,15486,-6456845,1899790,1718974,0,0,0,246,427,234,332,362,386,294,285,265,203,269,200,0,,
1,1775670484208,-1832,521,9882,230907,0,101403,0,0,0,361,418,250,400,335,434,526,353,370,336,326,420,0,,
2,1775670484208,2833,1488,17812,-6458067,1759291,1543045,0,0,0,246,427,236,335,364,387,303,286,263,204,269,198,0,,
1,1775670484224,-1919,507,9911,293215,-61086,134390,0,0,0,360,427,257,400,343,438,516,336,374,329,317,420,0,,
2,1775670484224,3220,1818,20736,-6514266,1685988,1229060,0,0,0,246,427,239,332,361,385,299,283,264,207,272,202,0,,
1,1775670484240,-2033,478,9887,349414,-90408,173485,0,0,0,362,456,256,401,358,445,513,322,380,324,305,426,0,,
2,1775670484240,3685,1703,24742,-6599788,1760513,941954,0,0,0,246,426,238,328,357,381,303,279,262,207,270,199,0,,
1,1775670484256,-2211,435,9897,400727,-103847,222354,0,0,0,370,475,266,401,362,457,508,304,391,309,283,446,0,,
2,1775670484256,3919,134,28930,-6703635,1852143,847880,0,0,0,246,426,237,327,354,380,307,274,262,210,268,197,0,,
1,1775670484272,-2416,402,9983,445931,-96516,288328,0,0,0,382,469,251,417,364,467,498,284,395,300,269,459,0,,
2,1775670484272,3603,-4503,32371,-6792821,1987755,1003040,0,0,0,247,425,237,330,356,384,312,273,267,215,263,200,0,,
1,1775670484288,-2522,315,10136,507018,-95294,388510,0,0,0,383,479,260,418,387,479,489,269,418,289,254,474,0,,
2,1775670484288,2067,-15630,33318,-6558249,2131919,1268156,0,0,0,248,426,237,339,364,391,316,272,272,221,263,203,0,,
1,1775670484304,-2498,177,10351,598647,-111177,486248,0,0,0,397,496,262,428,380,473,478,262,412,289,249,491,0,,
2,1775670484304,277,-29930,29514,-5580864,1864360,1287703,0,0,0,251,428,239,344,369,395,316,271,275,224,269,206,0,,
1,1775670484320,-2397,119,10859,746477,-158824,557109,0,0,0,430,502,266,444,378,490,477,241,428,283,218,509,0,,
2,1775670484320,-2407,-40885,21095,-3556457,1478293,684169,0,0,0,254,429,240,339,364,391,316,273,275,224,271,206,0,,
1,1775670484336,-2005,86,11600,1027475,-233350,577878,0,0,0,428,510,270,456,398,508,465,244,420,273,219,525,0,,
2,1775670484336,-7518,-45752,15649,-1386664,1220508,-265115,0,0,0,251,427,238,338,364,391,320,287,276,229,280,206,0,,
1,1775670484352,-1569,-33,12031,1329242,-287106,537561,0,0,0,431,530,257,490,451,514,436,235,447,279,212,532,0,,
2,1775670484352,-12237,-44249,15793,251676,510683,-967610,0,0,0,244,427,233,341,370,389,331,338,265,230,302,195,0,,
1,1775670484368,-1330,-201,12404,1655444,-373849,444709,0,0,0,451,542,252,485,471,528,385,235,459,287,215,534,0,,
2,1775670484368,-8547,-29628,19841,1874134,-1015258,-976162,0,0,0,247,424,221,351,381,384,391,453,263,148,200,183,0,,
1,1775670484384,-1660,-258,13050,2052507,-456927,362853,0,0,0,456,540,240,488,480,524,334,230,444,273,215,542,0,,
2,1775670484384,2479,5436,19234,3282789,-2640159,-653625,0,0,0,245,383,204,340,349,369,424,465,263,171,241,185,0,,
1,1775670484400,-2651,-205,14151,2626720,-436157,394618,0,0,0,461,538,230,489,500,524,283,224,440,250,212,550,0,,
2,1775670484400,9624,27341,10638,3756821,-3584557,-232128,0,0,0,252,374,188,330,343,367,443,475,266,174,272,178,0,,
1,1775670484416,-3651,-105,15529,3326772,-333532,530231,0,0,0,484,525,236,469,494,530,234,217,443,232,197,549,0,,
2,1775670484416,4493,8183,8590,4699997,-2845410,349414,0,0,0,256,378,186,345,344,377,470,483,271,184,290,178,0,,
1,1775670484432,-4905,4,16999,4086688,-200363,770911,0,0,0,515,497,245,438,468,514,202,201,431,207,165,538,0,,
2,1775670484432,-2397,-6068,16056,5230228,-1133765,752585,0,0,0,258,387,201,362,352,396,493,496,284,200,310,190,0,,
1,1775670484448,-6733,-181,19109,4951673,-108734,1183856,0,0,0,528,473,243,415,459,491,190,181,417,177,132,506,0,,
2,1775670484448,-4216,-2560,21450,4478863,-180816,293215,0,0,0,264,419,231,382,376,416,514,514,303,210,318,220,0,,
1,1775670484464,-9212,-851,21813,5882632,-76969,1722639,0,0,0,463,462,231,426,433,481,192,166,395,167,119,443,0,,
2,1775670484464,-368,1823,21311,3050661,-193033,-301767,0,0,0,289,447,254,403,392,428,534,535,306,227,315,260,0,,
1,1775670484480,-12002,-1129,24709,6841690,-64751,2426356,0,0,0,381,424,214,363,373,438,174,168,351,148,121,348,0,,
2,1775670484480,3536,693,16831,1241278,-403171,-234572,0,0,0,328,462,268,417,396,436,547,550,301,242,313,300,0,,
1,1775670484496,-11916,808,28193,7604050,138055,3215594,0,0,0,320,387,209,328,316,392,178,180,321,141,131,292,0,,
2,1775670484496,1799,-291,12103,411723,-288328,139277,0,0,0,353,471,278,421,398,443,552,559,302,256,321,323,0,,
1,1775670484512,-9394,3709,29815,8031656,697608,3699399,0,0,0,255,353,185,290,273,322,224,232,275,141,184,202,0,,
2,1775670484512,272,689,9892,238237,-95294,178372,0,0,0,367,474,286,423,400,446,556,570,305,284,348,327,0,,
1,1775670484528,-8571,6231,26053,8400618,1317025,3827681,0,0,0,243,287,206,250,196,271,287,262,260,152,218,131,0,,
2,1775670484528,727,1493,9944,243124,-28099,46425,0,0,0,380,475,296,425,398,443,557,581,303,322,382,327,0,,
1,1775670484544,-10040,8284,18047,8401840,1258382,3839898,0,0,0,252,290,222,258,200,284,295,276,263,154,245,121,0,,
2,1775670484544,1445,1407,10279,101403,-125838,-2443,0,0,0,384,475,296,426,398,445,556,580,302,321,380,329,0,,
1,1775670484560,-9719,10643,10940,7122688,536339,3687182,0,0,0,254,299,220,262,200,288,296,273,264,157,240,122,0,,
2,1775670484560,1301,1387,10313,-10995,-184481,0,0,0,0,388,475,298,431,398,444,553,579,299,320,381,329,0,,
1,1775670484576,-4967,16104,9538,2989574,412944,2234545,0,0,0,254,299,218,263,198,289,299,269,264,161,233,130,0,,
2,1775670484576,1019,1641,10236,-2443,-128281,-10995,0,0,0,395,480,301,427,399,441,555,576,306,323,383,330,0,,
1,1775670484592,-2096,17583,10098,-1534493,1326799,-91629,0,0,0,254,300,218,265,200,289,304,274,265,162,235,131,0,,
2,1775670484592,995,1785,10222,40317,-69638,-31764,0,0,0,392,478,297,428,400,441,551,570,307,319,375,329,0,,
1,1775670484608,-4781,12256,8260,-4285830,2312735,-1880243,0,0,0,247,301,219,264,206,289,303,280,264,161,242,130,0,,
2,1775670484608,1057,1823,10217,90408,-30543,-50090,0,0,0,394,482,294,429,400,442,549,567,307,283,339,330,0,,
1,1775670484624,-8858,5604,4245,-4548502,1648114,-1723861,0,0,0,235,303,219,261,215,290,299,281,263,160,247,128,0,,
2,1775670484624,1028,1775,10011,135612,-3665,-56199,0,0,0,394,484,290,429,403,446,544,560,301,324,382,321,0,,
1,1775670484640,-7619,3685,3144,-4278500,405614,-823446,0,0,0,228,308,221,259,220,292,298,281,262,159,248,126,0,,
2,1775670484640,1019,1737,9815,173485,17104,-59864,0,0,0,390,482,282,428,405,445,541,555,305,267,307,332,0,,
1,1775670484656,-4594,4206,4417,-4408003,-103847,-271224,0,0,0,227,309,223,261,220,294,298,281,262,161,251,127,0,,
2,1775670484656,1067,1708,9734,204028,26878,-62308,0,0,0,393,484,284,434,408,451,537,550,306,245,276,336,0,,
1,1775670484672,-3871,4838,6097,-4979773,130725,-359188,0,0,0,226,305,223,259,216,293,300,284,261,168,253,131,0,,
2,1775670484672,1167,1655,9724,223576,10995,-58643,0,0,0,395,484,285,433,405,450,538,544,310,242,277,337,0,,
1,1775670484688,-4804,4446,7164,-5503895,-6108,-615752,0,0,0,238,300,222,266,216,296,298,284,261,191,249,135,0,,
2,1775670484688,1244,1593,9729,237015,-25656,-57421,0,0,0,399,485,290,430,402,448,535,539,312,242,274,341,0,,
1,1775670484704,-5005,3642,8265,-5836206,-482583,-891863,0,0,0,223,306,230,253,226,299,298,285,268,161,251,133,0,,
2,1775670484704,1229,1564,9753,237015,-74525,-57421,0,0,0,405,488,293,432,406,451,531,531,312,253,276,349,0,,
1,1775670484720,-4297,2751,9629,-5982814,-990823,-1224173,0,0,0,228,307,227,260,217,297,298,286,263,162,253,129,0,,
2,1775670484720,1177,1564,9791,244346,-113620,-59864,0,0,0,411,489,294,436,410,454,531,525,317,252,265,360,0,,
1,1775670484736,-4058,2019,11299,-6111095,-1257160,-1560149,0,0,0,227,308,226,263,217,298,300,283,263,166,253,129,0,,
2,1775670484736,1134,1579,9830,273667,-133168,-63529,0,0,0,420,493,300,440,412,457,532,517,323,238,242,370,0,,
1,1775670484752,-4484,1445,12964,-6224716,-1457524,-1715309,0,0,0,226,307,225,260,216,295,301,286,263,167,256,128,0,,
2,1775670484752,1086,1550,9853,327423,-139277,-63529,0,0,0,429,495,320,449,416,469,532,504,324,239,237,379,0,,
1,1775670484768,-5010,789,15022,-6305350,-1700648,-1609019,0,0,0,227,309,231,259,215,297,303,284,265,169,254,130,0,,
2,1775670484768,1019,1488,9882,379958,-128281,-62308,0,0,0,431,496,344,446,418,478,530,493,331,246,236,399,0,,
1,1775670484784,-5149,86,17219,-6340781,-1915673,-1369559,0,0,0,226,308,234,244,235,293,302,284,265,168,251,130,0,,
2,1775670484784,1009,1426,9973,425162,-94073,-56199,0,0,0,443,506,342,446,418,478,528,469,334,246,218,419,0,,
1,1775670484800,-5116,-406,19583,-6290690,-2051285,-1214400,0,0,0,226,307,232,250,228,294,303,284,264,167,249,128,0,,
2,1775670484800,1095,1387,10083,478918,-63529,-51312,0,0,0,455,510,327,448,421,478,535,456,345,243,199,435,0,,
1,1775670484816,-5465,-717,22230,-6177069,-2156354,-1303586,0,0,0,227,310,231,261,214,296,305,284,264,167,247,126,0,,
2,1775670484816,1177,1325,10112,538783,-62308,-57421,0,0,0,472,516,343,452,426,479,540,439,349,258,198,456,0,,
1,1775670484832,-6288,-1378,25958,-6039013,-2291966,-1678657,0,0,0,227,312,232,261,212,295,307,279,264,169,252,127,0,,
2,1775670484832,1206,1215,10145,594982,-65973,-72082,0,0,0,473,514,369,468,438,508,531,409,356,260,187,488,0,,
1,1775670484848,-6891,-4067,30040,-5995031,-2526538,-2271196,0,0,0,227,311,234,260,210,299,307,273,268,172,256,130,0,,
2,1775670484848,1215,1100,10217,648738,-51312,-96516,0,0,0,489,526,356,484,453,509,525,369,360,259,175,502,0,,
1,1775670484864,-6958,-9877,32644,-6003583,-2764776,-2729345,0,0,0,223,313,231,262,215,304,310,276,270,170,240,130,0,,
2,1775670484864,1335,1033,10413,724486,-13439,-135612,0,0,0,489,527,371,486,454,518,511,327,366,262,173,532,0,,
1,1775670484880,-6489,-21560,30394,-5839871,-2662150,-2493551,0,0,0,223,311,229,266,215,300,311,278,271,171,240,125,0,,
2,1775670484880,1617,1000,10744,822224,10995,-184481,0,0,0,498,538,373,489,464,525,499,289,371,266,170,550,0,,
1,1775670484896,-3938,-34515,23536,-5194797,-2466673,-1381777,0,0,0,222,314,231,264,215,303,308,280,271,172,244,126,0,,
2,1775670484896,2014,923,11203,976162,3665,-270002,0,0,0,503,546,358,498,479,534,478,262,373,278,184,552,0,,
1,1775670484912,5178,-43622,15845,-3711617,-2498438,376292,0,0,0,224,315,229,266,215,301,311,284,271,172,253,126,0,,
2,1775670484912,2148,722,12055,1291369,-13439,-430049,0,0,0,508,552,339,506,488,537,456,248,389,281,188,574,0,,
1,1775670484928,16506,-45723,13778,-1585806,-1578475,1392772,0,0,0,215,320,221,261,216,293,321,304,268,194,294,122,0,,
2,1775670484928,1579,655,13060,1729970,-31764,-535117,0,0,0,514,556,325,504,492,541,424,242,399,274,183,587,0,,
1,1775670484944,17779,-42474,16506,652404,503352,1458746,0,0,0,230,287,213,271,192,280,384,374,268,262,346,107,0,,
2,1775670484944,1086,746,13969,2293188,-84299,-533896,0,0,0,519,557,306,492,494,540,388,241,397,270,182,588,0,,
1,1775670484960,6417,-22163,18688,2978578,2971248,1132544,0,0,0,237,266,174,277,176,250,435,432,240,299,400,96,0,,
2,1775670484960,1612,823,15118,2999348,-162490,-522900,0,0,0,518,554,279,486,500,536,346,236,390,282,189,592,0,,
1,1775670484976,-6030,9710,15826,4425107,4021936,945619,0,0,0,247,265,162,280,171,243,455,454,240,320,414,85,0,,
2,1775670484976,2440,894,16616,3783699,-212581,-615752,0,0,0,515,548,259,488,510,537,295,219,381,287,193,591,0,,
1,1775670484992,-7815,14553,14505,5164254,2996904,498466,0,0,0,249,272,165,291,180,257,462,462,250,351,421,88,0,,
2,1775670484992,3685,957,18702,4713436,-290771,-833220,0,0,0,517,540,257,482,512,534,259,188,381,259,177,574,0,,
1,1775670485008,-555,-732,20047,5242445,889419,-166155,0,0,0,250,282,186,298,189,273,472,472,261,373,427,94,0,,
2,1775670485008,5259,1105,21311,5734802,-420275,-1125213,0,0,0,511,529,266,477,502,533,254,162,391,244,158,523,0,,
1,1775670485024,2345,-5183,22895,4003610,-81855,-122173,0,0,0,252,297,213,306,202,299,483,483,287,389,432,108,0,,
2,1775670485024,7465,1000,25699,7112914,-514348,-1604132,0,0,0,484,517,255,459,485,518,248,154,373,214,137,454,0,,
1,1775670485040,-1694,-1024,17248,2113593,-174707,280998,0,0,0,266,317,237,321,220,331,488,489,310,404,441,140,0,,
2,1775670485040,7762,1320,30739,8236906,-85521,-2092824,0,0,0,406,486,223,432,463,487,254,163,344,198,137,374,0,,
1,1775670485056,-4627,1258,10677,1027475,-197920,175929,0,0,0,294,330,254,338,230,346,496,496,309,417,454,172,0,,
2,1775670485056,6408,3120,32711,8982162,447153,-2434908,0,0,0,342,458,209,402,426,446,280,188,320,187,142,339,0,,
1,1775670485072,-3957,277,8265,669508,-101403,-155159,0,0,0,314,332,262,349,231,354,510,509,308,425,467,190,0,,
2,1775670485072,5154,5958,30241,9236282,839328,-2698802,0,0,0,285,430,223,349,382,398,289,249,280,134,116,244,0,,
1,1775670485088,-2785,-215,9667,318871,133168,-147829,0,0,0,323,337,277,344,235,364,517,516,312,430,472,208,0,,
2,1775670485088,5360,7877,23421,9086009,1088561,-2967583,0,0,0,271,422,228,330,363,377,295,262,264,151,179,207,0,,
1,1775670485104,-2541,478,10605,24434,251676,-36651,0,0,0,328,352,275,349,241,365,523,518,312,427,481,233,0,,
2,1775670485104,6680,10035,13141,8589986,824668,-3316998,0,0,0,270,421,234,327,360,383,298,280,275,157,203,204,0,,
1,1775670485120,-2718,1186,10270,2443,189368,12217,0,0,0,330,368,276,351,249,356,528,514,306,427,489,242,0,,
2,1775670485120,4570,13831,9337,6861238,-326202,-3455053,0,0,0,268,423,233,329,361,386,295,281,266,158,205,201,0,,
1,1775670485136,-2747,1407,9911,114842,108734,32986,0,0,0,352,384,261,372,249,350,499,464,329,435,503,246,0,,
2,1775670485136,1459,19861,8432,2827084,-1589471,-2403143,0,0,0,267,426,232,332,363,385,298,282,262,157,198,201,0,,
1,1775670485152,-2617,1225,9964,237015,61086,56199,0,0,0,365,371,272,366,249,370,526,502,308,425,501,267,0,,
2,1775670485152,2297,20291,8528,-3139847,-2463008,-146607,0,0,0,265,428,232,332,364,383,300,284,261,156,194,200,0,,
1,1775670485168,-2555,1086,10088,287106,1221,81855,0,0,0,357,382,282,361,251,372,531,493,314,422,496,288,0,,
2,1775670485168,6231,10863,7982,-6157521,-2282192,1137431,0,0,0,257,429,234,330,364,382,301,286,261,154,193,200,0,,
1,1775670485184,-2603,1091,9992,309097,-57421,102625,0,0,0,348,392,268,366,272,379,534,483,319,416,487,285,0,,
2,1775670485184,8135,3268,5680,-6344446,-1577254,1087340,0,0,0,249,430,237,329,365,384,302,289,263,152,194,199,0,,
1,1775670485200,-2632,1076,9791,323758,-90408,117286,0,0,0,352,400,265,368,278,385,530,474,322,413,474,284,0,,
2,1775670485200,6853,2105,4278,-5459913,-668286,393397,0,0,0,245,430,239,331,369,387,302,292,263,154,198,200,0,,
1,1775670485216,-2632,928,9576,306654,-86742,118507,0,0,0,357,404,282,374,280,399,525,469,329,416,462,292,0,,
2,1775670485216,4455,3460,5585,-5378057,-65973,162490,0,0,0,246,433,239,331,370,386,304,297,265,156,197,202,0,,
1,1775670485232,-2675,808,9423,250454,-57421,112399,0,0,0,360,409,289,384,282,408,519,470,345,422,459,305,0,,
2,1775670485232,2814,4460,7896,-5842315,57421,524122,0,0,0,246,434,238,329,366,383,305,298,263,155,194,198,0,,
1,1775670485248,-2718,813,9365,191811,-4886,106290,0,0,0,359,414,281,381,285,412,517,471,356,418,455,308,0,,
2,1775670485248,3732,3886,8805,-6153856,182037,1127657,0,0,0,245,435,238,332,371,386,308,302,265,156,193,197,0,,
1,1775670485264,-2675,842,9404,163711,42760,107512,0,0,0,355,417,279,369,291,424,520,469,358,409,450,305,0,,
2,1775670485264,4790,2991,9370,-6203947,704938,1458746,0,0,0,244,433,238,330,371,385,306,302,264,155,192,199,0,,
1,1775670485280,-2546,871,9528,162490,48869,108734,0,0,0,361,422,280,371,289,426,523,462,360,405,452,313,0,,
2,1775670485280,4206,2416,10792,-6168517,1324355,1547932,0,0,0,244,435,239,332,372,386,305,301,263,154,192,196,0,,
1,1775670485296,-2493,894,9619,183259,28099,102625,0,0,0,363,421,276,382,296,408,522,447,349,401,436,314,0,,
2,1775670485296,2703,2167,12926,-6200282,1517389,1543045,0,0,0,245,438,240,333,371,387,307,301,266,154,191,198,0,,
1,1775670485312,-2502,904,9652,222354,8552,94073,0,0,0,363,427,286,383,303,414,514,435,356,395,423,336,0,,
2,1775670485312,2498,1727,14323,-6254038,1466076,1448972,0,0,0,243,437,238,333,371,387,308,301,266,155,192,198,0,,
1,1775670485328,-2512,847,9629,261450,-3665,86742,0,0,0,377,412,274,379,299,422,511,413,365,376,392,346,0,,
2,1775670485328,2857,1158,15845,-6240599,1514945,1137431,0,0,0,245,437,242,332,370,387,310,303,267,155,190,195,0,,
1,1775670485344,-2507,765,9624,287106,-17104,81855,0,0,0,376,420,281,376,287,438,513,392,377,375,386,346,0,,
2,1775670485344,2924,1167,17578,-6188064,1583362,786794,0,0,0,244,436,242,332,370,387,312,304,267,154,187,196,0,,
1,1775670485360,-2498,689,9643,302989,-34208,81855,0,0,0,371,431,292,390,287,451,509,383,377,367,371,373,0,,
2,1775670485360,3101,1646,19727,-6148969,1638340,521678,0,0,0,246,436,241,333,372,386,314,304,267,151,183,196,0,,
1,1775670485376,-2498,646,9672,331088,-63529,87964,0,0,0,370,438,292,400,288,453,509,371,379,356,350,383,0,,
2,1775670485376,3474,1914,23172,-6177069,1722639,487470,0,0,0,248,438,243,335,373,386,317,308,270,142,166,195,0,,
1,1775670485392,-2493,612,9696,379958,-112399,103847,0,0,0,370,441,289,400,291,439,516,354,375,358,332,392,0,,
2,1775670485392,3795,1162,27087,-6296798,1753183,690277,0,0,0,248,438,242,338,375,387,320,309,271,137,155,194,0,,
1,1775670485408,-2459,559,9791,447153,-200363,128281,0,0,0,366,438,286,409,306,437,511,332,375,352,314,410,0,,
2,1775670485408,4570,-3172,30016,-6464175,1858252,1159422,0,0,0,249,437,238,340,376,389,324,306,272,136,150,195,0,,
1,1775670485424,-2589,574,9949,516791,-270002,150272,0,0,0,362,442,280,413,336,450,503,309,382,343,293,420,0,,
2,1775670485424,4785,-12021,30997,-6360328,2229658,1473406,0,0,0,252,437,238,341,374,392,329,306,277,133,142,200,0,,
1,1775670485440,-2914,545,9954,597426,-246789,179594,0,0,0,375,455,281,408,354,463,498,292,388,332,275,431,0,,
2,1775670485440,3163,-23172,28949,-5656612,2343279,1291369,0,0,0,256,439,242,343,374,397,333,308,283,131,139,204,0,,
1,1775670485456,-3125,392,9916,674395,-169820,228463,0,0,0,402,470,308,410,354,477,488,276,385,316,260,446,0,,
2,1775670485456,0,-33074,22230,-4102570,1951103,594982,0,0,0,255,438,240,348,377,399,336,308,286,130,135,202,0,,
1,1775670485472,-3187,272,10131,744033,-113620,289550,0,0,0,414,489,328,418,375,495,470,262,389,307,249,460,0,,
2,1775670485472,-4259,-38272,16008,-2367713,1606575,-312763,0,0,0,256,438,240,343,373,395,335,306,285,127,131,204,0,,
1,1775670485488,-3115,191,10624,863763,-112399,360410,0,0,0,428,505,300,429,406,503,459,258,423,301,243,492,0,,
2,1775670485488,-9279,-39344,13945,-675616,943175,-1242499,0,0,0,256,437,244,342,373,397,335,314,281,126,133,203,0,,
1,1775670485504,-2804,86,11203,1061683,-151494,408057,0,0,0,444,491,304,446,383,529,442,239,437,282,215,526,0,,
2,1775670485504,-10524,-36793,15204,681725,-25656,-1606575,0,0,0,243,424,234,338,373,394,351,395,280,135,176,197,0,,
1,1775670485520,-2512,0,11734,1370781,-201585,410501,0,0,0,439,518,268,457,403,532,418,241,441,275,224,546,0,,
2,1775670485520,-7130,-21043,20028,2276083,-1436755,-1341460,0,0,0,243,401,206,345,363,376,408,455,266,157,213,186,0,,
1,1775670485536,-2770,-100,12194,1736079,-201585,400727,0,0,0,433,517,262,458,400,520,385,218,436,278,201,557,0,,
2,1775670485536,2866,14486,17760,3341432,-3502701,-386066,0,0,0,247,368,203,333,343,369,434,481,264,224,310,177,0,,
1,1775670485552,-3029,-263,12902,2133141,-195476,434936,0,0,0,445,526,239,457,417,522,341,214,441,275,201,541,0,,
2,1775670485552,6700,21885,10543,3720169,-4324925,348193,0,0,0,255,367,188,340,336,369,464,491,261,224,319,170,0,,
1,1775670485568,-3508,-339,13936,2685363,-158824,503352,0,0,0,456,513,223,450,428,537,271,211,439,239,195,541,0,,
2,1775670485568,1943,5805,9504,4627915,-3417180,750142,0,0,0,259,374,198,348,336,384,488,495,275,206,307,179,0,,
1,1775670485584,-4627,-287,14859,3307224,-47647,642630,0,0,0,461,484,203,451,437,538,230,203,423,231,179,550,0,,
2,1775670485584,-4603,-4383,18535,4891808,-1431868,597426,0,0,0,261,379,212,358,341,394,503,504,288,201,303,187,0,,
1,1775670485600,-6082,-153,16439,4048814,89186,973719,0,0,0,446,474,210,441,425,513,207,188,410,211,165,536,0,,
2,1775670485600,-4082,-1454,21244,3969402,-779464,36651,0,0,0,266,398,240,371,350,404,513,521,293,215,313,198,0,,
1,1775670485616,-7580,-23,18817,4847826,279776,1397659,0,0,0,434,457,213,412,384,478,193,168,403,191,144,464,0,,
2,1775670485616,349,1952,16812,2511877,-631634,-274889,0,0,0,272,422,262,381,365,416,528,535,305,227,316,222,0,,
1,1775670485632,-9432,-894,21698,5684711,515570,1883908,0,0,0,432,429,213,388,351,459,178,162,383,164,126,382,0,,
2,1775670485632,2024,1067,12825,1445307,-323758,-36651,0,0,0,285,441,267,393,382,425,542,543,316,227,307,248,0,,
1,1775670485648,-11007,-2306,23795,6470284,411723,2436130,0,0,0,390,408,212,376,335,426,175,178,345,156,133,327,0,,
2,1775670485648,1182,-339,10849,708603,-80634,230907,0,0,0,309,455,276,405,391,433,547,548,314,230,300,266,0,,
1,1775670485664,-10763,-2613,25939,7314500,116064,3137403,0,0,0,323,389,205,351,319,376,196,207,306,157,160,276,0,,
2,1775670485664,531,382,10519,346971,-111177,142942,0,0,0,328,461,286,412,395,440,549,550,312,234,298,280,0,,
1,1775670485680,-8088,1000,26628,7627263,332310,3439171,0,0,0,277,348,198,302,278,328,231,232,280,146,185,201,0,,
2,1775670485680,760,1177,10399,182037,-166155,20769,0,0,0,337,461,288,417,395,445,556,557,315,237,298,288,0,,
1,1775670485696,-7513,5699,23000,7692015,1036027,3463605,0,0,0,236,295,202,261,212,285,273,255,267,149,215,130,0,,
2,1775670485696,856,1325,10260,101403,-144164,1221,0,0,0,346,466,293,412,395,441,552,552,315,237,297,288,0,,
1,1775670485712,-9619,8423,13898,7237531,1522276,3347541,0,0,0,240,293,215,257,199,282,298,274,268,155,240,126,0,,
2,1775670485712,837,1402,10227,47647,-85521,3665,0,0,0,360,471,304,410,398,442,557,558,318,240,300,294,0,,
1,1775670485728,-10346,10949,8513,6051231,1116661,3188716,0,0,0,230,299,221,259,201,291,298,272,272,157,235,128,0,,
2,1775670485728,885,1507,10217,48869,-53756,-4886,0,0,0,360,474,304,410,398,439,560,560,320,241,300,296,0,,
1,1775670485744,-7365,16209,8021,2927266,123394,2295631,0,0,0,226,299,228,257,201,305,296,267,275,156,230,140,0,,
2,1775670485744,861,1545,10141,73303,-64751,-24434,0,0,0,361,473,305,414,398,442,556,556,321,239,296,294,0,,
1,1775670485760,-2718,17161,9557,-1494176,376292,103847,0,0,0,227,299,221,257,196,306,299,268,283,158,228,147,0,,
2,1775670485760,784,1564,10122,90408,-50090,-39095,0,0,0,359,473,300,414,399,442,554,553,324,241,295,297,0,,
1,1775670485776,-3378,11835,7882,-3792251,1290147,-1508837,0,0,0,234,299,220,269,197,294,321,263,270,195,223,137,0,,
2,1775670485776,789,1569,10093,112399,-9773,-43982,0,0,0,363,477,303,414,394,442,554,554,321,238,290,296,0,,
1,1775670485792,-7212,5541,4120,-3914424,1310916,-1745852,0,0,0,229,300,222,265,201,295,306,265,267,173,233,131,0,,
2,1775670485792,880,1531,9968,138055,0,-42760,0,0,0,365,482,305,414,393,441,552,553,318,238,286,298,0,,
1,1775670485808,-6432,4565,3450,-3597996,155159,-1042136,0,0,0,230,300,225,262,200,299,303,269,270,167,237,131,0,,
2,1775670485808,942,1488,9830,156381,-28099,-39095,0,0,0,369,486,308,414,394,442,553,555,323,239,283,301,0,,
1,1775670485824,-3244,5470,4986,-3927863,-361632,-735481,0,0,0,231,300,224,262,199,299,307,269,271,169,244,132,0,,
2,1775670485824,947,1488,9815,174707,-63529,-36651,0,0,0,374,485,312,417,397,447,553,554,324,237,277,303,0,,
1,1775670485840,-1670,5838,6920,-4752531,59864,-1034805,0,0,0,228,301,225,263,200,300,307,270,271,169,244,133,0,,
2,1775670485840,952,1493,9863,201585,-95294,-37873,0,0,0,381,485,318,418,400,453,551,550,323,237,271,311,0,,
1,1775670485856,-2536,4996,7901,-5347514,329867,-1351233,0,0,0,225,301,226,264,202,300,304,271,270,168,239,132,0,,
2,1775670485856,928,1440,9901,234572,-122173,-46425,0,0,0,391,488,323,417,400,452,552,549,325,240,267,320,0,,
1,1775670485872,-3493,3876,8762,-5626068,-48869,-1425759,0,0,0,225,303,222,263,202,298,295,263,269,168,240,129,0,,
2,1775670485872,851,1368,9892,254119,-136833,-54977,0,0,0,401,492,323,419,400,448,557,545,325,242,260,326,0,,
1,1775670485888,-3192,3220,10155,-5843536,-535117,-1414763,0,0,0,225,306,223,262,203,300,285,255,275,168,240,133,0,,
2,1775670485888,780,1335,9892,266337,-128281,-58643,0,0,0,411,496,326,428,408,460,555,534,330,244,258,338,0,,
1,1775670485904,-2742,2550,12017,-6118426,-752585,-1436755,0,0,0,223,303,226,263,204,306,308,275,273,169,239,137,0,,
2,1775670485904,794,1368,9911,296880,-105068,-58643,0,0,0,423,502,329,430,410,465,550,520,330,256,255,349,0,,
1,1775670485920,-3455,1497,13673,-6268699,-822224,-1375668,0,0,0,229,303,221,264,202,297,313,275,266,170,241,131,0,,
2,1775670485920,832,1378,9973,348193,-92851,-56199,0,0,0,431,506,335,432,409,474,557,511,338,246,236,364,0,,
1,1775670485936,-4211,502,15348,-6276029,-984714,-1200961,0,0,0,229,305,220,267,202,297,313,275,267,170,239,125,0,,
2,1775670485936,871,1287,10054,406836,-94073,-52534,0,0,0,440,512,341,437,419,483,561,499,345,251,227,382,0,,
1,1775670485952,-4680,-363,17176,-6185621,-1182635,-967610,0,0,0,227,303,221,264,200,295,299,264,270,169,241,126,0,,
2,1775670485952,866,1172,10078,443488,-94073,-47647,0,0,0,441,513,336,443,422,499,554,483,352,248,216,404,0,,
1,1775670485968,-5245,-1292,18990,-6026796,-1293812,-852767,0,0,0,227,304,221,263,201,295,314,275,271,164,236,126,0,,
2,1775670485968,837,1100,10083,474031,-86742,-46425,0,0,0,450,514,336,443,422,496,553,466,355,245,199,431,0,,
1,1775670485984,-6374,-2077,20593,-5749463,-1381777,-928515,0,0,0,231,304,224,263,204,298,315,278,272,216,233,145,0,,
2,1775670485984,827,1067,10141,509461,-64751,-50090,0,0,0,461,523,341,446,433,501,546,445,359,248,193,456,0,,
1,1775670486000,-7609,-2632,22751,-5346292,-1617571,-1186300,0,0,0,232,304,226,263,202,297,316,274,273,190,234,133,0,,
2,1775670486000,866,985,10222,548556,-35430,-61086,0,0,0,470,527,343,458,449,510,541,426,363,252,189,475,0,,
1,1775670486016,-8159,-3718,25374,-5049412,-1920560,-1556484,0,0,0,229,305,225,264,202,298,316,273,273,169,236,125,0,,
2,1775670486016,938,918,10265,585208,-28099,-74525,0,0,0,475,529,341,462,453,511,535,401,367,258,184,488,0,,
1,1775670486032,-8135,-7384,26886,-5044525,-2196671,-1924225,0,0,0,226,305,223,265,203,299,315,273,273,170,236,125,0,,
2,1775670486032,1024,847,10313,636521,-45204,-90408,0,0,0,481,534,345,466,455,511,526,366,365,263,178,501,0,,
1,1775670486048,-7925,-14477,26087,-5062851,-2448347,-1952325,0,0,0,227,306,224,266,203,298,315,271,272,179,232,129,0,,
2,1775670486048,1100,713,10390,697608,-51312,-114842,0,0,0,487,538,346,471,459,515,510,331,368,264,175,518,0,,
1,1775670486064,-5527,-23881,22100,-4764748,-2669481,-1329242,0,0,0,227,310,223,269,204,300,315,271,273,185,229,132,0,,
2,1775670486064,1153,588,10547,764803,-23212,-153938,0,0,0,492,544,343,475,464,522,490,302,379,263,173,531,0,,
1,1775670486080,1775,-31423,17166,-3852116,-2797762,-482583,0,0,0,225,310,224,266,206,304,318,275,275,173,234,131,0,,
2,1775670486080,1206,545,10878,897971,21991,-208915,0,0,0,496,550,347,482,471,530,467,274,386,268,176,541,0,,
1,1775670486096,8911,-36697,13802,-2530203,-2296853,94073,0,0,0,226,309,224,266,204,300,321,280,276,176,247,129,0,,
2,1775670486096,1105,473,11294,1103222,56199,-259006,0,0,0,499,548,336,484,482,536,439,251,393,289,196,556,0,,
1,1775670486112,11395,-38899,13070,-785572,-899193,469144,0,0,0,222,294,206,267,198,282,340,311,265,202,304,115,0,,
2,1775670486112,1014,301,11940,1437976,105068,-285884,0,0,0,500,550,309,495,496,540,406,236,393,304,209,567,0,,
1,1775670486128,9629,-33376,15812,1359786,1153313,729373,0,0,0,230,275,198,269,181,266,391,387,257,240,355,96,0,,
2,1775670486128,1378,148,12849,1820378,134390,-321315,0,0,0,506,552,296,497,513,547,377,242,394,257,173,574,0,,
1,1775670486144,2062,-10973,16233,3461162,3448945,670730,0,0,0,251,259,168,287,169,242,436,420,231,296,406,82,0,,
2,1775670486144,2072,196,14290,2327396,75747,-411723,0,0,0,513,548,297,486,507,551,344,237,389,257,173,587,0,,
1,1775670486160,-4364,10265,14051,4487416,3926641,244346,0,0,0,253,269,158,292,169,241,460,459,239,334,413,79,0,,
2,1775670486160,2708,478,15860,2963918,-151494,-566882,0,0,0,513,545,270,466,503,533,296,223,388,255,184,575,0,,
1,1775670486176,-2536,8494,15534,4790405,2408030,-180816,0,0,0,260,265,170,303,171,256,471,471,249,377,427,83,0,,
2,1775670486176,3383,679,17343,3668856,-425162,-753807,0,0,0,513,543,260,471,509,536,265,199,379,247,176,559,0,,
1,1775670486192,2569,-1722,20669,4514294,561996,-141720,0,0,0,258,280,198,310,185,281,481,481,264,395,433,98,0,,
2,1775670486192,4230,818,19497,4587597,-665843,-1004262,0,0,0,510,538,263,462,501,516,267,178,378,230,156,513,0,,
1,1775670486208,1115,-3225,21244,2979800,-179594,465479,0,0,0,262,289,227,321,194,319,489,490,281,396,438,115,0,,
2,1775670486208,5331,703,22349,5731137,-839328,-1307251,0,0,0,484,525,252,451,500,501,253,166,376,217,146,444,0,,
1,1775670486224,-3527,-933,16429,1470963,-320093,557109,0,0,0,268,297,241,322,205,326,502,499,299,393,444,126,0,,
2,1775670486224,6489,76,25316,6798930,-780685,-1618792,0,0,0,432,508,234,440,485,492,254,166,360,209,144,396,0,,
1,1775670486240,-4584,1014,10734,833220,-317649,54977,0,0,0,288,306,249,334,215,333,504,498,300,407,447,144,0,,
2,1775670486240,6532,574,27126,7601607,-260228,-2015855,0,0,0,373,483,220,418,452,469,267,184,332,192,139,358,0,,
1,1775670486256,-3168,1263,8432,730594,-223576,-206472,0,0,0,310,311,254,348,216,339,509,494,303,424,457,161,0,,
2,1775670486256,4819,2234,27623,7987673,139277,-2390926,0,0,0,326,454,220,384,419,434,280,224,294,159,126,297,0,,
1,1775670486272,-2426,569,9150,612086,-70860,-140499,0,0,0,325,315,268,352,210,338,523,493,325,432,470,175,0,,
2,1775670486272,5570,3388,25092,7955908,18325,-2596177,0,0,0,286,431,227,348,387,399,291,267,267,135,133,229,0,,
1,1775670486288,-2885,622,9882,365297,59864,-35430,0,0,0,339,322,285,358,211,345,530,489,327,431,476,189,0,,
2,1775670486288,9648,5991,14587,7552737,228463,-2899166,0,0,0,260,423,230,329,367,380,296,290,264,139,169,196,0,,
1,1775670486304,-3038,1119,9839,260228,178372,6108,0,0,0,343,334,270,373,221,347,533,491,304,421,480,197,0,,
2,1775670486304,8490,10466,7619,6664539,799011,-3197268,0,0,0,261,430,232,333,371,388,298,292,266,146,184,199,0,,
1,1775670486320,-2502,1153,9858,302989,178372,18325,0,0,0,341,354,290,377,240,365,528,486,323,440,477,221,0,,
2,1775670486320,1665,16793,7753,3859446,216246,-2092824,0,0,0,262,435,230,333,372,383,302,293,263,140,167,199,0,,
1,1775670486336,-2239,1014,10054,323758,74525,40317,0,0,0,339,374,292,370,249,374,544,473,330,430,469,252,0,,
2,1775670486336,86,18702,8987,-298102,-1150870,373849,0,0,0,259,436,226,337,375,383,307,296,262,132,147,200,0,,
1,1775670486352,-2368,1028,10212,338419,-72082,69638,0,0,0,338,360,304,383,253,390,547,471,330,420,444,263,0,,
2,1775670486352,5345,12098,7690,-3467271,-1795943,2552194,0,0,0,254,436,226,339,377,386,307,299,261,131,148,199,0,,
1,1775670486368,-2598,1119,10078,404392,-152716,98960,0,0,0,338,367,309,380,261,403,543,467,341,410,427,284,0,,
2,1775670486368,7729,5379,4804,-3608991,-1015258,2411695,0,0,0,253,438,231,338,377,387,310,306,266,125,141,197,0,,
1,1775670486384,-2727,1038,9763,472809,-167377,120951,0,0,0,347,379,299,386,289,398,545,450,336,410,408,297,0,,
2,1775670486384,6245,3570,3689,-3259576,-261450,1486845,0,0,0,252,440,232,335,375,386,311,306,267,129,148,198,0,,
1,1775670486400,-2742,827,9538,483805,-122173,130725,0,0,0,338,384,275,394,291,402,547,442,345,408,398,312,0,,
2,1775670486400,3594,5178,4685,-3501479,-9773,729373,0,0,0,252,442,233,332,390,385,312,307,266,131,146,199,0,,
1,1775670486416,-2703,660,10308,370184,-4886,129503,0,0,0,342,389,293,401,289,407,542,438,357,396,394,332,0,,
2,1775670486416,2488,5963,6235,-4290717,-97738,428827,0,0,0,251,440,232,337,382,387,311,309,266,127,142,194,0,,
1,1775670486432,-2684,665,10653,294437,67195,123394,0,0,0,350,390,311,402,289,416,540,421,361,392,387,341,0,,
2,1775670486432,2703,5403,7221,-4817283,-100181,289550,0,0,0,251,442,234,337,378,386,308,309,262,127,144,195,0,,
1,1775670486448,-2646,698,9791,332310,50090,114842,0,0,0,359,392,300,405,289,420,539,405,358,387,373,353,0,,
2,1775670486448,3144,4795,8193,-5081177,201585,191811,0,0,0,250,442,231,334,376,382,308,308,259,130,143,197,0,,
1,1775670486464,-2589,679,9394,365297,39095,112399,0,0,0,367,404,288,411,293,420,539,389,364,383,363,368,0,,
2,1775670486464,3062,4723,9542,-5349957,625526,183259,0,0,0,250,440,232,335,378,383,313,311,263,127,138,197,0,,
1,1775670486480,-2517,650,9629,361632,43982,112399,0,0,0,367,414,294,415,294,423,545,364,372,386,357,369,0,,
2,1775670486480,2445,4685,11375,-5712811,994488,357967,0,0,0,251,440,235,338,380,388,317,316,267,124,132,194,0,,
1,1775670486496,-2469,612,9796,364075,32986,111177,0,0,0,365,411,296,419,291,428,548,345,365,378,345,373,0,,
2,1775670486496,2029,4053,13103,-5995031,1182635,652404,0,0,0,252,440,235,338,379,387,319,317,267,123,130,194,0,,
1,1775670486512,-2483,540,9767,375071,7330,107512,0,0,0,365,415,297,413,291,438,540,344,365,368,337,384,0,,
2,1775670486512,2426,3091,14338,-6018244,1251052,905302,0,0,0,251,440,234,338,378,386,321,317,268,123,131,196,0,,
1,1775670486528,-2507,425,9662,378736,-6108,106290,0,0,0,362,423,293,419,304,432,541,337,358,357,325,388,0,,
2,1775670486528,3086,2550,15989,-5924171,1424537,1016479,0,0,0,251,440,233,340,379,388,321,316,267,124,133,194,0,,
1,1775670486544,-2502,325,9629,377514,-12217,108734,0,0,0,372,427,310,424,297,446,531,319,357,359,316,409,0,,
2,1775670486544,3402,2507,18186,-5926614,1599245,1054353,0,0,0,253,438,232,344,379,393,323,313,264,120,124,190,0,,
1,1775670486560,-2483,268,9652,378736,-15882,111177,0,0,0,376,435,320,410,310,458,505,306,374,346,311,409,0,,
2,1775670486560,3790,2713,20713,-6096435,1699427,1070235,0,0,0,256,437,230,344,374,389,336,307,261,120,117,189,0,,
1,1775670486576,-2450,224,9686,382401,-20769,116064,0,0,0,377,442,323,405,321,459,515,304,378,337,303,414,0,,
2,1775670486576,4479,2340,23383,-6285803,1843591,1078788,0,0,0,261,440,235,349,375,388,340,305,262,125,118,195,0,,
1,1775670486592,-2455,172,9734,386066,-23212,123394,0,0,0,382,459,327,407,376,459,519,300,381,340,307,431,0,,
2,1775670486592,4355,842,25958,-6345668,2057394,1158200,0,0,0,257,441,238,343,375,389,331,310,269,120,119,195,0,,
1,1775670486608,-2546,129,9825,403171,-21991,139277,0,0,0,392,462,302,415,390,465,508,286,375,331,291,445,0,,
2,1775670486608,2632,-3211,28561,-6201503,2273640,1422094,0,0,0,254,438,234,344,375,390,336,312,277,118,117,196,0,,
1,1775670486624,-2723,95,9959,466701,-10995,178372,0,0,0,404,454,286,414,392,465,504,280,384,323,275,456,0,,
2,1775670486624,392,-10370,29973,-5859419,2296853,1725083,0,0,0,256,440,235,343,375,390,336,309,274,120,118,196,0,,
1,1775670486640,-2780,47,10002,560774,4886,239459,0,0,0,407,451,281,426,384,462,505,276,395,317,268,462,0,,
2,1775670486640,-349,-19966,28312,-5375614,1908343,1731192,0,0,0,257,440,236,347,379,393,316,308,284,117,118,195,0,,
1,1775670486656,-2713,-14,10093,671951,14660,306654,0,0,0,403,453,286,436,383,475,499,266,407,353,260,471,0,,
2,1775670486656,445,-31117,21272,-4219857,1220508,1059240,0,0,0,261,442,238,351,382,398,331,309,284,121,119,199,0,,
1,1775670486672,-2613,-71,10308,786794,14660,342084,0,0,0,404,458,301,430,399,496,483,256,418,365,241,493,0,,
2,1775670486672,-1354,-38774,14170,-2447126,1055575,-124616,0,0,0,253,432,228,348,379,392,348,344,279,128,138,201,0,,
1,1775670486688,-2502,-143,10605,937067,9773,362853,0,0,0,406,469,299,432,406,501,464,250,418,278,226,521,0,,
2,1775670486688,-8423,-40354,13591,-638965,1094670,-1147204,0,0,0,245,416,220,344,372,384,367,398,273,136,166,194,0,,
1,1775670486704,-2435,-244,10911,1126435,-1221,367740,0,0,0,405,474,266,443,417,503,443,242,422,287,227,523,0,,
2,1775670486704,-13266,-35065,19837,1550375,-1034805,-990823,0,0,0,244,396,210,339,359,373,395,447,267,169,230,182,0,,
1,1775670486720,-2378,-435,11471,1368338,-58643,378736,0,0,0,442,464,243,458,419,512,433,233,428,279,213,535,0,,
2,1775670486720,-4154,-14946,18420,3667634,-3926641,-379958,0,0,0,249,380,194,337,347,363,430,473,259,187,269,173,0,,
1,1775670486736,-2359,-540,12356,1684766,-131946,387288,0,0,0,443,466,231,473,406,530,391,222,424,295,211,549,0,,
2,1775670486736,7245,10193,13907,4502076,-4916243,218689,0,0,0,259,379,184,345,344,365,465,481,258,177,262,173,0,,
1,1775670486752,-2751,-445,13510,2194227,-194255,427605,0,0,0,427,465,228,485,409,523,347,216,440,269,197,534,0,,
2,1775670486752,5197,9887,13108,4422664,-3156951,1011592,0,0,0,265,388,193,356,348,376,490,494,268,193,290,177,0,,
1,1775670486768,-3306,-287,14754,2827084,-268780,537561,0,0,0,411,478,208,483,423,520,289,206,446,249,186,538,0,,
2,1775670486768,-3953,-186,18123,4541172,-1237612,1417207,0,0,0,274,402,225,365,352,389,505,505,281,207,313,182,0,,
1,1775670486784,-3967,-153,16195,3574783,-305432,729373,0,0,0,436,459,213,462,411,509,221,195,423,220,174,536,0,,
2,1775670486784,-6575,-2010,21914,3731164,-586430,518013,0,0,0,285,423,269,379,362,403,520,521,284,248,338,189,0,,
1,1775670486800,-5192,-124,18238,4429994,-189368,966388,0,0,0,442,442,231,443,402,496,196,163,415,193,134,486,0,,
2,1775670486800,-1785,301,18841,2346944,-411723,-298102,0,0,0,293,445,286,386,376,412,531,537,285,276,353,213,0,,
1,1775670486816,-7217,-593,20885,5343849,-15882,1275486,0,0,0,426,416,228,413,376,483,176,143,389,160,106,423,0,,
2,1775670486816,1627,1488,12663,1194852,-46425,-218689,0,0,0,317,457,295,404,399,429,532,532,300,225,291,249,0,,
1,1775670486832,-9408,-1158,23058,6089104,135612,1674992,0,0,0,397,397,214,385,352,460,173,152,364,153,113,358,0,,
2,1775670486832,1541,971,9676,647517,206472,17104,0,0,0,341,466,299,409,396,433,546,544,298,282,337,274,0,,
1,1775670486848,-9672,-1249,24297,6652322,360410,2185675,0,0,0,348,393,224,349,333,426,181,171,350,145,130,313,0,,
2,1775670486848,966,425,9696,350636,156381,64751,0,0,0,361,473,311,410,396,431,538,539,301,242,289,288,0,,
1,1775670486864,-8255,-938,25628,7077484,774577,2574186,0,0,0,282,372,218,303,308,369,204,208,313,138,167,251,0,,
2,1775670486864,1110,942,10270,122173,-58643,0,0,0,0,381,477,332,416,399,438,556,551,305,242,278,305,0,,
