foot,step_id,surface,contact_time_sec,stance_duration,time_to_peak_frac,impact_mag,impact_mag_norm,accel_mag_strike,loading_rate,loading_rate_norm,heel_pmax_ratio,fore_pmax_ratio,heel_mean_ratio,fore_mean_ratio,heel_fore_ratio,total_pmax,total_p_mean,midstance_diff,heel_impulse,heel_impulse_norm,rise_slope,fall_slope,slope_asym,heel_skew,heel_kurt,gyro_mag_strike,gyro_x_strike,gyro_y_strike,gyro_z_strike,gyro_x_std,gyro_y_std,gyro_z_std,pressure_01_mean_ratio,pressure_02_mean_ratio,pressure_03_mean_ratio,pressure_04_mean_ratio,pressure_05_mean_ratio,pressure_06_mean_ratio,pressure_07_mean_ratio,pressure_08_mean_ratio,pressure_09_mean_ratio,pressure_10_mean_ratio,pressure_11_mean_ratio,pressure_12_mean_ratio,accel_spec_centroid,accel_hf_frac,accel_spec_entropy,accel_zcr,accel_jerk_ratio,gyro_hf_frac,heel_ripple_frac,impact_mag_roll3_std,loading_rate_roll3_std,stance_duration_roll3_std,source_user,source_recording
right,0,loose,1.264,1.1039999999999999,0.014492753623188406,18406.0,1.219687075027202,30065.35140323492,1421.875,0.33853060206847846,0.2293217535153019,0.5165425971877585,0.16318694062682929,0.43572109667514664,0.3745215503035359,4836.0,3880.3,-21.5,617.85,0.15922737932634073,4.0,-0.9264705882352942,3.0735294117647056,0.5238789674447857,-0.912421515954839,9027367.697961017,8142833.0,1500285.0,3596774.0,4057345.1556615047,1254922.7577593625,1392197.0688424262,0.07949679884839538,0.09185593161058976,0.06718552689225059,0.09043115223049764,0.06309895037570733,0.10119247039072825,0.11089348761693683,0.0854793996045961,0.08914259206762362,0.07329330206427337,0.07770754102223318,0.07022284727616789,4.394840602248812,0.16800424848411144,0.518601770181698,0.08695652173913043,0.478090468353096,0.1772538059196172,0.0007050437850349308,0.0,0.0,0.0,Kristian,REC_20260311_143351.csv
right,1,loose,2.384,1.1520000000000001,1.0,18980.0,1.275727720562693,31761.380228195372,1471.4285714285716,0.3503286858454333,0.21706373447363062,0.5153736509875789,0.15985658651171417,0.43643581765606865,0.3662774228067519,4911.0,3988.849315068493,-9.199999999999989,623.1301369863014,0.15621801872342764,0.18055555555555555,0.0,0.18055555555555555,0.3074815300248756,-1.0092935000993704,8963633.878033284,8008443.0,1522276.0,3727499.0,4072643.6353119225,1110911.2290001276,1273429.9116548714,0.0787709573949297,0.0907804633464521,0.06248926802799585,0.09175578496218911,0.06526069247834718,0.1003447967965493,0.11158503499481431,0.08494227057619529,0.08829408007253096,0.07500017171155207,0.07491431593551888,0.07586216370292527,4.466495734578477,0.22092379621247532,0.5466143179783265,0.08333333333333333,0.47590138319940006,0.24641615643607714,0.000661775290873409,405.87929240107826,35.0396663891549,0.03394112549695439,Kristian,REC_20260311_143351.csv
right,2,loose,3.552,1.1199999999999997,0.014285714285714285,17410.0,1.122445815526594,30154.231096149673,1072.544642857143,0.25535942589309873,0.21883262151718527,0.5102704901362619,0.16142579923228373,0.4348963866343716,0.37118220383814127,4917.0,3977.4084507042253,-28.5,627.1056338028169,0.15766689329877193,1.0,-0.4057971014492754,0.5942028985507246,0.4602292798003466,-1.061685636038591,8986746.395808997,8078081.0,1782504.0,3511253.0,4007630.956554713,1220902.060302142,1306577.164500014,0.08078372214903895,0.09334763948497854,0.06608096431960792,0.08928596722333178,0.06527004631793651,0.09957648125327555,0.10725010269267271,0.08451961075935921,0.08741625235484922,0.07569512316038471,0.07690618847292455,0.0738679018116404,4.072818458973107,0.1652177555337109,0.5039410171777864,0.05714285714285714,0.4686402727424342,0.21459122240007011,0.0006243710430207875,794.3962067717422,217.4073148629316,0.02444040370643127,Kristian,REC_20260311_143351.csv
right,3,loose,4.688,1.12,1.0,18970.0,1.274751402696221,29725.554813998006,1537.5,0.36605946421470636,0.21989949748743717,0.5218090452261307,0.16585685487480442,0.43335254920636057,0.3827296162869157,4975.0,3933.56338028169,-18.69999999999999,637.1971830985915,0.1619898096196331,0.4,0.0,0.4,0.415478669937636,-0.9835586716030322,9106571.1244128,8307767.0,1320690.0,3488040.0,4108064.010586976,1147464.7288684263,1275261.6521427135,0.07960384269719245,0.09309911451824851,0.06825334875377305,0.08838346766541465,0.06493771550720953,0.0984700107059864,0.10972740911548501,0.08681516597859518,0.08846224080950148,0.07424726889928854,0.07904168889620923,0.06895872645309596,4.104372345417707,0.14869559495334386,0.4938660301484706,0.05714285714285714,0.5081447107283191,0.19917043959860728,0.00041492332434154113,903.5670054474837,251.54764501709798,0.018475208614068067,Kristian,REC_20260311_143351.csv
right,4,loose,5.824,1.12,0.0,19880.0,1.36359632854517,31005.25600603872,1364.5833333333333,0.32489017487890604,0.22621520565018696,0.5097631906938097,0.16831010471750002,0.4309162871121624,0.39058654720468067,4814.0,3917.9859154929577,8.600000000000023,644.3521126760563,0.16446003803333847,0.0,-0.5142857142857142,-0.5142857142857142,0.2385635069808162,-1.205061589211428,9371573.701622317,8361523.0,1951103.0,3755599.0,4174813.6078633894,1247024.951766891,1375026.1717562086,0.07860462942658812,0.0899139756342185,0.06428640757503316,0.09073359767342375,0.06358900987500764,0.09964159509952297,0.11365785093663387,0.08827832638931328,0.08703810882998954,0.07537287410533582,0.08003177832818673,0.06885184612674664,3.7861735239297447,0.14281908621533662,0.4842349578340966,0.05714285714285714,0.4612515608960889,0.19187559707027618,0.00043579365986801924,1249.1730598012964,235.0071823306687,0.0,Kristian,REC_20260311_143351.csv
right,5,loose,6.96,1.104,1.0,20636.0,1.437405959250451,30886.83203243738,1136.71875,0.2706384758294704,0.22327692942633098,0.5229054890631448,0.16335268056711505,0.43625407509440406,0.37444390755930645,4846.0,3930.6714285714284,3.0,626.7785714285715,0.15945839860147487,0.30434782608695654,0.0,0.30434782608695654,0.2686200728585687,-1.1885686240987303,9240737.731545355,8153829.0,2258979.0,3715282.0,4246982.4290201925,1303404.0237666254,1365785.4511134685,0.08066233685993307,0.09101680192769684,0.06125089497614003,0.09263411921627349,0.06262834048708509,0.10020098347428828,0.11182022700592774,0.08665549687984968,0.0897738299890604,0.07399317455760013,0.07669718368726536,0.07266661093887995,3.9966911851397153,0.1419278363810067,0.49259652181828767,0.057971014492753624,0.46181975698558664,0.20396895311647026,0.0005843010937123863,834.185431024382,201.01743386264917,0.009237604307034134,Kristian,REC_20260311_143351.csv
right,6,loose,8.08,1.1359999999999992,1.0,19487.0,1.3252270363928218,31537.27334440947,1194.1964285714284,0.2843231901203076,0.2263340830096095,0.5238192598650583,0.1607543717673551,0.43983322191337393,0.36548938042457246,4891.0,3947.3611111111113,-22.600000000000023,619.375,0.15690862390485907,0.39436619718309857,0.0,0.39436619718309857,0.39920665175474285,-0.9909947835783446,9299036.155510474,8404283.0,2152689.0,3347541.0,4156658.5614493913,1439726.2615885914,1235526.5033539233,0.07826607086309419,0.0892227578199219,0.0600541852855283,0.09250202315189472,0.06429752647690087,0.10236093029801906,0.1115231694873509,0.08494774990324055,0.09144998416663734,0.07342809894092396,0.07580662186411455,0.07614088174237359,3.948879648095531,0.14657500821572914,0.4943411160163557,0.08450704225352113,0.5095630752169048,0.2160564260553685,0.0006448352630494242,583.9785954981569,118.50291781638144,0.01599999999999959,Kristian,REC_20260311_143351.csv
right,7,loose,9.232,1.088000000000001,0.0,17645.0,1.1453892853886851,31201.30575793263,1539.0625,0.36643147586533104,0.2225986448784376,0.4992028696691909,0.1647347269844781,0.43440622350035024,0.37921815589331404,5018.0,3930.8695652173915,-28.0,631.7391304347826,0.16071231058511226,0.0,-0.7647058823529411,-0.7647058823529411,0.39224122932125227,-1.0820483753193384,9202660.939714883,8367632.0,1671327.0,3446501.0,4176988.0110889785,1378651.1310965465,1312481.7769920472,0.08040039818604136,0.09227592817903624,0.06289495999705047,0.09043984809939903,0.06522877262839656,0.09865059174870036,0.1114404748737234,0.08596762894959997,0.08781108284481805,0.07419533237473731,0.07876709803487815,0.07192788408361907,4.038225651380989,0.15284350894235346,0.4976878488331836,0.058823529411764705,0.45742498958571554,0.2319433798882,0.0008581867780418642,1508.8210629494804,217.60697902434086,0.02444040370643033,Kristian,REC_20260311_143351.csv
right,8,loose,10.336,1.1359999999999992,0.0,19794.0,1.3551999948935112,29750.56507026379,1442.7083333333333,0.3434907574101411,0.2180818570555895,0.505396049684382,0.16366688394064918,0.4357429718875502,0.3756041852644981,4911.0,3963.25,-17.899999999999977,633.8611111111111,0.1599346776284895,0.0,-0.16901408450704225,-0.16901408450704225,0.2727494774428127,-1.1293395437391542,9046657.235006144,8255232.0,1160643.0,3513696.0,4066614.39475986,1181057.18795214,1288360.449212314,0.07848496954659825,0.09124105497031756,0.06343348963042396,0.09102378098782565,0.06498244286044703,0.10096231347729487,0.10980746721615958,0.08607554125752574,0.0875333795916651,0.07521534655200207,0.07759134268312343,0.07364887122661677,4.220695307175735,0.17187688523760106,0.5094717460029438,0.08450704225352113,0.47488605922659066,0.22704122788298958,0.00047625676879786233,1162.2832414404563,177.9395494098087,0.027712812921101046,Kristian,REC_20260311_143351.csv
right,9,loose,11.488,1.136000000000001,0.9859154929577465,17621.0,1.1430461225091524,28753.212968292777,2070.3125,0.4929154370777296,0.22438524590163936,0.5102459016393442,0.16130465287644863,0.4359960653102094,0.3699681389592062,4880.0,3939.3194444444443,15.899999999999977,620.4236111111111,0.15749512570910795,0.32857142857142857,-6.0,-5.671428571428572,0.49331049874180105,-0.9259093728476757,8924513.686427848,8194146.0,1822821.0,3029891.0,3987174.5212221597,1412568.5446280413,1229591.472372775,0.07926143475149049,0.09264149546417705,0.06435121689801185,0.09237001597145587,0.06609996791605996,0.0995624596747182,0.1095966237823087,0.08434197954384394,0.08532212628379832,0.0751504595759984,0.07696267333260469,0.07433954680553255,4.577156408204224,0.17515811910966378,0.5302244998616986,0.056338028169014086,0.5254722150177596,0.2339511648018498,0.0005981850865801672,1247.7116386943471,337.9836480145624,0.02771281292110159,Kristian,REC_20260311_143351.csv
right,10,loose,12.64,1.1039999999999992,0.014492753623188406,16396.0,1.0234471838663364,31146.20312333431,1276.9097222222222,0.30401618781607553,0.21985383678440926,0.5296386520503451,0.15791721548880763,0.43887706503676965,0.3598210707945897,4926.0,3980.385714285714,-13.800000000000011,613.4142857142857,0.15410925717895252,8.0,-0.5294117647058824,7.470588235294118,0.5666748763745622,-0.8466283711096501,9111701.763277208,8196589.0,1764178.0,3567452.0,4102825.782866046,1441974.8044204572,1299759.4815841957,0.08004967214232649,0.09269381646430533,0.06945486259407739,0.09062653655245186,0.0673552814336012,0.09963140686293863,0.10770312999099155,0.0833623446399667,0.0885700237234726,0.07333819048405216,0.07455487084884092,0.07265986426297524,3.99289805287591,0.1473172491067806,0.49724594206588746,0.08695652173913043,0.49673537527325445,0.2285544066165641,0.0008724659335436729,1720.8988930207377,418.5021181247133,0.01847520861406863,Kristian,REC_20260311_143351.csv
right,11,loose,13.76,1.072000000000001,1.0,19492.0,1.3257151953260577,32884.892184709985,1699.6527777777778,0.40466600662398095,0.21512225190055476,0.5161290322580645,0.16051729139856133,0.4379607382225826,0.36651068780711055,4867.0,3953.8529411764707,-0.39999999999997726,619.2941176470588,0.15663053908696653,0.05970149253731343,0.0,0.05970149253731343,0.2924881366444326,-0.8605065972208772,9052083.831943063,8174598.0,1595580.0,3545461.0,4145535.407473192,1422895.2898466287,1366897.782017077,0.079799302244274,0.09153394678310807,0.06268643393264946,0.09216624141753019,0.06600784045346683,0.1001071181498315,0.11149586032983462,0.08644955404631371,0.08814559141864599,0.07489715913740135,0.07406773735224763,0.07264321473469662,4.72181613272339,0.2092854020328105,0.561083498131611,0.08955223880597014,0.5030410330945757,0.31978864962828146,0.00047927134206715626,1559.1922053849985,396.986206411045,0.032000000000000035,Kristian,REC_20260311_143351.csv
right,12,loose,14.848,1.1359999999999992,1.0,16870.0,1.0697246507371077,32001.136011085608,1113.28125,0.26505830107009987,0.20751376868607396,0.5043273013375295,0.15134565919174134,0.44570580213026734,0.3395640318530626,5084.0,4022.7083333333335,15.699999999999989,594.25,0.14772385934020404,0.16901408450704225,0.0,0.16901408450704225,0.6210120729152274,-0.674962963406974,9137190.308737254,8344419.0,1593136.0,3364645.0,4064644.34599669,1353313.353286045,1369417.820038976,0.07869559963402213,0.09273395825780724,0.06504048198594783,0.09274086350061284,0.06556528043917344,0.10377198888255908,0.10686899028087074,0.08016986897301775,0.0908937110501148,0.07219431353254958,0.07117579021872357,0.08014915324460097,4.20557124641684,0.1722434196892152,0.5082717123024129,0.08450704225352113,0.484620083189739,0.22281314173785774,0.0007035502185493368,1667.5718875059038,302.5771352153232,0.03199999999999909,Kristian,REC_20260311_143351.csv
right,13,loose,16.0,1.1359999999999992,0.0,16989.0,1.081342833348124,29314.52251018256,906.25,0.21576675736232692,0.21669736034376919,0.5121751585839983,0.16305860441756564,0.43546468842315994,0.3744473633623778,4887.0,3982.2083333333335,-2.5,634.6666666666666,0.15937555585782595,0.0,-0.08450704225352113,-0.08450704225352113,0.22573041688871828,-1.2829017635608948,8732754.944055226,7874052.0,1977981.0,3216816.0,3976942.3292144896,1272088.5241483287,1244983.7885463536,0.07877050352435659,0.0901126189753731,0.06328495844363297,0.09112057449977154,0.06396506684244853,0.10028983080995678,0.10945908712014202,0.08648886191706863,0.08997659729560999,0.07670576418026011,0.076569742500497,0.0732563938908827,4.290678714071187,0.18997063100775147,0.5275514967838506,0.056338028169014086,0.4622633327735054,0.230282692710444,0.0004802455905354174,1480.6560482885066,411.5380652403255,0.03695041722813502,Kristian,REC_20260311_143351.csv
right,14,loose,17.152,1.1199999999999974,0.014285714285714285,16266.0,1.0107550516022008,30604.510925678915,1188.1944444444443,0.2828941929861619,0.2170004086636698,0.5042909685328975,0.15868323551121907,0.4395473666860161,0.3610150976617729,4894.0,3930.676056338028,39.30000000000001,608.830985915493,0.15489218068066993,4.0,-0.057971014492753624,3.9420289855072466,0.4744253498086926,-1.108774778710875,9023702.997071214,8076860.0,2184454.0,3379306.0,4054305.370658001,1387195.7038610722,1348234.6292113082,0.0801245529923534,0.09257985222769263,0.06396061316191172,0.09188112284020955,0.0641720235919707,0.10104343588530806,0.10959660023362645,0.08403743756225858,0.08987093214083518,0.07592142698457062,0.07464579794896051,0.07216620443030264,4.168435916627046,0.1566711115403806,0.5143338596817215,0.08571428571428572,0.5091245809745276,0.2009670581929917,0.0005877054523020385,387.66523358864356,146.04028835194813,0.009237604307034925,Kristian,REC_20260311_143351.csv
right,15,loose,18.288,1.1039999999999992,1.0,18042.0,1.1841491046876222,33263.174983756435,947.4826388888889,0.22558373147603433,0.22536665978103698,0.5129105556703161,0.16277645950694658,0.434158711757567,0.3749238587149333,4841.0,3943.3571428571427,13.800000000000011,626.4142857142857,0.15885304399804373,0.2318840579710145,0.0,0.2318840579710145,0.43808138825127346,-0.9868626147367423,9294252.457491888,8367632.0,2386039.0,3266907.0,4082146.8579214457,1589514.817184383,1350510.6326916353,0.07781621895774087,0.09040882496784829,0.06287970728349666,0.09122393899324362,0.06447370804426975,0.09984965674642708,0.11184451247124459,0.08598185012770121,0.08820258300577825,0.07625482275798359,0.07679460937924538,0.07426956726502074,4.384527277026712,0.17952927516242656,0.5440476845228028,0.057971014492753624,0.5272559110256076,0.2936548099522864,0.0004826486436069302,893.0951796981126,152.27988135701779,0.015999999999999927,Kristian,REC_20260311_143351.csv
right,16,loose,19.408,1.1039999999999992,0.014492753623188406,19444.0,1.3210288695669923,31081.333015171662,1737.5,0.41367695549466815,0.22138013562026326,0.5129637016354208,0.1540696618603131,0.4471506918969963,0.3445587016909197,5014.0,3933.285714285714,-12.800000000000011,590.6928571428572,0.1501779682562743,12.0,-0.9558823529411765,11.044117647058824,0.660476261511391,-0.5902650781190921,8976809.110520843,8168489.0,1364672.0,3463605.0,4101920.471628301,1245509.0265197586,1347499.1747398658,0.07865833726800567,0.09252170123124977,0.06156975266044384,0.09374931899901935,0.06885918715722951,0.10199760287654815,0.1099335343042894,0.0819126139541641,0.09002288163294955,0.07214251988522864,0.07215704790614898,0.07647550212472307,4.124003152207035,0.165382147756952,0.5218800194412075,0.043478260869565216,0.4802213952956713,0.22117683750529624,0.0008811205457264072,1592.6635970390416,404.92925257691144,0.009237604307032797,Kristian,REC_20260311_143351.csv
right,17,loose,20.528,1.1360000000000028,1.0,17128.0,1.0949136516920843,32880.693256073544,1139.8809523809523,0.27139135655097274,0.21789176090468498,0.5113085621970921,0.15598627727565612,0.44140501192901793,0.3533858317418732,4952.0,3987.7083333333335,-10.199999999999989,607.1736111111111,0.15226128903052782,0.2676056338028169,0.0,0.2676056338028169,0.5646408601276808,-0.8011997189090292,9180424.0819198,8283332.0,2182010.0,3302337.0,4175565.9997617938,1296614.1900712189,1256779.0707803753,0.07870365532974592,0.0924507601483726,0.06480330181286244,0.09311948174076588,0.06603974017379795,0.10119638472389113,0.11135259390836424,0.08256970203576965,0.0885986451421904,0.0735976873378263,0.07341657523988646,0.074151472406527,4.341746417729795,0.184667864758504,0.5306780751893739,0.08450704225352113,0.5241772737274747,0.25028164581682394,0.000676934066896819,1166.5373261637799,411.96542491829166,0.01847520861406996,Kristian,REC_20260311_143351.csv
right,18,loose,21.68,1.120000000000001,0.0,18875.0,1.2654763829647373,32555.209245219114,1014.8809523809523,0.24163042450099662,0.21957618567103934,0.5087790110998991,0.1544880212954747,0.4420124223602484,0.34951058721484524,4955.0,3968.3098591549297,-17.5,597.8098591549295,0.15064596273291925,0.0,-0.15714285714285714,-0.15714285714285714,0.5786985024159282,-0.9610661249554,9131365.186119817,8418944.0,1672549.0,3115412.0,4185055.648144845,1146090.1511941834,1276120.2972661273,0.0782715173025732,0.08943034605146406,0.0628039041703638,0.09304347826086956,0.06568944099378882,0.10305590062111801,0.11325998225377107,0.08272582076308783,0.09079325643300798,0.07344099378881988,0.07176220053238687,0.07572315882874889,4.208632784412916,0.18269941332524064,0.5192332715820959,0.08571428571428572,0.47356322430101583,0.24299100304942053,0.0006994928972143649,1206.898642526928,386.21061051774956,0.01600000000000162,Kristian,REC_20260311_143351.csv
right,19,loose,22.816,1.1360000000000028,0.0,17200.0,1.1019431403306825,28542.752179844185,1317.7083333333335,0.313729825360165,0.2219730941704036,0.5006114961271912,0.16015496381608907,0.44019671717702447,0.3638258932121732,4906.0,3965.0833333333335,-19.100000000000023,620.2430555555555,0.15642623456141455,0.0,-0.6901408450704225,-0.6901408450704225,0.4202879659733043,-1.0197496352522961,8653404.999053609,7771427.0,1299921.0,3577226.0,3835875.190670619,1242232.8792841323,1311917.6957132805,0.07798280826380277,0.09293275326986261,0.06545329718445037,0.08953854129449429,0.06621690730893984,0.1017492976888534,0.10919975060072998,0.08496738894376607,0.08975921761487428,0.07183189368305276,0.07518757487232298,0.0751805692748506,4.497059286568479,0.19699330082969996,0.5626829396295038,0.08450704225352113,0.5222685191543491,0.2332061626897814,0.0005881580352458931,988.5020654168304,152.17971835457283,0.009237604307034734,Kristian,REC_20260311_143351.csv
left,0,loose,0.656,1.2000000000000002,0.8666666666666667,18994.0,1.2770945655757537,31755.286016661856,1325.0,0.31546587972974693,0.1750276650682405,0.5140169679085208,0.13184864890549317,0.4911189182928604,0.2684658317862021,5422.0,4430.618421052632,-7.399999999999977,572.125,0.12912982920882496,0.6615384615384615,-2.4,-1.7384615384615385,0.5104168828554941,-1.314605105443037,9561078.882684004,8561887.0,2576629.0,3386636.0,4171753.562240125,1084362.0514505703,977075.0974177524,0.08736454160195053,0.11414291102287609,0.06378757866164578,0.09729543517448853,0.09827248780169098,0.10599981587458089,0.1050940376031622,0.08921470508750412,0.07540826841922388,0.04542255298802888,0.04263394381798905,0.07536372194685902,3.3692998696983065,0.12846395789188636,0.47414465668670575,0.08,0.4740836597154094,0.1297185622071994,0.0006909112958954777,0.0,0.0,0.0,Kristian,REC_20260311_143351.csv
left,1,loose,1.872,1.0879999999999999,0.058823529411764705,20033.0,1.3785339919021913,30497.96365333266,1312.5,0.31248978652474935,0.16881443298969073,0.501840942562592,0.1321068127262841,0.49171120512446453,0.268667484794826,5432.0,4371.188405797101,6.600000000000023,564.268115942029,0.1290880336326141,0.25,-0.1875,0.0625,0.537962791974021,-1.215773451881495,9718268.790091628,8899084.0,2367713.0,3105638.0,4407624.725163112,1294877.4619630119,1168779.620059126,0.08785459464477541,0.11505841942628278,0.06293516173096561,0.09618980677161386,0.098885322865138,0.10537379149370717,0.10347068419028421,0.08922390355821387,0.07620386456772278,0.04624815988753763,0.04288290916807024,0.0756733816956885,4.264778632183803,0.14138985270681423,0.49576429691363993,0.08823529411764706,0.5152426060569054,0.19079473434885671,0.0008296874854322552,734.6839456528229,8.838834764831844,0.07919595949289363,Kristian,REC_20260311_143351.csv
left,2,loose,2.976,1.12,1.0,19238.0,1.3009167215176698,33398.646394726835,489.5833333333333,0.11656365052907315,0.17117952522255192,0.5135385756676558,0.1347171657485593,0.49199118108635287,0.2738202856625033,5392.0,4433.492957746479,9.5,584.3661971830986,0.13180717839239084,0.2,0.0,0.2,0.48362050821402525,-1.1617119565368559,9633356.319353707,8765916.0,2045176.0,3431840.0,4282406.6364044,1154507.6033471315,1125430.1486360843,0.08473908595899331,0.11302886478724689,0.06266321026247068,0.09634409012065645,0.0991873637928953,0.10615100165831157,0.10310123325010007,0.08868154699502506,0.07727986072724269,0.04649308401476596,0.046035618753534235,0.07629503967875773,4.000753775330244,0.14301852012492058,0.48945876260468657,0.08571428571428572,0.5223023587807019,0.20062635151740874,0.0004411203133141996,543.3050094866911,478.76039540014557,0.05768882040742404,Kristian,REC_20260311_143351.csv
left,3,loose,4.112,1.12,0.0,20282.0,1.4028443067773433,33324.26851410245,1202.34375,0.28626296515570787,0.17275437942601565,0.5085724934774506,0.1293119926598958,0.4940043072139462,0.2617628850022018,5366.0,4421.014084507042,-4.600000000000023,558.7887323943662,0.12639379149516394,0.0,-0.3142857142857143,-0.3142857142857143,0.6221507971770834,-1.086331089816092,10198349.3493284,9202073.0,2706133.0,3464827.0,4412830.170998323,1396700.474605842,1136412.6682083625,0.08621436672486078,0.11355179488486486,0.06344538885986263,0.09703337453646478,0.09936220101181299,0.10650478508531598,0.10417914441909958,0.08668586647636768,0.07755215169548763,0.046213347265938606,0.0426261261835281,0.07663145285639647,3.746382019653655,0.12923674575079552,0.4746766677400248,0.05714285714285714,0.5173917209331748,0.16683957615637296,0.0007156551447386608,545.2769938297413,446.72020535951447,0.018475208614068532,Kristian,REC_20260311_143351.csv
left,4,loose,5.248,1.1360000000000001,0.0,19272.0,1.3042362022636744,31998.383662303946,1286.830357142857,0.30637816655020067,0.16463081130355514,0.4986326344576117,0.13196930785503902,0.4911057533626507,0.26871871679647613,5485.0,4418.430555555556,-2.1999999999999886,570.6041666666666,0.12914182071939823,0.0,-0.09859154929577464,-0.09859154929577464,0.47450901501303916,-1.3563862893825034,9689493.111308713,8895419.0,2151467.0,3182607.0,4267906.498606882,1355595.6443205208,1211071.0480071718,0.08598452819157129,0.1135804254275808,0.06450254143785343,0.09706500862862945,0.0986398513801092,0.1059451099718037,0.10435140682809067,0.09008980690101752,0.07587535795452759,0.04581503613336812,0.0418795009540215,0.0762714261914267,3.6272776003540956,0.12585591489196826,0.4659920930798685,0.08450704225352113,0.5024132840097857,0.17152405676145643,0.00046946010082926003,593.182377800734,437.9437207614876,0.009237604307034394,Kristian,REC_20260311_143351.csv
left,5,loose,6.4,1.1039999999999992,0.014492753623188406,18597.0,1.2383347462768166,32203.474051723053,1106.25,0.2633842486422887,0.16716196136701336,0.5113298662704309,0.13259419768801478,0.493105827252145,0.2688960266943936,5384.0,4410.557142857143,-7.800000000000011,571.9857142857143,0.12968559203728716,3.0,-0.014705882352941176,2.985294117647059,0.46450713234235247,-1.347057100616168,9748160.447033789,8795237.0,2590068.0,3310889.0,4224947.77453195,1238529.7610525114,1209873.5154047643,0.0853957549904612,0.11366882706752306,0.06186131327755807,0.09728605715507273,0.0997217714639226,0.10591794363523882,0.10360207165275523,0.08969712281247266,0.0765112279303878,0.04582511441703187,0.04289707487554212,0.07761572072203382,3.7912242502502878,0.1323179932696446,0.4751085856878423,0.057971014492753624,0.5133171160432739,0.17147247993468603,0.0006378327573775006,848.0320355584062,90.35232976281925,0.016000000000000694,Kristian,REC_20260311_143351.csv
left,6,loose,7.52,1.120000000000001,0.014285714285714285,17090.0,1.091203643799491,31501.675939543282,673.6111111111112,0.16037835604709358,0.17601760176017603,0.49284928492849284,0.13388174643584524,0.49076502036659875,0.2728021372341791,5454.0,4425.915492957746,-15.600000000000023,579.5915492957746,0.13095404786150713,48.0,-0.463768115942029,47.53623188405797,0.509488206788694,-1.2471999186775584,9866309.94031117,9042027.0,2466673.0,3082425.0,4201939.977681484,1361358.5296455699,1086507.207430476,0.08408859470468433,0.11368062627291244,0.064667133401222,0.09622899694501019,0.09945901221995927,0.10533350305498983,0.10374872708757639,0.08939345723014258,0.07606288187372709,0.04692273421588595,0.04448828920570265,0.07592604378818738,3.7785105050118055,0.1241476120747049,0.47177265794942,0.05714285714285714,0.5442557594555063,0.21348038663054683,0.0005895236814698237,1117.1241351494184,315.12524422008187,0.016000000000000694,Kristian,REC_20260311_143351.csv
left,7,loose,8.656,1.0559999999999992,1.0,18626.0,1.2411660680895853,34209.47319091599,1228.125,0.29240115739101546,0.17750826901874311,0.5067989709665565,0.12662897483409608,0.49710874963160695,0.25473093146696646,5442.0,4405.985074626866,-5.600000000000023,543.9104477611941,0.12344809130050373,0.8181818181818182,0.0,0.8181818181818182,0.7341768263408529,-0.8379722659604174,10101241.55540585,9160535.0,2278527.0,3595552.0,4491980.427103662,1397253.2158885668,1286499.946827299,0.08609726931819336,0.11315002320452844,0.06376672165744696,0.09838042554056388,0.10009451187495977,0.10760803655814173,0.1030823066317526,0.08618534490059315,0.07787575245341309,0.04494225968069214,0.04044362993350293,0.07837371824621191,3.9931640381407663,0.13703759569702792,0.4869525649949909,0.09090909090909091,0.49118387857838286,0.1986416186799465,0.0005393000465914158,878.5580990084476,291.40909868393254,0.03330665599145894,Kristian,REC_20260311_143351.csv
left,8,loose,9.728,1.184000000000001,0.04054054054054054,17961.0,1.1762409299691994,32208.940823938934,1102.6785714285713,0.26253393629800365,0.17139198829339675,0.5006402048655569,0.1309405985136132,0.49217217613503444,0.2660463245643288,5467.0,4445.68,4.600000000000023,569.8933333333333,0.128190363079064,1.3333333333333333,-0.5070422535211268,0.8262910798122065,0.5377133593094208,-1.2183337145624462,9509223.00348609,8753698.0,2240653.0,2962696.0,4152112.0910441456,1116167.9284639936,1009261.3166483209,0.08516432431783964,0.11332649523432485,0.06446107981981009,0.09757187501874477,0.09922441561245973,0.10599653296383606,0.10563063468355798,0.08869134380642181,0.07605285730566902,0.045464360907667666,0.042249254707191396,0.07616682562247695,3.675278921052741,0.1422798854266217,0.47211788076905714,0.08108108108108109,0.4884685152704454,0.19208379939641912,0.00035750237804101255,770.2988597507702,290.7809441587949,0.06400000000000101,Kristian,REC_20260311_143351.csv
left,9,loose,10.928,1.1199999999999992,1.0,17492.0,1.130451622031664,30718.81356758428,848.9583333333334,0.20212633017275453,0.18007380073800738,0.5033210332103321,0.13044486886553514,0.4939382287234212,0.26409146180608273,5420.0,4432.070422535211,-10.5,564.887323943662,0.12745450096448105,1.0,0.0,1.0,0.6528851646296085,-1.0671541313663344,9908097.145728588,8787907.0,2750115.0,3657861.0,4191306.1121170605,1183843.0635947178,1104294.7305653335,0.08622492269851308,0.11478436619136448,0.06349367764406041,0.09766204711497822,0.10029649450071026,0.106064313565974,0.1015517498895693,0.08690816297346168,0.07513100735039423,0.045913746476545794,0.043536705892073466,0.07843280570235511,3.7717177726732873,0.1296568770812071,0.47586101187170143,0.08571428571428572,0.5339455935844323,0.2037883486095139,0.0005790624706772943,569.8160521899476,193.16578664088104,0.06400000000000101,Kristian,REC_20260311_143351.csv
left,10,loose,12.064,1.1199999999999992,0.02857142857142857,20382.0,1.412607485442063,32686.12419666792,1063.8020833333335,0.253277932133651,0.18020164986251147,0.5066911090742439,0.13474829418608308,0.4901141401754551,0.2749324762141802,5455.0,4479.295774647887,3.1999999999999886,590.2957746478874,0.13178316511020974,3.0,-1.088235294117647,1.911764705882353,0.5785295569959343,-0.9262601615487385,9912616.998339742,8912523.0,2681698.0,3411071.0,4392093.122039648,1193442.5836575353,1141721.4641828737,0.08545734679118323,0.1126843379555388,0.06133069207307488,0.09674873439612615,0.09961324403358175,0.10532654152124014,0.10265383768826841,0.08743200327013176,0.07574128226896834,0.0463195296041254,0.047316290915951326,0.0793761594818099,4.196945980804053,0.14424036654244504,0.4924306316788131,0.05714285714285714,0.5234810230446446,0.1875453418674028,0.000383261708189275,1550.983666365747,136.65234322895614,0.03695041722813715,Kristian,REC_20260311_143351.csv
left,11,loose,13.2,1.040000000000001,1.0,18473.0,1.2262284047325642,32989.71744347017,984.375,0.23436733989356198,0.17407476287892876,0.5114376046122373,0.12646355583264252,0.49586881606982597,0.25503429885935164,5377.0,4423.121212121212,-10.5,545.4015151515151,0.12330693394901447,0.4461538461538462,0.0,0.4461538461538462,0.6944026209203666,-0.8890652264437806,9717804.974565296,8883202.0,2124589.0,3318219.0,4415627.963254804,1311107.4204320344,1145754.4432182515,0.0868884580338853,0.11375143015695759,0.0621047799784877,0.09836054342538862,0.10008015730013771,0.10700314463254387,0.10309804539506587,0.08628899104567597,0.07667354055479814,0.045316278782979245,0.04017456478696656,0.08026006590711345,4.035782552006879,0.19047229052493939,0.5515286605129407,0.046153846153846156,0.4702210751105495,0.23392325977985667,0.0007961764520505808,1469.6225138903303,108.63100546652934,0.04618802153516905,Kristian,REC_20260311_143351.csv
left,12,loose,14.256,1.1679999999999993,1.0,17252.0,1.1070199932363367,33744.18041677705,2406.25,0.5728979419620405,0.17405122452794916,0.5083193120209385,0.13005075432900104,0.49319782646332533,0.2636888229243088,5349.0,4449.094594594595,-5.0,566.3581081081081,0.12729738513453998,0.6712328767123288,0.0,0.6712328767123288,0.5968191359005479,-1.3048238906991392,10243808.79146785,9263160.0,2149023.0,3809355.0,4212322.861047169,1157117.0139137942,1238456.6622301387,0.0867683373173406,0.11473029738817189,0.06283392005054171,0.09826475474815706,0.10043039428003875,0.10532662278690168,0.10373504478591149,0.08833865378014961,0.07444575726005594,0.04542679500536094,0.04171210054885142,0.07798732204851883,3.82938460846824,0.1530327474047042,0.482535374603931,0.0821917808219178,0.5076544881017485,0.22118585207818053,0.0006203821541623447,1577.5520065384005,798.978888556566,0.0646632301492372,Kristian,REC_20260311_143351.csv
left,13,loose,15.44,1.168000000000001,0.0,20612.0,1.4350627963709182,33778.628465347734,984.375,0.23436733989356198,0.1742677048572488,0.5120504263997033,0.1316642727707981,0.4925061968570268,0.26733526118242923,5394.0,4459.540540540541,2.0,574.5,0.1288249304558099,0.0,-0.0821917808219178,-0.0821917808219178,0.4812467240298271,-1.2509749417303417,10117910.783607058,8956506.0,3152064.0,3495370.0,4262462.810380299,1395997.8972340575,1248492.0799207434,0.08482573044126471,0.11258583177275565,0.06219280861560093,0.0984073016854239,0.09955273540481081,0.10624958334090895,0.10431628515845166,0.08960140118664509,0.07571074465312752,0.0456022011720999,0.04206287158415301,0.07889250498475785,3.335083611940624,0.11805193029520476,0.4520048166060769,0.0821917808219178,0.5037326397331291,0.11821814943678419,0.00040649910520314936,1700.7724715552044,820.9199140039991,0.07390083445627164,Kristian,REC_20260311_143351.csv
left,14,loose,16.624,1.1360000000000028,1.0,16817.0,1.0645501660448062,33017.9152279486,1005.2083333333334,0.2393274952352247,0.20029080334423846,0.5043620501635769,0.13453937414405728,0.49489164038396144,0.2718562270310606,5502.0,4452.125,-12.300000000000011,584.8611111111111,0.1313667318664932,2.3943661971830985,0.0,2.3943661971830985,0.5295186337341438,-1.1920077500695436,9685424.093264787,9023701.0,2434908.0,2539977.0,4249516.293876959,1126389.7095562376,996211.494930772,0.08296911899124326,0.11282377641138906,0.06139702326916298,0.09898207160750327,0.0990725402663522,0.1068653233630632,0.10417310086007618,0.09053417063636902,0.0771479287356537,0.046248202325356494,0.04400520350768827,0.07578154002614233,3.2704608861420454,0.11064779764596164,0.4447058156888314,0.08450704225352113,0.5212401090210831,0.14433873758697072,0.0004689650393377654,2076.8907048759206,814.9724223492564,0.018475208614066534,Kristian,REC_20260311_143351.csv
left,15,loose,17.776,0.9920000000000009,0.0,17956.0,1.1757527710359634,32542.67859288783,1041.6666666666665,0.24800776708313435,0.19822912902059991,0.49602457535236716,0.12634912171995905,0.4970027522803579,0.25422217712112016,5534.0,4406.158730158731,13.0,539.563492063492,0.12245666239174603,0.0,-0.532258064516129,-0.532258064516129,1.0813266198415608,0.14850682171510643,9879414.111126935,9042027.0,2362826.0,3203377.0,4462565.771720845,1479975.359127711,1326734.5194126004,0.08668602389152268,0.1142700693113535,0.06281251350922949,0.09775638716371024,0.1003537616899866,0.10726328227444988,0.10072481519374035,0.08487758836837327,0.07735925184085767,0.04668069224894447,0.0414715333515858,0.07974408115624593,3.940381162830772,0.1686248211968694,0.5286318477462526,0.04838709677419355,0.48673428522021,0.14113994435815036,0.0010568038225051391,1947.377809602783,28.99877272307564,0.09375144443331748,Kristian,REC_20260311_143351.csv
left,16,loose,18.784,1.2000000000000028,0.0,20775.0,1.4509767775944113,34383.47009828996,1212.5,0.2886810408847684,0.2018881626724764,0.5034495279593318,0.13179481634525747,0.4915617301448606,0.2681144773136808,5508.0,4502.513157894737,7.600000000000023,579.75,0.12876142271421517,0.0,-1.9733333333333334,-1.9733333333333334,0.5541422474883266,-1.1172556033504581,10485738.473393517,9375559.0,3241250.0,3397632.0,4303330.225117584,1229096.3057142003,1123261.9533475693,0.08462233080355708,0.11255994459234754,0.062283929150679006,0.09790438673138686,0.09860574942064519,0.10644055512856855,0.10496769348112604,0.08852366076255659,0.07605109427191248,0.046304549213743204,0.043271155582700886,0.07846495086077658,4.437177486177795,0.16245833097820367,0.5534028723740768,0.06666666666666667,0.4904204975248954,0.19867257756813397,0.0011165210314344272,2037.5576065476043,110.66697257738896,0.10653324989567135,Kristian,REC_20260311_143351.csv
left,17,loose,20.0,1.1039999999999992,1.0,19813.0,1.357054998839808,31559.39780794304,2468.75,0.5877784079870285,0.19719608928242022,0.5058107360265633,0.13253437975041538,0.4913950192346629,0.2697104662492797,5421.0,4445.1,16.100000000000023,574.0785714285714,0.12914862914862912,0.4492753623188406,0.0,0.4492753623188406,0.6520836229124453,-1.0063280429670176,9756876.087102214,9078679.0,2204001.0,2813645.0,4260252.632998687,1373616.6083012468,1172640.0925605157,0.08606587671175643,0.11443740619687168,0.06354027066721943,0.09673251766792969,0.09889862673827038,0.10607185440147578,0.10239846765459237,0.08929575744720511,0.07525461423011534,0.04654242070723139,0.043238622303210274,0.07752356527412206,4.162169751024061,0.13962733306789432,0.5016801094276921,0.07246376811594203,0.5620874849242586,0.1936575064539607,0.0011625362702155117,1432.983717051012,779.3068427086936,0.1041025135783643,Kristian,REC_20260311_143351.csv
left,18,loose,21.12,1.1359999999999992,1.0,20406.0,1.4149506483215957,33570.136267224174,1309.0277777777778,0.31166309396780556,0.2083938953488372,0.5067223837209303,0.13162908566249237,0.49067719798005954,0.26826004184482616,5504.0,4505.083333333333,-10.0,577.6875,0.12823014742605576,1.2535211267605635,0.0,1.2535211267605635,0.8624084920718371,-0.4155021602080451,9790712.127887225,8786685.0,2586403.0,3458718.0,4233585.682215548,1250204.4975640306,1199396.6456544634,0.08617734287810683,0.1123453136271989,0.06263295166571096,0.0972389214652584,0.09945247035755907,0.10633358613418177,0.10229493843374461,0.08829223778077852,0.07530690639586148,0.04689764031988556,0.04333684788171387,0.07969084306000014,3.4794514758038133,0.10637396461138109,0.4464035191832114,0.08450704225352113,0.5118675174956699,0.15684672858102766,0.0013322185769539027,485.32703750495256,699.0990996869666,0.048880807412864345,Kristian,REC_20260311_143351.csv
left,19,loose,22.272,1.120000000000001,0.0,18621.0,1.2406779091563493,30759.284403249694,1564.2361111111113,0.37242499690317354,0.20373391335870944,0.4897589269530542,0.13772623807669537,0.48792710994608596,0.28226805862836796,5517.0,4448.915492957746,0.5,598.6619718309859,0.13456357460118465,0.0,-3.5714285714285716,-3.5714285714285716,0.5752295916771698,-0.8958433704463067,9395268.751381038,8570439.0,1628566.0,3488040.0,4083974.9126593405,1261447.3021634936,1158082.9180865788,0.08374884842959038,0.11359628711539133,0.06441512886508186,0.09667492948115224,0.09869789440692937,0.10464965349998259,0.10437739217976845,0.09276196446040022,0.07430834544263043,0.04746844459640425,0.04496427361629516,0.07433683790637377,3.760819835479147,0.1284234975189261,0.47150158368801404,0.08571428571428572,0.4777689713336235,0.17219283718925193,0.0005331271327009417,909.0964378619753,609.4030277399522,0.016000000000000316,Kristian,REC_20260311_143351.csv
left,20,loose,23.408,1.1359999999999992,1.0,19171.0,1.2943753918123075,29659.819891563737,911.4583333333334,0.2170067961977426,0.16974100987516302,0.5112725917644867,0.12822520285230224,0.4954011793774917,0.25883104076047686,5367.0,4435.013888888889,2.0,556.2361111111111,0.1254192489689059,0.4225352112676056,0.0,0.4225352112676056,0.5511673155498252,-1.2386668925603983,9483070.376902515,8715825.0,2552194.0,2729345.0,4103647.7907631285,1119199.9818670016,1029209.7974766673,0.08495839609671774,0.11467457511407017,0.06437096213528079,0.09833678336219666,0.1006635955668434,0.10585586290911027,0.10397061264370336,0.08763282089182986,0.07587036242527112,0.045283586109275624,0.04059238196047238,0.07779006078522865,4.338933376674395,0.16743630959144107,0.5103210277346193,0.056338028169014086,0.5101598307676192,0.16111288334321455,0.0009335895667291274,914.1434971235818,328.9659515611343,0.009237604307033472,Kristian,REC_20260311_143351.csv
right,0,loose,0.688,1.104,0.014492753623188406,18406.0,1.219687075027202,30065.35140323492,1421.875,0.33853060206847846,0.2293217535153019,0.5165425971877585,0.16318694062682929,0.43572109667514664,0.3745215503035359,4836.0,3880.3,-21.5,617.85,0.15922737932634073,4.0,-0.9264705882352942,3.0735294117647056,0.5238789674447857,-0.912421515954839,9027367.697961017,8142833.0,1500285.0,3596774.0,4057345.1556615047,1254922.7577593625,1392197.0688424262,0.07949679884839538,0.09185593161058976,0.06718552689225059,0.09043115223049764,0.06309895037570733,0.10119247039072825,0.11089348761693683,0.0854793996045961,0.08914259206762362,0.07329330206427337,0.07770754102223318,0.07022284727616789,4.394840602248812,0.16800424848411144,0.518601770181698,0.08695652173913043,0.478090468353096,0.1772538059196172,0.0007050437850349308,0.0,0.0,0.0,Kristian,REC_20260311_143603.csv
right,1,loose,1.808,1.152,1.0,18980.0,1.275727720562693,31761.380228195372,1471.4285714285716,0.3503286858454333,0.21706373447363062,0.5153736509875789,0.15985658651171417,0.43643581765606865,0.3662774228067519,4911.0,3988.849315068493,-9.199999999999989,623.1301369863014,0.15621801872342764,0.18055555555555555,0.0,0.18055555555555555,0.3074815300248756,-1.0092935000993704,8963633.878033284,8008443.0,1522276.0,3727499.0,4072643.6353119225,1110911.2290001276,1273429.9116548714,0.0787709573949297,0.0907804633464521,0.06248926802799585,0.09175578496218911,0.06526069247834718,0.1003447967965493,0.11158503499481431,0.08494227057619529,0.08829408007253096,0.07500017171155207,0.07491431593551888,0.07586216370292527,4.466495734578477,0.22092379621247532,0.5466143179783265,0.08333333333333333,0.47590138319940006,0.24641615643607714,0.000661775290873409,405.87929240107826,35.0396663891549,0.03394112549695408,Kristian,REC_20260311_143603.csv
right,2,loose,2.976,1.12,0.014285714285714285,17410.0,1.122445815526594,30154.231096149673,1072.544642857143,0.25535942589309873,0.21883262151718527,0.5102704901362619,0.16142579923228373,0.4348963866343716,0.37118220383814127,4917.0,3977.4084507042253,-28.5,627.1056338028169,0.15766689329877193,1.0,-0.4057971014492754,0.5942028985507246,0.4602292798003466,-1.061685636038591,8986746.395808997,8078081.0,1782504.0,3511253.0,4007630.956554713,1220902.060302142,1306577.164500014,0.08078372214903895,0.09334763948497854,0.06608096431960792,0.08928596722333178,0.06527004631793651,0.09957648125327555,0.10725010269267271,0.08451961075935921,0.08741625235484922,0.07569512316038471,0.07690618847292455,0.0738679018116404,4.072818458973107,0.1652177555337109,0.5039410171777864,0.05714285714285714,0.4686402727424342,0.21459122240007011,0.0006243710430207875,794.3962067717422,217.4073148629316,0.024440403706431014,Kristian,REC_20260311_143603.csv
right,3,loose,4.112,1.12,1.0,18970.0,1.274751402696221,29725.554813998006,1537.5,0.36605946421470636,0.21989949748743717,0.5218090452261307,0.16585685487480442,0.43335254920636057,0.3827296162869157,4975.0,3933.56338028169,-18.69999999999999,637.1971830985915,0.1619898096196331,0.4,0.0,0.4,0.415478669937636,-0.9835586716030322,9106571.1244128,8307767.0,1320690.0,3488040.0,4108064.010586976,1147464.7288684263,1275261.6521427135,0.07960384269719245,0.09309911451824851,0.06825334875377305,0.08838346766541465,0.06493771550720953,0.0984700107059864,0.10972740911548501,0.08681516597859518,0.08846224080950148,0.07424726889928854,0.07904168889620923,0.06895872645309596,4.104372345417707,0.14869559495334386,0.4938660301484706,0.05714285714285714,0.5081447107283191,0.19917043959860728,0.00041492332434154113,903.5670054474837,251.54764501709798,0.018475208614067786,Kristian,REC_20260311_143603.csv
right,4,loose,5.248,1.12,0.0,19880.0,1.36359632854517,31005.25600603872,1364.5833333333333,0.32489017487890604,0.22621520565018696,0.5097631906938097,0.16831010471750002,0.4309162871121624,0.39058654720468067,4814.0,3917.9859154929577,8.600000000000023,644.3521126760563,0.16446003803333847,0.0,-0.5142857142857142,-0.5142857142857142,0.2385635069808162,-1.205061589211428,9371573.701622317,8361523.0,1951103.0,3755599.0,4174813.6078633894,1247024.951766891,1375026.1717562086,0.07860462942658812,0.0899139756342185,0.06428640757503316,0.09073359767342375,0.06358900987500764,0.09964159509952297,0.11365785093663387,0.08827832638931328,0.08703810882998954,0.07537287410533582,0.08003177832818673,0.06885184612674664,3.7861735239297447,0.14281908621533662,0.4842349578340966,0.05714285714285714,0.4612515608960889,0.19187559707027618,0.00043579365986801924,1249.1730598012964,235.0071823306687,0.0,Kristian,REC_20260311_143603.csv
right,5,loose,6.384,1.104,1.0,20636.0,1.437405959250451,30886.83203243738,1136.71875,0.2706384758294704,0.22327692942633098,0.5229054890631448,0.16335268056711505,0.43625407509440406,0.37444390755930645,4846.0,3930.6714285714284,3.0,626.7785714285715,0.15945839860147487,0.30434782608695654,0.0,0.30434782608695654,0.2686200728585687,-1.1885686240987303,9240737.731545355,8153829.0,2258979.0,3715282.0,4246982.4290201925,1303404.0237666254,1365785.4511134685,0.08066233685993307,0.09101680192769684,0.06125089497614003,0.09263411921627349,0.06262834048708509,0.10020098347428828,0.11182022700592774,0.08665549687984968,0.0897738299890604,0.07399317455760013,0.07669718368726536,0.07266661093887995,3.9966911851397153,0.1419278363810067,0.49259652181828767,0.057971014492753624,0.46181975698558664,0.20396895311647026,0.0005843010937123863,834.185431024382,201.01743386264917,0.009237604307033735,Kristian,REC_20260311_143603.csv
right,6,loose,7.504,1.136000000000001,1.0,19487.0,1.3252270363928218,31537.27334440947,1194.1964285714284,0.2843231901203076,0.2263340830096095,0.5238192598650583,0.1607543717673551,0.43983322191337393,0.36548938042457246,4891.0,3947.3611111111113,-22.600000000000023,619.375,0.15690862390485907,0.39436619718309857,0.0,0.39436619718309857,0.39920665175474285,-0.9909947835783446,9299036.155510474,8404283.0,2152689.0,3347541.0,4156658.5614493913,1439726.2615885914,1235526.5033539233,0.07826607086309419,0.0892227578199219,0.0600541852855283,0.09250202315189472,0.06429752647690087,0.10236093029801906,0.1115231694873509,0.08494774990324055,0.09144998416663734,0.07342809894092396,0.07580662186411455,0.07614088174237359,3.948879648095531,0.14657500821572914,0.4943411160163557,0.08450704225352113,0.5095630752169048,0.2160564260553685,0.0006448352630494242,583.9785954981569,118.50291781638144,0.016000000000000313,Kristian,REC_20260311_143603.csv
right,7,loose,8.656,1.0879999999999992,0.0,17645.0,1.1453892853886851,31201.30575793263,1539.0625,0.36643147586533104,0.2225986448784376,0.4992028696691909,0.1647347269844781,0.43440622350035024,0.37921815589331404,5018.0,3930.8695652173915,-28.0,631.7391304347826,0.16071231058511226,0.0,-0.7647058823529411,-0.7647058823529411,0.39224122932125227,-1.0820483753193384,9202660.939714883,8367632.0,1671327.0,3446501.0,4176988.0110889785,1378651.1310965465,1312481.7769920472,0.08040039818604136,0.09227592817903624,0.06289495999705047,0.09043984809939903,0.06522877262839656,0.09865059174870036,0.1114404748737234,0.08596762894959997,0.08781108284481805,0.07419533237473731,0.07876709803487815,0.07192788408361907,4.038225651380989,0.15284350894235346,0.4976878488331836,0.058823529411764705,0.45742498958571554,0.2319433798882,0.0008581867780418642,1508.8210629494804,217.60697902434086,0.024440403706431968,Kristian,REC_20260311_143603.csv
right,8,loose,9.76,1.136000000000001,0.0,19794.0,1.3551999948935112,29750.56507026379,1442.7083333333333,0.3434907574101411,0.2180818570555895,0.505396049684382,0.16366688394064918,0.4357429718875502,0.3756041852644981,4911.0,3963.25,-17.899999999999977,633.8611111111111,0.1599346776284895,0.0,-0.16901408450704225,-0.16901408450704225,0.2727494774428127,-1.1293395437391542,9046657.235006144,8255232.0,1160643.0,3513696.0,4066614.39475986,1181057.18795214,1288360.449212314,0.07848496954659825,0.09124105497031756,0.06343348963042396,0.09102378098782565,0.06498244286044703,0.10096231347729487,0.10980746721615958,0.08607554125752574,0.0875333795916651,0.07521534655200207,0.07759134268312343,0.07364887122661677,4.220695307175735,0.17187688523760106,0.5094717460029438,0.08450704225352113,0.47488605922659066,0.22704122788298958,0.00047625676879786233,1162.2832414404563,177.9395494098087,0.027712812921103034,Kristian,REC_20260311_143603.csv
right,9,loose,10.912,1.1359999999999992,0.9859154929577465,17621.0,1.1430461225091524,28753.212968292777,2070.3125,0.4929154370777296,0.22438524590163936,0.5102459016393442,0.16130465287644863,0.4359960653102094,0.3699681389592062,4880.0,3939.3194444444443,15.899999999999977,620.4236111111111,0.15749512570910795,0.32857142857142857,-6.0,-5.671428571428572,0.49331049874180105,-0.9259093728476757,8924513.686427848,8194146.0,1822821.0,3029891.0,3987174.5212221597,1412568.5446280413,1229591.472372775,0.07926143475149049,0.09264149546417705,0.06435121689801185,0.09237001597145587,0.06609996791605996,0.0995624596747182,0.1095966237823087,0.08434197954384394,0.08532212628379832,0.0751504595759984,0.07696267333260469,0.07433954680553255,4.577156408204224,0.17515811910966378,0.5302244998616986,0.056338028169014086,0.5254722150177596,0.2339511648018498,0.0005981850865801672,1247.7116386943471,337.9836480145624,0.02771281292110249,Kristian,REC_20260311_143603.csv
right,10,loose,12.064,1.1039999999999992,0.014492753623188406,16396.0,1.0234471838663364,31146.20312333431,1276.9097222222222,0.30401618781607553,0.21985383678440926,0.5296386520503451,0.15791721548880763,0.43887706503676965,0.3598210707945897,4926.0,3980.385714285714,-13.800000000000011,613.4142857142857,0.15410925717895252,8.0,-0.5294117647058824,7.470588235294118,0.5666748763745622,-0.8466283711096501,9111701.763277208,8196589.0,1764178.0,3567452.0,4102825.782866046,1441974.8044204572,1299759.4815841957,0.08004967214232649,0.09269381646430533,0.06945486259407739,0.09062653655245186,0.0673552814336012,0.09963140686293863,0.10770312999099155,0.0833623446399667,0.0885700237234726,0.07333819048405216,0.07455487084884092,0.07265986426297524,3.99289805287591,0.1473172491067806,0.49724594206588746,0.08695652173913043,0.49673537527325445,0.2285544066165641,0.0008724659335436729,1720.8988930207377,418.5021181247133,0.018475208614068345,Kristian,REC_20260311_143603.csv
right,11,loose,13.184,1.072000000000001,1.0,19492.0,1.3257151953260577,32884.892184709985,1699.6527777777778,0.40466600662398095,0.21512225190055476,0.5161290322580645,0.16051729139856133,0.4379607382225826,0.36651068780711055,4867.0,3953.8529411764707,-0.39999999999997726,619.2941176470588,0.15663053908696653,0.05970149253731343,0.0,0.05970149253731343,0.2924881366444326,-0.8605065972208772,9052083.831943063,8174598.0,1595580.0,3545461.0,4145535.407473192,1422895.2898466287,1366897.782017077,0.079799302244274,0.09153394678310807,0.06268643393264946,0.09216624141753019,0.06600784045346683,0.1001071181498315,0.11149586032983462,0.08644955404631371,0.08814559141864599,0.07489715913740135,0.07406773735224763,0.07264321473469662,4.72181613272339,0.2092854020328105,0.561083498131611,0.08955223880597014,0.5030410330945757,0.31978864962828146,0.00047927134206715626,1559.1922053849985,396.986206411045,0.031999999999999036,Kristian,REC_20260311_143603.csv
right,12,loose,14.272,1.1359999999999992,1.0,16870.0,1.0697246507371077,32001.136011085608,1113.28125,0.26505830107009987,0.20751376868607396,0.5043273013375295,0.15134565919174134,0.44570580213026734,0.3395640318530626,5084.0,4022.7083333333335,15.699999999999989,594.25,0.14772385934020404,0.16901408450704225,0.0,0.16901408450704225,0.6210120729152274,-0.674962963406974,9137190.308737254,8344419.0,1593136.0,3364645.0,4064644.34599669,1353313.353286045,1369417.820038976,0.07869559963402213,0.09273395825780724,0.06504048198594783,0.09274086350061284,0.06556528043917344,0.10377198888255908,0.10686899028087074,0.08016986897301775,0.0908937110501148,0.07219431353254958,0.07117579021872357,0.08014915324460097,4.20557124641684,0.1722434196892152,0.5082717123024129,0.08450704225352113,0.484620083189739,0.22281314173785774,0.0007035502185493368,1667.5718875059038,302.5771352153232,0.031999999999999036,Kristian,REC_20260311_143603.csv
right,13,loose,15.424,1.1359999999999992,0.0,16989.0,1.081342833348124,29314.52251018256,906.25,0.21576675736232692,0.21669736034376919,0.5121751585839983,0.16305860441756564,0.43546468842315994,0.3744473633623778,4887.0,3982.2083333333335,-2.5,634.6666666666666,0.15937555585782595,0.0,-0.08450704225352113,-0.08450704225352113,0.22573041688871828,-1.2829017635608948,8732754.944055226,7874052.0,1977981.0,3216816.0,3976942.3292144896,1272088.5241483287,1244983.7885463536,0.07877050352435659,0.0901126189753731,0.06328495844363297,0.09112057449977154,0.06396506684244853,0.10028983080995678,0.10945908712014202,0.08648886191706863,0.08997659729560999,0.07670576418026011,0.076569742500497,0.0732563938908827,4.290678714071187,0.18997063100775147,0.5275514967838506,0.056338028169014086,0.4622633327735054,0.230282692710444,0.0004802455905354174,1480.6560482885066,411.5380652403255,0.03695041722813497,Kristian,REC_20260311_143603.csv
right,14,loose,16.576,1.120000000000001,0.014285714285714285,16266.0,1.0107550516022008,30604.510925678915,1188.1944444444443,0.2828941929861619,0.2170004086636698,0.5042909685328975,0.15868323551121907,0.4395473666860161,0.3610150976617729,4894.0,3930.676056338028,39.30000000000001,608.830985915493,0.15489218068066993,4.0,-0.057971014492753624,3.9420289855072466,0.4744253498086926,-1.108774778710875,9023702.997071214,8076860.0,2184454.0,3379306.0,4054305.370658001,1387195.7038610722,1348234.6292113082,0.0801245529923534,0.09257985222769263,0.06396061316191172,0.09188112284020955,0.0641720235919707,0.10104343588530806,0.10959660023362645,0.08403743756225858,0.08987093214083518,0.07592142698457062,0.07464579794896051,0.07216620443030264,4.168435916627046,0.1566711115403806,0.5143338596817215,0.08571428571428572,0.5091245809745276,0.2009670581929917,0.0005877054523020385,387.66523358864356,146.04028835194813,0.009237604307032642,Kristian,REC_20260311_143603.csv
right,15,loose,17.712,1.1039999999999992,1.0,18042.0,1.1841491046876222,33263.174983756435,947.4826388888889,0.22558373147603433,0.22536665978103698,0.5129105556703161,0.16277645950694658,0.434158711757567,0.3749238587149333,4841.0,3943.3571428571427,13.800000000000011,626.4142857142857,0.15885304399804373,0.2318840579710145,0.0,0.2318840579710145,0.43808138825127346,-0.9868626147367423,9294252.457491888,8367632.0,2386039.0,3266907.0,4082146.8579214457,1589514.817184383,1350510.6326916353,0.07781621895774087,0.09040882496784829,0.06287970728349666,0.09122393899324362,0.06447370804426975,0.09984965674642708,0.11184451247124459,0.08598185012770121,0.08820258300577825,0.07625482275798359,0.07679460937924538,0.07426956726502074,4.384527277026712,0.17952927516242656,0.5440476845228028,0.057971014492753624,0.5272559110256076,0.2936548099522864,0.0004826486436069302,893.0951796981126,152.27988135701779,0.015999999999999837,Kristian,REC_20260311_143603.csv
right,16,loose,18.832,1.1039999999999992,0.014492753623188406,19444.0,1.3210288695669923,31081.333015171662,1737.5,0.41367695549466815,0.22138013562026326,0.5129637016354208,0.1540696618603131,0.4471506918969963,0.3445587016909197,5014.0,3933.285714285714,-12.800000000000011,590.6928571428572,0.1501779682562743,12.0,-0.9558823529411765,11.044117647058824,0.660476261511391,-0.5902650781190921,8976809.110520843,8168489.0,1364672.0,3463605.0,4101920.471628301,1245509.0265197586,1347499.1747398658,0.07865833726800567,0.09252170123124977,0.06156975266044384,0.09374931899901935,0.06885918715722951,0.10199760287654815,0.1099335343042894,0.0819126139541641,0.09002288163294955,0.07214251988522864,0.07215704790614898,0.07647550212472307,4.124003152207035,0.165382147756952,0.5218800194412075,0.043478260869565216,0.4802213952956713,0.22117683750529624,0.0008811205457264072,1592.6635970390416,404.92925257691144,0.009237604307034774,Kristian,REC_20260311_143603.csv
right,17,loose,19.952,1.1359999999999992,1.0,17128.0,1.0949136516920843,32880.693256073544,1139.8809523809523,0.27139135655097274,0.21789176090468498,0.5113085621970921,0.15598627727565612,0.44140501192901793,0.3533858317418732,4952.0,3987.7083333333335,-10.199999999999989,607.1736111111111,0.15226128903052782,0.2676056338028169,0.0,0.2676056338028169,0.5646408601276808,-0.8011997189090292,9180424.0819198,8283332.0,2182010.0,3302337.0,4175565.9997617938,1296614.1900712189,1256779.0707803753,0.07870365532974592,0.0924507601483726,0.06480330181286244,0.09311948174076588,0.06603974017379795,0.10119638472389113,0.11135259390836424,0.08256970203576965,0.0885986451421904,0.0735976873378263,0.07341657523988646,0.074151472406527,4.341746417729795,0.184667864758504,0.5306780751893739,0.08450704225352113,0.5241772737274747,0.25028164581682394,0.000676934066896819,1166.5373261637799,411.96542491829166,0.01847520861406792,Kristian,REC_20260311_143603.csv
right,18,loose,21.104,1.120000000000001,0.0,18875.0,1.2654763829647373,32555.209245219114,1014.8809523809523,0.24163042450099662,0.21957618567103934,0.5087790110998991,0.1544880212954747,0.4420124223602484,0.34951058721484524,4955.0,3968.3098591549297,-17.5,597.8098591549295,0.15064596273291925,0.0,-0.15714285714285714,-0.15714285714285714,0.5786985024159282,-0.9610661249554,9131365.186119817,8418944.0,1672549.0,3115412.0,4185055.648144845,1146090.1511941834,1276120.2972661273,0.0782715173025732,0.08943034605146406,0.0628039041703638,0.09304347826086956,0.06568944099378882,0.10305590062111801,0.11325998225377107,0.08272582076308783,0.09079325643300798,0.07344099378881988,0.07176220053238687,0.07572315882874889,4.208632784412916,0.18269941332524064,0.5192332715820959,0.08571428571428572,0.47356322430101583,0.24299100304942053,0.0006994928972143649,1206.898642526928,386.21061051774956,0.015999999999999896,Kristian,REC_20260311_143603.csv
right,19,loose,22.24,1.1360000000000028,0.0,17200.0,1.1019431403306825,28542.752179844185,1317.7083333333335,0.313729825360165,0.2219730941704036,0.5006114961271912,0.16015496381608907,0.44019671717702447,0.3638258932121732,4906.0,3965.0833333333335,-19.100000000000023,620.2430555555555,0.15642623456141455,0.0,-0.6901408450704225,-0.6901408450704225,0.4202879659733043,-1.0197496352522961,8653404.999053609,7771427.0,1299921.0,3577226.0,3835875.190670619,1242232.8792841323,1311917.6957132805,0.07798280826380277,0.09293275326986261,0.06545329718445037,0.08953854129449429,0.06621690730893984,0.1017492976888534,0.10919975060072998,0.08496738894376607,0.08975921761487428,0.07183189368305276,0.07518757487232298,0.0751805692748506,4.497059286568479,0.19699330082969996,0.5626829396295038,0.08450704225352113,0.5222685191543491,0.2332061626897814,0.0005881580352458931,988.5020654168304,152.17971835457283,0.009237604307033786,Kristian,REC_20260311_143603.csv
left,0,loose,1.296,1.0879999999999999,0.058823529411764705,20033.0,1.3785339919021913,30497.96365333266,1312.5,0.31248978652474935,0.16881443298969073,0.501840942562592,0.1321068127262841,0.49171120512446453,0.268667484794826,5432.0,4371.188405797101,6.600000000000023,564.268115942029,0.1290880336326141,0.25,-0.1875,0.0625,0.537962791974021,-1.215773451881495,9718268.790091628,8899084.0,2367713.0,3105638.0,4407624.725163112,1294877.4619630119,1168779.620059126,0.08785459464477541,0.11505841942628278,0.06293516173096561,0.09618980677161386,0.098885322865138,0.10537379149370717,0.10347068419028421,0.08922390355821387,0.07620386456772278,0.04624815988753763,0.04288290916807024,0.0756733816956885,4.264778632183803,0.14138985270681423,0.49576429691363993,0.08823529411764706,0.5152426060569054,0.19079473434885671,0.0008296874854322552,0.0,0.0,0.0,Kristian,REC_20260311_143603.csv
left,1,loose,2.4,1.12,1.0,19238.0,1.3009167215176698,33398.646394726835,489.5833333333333,0.11656365052907315,0.17117952522255192,0.5135385756676558,0.1347171657485593,0.49199118108635287,0.2738202856625033,5392.0,4433.492957746479,9.5,584.3661971830986,0.13180717839239084,0.2,0.0,0.2,0.48362050821402525,-1.1617119565368559,9633356.319353707,8765916.0,2045176.0,3431840.0,4282406.6364044,1154507.6033471315,1125430.1486360843,0.08473908595899331,0.11302886478724689,0.06266321026247068,0.09634409012065645,0.0991873637928953,0.10615100165831157,0.10310123325010007,0.08868154699502506,0.07727986072724269,0.04649308401476596,0.046035618753534235,0.07629503967875773,4.000753775330244,0.14301852012492058,0.48945876260468657,0.08571428571428572,0.5223023587807019,0.20062635151740874,0.0004411203133141996,562.1498910433053,581.8899553514298,0.022627416997969618,Kristian,REC_20260311_143603.csv
left,2,loose,3.536,1.1199999999999997,0.0,20282.0,1.4028443067773433,33324.26851410245,1202.34375,0.28626296515570787,0.17275437942601565,0.5085724934774506,0.1293119926598958,0.4940043072139462,0.2617628850022018,5366.0,4421.014084507042,-4.600000000000023,558.7887323943662,0.12639379149516394,0.0,-0.3142857142857143,-0.3142857142857143,0.6221507971770834,-1.086331089816092,10198349.3493284,9202073.0,2706133.0,3464827.0,4412830.170998323,1396700.474605842,1136412.6682083625,0.08621436672486078,0.11355179488486486,0.06344538885986263,0.09703337453646478,0.09936220101181299,0.10650478508531598,0.10417914441909958,0.08668586647636768,0.07755215169548763,0.046213347265938606,0.0426261261835281,0.07663145285639647,3.746382019653655,0.12923674575079552,0.4746766677400248,0.05714285714285714,0.5173917209331748,0.16683957615637296,0.0007156551447386608,545.2769938297415,446.7202053595144,0.01847520861406796,Kristian,REC_20260311_143603.csv
left,3,loose,4.672,1.1360000000000001,0.0,19272.0,1.3042362022636744,31998.383662303946,1286.830357142857,0.30637816655020067,0.16463081130355514,0.4986326344576117,0.13196930785503902,0.4911057533626507,0.26871871679647613,5485.0,4418.430555555556,-2.1999999999999886,570.6041666666666,0.12914182071939823,0.0,-0.09859154929577464,-0.09859154929577464,0.47450901501303916,-1.3563862893825034,9689493.111308713,8895419.0,2151467.0,3182607.0,4267906.498606882,1355595.6443205208,1211071.0480071718,0.08598452819157129,0.1135804254275808,0.06450254143785343,0.09706500862862945,0.0986398513801092,0.1059451099718037,0.10435140682809067,0.09008980690101752,0.07587535795452759,0.04581503613336812,0.0418795009540215,0.0762714261914267,3.6272776003540956,0.12585591489196826,0.4659920930798685,0.08450704225352113,0.5024132840097857,0.17152405676145643,0.00046946010082926003,593.1823778007342,437.9437207614876,0.009237604307033636,Kristian,REC_20260311_143603.csv
left,4,loose,5.824,1.104,0.014492753623188406,18597.0,1.2383347462768166,32203.474051723053,1106.25,0.2633842486422887,0.16716196136701336,0.5113298662704309,0.13259419768801478,0.493105827252145,0.2688960266943936,5384.0,4410.557142857143,-7.800000000000011,571.9857142857143,0.12968559203728716,3.0,-0.014705882352941176,2.985294117647059,0.46450713234235247,-1.347057100616168,9748160.447033789,8795237.0,2590068.0,3310889.0,4224947.77453195,1238529.7610525114,1209873.5154047643,0.0853957549904612,0.11366882706752306,0.06186131327755807,0.09728605715507273,0.0997217714639226,0.10591794363523882,0.10360207165275523,0.08969712281247266,0.0765112279303878,0.04582511441703187,0.04289707487554212,0.07761572072203382,3.7912242502502878,0.1323179932696446,0.4751085856878423,0.057971014492753624,0.5133171160432739,0.17147247993468603,0.0006378327573775006,848.0320355584063,90.35232976281908,0.015999999999999782,Kristian,REC_20260311_143603.csv
left,5,loose,6.944,1.12,0.014285714285714285,17090.0,1.091203643799491,31501.675939543282,673.6111111111112,0.16037835604709358,0.17601760176017603,0.49284928492849284,0.13388174643584524,0.49076502036659875,0.2728021372341791,5454.0,4425.915492957746,-15.600000000000023,579.5915492957746,0.13095404786150713,48.0,-0.463768115942029,47.53623188405797,0.509488206788694,-1.2471999186775584,9866309.94031117,9042027.0,2466673.0,3082425.0,4201939.977681484,1361358.5296455699,1086507.207430476,0.08408859470468433,0.11368062627291244,0.064667133401222,0.09622899694501019,0.09945901221995927,0.10533350305498983,0.10374872708757639,0.08939345723014258,0.07606288187372709,0.04692273421588595,0.04448828920570265,0.07592604378818738,3.7785105050118055,0.1241476120747049,0.47177265794942,0.05714285714285714,0.5442557594555063,0.21348038663054683,0.0005895236814698237,1117.1241351494184,315.1252442200818,0.015999999999999782,Kristian,REC_20260311_143603.csv
left,6,loose,8.08,1.0559999999999992,1.0,18626.0,1.2411660680895853,34209.47319091599,1228.125,0.29240115739101546,0.17750826901874311,0.5067989709665565,0.12662897483409608,0.49710874963160695,0.25473093146696646,5442.0,4405.985074626866,-5.600000000000023,543.9104477611941,0.12344809130050373,0.8181818181818182,0.0,0.8181818181818182,0.7341768263408529,-0.8379722659604174,10101241.55540585,9160535.0,2278527.0,3595552.0,4491980.427103662,1397253.2158885668,1286499.946827299,0.08609726931819336,0.11315002320452844,0.06376672165744696,0.09838042554056388,0.10009451187495977,0.10760803655814173,0.1030823066317526,0.08618534490059315,0.07787575245341309,0.04494225968069214,0.04044362993350293,0.07837371824621191,3.9931640381407663,0.13703759569702792,0.4869525649949909,0.09090909090909091,0.49118387857838286,0.1986416186799465,0.0005393000465914158,878.5580990084476,291.40909868393254,0.03330665599145891,Kristian,REC_20260311_143603.csv
left,7,loose,9.152,1.184000000000001,0.04054054054054054,17961.0,1.1762409299691994,32208.940823938934,1102.6785714285713,0.26253393629800365,0.17139198829339675,0.5006402048655569,0.1309405985136132,0.49217217613503444,0.2660463245643288,5467.0,4445.68,4.600000000000023,569.8933333333333,0.128190363079064,1.3333333333333333,-0.5070422535211268,0.8262910798122065,0.5377133593094208,-1.2183337145624462,9509223.00348609,8753698.0,2240653.0,2962696.0,4152112.0910441456,1116167.9284639936,1009261.3166483209,0.08516432431783964,0.11332649523432485,0.06446107981981009,0.09757187501874477,0.09922441561245973,0.10599653296383606,0.10563063468355798,0.08869134380642181,0.07605285730566902,0.045464360907667666,0.042249254707191396,0.07616682562247695,3.675278921052741,0.1422798854266217,0.47211788076905714,0.08108108108108109,0.4884685152704454,0.19208379939641912,0.00035750237804101255,770.2988597507702,290.78094415879485,0.06400000000000093,Kristian,REC_20260311_143603.csv
left,8,loose,10.352,1.1199999999999992,1.0,17492.0,1.130451622031664,30718.81356758428,848.9583333333334,0.20212633017275453,0.18007380073800738,0.5033210332103321,0.13044486886553514,0.4939382287234212,0.26409146180608273,5420.0,4432.070422535211,-10.5,564.887323943662,0.12745450096448105,1.0,0.0,1.0,0.6528851646296085,-1.0671541313663344,9908097.145728588,8787907.0,2750115.0,3657861.0,4191306.1121170605,1183843.0635947178,1104294.7305653335,0.08622492269851308,0.11478436619136448,0.06349367764406041,0.09766204711497822,0.10029649450071026,0.106064313565974,0.1015517498895693,0.08690816297346168,0.07513100735039423,0.045913746476545794,0.043536705892073466,0.07843280570235511,3.7717177726732873,0.1296568770812071,0.47586101187170143,0.08571428571428572,0.5339455935844323,0.2037883486095139,0.0005790624706772943,569.8160521899476,193.16578664088098,0.06400000000000093,Kristian,REC_20260311_143603.csv
left,9,loose,11.488,1.120000000000001,0.02857142857142857,20382.0,1.412607485442063,32686.12419666792,1063.8020833333335,0.253277932133651,0.18020164986251147,0.5066911090742439,0.13474829418608308,0.4901141401754551,0.2749324762141802,5455.0,4479.295774647887,3.1999999999999886,590.2957746478874,0.13178316511020974,3.0,-1.088235294117647,1.911764705882353,0.5785295569959343,-0.9262601615487385,9912616.998339742,8912523.0,2681698.0,3411071.0,4392093.122039648,1193442.5836575353,1141721.4641828737,0.08545734679118323,0.1126843379555388,0.06133069207307488,0.09674873439612615,0.09961324403358175,0.10532654152124014,0.10265383768826841,0.08743200327013176,0.07574128226896834,0.0463195296041254,0.047316290915951326,0.0793761594818099,4.196945980804053,0.14424036654244504,0.4924306316788131,0.05714285714285714,0.5234810230446446,0.1875453418674028,0.000383261708189275,1550.983666365747,136.65234322895606,0.036950417228136294,Kristian,REC_20260311_143603.csv
left,10,loose,12.624,1.0399999999999991,1.0,18473.0,1.2262284047325642,32989.71744347017,984.375,0.23436733989356198,0.17407476287892876,0.5114376046122373,0.12646355583264252,0.49586881606982597,0.25503429885935164,5377.0,4423.121212121212,-10.5,545.4015151515151,0.12330693394901447,0.4461538461538462,0.0,0.4461538461538462,0.6944026209203666,-0.8890652264437806,9717804.974565296,8883202.0,2124589.0,3318219.0,4415627.963254804,1311107.4204320344,1145754.4432182515,0.0868884580338853,0.11375143015695759,0.0621047799784877,0.09836054342538862,0.10008015730013771,0.10700314463254387,0.10309804539506587,0.08628899104567597,0.07667354055479814,0.045316278782979245,0.04017456478696656,0.08026006590711345,4.035782552006879,0.19047229052493939,0.5515286605129407,0.046153846153846156,0.4702210751105495,0.23392325977985667,0.0007961764520505808,1469.6225138903303,108.63100546652922,0.04618802153517084,Kristian,REC_20260311_143603.csv
left,11,loose,13.68,1.168000000000001,1.0,17252.0,1.1070199932363367,33744.18041677705,2406.25,0.5728979419620405,0.17405122452794916,0.5083193120209385,0.13005075432900104,0.49319782646332533,0.2636888229243088,5349.0,4449.094594594595,-5.0,566.3581081081081,0.12729738513453998,0.6712328767123288,0.0,0.6712328767123288,0.5968191359005479,-1.3048238906991392,10243808.79146785,9263160.0,2149023.0,3809355.0,4212322.861047169,1157117.0139137942,1238456.6622301387,0.0867683373173406,0.11473029738817189,0.06283392005054171,0.09826475474815706,0.10043039428003875,0.10532662278690168,0.10373504478591149,0.08833865378014961,0.07444575726005594,0.04542679500536094,0.04171210054885142,0.07798732204851883,3.82938460846824,0.1530327474047042,0.482535374603931,0.0821917808219178,0.5076544881017485,0.22118585207818053,0.0006203821541623447,1577.5520065384005,798.978888556566,0.06466323014923919,Kristian,REC_20260311_143603.csv
left,12,loose,14.864,1.1679999999999993,0.0,20612.0,1.4350627963709182,33778.628465347734,984.375,0.23436733989356198,0.1742677048572488,0.5120504263997033,0.1316642727707981,0.4925061968570268,0.26733526118242923,5394.0,4459.540540540541,2.0,574.5,0.1288249304558099,0.0,-0.0821917808219178,-0.0821917808219178,0.4812467240298271,-1.2509749417303417,10117910.783607058,8956506.0,3152064.0,3495370.0,4262462.810380299,1395997.8972340575,1248492.0799207434,0.08482573044126471,0.11258583177275565,0.06219280861560093,0.0984073016854239,0.09955273540481081,0.10624958334090895,0.10431628515845166,0.08960140118664509,0.07571074465312752,0.0456022011720999,0.04206287158415301,0.07889250498475785,3.335083611940624,0.11805193029520476,0.4520048166060769,0.0821917808219178,0.5037326397331291,0.11821814943678419,0.00040649910520314936,1700.7724715552044,820.919914003999,0.07390083445627264,Kristian,REC_20260311_143603.csv
left,13,loose,16.048,1.1360000000000028,1.0,16817.0,1.0645501660448062,33017.9152279486,1005.2083333333334,0.2393274952352247,0.20029080334423846,0.5043620501635769,0.13453937414405728,0.49489164038396144,0.2718562270310606,5502.0,4452.125,-12.300000000000011,584.8611111111111,0.1313667318664932,2.3943661971830985,0.0,2.3943661971830985,0.5295186337341438,-1.1920077500695436,9685424.093264787,9023701.0,2434908.0,2539977.0,4249516.293876959,1126389.7095562376,996211.494930772,0.08296911899124326,0.11282377641138906,0.06139702326916298,0.09898207160750327,0.0990725402663522,0.1068653233630632,0.10417310086007618,0.09053417063636902,0.0771479287356537,0.046248202325356494,0.04400520350768827,0.07578154002614233,3.2704608861420454,0.11064779764596164,0.4447058156888314,0.08450704225352113,0.5212401090210831,0.14433873758697072,0.0004689650393377654,2076.8907048759206,814.9724223492564,0.01847520861406547,Kristian,REC_20260311_143603.csv
left,14,loose,17.2,0.9920000000000009,0.0,17956.0,1.1757527710359634,32542.67859288783,1041.6666666666665,0.24800776708313435,0.19822912902059991,0.49602457535236716,0.12634912171995905,0.4970027522803579,0.25422217712112016,5534.0,4406.158730158731,13.0,539.563492063492,0.12245666239174603,0.0,-0.532258064516129,-0.532258064516129,1.0813266198415608,0.14850682171510643,9879414.111126935,9042027.0,2362826.0,3203377.0,4462565.771720845,1479975.359127711,1326734.5194126004,0.08668602389152268,0.1142700693113535,0.06281251350922949,0.09775638716371024,0.1003537616899866,0.10726328227444988,0.10072481519374035,0.08487758836837327,0.07735925184085767,0.04668069224894447,0.0414715333515858,0.07974408115624593,3.940381162830772,0.1686248211968694,0.5286318477462526,0.04838709677419355,0.48673428522021,0.14113994435815036,0.0010568038225051391,1947.377809602783,28.99877272307564,0.09375144443331693,Kristian,REC_20260311_143603.csv
left,15,loose,18.208,1.2000000000000028,0.0,20775.0,1.4509767775944113,34383.47009828996,1212.5,0.2886810408847684,0.2018881626724764,0.5034495279593318,0.13179481634525747,0.4915617301448606,0.2681144773136808,5508.0,4502.513157894737,7.600000000000023,579.75,0.12876142271421517,0.0,-1.9733333333333334,-1.9733333333333334,0.5541422474883266,-1.1172556033504581,10485738.473393517,9375559.0,3241250.0,3397632.0,4303330.225117584,1229096.3057142003,1123261.9533475693,0.08462233080355708,0.11255994459234754,0.062283929150679006,0.09790438673138686,0.09860574942064519,0.10644055512856855,0.10496769348112604,0.08852366076255659,0.07605109427191248,0.046304549213743204,0.043271155582700886,0.07846495086077658,4.437177486177795,0.16245833097820367,0.5534028723740768,0.06666666666666667,0.4904204975248954,0.19867257756813397,0.0011165210314344272,2037.5576065476043,110.66697257738896,0.10653324989567146,Kristian,REC_20260311_143603.csv
left,16,loose,19.424,1.1039999999999992,1.0,19813.0,1.357054998839808,31559.39780794304,2468.75,0.5877784079870285,0.19719608928242022,0.5058107360265633,0.13253437975041538,0.4913950192346629,0.2697104662492797,5421.0,4445.1,16.100000000000023,574.0785714285714,0.12914862914862912,0.4492753623188406,0.0,0.4492753623188406,0.6520836229124453,-1.0063280429670176,9756876.087102214,9078679.0,2204001.0,2813645.0,4260252.632998687,1373616.6083012468,1172640.0925605157,0.08606587671175643,0.11443740619687168,0.06354027066721943,0.09673251766792969,0.09889862673827038,0.10607185440147578,0.10239846765459237,0.08929575744720511,0.07525461423011534,0.04654242070723139,0.043238622303210274,0.07752356527412206,4.162169751024061,0.13962733306789432,0.5016801094276921,0.07246376811594203,0.5620874849242586,0.1936575064539607,0.0011625362702155117,1432.983717051012,779.3068427086936,0.10410251357836443,Kristian,REC_20260311_143603.csv
left,17,loose,20.544,1.1359999999999992,1.0,20406.0,1.4149506483215957,33570.136267224174,1309.0277777777778,0.31166309396780556,0.2083938953488372,0.5067223837209303,0.13162908566249237,0.49067719798005954,0.26826004184482616,5504.0,4505.083333333333,-10.0,577.6875,0.12823014742605576,1.2535211267605635,0.0,1.2535211267605635,0.8624084920718371,-0.4155021602080451,9790712.127887225,8786685.0,2586403.0,3458718.0,4233585.682215548,1250204.4975640306,1199396.6456544634,0.08617734287810683,0.1123453136271989,0.06263295166571096,0.0972389214652584,0.09945247035755907,0.10633358613418177,0.10229493843374461,0.08829223778077852,0.07530690639586148,0.04689764031988556,0.04333684788171387,0.07969084306000014,3.4794514758038133,0.10637396461138109,0.4464035191832114,0.08450704225352113,0.5118675174956699,0.15684672858102766,0.0013322185769539027,485.32703750495256,699.0990996869666,0.04888080741286407,Kristian,REC_20260311_143603.csv
left,18,loose,21.696,1.1199999999999974,0.0,18621.0,1.2406779091563493,30759.284403249694,1564.2361111111113,0.37242499690317354,0.20373391335870944,0.4897589269530542,0.13772623807669537,0.48792710994608596,0.28226805862836796,5517.0,4448.915492957746,0.5,598.6619718309859,0.13456357460118465,0.0,-3.5714285714285716,-3.5714285714285716,0.5752295916771698,-0.8958433704463067,9395268.751381038,8570439.0,1628566.0,3488040.0,4083974.9126593405,1261447.3021634936,1158082.9180865788,0.08374884842959038,0.11359628711539133,0.06441512886508186,0.09667492948115224,0.09869789440692937,0.10464965349998259,0.10437739217976845,0.09276196446040022,0.07430834544263043,0.04746844459640425,0.04496427361629516,0.07433683790637377,3.760819835479147,0.1284234975189261,0.47150158368801404,0.08571428571428572,0.4777689713336235,0.17219283718925193,0.0005331271327009417,909.0964378619753,609.4030277399522,0.016000000000000125,Kristian,REC_20260311_143603.csv
left,19,loose,22.832,1.1359999999999992,1.0,19171.0,1.2943753918123075,29659.819891563737,911.4583333333334,0.2170067961977426,0.16974100987516302,0.5112725917644867,0.12822520285230224,0.4954011793774917,0.25883104076047686,5367.0,4435.013888888889,2.0,556.2361111111111,0.1254192489689059,0.4225352112676056,0.0,0.4225352112676056,0.5511673155498252,-1.2386668925603983,9483070.376902515,8715825.0,2552194.0,2729345.0,4103647.7907631285,1119199.9818670016,1029209.7974766673,0.08495839609671774,0.11467457511407017,0.06437096213528079,0.09833678336219666,0.1006635955668434,0.10585586290911027,0.10397061264370336,0.08763282089182986,0.07587036242527112,0.045283586109275624,0.04059238196047238,0.07779006078522865,4.338933376674395,0.16743630959144107,0.5103210277346193,0.056338028169014086,0.5101598307676192,0.16111288334321455,0.0009335895667291274,914.1434971235818,328.9659515611343,0.00923760430703468,Kristian,REC_20260311_143603.csv
right,0,loose,0.688,1.1360000000000001,0.014084507042253521,17812.0,1.3593567031075235,30573.283320572555,1468.75,0.3513447969836531,0.21175298804780876,0.49701195219123506,0.1510930506226958,0.44388627580641143,0.3403868487443474,5020.0,3906.625,-36.30000000000001,575.5972222222222,0.1473387443694294,12.0,-0.02857142857142857,11.971428571428572,0.7310073425849121,-0.52247485710526,8989896.707866559,8104959.0,2017077.0,3325550.0,4043809.2004031152,925022.6377141315,1243669.5867032562,0.08023052009229335,0.09148632842358244,0.06682736235099208,0.092158263917775,0.0654479392200571,0.10400423781539195,0.11017608976204951,0.08061803844608696,0.09078950642960498,0.0703434692491743,0.07047501217660883,0.0774432321163835,4.328211092905512,0.15598525036395808,0.4952625539106786,0.056338028169014086,0.48482503194208837,0.2053101972318395,0.0006995831439568978,0.0,0.0,0.0,Kristian,REC_20260311_143916.csv
right,1,loose,1.84,1.152,0.013888888888888888,17228.0,1.2966949118984532,28983.92399244795,1437.5,0.343869375771235,0.22341968911917098,0.5015544041450777,0.15712205352601397,0.4374055003170312,0.3592137122465096,4825.0,3932.027397260274,-0.5,603.1095890410959,0.15338387251862123,6.0,-0.056338028169014086,5.943661971830986,0.4809382094496084,-0.9138314819458735,8633676.314736903,7799527.0,2081828.0,3061656.0,3992610.222387449,1099637.8910175525,1206672.8901242018,0.07953999122067462,0.08851441272584118,0.06479281488862101,0.09456936015440463,0.06520739414293578,0.10133153101679916,0.11306865293097082,0.08348023606630481,0.08778280227705042,0.07410168688466336,0.07364181745970917,0.07396930023202503,3.8770283365600173,0.1690286730419951,0.496826898255333,0.05555555555555555,0.4362340166290019,0.23190867185639463,0.0007735776068409876,412.95036021294374,22.09708691207961,0.011313708498984535,Kristian,REC_20260311_143916.csv
right,2,loose,3.008,1.1520000000000001,0.0,17568.0,1.333176091711953,28473.076423175633,1421.875,0.3401316651650259,0.2217175887696119,0.5066061106523534,0.1602604443163161,0.43624071411243964,0.3673670043436505,4844.0,3896.3972602739727,12.399999999999977,609.7671232876712,0.15649511139549355,0.0,-0.08333333333333333,-0.08333333333333333,0.4237447116760852,-1.034867141911151,8679513.636110436,7881383.0,1463633.0,3327993.0,3989789.2254290683,1136265.814652059,1245414.024056206,0.08020756793244198,0.0908777690666123,0.06539585215706817,0.0920836600020391,0.06602516550237839,0.09965651444783906,0.11240802005364983,0.0856112249812788,0.08759760509357081,0.07451562208854685,0.07464921933503728,0.0709717793395374,3.9881154239732943,0.15234470058859462,0.4953124578627485,0.05555555555555555,0.4950986580732946,0.19347352948530888,0.0008739068273835426,293.31212044509857,23.86758174456164,0.009237604307033893,Kristian,REC_20260311_143916.csv
right,3,loose,4.176,1.1520000000000001,0.0,17152.0,1.2885402952342593,29175.16760877305,1378.125,0.3296660754676405,0.21980725856059052,0.4853393479598114,0.15654456002348524,0.44174498021087183,0.35437767724868197,4877.0,3873.027397260274,0.0,591.7328767123288,0.15278303405003343,0.0,-0.2361111111111111,-0.2361111111111111,0.4970133782325197,-0.822561293306407,8565998.575255428,7694458.0,1740965.0,3337767.0,3917762.16582028,1310425.3372279701,1329255.5726669354,0.07925554679182685,0.08949849857284839,0.06313775284634511,0.09449264495226911,0.06589302198909917,0.1017009100523112,0.1139846709416371,0.08429921020333815,0.09015990464434391,0.07107816263515497,0.07224534982014706,0.07425432655067891,4.138995856210096,0.1895221099957346,0.5137985495129828,0.05555555555555555,0.4401243095733502,0.2287333231864629,0.0009481681139714177,221.52200793600622,30.77768063061278,0.0,Kristian,REC_20260311_143916.csv
right,4,loose,5.344,1.2159999999999993,0.013157894736842105,15257.0,1.0852113665678413,27495.514215958938,1257.638888888889,0.30084417368198385,0.22491058278981696,0.508100147275405,0.16796405185086197,0.43303821996525454,0.3878735042468977,4753.0,3887.2727272727275,-4.300000000000011,639.0649350649351,0.16439930509154083,2.0,-0.02666666666666667,1.9733333333333334,0.22245481799322514,-1.2862302410153197,8354005.839420332,7475768.0,1549154.0,3391523.0,3671896.1428087065,810647.4495821428,1039140.6887172705,0.07738206601630361,0.08920219163437124,0.06577575838567419,0.09127355338767873,0.06391821461980489,0.10102231725243886,0.11393491915007349,0.0902545770412936,0.08762194307096084,0.07354670586663103,0.07770947480956836,0.06835827876520112,3.5582998232768217,0.12718009132280314,0.49107504560681375,0.05263157894736842,0.4545609224613321,0.17031897626042586,0.00033349540555061127,1231.8551051158574,85.05338094747735,0.03695041722813558,Kristian,REC_20260311_143916.csv
right,5,loose,6.576,1.1520000000000001,0.0,15649.0,1.127272020941053,29118.295983796856,1107.6388888888891,0.26496215186237676,0.22467694872863694,0.5025010421008753,0.1631931424326001,0.4346782361248857,0.37543435320653523,4798.0,3908.890410958904,3.6999999999999886,623.3356164383562,0.1594661274439371,0.0,-0.4027777777777778,-0.4027777777777778,0.3901513509545898,-1.046377870617732,8799587.468435893,7976678.0,2013411.0,3122743.0,3848000.645274114,1308261.925073576,1254403.9910934072,0.08103410209953427,0.09210125144997881,0.06517632793526525,0.09050671283235617,0.06655008428275551,0.09911021240656179,0.11138290304153861,0.08788536143459413,0.08640997515323341,0.07239205324006744,0.07530778099800596,0.07214323512610873,4.078378589318478,0.15946614070800433,0.4990533113262859,0.05555555555555555,0.4860853413086421,0.23409647304213232,0.0006085352217350292,1000.3081191979467,135.51115530630125,0.03695041722813558,Kristian,REC_20260311_143916.csv
right,6,loose,7.744,1.120000000000001,0.0,17042.0,1.2767375605887152,28729.887260481897,1625.0,0.3887219030457439,0.22145545796737767,0.5010455876202425,0.15939660003736222,0.43762663639368293,0.3642296578444058,4782.0,3920.507042253521,18.19999999999999,610.1549295774648,0.15563163718403772,0.0,-0.3142857142857143,-0.3142857142857143,0.3817121259161211,-1.1294370218010779,8813895.999457335,7962017.0,1415985.0,3505144.0,3966989.85525932,1340149.8378951994,1281057.1657010778,0.0810041816953829,0.09233858799522913,0.06483783356564975,0.09114946327724209,0.06745318944085991,0.09990803144175085,0.11184238888330053,0.0858864188305623,0.08677736423860093,0.07171751282530286,0.07351018120679993,0.07357484659931887,4.297058991996949,0.19936469049922384,0.5371063958812118,0.05714285714285714,0.45475497103191753,0.2594233371999223,0.0007789216059008378,938.1131772517293,266.1818630331881,0.04888080741286146,Kristian,REC_20260311_143916.csv
right,7,loose,8.88,1.1199999999999992,1.0,17965.0,1.3757732340235984,28694.015630441132,878.4722222222223,0.2101423963046436,0.21904761904761905,0.5008281573498965,0.15965095734323728,0.4385533479969711,0.3640399921066085,4830.0,3906.056338028169,-21.899999999999977,608.8450704225352,0.15587206577002125,0.2857142857142857,0.0,0.2857142857142857,0.4548400265417622,-0.9193091985909381,8882587.458027588,7931474.0,2067167.0,3423288.0,3916143.104252241,1457667.1888115425,1401068.3512357743,0.08110914794648974,0.0930732340532939,0.06511736919914902,0.09067176288176541,0.06793350881621173,0.0999026430606137,0.11094364114953303,0.08454188151299895,0.08697219918508636,0.07153571557350448,0.07510907583023835,0.07308982079111527,4.2023801527018465,0.17776267739168772,0.5157008973250183,0.05714285714285714,0.45332533942046943,0.25274630343352916,0.0007822484290519111,1165.9212380488382,382.4228905707792,0.018475208614067942,Kristian,REC_20260311_143916.csv
right,8,loose,10.016,1.1039999999999992,0.0,18927.0,1.4789935133782655,30818.893977558637,1010.4166666666666,0.2417052858681869,0.21616656460502143,0.5019391712594407,0.15280680314414016,0.44502816565308884,0.3433643417148797,4899.0,3951.114285714286,-7.899999999999977,588.6857142857143,0.14899232766163614,0.0,-0.11594202898550725,-0.11594202898550725,0.5474457997727971,-0.8171836121859868,9038355.091990743,8223467.0,1543045.0,3418401.0,4178995.7581784246,1090575.0035585281,1217556.275003045,0.08162254409244409,0.09111353759156549,0.061863199531416085,0.09637064408593596,0.06854124333822646,0.10117579850891972,0.1116213147828099,0.08186479040270737,0.08782694212844117,0.07200138839676329,0.0709420127414328,0.07505658439933763,4.338532348493499,0.20190591777017627,0.5267297972606038,0.057971014492753624,0.42387627734419,0.2610375425444189,0.0005571094524522337,942.567238980861,398.41890287834207,0.009237604307034273,Kristian,REC_20260311_143916.csv
right,9,loose,11.136,1.136000000000001,0.0,16793.0,1.250020461254711,29761.834234468817,1336.8055555555557,0.31978190742010987,0.21741815935762818,0.49413218035824585,0.15604104342388564,0.43853079322669813,0.3558268788279351,4857.0,3909.1388888888887,15.199999999999989,595.3958333333334,0.15230869259356639,0.0,-0.15492957746478872,-0.15492957746478872,0.45174883101588503,-0.8691597869316765,8886077.76991407,8059755.0,1546710.0,3407406.0,4000848.097941919,1114054.8949913557,1329329.6461380937,0.08084332298246985,0.09165132986093841,0.06445366626637013,0.09280247852255044,0.06609511898755766,0.10098842456068045,0.1132495789780358,0.08292533877168175,0.08699344129497119,0.0730695165886207,0.07311570465220389,0.07381207853391981,4.081202222054769,0.16140004933061833,0.4970233006721308,0.056338028169014086,0.4755341525557826,0.2189836963109564,0.0007456682360341694,1068.7207305933591,235.94084274605785,0.016000000000000722,Kristian,REC_20260311_143916.csv
right,10,loose,12.288,1.1519999999999992,0.0,16668.0,1.2366082627938655,28043.511299407568,1322.9166666666665,0.3164594979923684,0.2164271047227926,0.497741273100616,0.15722027280900921,0.4424487739687449,0.35534118763322575,4870.0,3915.6301369863013,-35.60000000000002,601.4931506849315,0.15361337246930987,0.0,-0.6388888888888888,-0.6388888888888888,0.4023162545207744,-1.1067854975812725,8651691.387194876,7858170.0,1328021.0,3367089.0,3971270.867303075,1209557.577212314,1225744.4563276942,0.08165728499410511,0.09341557019461869,0.06413005831913546,0.0925479549819655,0.06948268442945554,0.10023054775207195,0.11071889616954882,0.08312663333811454,0.08677201661063318,0.07130187761727674,0.07409363947089466,0.07252283612217982,4.148474950588191,0.19616839399778777,0.5284806665570323,0.05555555555555555,0.45963077767718274,0.24348977675525485,0.0007738620769508564,1269.689069549446,184.56203023405206,0.024440403706431246,Kristian,REC_20260311_143916.csv
right,11,loose,13.456,1.152000000000001,1.0,16908.0,1.2623596838386888,28473.32739600344,965.2777777777778,0.23090745522802736,0.21873684210526315,0.5031578947368421,0.15928609158932774,0.44029132836358675,0.3617743101624273,4750.0,3915.931506849315,-29.899999999999977,609.7123287671233,0.155700457911657,0.3888888888888889,0.0,0.3888888888888889,0.2977025522269838,-1.2051835161914348,8765850.17580417,8005999.0,2006081.0,2952922.0,3886187.7436308376,1062088.3097802538,1168360.9576278334,0.07993339466807527,0.09283118137009685,0.06422657007027842,0.09230995266963546,0.06706009522043775,0.1011918296526658,0.11214113054155311,0.08528910701979618,0.08689826945075088,0.07161472453587907,0.07399698456953155,0.0725067602312996,4.100456225567791,0.18919772391169742,0.5136695449869576,0.05555555555555555,0.438404824046004,0.22562293475922524,0.0004764207204405557,120.03471720022843,210.60680811278792,0.009237604307033184,Kristian,REC_20260311_143916.csv
right,12,loose,14.624,1.1359999999999992,1.0,16735.0,1.2437972011688787,27232.24166314628,1309.8214285714284,0.3133269405319265,0.22266030296742062,0.502386387217265,0.15899750438060853,0.43697410573638473,0.36386024318895205,4819.0,3923.5416666666665,-32.30000000000001,609.2152777777778,0.1552717747216765,0.5774647887323944,0.0,0.5774647887323944,0.4510726640438135,-1.0479882391184412,8668231.820809882,7938804.0,1653001.0,3062878.0,3893674.5182973756,1126941.3706199483,1197366.4379112683,0.08236251969061399,0.09298571656135507,0.06648613249792032,0.09296447724738491,0.0667020655232836,0.10018938388290059,0.11119134851944283,0.08500681427989876,0.08413246252146056,0.07197295527354468,0.07399069010070974,0.07201543390148499,4.0151122664564465,0.1726062715343325,0.5114255585975513,0.056338028169014086,0.4830198593444241,0.2297898468319926,0.0010837587210120489,123.83995047374165,202.8083608601423,0.009237604307034178,Kristian,REC_20260311_143916.csv
right,13,loose,15.776,1.1679999999999993,1.0,15927.0,1.1571007503179733,29124.87158769975,1548.9583333333335,0.37053171142885977,0.21938361719383617,0.4959448499594485,0.157946827753319,0.439933790655609,0.359024087506097,4932.0,3959.5945945945946,-21.5,610.8108108108108,0.15426094672536775,0.0547945205479452,0.0,0.0547945205479452,0.4713634813579075,-0.8757498843543998,8678626.688455898,7806857.0,1815491.0,3327993.0,3965652.2095070076,904920.9821372231,1147553.9111604276,0.08175488891164123,0.09300365175249992,0.06404218286065322,0.09182963038804137,0.06738336575543498,0.10019453260980854,0.10830347087130131,0.08282993754479369,0.08752261014982424,0.07270400327633869,0.07511689020852531,0.0753148356711375,3.594666201633036,0.14046795024580128,0.4605587232432023,0.0547945205479452,0.42244774150962766,0.19986178046157876,0.0005653875208953129,523.633777876617,293.42227177879187,0.015999999999999782,Kristian,REC_20260311_143916.csv
right,14,loose,16.96,1.1359999999999992,0.0,16487.0,1.217187399422561,29333.80945257537,1255.2083333333335,0.3002627520321291,0.22065727699530516,0.5068381302306593,0.1569652861848588,0.4427524705087418,0.35452153661482466,4899.0,3946.5555555555557,-33.0,604.6319444444445,0.15320497480221854,0.0,-0.352112676056338,-0.352112676056338,0.5327646870899767,-0.8609975124148614,8884946.57468946,8126951.0,1690874.0,3167947.0,4042346.8302561883,1087152.6197847063,1216200.7001044562,0.08110447929277287,0.09458318083279371,0.06422266955713843,0.09286930938371013,0.06879768574565726,0.09999577690813367,0.1091915594470565,0.08392339311354485,0.08650651763844702,0.07118021340690898,0.07304189307131395,0.0745833216025226,4.099490369277075,0.1817619491958364,0.5090776988653952,0.056338028169014086,0.4730227849113014,0.22296396538600075,0.0007264117683419199,413.9178662488544,156.2359923804316,0.018475208614067824,Kristian,REC_20260311_143916.csv
right,15,loose,18.112,1.152000000000001,0.0,19200.0,1.5082857548167519,27816.19535450526,1437.5,0.343869375771235,0.22000411607326611,0.49907388351512655,0.15942688433483848,0.43835359499826326,0.36369471165253675,4859.0,3943.8356164383563,-17.899999999999977,614.3767123287671,0.15578152136158388,0.0,-0.5416666666666666,-0.5416666666666666,0.39890632088642897,-0.9516535643788475,8695257.765634209,7932695.0,1393994.0,3276681.0,3886178.1200652807,1322412.361243302,1240304.1611276546,0.08184439041333796,0.09319555401180965,0.06373393539423411,0.09213268496005557,0.0674609239319208,0.09919763806877388,0.11086141021187912,0.08361236540465439,0.08636679402570337,0.07192427926363319,0.0758145189301841,0.07385550538381382,4.100864628738765,0.18499325634409172,0.5083355520290285,0.05555555555555555,0.45580595163140647,0.24331457965696418,0.0007294280187409426,1750.5474381842223,148.29153398264492,0.015999999999999782,Kristian,REC_20260311_143916.csv
right,16,loose,19.28,1.1519999999999975,1.0,17817.0,1.3598931910459573,27368.490641611934,1384.8214285714284,0.33126795144173005,0.2171310629514964,0.49287925696594426,0.16477387529872428,0.4339044221644708,0.37974693707124846,4845.0,3932.246575342466,2.5,633.5958904109589,0.16112821977746347,0.1527777777777778,0.0,0.1527777777777778,0.30682344856358923,-1.2287068653742168,8701648.65531136,7888713.0,1731192.0,3238807.0,3857447.938543472,1177551.0364716274,1285937.968429362,0.08062942860925122,0.09342144683578699,0.06463243849589276,0.09009454667066126,0.06719989967044528,0.09830554529809722,0.11160617862841138,0.0878998376612066,0.08488298368948002,0.07364119642994,0.07687403763751768,0.07081246037330956,4.197456955572254,0.18313787548313767,0.5205247862939543,0.05555555555555555,0.47404124511821144,0.20991836017701063,0.000628012294134172,1356.5862793546705,93.81261294114064,0.009237604307033681,Kristian,REC_20260311_143916.csv
right,17,loose,20.448,1.184000000000001,0.0,16549.0,1.2238398498591405,26789.59919446351,1244.7916666666667,0.29777094496132306,0.2148810733889002,0.4885139255946331,0.1683055810497793,0.4281012462473063,0.3931443379925437,4919.0,3966.04,-0.30000000000001137,653.5266666666666,0.16478065442271553,0.0,-0.22972972972972974,-0.22972972972972974,0.2682734802834963,-1.3005219308628304,8548806.355033081,7806857.0,1374446.0,3200933.0,3714416.6269897954,1351566.4447674768,1197721.6309528246,0.08046649386625786,0.09196747049113642,0.06482032455547598,0.08987638383206759,0.06542882404951371,0.09723889152235815,0.11232698947396731,0.08953011063932789,0.08358967635223043,0.07513455907319812,0.07877547041045141,0.07084480573401512,3.9057427528469644,0.16982295630404487,0.48952018819522836,0.05405405405405406,0.4708304961304537,0.2033457055396754,0.0003491587121263636,1325.9156584539417,99.5990862098062,0.018475208614068914,Kristian,REC_20260311_143916.csv
right,18,loose,21.648,1.152000000000001,0.0,17544.0,1.3306009496074707,26785.678430833144,1679.1666666666665,0.4016792998139353,0.21312143439282805,0.48940505297473513,0.1626951088971756,0.4384816662352291,0.37104198744264255,4908.0,3915.972602739726,-19.19999999999999,622.9794520547945,0.15908677492251613,0.0,-0.4027777777777778,-0.4027777777777778,0.3216676060998845,-1.111416383122397,8473754.566397708,7794640.0,1171639.0,3110525.0,3833871.308340775,1193728.266410635,1162169.4410084593,0.08003750008745357,0.09097619164223798,0.06264823378785865,0.0920081436757082,0.06742319828171241,0.100613574192104,0.11288505803418385,0.08865692317379473,0.08746055844346652,0.0699908348666858,0.07403818572338088,0.07326159809141346,4.345357887038003,0.21101841658258563,0.5570922604234692,0.05555555555555555,0.48626446611713653,0.2515265700829248,0.000638394635736391,667.3802014843927,221.70892856530241,0.018475208614068914,Kristian,REC_20260311_143916.csv
left,0,loose,1.216,1.136,0.0,18080.0,1.3881124566075762,29481.327802526128,1036.4583333333335,0.24793480354520206,0.1926282644934247,0.5006482681978144,0.13354879685627663,0.4927711258021219,0.2710158730157491,5399.0,4439.180555555556,14.600000000000023,578.9722222222222,0.1304232200011889,0.0,-1.1549295774647887,-1.1549295774647887,0.6466063786207382,-0.9912828612837901,9450652.561924282,8456818.0,2103819.0,3656639.0,4124653.7662308654,1342637.9626730124,1173327.2757940572,0.08570150271728078,0.11334674505116998,0.060759461987791794,0.0983164435378151,0.10061917083045233,0.1057127034831879,0.10279362119510295,0.08922755388413152,0.07477606289949659,0.04708076127663702,0.04432124297214513,0.07734473016478892,3.9821309018673494,0.21816842335305964,0.5355873976579767,0.08450704225352113,0.4662901497457004,0.2048305662117739,0.0009038484058346588,0.0,0.0,0.0,Kristian,REC_20260311_143916.csv
left,1,loose,2.368,1.2160000000000002,1.0,20435.0,1.6407982756099055,31501.729746158384,1182.2916666666665,0.2828201025364867,0.17711627906976743,0.5043720930232558,0.13546685556719923,0.48862498755949496,0.2772409496365396,5375.0,4436.701298701299,32.39999999999998,589.0714285714286,0.13277238851843828,0.8289473684210527,0.0,0.8289473684210527,0.38905365222685845,-1.4829888151017965,9916078.382796044,8896641.0,1987755.0,3902207.0,4110236.562434004,1261055.283205779,1251226.0771664637,0.0847300849466961,0.11295393207776927,0.06326216388682361,0.09770333639711264,0.0989210423094261,0.10488663040869255,0.10510616873422983,0.09069567304596254,0.07416004636649436,0.048447717679567716,0.04477118252123667,0.07436202162598865,3.5241230972210653,0.13430575085344307,0.46963580549487893,0.07894736842105263,0.45326434124548265,0.17353938395923468,0.001086819532049527,1665.2364696943193,103.11973892303797,0.05656854249492393,Kristian,REC_20260311_143916.csv
left,2,loose,3.6,1.1359999999999997,0.014084507042253521,18578.0,1.4415466552755847,29469.064796833984,937.5,0.22426263637254454,0.17797552836484984,0.5027808676307007,0.13187250744212212,0.4928422902143205,0.2675754700042367,5394.0,4395.027777777777,15.199999999999989,566.2847222222222,0.12884667648415823,1.0,-0.05714285714285714,0.9428571428571428,0.6064047923972156,-1.1149216278465113,9409270.419008585,8443379.0,1705535.0,3786142.0,4072350.470370315,1314966.7964308811,1330352.8133048012,0.08529525157848833,0.1134331093849742,0.06250434518805974,0.0990955688562201,0.09978447867223694,0.10616163467554876,0.10581401963076963,0.08931178541407273,0.07436749862534052,0.046615177504882414,0.04256072202804938,0.07505640844135734,3.8754691212211028,0.16157998088869577,0.4859587964327027,0.056338028169014086,0.4935172077844905,0.16863100412974855,0.000603065043190562,1241.1337558861253,123.14156684934248,0.04618802153517029,Kristian,REC_20260311_143916.csv
left,3,loose,4.752,1.1680000000000001,0.0,18870.0,1.4728775508801197,30644.793244530138,837.0535714285714,0.2002344967612005,0.18442239281033515,0.5118891593334581,0.12973081877735923,0.4935284169653161,0.2628639290418347,5341.0,4426.8378378378375,3.6000000000000227,561.5337837837837,0.12684760643006723,0.0,-1.1095890410958904,-1.1095890410958904,0.5999263141237833,-1.1319888921775987,9683281.014031814,8735372.0,2751337.0,3144734.0,4238960.963482189,1092948.0962688336,1071850.6282318742,0.08630405450782391,0.11349386115401758,0.06361077701733285,0.0992411153101781,0.09908237836781793,0.10628964607767122,0.1058714352872223,0.08793721343402955,0.0754214160556312,0.045441502384106776,0.041793605343329696,0.075512995060839,3.559081890120087,0.13314600370784366,0.4703728341523867,0.0547945205479452,0.43413986592515996,0.15853661286061116,0.0004423379691743143,998.5771544218969,177.57711352434433,0.040265783654777516,Kristian,REC_20260311_143916.csv
left,4,loose,5.936,1.2160000000000002,1.0,16956.0,1.2675099680476534,25589.973446645075,1369.7916666666665,0.3276726298109956,0.17988032909498877,0.512341062079282,0.1329465238297064,0.4944857723280184,0.2688581376239385,5348.0,4443.051948051948,-10.0,578.5519480519481,0.13021498618885463,0.7236842105263158,0.0,0.7236842105263158,0.5135938248134845,-1.3290971170870913,8557425.08730804,7876496.0,1986533.0,2691472.0,3891983.374241068,1005887.1316664369,963243.8759941596,0.08694737149788814,0.11476842582172661,0.06278590532423309,0.09943732370694065,0.0998377738479751,0.10624789909825644,0.10161787702965377,0.08791780541630738,0.07419434985311957,0.045701006971340045,0.045028718413399005,0.07551554301916022,3.427480214418895,0.12725690988235666,0.4661685490154903,0.07894736842105263,0.4332564607651008,0.17501817955927573,0.0006038940576371663,1031.1437015922334,283.0710888923231,0.040265783654777516,Kristian,REC_20260311_143916.csv
left,5,loose,7.168,1.1360000000000001,0.028169014084507043,19329.0,1.5221271436283446,30450.54185067977,1571.4285714285716,0.37590689525302706,0.18929431376180775,0.5049083163548805,0.1264076154806492,0.4960205992509363,0.2548434796286403,5399.0,4450.0,-5.0,549.6875,0.1235252808988764,38.5,-1.7391304347826086,36.76086956521739,0.7452133284779973,-0.8383790610515702,9510160.55946933,8587543.0,1981646.0,3573561.0,4248743.449739748,1070223.6623507196,1218614.8409918642,0.08825842696629213,0.11467852684144819,0.06260611735330837,0.09916354556803995,0.09980337078651685,0.10687578027465668,0.10225343320848938,0.08599875156054931,0.07549937578027466,0.04497815230961298,0.04040886392009988,0.07947565543071161,3.786329919121388,0.1471674517232318,0.48044035746276265,0.056338028169014086,0.46482003380384684,0.16557259628206372,0.0008819149048142447,1258.6504677629925,379.4236770210129,0.04026578365477734,Kristian,REC_20260311_143916.csv
left,6,loose,8.32,1.1039999999999992,0.014492753623188406,19296.0,1.5185863232346812,31298.026055967173,1266.6666666666667,0.30300373981001577,0.17075913776944704,0.5075913776944705,0.12564526053304834,0.49780757148871396,0.25239724690655835,5335.0,4411.285714285715,8.800000000000011,541.4142857142857,0.12273389682308364,4.0,-0.29411764705882354,3.7058823529411766,0.7011584645332062,-1.01915351568427,9633423.652698869,8767137.0,2249205.0,3298672.0,4251404.9044556655,1190300.0064623414,1283381.006975465,0.08716927361637357,0.11453738786877812,0.06192558049159623,0.09923896499238964,0.10051491304770231,0.10742252015933157,0.1031056705204184,0.0855079503869944,0.07609378542051232,0.04520871789889568,0.04013731014605395,0.07913792545095372,3.954688683966349,0.1377393708512842,0.47872462422281087,0.057971014492753624,0.482315256099389,0.19629344799551882,0.0007398264104525161,1360.6259588880407,155.0118412579428,0.057688820407424395,Kristian,REC_20260311_143916.csv
left,7,loose,9.44,1.104000000000001,0.9565217391304348,20100.0,1.6048535837348397,32370.87545927666,1265.625,0.30275455910293514,0.17105758374106134,0.5193827625141136,0.12420655399303315,0.498538898206683,0.2491411491455651,5314.0,4429.142857142857,15.699999999999989,537.2214285714285,0.12129241388207973,0.13636363636363635,-0.6666666666666666,-0.5303030303030303,0.7313917068262284,-0.900356921280868,9927616.323051874,9132435.0,2365270.0,3092199.0,4320240.877254125,1314372.9397789144,1094621.070161085,0.0865146432718359,0.1136788801444975,0.061746871371435946,0.09951619145916656,0.10024190427041672,0.10805057411946846,0.10458973035737325,0.08464714230421881,0.0770513482131338,0.044574893562121014,0.03955941168881435,0.07982840923751774,4.192646938934654,0.18122978370957957,0.5045470688217492,0.057971014492753624,0.456226390844489,0.20858651055338437,0.0007078789931029943,454.96263582848206,176.25584054720866,0.01847520861406941,Kristian,REC_20260311_143916.csv
left,8,loose,10.56,1.1039999999999992,0.028985507246376812,20397.0,1.6367209672778085,31553.753897119754,1532.986111111111,0.3667109405869571,0.17195419560728364,0.5160503097428196,0.12609584565317256,0.49806548870672424,0.25317121646098273,5327.0,4416.028571428571,8.300000000000011,543.8714285714286,0.12315849405736248,4.0,-0.11940298507462686,3.8805970149253732,0.7738664513665227,-0.8559142637229638,9727832.87656074,8809898.0,1565036.0,3816686.0,4194137.5362426266,1388464.8313848185,1391494.2850454764,0.08768059212867411,0.11549161819605205,0.06240578153609255,0.09928442491961104,0.10186592995645734,0.10637547634914371,0.10171065145800041,0.08543875880720235,0.07504803928546011,0.04486254617917845,0.040657086845970206,0.07917909433815776,4.0282237141254225,0.1471118807996186,0.48398951537267565,0.057971014492753624,0.4660705960164288,0.22192834420766588,0.0004858738943606469,569.6235599060137,154.0611865965434,7.83017450980857e-09,Kristian,REC_20260311_143916.csv
left,9,loose,11.68,1.168000000000001,0.0410958904109589,19444.0,1.5344663662123224,30380.32662760557,951.8229166666666,0.22768887109490285,0.16911627906976745,0.5077209302325582,0.13413504321431619,0.49198188533882714,0.272642239910675,5375.0,4434.216216216216,16.600000000000023,582.5675675675676,0.13138005436836397,0.3333333333333333,-0.12857142857142856,0.20476190476190476,0.40050352561656327,-1.440541832089241,9446579.74930022,8643743.0,1573588.0,3470936.0,4127977.8658406413,1196516.4603316074,1199780.3043829214,0.08502980507844404,0.11367986054392745,0.06356588202308827,0.0979697195031268,0.0995940658027867,0.10589640754330575,0.10418672973071814,0.09039045262272502,0.07484183194568039,0.045250082283958895,0.04374459059159119,0.07585057233064742,3.8254520213388847,0.17291391649037624,0.4900097675199289,0.0547945205479452,0.4639084112808314,0.18410412386000327,0.0007167742428851281,487.6395526752653,290.89069247622314,0.0369504172281372,Kristian,REC_20260311_143916.csv
left,10,loose,12.864,1.1679999999999993,0.0273972602739726,18755.0,1.460538328296142,30239.372645608903,947.9166666666666,0.22675444344335058,0.16976571216065453,0.5052063964298996,0.13331233910368906,0.4934785400245815,0.270148199548834,5378.0,4419.918918918919,15.399999999999977,577.0337837837837,0.1305530246977748,5.5,-0.14084507042253522,5.359154929577465,0.43645685855972843,-1.4346725948368508,9503619.375747168,8593652.0,2173458.0,3426953.0,4128034.170200184,1238377.8093328774,1162842.2674152912,0.08495325216923387,0.11447256584136922,0.06373481230547215,0.09818573166928585,0.10017610693604505,0.1056244152699389,0.10473165094137718,0.09043519203605299,0.07501972030794254,0.044647388664338955,0.04287714706763607,0.07514201679130716,3.8677656094859856,0.17709018623534953,0.49253390485401305,0.0547945205479452,0.44700827470418364,0.17810354927747585,0.000521007182000672,824.5295628417451,336.66802941682903,0.036950417228136974,Kristian,REC_20260311_143916.csv
left,11,loose,14.048,1.1199999999999992,0.014285714285714285,19784.0,1.5709475460258222,30266.992070570872,989.5833333333333,0.23672167172657477,0.1706401351605031,0.5104186221137601,0.12968682340355075,0.49372755291780224,0.26266879909187923,5327.0,4423.549295774648,1.6999999999999886,560.9929577464789,0.1268196464504954,7.0,-0.14492753623188406,6.855072463768116,0.5450367460908008,-1.2420757422092394,9840647.824981138,8897863.0,1720196.0,3835011.0,4259930.271218971,1340798.0841593551,1203510.3086492966,0.08615858783973102,0.11381466670062915,0.06343449909574873,0.09853473088973227,0.09984334802210958,0.10611261112101683,0.10440599607733259,0.08894457321887975,0.07542219618431442,0.04512341119233806,0.04074225018467103,0.07746312947349651,3.934262510105636,0.15843719539268186,0.4920469839181587,0.05714285714285714,0.4734213597623883,0.2087514728704688,0.0002613771107420273,524.2712402309822,23.011659968426795,0.02771281292110304,Kristian,REC_20260311_143916.csv
left,12,loose,15.184,1.0879999999999992,0.9852941176470589,19224.0,1.5108608969212343,30968.242636610816,1739.5833333333333,0.41613178082461044,0.17544186046511628,0.5105116279069768,0.12383932407744509,0.4997359677519868,0.24780950755749692,5375.0,4418.652173913043,14.100000000000023,534.3478260869565,0.12093004949374687,0.6716417910447762,-67.0,-66.32835820895522,0.8147332957383858,-0.5910505740325571,9643657.214735964,8720712.0,2720793.0,3089756.0,4215142.435748604,1260129.8343828742,1198198.0765824926,0.08737335471830548,0.1147343114006173,0.06189834266465938,0.09927940515666461,0.10216572041444863,0.10699373866383284,0.10251339020686354,0.08438864234946063,0.07656279211642346,0.04484612331781939,0.03945068172798447,0.07979349726292037,3.87923481584861,0.17204655858747878,0.5065028055502708,0.058823529411764705,0.48047262112005373,0.14685463170237362,0.0009159275447258503,515.1701984134296,445.52819256515113,0.04026578365477799,Kristian,REC_20260311_143916.csv
left,13,loose,16.288,1.1679999999999993,1.0,17597.0,1.3362877217548692,29343.54595136723,931.25,0.22276755213006091,0.19923371647509577,0.49680715197956576,0.13359242977242597,0.4912334992885467,0.2719530120927151,5481.0,4454.148648648648,14.300000000000011,581.6486486486486,0.13058581886913811,2.767123287671233,0.0,2.767123287671233,0.4711106379922775,-1.2690235896511786,9290653.677944573,8510574.0,1698205.0,3316998.0,4007571.2374460995,1295426.8488765112,1218213.1944632146,0.0850983140527962,0.11377185557345568,0.06389124017390409,0.09742814928081019,0.0995731279978884,0.10556814630757236,0.10440615642264879,0.09062914319174048,0.07489222012882009,0.04616406811748537,0.04296328658068549,0.07561429217219295,4.438279670839348,0.27576891823748967,0.609635792317147,0.0547945205479452,0.4393671914797749,0.25894040080398534,0.0008709301095550622,1136.0529623804216,450.79661998798593,0.04026578365477799,Kristian,REC_20260311_143916.csv
left,14,loose,17.472,1.1999999999999993,0.04,18683.0,1.452812901982695,30194.560851252663,1630.580357142857,0.3900567996908185,0.16736861380699505,0.5006409082585607,0.13009923147139363,0.4929095138541268,0.26394140874675137,5461.0,4468.5526315789475,10.300000000000011,569.4671052631579,0.12743882688966757,6.0,-0.041666666666666664,5.958333333333333,0.45027159092142055,-1.3855963461965866,9714643.624776052,8684060.0,1715309.0,4002389.0,4204333.180586533,1166548.9564303923,1297893.5995380348,0.08550984953328818,0.1139571861841524,0.06337563675981273,0.09842466358470009,0.09973793468979122,0.10560643090603927,0.10522363887989164,0.08907864903860309,0.07518329848944377,0.045575807543947466,0.04102058243279055,0.07730632195753953,3.731794836097093,0.14079722771181202,0.4730386331452132,0.05333333333333334,0.4387927754709543,0.19222507843013795,0.0003446131133634658,828.5736740527851,438.6242459892284,0.05768882040742413,Kristian,REC_20260311_143916.csv
left,15,loose,18.688,1.184000000000001,0.9864864864864865,19511.0,1.5416553045873356,29923.24150221697,973.9583333333334,0.23298396112036573,0.17970204841713222,0.5048417132216015,0.12917308985721174,0.49218503550362774,0.26244822686446967,5370.0,4480.293333333333,2.8999999999999773,566.1933333333334,0.1263741659772277,0.6438356164383562,-2.0,-1.356164383561644,0.5799135307748804,-1.1826177792109838,9416179.869592233,8560665.0,1799608.0,3484375.0,4088548.412700402,1193297.0109061296,1175931.8256058847,0.0866133765051098,0.11387349637821334,0.0629869472832136,0.09818702346870146,0.09912446208879182,0.10582342822791366,0.10420448661099571,0.08716988768592533,0.0751766253400075,0.046913594943188246,0.042003202171286405,0.0779234692966532,3.3778871053878885,0.14813107145593646,0.47480802042329184,0.05405405405405406,0.47825772466980737,0.1503330694469912,0.00048382036622132273,959.8937441196275,392.0117839022577,0.01600000000000014,Kristian,REC_20260311_143916.csv
left,16,loose,19.888,1.1519999999999975,0.0,20454.0,1.642836929775954,30152.30752363739,1537.6984126984128,0.36783818664279794,0.1768281451464358,0.501197273899429,0.1326523097317434,0.4911808568745742,0.27006815895831304,5429.0,4464.13698630137,-8.399999999999977,579.0479452054794,0.1297110610589109,0.0,-0.041666666666666664,-0.041666666666666664,0.4981260980207688,-1.3153243866231425,9556736.51619699,8714603.0,1631010.0,3567452.0,4220851.227585806,1072791.7306175125,1121264.8452180158,0.08664792777753912,0.11445247052614137,0.06328977973622354,0.09779920339263906,0.09934577546473877,0.10540318274712934,0.10387809084269767,0.08972266034945164,0.07418022474392573,0.04552568107474485,0.042929649382291754,0.07682535396247721,3.563723840112811,0.16370530613998047,0.4892383495225047,0.05555555555555555,0.4519863588744272,0.13901289962235294,0.0005274727725396161,886.1220758638908,355.3360885223176,0.02444040370643254,Kristian,REC_20260311_143916.csv
left,17,loose,21.056,1.1199999999999974,0.9857142857142858,18506.0,1.4338212289621377,28436.665539405283,572.9166666666667,0.1370493888943328,0.17883480825958703,0.49889380530973454,0.13212520069308664,0.4928386348101166,0.268090184820701,5424.0,4430.070422535211,6.100000000000023,572.3732394366198,0.12920183763333176,0.2028985507246377,-87.0,-86.79710144927536,0.5298062743648263,-1.3313316220869564,9076051.335653463,8123285.0,1584584.0,3725056.0,4108321.4588936013,1159347.1109624817,1297552.784853981,0.08718266647590889,0.11461681529877438,0.06280700081072059,0.09891744956841052,0.09948336433147345,0.10557171697903255,0.10350199500850463,0.08930961578202745,0.07424928863242565,0.04481218306388796,0.04281558491105918,0.07673231913777481,4.24122624916752,0.19359280440283372,0.5260732680585594,0.05714285714285714,0.44840887461671464,0.19423422824989525,0.0005710821690486214,974.1644282837118,484.671901558396,0.03200000000000238,Kristian,REC_20260311_143916.csv
right,55,loose,61.824,1.1360000000000028,1.0,19569.0,1.3612700187219118,30659.085977895687,1406.25,0.5876296180160585,0.3247907949790795,0.4932008368200837,0.232133111803728,0.36129133972858585,0.6425094827289071,3824.0,2290.472222222222,-5.099999999999994,514.6388888888889,0.22468680645669867,0.39436619718309857,0.0,0.39436619718309857,0.731166351649771,-1.024412256766814,9224413.104996003,8399397.0,1893682.0,3309667.0,4113679.923916413,1146845.8727699223,1326858.6148905116,0.05042628278981772,0.07684004996543653,0.041197230071431175,0.06371199534302727,0.04853438762021418,0.08201244284900008,0.14532422959845737,0.12007470560413307,0.09019246395090776,0.11612719356755641,0.11205840619959495,0.0535006124404235,3.9132245543622473,0.15354043436034728,0.4991596086337917,0.056338028169014086,0.4192675196773269,0.1932407286727299,0.0015926860669554775,860.4663464269295,504.55687163961005,0.03695041722813835,Kristian,REC_20260514_174713.csv
right,81,loose,91.712,1.1039999999999992,0.0,16238.0,1.0326509169707028,34557.38015243632,824.21875,0.3444162483371898,0.32710476590384213,0.4165441948351879,0.22651135156133956,0.35099576101735586,0.6453392796099354,4763.0,2500.6,15.299999999999997,545.8,0.21826761577221465,0.0,-3.3333333333333335,-3.3333333333333335,0.987597987505491,-0.47671681973063507,9836965.131118743,8317541.0,3260798.0,4117231.0,4120628.2146223346,1162075.3076737893,1533929.560475852,0.05279304395516504,0.07908387701237418,0.04905679779710013,0.0662012545560494,0.05494109985032163,0.07438214828441174,0.14148033043498132,0.11252727916728558,0.07638738131419888,0.12416448623758869,0.11398407239405399,0.054998228996469424,3.7696446717065037,0.1302632175677916,0.4742079872625231,0.057971014492753624,0.41210770267087526,0.16167258859601866,0.002032032406848765,1524.1204020680161,313.8286553375584,0.04233202097703102,Kristian,REC_20260514_174713.csv
right,82,loose,92.832,1.152000000000001,0.0,16300.0,1.0387675138811125,30114.87011428075,1218.75,0.509279002280584,0.3032155797101449,0.5210597826086957,0.2047739279659479,0.36899953857559836,0.5549435881578617,4416.0,2642.205479452055,4.900000000000006,523.7739726027397,0.1982336259144239,0.0,-2.1527777777777777,-2.1527777777777777,0.7809240146940115,-0.9499681749373869,9446189.17888849,8467813.0,2535090.0,3331659.0,4047429.243881179,1248332.507028463,1368412.6369811743,0.06242709235227938,0.09067767172505327,0.07282210274728977,0.06571409314551459,0.06076803832414805,0.07579803091025035,0.1277730828853023,0.10110378938309111,0.07604170447063215,0.11403922625867763,0.10367013858285679,0.049165029214904524,3.762452414803066,0.14666682432672012,0.4880587010127531,0.05555555555555555,0.41770368859658147,0.17828407717635053,0.0011458300246638365,577.0288843145586,287.81463998009707,0.03330665599145516,Kristian,REC_20260514_174713.csv
right,83,loose,94.0,1.1200000000000045,0.0,17463.0,1.1535030333457348,31148.51882513838,1016.6666666666666,0.42483444976568374,0.31524008350730687,0.5289665970772442,0.222720685072374,0.36115437581559817,0.6166910883168412,3832.0,2342.0985915492956,0.5999999999999943,504.66901408450707,0.2154772714972127,0.0,-0.1,-0.1,0.825598715024104,-0.869640596538888,9511896.01345121,8458040.0,2324953.0,3678630.0,4142890.2483044392,1275616.3396446134,1438324.9169684586,0.05149468696065284,0.07687820601482961,0.04353865860038848,0.06884400050514466,0.051645027632615505,0.07889878464600786,0.13817510478744835,0.1137838341682252,0.08488835701700054,0.11582846730691748,0.1089368509041488,0.06708802145662071,4.349330388249166,0.16212569880432956,0.5069904242016527,0.05714285714285714,0.4997697963090974,0.20687984837218434,0.0018417494630215772,690.0528965231366,197.28523405930733,0.02444040370643126,Kristian,REC_20260514_174713.csv
right,84,loose,95.136,1.13600000000001,1.0,16755.0,1.0836554428204102,31135.157651760815,937.5,0.3917530786773723,0.2961265184506074,0.48590419436167775,0.1994202768290491,0.3898188926838037,0.5115716056137875,4363.0,2472.4444444444443,20.400000000000006,475.6041666666667,0.1923619225238181,1.0,0.0,1.0,1.019749458134964,-0.5617397757347544,9017799.09885849,8191702.0,1629788.0,3400075.0,3966337.3473866237,1377528.594826412,1310337.1806763583,0.056770177961531554,0.08486315836778717,0.05177062735933849,0.0808747528312062,0.05746112708969981,0.07981305051231351,0.13898188926838037,0.10369854395110553,0.08680680388279706,0.11261347294625203,0.09572173287794356,0.0506246629516448,3.807253532197322,0.14563128454573543,0.48603339689101727,0.056338028169014086,0.4592710752421353,0.20925278474513545,0.0014639795481623064,586.0685397914683,145.03252349169964,0.01599999999999745,Kristian,REC_20260514_174713.csv
right,85,loose,96.288,1.13600000000001,0.0,16472.0,1.0557361375680558,30622.858700650402,746.5277777777778,0.3119515256134632,0.3392525841505433,0.5507553670818977,0.23121496990006227,0.3653450372171643,0.6328674166781025,3773.0,2341.7361111111113,14.599999999999994,524.2708333333334,0.2238812609353222,0.0,-1.2253521126760563,-1.2253521126760563,0.6292431955285165,-1.2274390518073441,9484941.021366078,8272337.0,2817310.0,3687182.0,3955143.974035455,1224316.080412788,1333611.762553943,0.051671065508140324,0.08058479879007147,0.03907357433053586,0.07395984697962693,0.051937961507665845,0.07526467186619613,0.15018534444411494,0.12324664155867261,0.08359775807360398,0.11691230983660032,0.10796832834138963,0.045597698763381864,3.8550882996807774,0.15198506430757178,0.4823974799230618,0.056338028169014086,0.4580173919509917,0.19192498470334704,0.0009908679544099427,510.4628618551057,138.872105467422,0.009237604307035973,Kristian,REC_20260514_174713.csv
right,86,loose,97.44,1.1039999999999992,1.0,17549.0,1.1619873451892062,32015.02028735887,854.1666666666667,0.3569305827949392,0.3374485596707819,0.5659807956104252,0.21803763686827096,0.37513648702229535,0.5812221535653082,3645.0,2341.9285714285716,0.5,493.25,0.21061701284045506,0.391304347826087,0.0,0.391304347826087,0.8377163313163254,-0.9041078915222576,9320521.858235676,8332201.0,2229658.0,3532022.0,4133822.386785829,1065102.3918245689,1298635.0466814656,0.056412602555891055,0.07709763015829443,0.04002195992314027,0.0764815323146369,0.05222801720193979,0.08330740842407051,0.1456491902278342,0.11708299020953425,0.08602189892335377,0.11175160886936895,0.10095464665873669,0.052990514533199126,4.0552183225875575,0.17351076626618495,0.5059593496668547,0.057971014492753624,0.440976451956903,0.18070684984720964,0.0015983013034377917,558.3389054448076,95.7435502668223,0.018475208614073747,Kristian,REC_20260514_174713.csv
right,87,loose,98.56,1.1359999999999957,0.0,16822.0,1.0902653136752078,30119.38553490094,1937.5,0.8096230292665695,0.3428019856591285,0.5397131825703254,0.2284666999525068,0.35669228052656576,0.6405148426956502,3626.0,2281.027777777778,-0.5999999999999943,504.4166666666667,0.22113569662798202,0.0,-1.0985915492957747,-1.0985915492957747,0.6748362211401029,-1.089546242135866,8954311.104571976,8126951.0,2035402.0,3160616.0,4001580.0821072473,1338939.6268457067,1278325.754871839,0.05855060462510807,0.08364893992717706,0.04837609751939306,0.06869466736485746,0.05807567251604418,0.07026559664868419,0.14297283144781225,0.11923840374100368,0.07600740406980284,0.11811196220027523,0.1092282962115031,0.04682952372833883,3.9300548520322773,0.17042422551304875,0.5061112962852037,0.056338028169014086,0.45762750980372524,0.1985997524494143,0.0016662784065264355,549.3872344105804,658.7376912976924,0.018475208614069625,Kristian,REC_20260514_174713.csv
right,88,loose,99.712,1.152000000000001,0.013888888888888888,16534.0,1.0618527344784656,30288.230139775416,843.75,0.3525777708096351,0.3375,0.5431818181818182,0.22920656676599627,0.35511445337118874,0.645444207043092,3520.0,2238.753424657534,14.799999999999997,497.4246575342466,0.22218822852737274,15.0,-0.9436619718309859,14.056338028169014,0.6310056559518572,-1.252220666550804,9027681.80587896,8115955.0,1368338.0,3709173.0,4050956.553163243,1291164.2602871624,1381155.6987212445,0.05882064994584805,0.07805224286999247,0.03902612143499624,0.0699753409737562,0.054176431355512186,0.07305313010542805,0.14852933077972696,0.12100667568179453,0.07985730806649984,0.1195014348738596,0.10819989108420171,0.049801442828384196,3.7232902676223683,0.15573856234997174,0.48654438988941956,0.05555555555555555,0.4464992267307651,0.17472447393303187,0.0008570188303400509,523.0834860070668,628.4914054776399,0.024440403706431118,Kristian,REC_20260514_174713.csv
right,89,loose,100.88,1.1200000000000045,1.0,17118.0,1.1194671311829707,31856.717297926352,758.9285714285714,0.3171334446435871,0.3326766113143822,0.5817618913594146,0.21900062065692277,0.37656837570432394,0.5815693371676747,3553.0,2314.676056338028,-4.099999999999994,490.59859154929575,0.21195129668617882,0.6714285714285714,0.0,0.6714285714285714,0.7117310078265032,-1.0813503588813542,9244322.984160224,8443379.0,1585806.0,3413514.0,4197827.085016883,1015890.4264071417,1307993.9024813678,0.05585303817648562,0.07846442175463364,0.03933869613367246,0.07671197867860925,0.055956480996945404,0.08011950688199,0.14507551325893564,0.11658005865816409,0.08531598739214565,0.11285611712161224,0.1024205619987587,0.05130763894804737,3.770065006624723,0.13733975410705435,0.48143804278907576,0.05714285714285714,0.43643260435478565,0.19144113350434516,0.0014358770492887997,292.0091322772362,657.332278923655,0.01599999999999745,Kristian,REC_20260514_174713.csv
right,90,loose,102.016,1.1359999999999957,0.0,16893.0,1.0972698036855157,31395.772008345328,1145.8333333333335,0.4788093183834551,0.31901674770394384,0.513776337115073,0.21936718754808254,0.3678768594481816,0.5963060244584858,3702.0,2256.6805555555557,11.0,479.0763888888889,0.2122925142016605,0.0,-0.8873239436619719,-0.8873239436619719,0.7342875562435522,-1.07211182746757,9381728.70440688,8528900.0,2156354.0,3259576.0,4104605.9674136895,1289330.9937176288,1287587.6899480638,0.05417864242588364,0.07705516337294821,0.04649158978588266,0.07234076599725506,0.05014124728429785,0.0803478560570159,0.14682947544635988,0.11374868446156781,0.0879918267366646,0.11589662791341757,0.10561850308651473,0.04935961743219207,3.6834371029212143,0.13917340717661167,0.47408713404478525,0.056338028169014086,0.4520013820601923,0.18730607499512025,0.0009713007807435132,294.5510708405326,203.36515180304627,0.01599999999999745,Kristian,REC_20260514_174713.csv
right,91,loose,103.168,1.1359999999999957,1.0,16333.0,1.0420231219140728,31283.5806933925,1384.375,0.5784887128469198,0.3270601653835187,0.5731394354148845,0.22433787856859697,0.36498637687907826,0.6146472657050505,3507.0,2207.2361111111113,27.099999999999994,479.36805555555554,0.217180234204416,0.2676056338028169,0.0,0.2676056338028169,0.830230383129335,-0.9488398432676024,9217630.19507384,8147720.0,2256536.0,3672521.0,4096580.8962598154,1279185.3783314163,1281607.4218247405,0.05243485757074269,0.07543999848981568,0.04537474594295278,0.07174633937616803,0.05192517036766695,0.07966851454496258,0.1469094707433253,0.11607654117454583,0.086206354100465,0.1150194121607591,0.10826133739405112,0.05093725813454483,3.6929148695937495,0.12850633236319647,0.4666645993296684,0.056338028169014086,0.4836114611348111,0.17237558234219078,0.0008098145160902298,404.237966219533,315.64237583417264,0.009237604307027832,Kristian,REC_20260514_174713.csv
right,92,loose,104.32,1.1200000000000045,1.0,17185.0,1.1260770020377682,30593.681390117144,928.5714285714286,0.388022096975683,0.3241192411924119,0.5181571815718157,0.2205345907952769,0.3745313115650063,0.5888281806759799,3690.0,2216.2535211267605,3.200000000000003,472.22535211267603,0.2130737064199194,0.6285714285714286,0.0,0.6285714285714286,0.8303832111649754,-0.914664984307048,9088790.907115534,8106181.0,2120924.0,3521027.0,4139501.475151512,1118518.639253443,1282655.9923211995,0.05361795696328025,0.08175832835517369,0.03903936347344205,0.0730836203719003,0.05663027314208727,0.08084954942359267,0.14386034037901801,0.1152560468751986,0.08220954027225238,0.11430278226165208,0.10527854392007831,0.05411365456232444,4.03077689689247,0.15443597305587595,0.5014166224335272,0.05714285714285714,0.48243880032219444,0.19540884296928965,0.0015706669483133708,432.9680511692562,227.98456004881942,0.009237604307027832,Kristian,REC_20260514_174713.csv
right,93,loose,105.456,1.152000000000001,1.0,16477.0,1.0562294115124438,30343.002966087584,372.7678571428571,0.1557684860455266,0.3228444003964321,0.515609514370664,0.22962473136055547,0.352567130340316,0.6512936448120649,4036.0,2320.1643835616437,0.7999999999999972,515.5890410958904,0.22222091018586307,1.3611111111111112,0.0,1.3611111111111112,0.6192909773532596,-1.1954388408019385,8867924.972261041,8159937.0,1644449.0,3057991.0,4042537.1165684084,1277078.0240809987,1272493.4776371894,0.05456628014075526,0.0750419195616749,0.050740382117469236,0.07051342606806321,0.048449566634390574,0.07347141203977045,0.14847790661974825,0.12074605011454079,0.08509080603641687,0.11952388824599108,0.1088786812460147,0.04449968117516472,3.6902468007165496,0.13452115453223937,0.4679761917331561,0.05555555555555555,0.44895192052430055,0.1597076527625166,0.0010272974638668166,456.0526285418936,506.6266734028434,0.01599999999999745,Kristian,REC_20260514_174713.csv
right,94,loose,106.624,1.152000000000001,0.0,16109.0,1.0199244492054955,29200.39982602978,1250.0,0.5223374382364964,0.3202933985330073,0.5452322738386308,0.2298661762974508,0.35928328353020983,0.639790902706613,4090.0,2443.4109589041095,3.5999999999999943,544.3219178082192,0.22277133358375054,0.0,-1.2361111111111112,-1.2361111111111112,0.6643138188134168,-1.1833353685176993,8867854.896231275,8003556.0,1718974.0,3409849.0,4025109.1756536104,1242198.4702824818,1304093.654745637,0.050103997892010387,0.08426912748291464,0.06309392327142048,0.06670441612612057,0.05983102444931574,0.07280413076263252,0.13354899113635219,0.11695978561297087,0.07567458470922639,0.1159282162259137,0.11290639068447991,0.04817541164664263,3.85045964525157,0.14587065462439047,0.48968430150616027,0.05555555555555555,0.480873667647886,0.1709960282281749,0.0010060430242750306,546.8796333136784,443.8036669904652,0.018475208614065194,Kristian,REC_20260514_174713.csv
right,95,loose,107.792,1.152000000000001,1.0,16453.0,1.053861696579382,31132.224398523147,640.625,0.26769793709620443,0.3382040382571732,0.5332093517534537,0.23625857228612485,0.35347226854069524,0.668393515738077,3764.0,2259.1917808219177,-5.0,516.6643835616438,0.22869434456497353,0.7083333333333334,0.0,0.7083333333333334,0.658560670875708,-1.1270671407194528,9140572.532653138,8005999.0,2318844.0,3751934.0,4044016.4837179356,1191603.9748989874,1367200.2804811532,0.053334626881961666,0.07411427289429484,0.041207608491338275,0.07261052261385754,0.04927813923029815,0.07780088648504437,0.14838013351847248,0.12309530017402273,0.07966844731720035,0.11928741639936696,0.11316327211210217,0.04805937388204049,3.5183697441183908,0.12205194860628749,0.4617095438404602,0.08333333333333333,0.4944597746880214,0.16665773679804877,0.0008695797067909711,205.88670023413957,449.5593346204568,0.0,Kristian,REC_20260514_174713.csv
right,96,loose,108.96,1.1680000000000064,0.0,16381.0,1.0467585517801963,29563.03752999681,601.5625,0.2513748921513139,0.32028913260219344,0.503988035892323,0.2316960679275119,0.34753837251273356,0.666677657065739,4012.0,2358.635135135135,-18.299999999999997,529.8581081081081,0.224646067641043,0.0,-1.4931506849315068,-1.4931506849315068,0.5955083110739013,-1.3050564811796976,8744274.380138526,7996225.0,1299921.0,3291341.0,3943910.254832128,1387673.9199388854,1282461.980489197,0.05273892940832708,0.07426420456173119,0.049650794378333786,0.06913641077352341,0.04794343957510929,0.0758684305513381,0.14845965658105068,0.1188559576942689,0.08032588705103158,0.12428740854479516,0.112840110233243,0.0456287706472479,3.7013935327092087,0.13516275835977998,0.47945722217008424,0.0547945205479452,0.47780194317960056,0.17088270421147506,0.0011247094285476568,181.43134606043776,363.6241101599059,0.009237604307034802,Kristian,REC_20260514_174713.csv
right,97,loose,110.144,1.152000000000001,0.0,16913.0,1.0992428994630674,33142.970325545655,738.28125,0.3085055494584307,0.32491767288693746,0.5315587266739846,0.23734605473746653,0.35659068017079965,0.6655980313997055,3644.0,2216.8082191780823,-9.400000000000006,510.17123287671234,0.23013773968497223,0.0,-0.4861111111111111,-0.4861111111111111,0.5762619500115396,-1.354075772458573,9335310.475183029,8315097.0,2074498.0,3701843.0,4092662.984586493,1211879.0236012249,1304441.130168655,0.051999975282245856,0.07220055985713138,0.03498798099204706,0.07103264597378682,0.046518813300623504,0.08130287282097548,0.15388037842881597,0.12548585835490988,0.08553578821828249,0.11802727604169885,0.11186019638255668,0.04716765434692603,3.584492531020185,0.12908856995716628,0.46986588460802814,0.05555555555555555,0.4631300791296296,0.1726942517139315,0.0010110209150154628,288.61970364703586,70.42092334890717,0.009237604307034802,Kristian,REC_20260514_174713.csv
right,98,loose,111.312,1.1200000000000045,0.0,16898.0,1.0977630776299037,32985.31932542112,1181.25,0.4936088791334891,0.31294868386067537,0.5732517947354427,0.22219707073549744,0.3822910421280605,0.5812248947774534,3761.0,2302.169014084507,-12.599999999999994,495.00704225352115,0.2150176808153976,0.0,-0.1,-0.1,0.6695722952970784,-1.12594957798618,9639003.660681015,8362745.0,2001194.0,4355469.0,4186396.4076669184,1287711.3279159488,1428220.00126576,0.05707416153780268,0.07884175364322683,0.033520134105008134,0.0863300989880945,0.0625741798915903,0.07747745543088574,0.14762563167619025,0.11877347755331776,0.0770675541742631,0.11338358192518995,0.1034235931821797,0.04390837789225103,3.775276423940252,0.14390633265644406,0.48171426270781015,0.05714285714285714,0.4722551262514924,0.18263264394474027,0.00128458421016851,302.9130788416089,303.02665662016585,0.024440403706430882,Kristian,REC_20260514_174713.csv
right,99,loose,112.448,1.1040000000000134,0.0,18406.0,1.2465344992572898,31631.78814104571,921.875,0.3852238606994161,0.3284794175301036,0.5505460655278633,0.21586805957107796,0.36674890456548837,0.5885990575120228,3571.0,2223.5142857142855,-2.200000000000003,463.3642857142857,0.2083927630649037,0.0,-0.2753623188405797,-0.2753623188405797,0.7486486685864876,-1.0834238914450351,9174615.946398247,8247902.0,1984090.0,3494149.0,4228375.104327366,1309413.9678749219,1305454.5966359694,0.05631368618531797,0.07632062500803105,0.03989180576436273,0.07580663814039551,0.04764015779396837,0.08012412782853398,0.15443377921694104,0.11591688832350334,0.08685735579455946,0.1195918944270974,0.09995117124757463,0.04715187026971461,4.319467923044906,0.16137043803661863,0.5093194689327866,0.057971014492753624,0.5048490306817,0.22308067859884417,0.0012365228289025105,866.3465434416539,222.5621146034762,0.024440403706425067,Kristian,REC_20260514_174713.csv
right,100,loose,113.568,1.152000000000001,0.013888888888888888,16056.0,1.0146957453949839,29794.197723717953,937.5,0.3917530786773723,0.3187603763143331,0.5677919203099059,0.22134582813060194,0.3779902827401189,0.5855860275712972,3614.0,2216.082191780822,-5.700000000000003,475.2328767123288,0.21444731539060663,1.0,-1.0,0.0,0.7422576991516378,-1.0045661084300326,8831453.044722991,7871609.0,2185675.0,3354871.0,3971613.2468911014,1249581.3730214704,1228553.3592863579,0.05253625428066314,0.08212073633587597,0.035030350983470765,0.0720820403773165,0.054588500006181456,0.0825225314327395,0.14644504061221209,0.11723144633871943,0.08667647458800548,0.11138996377662665,0.1041143817918825,0.05526227947630645,3.920076184975452,0.15796043169413349,0.49844016394719415,0.05555555555555555,0.47362341467681424,0.20466308498120028,0.0011941289604619266,1190.6250459317441,145.44964406396235,0.024440403706425067,Kristian,REC_20260514_174713.csv
right,101,loose,114.736,1.152000000000001,1.0,15692.0,0.9787854022435458,31884.074614139266,381.94444444444446,0.15960310612781836,0.33560864618885095,0.5602957906712173,0.21316484571977432,0.39187777644375077,0.5439574748381607,3516.0,2281.917808219178,5.799999999999997,470.8904109589041,0.2063573057990155,1.2777777777777777,0.0,1.2777777777777777,1.0331067868744794,-0.36871192749662063,9211444.15953378,8148942.0,1966986.0,3817907.0,3898455.046413851,982899.0353384694,1303083.5175580913,0.05626125585304358,0.08341937807659984,0.036036739104334255,0.07495497658782567,0.05647736823148038,0.08751951014527555,0.14164965782206748,0.11470164485532477,0.08950654340256933,0.10319366070356585,0.09846320086444953,0.05781606435346381,3.819250603768617,0.16261695311591018,0.48887350575205035,0.08333333333333333,0.4563929032050575,0.18486034360160195,0.002794856293266527,1473.1367893036845,316.33608729645266,0.027712812921094458,Kristian,REC_20260514_174713.csv
right,102,loose,115.904,1.1200000000000045,0.0,16544.0,1.0628392823672415,30515.840181781,843.75,0.3525777708096351,0.32,0.5814765100671141,0.2060913644391135,0.36562652570415954,0.5636663369594458,3725.0,2336.718309859155,-7.5,465.13380281690144,0.19905428945131912,0.0,-0.7,-0.7,0.8667738097112477,-0.8257452871458311,8845288.617672632,7892378.0,2497217.0,3116634.0,4048550.387585236,1347823.9630882752,1251348.429304664,0.06146817192764621,0.0726069424436582,0.05325875339798803,0.07730234408433641,0.04690579662099851,0.08097910275033604,0.1472089785241129,0.10931425437142496,0.08783233980483042,0.10979645222926096,0.09677711006768852,0.05654975377771884,4.093056250769819,0.1683143455995045,0.5064537319836212,0.05714285714285714,0.42858251237157585,0.20947651990562788,0.0016675622949124515,427.50126705461474,297.40416073939355,0.018475208614065194,Kristian,REC_20260514_174713.csv
right,103,loose,117.04,1.1359999999999957,1.0,17243.0,1.1317989797926677,32135.45955794004,867.1875,0.3623715977765694,0.33750695603784087,0.5598219254312743,0.2206888964944018,0.3702940888867159,0.5959827691488073,3594.0,2272.5555555555557,4.200000000000003,485.0208333333333,0.21342529213318337,0.6901408450704225,0.0,0.6901408450704225,0.6801617959044898,-1.1041042571652122,9034027.39066918,8158716.0,2041511.0,3298672.0,4036486.1262613176,1267460.7196976882,1420061.3156680653,0.05369016770155967,0.07623576003520266,0.03531877964112844,0.07404781694616926,0.05158167505989342,0.07910208771329388,0.1539382975602601,0.12009851855473523,0.08932674913215664,0.11077225834840854,0.10059037793966655,0.055297511367525545,3.973275857730314,0.14783357703951988,0.49937236411925046,0.056338028169014086,0.42873519222618744,0.16237726675700667,0.0018550027705192859,776.7567186706322,273.64043028309925,0.015999999999997447,Kristian,REC_20260514_174713.csv
right,104,loose,118.192,1.1680000000000064,0.0,16922.0,1.1001307925629655,28603.86851459082,1542.96875,0.6447602753231753,0.3253333333333333,0.5397333333333333,0.2385342324731357,0.36552809040750467,0.6525742856231086,3750.0,2336.5675675675675,13.700000000000003,541.0135135135135,0.2315419939157693,0.0,-0.3013698630136986,-0.3013698630136986,0.5554554922188047,-1.3271221904129846,8814178.86016491,7962017.0,1666440.0,3393967.0,3920602.0988744954,1166950.4848016123,1215746.792413573,0.0538674192914069,0.09320092998507859,0.039021202271754596,0.06238071553329554,0.06722727956230554,0.07306860375001446,0.1388615779672192,0.12146484216857716,0.06965056157681053,0.11762460527685563,0.11706939030455854,0.046562872312123346,3.896499748637666,0.16555332523671948,0.5051460683037229,0.0547945205479452,0.4659524078584881,0.18008231184642812,0.0009868631269175198,349.8871246558919,397.1012621925243,0.02444040370643254,Kristian,REC_20260514_174713.csv
right,105,loose,119.376,1.152000000000001,1.0,16482.0,1.0567226854568317,30296.62875634845,1031.25,0.43092838654510957,0.3189587168025243,0.5824349198001578,0.23151999080882352,0.37186351102941173,0.6225940000610892,3803.0,2384.6575342465753,-20.200000000000003,535.527397260274,0.22457203584558827,0.09722222222222222,0.0,0.09722222222222222,0.588504083129875,-1.34409115788879,9224010.554229923,8134281.0,2635272.0,3459940.0,3997383.8393861344,1217728.9982441708,1298752.5518388692,0.05133846507352941,0.08045726102941177,0.03822380514705882,0.07455193014705883,0.06205193014705882,0.07931410845588235,0.13932100183823531,0.11789407169117647,0.07548828125,0.11994485294117647,0.11362591911764705,0.04778837316176471,3.9536387801952233,0.14738886309602703,0.49933419943904456,0.05555555555555555,0.4651837723025499,0.17985547633367996,0.0014638528658333845,382.04755375908456,352.4799949073648,0.01600000000000422,Kristian,REC_20260514_174713.csv
right,106,loose,120.544,1.1680000000000064,1.0,12677.0,0.6813412137776512,29299.55687378224,687.5,0.287285591030073,0.3249800053319115,0.5339909357504665,0.2440404345202173,0.33419989786917975,0.7302229476306772,3751.0,2328.7567567567567,-18.299999999999997,552.0202702702703,0.2370450536186807,0.3698630136986301,0.0,0.3698630136986301,0.5441484407732017,-1.3244093840429052,8612015.309678102,7659028.0,1780061.0,3512475.0,3756543.6487128837,1108365.885967383,1256115.752793738,0.05407710876932362,0.07073139594262105,0.05404809433173948,0.06626897544218004,0.046788682048187175,0.07576249941971125,0.142954133977067,0.12354347523327609,0.07464834501648021,0.12402511489717284,0.1204969592869412,0.046655215635300125,3.7625201821678282,0.14179890424285072,0.46857662257774496,0.0547945205479452,0.48409635968992937,0.15949689951226464,0.0008985895407555693,2334.2254247037285,430.4739488494291,0.00923760430703467,Kristian,REC_20260514_174713.csv
right,107,loose,121.728,1.152000000000001,0.0,14926.0,0.9032158339633218,29529.449994877996,453.125,0.18934732136072996,0.312932138284251,0.4906530089628681,0.22870982642096563,0.3520141488792727,0.6497177092137738,3905.0,2253.917808219178,2.9000000000000057,499.21232876712327,0.22148648320124473,0.0,-0.9305555555555556,-0.9305555555555556,0.7127483739638052,-1.056567970893877,8776642.206674146,7927809.0,1809382.0,3302337.0,3888338.9396018316,1403503.9411075164,1369335.7442204647,0.053465502990227065,0.07817134244177566,0.050949336315456804,0.06936475908007975,0.04874920989935334,0.07685855982885205,0.14795546263431714,0.12029586230369038,0.07887027762921185,0.12015607526620314,0.10841396411727525,0.046749647493557644,3.5888683196377706,0.12365217661326833,0.4648779798974613,0.08333333333333333,0.47228933770977505,0.1753874239060912,0.0009106592006803224,1912.9890224462788,290.78176775433036,0.009237604307034943,Kristian,REC_20260514_174713.csv
right,108,loose,122.896,1.152000000000001,1.0,15884.0,0.9977271217080406,30720.3071110951,789.5833333333333,0.32994314848605355,0.34809590973201693,0.5365303244005641,0.2312522537085162,0.3608233962921055,0.640901493873791,3545.0,2203.3698630136987,-4.599999999999994,493.1849315068493,0.22383211270407719,1.125,0.0,1.125,0.901240612597716,-0.6262182654712474,8940921.998380424,8080525.0,2050063.0,3231477.0,4073797.6550417976,1134221.9855882414,1136695.042590116,0.05569302314014647,0.07294555040224811,0.034704002586324806,0.0750158536737003,0.049855140942267756,0.08065478780945749,0.15138704102060355,0.12123397535530882,0.0823520634644318,0.11455678102035487,0.1100182783532074,0.05158350223194857,3.6403739432583953,0.1346045699992418,0.4685673834244761,0.05555555555555555,0.4615324931334912,0.18559135608753305,0.0010793447254345374,1646.2388445584995,172.50935126290432,0.009237604307034943,Kristian,REC_20260514_174713.csv
right,109,loose,124.064,1.152000000000001,0.0,16147.0,1.0236733311828434,28681.362397905716,715.7118055555557,0.2990744568236051,0.33620922081423565,0.5144243731464007,0.23918340989119444,0.34912821512555897,0.6850875968442449,3709.0,2248.5753424657532,7.5,521.4383561643835,0.23189721345631328,0.0,-1.4166666666666667,-1.4166666666666667,0.6385426424355288,-1.0678611347180547,8954181.531359134,8112290.0,1985312.0,3229033.0,3907713.5537239616,1429482.5057428426,1412093.134179321,0.053872771800714,0.07411085253371999,0.04293129287341757,0.06625808731251448,0.05103992786909216,0.07747371242674204,0.1441216965384475,0.12309163793208486,0.08024563498349031,0.11971659376408808,0.1160917719591096,0.05104602000657951,3.8534061870408487,0.1421037231306569,0.48391798443843936,0.05555555555555555,0.47773229091745695,0.16572252865696147,0.0012301704512542944,642.6214541495672,176.82997631318923,0.0,Kristian,REC_20260514_174713.csv
right,110,loose,125.232,1.1359999999999957,1.0,17343.0,1.1416644586804254,31398.10288855045,765.625,0.3199316809198541,0.35865574696413444,0.5679186670432081,0.24079143548505366,0.35138586757265416,0.6852621511164362,3541.0,2272.9444444444443,0.4000000000000057,530.4097222222222,0.23335797912643902,1.5070422535211268,0.0,1.5070422535211268,0.5842434631588729,-1.2809868748572053,9384250.16812931,8169711.0,2820975.0,3655417.0,3958634.6321897684,1513358.2194238391,1275615.5158335762,0.051022902256006655,0.07215310536993132,0.03577713685136754,0.07262361596558552,0.051187886490846435,0.07709041136069221,0.148999095641972,0.12516803949844793,0.07833084838559871,0.12390316036467627,0.11562339598660572,0.048120401828269745,3.933174511169074,0.16501480425064577,0.5026088439586551,0.08450704225352113,0.4430189151070203,0.16348948353227052,0.0015202181225643233,777.6316608780603,37.68804260412693,0.009237604307035487,Kristian,REC_20260514_174713.csv
right,111,loose,126.384,1.1359999999999957,0.0,15319.0,0.9419871659922097,32928.023581745685,1062.5,0.44398682250102195,0.3568855638681075,0.5317262399556664,0.2398158677263799,0.3487384993341319,0.6876667422265512,3609.0,2283.9861111111113,1.7000000000000028,530.1111111111111,0.23209909575729562,0.0,-0.5352112676056338,-0.5352112676056338,0.6467835781216265,-1.1269136881776878,9491071.746642157,8102516.0,2243097.0,4404338.0,3912250.0955353747,937898.4393920272,1216650.3213297701,0.05282553041405437,0.06821042645958879,0.03940479303362177,0.07491775465651547,0.04503578660601896,0.07883391001356059,0.15162331936733414,0.12587034120415694,0.08174062159844812,0.12223999221633718,0.11394552652222295,0.04535199790814061,3.6564378062531797,0.13370473665067886,0.4769953237057934,0.08450704225352113,0.411398390301572,0.16200308532110672,0.0012748353816061867,1017.5604814129249,187.47806289923037,0.00923760430703576,Kristian,REC_20260514_174713.csv
right,136,loose,155.36,1.0879999999999939,1.0,20574.0,1.4604180815438768,32263.11857214054,890.625,0.37216542474350367,0.34786253143336127,0.4853310980720872,0.23021182797784112,0.3467075196669705,0.6639943321641096,3579.0,2242.0434782608695,5.099999999999994,498.3985507246377,0.2222965591689776,0.6029411764705882,0.0,0.6029411764705882,0.7550655677788503,-1.000414191290482,9763489.203110177,8900306.0,1990198.0,3485597.0,4094909.3884628336,1548525.0430621414,1200090.1299709044,0.054673208317981135,0.07575904486719544,0.04835779988493934,0.0718418109773046,0.04579802328362454,0.07689672335666868,0.15209339306145403,0.12116275912890027,0.07641191718217724,0.12094298032979747,0.10904906884894086,0.04701327076101642,4.575499200870575,0.21389007542416943,0.5545775002647059,0.058823529411764705,0.49373466791217013,0.23997427509202277,0.0015911436853155055,1904.085694850236,584.2119224051747,0.01847520861407437,Kristian,REC_20260514_174713.csv
right,137,loose,156.464,1.1040000000000134,0.014492753623188406,15654.0,0.9750365202661979,30916.630799619805,1093.75,0.4570452584569344,0.34690462911321807,0.515058561070831,0.21707962092184319,0.36492537805593844,0.5948603028871645,3586.0,2166.157142857143,7.099999999999994,453.3357142857143,0.20928108368341566,1.0,-1.7941176470588236,-0.7941176470588236,0.9443139885617898,-0.6630472264138398,9135926.024993744,8142833.0,1312138.0,3929085.0,4074117.54465465,1396108.4858484536,1383847.3239290568,0.057250826018426314,0.07925819918090628,0.04067769783223747,0.07276216604783983,0.05002275260335947,0.07928457901088827,0.15386695332748582,0.11620974602818684,0.08359768121294459,0.11817504336184553,0.10086987489365631,0.04802448048222329,4.266827580206983,0.17806752604000486,0.5269299761934632,0.08695652173913043,0.5071109638081528,0.22523133246374175,0.0012953798477785268,2572.288475268661,337.87921891801244,0.016000000000005697,Kristian,REC_20260514_174713.csv
right,138,loose,157.584,1.1200000000000045,1.0,15783.0,0.9877629880314054,30841.074138233253,679.6875,0.28402098204109494,0.33267992159059084,0.5267432091851022,0.21650497126236476,0.36748686686902354,0.5891502276168811,3571.0,2222.6338028169016,21.799999999999997,464.8521126760563,0.2091447147464941,0.7571428571428571,0.0,0.7571428571428571,0.878547594754909,-0.8304350920105485,9388315.82311311,8357858.0,1528384.0,3993836.0,4200398.939142398,1331577.7014272003,1402006.7819699957,0.05706337488197608,0.07905226003916176,0.04852763185410026,0.07160011913286482,0.047139860715937815,0.08299378354572357,0.14423314555121128,0.11447527676212081,0.08670084343533556,0.11339167464054192,0.10202969450024396,0.05279233494078209,4.083083342654608,0.17886672106999518,0.5113065040104631,0.05714285714285714,0.45275027417717895,0.21135391842726395,0.0012381263919265108,2804.066154711756,207.0435334406353,0.016000000000005697,Kristian,REC_20260514_174713.csv
right,139,loose,158.72,1.1040000000000134,1.0,17942.0,1.200758677218094,30783.670135316876,736.1111111111111,0.307598713628159,0.32619886209699267,0.5256028176645895,0.22328659148984856,0.3754687956877153,0.5946874788372447,3691.0,2247.4,10.399999999999999,484.64285714285717,0.21564601634905098,0.057971014492753624,0.0,0.057971014492753624,0.8140093833271396,-0.8505741491664183,9352902.077793075,8218580.0,1726305.0,4117231.0,4132863.7644583285,1271583.352528042,1439850.0600785105,0.05088419634116884,0.07400297486619459,0.03778969984362883,0.07232484521796616,0.048011034973747445,0.08729452446636748,0.1468490573233832,0.11622954779491221,0.09383541616343964,0.11158926505549269,0.10705704369493636,0.054132394258762505,4.253160898205798,0.1889703123035457,0.5200813527697113,0.057971014492753624,0.46604576002644477,0.22046694137348039,0.001958077665372091,1285.3576674736512,224.5502737483478,0.009237604307029216,Kristian,REC_20260514_174713.csv
right,140,loose,159.84,1.1200000000000045,0.0,17879.0,1.1945434255188068,29935.67914713144,449.21875,0.1877150168662409,0.3178963893249607,0.5044479330193616,0.21340566850884754,0.36667849718602646,0.581996681415215,3822.0,2222.3098591549297,6.299999999999997,457.6056338028169,0.2059144146428028,0.0,-0.9428571428571428,-0.9428571428571428,0.9234539806390856,-0.7211348661240335,9137409.85309081,8239350.0,1404990.0,3692069.0,4115345.093689633,1385933.9319555506,1434731.2095021876,0.05534147949094965,0.07993839679561932,0.05000507022258277,0.06843532931095675,0.047514323378796325,0.08388049485372408,0.14359504132231404,0.11149419459514272,0.08690995284692997,0.11522714597170815,0.10191147391370481,0.05574709729757136,4.124106636364951,0.1556025628583411,0.49946910508259496,0.05714285714285714,0.48495348364330876,0.21122038540421822,0.0013480525504785635,1228.7165390493062,151.9905125774242,0.009237604307028944,Kristian,REC_20260514_174713.csv
right,141,loose,160.976,1.1200000000000045,1.0,15582.0,0.9679333754670124,32613.139836575072,546.875,0.2285226292284672,0.3273579702151131,0.5179260893546608,0.2144113939843755,0.37462330366683083,0.5723386449413224,3626.0,2201.3098591549297,-13.5,455.4718309859155,0.20690945851701611,0.4142857142857143,0.0,0.4142857142857143,0.9283662518214079,-0.7098007165414395,9510383.195457742,8239350.0,2513099.0,4030488.0,4132397.917643641,1154574.4406719701,1366346.3522301316,0.05665640815647534,0.08384892477590167,0.04512678110983857,0.07327903360995054,0.05341889911896246,0.08171191288157499,0.14408834688693672,0.11194999136237707,0.08236453328044122,0.11184761953510393,0.10246140262199842,0.053246146660439045,4.042449663314568,0.16583976760841987,0.5082989168197911,0.08571428571428572,0.4557695715704767,0.17695303015340813,0.0019311736963649336,1344.7290929154856,145.86196429982908,0.009237604307028944,Kristian,REC_20260514_174713.csv
right,142,loose,162.112,1.1040000000000134,0.0,16573.0,1.0657002712446912,32692.745877334928,470.4861111111111,0.1966020080029035,0.3137976346911958,0.5193166885676741,0.2109352463848093,0.38796984937227996,0.5436897911676786,3805.0,2278.0857142857144,-0.7999999999999972,463.47857142857146,0.2034508923532289,0.0,-0.014492753623188406,-0.014492753623188406,1.0036638873742771,-0.47650695790205333,9540920.384131974,8344419.0,2719572.0,3742160.0,4213394.03005932,1547037.6852822793,1367107.9636868213,0.054456749401126256,0.07871270364842663,0.042999761704689395,0.07791002470746115,0.05149687080631608,0.08751708828214164,0.14628196606173102,0.11167897859104761,0.09233316192793448,0.10569651210916432,0.09925626779376168,0.05165991496619969,4.1441902590154704,0.16937627333819835,0.5026984059795689,0.057971014492753624,0.4647231654494585,0.1952896468678871,0.002184852398805745,1152.0941801779795,51.35547059202823,0.009237604307028944,Kristian,REC_20260514_174713.csv
right,143,loose,163.232,1.1200000000000045,1.0,16051.0,1.014202471450596,30544.71715370761,628.4722222222222,0.2626196564466829,0.32735546038543895,0.4994646680942184,0.22545137087693107,0.36584131482723287,0.616254539165766,3736.0,2226.394366197183,-4.900000000000006,484.84507042253523,0.21777142351050777,0.2571428571428571,0.0,0.2571428571428571,0.7422428509391585,-1.0307119592317613,9051944.577650594,8079303.0,1836260.0,3645643.0,4097674.3666462493,1428191.6893258784,1364724.7297677868,0.05269051203866544,0.07662234143502411,0.03616660551387325,0.07237749408504877,0.050419423814162985,0.08108860407151082,0.153965864088971,0.12244265344079355,0.08533345142148614,0.11232713792274505,0.10300871743613751,0.05355719473158141,4.062919623261928,0.16979538736672456,0.514156284440921,0.05714285714285714,0.45802925881656265,0.1859904551792037,0.0014064355387630918,495.7361529415663,79.00736286793602,0.009237604307028944,Kristian,REC_20260514_174713.csv
right,144,loose,164.368,1.1040000000000134,0.0,16817.0,1.08977203973082,29668.8641171178,763.0208333333333,0.31884347792352796,0.3297644539614561,0.4991970021413276,0.23659255256182612,0.34901824545150417,0.6778801843309226,3736.0,2220.5142857142855,11.400000000000006,508.1928571428571,0.2288626830335315,0.0,-0.8840579710144928,-0.8840579710144928,0.6550745295275308,-1.210018877273305,8993370.841879368,7998669.0,1661553.0,3760486.0,4100013.656383907,1530553.012771597,1493981.39412613,0.05330811395043619,0.07781337656656116,0.0390707429424329,0.06901876013278778,0.05156463110218997,0.07422990812939088,0.1547067603386603,0.12372294706503001,0.0763915695205744,0.1222496718906817,0.11286960549679612,0.04505391286445869,4.266545655819571,0.17498239863342532,0.5130000940211668,0.057971014492753624,0.47497921506146495,0.22229956474784796,0.0015964026529863365,391.31743295348406,146.42375932066398,0.009237604307029216,Kristian,REC_20260514_174713.csv
right,145,loose,165.488,1.1200000000000045,0.0,10605.0,0.4769284912233117,30288.164057928636,482.6388888888889,0.20168028865242502,0.3257284222100055,0.500549752611325,0.23017832995803628,0.3614022613432201,0.6369034026025397,3638.0,2218.549295774648,-9.400000000000006,494.0,0.22266802948253206,0.0,-0.05714285714285714,-0.05714285714285714,0.8004068533925774,-0.9258166115714772,8911957.596289437,7795862.0,1621236.0,4002389.0,3942947.5175126754,1372399.6892696978,1461861.1182251566,0.05376562529758693,0.08079127967140055,0.04596329285093038,0.06818311674295473,0.053346622904194466,0.07889942038002247,0.14781261705085802,0.12209475802611781,0.08018182164464789,0.1136829675527086,0.10808357193191846,0.047194905946659725,3.9998694086502136,0.16563091150762782,0.5027922066220907,0.08571428571428572,0.4902593398789552,0.21599891316212555,0.0010780020721591085,3387.098463286825,140.22881576996932,0.009237604307028944,Kristian,REC_20260514_174713.csv
right,146,loose,166.624,1.1200000000000045,0.0,16482.0,1.0567226854568317,30303.730941915386,926.5625,0.38718262609280296,0.34229546111592946,0.5348366579936398,0.2294754809481641,0.36293458591614364,0.6322777984044115,3459.0,2194.9014084507044,-1.9000000000000057,487.03521126760563,0.22189388980864744,0.0,-0.07142857142857142,-0.07142857142857142,0.7338924467452977,-1.0490921227540333,9029172.087043418,8057312.0,1475850.0,3798360.0,4116795.2827719655,1318464.781973716,1404909.465093414,0.055095676279213024,0.07727255226581449,0.03739139362671492,0.07221601919942504,0.05250324054466818,0.07888319921970251,0.149725997510235,0.1201696633683697,0.08205957468653344,0.11814191660570593,0.10930581757979439,0.04723494911382333,3.804154149476076,0.1469045621525385,0.48653909522297417,0.05714285714285714,0.4596877724931375,0.17774583849815168,0.0011317451239180607,3493.811147348022,224.50986764078178,0.009237604307028944,Kristian,REC_20260514_174713.csv
right,147,loose,167.76,1.1040000000000134,1.0,16846.0,1.0926330286082697,31794.64599582766,581.5972222222223,0.24303200251281434,0.32475083056478404,0.5243632336655593,0.2259723103622447,0.36269799127089997,0.6230316014989536,3612.0,2206.0857142857144,10.700000000000003,481.8071428571429,0.21839910377786123,0.10144927536231885,0.0,0.10144927536231885,0.7473589016434351,-1.062953460271615,9417648.37839155,8163603.0,1577254.0,4422664.0,4238163.102848125,1497995.7083980746,1471004.6110913956,0.05519795889293253,0.07850361985675987,0.03874995143304884,0.07165891753979252,0.05081398210145959,0.07854247341768873,0.15031795164026782,0.12040070972504628,0.08317899835519925,0.1158742698768342,0.10557160063719839,0.0511895665237719,3.867781768894474,0.148239571946365,0.48811251733842514,0.057971014492753624,0.4791772948583991,0.20905568856940854,0.0007833949415824592,3502.896563322032,233.04576342796562,0.009237604307028944,Kristian,REC_20260514_174713.csv
right,148,loose,168.88,1.0720000000000027,1.0,19392.0,1.3438081210905808,33275.99559742728,1625.0,0.6790386697074453,0.3553338449731389,0.4980813507290867,0.22679181988258823,0.3474550029030385,0.6527228504048649,3909.0,2279.5588235294117,4.299999999999997,498.0735294117647,0.21849558093026256,3.074626865671642,0.0,3.074626865671642,1.0085685877939166,-0.4385615178868085,9962429.450445961,8750033.0,3015230.0,3687182.0,4376944.235779309,1364914.588195401,1304476.9041239035,0.05646087349203278,0.06976324108122058,0.04473904909360686,0.07224050061286369,0.04630023869427779,0.07680794787433069,0.15339010386426682,0.12133410747693696,0.08234307464034579,0.11859234888071736,0.10545771240565126,0.05257080188374944,4.02702330774768,0.1280908980930263,0.4795960440255991,0.05970149253731343,0.4876593523651438,0.20088193674149743,0.0016088306879839505,1585.492142312065,531.5865155288982,0.024440403706433387,Kristian,REC_20260514_174713.csv
right,149,loose,169.968,1.0720000000000027,0.0,18032.0,1.2096376082170759,32565.59689304036,875.0,0.3656362067655475,0.3314393939393939,0.4635416666666667,0.2367014600997888,0.349242401052986,0.6777569372614496,4224.0,2402.1323529411766,7.700000000000003,549.75,0.22885916312100155,0.0,-3.5522388059701493,-3.5522388059701493,0.9000209229857885,-0.5026515619091216,9487499.737710932,8370075.0,2465452.0,3725056.0,4333069.521379501,1535249.8487649593,1434724.4594007512,0.051951391227157244,0.08068199210260492,0.05348801616211087,0.06339343108145336,0.05201261134408766,0.07569867458446845,0.13778199516361075,0.12046894609568704,0.07745569194037161,0.11410817594661606,0.11623251400410174,0.05672656034773026,4.4153382561386785,0.17677896491156617,0.5193649273195516,0.05970149253731343,0.45691194041090616,0.24705512535081828,0.0010964914083901498,1273.9905808128917,538.0945621174311,0.018475208614074933,Kristian,REC_20260514_174713.csv
right,150,loose,171.056,1.1199999999999761,0.9857142857142858,11591.0,0.5742021130566026,31914.54072989301,1390.625,0.5811004000381023,0.3339715536105033,0.5038293216630197,0.21322554996024384,0.37666755013693787,0.5660842031188295,3656.0,2231.9154929577467,7.299999999999997,459.1478873239437,0.2057192079057968,0.6086956521739131,-21.0,-20.391304347826086,0.9855104495053346,-0.5876060325570149,8926978.724403962,8005999.0,442266.0,3924198.0,4054196.8591266484,1332272.5903439892,1359927.3797210918,0.05312811581033155,0.07604785884669266,0.036973230850781864,0.07802935645501242,0.05020635341335049,0.08396122827609707,0.15251852132318602,0.11338709880983933,0.08842275314578521,0.11318516274784496,0.09983845115040449,0.05430186917067383,4.164069730781149,0.17486603137535062,0.5084726502196584,0.05714285714285714,0.4863426524332389,0.21670512136893025,0.0019592957097018865,4167.166943300125,383.6884111815216,0.027712812921087137,Kristian,REC_20260514_174713.csv
right,151,loose,172.192,1.1359999999999957,0.014084507042253521,17741.0,1.1809290646537012,30579.208819065283,1656.25,0.6920971056633578,0.33595871808799566,0.5062466051059207,0.23961621531815916,0.34528754183181826,0.6939613692595209,3682.0,2340.722222222222,17.5,544.2569444444445,0.23251667339140342,12.0,-0.9857142857142858,11.014285714285714,0.5215027737655603,-1.3881148406931194,9112127.805266835,8147720.0,1264491.0,3878994.0,4111762.98251693,1222450.5094742475,1391115.2979250588,0.057140483706358436,0.08217430517646501,0.0483884366173783,0.06414805496878931,0.0538651413381435,0.06971969714950277,0.14735480502219164,0.12724586428690102,0.07538034319891772,0.1210689957990174,0.11237035103125816,0.041143521705076784,4.0587386299444175,0.18055747645654063,0.5170638648744756,0.056338028169014086,0.44845245892274344,0.19669162535249704,0.0013050759613682144,3637.6196887525193,397.2357284514244,0.033306655991451176,Kristian,REC_20260514_174713.csv
right,152,loose,173.344,1.1520000000000152,0.0,16554.0,1.0638258302560173,30778.219652864915,1333.3333333333335,0.5571599341189296,0.30526315789473685,0.47034659820282415,0.2240671561417221,0.37447303476585825,0.598353246667154,3895.0,2225.849315068493,21.299999999999997,483.0753424657534,0.21702967006591298,0.0,-1.2638888888888888,-1.2638888888888888,0.7741518895414885,-0.8336891881246453,9186823.374203784,8109846.0,2447126.0,3555235.0,4069370.0453140414,1374401.393320268,1332694.9724403918,0.051105626911691404,0.07943404703145483,0.03570131764387305,0.07078720143765348,0.06004172641503629,0.07997562881953633,0.1479441432237656,0.11890797417639566,0.08423443106217728,0.11418144220768431,0.10515918196532646,0.05252727910540536,3.651410460305064,0.13965454382491613,0.4828353958732754,0.05555555555555555,0.46973271706103836,0.1651827473689815,0.001090633048207336,3262.484687064953,172.29536137379472,0.016000000000019183,Kristian,REC_20260514_174713.csv
right,153,loose,174.512,1.1680000000000064,1.0,17870.0,1.1936555324189084,30114.083914341474,862.5,0.3604128323831825,0.3359375,0.505926724137931,0.23207219673245452,0.35252348700021846,0.6583169782727556,3712.0,2226.6486486486488,12.099999999999994,500.86486486486484,0.22494113077464617,1.9726027397260273,0.0,1.9726027397260273,0.6121789241162947,-1.2076077933444316,8807649.299121644,7953465.0,1385442.0,3521027.0,3986767.7490746924,1263479.884682035,1325194.1596546564,0.05386837569489962,0.07656640691379603,0.03985507246376811,0.07295535649260795,0.05210836792658947,0.0721785254776297,0.1539399898040929,0.12326730269706017,0.07871483018959531,0.11952273444517272,0.10880489403539435,0.04821814385939359,3.6387301780028563,0.13319337953649954,0.473325548775338,0.0547945205479452,0.4912111084342311,0.16948847156047855,0.0008147143475126936,725.4270006922158,399.16543435207643,0.016000000000004528,Kristian,REC_20260514_174713.csv
right,154,loose,175.696,1.1520000000000152,0.0,16544.0,1.0628392823672415,28517.416660700528,1455.7291666666665,0.6083054749462531,0.34077299945563416,0.505443658138269,0.25101580694712844,0.3482607403002824,0.72076975064823,3674.0,2211.6164383561645,7.799999999999997,538.5958904109589,0.24353042465685543,0.0,-1.2083333333333333,-1.2083333333333333,0.5226739177077163,-1.3035967265744894,8843728.902666623,7979121.0,1947438.0,3279124.0,3944621.7239362043,1402260.8289261647,1262765.3657365956,0.05008423764927407,0.07626604231703087,0.03463653931916159,0.06276324265398146,0.04996655269808235,0.07666245478420297,0.1476388682424062,0.13017813785243543,0.08260244784698478,0.1199457410435558,0.12083766909469301,0.048418066498191366,3.669954409678764,0.14592852648394605,0.48680286701203224,0.05555555555555555,0.46516287726304756,0.15803931627013745,0.0014538819394963641,762.6960950033134,313.20536712599295,0.009237604307027192,Kristian,REC_20260514_174713.csv
right,155,loose,176.864,1.1200000000000045,0.0,12864.0,0.6997896592977582,29838.525717602068,1114.5833333333333,0.4657508824275426,0.3460410557184751,0.5390029325513197,0.2504299762364278,0.34257618128585876,0.7310198137421549,3410.0,2145.549295774648,5.200000000000003,520.7464788732394,0.24271009754880724,0.0,-0.11428571428571428,-0.11428571428571428,0.5951576053436284,-1.2958380722265674,9139130.396398172,8124507.0,1975538.0,3689626.0,3976682.863213511,1302200.6607591966,1379261.156206238,0.05220108445914898,0.07576772092901125,0.033630049759082015,0.06714193810968005,0.05143303530400305,0.0724395079233789,0.15324878228104036,0.13128388934840549,0.07579397901978548,0.12339989759344597,0.11914608688802238,0.04451402838499612,3.9560575968359357,0.15527095587531553,0.4981700363629962,0.05714285714285714,0.5006694779218219,0.19645516857271178,0.0009343085559714979,2593.6046987413683,297.7267569235163,0.02444040370643262,Kristian,REC_20260514_174713.csv
right,156,loose,178.0,1.1200000000000045,0.014285714285714285,13242.0,0.7370811694934822,30251.245081814403,925.0,0.3865297042950073,0.3269018743109151,0.4884233737596472,0.22493118114140764,0.3615517142729995,0.6221272704885764,3628.0,2215.450704225352,1.5999999999999943,481.96478873239437,0.21754706065595655,1.0,-0.6956521739130435,0.30434782608695654,0.6969618570501015,-1.110903935544174,8846540.608610181,7969347.0,576656.0,3797138.0,4057719.346622396,1418529.922056447,1316621.927235824,0.05136779468139888,0.07213106416524155,0.03864663661735443,0.07210563456391411,0.04860868293737324,0.08313572413968479,0.15200544193468404,0.1197225630495178,0.08557060846678576,0.11731310832374427,0.10520861809188986,0.054184123028411225,4.150084082814479,0.17531037011789827,0.5122425226154514,0.05714285714285714,0.4629956007839708,0.20693685849650584,0.0016572901678827503,2024.3718367269648,268.94725884119845,0.01847520861407392,Kristian,REC_20260514_174713.csv
right,157,loose,179.136,1.1040000000000134,1.0,17836.0,1.190301269597071,31195.51163228454,1312.5,0.5484543101483212,0.3383668903803132,0.5103467561521253,0.22052665617099668,0.37378085824966195,0.5899891642482908,3576.0,2186.842857142857,8.099999999999994,465.4214285714286,0.2128280169063033,0.9130434782608695,0.0,0.9130434782608695,0.9269881225544504,-0.6783055481526232,9244773.3824242,8378627.0,1469741.0,3619987.0,4161838.4521270297,1429661.3329444872,1397909.0039381094,0.05254149818067795,0.0733281508240843,0.03491661168416308,0.07582359435324244,0.05479523644654067,0.08199687742930122,0.14842662938744047,0.11616877559952704,0.08783699919649332,0.11394116763239896,0.10435788057146964,0.055866578694660926,4.226863624527074,0.16987503037851123,0.511900662643084,0.057971014492753624,0.47805371648570544,0.20862510727366324,0.0014012325337232098,2767.9265404510475,193.76493371360343,0.009237604307029178,Kristian,REC_20260514_174713.csv
right,158,loose,180.256,1.1040000000000134,1.0,17138.0,1.1214402269605221,29700.46447448255,386.9047619047619,0.16167587373986794,0.34965034965034963,0.5057342657342657,0.2281021061521641,0.36433748191406484,0.6260736747521326,3575.0,2182.042857142857,11.0,480.0285714285714,0.21999044146049246,0.3188405797101449,0.0,0.3188405797101449,0.8531272455466994,-0.8450246838788193,9123451.63547377,8130616.0,1824043.0,3715282.0,4061017.9390167003,1315549.6074609957,1341889.4370385336,0.05278801647211329,0.07750273334948247,0.035098171438298326,0.07079866180446895,0.05545262303346144,0.07917875123573585,0.15162724314698545,0.12114466784075213,0.08140471249091612,0.1165749003227644,0.10695743831141198,0.05147208055360966,4.2833058630865155,0.1815833641677077,0.5326116965414323,0.057971014492753624,0.48168920758742767,0.24048709244722247,0.0008296969130370701,2475.5758925954924,464.8349671380425,0.00923760430702945,Kristian,REC_20260514_174713.csv
right,159,loose,181.376,1.103999999999985,0.0,16209.0,1.0297899280932532,32106.351957206225,1375.0,0.574571182060146,0.35155177149134853,0.527876956879978,0.2270756640970717,0.37292048792375876,0.6089117424495661,3641.0,2227.5142857142855,-0.20000000000000284,488.1857142857143,0.21916165360491519,0.0,-1.3333333333333333,-1.3333333333333333,0.9011398872103992,-0.7291519691665034,9368581.037126593,8175820.0,2145358.0,4040262.0,4264949.087546846,1385187.2088539815,1503993.4219010363,0.050581686184472126,0.0768313174198017,0.03382373690083758,0.07238690147890667,0.053878121673101353,0.08396290548080501,0.14707617716096097,0.11871657068096404,0.08586124187114402,0.11717737901312163,0.10835909341610765,0.05134486871977733,4.3071083679691675,0.17225378059682664,0.5246780745895863,0.057971014492753624,0.48552758555288805,0.22111963816387287,0.0013103203327085018,816.2285219226104,553.3180210227306,3.9546954798545756e-09,Kristian,REC_20260514_174713.csv
right,160,loose,182.496,1.1359999999999957,0.0,16903.0,1.0982563515742916,30007.59720470801,1362.5,0.5693478076777811,0.343768115942029,0.5313043478260869,0.22994844117666233,0.3570855902540136,0.6439588923562718,3450.0,2130.7916666666665,3.700000000000003,473.8125,0.22236453587281724,0.0,-0.6338028169014085,-0.6338028169014085,0.7435397672108749,-1.0994667822272806,8992228.1200713,8078081.0,1764178.0,3534466.0,4046407.9257450486,1365476.5038905907,1382811.045155647,0.05543714190735056,0.07654953492768077,0.040262813117190405,0.07054628887281071,0.0500791959170105,0.07860276240573079,0.15214089703227152,0.12206600311569123,0.08130780813078081,0.11803776634923119,0.10788243806097109,0.04708735016328047,3.8125550261425425,0.1501557422669814,0.48523405588337387,0.056338028169014086,0.4592741983772703,0.16817084442921554,0.0013258725454853718,483.02898463753627,566.9030661028082,0.01847520861406619,Kristian,REC_20260514_174713.csv
right,161,loose,183.648,1.1200000000000045,1.0,17190.0,1.126570275982156,30495.754147093987,625.0,0.2611687191182482,0.3396935530500145,0.5802254986990459,0.21960492602694437,0.3653639525199158,0.6010579985027463,3459.0,2215.3098591549297,0.4000000000000057,470.11971830985914,0.21221397826902413,0.35714285714285715,0.0,0.35714285714285715,0.8231784006946159,-0.920839376747963,8977626.949489994,8029212.0,2135584.0,3401297.0,4145359.3580281455,1431398.3450483293,1299859.5503166167,0.05517302765009187,0.07618557159841563,0.041618188407179235,0.0756070113868279,0.04877071849548914,0.08192031127810943,0.14999968210977382,0.11335965464405831,0.0828803397610737,0.11498089479740856,0.10624527138288606,0.05325932848868628,4.285529940060045,0.185343072635041,0.5241923035436112,0.05714285714285714,0.47258449968612376,0.20487179949951592,0.0012574801975861884,504.3751910366954,429.44974482858106,0.016000000000005444,Kristian,REC_20260514_174713.csv
right,162,loose,184.784,1.1200000000000045,0.0,17138.0,1.1214402269605221,32193.188052754267,843.75,0.3525777708096351,0.33380281690140845,0.5476056338028169,0.21759839876360226,0.3653073892499271,0.5956583555841056,3550.0,2223.6338028169016,-1.7999999999999972,467.1830985915493,0.210098937154005,0.0,-0.02857142857142857,-0.02857142857142857,0.8193151927121313,-0.9394405813613225,9749539.139733426,8631525.0,2638937.0,3685960.0,4147869.598206741,1519121.7959824968,1443652.9823209853,0.05337032392100229,0.07232166609660624,0.03489403210073601,0.0724040081581981,0.048138436007550134,0.08533804583285828,0.15003990422984836,0.11561458847971216,0.0871052331547144,0.11876892283915426,0.10198381028389009,0.06002102889572961,4.116782837654795,0.16720835298793754,0.5089865039347278,0.08571428571428572,0.5009278870602665,0.2167104883389314,0.000982339273411311,152.91500907357056,378.78300186254364,0.009237604307028779,Kristian,REC_20260514_174713.csv
right,163,loose,185.92,1.1200000000000045,1.0,20746.0,1.4773867052308198,31842.82974234545,837.5,0.3499660836184526,0.350498786734969,0.515502830951739,0.23162964879214554,0.3640008869507373,0.6363436384241978,3709.0,2286.676056338028,12.0,512.0422535211268,0.22392426426204468,1.4,0.0,1.4,0.78721590326249,-0.9193422560016025,9419027.317898383,8538674.0,2219884.0,3298672.0,4166490.681572378,1529815.661672426,1240654.387322513,0.05250871552286978,0.07579117237641204,0.03438165982975473,0.07353683925249764,0.04699607031548345,0.08243714352587556,0.15251857053106174,0.12630424874040677,0.0852396614804686,0.11454599209135594,0.1053254000517388,0.050414526282074976,4.06111865499463,0.18538119681264428,0.51705624559284,0.05714285714285714,0.47927092855260384,0.24700430328448553,0.0011426141503962759,2068.232095292975,124.53036778231814,0.0,Kristian,REC_20260514_174713.csv
right,164,loose,187.056,1.103999999999985,0.0,17731.0,1.1799425167649253,31987.873733651006,955.7291666666667,0.3993704996516546,0.34586070959264126,0.5503285151116951,0.21654629271478665,0.38094392624109874,0.5684466342626042,3805.0,2252.9,-7.5,470.45714285714286,0.20882291395851696,0.0,-2.8405797101449277,-2.8405797101449277,0.9818377313978098,-0.5055683936178359,9172513.828821955,8361523.0,1610240.0,3409849.0,4147319.519994703,1264134.4993033255,1400984.2184046833,0.057671699333557376,0.08111450004121672,0.03401964452166414,0.08352409275663748,0.05500846527967128,0.07886977419579842,0.15191847967381725,0.11855196159870135,0.08242709396777485,0.11437956158094648,0.0979943311160853,0.04452039593412934,4.039048888435859,0.1471092606974957,0.48285898635957697,0.057971014492753624,0.47709153396474896,0.18360831186025303,0.0009998302934266002,1934.7496823447996,66.52885604263923,0.009237604307045701,Kristian,REC_20260514_174713.csv
right,197,loose,225.04,1.1359999999999957,1.0,17386.0,1.1459066146021613,32820.50325634877,2093.75,0.8749152090461315,0.3247971602434077,0.5233265720081136,0.21149310436974986,0.35982758019728356,0.5877623506612477,3944.0,2390.8055555555557,5.299999999999997,488.8611111111111,0.20447547897617027,2.056338028169014,0.0,2.056338028169014,0.9358050330824726,-0.7195375368872892,9616015.121916043,8440935.0,1893682.0,4199087.0,4074449.3870979315,1259411.142788444,1276803.0273155547,0.05630366333987847,0.07578222124109725,0.052359153702262136,0.06831728032160243,0.05007029243978668,0.07924455959753221,0.1454356388479011,0.11239238285561583,0.08641322659726498,0.1123342899301723,0.099100721514134,0.06224656961275256,4.350778257702833,0.21827403893080233,0.538925998783459,0.08450704225352113,0.46158931640691964,0.2291630520074169,0.003000575243136004,2790.968290755015,693.1989989238697,0.024440403706432374,Kristian,REC_20260514_174713.csv
right,198,loose,226.192,1.103999999999985,0.0,16994.0,1.1072339373621511,31454.91594329891,681.25,0.2846739038388906,0.3106749640976544,0.45715653422690283,0.21475718563798585,0.36421845574387945,0.5896383948998716,4178.0,2313.6428571428573,0.0,478.90714285714284,0.2069926831527276,0.0,-1.173913043478261,-1.173913043478261,0.9835937479077601,-0.6015365523991552,9348448.58502634,8316319.0,1847256.0,3849672.0,4219655.0105346665,1331200.9923130851,1251770.6679954843,0.06077614152079281,0.08488777746905005,0.057553023988144845,0.07005649717514124,0.056620666234447836,0.0751011083325615,0.14279275107282885,0.11364885307647184,0.07755240653267882,0.11145688617208482,0.10110833256151398,0.048445555864283285,4.175016031839142,0.1825098662677352,0.5235787777556277,0.057971014492753624,0.4520700914326866,0.2239472575164422,0.0013732181499843399,2946.3939541977925,787.33902839093,0.03200000000001045,Kristian,REC_20260514_174713.csv
right,199,loose,227.312,1.103999999999985,1.0,19210.0,1.3258529495148617,32711.254653406373,546.875,0.2285226292284672,0.3186698088504844,0.4789211835559047,0.22461181232887767,0.3579025138294768,0.6275781914055557,3819.0,2300.9857142857145,16.400000000000006,499.45714285714286,0.21706225282332414,0.028985507246376812,0.0,0.028985507246376812,0.8344276040850511,-0.9168563821346751,9302988.367575282,8407949.0,1767844.0,3567452.0,4102479.5126872156,1291680.9349482087,1201915.2057225828,0.05852150320670022,0.08688822802649794,0.04674394203726353,0.06880281121755272,0.054541842316026046,0.07318602586469153,0.14876233167151964,0.11842750622404062,0.07448360640470852,0.11876276626787276,0.10618430610483705,0.0446951306582893,4.210205423838576,0.18675398592347806,0.5210511274750553,0.057971014492753624,0.45236738342318905,0.20755303438743844,0.0013208280159148144,1182.602779183825,856.9359326742782,0.01847520861407427,Kristian,REC_20260514_174713.csv
left,55,loose,62.4,1.1360000000000028,0.0,18621.0,1.2677452788659689,34350.23734998057,4375.0,1.8281810338277376,0.3282141290039491,0.419482229047828,0.2531997920200837,0.3220222370445844,0.786280457969524,4558.0,2644.4861111111113,22.400000000000006,649.3541666666666,0.24555022767498408,0.0,-1.1126760563380282,-1.1126760563380282,0.5924276005161202,-1.3253440322369914,9760464.541687245,8785463.0,2500882.0,3439171.0,4079219.485487152,1266241.0603297132,1170598.8544302657,0.05552433522581052,0.06547165748438837,0.05537727871934791,0.06884345309685246,0.052262831993193384,0.06706301896503732,0.14492943913698839,0.12623750676197326,0.06838127550511283,0.1308330225889298,0.12696228525811043,0.038113895264255286,3.122924568919448,0.09483845664006843,0.4362971189574463,0.028169014084507043,0.4198882614742607,0.13429507062271018,0.0013358039904661384,1353.9833824681882,2054.9547434115543,0.0369504172281361,Kristian,REC_20260514_174713.csv
left,81,loose,92.224,1.1679999999999922,0.0,17769.0,1.1836913987422732,30069.064867401514,1114.5833333333335,0.4657508824275427,0.3261065943992773,0.42660343270099366,0.22710321586646562,0.3413380661247911,0.6653322275024844,4428.0,2482.2027027027025,11.200000000000003,545.3040540540541,0.2196855452055988,0.0,-2.232876712328767,-2.232876712328767,0.8392204418809271,-0.8619372473439375,9333655.73568883,8023104.0,2156354.0,4254065.0,3903379.2056871094,1236522.2905751423,1323998.6372574621,0.06386001970786627,0.07114975256283924,0.061970895510199644,0.07075232874027537,0.05072870107739966,0.07338185896354045,0.1391527795168851,0.11393542135091436,0.07532542478073638,0.12082228622137053,0.11316779451555127,0.04575273705242184,3.57141028203535,0.14352086270045036,0.477873109257161,0.0821917808219178,0.4523743654689855,0.17252327903259246,0.0006673219921173242,2594.1757843291966,245.0869967896491,0.02444040370642548,Kristian,REC_20260514_174713.csv
left,82,loose,93.408,1.1359999999999957,0.0,18162.0,1.222462730771161,30474.95709595011,814.0625,0.3401722566515183,0.33290587330084637,0.4726853039240831,0.22923648841864455,0.34069774092078925,0.6728441691418905,3899.0,2428.472222222222,15.099999999999994,538.8611111111111,0.22189305118673147,0.0,-0.39436619718309857,-0.39436619718309857,0.8133221719206538,-0.9695242518550007,9765925.203770505,8456818.0,2436130.0,4233296.0,4101403.2969922847,1238231.2368397147,1403400.8600334406,0.06009150700600514,0.06976265370317415,0.06247068916213898,0.06817271947383471,0.048515870746354016,0.0741492708035459,0.14104661138118388,0.1144638261366886,0.08009722619388047,0.12060623391478412,0.11477266228195597,0.04585072919645411,3.657040418349476,0.14427826844344552,0.47771144315577846,0.08450704225352113,0.46069168271534927,0.16830082833895316,0.0012731077921529063,1960.450543455081,151.05633310018865,0.02444040370642548,Kristian,REC_20260514_174713.csv
left,83,loose,94.56,1.1200000000000045,1.0,19061.0,1.3111533859721027,33257.66588322157,718.75,0.30034402698598545,0.34384093113482056,0.4619301648884578,0.21962125936037658,0.3513883973462314,0.6250099918459436,4124.0,2507.1971830985917,-0.9000000000000057,531.6338028169014,0.212043075989686,1.9714285714285715,0.0,1.9714285714285715,0.8451010623630636,-0.9271959325628196,9951812.453250965,8630304.0,2717128.0,4144109.0,4253637.558921446,1189602.32798312,1513305.8033385724,0.056249332906393425,0.06638353809596036,0.07075405452472038,0.06815309166287475,0.05250237344883181,0.07993888018156181,0.1377499143311368,0.11074034750661475,0.08441051395700265,0.11851514794029581,0.10888091185376185,0.045721893590845504,3.735998146358037,0.14092985333868902,0.4765240809529295,0.08571428571428572,0.4836460283552864,0.1735344357774415,0.0013366403675093503,662.3083370555686,206.59189710690674,0.02444040370642548,Kristian,REC_20260514_174713.csv
left,84,loose,95.696,1.1039999999999992,1.0,18243.0,1.2304537686702448,32444.515299199647,1975.6944444444446,0.8255833398793513,0.3334798856891625,0.3970103319410859,0.21941041112986892,0.3230369788445574,0.6792114386235094,4549.0,2564.0142857142855,0.4000000000000057,541.5857142857143,0.2112257007705551,1.391304347826087,0.0,1.391304347826087,0.8738900240720281,-0.8061634306565693,9554487.81417094,8456818.0,1993864.0,3974289.0,4088094.632358465,1017812.6538179144,1500230.0264175888,0.06329917930031592,0.0670934527888746,0.06833035251642235,0.06785676478290183,0.04380965116084711,0.07090444113861635,0.14681219739136736,0.10852959366172464,0.07337266897331751,0.1341033312718338,0.11088081746814428,0.045007549545634365,3.9056539848529064,0.13289357310516303,0.479001067336054,0.08695652173913043,0.4459036631700907,0.18576142655651293,0.0016472834853935793,497.30708152339076,699.8074239186305,0.0159999999999985,Kristian,REC_20260514_174713.csv
left,85,loose,96.816,1.152000000000001,0.013888888888888888,17272.0,1.1346599686701175,31230.70508329903,336.80555555555554,0.14074092085816708,0.3339686573485811,0.44239728928420163,0.22653462881113257,0.31892601123407194,0.7103046500795506,4722.0,2860.671232876712,0.0,627.9520547945206,0.21951213672430556,18.0,-2.859154929577465,15.140845070422536,0.6183011538164203,-1.2807209579090564,9487175.953746667,8401840.0,1721418.0,4056145.0,4048679.26759128,1184631.8876171089,1417712.0867813402,0.06548898859832686,0.06606841003883561,0.07023449808216292,0.06639882391813398,0.05490137863993986,0.0643588773589875,0.13647529797106725,0.10886419031839449,0.06719852127817497,0.1370930282671468,0.11767043849273809,0.04524754703609173,3.718051193316282,0.1458159761964796,0.47392575046634533,0.08333333333333333,0.4803998032613087,0.18861326138261802,0.0007361033653018825,895.5897498296745,857.4912715965085,0.024440403706431777,Kristian,REC_20260514_174713.csv
left,86,loose,97.984,1.1200000000000045,1.0,17008.0,1.1086151044064372,31325.429302724646,708.3333333333334,0.2959912150006813,0.32570628064440815,0.4468830259164137,0.20598133283960837,0.3497315370457095,0.5889698555050789,4283.0,2586.450704225352,0.29999999999999716,513.2887323943662,0.19845293457781069,0.35714285714285715,0.0,0.35714285714285715,0.9363708802793743,-0.7584167353280016,9156353.836670196,8064642.0,1492954.0,4070805.0,3985603.520700682,1253639.2403466613,1459732.0623634008,0.06428408063690522,0.0721909408728041,0.06303161654995154,0.07442903974123002,0.05735740968644834,0.07061174702403641,0.13958439974297257,0.10239710735250875,0.0751423997211906,0.13075725067796426,0.10358422548709963,0.04662978250688855,3.604561353020126,0.14351381226948623,0.4748642434763648,0.08571428571428572,0.44927295229607517,0.1911503562063207,0.0012772694523283635,650.3540061638066,859.2820516513323,0.024440403706431777,Kristian,REC_20260514_174713.csv
left,87,loose,99.12,1.1359999999999957,0.0,17985.0,1.2050008331398299,31371.49703154123,869.7916666666666,0.3634598007728954,0.32751802744824376,0.4408001860897883,0.21976467739450106,0.32917648094745416,0.6676196208237525,4299.0,2523.722222222222,-2.200000000000003,535.4791666666666,0.2121783300680212,0.0,-0.8309859154929577,-0.8309859154929577,0.8496925727261088,-0.8431851717356431,9663945.7320164,8433605.0,2783102.0,3810577.0,4111229.913448812,1156073.088393632,1390447.6990091065,0.06656283707927003,0.07092147841592004,0.0612521187839831,0.06875866775265811,0.050102362031391026,0.06857705769696437,0.14720870847733727,0.11054549056728377,0.07081691505052062,0.13394567107667246,0.1092191868272173,0.042089506240781914,3.8002523168841535,0.14905093129302502,0.489415162198673,0.08450704225352113,0.45136292847960047,0.15612528069886006,0.0008806414848289728,505.40313941774514,273.305652368862,0.015999999999998613,Kristian,REC_20260514_174713.csv
left,88,loose,100.272,1.1359999999999957,1.0,18066.0,1.2129918710389136,30614.48588495322,765.625,0.3199316809198541,0.34318928481172606,0.47864543846348245,0.22026037383282143,0.325360993157774,0.6769722814490553,3957.0,2482.5416666666665,0.0,527.9652777777778,0.21267126544815745,0.04225352112676056,0.0,0.04225352112676056,0.7129855095896734,-1.101001508059676,9755297.563928535,8779355.0,2218662.0,3628539.0,4248377.358681593,1171707.9860991864,1310943.6884686397,0.06819847490531097,0.0658319486637239,0.058441449455363295,0.07275809402326246,0.04485770072114713,0.06771733718243513,0.15336544647902295,0.11234006366682893,0.07419591256720544,0.13428218167984202,0.10792031016599253,0.04009108048986534,3.756429964181379,0.15169819751812685,0.4812558189237471,0.056338028169014086,0.4482850694803809,0.18211979835347913,0.001363323917457153,588.8483109709265,81.85538357031875,0.00923760430702948,Kristian,REC_20260514_174713.csv
left,89,loose,101.424,1.1359999999999957,0.0,17693.0,1.1761936347875774,31204.413694219606,770.8333333333333,0.3221080869125061,0.33472597689850087,0.4482673875645122,0.2231255595344673,0.338949194270367,0.6582861482072834,4069.0,2482.222222222222,3.700000000000003,535.3402777777778,0.2156697627573859,0.0,-0.8309859154929577,-0.8309859154929577,0.7875523176791905,-1.0602672765968975,9668599.099413162,8412836.0,2362826.0,4138001.0,4073425.4879903803,1204013.4863286556,1444133.0704827765,0.0621307072515667,0.06631602506714414,0.061498433303491494,0.06847582811101165,0.050984780662488814,0.0724709042076992,0.14297224709042078,0.11293084153983886,0.08070165622202329,0.12564346463742168,0.11019471799462847,0.04568039391226499,3.5413790229657454,0.12540278518646195,0.46406275284404547,0.08450704225352113,0.4815236647606144,0.15790615045730885,0.0010872765068496446,196.19463125507218,58.69493577908284,0.0,Kristian,REC_20260514_174713.csv
left,90,loose,102.576,1.1200000000000045,1.0,18966.0,1.301781181028733,31820.177780773003,773.8095238095239,0.3233517474797359,0.35095410005157296,0.5131511088189789,0.21913410010624892,0.3540760696017697,0.618889890956072,3878.0,2425.8732394366198,9.700000000000003,512.8098591549295,0.21139186121448933,0.7857142857142857,0.0,0.7857142857142857,0.9422047767356977,-0.7109789950212937,9331821.731511325,8151385.0,3001791.0,3409849.0,4168499.1766606895,1249232.3089790237,1381816.6191832714,0.0604631989642179,0.07014752927652014,0.055261064695739014,0.07170933074774874,0.05354250248204509,0.07616830297787351,0.1461010119776819,0.11383152284352374,0.08250840411758217,0.12131539680788679,0.1053025772627252,0.043649157846455754,3.776592150373735,0.1340213412598827,0.4784460932780588,0.08571428571428572,0.5073941077963068,0.19873885975940458,0.0009164508029627887,654.4282491865041,4.14268181753082,0.00923760430702948,Kristian,REC_20260514_174713.csv
left,91,loose,103.712,1.1359999999999957,0.0,17310.0,1.1384088506474654,29731.919362866567,661.4583333333334,0.2764035610668127,0.3373493975903614,0.48487828866486354,0.23434008914495696,0.33317077043472343,0.7033632897594867,4067.0,2449.1944444444443,0.0,555.1527777777778,0.22666749838382239,0.0,-0.5352112676056338,-0.5352112676056338,0.6489886393914146,-1.2868690489839338,9188646.530571572,8288219.0,2047620.0,3397632.0,4098065.0968861184,1278766.577894809,1392458.1220300929,0.055466082952444686,0.0613750552902882,0.05993467239795398,0.06884916809381769,0.04619999773168049,0.07551235667056062,0.14773565004366515,0.1203400210953715,0.08123419264837646,0.12666296174479139,0.11400006804958546,0.04268977328146443,3.838168591031999,0.16042055734749064,0.49460889652373663,0.056338028169014086,0.46830854898015395,0.18936559338689993,0.00114214819584662,866.9442504182801,64.0241339081931,0.00923760430702948,Kristian,REC_20260514_174713.csv
left,92,loose,104.864,1.1359999999999957,0.0,19148.0,1.3197363526044519,31053.0215921092,567.7083333333333,0.23722825319907542,0.32748538011695905,0.46588693957115007,0.22510251740281795,0.34638032559750603,0.6498709677411808,4104.0,2486.027777777778,1.0,541.3680555555555,0.21776428260165145,0.0,-0.8591549295774648,-0.8591549295774648,0.7690463853821717,-1.072502393871456,9359573.418754404,8262563.0,2106263.0,3859446.0,4053337.956038006,1310092.7257243409,1458390.3768624202,0.05675609238298491,0.07491871235907349,0.06723689062203202,0.06679553504586745,0.05182855291238812,0.0731756371721957,0.1372168899516185,0.11365744103154295,0.07966188810798126,0.12261863526151713,0.111445076371275,0.044688648781523406,3.6853002377551256,0.14286782494457606,0.48066912071184187,0.08450704225352113,0.45965488425401835,0.18205674484195053,0.0010596944995520212,1012.7276698764149,103.19040105319738,0.00923760430702948,Kristian,REC_20260514_174713.csv
left,93,loose,106.016,1.152000000000001,1.0,18013.0,1.207763167228402,30869.270318554663,875.0,0.3656362067655475,0.3312820512820513,0.49846153846153846,0.22830384323206337,0.32935018270739647,0.6931948279336891,3900.0,2470.4520547945203,-0.5,546.3493150684932,0.22115357956782355,0.06944444444444445,0.0,0.06944444444444445,0.6165060549740576,-1.3080324425963508,9646470.805758342,8646186.0,2489886.0,3478266.0,4168651.0260124677,1115311.3033132174,1264401.6824847232,0.05727419417443427,0.05908740566587004,0.06956189039774209,0.07113666735054869,0.04713795378805943,0.07476309033342021,0.14804012354236096,0.11592909067720955,0.07722506556949814,0.12652002018376096,0.11237475255485382,0.04094974576224195,3.7845982541765872,0.1442815988104737,0.4819790065881132,0.08333333333333333,0.49532062281153405,0.1699506662215617,0.0009944351873223752,927.4227730652185,157.48929821078508,0.009237604307037621,Kristian,REC_20260514_174713.csv
left,94,loose,107.184,1.152000000000001,0.013888888888888888,18908.0,1.2960592032738334,31955.85958787527,416.66666666666663,0.17411247941216546,0.31703739916890733,0.46981178196040085,0.2208420084903875,0.33983722250763865,0.6498464378344164,4091.0,2533.082191780822,-0.09999999999999432,541.9794520547945,0.21396046832328364,8.0,-0.5774647887323944,7.422535211267606,0.59335893196254,-1.3731053808456073,9445093.42564879,8340753.0,2609616.0,3582113.0,4076217.370322427,1247041.4425267526,1390300.7958853405,0.05955709379985399,0.06654408782413541,0.0731579374307114,0.06935619068220533,0.0506827461265987,0.07714355244301435,0.14241137820079494,0.11259768001514209,0.07611064543168483,0.12263472406240705,0.10824432847524537,0.041559635508206474,3.5313815657143217,0.14013077913899027,0.4736429099409623,0.05555555555555555,0.4662336763740971,0.1608888939920713,0.0008196682390637347,598.1708228702843,233.56340963311047,0.009237604307037621,Kristian,REC_20260514_174713.csv
left,95,loose,108.352,1.152000000000001,1.0,18880.0,1.2932968691852613,31709.88356963803,609.375,0.254639501140292,0.3280938123752495,0.5643712574850299,0.23068083405502632,0.35037083916239203,0.6583905059171952,4008.0,2467.5616438356165,9.799999999999997,551.5205479452055,0.2235083161237315,0.6388888888888888,0.0,0.6388888888888888,0.6200660450506819,-1.2901849381857626,10513002.390802354,9083566.0,3079982.0,4304156.0,4229512.627751761,1232274.1868050734,1354573.7007353404,0.059867208491550646,0.06758377190060623,0.05218395398929674,0.07753758354984122,0.05756334243776786,0.0758610352408234,0.14156285390713477,0.1176581617924633,0.07182510603335332,0.12273221859525237,0.113022672262563,0.042602091799347146,3.7441818162916154,0.15237195740473686,0.484893150853856,0.08333333333333333,0.4953138343922128,0.17046037047262186,0.0015038556883718215,508.8382192144314,230.13133453369394,0.0,Kristian,REC_20260514_174713.csv
left,96,loose,109.52,1.152000000000001,0.0,20378.0,1.4410817429238716,32235.98363630308,872.3958333333333,0.3645480037692214,0.3447395301327886,0.4989785495403473,0.2395834495376,0.3239812139534365,0.7394979684585431,3916.0,2455.917808219178,-9.0,570.1712328767123,0.23216218025233992,0.0,-0.5416666666666666,-0.5416666666666666,0.5781988620092042,-1.3183699054372668,10154945.120454762,8864876.0,2574186.0,4232074.0,4234704.185336565,1140103.433853963,1476553.3661648766,0.05932553184368761,0.06739103758324874,0.05597884896420165,0.06685556832253099,0.04740576298791848,0.07022456242121351,0.14615521915195057,0.11961044611282785,0.07210428263852478,0.13112303521825952,0.11997300342477216,0.043852701330864226,3.6117659012962786,0.13898946072849974,0.4623934922244471,0.05555555555555555,0.47568394139825765,0.17565475189520846,0.0009453926573714538,856.9021725572373,228.76681499369786,0.0,Kristian,REC_20260514_174713.csv
left,97,loose,110.688,1.152000000000001,0.013888888888888888,18573.0,1.2630098489998451,30306.195967161566,442.70833333333337,0.18499450937542583,0.33669609079445145,0.5039092055485498,0.23229766395341145,0.34467165199744115,0.6739679999992129,3965.0,2484.0,0.7999999999999972,559.068493150685,0.2250678313811131,1.0,-0.6619718309859155,0.3380281690140845,0.5929882529070977,-1.3397280744510325,9259267.557938263,8068308.0,2211332.0,3968180.0,4075390.020726034,1125168.9210877013,1496366.3747763925,0.0572596122030309,0.06891778616019235,0.05426510489047714,0.06935896587474907,0.05364745329009772,0.07553548187854323,0.14026757549687865,0.11667549026095779,0.07721196479385878,0.12479319700880152,0.11562217369245363,0.04644519444995919,3.807155163935664,0.1558236211344261,0.4855680659581395,0.05555555555555555,0.47001044807869996,0.1779376840507101,0.0009021884113099346,965.7706767136697,216.6368252019136,0.0,Kristian,REC_20260514_174713.csv
left,98,loose,111.856,1.1200000000000045,0.0,18655.0,1.2710995416878064,32115.67452195267,1812.5,0.7573892854429198,0.33758791351914563,0.5069028392810627,0.23210555693019458,0.33994694532836933,0.6827699443091478,3839.0,2447.6478873239435,16.0,550.0915492957746,0.2247429265233078,0.0,-0.4714285714285714,-0.4714285714285714,0.6844228294772471,-1.1981562239410783,10049322.408986438,8729264.0,2533869.0,4285830.0,4213412.727801865,1349771.6146987686,1515266.0186327666,0.06199685815068217,0.0698687443535904,0.050229308965779165,0.0744146435497143,0.04896911665698026,0.07171587554593949,0.1472468538349551,0.11937876547188161,0.07497856522214487,0.12599045936599093,0.11272679145831296,0.04248401742402882,3.7417515299616553,0.14418494548654742,0.47322878556434944,0.05714285714285714,0.45719991532418686,0.18417965599988192,0.0012458967481418638,1019.2708177908262,700.5660094891984,0.01847520861406627,Kristian,REC_20260514_174713.csv
left,99,loose,112.992,1.152000000000001,0.0,16611.0,1.0694491532220392,32471.22427627268,1125.0,0.4701036944128468,0.32961907229852294,0.4731795802021249,0.2323313970989932,0.3434325978615945,0.6764978005738084,3859.0,2457.3424657534247,6.299999999999997,553.5410958904109,0.2252600537388648,0.0,-0.09722222222222222,-0.09722222222222222,0.744076679129452,-1.1502280121183794,9538625.35160303,8554556.0,1078788.0,4079358.0,4072275.937055463,1296185.072911798,1383658.2770006808,0.06692272529628844,0.07059079303847568,0.052105515480583765,0.07520096328587515,0.05370541736813352,0.07054619647018162,0.1444873067017493,0.11959127245158484,0.07338922769892857,0.12259596624039781,0.11274012464740839,0.038124491320392896,3.6906983815282923,0.14408311696472734,0.4803448115524804,0.08333333333333333,0.49795529401118066,0.16670502073680757,0.0010577919146137096,1157.1591650820174,684.8974836270776,0.01847520861406627,Kristian,REC_20260514_174713.csv
left,100,loose,114.16,1.1200000000000045,1.0,16764.0,1.0845433359203083,31784.83589701227,1117.1875,0.46683908542386865,0.34590570719602975,0.471712158808933,0.23100162677201952,0.325199473235727,0.7103382563116056,4030.0,2363.6197183098593,14.599999999999994,527.330985915493,0.22310314211313514,1.957142857142857,0.0,1.957142857142857,0.8466335123504659,-0.9444864520423786,9622740.508139249,8436048.0,2610838.0,3822794.0,4037559.3022291167,1017847.2406145037,1311104.8294767195,0.062365552953514834,0.061865007716739064,0.06644142131011756,0.06732333434634155,0.04574625931818588,0.0726267303074182,0.14526537835856915,0.11724080397099221,0.07763814154704231,0.12855670164524452,0.1137608228010273,0.04116984572480738,3.7006142216262288,0.12991115392150698,0.45496617674136386,0.08571428571428572,0.5123223394321168,0.2236224828420844,0.0011764615989432266,1138.509698392293,399.202696595037,0.01847520861406627,Kristian,REC_20260514_174713.csv
left,101,loose,115.296,1.1519999999999868,0.0,15821.0,0.9915118700087533,30150.005804311215,1406.25,0.5876296180160585,0.330967589306837,0.4338774544594275,0.21148206992887683,0.35623420522280635,0.5936602011487766,4227.0,2569.3424657534247,2.5999999999999943,524.931506849315,0.2043057762233288,0.0,-1.4722222222222223,-1.4722222222222223,0.8251960623409739,-0.9610386982339332,9374353.743151098,7808079.0,3119077.0,4145331.0,3879053.28197468,1322456.6416050738,1335423.7624167388,0.06071059169767863,0.07491922670903488,0.06861197897228649,0.06328574018191319,0.050484639745790726,0.08266066687282071,0.12924259711455413,0.10613557117113274,0.08488393171324682,0.1191712607031275,0.10534649875774411,0.05454729636067007,3.8352699045944485,0.15927243668245664,0.5027660222009678,0.08333333333333333,0.4619566848439232,0.1922186562302528,0.0012430579776963083,506.08925431519475,164.68137243502252,0.01847520861406215,Kristian,REC_20260514_174713.csv
left,102,loose,116.464,1.1039999999999992,0.0,17477.0,1.1548842003900208,31680.5072244748,1343.75,0.5615127461042336,0.31876543209876546,0.4688888888888889,0.21351381758537177,0.34896582760437944,0.6118473520770565,4050.0,2412.557142857143,2.0,496.9357142857143,0.20597883691874064,0.0,-0.5362318840579711,-0.5362318840579711,0.9516911112676376,-0.6889172001995694,9853139.46005749,8510574.0,2548529.0,4261395.0,4124897.2194677955,1337460.456212495,1372180.9918198518,0.06446627467003002,0.07136470490706363,0.06101409885184066,0.07215817241930612,0.05307350233007064,0.07200421603633371,0.14484334938032556,0.10882939856346853,0.08036523191160534,0.12278021542050817,0.10468441902190324,0.04441641648754434,3.9540825145862732,0.14375991114597153,0.47919081775121114,0.057971014492753624,0.5142693859534618,0.19881349399226272,0.0014664074269839927,830.6577714879384,152.09314323383944,0.024440403706424016,Kristian,REC_20260514_174713.csv
left,103,loose,117.584,1.1679999999999922,0.0136986301369863,16788.0,1.0869110508533701,33314.057978577155,656.25,0.2742271550741606,0.32989690721649484,0.5219072164948454,0.2257797209850025,0.3579166007926686,0.6308165658835594,3880.0,2478.7972972972975,3.700000000000003,542.4054054054054,0.21881797515141932,5.0,-0.013888888888888888,4.986111111111111,0.7072098646901933,-1.1429117973700362,9638763.683527935,8709716.0,2252871.0,3459940.0,4038152.497755426,1176961.2116247024,1250666.8052337773,0.0584743036891256,0.06502717643146469,0.05642448659168842,0.07340634898136084,0.04995338846759816,0.07696081905457637,0.1404833425102627,0.11635983012685969,0.09256886785766855,0.11448446554835333,0.10941989085814284,0.046437079882898746,3.775611875987025,0.14837056275121446,0.4849624579850639,0.1095890410958904,0.5048510042337134,0.16990886460776175,0.0012312726028707206,831.8799993588667,416.1455074049613,0.03330665599145349,Kristian,REC_20260514_174713.csv
left,104,loose,118.768,1.1680000000000064,1.0,17138.0,1.1214402269605221,30624.01335553523,453.125,0.18934732136072996,0.34241862926700184,0.5242127546970098,0.23429902699739621,0.32924215430999043,0.711631314307671,3779.0,2465.2027027027025,-2.0999999999999943,560.2567567567568,0.2272659997259148,0.3013698630136986,0.0,0.3013698630136986,0.5442232779804557,-1.4311883397968705,9408505.578712912,8472700.0,1946216.0,3597996.0,4010700.656974054,1011662.19805853,1220503.6444216652,0.06080306975469372,0.06683294504590928,0.06227216664382624,0.07175003426065507,0.04888584349732768,0.06982047416746609,0.1430231602028231,0.1169960257640126,0.07195285733863233,0.12849664245580375,0.1173030012333836,0.041863779635466634,3.4899982292880085,0.14174846042901348,0.46136435599191544,0.0547945205479452,0.4939156956861919,0.18896849815313174,0.0011952067214771528,344.51463442545503,466.7492021507192,0.036950417228136245,Kristian,REC_20260514_174713.csv
left,105,loose,119.952,1.152000000000001,0.0,13955.0,0.8074220339631946,33042.45877654991,392.36111111111114,0.1639559181131225,0.34881238323992525,0.4945289564985322,0.2298803635108708,0.3379730817899459,0.6801735874736274,3747.0,2381.6438356164385,3.799999999999997,529.8356164383562,0.2224663522374324,0.0,-0.5,-0.5,0.736784906431892,-1.08871813916397,9421948.73776869,8528900.0,2411695.0,3196046.0,4111822.706201382,1174502.3978977795,1248759.610653904,0.06284941907281721,0.06782468652939147,0.05497526745657425,0.07214425399746922,0.04934430001150351,0.071011158403313,0.14704935005176578,0.11750834004371333,0.07764868284826872,0.12548027148280225,0.11237202346715747,0.04179224663522374,3.6752590670873646,0.1400182137044155,0.4772828800166106,0.08333333333333333,0.48219705956919373,0.1728920805262218,0.0006434350889655948,1745.4645036016382,138.196334669745,0.009237604307033782,Kristian,REC_20260514_174713.csv
left,106,loose,121.12,1.152000000000001,0.0,19774.0,1.381494250441815,32408.806658067497,2343.75,0.9793826966934308,0.3298119041484154,0.49239886627157947,0.24210658911544508,0.32934623662980794,0.7351126631736317,3881.0,2501.219178082192,16.5,588.2602739726027,0.23518941447732336,0.0,-0.4722222222222222,-0.4722222222222222,0.49362329498658025,-1.505904454343122,10118189.37882905,8823337.0,2961474.0,3969402.0,4162286.9437267436,1235509.4563576768,1457336.681562936,0.05818532332177733,0.06727130330961886,0.06144400812754328,0.06578709560816917,0.051925362425995,0.06942367831578025,0.1409559173882326,0.12386288330622326,0.07493879697024464,0.12395598858638802,0.1182437058092218,0.0440059368308058,3.446775973672196,0.12431124371354012,0.4589993828877966,0.1111111111111111,0.4783277318069235,0.16236212557048688,0.0007962249380429779,2913.781792333343,1109.5099320944141,0.0092376043070379,Kristian,REC_20260514_174713.csv
left,107,loose,122.288,1.1680000000000064,1.0,16798.0,1.087897598742146,33415.65211094944,1408.3333333333333,0.5885001804131192,0.3292284493591355,0.4810253832621262,0.24283665250730954,0.3345837700667513,0.7257873042035663,3979.0,2449.5945945945946,14.700000000000003,577.527027027027,0.2357643294533017,0.7671232876712328,0.0,0.7671232876712328,0.6001881797134863,-1.3267175399241637,9530093.46061884,8045095.0,3188716.0,3991393.0,3891753.8373585604,1379884.1982252297,1473790.5934905603,0.06165940310034755,0.07109836156010371,0.048038837093837924,0.06991228554090582,0.04811055331825454,0.07027638329563635,0.14678656148287084,0.12420698405693166,0.07518618635185083,0.12631433772825068,0.11862966845037788,0.039780438020632206,3.9008048622251525,0.14898445714904282,0.4852286843564897,0.1095890410958904,0.5299774419691694,0.17539684533363156,0.000839807765009071,2909.753311422346,975.9715238574626,0.0092376043070379,Kristian,REC_20260514_174713.csv
left,108,loose,123.472,1.13600000000001,0.0,19612.0,1.3655121746436476,32296.85404184129,979.1666666666667,0.40916432661858887,0.32577065351418,0.5080147965474723,0.23690431822353747,0.33317572716703847,0.7110491518623748,4055.0,2496.847222222222,28.200000000000003,573.7430555555555,0.22978700917267889,0.0,-1.1690140845070423,-1.1690140845070423,0.5654355666276027,-1.3548809236930461,9824978.116750287,8682838.0,2741563.0,3690847.0,4101557.771516532,1262094.9677088584,1402498.8262831382,0.056421153343383046,0.06560495736289654,0.06385274763173557,0.06696778715379952,0.049473502695065445,0.07342036902093196,0.14155073342493033,0.12094140944413233,0.07770911093434497,0.12494646025821453,0.11596290877940515,0.043148859951160634,3.6270204335470098,0.13426603023610434,0.4702254156635664,0.056338028169014086,0.5071270249248034,0.158618763505011,0.000980214877922774,1673.3905700702328,697.7673969724988,0.015999999999998665,Kristian,REC_20260514_174713.csv
left,109,loose,124.624,1.152000000000001,1.0,17362.0,1.1435388996690994,32676.066409529772,854.1666666666667,0.3569305827949392,0.3164295548416705,0.4316200091785223,0.23717589269693165,0.33009599856450744,0.7185058096070455,4358.0,2442.958904109589,-3.299999999999997,561.3767123287671,0.229793760093307,1.7361111111111112,0.0,1.7361111111111112,0.5964711009272007,-1.3043636014280824,9554799.284416812,8762250.0,2544864.0,2835636.0,4020644.1748782885,1114439.8218531013,1139448.1278022074,0.059847703211914585,0.06424950654943477,0.06030190202763323,0.07285124708415575,0.043227390992284224,0.07069800825408218,0.14912300376816795,0.12101875112147856,0.0790698456845505,0.1246186972905078,0.11615714157545307,0.03883680244033734,3.710266547515621,0.14585471238916778,0.49001799431800785,0.08333333333333333,0.47403923698166694,0.1830658018606531,0.001173030711017837,1488.8022031149667,290.6629555063782,0.015999999999998665,Kristian,REC_20260514_174713.csv
left,110,loose,125.792,1.1039999999999992,0.0,17324.0,1.1397900176917515,31926.235653455922,775.0,0.3238492117066278,0.31725714285714285,0.4566857142857143,0.22280146708850126,0.3397205812358261,0.6558374128460019,4375.0,2551.214285714286,0.20000000000000284,549.0,0.21519164543494693,0.0,-0.8405797101449275,-0.8405797101449275,0.694101890904579,-1.2024114242127062,9326421.136763822,8442157.0,2397035.0,3156951.0,4029830.0319535686,1290428.4867950566,1497180.0065264117,0.06142733152280427,0.06865078254052692,0.06791723828988996,0.07315843995856315,0.05283198476915754,0.06956351317299884,0.14337150376571378,0.11375535459305093,0.0755158607945796,0.12479211579919926,0.10904611249545033,0.03996976229806535,3.9768311850454507,0.14684724947871627,0.48697380732085455,0.057971014492753624,0.4303352933088073,0.19359810859094734,0.0011560890569001405,1310.1455389892037,102.93718868715032,0.02444040370643337,Kristian,REC_20260514_174713.csv
left,136,loose,155.888,1.103999999999985,0.0,18961.0,1.301287907084345,34020.06787177239,718.75,0.30034402698598545,0.3128366247755835,0.44434470377019747,0.1983924560089854,0.3496759172594534,0.5673609368458433,4456.0,2442.057142857143,0.09999999999999432,465.12142857142857,0.19046295862972668,0.0,-1.1159420289855073,-1.1159420289855073,1.102724522897564,-0.39630112819407337,9694628.437535293,8646186.0,2871066.0,3314554.0,4219152.1901919255,1249541.4746060958,1359074.7109679468,0.06915715087982029,0.07287181767128416,0.06852536503182328,0.07243307749906401,0.05015677648820666,0.07309996256083863,0.1433159397229502,0.10010295769374766,0.0811142830400599,0.12239680831149381,0.09828949831523774,0.0485363627854736,3.7460878031196283,0.14222145124047095,0.47352086803858373,0.08695652173913043,0.446049447647209,0.21643553081646932,0.0018245379106099921,1312.6877008641359,344.3938624934351,0.009237604307038079,Kristian,REC_20260514_174713.csv
left,137,loose,157.008,1.1199999999999761,0.0,19588.0,1.3631444597105857,32938.095057243365,523.4375,0.21872880226153288,0.3416516593774119,0.5021867764342681,0.20591391098884793,0.34187907359000996,0.602300424025195,3887.0,2467.8028169014083,-4.0,489.5633802816901,0.19838026641706713,0.0,-0.22857142857142856,-0.22857142857142856,0.8806176007956726,-0.8237191761374101,9855611.097028585,8699942.0,2483778.0,3908315.0,4293393.471772565,1280986.7077585259,1433752.5253560022,0.06402456424714921,0.060662960722316715,0.07092469779812116,0.07165523302932415,0.0445740637163697,0.07890921958291004,0.1457075347860331,0.1030111749061148,0.08607759653908935,0.12690195988904998,0.10290273608273312,0.04464825870078875,3.7229323540301564,0.13535051693943154,0.4738573108702349,0.05714285714285714,0.494433752578358,0.17528874577683917,0.0019196746132288927,1107.8939479932053,463.70988286723946,0.009237604307038079,Kristian,REC_20260514_174713.csv
left,138,loose,158.144,1.103999999999985,0.0,18827.0,1.2880681653747497,33623.77881797345,828.125,0.3460485528316789,0.34639663335086796,0.4960547080483956,0.21779133806753975,0.335409009266198,0.6493306144153657,3802.0,2401.9714285714285,-0.09999999999999432,504.51428571428573,0.2100417514184777,0.0,-0.4057971014492754,-0.4057971014492754,0.8033352138797152,-1.02733770816677,9976174.730345193,9034696.0,2415361.0,3473379.0,4239896.709260019,1380071.1215210687,1565082.3958676213,0.06328135222257908,0.060866669045664866,0.05965932745720778,0.07267839512781168,0.044427791457017446,0.07526555567450546,0.14984714936540225,0.11179507309471981,0.08217059796119854,0.128751382792706,0.10599626497281994,0.04526044082836717,3.709917314776778,0.13998933577315448,0.4722921581121038,0.057971014492753624,0.4571059324091689,0.19262055021101385,0.001075171550304548,406.2441794454466,154.35043242434497,0.009237604307029842,Kristian,REC_20260514_174713.csv
left,139,loose,159.264,1.103999999999985,0.0,20813.0,1.4839965760856175,33277.336026190555,661.4583333333333,0.27640356106681263,0.3359033667437677,0.4577229503983552,0.22230717767370736,0.34481625728758486,0.6447119965345148,3891.0,2391.542857142857,1.5999999999999943,513.5,0.21471494791168882,0.0,-1.0434782608695652,-1.0434782608695652,0.7640629859897217,-1.0250336330409766,9942349.478318794,8696277.0,1914451.0,4422664.0,4374721.170808716,1332900.0845283142,1543629.286786814,0.06359911115358884,0.06953670075504159,0.05426861320844882,0.071328729809806,0.053342731530153877,0.0720395680015292,0.14938354200516105,0.11360269521169838,0.0785685271910542,0.12627234062888273,0.108704482462009,0.0393529580426264,3.946391638215609,0.14959542190385053,0.49224446995266713,0.057971014492753624,0.4774441326748819,0.17744875334338583,0.0013396884048438825,1001.9931802828318,152.56801809250481,0.009237604307029842,Kristian,REC_20260514_174713.csv
left,140,loose,160.384,1.1200000000000045,1.0,19320.0,1.3367049762913952,33194.9057537448,1086.8055555555557,0.45414338380006497,0.334549244398124,0.4867118290776446,0.20890177156015322,0.35827518774371975,0.5830763019775309,3838.0,2434.394366197183,-0.9000000000000057,490.9577464788732,0.2016755186818019,1.0,0.0,1.0,1.0144980240112207,-0.5454614644983704,9941541.527693229,8741481.0,2434908.0,4061032.0,4347945.933015771,1331750.5209291836,1432000.988036279,0.061501255481885196,0.06858865322086068,0.059441570914476806,0.07275430740213605,0.0518971083417225,0.07858043762511427,0.14333900325152452,0.10559354786452367,0.08645468115388621,0.1220999525578274,0.10330822369562954,0.04644125849041321,4.033546153614778,0.17133931920439274,0.5002876723266048,0.08571428571428572,0.49971569028223706,0.18241402960346212,0.0016945641506983353,1034.109439727393,214.3259461087492,0.00923760430704622,Kristian,REC_20260514_174713.csv
left,141,loose,161.52,1.1199999999999761,1.0,19717.0,1.3758709274757932,33208.13523822137,962.5,0.40219982744210225,0.32198757763975155,0.5614906832298137,0.21956743669703274,0.377536163162387,0.5815798806069907,4025.0,2524.7464788732395,-2.200000000000003,536.2183098591549,0.21238501146398744,0.24285714285714285,0.0,0.24285714285714285,0.8630089664573382,-0.9032989422407942,9545596.531491628,8516683.0,2217440.0,3696956.0,4274974.716929822,1459409.361779966,1515300.3090744303,0.05496019681239784,0.06355679276123108,0.05087667427213442,0.08763953429991576,0.05564078390244174,0.08727134784136742,0.13661391186955044,0.11119788906430432,0.08342770435743095,0.11631902798774943,0.10836954763272842,0.044126589198748165,3.778038392318467,0.13956819601636,0.47806381306246654,0.05714285714285714,0.5028709843941795,0.19932932304257486,0.0010194849887103742,773.2910189572682,218.70764948654397,0.009237604307038032,Kristian,REC_20260514_174713.csv
left,142,loose,162.656,1.103999999999985,1.0,20296.0,1.4329920502359104,34111.701408754154,1609.375,0.6725094517294892,0.34387966804979253,0.5287863070539419,0.2221807915623502,0.3658504826671875,0.6072994353931616,3856.0,2413.6714285714284,-15.299999999999997,517.4857142857143,0.21439774617210297,0.3188405797101449,0.0,0.3188405797101449,1.0020792535224106,-0.5892440867373923,10104487.25988459,8862432.0,2759889.0,3992615.0,4269690.377977011,1333766.016122004,1504275.1727565636,0.05790230650402174,0.06853814875974361,0.04919594926519766,0.08300336772078104,0.0587250010357665,0.07632711281568684,0.14477648158999035,0.11591706765626758,0.07925685233520956,0.11931438176577473,0.10626372390608262,0.04077960664547785,3.700591989782332,0.1351694503204957,0.47111189648040525,0.057971014492753624,0.48986494435333494,0.17115172640214707,0.0014653418647808361,490.8200620729587,343.26325199811873,0.009237604307038032,Kristian,REC_20260514_174713.csv
left,143,loose,163.776,1.103999999999985,1.0,19085.0,1.3135211009051646,33787.99434710501,546.875,0.2285226292284672,0.33910208176573864,0.473037371457236,0.22425986941356793,0.3383962730970226,0.6627137685673914,3987.0,2367.342857142857,0.9000000000000057,511.7785714285714,0.21618270031500053,0.391304347826087,0.0,0.391304347826087,0.8574966731903109,-0.8427170876917836,10089259.991506265,8809898.0,2470339.0,4251622.0,4280958.8801729055,1129822.775168949,1517677.991388547,0.06269234946956805,0.07079063929420568,0.05732165055456992,0.07080270828053152,0.048981981003415526,0.06989753430609362,0.14886491183605488,0.1117769168567532,0.07792341021277623,0.12759935792992746,0.11248295255681474,0.040865587699289135,4.011805743137125,0.1537029521738329,0.48799919923243573,0.08695652173913043,0.48018128187373516,0.19806220186005133,0.000987534742316289,605.6932667062612,535.4278127892986,0.009237604307029796,Kristian,REC_20260514_174713.csv
left,144,loose,164.896,1.1200000000000045,0.0,19975.0,1.4013238630062081,33319.76644576009,632.1428571428571,0.2641535044795996,0.33769116921558956,0.46176615688209177,0.22227275343964076,0.3390823786771055,0.6555125462624947,4054.0,2446.6197183098593,0.0,525.5422535211268,0.21480340797881525,0.0,-2.0428571428571427,-2.0428571428571427,0.7528798499594258,-1.069390337639828,10120803.218646334,8984605.0,2366491.0,4013384.0,4179717.2671056315,1277653.3215621014,1455997.354084087,0.06326636347936215,0.0674802832306718,0.060773703298601114,0.07023199585516089,0.046819411663116685,0.07275919636175233,0.1447354786713488,0.11229059927465315,0.08179149156640377,0.12277934488515341,0.1099821541649876,0.04708997754878821,3.735414602394167,0.14198706091138918,0.4774772666332723,0.05714285714285714,0.46743878243173453,0.19928200812274116,0.0012820927945908969,627.3837209661262,590.3614032233266,0.009237604307046173,Kristian,REC_20260514_174713.csv
left,145,loose,166.032,1.1199999999999761,1.0,19329.0,1.3375928693912933,33430.23490793925,494.79166666666663,0.20675856930194647,0.34956236323851203,0.5098468271334792,0.22544264175288528,0.33769205036916683,0.6675983088916276,3656.0,2357.8028169014083,0.7999999999999972,513.8028169014085,0.21791593988196223,0.5142857142857142,0.0,0.5142857142857142,0.6982168793406325,-1.1780951522762795,9744156.512300385,8809898.0,2295631.0,3473379.0,4196767.732043279,1418446.868235874,1534780.874201777,0.06450861389214117,0.06880958638981148,0.0558768010322334,0.07337936966858617,0.0481828391197343,0.07044037179517815,0.14876585983608517,0.1156483716040238,0.07687988339585673,0.12471625528661204,0.10979427014886144,0.04299777783087621,3.7574991294018734,0.1344038042962382,0.47517335090134544,0.05714285714285714,0.5088631830473658,0.17267486872776255,0.0010663959225061055,459.8825937127523,69.34050114959933,0.009237604307037984,Kristian,REC_20260514_174713.csv
left,146,loose,167.168,1.103999999999985,0.0,19028.0,1.3078977779391427,33446.91069441242,963.5416666666666,0.4026351086406326,0.3254168772107125,0.4818089944416372,0.21672116680669473,0.35345103751745316,0.6131575347143627,3958.0,2363.4714285714285,5.5,493.9357142857143,0.20898738538348557,0.0,-0.2463768115942029,-0.2463768115942029,0.87036353688001,-0.8136792127169183,9908500.638776686,8773246.0,2549751.0,3835011.0,4234320.90012,1218500.3074429126,1451498.8475318016,0.06591998452639278,0.06947407868571048,0.061858162630029676,0.07542174646252789,0.05371638570383758,0.07470850987953556,0.1471805999649426,0.11266720260150022,0.08013031678584165,0.11655978191884818,0.10405396420519454,0.03830926663563886,3.7005066910532065,0.13463140221207176,0.46796822421932727,0.08695652173913043,0.49305874242955416,0.17564088446288495,0.0009783665582647329,483.86051709141174,240.9761685931544,0.009237604307037984,Kristian,REC_20260514_174713.csv
left,147,loose,168.288,1.103999999999985,1.0,17769.0,1.1836913987422732,33984.03888592408,484.375,0.20240575731664237,0.3457545914293319,0.48788927335640137,0.22509175923346214,0.33936380264799587,0.6632756866726199,3757.0,2358.657142857143,6.799999999999997,512.4357142857143,0.21725739827747023,0.15942028985507245,0.0,0.15942028985507245,0.8238389804506279,-0.9485309303417102,9770230.374609854,8718268.0,2432465.0,3678630.0,4197088.909307346,1613969.708488828,1645234.7910743312,0.06374692621709689,0.06461303647353822,0.060070500163531305,0.07040931280510702,0.044983222899228376,0.07492156553971388,0.1463060094727024,0.11527140140273522,0.08443666493040834,0.12084357927634368,0.10982035783072693,0.04457742298886776,3.6408435490744657,0.12744358738826014,0.46719843404529143,0.057971014492753624,0.48543318868342583,0.18667295843522325,0.0013399707593844765,827.5749714275454,273.68953331858893,0.009237604307029747,Kristian,REC_20260514_174713.csv
left,148,loose,169.408,1.0720000000000027,0.0,18506.0,1.2563999781450474,33237.67907059697,1729.1666666666665,0.7225667895604867,0.32589621459012286,0.47781398846828776,0.21718702730735753,0.35571799890103784,0.6105595667862831,3989.0,2381.926470588235,-5.5,498.25,0.2091794210074643,0.0,-0.08955223880597014,-0.08955223880597014,1.0250524804001966,-0.5669087492410188,10609677.92947048,8934514.0,2604729.0,5094616.0,4267872.841093653,1575766.7289291676,1671453.0595692303,0.061801186632174904,0.06970383587185361,0.05897351995110236,0.07448864302869034,0.057967166961987025,0.07375394360718895,0.14439004513153592,0.11074822036043491,0.07980440943131796,0.11842860759024763,0.1064388069469226,0.043501614486543896,3.898433258158442,0.14257390081725116,0.4847148215211039,0.08955223880597014,0.49823822006506086,0.19608597330596506,0.002051238660065227,632.5522376320419,627.8652494063006,0.018475208614058162,Kristian,REC_20260514_174713.csv
left,149,loose,170.496,1.0720000000000027,0.0,18253.0,1.2314403165590204,33441.1242334943,1182.2916666666665,0.4940441603320195,0.3191747572815534,0.4696601941747573,0.21532231665474472,0.37112183411937294,0.5801930710044029,4120.0,2425.9117647058824,-5.900000000000006,503.08088235294116,0.20737806282659035,0.0,-0.13432835820895522,-0.13432835820895522,1.0246517665736234,-0.5333658745891467,10241022.174348662,8752477.0,2897944.0,4458094.0,4273800.365094147,1489238.3968609346,1596889.652504194,0.053636595094627856,0.07547192686800597,0.06126865581164147,0.07466568058098229,0.059322753118900104,0.07840593591251319,0.13987463779537104,0.11269262011857276,0.0832555376389714,0.11199548987039439,0.10262969653617196,0.04678047065384755,4.1617372044042975,0.1611477571151059,0.497390582149539,0.08955223880597014,0.47925011285180635,0.2223729564834796,0.001332758803007229,374.48497967204133,623.9212333618834,0.018475208614058162,Kristian,REC_20260514_174713.csv
left,150,loose,171.584,1.1680000000000064,0.0,18157.0,1.2219694568267732,31509.14975050898,2195.3125,0.9173551259028468,0.34312451260722643,0.48661294515206654,0.22321002084867012,0.3368830395225598,0.6625742309993823,3847.0,2404.7162162162163,18.5,518.9864864864865,0.21582026310909305,0.0,-0.136986301369863,-0.136986301369863,0.8519112179174866,-0.8554336877416984,9586380.820973992,8360301.0,2375044.0,4045149.0,3984257.438550201,1159927.1125096555,1391976.6232945316,0.0668562340895425,0.06544571759324301,0.05919111655586713,0.07590938976897875,0.04678306705853924,0.06996386605150914,0.14750855582217376,0.11186913104316404,0.07878099905028968,0.12610354652175623,0.11134088980550606,0.0402474866394304,3.6294355871329778,0.15205423558315112,0.4837324350149548,0.0547945205479452,0.475695934032952,0.18089026373096354,0.0009981499961019046,180.28958187677515,507.04625238177016,0.055425625842206346,Kristian,REC_20260514_174713.csv
left,151,loose,172.768,1.1040000000000134,0.0,17004.0,1.1082204852509268,31318.87333541869,2312.5,0.9663242607375183,0.33971539456662353,0.47710219922380337,0.2374555534424831,0.32927623427441893,0.7211439172506348,3865.0,2478.9,20.900000000000006,570.15,0.23000121021420789,0.0,-0.5652173913043478,-0.5652173913043478,0.6437912372477126,-1.2628574002218278,9579812.185017722,8304102.0,2904053.0,3792251.0,4033540.9451045506,1429835.1558207371,1568911.9640506299,0.061075477026100285,0.07350610581882518,0.059773056021391976,0.06679806135209741,0.054038945845795654,0.06505765806261994,0.13850613463344916,0.11461304841433123,0.06987546319508077,0.13010955320044026,0.12284250502815189,0.043803991401716195,4.079410168756116,0.15269155221700684,0.5006401583786443,0.057971014492753624,0.4624642881897137,0.17582475990311167,0.0015569636047904805,695.0570719971871,621.4653376844816,0.04888080741286333,Kristian,REC_20260514_174713.csv
left,152,loose,173.888,1.1839999999999975,0.0,17205.0,1.1280500978153198,29904.917020449997,729.1666666666667,0.30469683897128963,0.3302516692347201,0.4604519774011299,0.21525414177842894,0.3358728727600586,0.6408798067235745,3894.0,2366.133333333333,10.200000000000003,492.76666666666665,0.2082581990307675,0.0,-1.2027027027027026,-1.2027027027027026,0.8852513069870527,-0.6970588614901265,9335388.595824653,8214915.0,2010968.0,3952298.0,3921182.9095743042,1316146.9088600653,1364055.792903718,0.06358616026146738,0.06249859123182689,0.0647695255268793,0.07291784064014425,0.048253127465344305,0.07249521018821144,0.14741913670686352,0.1066155753409219,0.07970810323453173,0.12995041136030655,0.10863856643750705,0.04314775160599572,3.6275544881239377,0.15273956558656224,0.48401323340582725,0.08108108108108109,0.49250699795154707,0.17707955046774818,0.0009428483490641082,615.9158492304798,882.2566670383196,0.04233202097702635,Kristian,REC_20260514_174713.csv
left,153,loose,175.088,1.1520000000000152,0.013888888888888888,17315.0,1.1389021245918534,31076.51976975543,1304.6875,0.5451897011593432,0.33259790402647543,0.4980694980694981,0.23279957768784093,0.3286644377969382,0.7083199486017113,3626.0,2335.4794520547944,-0.4000000000000057,527.3287671232877,0.22579036893659454,2.0,-0.28169014084507044,1.7183098591549295,0.6111066483007777,-1.28943682880962,9406787.901676003,8296771.0,2574186.0,3608991.0,3939253.0617774883,1339563.4725809342,1400576.1052098707,0.0647603965041938,0.06435568068508417,0.0583611942049387,0.0734529884450701,0.04673001349052731,0.06877822746202124,0.15132265822042348,0.11745556924159777,0.07534752771423545,0.1253680567775236,0.11534400844624318,0.038723678808141246,3.629559224805053,0.14237156364781847,0.482386313444958,0.08333333333333333,0.5175688207604158,0.15660613915021931,0.0009549388122330552,157.70330793392512,801.4418994538725,0.04026578365477032,Kristian,REC_20260514_174713.csv
left,154,loose,176.256,1.1359999999999957,1.0,19152.0,1.3201309717599623,31841.488611558347,1265.625,0.5288666562144526,0.3242767295597484,0.4621383647798742,0.2364231125521075,0.330048633626679,0.7163281058125185,3975.0,2398.8888888888887,1.9000000000000057,549.9652777777778,0.229258337193145,1.4507042253521127,0.0,1.4507042253521127,0.5495814470301238,-1.363939520036901,9978556.510945909,8928406.0,2663372.0,3572339.0,4073338.2582950974,1254359.406364046,1466610.4340854601,0.05878300138953219,0.06435849930523391,0.053983325613710054,0.0683707735062529,0.04866836498378879,0.07054770727188514,0.1477593793422881,0.12066929133858269,0.0781032885595183,0.1270611394163965,0.11575382121352479,0.04594140805928671,3.621327552898867,0.14731872957719597,0.4775304263247694,0.056338028169014086,0.4842233572705253,0.161236916141603,0.0008807127418566321,1093.7304664922256,321.59437492741245,0.024440403706430434,Kristian,REC_20260514_174713.csv
left,155,loose,177.408,1.136000000000024,0.0,18238.0,1.229960494725857,31491.210376865478,1406.25,0.5876296180160585,0.3254186453386653,0.4641339665083729,0.23306124521213284,0.32246673172712964,0.7227450843178918,4001.0,2462.097222222222,14.5,556.0833333333334,0.22585758527903607,0.0,-0.704225352112676,-0.704225352112676,0.6551912549174734,-1.2211790636739401,9501455.574905142,8482474.0,2290744.0,3616322.0,4054056.6486589825,1237933.7250053252,1429342.5961540753,0.06331548871501824,0.061600600210976415,0.06903554444889463,0.06828528072837634,0.045484032921346416,0.0723976284897135,0.14398858245285467,0.11654472530757992,0.074699189376717,0.12399095170670894,0.11651651990455292,0.04414145573726103,3.6693653782033544,0.15039680940288558,0.48070186588841957,0.056338028169014086,0.4803769520362936,0.17446988410987774,0.0009984100512371908,918.5036744618756,72.59041596232107,0.009237604307038325,Kristian,REC_20260514_174713.csv
left,156,loose,178.56,1.103999999999985,1.0,19396.0,1.344202740246091,32996.97613418539,791.6666666666666,0.3308137108831144,0.32807330109442606,0.4627131585645202,0.22041514449006838,0.3484567662115533,0.6325466050958735,3929.0,2397.1,1.2000000000000028,510.14285714285717,0.2128166772945881,0.4057971014492754,0.0,0.4057971014492754,0.7877430345455381,-0.9960094135486739,9920216.735256797,8676729.0,2416582.0,4157548.0,4087637.8188630915,1315371.505639549,1609965.103266946,0.05716431163846792,0.06710489460479031,0.05930380161743058,0.07159245993670925,0.05163381943658111,0.07686669010768965,0.14890015912084245,0.11501993480217168,0.08125890212578293,0.12211779710006736,0.10539520968789669,0.043642019821570115,3.812858573455032,0.148385771522666,0.4857847916075153,0.057971014492753624,0.46728087086300024,0.17279781473175815,0.0010986868804081095,610.450107161347,322.0053224125908,0.018475208614083,Kristian,REC_20260514_174713.csv
left,157,loose,179.68,1.0879999999999939,0.0,18128.0,1.2191084679493234,33150.41304418393,872.9166666666666,0.36476564436848663,0.3287844326509982,0.4323982815264089,0.2187674280164176,0.3345176551680923,0.6539787202149497,3957.0,2312.8260869565215,0.9000000000000057,487.4347826086956,0.2107528903092396,0.0,-0.6470588235294118,-0.6470588235294118,0.8730450509507599,-0.8243241316771237,9687311.28852774,8565552.0,2145358.0,3984063.0,4142714.915915664,1308484.523048265,1448183.6568291609,0.06625309396246515,0.06481185575085378,0.06356487138515525,0.06942381802801016,0.04590030391327506,0.07238148948836044,0.14862925713569572,0.1129554782717674,0.08200018798759283,0.12330106212989943,0.10581194974465019,0.044966632202274655,4.034668890145759,0.14958828714590064,0.49434273499277664,0.08823529411764706,0.527205136140989,0.2057713335234814,0.001173084242976916,702.4822654937986,333.8559271491104,0.02444040370644908,Kristian,REC_20260514_174713.csv
left,158,loose,180.784,1.1040000000000134,0.014492753623188406,19861.0,1.3900772170741642,34649.03040490455,1515.625,0.6333341438617519,0.3415867944621938,0.4898828541001065,0.2132836289815844,0.35034921939194735,0.608774380463852,3756.0,2364.457142857143,2.0999999999999943,486.2142857142857,0.2056346367634975,2.0,-0.47058823529411764,1.5294117647058822,0.9958965807451203,-0.5292886801744361,10189494.758935254,8982162.0,2612059.0,4040262.0,4252108.004102543,1445884.712573725,1591182.3979065146,0.06690753540528782,0.06438808062255304,0.06165111895210015,0.07375900236840834,0.05159142539513751,0.07623616414519793,0.14743946058291843,0.11167166126927353,0.08437454686065059,0.11632389192324423,0.10161196771231089,0.04404514476291749,3.8991023374008353,0.15268033415694962,0.47785607125891455,0.08695652173913043,0.47029597551076624,0.2225579337186487,0.0015345146970751733,896.9706424032511,396.6087981539841,0.009237604307038426,Kristian,REC_20260514_174713.csv
left,159,loose,181.904,1.1200000000000045,0.014285714285714285,19162.0,1.321117519648738,33256.63245128706,631.9444444444445,0.26407059377511766,0.3305504826506653,0.5063918601617532,0.2184107142857143,0.3609285714285714,0.6051355630311538,3833.0,2366.1971830985917,3.200000000000003,499.11971830985914,0.21093749999999997,3.0,-0.2898550724637681,2.710144927536232,0.9399523760928671,-0.7256120238835697,9972645.501078738,8740259.0,2798984.0,3902207.0,4258024.675827249,1249098.4834039223,1518986.448829977,0.06628571428571428,0.07397619047619047,0.050624999999999996,0.07823809523809523,0.05773809523809524,0.07047619047619047,0.14607738095238096,0.11302380952380953,0.08049999999999999,0.1161488095238095,0.10538690476190475,0.04152380952380952,3.6037306467989167,0.12739096249712564,0.46420060238427263,0.08571428571428572,0.47726055343818174,0.17676677325075643,0.0018250209040236531,871.8797699988805,456.80647577973315,0.016000000000006127,Kristian,REC_20260514_174713.csv
left,160,loose,183.04,1.1359999999999957,0.0,19980.0,1.401817136950596,31745.39799719008,1234.375,0.5158082202585402,0.34365496267625106,0.5374619850705005,0.23880869724100126,0.3445064628115735,0.69319076133362,3617.0,2356.4305555555557,24.0,545.5,0.23149419732057078,0.0,-0.056338028169014086,-0.056338028169014086,0.6345364201269499,-1.2763576701859192,9861526.757239215,8891754.0,2250427.0,3622430.0,4252549.32091965,1289424.0784709563,1400980.7845050644,0.061846130270005836,0.06588354561689938,0.04452944955588431,0.07444168734491315,0.052710372915721164,0.07084632477322693,0.1473980773651297,0.1219358375131879,0.0806245321608129,0.12207729440125425,0.11687285972781336,0.040833888355151095,3.7883346994030083,0.15556000391320624,0.48703406248370856,0.08450704225352113,0.4878123523913633,0.18325457464614775,0.0013156924767410126,441.94381241658016,451.4634464778493,0.015999999999991944,Kristian,REC_20260514_174713.csv
left,161,loose,184.192,1.1200000000000045,1.0,18009.0,1.2073685480728917,32386.61542983459,658.8541666666667,0.2753153580704867,0.32666821669379215,0.44478028365496397,0.23436481614996396,0.32676568132660416,0.717225919191377,4301.0,2441.9014084507044,-6.700000000000003,553.6338028169014,0.22672242249459262,2.2857142857142856,0.0,2.2857142857142856,0.6454308283648732,-1.2524912817278278,9586770.403048202,8509352.0,2073276.0,3898541.0,4096231.399961058,1317614.5446040079,1633263.1631016606,0.062079307858687816,0.06417303532804614,0.061992790194664735,0.07160778658976208,0.049274693583273244,0.06810093727469359,0.1466993511175198,0.11711607786589762,0.07360922855082912,0.12755010814708,0.11724873828406633,0.04054794520547945,3.863888614134826,0.15891721033489065,0.4915536129862155,0.08571428571428572,0.4646782987041146,0.19047892151420664,0.0009587636125458993,990.2334741530912,340.3113616032982,0.009237604307030283,Kristian,REC_20260514_174713.csv
left,162,loose,185.328,1.1200000000000045,1.0,18114.0,1.2177273009050373,31425.47789612753,1192.7083333333333,0.4983969723173236,0.345140580030994,0.41841930484835066,0.2231148359641314,0.33643637232125406,0.6631709717486474,4517.0,2594.760563380282,1.7000000000000028,557.9788732394367,0.21504060186290902,2.0428571428571427,0.0,2.0428571428571427,0.8483310359749477,-0.8168554112066841,9464197.956924453,8349306.0,2172236.0,3891211.0,4082368.5872846763,1179106.2146917647,1598463.6489607089,0.06662396595522939,0.07302364461428229,0.06820353040797272,0.06809496927719999,0.05248387867208024,0.06763358447141585,0.1416342792626528,0.11277873070325901,0.0752002952862757,0.12168617148316216,0.11033610526087238,0.04230084460559741,3.841014337726768,0.15985958554636337,0.4914093501688336,0.08571428571428572,0.4626346668718974,0.17384477157152525,0.0009671262749724065,1108.8899855260518,320.9259031768246,0.009237604307030283,Kristian,REC_20260514_174713.csv
left,163,loose,186.464,1.1040000000000134,0.0,18707.0,1.2762295907094405,31767.280163715623,859.375,0.3591069887875913,0.3312883435582822,0.45568013539242647,0.21637660095808256,0.3450618870973666,0.6270660685768433,4727.0,2722.7,0.29999999999999716,569.0142857142857,0.2089889762787989,0.0,-4.579710144927536,-4.579710144927536,0.8222478022671061,-0.9236935122147738,9452388.20136869,8434827.0,1541823.0,3977954.0,4118150.000682282,1266179.4288112633,1432111.410891069,0.060276301360519244,0.07371884001699994,0.06908583391486392,0.06392813855993788,0.056419835352512486,0.07394970328822756,0.1324420611892607,0.10525266410968104,0.07704536987968875,0.12296617328387265,0.11112393684840155,0.053791142196034404,3.900188688436327,0.15196462155851737,0.4861122547789366,0.08695652173913043,0.4534028844901141,0.20809355543245509,0.0011456558207500885,376.35931413119044,269.66645662718355,0.009237604307030283,Kristian,REC_20260514_174713.csv
left,197,loose,225.568,1.1359999999999957,1.0,18272.0,1.2333147575476944,34974.9554967551,1156.25,0.48316213036875916,0.3236068451075033,0.43637560333479597,0.2093594714137498,0.3676186315731994,0.5695017973316151,4558.0,2543.472222222222,-11.299999999999997,512.3541666666666,0.20143886856331567,0.6901408450704225,0.0,0.6901408450704225,1.1786587174345133,-0.3351344787987478,9937080.405391011,8789129.0,2744006.0,3737273.0,4329049.224834716,1278814.6794889632,1262277.4021210666,0.06555452410855676,0.0732266695789876,0.0524381586850871,0.07757330857860537,0.056309725331731564,0.07696718178343254,0.1366406377982854,0.1070987822858079,0.08354174630044231,0.11521323649866216,0.10226068912794191,0.05317533992245946,4.883327581756399,0.21376944476274928,0.5514776472100834,0.08450704225352113,0.49695227169847256,0.23926723425547836,0.001681659267805704,1935.7813237381183,294.0864097612271,0.009237604307046312,Kristian,REC_20260514_174713.csv
left,198,loose,226.72,1.1040000000000134,0.0,18784.0,1.2838260094530138,32398.08356986567,1036.4583333333335,0.4331047925377617,0.34314862044980293,0.4358914908416415,0.2280406577395407,0.33465736950438263,0.6814153176336328,4313.0,2470.8,0.29999999999999716,542.9142857142857,0.2197321862207729,0.0,-1.2463768115942029,-1.2463768115942029,0.9848077042438111,-0.6671647326890575,9756486.112118082,8635191.0,2609616.0,3716504.0,4075704.3094874206,1281440.4242223853,1464330.701369736,0.06497606327620897,0.06932977173385138,0.06162839103587039,0.07026064432572446,0.04969472004440435,0.07113948056153009,0.1416256157635468,0.11533569231480839,0.0742327528388723,0.12314692754226507,0.1127049654247323,0.045924975138185435,4.016210108310618,0.164234255185962,0.4914782640120328,0.057971014492753624,0.44494833223667485,0.22769735583007863,0.0011269740140214147,2347.64932077457,159.05326775942592,0.018475208614058256,Kristian,REC_20260514_174713.csv
right,24,loose,28.624,1.088000000000001,0.014705882352941176,24996.0,1.9061322820003501,36160.28393140739,2328.125,1.004205030766707,0.31382978723404253,0.39477335800185015,0.20267909143855561,0.38320816601784013,0.5289007631139474,4324.0,2363.985507246377,22.0,459.7028985507246,0.19446096312417618,4.0,-0.43283582089552236,3.5671641791044775,1.4306535109997596,0.39538141331683674,10872609.808637712,9546601.0,3714060.0,3644422.0,4414205.937274033,1492870.6810553465,1607098.6701190413,0.05813076663703522,0.08918247861937896,0.04468013364803972,0.0683321582932287,0.05195107746068724,0.08441283756858657,0.13755325996995982,0.10249823743984306,0.08932961407595867,0.10865340404009441,0.10018085399871256,0.065095178248475,4.689696847437874,0.2627717997291215,0.5996157497306847,0.04411764705882353,0.3998507106990152,0.21963699261080274,0.005455286415525624,3028.2574197052663,881.886959522024,0.018475208614068143,Kristian,REC_20260514_175445.csv
right,25,loose,29.728,1.1359999999999992,1.0,16381.0,1.0531091767250396,33024.661739372896,1500.0,0.6470045835812339,0.31838170624450307,0.39907651715039577,0.21865737910991687,0.36230120745926125,0.6035237382813665,4548.0,2408.6388888888887,-5.299999999999997,507.0763888888889,0.2105240396258837,1.056338028169014,0.0,1.056338028169014,1.0356147617150315,-0.5846573396313706,10064653.179204587,8352971.0,4233296.0,3688404.0,3952869.2426509093,1553568.7805211546,1437743.718477907,0.059721373297505514,0.08422806794985643,0.05123917380724476,0.07026213513856375,0.05073174107091373,0.07426970049935995,0.14643470839916506,0.11485855312474773,0.08280956280056741,0.11429922385856466,0.10379882598516914,0.04734693406834197,4.197470122060313,0.1797795751701206,0.5044250930210756,0.056338028169014086,0.4307515283226318,0.26797327944496224,0.0022086578389281107,4381.884107702225,880.1910747814931,0.040265783654776476,Kristian,REC_20260514_175445.csv
right,26,loose,30.88,1.1040000000000028,0.014492753623188406,17630.0,1.1767801991845708,32943.268963477196,1063.8020833333335,0.4588565492932884,0.3458097928436911,0.4675141242937853,0.24355789752927132,0.34785544609374053,0.7001698557950463,4248.0,2369.457142857143,-2.200000000000003,557.7,0.2353703681373672,18.0,-3.0,15.0,0.9685322920885165,-0.4543298469938737,9534792.621664615,8306545.0,2817310.0,3738495.0,4044285.215708155,1430616.5923827786,1400405.4803448194,0.05413536554485054,0.06755013203747694,0.032912903498088765,0.07169212960171709,0.04561623518346577,0.07618381546104593,0.15125224584292965,0.12831751697194052,0.08681313381003483,0.12064849091413342,0.1152403805573308,0.04963765057698568,4.085727773042034,0.16725138618707083,0.49069767388292124,0.057971014492753624,0.45275441610814954,0.22288501422296886,0.000759567390257723,4655.394397900139,642.20610343537,0.024440403706430098,Kristian,REC_20260514_175445.csv
right,27,loose,32.0,1.1199999999999974,0.0,18018.0,1.2151984191319674,32773.37931919746,967.0138888888889,0.41710827899855013,0.30099620493358636,0.4769924098671727,0.23274347914401441,0.3718590563129533,0.6258916522067277,4216.0,2357.549295774648,-12.599999999999994,530.8450704225352,0.22516817416032403,0.0,-0.02857142857142857,-0.02857142857142857,0.8779853652309457,-0.7841086237816466,9413099.546728432,8370075.0,2376265.0,3591887.0,4061206.5231890636,1246304.8710315865,1368073.9301534023,0.051342406174948924,0.08479203756586573,0.03940592403187841,0.0657342908009033,0.0560978815432593,0.07523926732223722,0.14539447743538889,0.12438913648692246,0.08999557908068775,0.10861123391442534,0.108354342657092,0.05064342298639074,3.923810099224105,0.15795132412405932,0.485467823145425,0.05714285714285714,0.4500083794918405,0.19425090805945697,0.0011176516616937227,855.4057516757742,283.9339041999917,0.015999999999998342,Kristian,REC_20260514_175445.csv
right,28,loose,33.136,1.0879999999999939,1.0,17310.0,1.145095069331048,31297.079831830957,625.0,0.26958524315884747,0.34221525600835945,0.5028735632183908,0.22439114342540273,0.36841585332121546,0.6090702704627728,3828.0,2200.608695652174,3.700000000000003,475.04347826086956,0.21586912711897893,0.47058823529411764,0.0,0.47058823529411764,1.0318988534476436,-0.4569054211925674,9264487.567120861,8286997.0,1954768.0,3651752.0,4153823.9837672464,1359721.4968387745,1429024.8200246724,0.05660489192713478,0.08573385492814899,0.03682116937342764,0.07212760632763003,0.054293278539534515,0.07482778150972721,0.15378485531012498,0.11986802070573359,0.0814333320161747,0.1155674977937593,0.10452312271966913,0.04441458884893507,4.401431315812728,0.18120923164501387,0.5271949595985553,0.058823529411764705,0.4691042137573874,0.24390706052593986,0.0013366239186511776,354.54383838015,230.53876142433157,0.01600000000000195,Kristian,REC_20260514_175445.csv
right,29,loose,34.24,1.1199999999999974,0.014285714285714285,17391.0,1.153115367825221,33019.378083180185,2317.708333333333,0.999711943380726,0.31773925433388744,0.5134172405604369,0.2271385223425962,0.37725457638811744,0.6020828813184957,4211.0,2409.0281690140846,6.599999999999994,528.6760563380282,0.21945615378768832,3.0,-0.6521739130434783,2.3478260869565215,0.9984885573589298,-0.5280354518294832,9446798.935650848,8499578.0,1907121.0,3655417.0,4332913.268715632,1435010.4837863178,1417699.5612547777,0.05515636601750457,0.0759467028373314,0.03578089463929701,0.07872966130927672,0.057214352114405315,0.07872381475786507,0.15047854023304355,0.1242099847405008,0.08664004536923896,0.10906741658432773,0.1029285376020954,0.04512368379511345,4.1962745465233295,0.17660247467724435,0.514806962207532,0.05714285714285714,0.4721098920384557,0.21683863464841638,0.0014937318695612736,387.503548370846,895.0428745952244,0.01847520861407025,Kristian,REC_20260514_175445.csv
right,30,loose,35.376,1.088000000000001,0.0,17008.0,1.1151922280317859,34026.93192164113,2328.125,1.004205030766707,0.3103942652329749,0.5381123058542413,0.21272687668152193,0.3911315722855746,0.5438754929402221,4185.0,2461.753623188406,6.700000000000003,504.95652173913044,0.20512065747876204,0.0,-0.20588235294117646,-0.20588235294117646,0.980146465180306,-0.6152706442392524,9429248.41363075,8420166.0,2040289.0,3721391.0,4217592.194733941,1564385.663316609,1437878.7551290437,0.0545092752309241,0.07199415993076691,0.04326478709062115,0.07701002584466121,0.059413284980071944,0.08628820035205255,0.1468435956458516,0.11594774550956369,0.09642590117802202,0.10354348555583683,0.09677913117195823,0.04798040750966966,4.324528920551494,0.18071536479810812,0.5151865136908775,0.058823529411764705,0.4826962142023808,0.23028024188168525,0.0024186789193330776,201.8473020214283,980.3064805037209,0.018475208614068164,Kristian,REC_20260514_175445.csv
right,31,loose,36.48,1.1040000000000063,0.0,17439.0,1.1578681373032493,32526.678250322457,531.25,0.22914745668502037,0.32594458438287155,0.49798488664987406,0.21766601645322703,0.3706701237020973,0.5872229848983279,3970.0,2358.2,11.299999999999997,495.02142857142854,0.20991494723578516,0.0,-0.42028985507246375,-0.42028985507246375,0.957947351984468,-0.6043165035295979,9438015.09701113,8447044.0,1650557.0,3872885.0,4118045.3369710785,1427305.9387266159,1410906.830926742,0.059306735161200434,0.07786810763657512,0.04354410749118577,0.07510571016634965,0.05300047251535675,0.08130898869597877,0.14405660491658287,0.11619031464676449,0.08338684468783697,0.11399130087112447,0.10147570180646256,0.05076511140458219,4.234095879092272,0.17253211413156128,0.5097215893900486,0.057971014492753624,0.47315585672833077,0.23097166499701804,0.0013199207320174439,236.20400786889658,1034.4323442759603,0.015999999999998397,Kristian,REC_20260514_175445.csv
right,32,loose,37.6,1.1039999999999992,0.0,17008.0,1.1151922280317859,31597.367501106797,734.375,0.31676266071164577,0.33195556703694135,0.4815293205889951,0.230101375404021,0.36231153562630347,0.6350926006426492,3871.0,2267.385714285714,6.700000000000003,503.67857142857144,0.22214066546116676,0.0,-0.6231884057971014,-0.6231884057971014,0.7294250535476835,-0.9628569084612404,9272775.632203877,8184372.0,2085493.0,3827681.0,4149312.489140481,1344719.171487444,1497252.1415613124,0.0526597654945595,0.06984128984292799,0.04091559190256873,0.06915453291077832,0.04627103586887353,0.08520196324275282,0.1555913985269379,0.12733985647410173,0.09184271376097079,0.1141024590938589,0.10276151892991929,0.0443178739517506,4.123818314261606,0.17105973693385507,0.5128138063577115,0.057971014492753624,0.4623405182194052,0.2073005403550295,0.001363585532581079,248.83796602072158,984.0442566055314,0.009237604307035357,Kristian,REC_20260514_175445.csv
right,33,loose,38.72,1.088000000000001,1.0,16635.0,1.0782592485462732,33721.61309902004,942.7083333333333,0.4066244084312616,0.343700993204391,0.5214323052796654,0.22449250197316495,0.3606692975532754,0.6224330806525982,3826.0,2295.289855072464,-5.0,496.67391304347825,0.21638831886345697,0.9264705882352942,0.0,0.9264705882352942,0.9145174184797799,-0.7201474495919222,9720024.504785778,8482474.0,2736676.0,3877772.0,4141296.753203838,1619240.5054886832,1479941.4226233508,0.05870244672454616,0.07664088397790055,0.042203630623520116,0.07372375690607734,0.05373954222573006,0.07158326756116812,0.15640094711917915,0.12230465666929755,0.08498184688239936,0.11677348066298342,0.10218784530386739,0.0407576953433307,4.121799232518556,0.1654739543327258,0.5077694003752011,0.058823529411764705,0.44947799280450645,0.20764084147083248,0.0018183516639877716,402.34852222088415,205.73466061581192,0.009237604307035357,Kristian,REC_20260514_175445.csv
right,34,loose,39.824,1.088000000000001,0.0,17961.0,1.2095545053768086,30803.893828540575,772.65625,0.3332747568551252,0.3530990072444325,0.5183793936141669,0.23855445285975452,0.3577500652911988,0.6668187542195898,3727.0,2219.710144927536,-5.400000000000006,511.0144927536232,0.2302167667798381,0.0,-1.1470588235294117,-1.1470588235294117,0.8465333121009426,-0.811961903851119,9235612.738022638,8233241.0,2014633.0,3667634.0,4146647.8268510005,1512499.1313569094,1458214.9502936644,0.05689475058762079,0.08017759206059025,0.03430399582136329,0.07319796291459912,0.05271611386785062,0.07469966048576653,0.1540349960825281,0.12995560198485245,0.07695873596239228,0.11922172891094282,0.10859885087490208,0.039240010446591804,4.289180903944818,0.1840778251089992,0.5241201287022768,0.058823529411764705,0.4739289629525835,0.23929192166196525,0.0012023923173765563,683.8145460088792,110.89480219660489,0.009237604307033322,Kristian,REC_20260514_175445.csv
right,35,loose,40.928,1.088000000000001,0.0,17922.0,1.2056928801759104,32723.203587057305,952.0833333333334,0.41066818707864433,0.33019114951558,0.4878240377062058,0.2193235814776857,0.3740466651581904,0.5863535272655376,3819.0,2177.710144927536,7.400000000000006,459.4130434782609,0.2109615205441163,0.0,-0.1323529411764706,-0.1323529411764706,1.0033649590689393,-0.5083543651329685,9476569.881080495,8472700.0,1759291.0,3863111.0,4200588.704469688,1231629.5279426456,1432672.0337226053,0.05447817811555817,0.07641319828033702,0.03607698553193755,0.07636661298265697,0.05330023558850541,0.08332113242203619,0.15534200263539685,0.12089550252226113,0.08464548588465481,0.11595080592564988,0.09842807895542453,0.04478178115558159,3.948195235511695,0.14963999520412208,0.4932046158475884,0.058823529411764705,0.4708611662264329,0.21666247249631826,0.0014499241109277616,754.5601367684332,100.99478526514073,0.0,Kristian,REC_20260514_175445.csv
right,36,loose,42.032,1.1040000000000063,0.0,17621.0,1.1758890549074406,33244.18213763124,1020.8333333333333,0.4403225638261175,0.3398426905343097,0.5101708706265257,0.23230146806884375,0.3565272396615798,0.6515672358977304,3687.0,2168.057142857143,1.9000000000000057,486.34285714285716,0.22432197359057485,0.0,-1.2173913043478262,-1.2173913043478262,0.8004989881629653,-0.904459351520388,9547577.937386319,8511796.0,2614503.0,3445279.0,4106979.157454292,1688718.951252025,1294571.9749775515,0.05813631691310192,0.07161118578846104,0.03437574128251759,0.07406894915790306,0.04910914314330144,0.07536701721093277,0.159761208191666,0.1254052344429509,0.08637094436098153,0.11668116285812181,0.10689623362589283,0.042216863024169105,4.012155421050355,0.15363097083534283,0.4905113231392224,0.08695652173913043,0.4676269701128466,0.2174575525572201,0.0016011655664893865,186.0654006883871,128.1356738157805,0.009237604307037392,Kristian,REC_20260514_175445.csv
right,37,loose,43.152,1.088000000000001,1.0,16922.0,1.1066768493836516,33529.39268761067,801.2152777777778,0.3455933047716892,0.35361428970136755,0.5453530560982417,0.2279597963712309,0.37248400992037595,0.6119988786087358,3583.0,2220.5797101449275,1.7000000000000028,488.463768115942,0.2199712831223078,1.2647058823529411,0.0,1.2647058823529411,0.8159912714287544,-0.8651245889265837,9004961.21554141,7992560.0,2017077.0,3624874.0,4015410.589592471,1250136.7789534365,1524115.1388696083,0.054372797284949745,0.0743310272810338,0.02958491058608537,0.0770395509724579,0.05534525518861768,0.08030283252839056,0.15710742722882132,0.12540791019449157,0.085465343949876,0.11478919201148675,0.10255188617673933,0.04370186659704999,4.652925054971116,0.19190591318282338,0.5375360826790332,0.08823529411764706,0.48216590481469823,0.218793851665788,0.0017501097885138808,513.0305384022764,112.33864207024122,0.009237604307037392,Kristian,REC_20260514_175445.csv
right,38,loose,44.256,1.088000000000001,1.0,16420.0,1.0569708019259376,34840.79931631879,953.125,0.41111749581724244,0.3582834331337325,0.4416167664670659,0.23053667863879487,0.3417353556755639,0.6746058750132974,4008.0,2243.536231884058,1.0,497.5652173913044,0.2217772150590424,2.3529411764705883,0.0,2.3529411764705883,0.9320999414508849,-0.6041386524327863,10026374.060136447,9027366.0,1676214.0,4028045.0,4163642.1498291963,947878.0228200019,1357029.5424210096,0.05923619544714607,0.07650965091341308,0.03981809255574791,0.06653574843027313,0.0487584300147283,0.07371902534818221,0.1571148032350585,0.1242732745923878,0.07621250096896721,0.12468670060205163,0.10626340404640706,0.04687217384563706,3.9656038812474104,0.1461560931630781,0.4885048061705973,0.058823529411764705,0.4792124355371513,0.24785550672881193,0.0016325256984933826,603.1868146215812,112.46708587731415,0.009237604307037392,Kristian,REC_20260514_175445.csv
right,39,loose,45.36,1.088000000000001,0.0,17827.0,1.196286357250646,33202.06800788168,746.09375,0.3218173840208742,0.35441139715071235,0.4513871532116971,0.24681123687122639,0.3517637694383505,0.7016391633083429,4001.0,2239.521739130435,-24.799999999999997,533.8260869565217,0.23836611077675746,0.0,-3.323529411764706,-3.323529411764706,0.8651019697268909,-0.648405040273472,9305735.441250842,8394510.0,2009746.0,3477044.0,4150553.2080642544,1335840.3907890625,1362750.9864469685,0.05234683906372349,0.08210862826561054,0.03760507872410646,0.06594316850776887,0.056022572107139845,0.0711332000232969,0.1519281420075456,0.13105153144757872,0.07655620053453441,0.11893067230969344,0.11575970542364764,0.040614261585354014,4.340170543519428,0.18542978093568335,0.5222227841273092,0.058823529411764705,0.46441400546626965,0.2280983025742228,0.001642763542632495,713.0542288867874,107.22008907441202,0.0,Kristian,REC_20260514_175445.csv
right,40,loose,46.464,1.0720000000000027,1.0,18707.0,1.2834204643478337,33715.740804555964,1531.25,0.6604838457391763,0.3487338960462017,0.3733896046201688,0.22171856393792067,0.36114053381930145,0.6139398466099184,4502.0,2235.279411764706,-5.299999999999997,475.24264705882354,0.2126099513812591,5.537313432835821,0.0,5.537313432835821,1.2320381619088276,0.2631171951809259,9395322.29490745,8267450.0,3359758.0,2938261.0,4221678.717330689,1413107.338778068,1343559.993432052,0.055322732386397275,0.06968466897808538,0.03333574562990546,0.07775051151652312,0.04595424969901118,0.07911236258133278,0.16298791439417365,0.12136264054368778,0.08863874104434898,0.11619813288245318,0.10035592339423285,0.049296376949848356,4.550899926727223,0.18310168582323885,0.5260807951195993,0.05970149253731343,0.47026844734676143,0.2299550354008602,0.001525648473852884,1153.5754562807463,406.93176967308705,0.009237604307033322,Kristian,REC_20260514_175445.csv
right,66,loose,75.472,1.1039999999999992,1.0,20550.0,1.465907009097967,33737.904706724155,1131.25,0.4879492901175139,0.3470331363986643,0.43128692525044954,0.224897247718224,0.3577258781380451,0.6286859896424768,3893.0,2221.0142857142855,-4.099999999999994,480.84285714285716,0.21649696728007156,1.3043478260869565,0.0,1.3043478260869565,1.1438355327906022,-0.09805102846679636,9955720.995286027,8679173.0,2125811.0,4389677.0,4207873.074877458,1585877.1388608234,1509746.884656015,0.0607701757884107,0.08640196563989427,0.04680615677521853,0.07247653903300294,0.04941114420052615,0.07044400563449132,0.15174534157495612,0.12026680216889324,0.07899222363013039,0.11611168642383468,0.10463044554933075,0.04194351358131099,4.6034172104020765,0.21894522804035121,0.554029103003366,0.057971014492753624,0.4507230247257725,0.26543458990406177,0.0016016084494601859,2043.175061842067,448.98169570563,0.016000000000005704,Kristian,REC_20260514_175445.csv
right,67,loose,76.592,1.1039999999999992,0.0,19004.0,1.3128282254931345,33793.57723000038,1339.84375,0.5779233650217793,0.32133429325653945,0.4590832733381329,0.2254851440349907,0.37215323513146653,0.6058932792968185,4167.0,2273.2571428571428,-27.400000000000006,494.07142857142856,0.21734075712633855,0.0,-1.2463768115942029,-1.2463768115942029,1.0189943324702073,-0.42524671717309737,9677176.391330324,8587543.0,2057394.0,3958406.0,4196545.574080563,1147727.9246446213,1372533.8943836025,0.05434618671761098,0.0806457694434669,0.0390817455130461,0.07480770197576793,0.054333618219295166,0.0777990045749334,0.15145040470564577,0.12397566738726057,0.08456714091800312,0.11057764818259515,0.10150947664773013,0.04690563571464482,3.9868546533277427,0.16062394142562617,0.4872746062818702,0.057971014492753624,0.44317624209763246,0.21585928321440268,0.0019964836070167275,2053.420885579314,492.9612754026273,0.009237604307037737,Kristian,REC_20260514_175445.csv
right,68,loose,77.712,1.0879999999999939,1.0,17540.0,1.1678687564132675,32402.765530121036,754.4642857142858,0.32542790067032307,0.3339473684210526,0.4868421052631579,0.22604834598771226,0.35773884581332327,0.6318809059538848,3800.0,2160.753623188406,14.599999999999994,470.09420289855075,0.21756029833928045,0.10294117647058823,0.0,0.10294117647058823,0.9181269129385666,-0.7195175804104483,9344342.231709678,8417722.0,1960877.0,3551570.0,4237065.244052697,1459294.869686477,1404948.762244513,0.05886969119738148,0.07669760952968635,0.038982641590427386,0.07788479596490758,0.05152523274219944,0.07452445469911195,0.1538177769430955,0.12049606954095456,0.07710675287741796,0.11991253722533736,0.1055522764467577,0.044630161242722614,4.110971027532652,0.1649663707459031,0.5058104264618029,0.058823529411764705,0.47622921748620195,0.23011405994177822,0.0015578433508391814,1505.1861457418916,296.6894965662151,0.009237604307037737,Kristian,REC_20260514_175445.csv
right,69,loose,78.816,1.1039999999999992,1.0,17272.0,1.1413324601609423,31595.226775574818,629.4642857142858,0.2715108520385536,0.35813704496788007,0.49598501070663814,0.23174214606283147,0.3502554836704163,0.6616374528502642,3736.0,2205.9,-5.700000000000003,492.4142857142857,0.22322602371561978,0.6666666666666666,0.0,0.6666666666666666,0.8480524669680716,-0.8504292408910108,9217951.06691883,8120842.0,2333505.0,3684739.0,4191391.0638082516,1271280.6640213074,1448185.6483482327,0.05910771761444955,0.0794557453064185,0.039297209431848355,0.07171028346058946,0.04962017446717569,0.07318036693801687,0.15417743324720068,0.12208816615181363,0.07628891349821582,0.12140169545310305,0.10965397991101784,0.0440183145201505,4.1658806581989865,0.17569292721312585,0.5132974151317069,0.057971014492753624,0.4620740294436437,0.22662588900819336,0.0010993690901992227,932.2860791266434,379.23895292332605,0.009237604307037737,Kristian,REC_20260514_175445.csv
right,70,loose,79.936,1.1039999999999992,0.0,16362.0,1.0512278721399866,30555.458726715264,1046.875,0.45155528229106956,0.3556023145712783,0.5173592845870595,0.22514388230133112,0.35760071761093176,0.6295957228642876,3802.0,2181.842857142857,-17.299999999999997,472.6857142857143,0.21664516889392324,0.0,-1.565217391304348,-1.565217391304348,0.9788412173331944,-0.6277387675942756,9115145.055587268,8266228.0,1312138.0,3610213.0,4171549.6013664524,1401756.4847287368,1400368.0191209654,0.06038145997158365,0.08295084757969999,0.04696554027067551,0.07108014849832056,0.05296309148884626,0.0773068637914214,0.14931676367945837,0.12026530652331907,0.07329976625264356,0.11561654957473695,0.10487857577801203,0.044975086591282604,3.977640322554762,0.15255885221292806,0.49356242487883417,0.057971014492753624,0.44739882799584835,0.2204975990304456,0.0013695704157623398,617.4690275633245,214.22757767912287,0.009237604307037737,Kristian,REC_20260514_175445.csv
right,71,loose,81.056,1.1200000000000045,0.0,16046.0,1.0199388064096326,30169.67119476114,937.5,0.40437786473827125,0.33432271991365353,0.5178089584457636,0.22883713790478868,0.36112621284706453,0.633676342961602,3706.0,2202.0704225352115,-3.9000000000000057,487.2323943661972,0.22126104114565676,0.0,-1.5571428571428572,-1.5571428571428572,0.7755502632141036,-0.9699361546573355,9094653.549949773,8161159.0,1379333.0,3769038.0,4054049.0014265953,1336714.1543986376,1373164.7438889067,0.055152961041785256,0.07628544199760788,0.04395351365872066,0.07307463526642659,0.04653750951409365,0.0807306823923708,0.1507480156318957,0.12440277075991223,0.08449794367656557,0.11269164102924903,0.10443436714487644,0.04749051788649606,3.9872566597062726,0.16130523221676835,0.4973034320295851,0.05714285714285714,0.47607308703418266,0.2161399294713218,0.0015038826406874434,636.5312246857948,216.44113761059708,0.009237604307037737,Kristian,REC_20260514_175445.csv
right,72,loose,82.192,1.088000000000008,1.0,17243.0,1.1384609952679667,32163.749377210363,335.9375,0.1449020681978805,0.3275493860117459,0.49172450613988256,0.21785767325061767,0.37088390554753004,0.5874012595092911,3746.0,2146.927536231884,13.0,450.27536231884056,0.20973011651298112,0.6764705882352942,0.0,0.6764705882352942,0.9698415251243054,-0.5881585890070813,9700550.932228696,8561887.0,1798387.0,4190535.0,4289594.343135769,1348490.4303010467,1502236.2678553164,0.05966058675019239,0.08026974847777073,0.04522809812472154,0.07989847304540361,0.05167478972309603,0.07897365969568916,0.15147362594337713,0.1193684267372315,0.08006723460557048,0.11033630803710055,0.09848924651338617,0.04455980234646074,4.363965470464937,0.18679352451276465,0.5355092760592356,0.08823529411764706,0.46851367216890455,0.21999177022601893,0.0016602456421206905,620.3259895678494,382.81249999999915,0.01599999999999857,Kristian,REC_20260514_175445.csv
right,73,loose,83.296,1.1039999999999992,1.0,17090.0,1.123311542556751,30947.648198207244,777.9017857142858,0.3355373472887798,0.3547683923705722,0.4934604904632153,0.23594451027119137,0.355278047741403,0.6641122686043901,3670.0,2146.0857142857144,4.100000000000001,488.12142857142857,0.2274473127155086,0.7391304347826086,0.0,0.7391304347826086,0.9565375710713712,-0.5968077288489528,9250546.495253403,8252789.0,1982868.0,3678630.0,4113645.5672824457,1400881.5375368178,1483029.3326175795,0.05636174829922916,0.0733162035865962,0.03548653362267517,0.07497370628253432,0.04895291094750576,0.07533316469852089,0.15366847283426302,0.12669577836060333,0.08270206222624579,0.11736982945695151,0.10924873191058804,0.04589085777428674,4.3449653098834276,0.16814291154643152,0.5229337517152192,0.057971014492753624,0.49214689143080836,0.22217644475202838,0.0015252296486452505,651.4284304511114,311.63051339055716,0.01599999999999857,Kristian,REC_20260514_175445.csv
right,74,loose,84.416,1.1039999999999992,1.0,17004.0,1.1147961639086168,30971.10881127765,890.625,0.3841589715013577,0.33358302122347067,0.44619225967540577,0.23465699251560612,0.3417328496257803,0.686667941850649,4005.0,2185.5,0.9000000000000057,493.8285714285714,0.2259567931496552,0.14492753623188406,0.0,0.14492753623188406,0.9553266063718007,-0.5500959357197361,9165111.190235773,7971791.0,2102598.0,4003610.0,4154415.8802413424,1305941.367188049,1473406.9419987663,0.059123443474850476,0.07045788802823806,0.04144850802366245,0.07230774258914273,0.04281465503153904,0.07574598816877472,0.15904173611792005,0.12630650063731738,0.08040657580808576,0.11827956989247312,0.10835049187828873,0.04571690034970748,4.082239600509156,0.1742024582998156,0.5112116063462568,0.057971014492753624,0.4428286011155579,0.22033567963832423,0.0016774641590479246,121.05508388056951,293.17718634018564,0.009237604307029407,Kristian,REC_20260514_175445.csv
right,75,loose,85.536,1.0879999999999939,0.0,16817.0,1.0962801661504644,31812.900590798068,1033.482142857143,0.4457784556519514,0.3447116627876907,0.47995862425652963,0.23238080002133032,0.34837789376154005,0.6670365834982774,3867.0,2174.217391304348,-4.400000000000006,486.67391304347825,0.22383866258723775,0.0,-1.5147058823529411,-1.5147058823529411,0.9540489015542941,-0.5491477798852569,9443903.615401525,8266228.0,2575407.0,3771481.0,4175714.583221838,1454364.29651093,1447502.219419166,0.05789856086814513,0.0716832976716593,0.04097426360309556,0.06916365042227421,0.042647362702554974,0.07986881836542883,0.15431172969117657,0.12236953493177621,0.08501476459962272,0.11977656461428732,0.11001126508955411,0.046280187440425,4.1536068102643675,0.1677951253792372,0.5120990645239473,0.058823529411764705,0.4754536654316198,0.21725468265649653,0.0013701886918823197,139.57912928991735,128.0859120938468,0.009237604307037548,Kristian,REC_20260514_175445.csv
right,76,loose,86.64,1.1200000000000045,0.0,17449.0,1.1588582976111719,30225.892029847524,807.2916666666666,0.3482142724135113,0.3424507658643326,0.48057986870897157,0.23744413528392228,0.3311308413076826,0.71707043157286,3656.0,2120.943661971831,0.5,486.51408450704224,0.2293856707418303,0.0,-1.1,-1.1,0.6276869922677566,-1.2111647644651387,8949394.158794438,7775092.0,1992642.0,3958406.0,3942098.3502669986,1257591.5619796799,1499851.6584563432,0.059248142269917065,0.06041026117792373,0.03897414783480646,0.07247637578277011,0.03821711037473354,0.07278848771806332,0.16881935359626,0.1307284161315386,0.08723860625419194,0.1237623433629729,0.10671571915238368,0.04062103634443876,4.174376455884703,0.18394202415578198,0.5141054040690772,0.05714285714285714,0.4720108924388814,0.18145321028676686,0.001457805438500641,324.65828189035625,114.39313734443843,0.016000000000005597,Kristian,REC_20260514_175445.csv
right,77,loose,87.776,1.1039999999999992,1.0,17726.0,1.1862857381406278,30564.437930379154,1012.5,0.4367280939173329,0.33913516453630677,0.49388088115311396,0.2348151451115721,0.3571599361522007,0.657450966200224,3677.0,2210.614285714286,-3.5,501.54285714285714,0.22687940649980934,0.5507246376811594,0.0,0.5507246376811594,0.7957043269411531,-0.8436734943166408,9230716.49327846,8323649.0,1660331.0,3628539.0,4129980.9163816506,1318138.418162965,1394456.9319666864,0.05994455322696341,0.07924752654401168,0.040124593681135814,0.07692108851450469,0.0497922361593093,0.07163490432523603,0.1509922904428633,0.12465184208655641,0.07956418060913902,0.11672902813051317,0.11016330302501567,0.04023445325475142,4.199629124356634,0.18239126118740817,0.5178514579159399,0.057971014492753624,0.4414798487916201,0.21137346069198043,0.0011016710454513343,465.9102202499222,124.9752254832885,0.016000000000005597,Kristian,REC_20260514_175445.csv
right,78,loose,88.896,1.1200000000000045,1.0,18009.0,1.214307274854837,30142.9300997763,1013.0208333333333,0.43695274828663194,0.3421195652173913,0.5239130434782608,0.2518065803223661,0.339491434180943,0.741717036041104,3680.0,2223.8732394366198,10.799999999999997,542.2957746478874,0.24385192691345514,0.08571428571428572,0.0,0.08571428571428572,0.6301798122272589,-1.1275477912519878,8953980.679664548,8133059.0,1451415.0,3452610.0,4136608.381694224,1170999.943515779,1264798.12725258,0.05278824535292441,0.07591120681465531,0.042629595617340636,0.0689382184363026,0.04605592324012793,0.07147788087019855,0.15138541435764274,0.13400677665537222,0.07710820481965863,0.1199911333481111,0.1177998036669939,0.041907596820671966,4.148641033277743,0.178812801323387,0.5208652137403399,0.05714285714285714,0.4734424317658558,0.20299837092732206,0.001087014884888016,280.0053570916049,118.62772396181471,0.00923760430703755,Kristian,REC_20260514_175445.csv
right,79,loose,90.032,1.1200000000000045,1.0,17181.0,1.1323220013588466,29750.021042009364,1028.125,0.4434677249963041,0.3480533054611968,0.48105565717272014,0.23649960222752583,0.3545139220365951,0.667109491408948,3827.0,2213.0281690140846,19.5,505.0633802816901,0.22822275258552105,0.9,0.0,0.9,0.9066848499053746,-0.6765367259671762,9250121.837929325,8027990.0,2291966.0,3982841.0,4149145.63581691,1262309.4655889182,1395731.9882371677,0.05242959427207637,0.07942084327764519,0.03956722354813047,0.06931424025457439,0.05132856006364359,0.07404295942720764,0.1506571201272872,0.12476054097056483,0.08040731901352426,0.11843436754176609,0.11173906125696101,0.04789817024661893,4.062840855454989,0.17210529082669707,0.5078406746486992,0.05714285714285714,0.4487904851545465,0.19276954979968614,0.0013561651080391892,420.8519137812384,8.87456799936402,0.00923760430703755,Kristian,REC_20260514_175445.csv
right,80,loose,91.168,1.1359999999999957,0.0,16061.0,1.0214240468715166,30061.96500563461,1187.5,0.5122119620018102,0.3568951720458789,0.5129367831421713,0.2371272199262817,0.34722687615572684,0.6829172400227108,3749.0,2238.25,4.299999999999997,512.2916666666666,0.22888044975613386,0.0,-0.2535211267605634,-0.2535211267605634,0.7352753077960055,-1.0222875654584513,8914219.795082517,8031656.0,1744631.0,3451388.0,4139404.4095502244,1274934.1336111464,1225864.487341503,0.05831068419027762,0.07420231579731189,0.037138389366692726,0.07262618365042132,0.052248160144954515,0.07187534904501285,0.15292825496109314,0.1254700472839644,0.07627486751802624,0.1254948682626556,0.11165717264231728,0.04177370713727242,3.7013910384832074,0.14135056633561982,0.47995639334827955,0.056338028169014086,0.45406963098972375,0.1809433304780841,0.0015898542799450872,977.6406974616656,96.6708384815758,0.009237604307029409,Kristian,REC_20260514_175445.csv
right,81,loose,92.32,1.1040000000000134,0.0,17410.0,1.1549966724102738,30707.18070745017,741.8154761904761,0.3199720088444892,0.3603701687534023,0.5032661948829613,0.242207517764218,0.3401220381963706,0.7121194470322724,3674.0,2163.2571428571428,3.5,505.26428571428573,0.23356644742055632,0.0,-0.4492753623188406,-0.4492753623188406,0.8137917815029964,-0.860379757090064,9220600.474742359,8272337.0,2223549.0,3412293.0,4161039.1404804797,1431345.9407242404,1322103.181176163,0.05882003328314447,0.07389650526983121,0.044463375333491824,0.0671672345933381,0.049521884988245245,0.07318989882980691,0.15347227725387644,0.13148162823255938,0.07634651451514911,0.11766648176030854,0.11072588953165861,0.043248276408590226,4.22965185225749,0.1790690820543072,0.5154153976898541,0.057971014492753624,0.4720219364407133,0.21330495673132463,0.0017113271374012665,721.8774134158788,225.83483227510717,0.01599999999999144,Kristian,REC_20260514_175445.csv
right,82,loose,93.44,1.1200000000000045,0.0,16271.0,1.042217413337891,30245.842177066257,1328.125,0.5728686417125509,0.3465503568596352,0.4850647634152789,0.23456991598723162,0.35996892767851896,0.6516393442614561,3783.0,2157.6197183098593,-0.5,488.49295774647885,0.22640363990051632,0.0,-1.7142857142857142,-1.7142857142857142,0.9608758070256272,-0.4995388401393579,9217395.311957765,8350527.0,1783726.0,3470936.0,4176797.235073102,1217190.721103261,1326467.7744406834,0.05850865912488331,0.08166276086715277,0.03838998374578141,0.07007591829807233,0.05356711556161915,0.0760096872531676,0.14785463898009674,0.12632595909681377,0.07865344569850709,0.11603814845519644,0.10824395689041783,0.04466972602829148,3.8143476215241154,0.14765440469188318,0.4920444637531384,0.05714285714285714,0.45775194828213267,0.17868417204495354,0.001640285509584597,725.8583424700257,306.096102310497,0.01599999999999144,Kristian,REC_20260514_175445.csv
right,83,loose,94.576,1.13600000000001,1.0,16214.0,1.0365734995827323,31576.894654161293,2875.0,1.2400921185306983,0.35583168596441683,0.5512567071448743,0.23373619862511866,0.35349358749737186,0.6612176483301924,3541.0,2179.9861111111113,5.5,492.4861111111111,0.22591249944252956,0.9014084507042254,0.0,0.9014084507042254,0.7737163536206114,-0.9936408002768138,9250685.986088004,8074416.0,2113593.0,3988950.0,4163971.592114768,1281850.1432125615,1387080.5630216019,0.05471492555380704,0.07585420396409252,0.0402844054816863,0.06911996126376951,0.048605049726361656,0.0814735058199912,0.14822979249358112,0.12393682426620962,0.07844086672315699,0.11873801438592244,0.109799374358909,0.050803075962512496,3.8135514225702907,0.158178158945145,0.48762725639428717,0.056338028169014086,0.4327451109070425,0.17967053834914348,0.0009725629542510295,674.6586791358524,1102.0478918779058,0.01599999999999857,Kristian,REC_20260514_175445.csv
right,84,loose,95.728,1.1200000000000045,0.0,17372.0,1.151234063240168,31174.989157977263,1078.125,0.46503454444901193,0.34347587719298245,0.5208333333333334,0.2411966265852394,0.3432525382796596,0.7026798047693178,3648.0,2227.8591549295775,-25.900000000000006,519.7535211267606,0.23329729798075585,0.0,-0.1,-0.1,0.7499885210125807,-0.9074535070524412,9318389.056427404,8268671.0,2130697.0,3731164.0,4235340.641901205,1377696.4596191242,1497182.9080610045,0.05517834338530011,0.07430869020976368,0.04531603636409614,0.06801198649622578,0.04967821062347482,0.0725195665642504,0.14730872814171378,0.1255737207449835,0.07873408438594494,0.12288055228919317,0.11562290584025592,0.04486717495479776,3.758294682068052,0.13577261678510374,0.48581919199375784,0.05714285714285714,0.4465411234788838,0.17752862200067615,0.0009835814926446756,652.7396111773825,973.3175253781952,0.009237604307037739,Kristian,REC_20260514_175445.csv
right,85,loose,96.864,1.1039999999999992,0.0,16214.0,1.0365734995827323,29602.832752964707,885.4166666666666,0.38191242780836726,0.3602538217479089,0.5685030285549466,0.23371795812950888,0.3478974660144284,0.6718012660647031,3467.0,2140.614285714286,-9.400000000000006,483.27142857142854,0.22576296523694797,0.0,-1.6521739130434783,-1.6521739130434783,0.7091506600711934,-1.0481165258286467,8970232.583039973,7919256.0,1899790.0,3760486.0,4141859.1394098355,1391363.3325350906,1399885.7737712646,0.05733334223153567,0.0722089119945543,0.04965864271270596,0.07585939950481503,0.0475964843202552,0.07566586360390541,0.1518923139552732,0.12460375192701695,0.07656680659089847,0.1185240551777527,0.10911420620249195,0.04097622177879513,4.4037614063064225,0.19843976200872748,0.5345823195383724,0.057971014492753624,0.4495597932907995,0.20739392810516047,0.0013913080385296222,668.5716117215869,1097.295015605716,0.016000000000005704,Kristian,REC_20260514_175445.csv
right,86,loose,97.984,1.1200000000000045,1.0,16080.0,1.0233053514565695,32018.692915233125,979.1666666666666,0.4223502142821944,0.3433962264150943,0.5300435413642961,0.23182514433839987,0.35013026458767,0.6621111277287053,3445.0,2151.6338028169016,12.299999999999997,482.35915492957747,0.22418273699645208,0.44285714285714284,0.0,0.44285714285714284,0.8303307679065516,-0.844998607146902,9270933.31270439,8150164.0,2047620.0,3915646.0,4168616.794001588,1392116.481079309,1506938.9733344663,0.05801683620700941,0.07473521595119333,0.03972088030059044,0.07240485448332744,0.051038843721770547,0.07382532762525691,0.15428825785842398,0.12379718000078549,0.07812602280612177,0.11998088579919614,0.10802796433761438,0.046037730908710044,4.058089206299686,0.16375233222649171,0.5030671070504693,0.05714285714285714,0.4712632519172343,0.19215644486201894,0.001521215898274409,710.4205327363036,96.3658964331738,0.009237604307037737,Kristian,REC_20260514_175445.csv
right,87,loose,99.12,1.1199999999999903,0.0,15922.0,1.0076608185913927,31500.612581345144,800.0,0.3450691112433248,0.3414141414141414,0.5492063492063493,0.22153455781962442,0.3639132898838198,0.6087564372547963,3465.0,2186.9859154929577,6.400000000000006,467.9154929577465,0.21395450681367373,0.0,-0.17142857142857143,-0.17142857142857143,0.7694974300902426,-0.9996890163409788,9042454.700857174,8024325.0,1955990.0,3681073.0,4138510.8968734257,1427326.5132020423,1446398.9761417005,0.060556686158839745,0.07802236018444576,0.041262010870965246,0.07896906154202839,0.04990468584971277,0.07918158633658776,0.14910224374661893,0.1166825523583812,0.07783559597104511,0.11973518122568845,0.10485200546124321,0.043896030294443444,3.7962290955855686,0.14237399495910175,0.49554095802284137,0.05714285714285714,0.4635003527429542,0.167142206797531,0.0009413980238290523,146.16429112474137,89.6156272541054,0.009237604307033619,Kristian,REC_20260514_175445.csv
right,88,loose,100.256,1.1200000000000045,0.0,17099.0,1.1242026868338815,28315.425124832578,754.1666666666667,0.32529952674500934,0.33982558139534885,0.5252906976744186,0.24073259081214665,0.34536037103490297,0.6970475219563699,3440.0,2080.211267605634,10.599999999999994,484.4718309859155,0.23289549409255558,0.0,-0.32857142857142857,-0.32857142857142857,0.681118886447574,-1.079804091175479,8861274.972383207,7826405.0,1448972.0,3894876.0,3981303.027386553,1401502.2610092075,1332664.7182693344,0.05901350756626832,0.07586580452960492,0.04136903754358644,0.07221639188868953,0.050577203019736616,0.07106537120417075,0.15699245065845152,0.13418869968516198,0.07563560039270116,0.11640881546430143,0.10654389112698465,0.04012322692034259,4.1880991451042515,0.17844253488395775,0.5211536253440403,0.05714285714285714,0.509975065783471,0.18971028266027923,0.0016542270759658053,638.8340942686137,118.90219292124094,3.3940607069813957e-09,Kristian,REC_20260514_175445.csv
right,89,loose,101.392,1.1039999999999992,1.0,18095.0,1.2228226535029711,31822.054694818184,1100.0,0.47447002795957155,0.3441780821917808,0.5305365296803652,0.22617087170729394,0.36111845270769377,0.6263066038612825,3504.0,2108.0142857142855,15.099999999999994,459.77142857142854,0.21810641023034544,0.463768115942029,0.0,0.463768115942029,0.8590673498097717,-0.7249681534649604,9124126.320371557,8175820.0,1838704.0,3608991.0,4178114.7327847364,1310404.2795595406,1401195.064482271,0.055095858661841544,0.0667859393742249,0.0387636299564248,0.07619221881120351,0.04674676913276544,0.08414825055400818,0.15277071855029448,0.12228163268072187,0.08724527483549177,0.116582294779786,0.10388923902657207,0.04949817363666552,4.1445193579544,0.1658917259062097,0.5068286038954375,0.057971014492753624,0.4719664476614694,0.20491360715435306,0.001796790018173488,1087.7556404511715,187.83919935629362,0.009237604307033619,Kristian,REC_20260514_175445.csv
right,90,loose,102.512,1.1200000000000045,1.0,17367.0,1.1507389830862067,32673.129342014363,444.19642857142856,0.1915980835307523,0.35946462715105165,0.5012291723572795,0.24627902101567004,0.34058749541428646,0.7231005962675257,3661.0,2149.9718309859154,4.599999999999994,511.6267605633803,0.23796905298464444,1.3571428571428572,0.0,1.3571428571428572,0.6606363065828983,-1.155801366211538,9385866.787826471,8255232.0,2337170.0,3805690.0,4198976.207875921,1359602.0597915926,1495805.8383657401,0.053200828048844406,0.07557911010953305,0.030154342015617633,0.06959802945338295,0.046780829097007495,0.07377757979141555,0.15804989256328286,0.13253367223940046,0.07485194696294743,0.12313295948849641,0.11374534877626959,0.04859546145380222,3.9567130509830544,0.15930723897459895,0.4942204744852439,0.05714285714285714,0.473097173686849,0.1955329226543658,0.0012064281644566216,515.4001681541652,328.06517829229267,0.009237604307037737,Kristian,REC_20260514_175445.csv
right,91,loose,103.648,1.1039999999999992,0.0,18975.0,1.309956760600159,31575.580311373535,607.6388888888889,0.26209676418221284,0.355728051391863,0.49866167023554603,0.2405980703619865,0.33842380278290596,0.7109371988116394,3736.0,2189.9,-2.4000000000000057,508.05,0.2319968948353806,0.0,-0.30434782608695654,-0.30434782608695654,0.8031215031636687,-0.864612471889886,9366491.168872472,8272337.0,2062281.0,3878994.0,4188033.236198797,1256243.3578928486,1441878.2148925147,0.05567116567618873,0.07500016308637707,0.04470523768208594,0.06898553750008155,0.046453523644262945,0.0718232404610778,0.15521909023895414,0.1282054627412863,0.07616133809110656,0.12275185429210725,0.11239260762070022,0.04263077896577143,4.216133921678733,0.17651576090470883,0.5177273990982991,0.057971014492753624,0.4661537534162988,0.20463908208655737,0.001012016342916048,805.1964563591555,341.3725301064444,0.009237604307037737,Kristian,REC_20260514_175445.csv
right,92,loose,104.768,1.1039999999999992,0.0,17449.0,1.1588582976111719,31645.6686925715,490.2777777777778,0.2114746463001626,0.3501199040767386,0.5038635758060218,0.2343877599227909,0.36288967327848604,0.6458926147027988,3753.0,2116.7,6.900000000000006,477.6357142857143,0.2256511146056193,0.0,-0.5652173913043478,-0.5652173913043478,0.8859662275292214,-0.7165166222630179,9354488.630514497,8156272.0,2445904.0,3872885.0,4275764.377062107,1310203.1205872365,1478839.6099230342,0.05399914961969103,0.08204145266553732,0.036971296290047174,0.0685905958736308,0.05510599383136824,0.07573783989903422,0.15310220086522822,0.12620723633148637,0.08141379100891549,0.11326255829491999,0.10818052359130453,0.04538736172883667,4.011011705535161,0.14780299922146117,0.4926403979104331,0.057971014492753624,0.47016446292880826,0.19988781568264544,0.0012052900702579025,905.6364244736079,84.27193975510082,0.009237604307037737,Kristian,REC_20260514_175445.csv
right,93,loose,105.888,1.1199999999999903,0.0,16482.0,1.0631097958350577,30159.777767748885,756.5104166666666,0.326310471406855,0.33961770096884003,0.5024875621890548,0.2328164821696076,0.370297594729026,0.6287280432909295,3819.0,2171.8732394366198,18.900000000000006,488.72535211267603,0.22502480496488395,0.0,-2.7285714285714286,-2.7285714285714286,0.7836189664303997,-0.8670262050012547,9165715.252452588,8343197.0,1953547.0,3253468.0,4205489.754828723,1449166.721960198,1396728.0993841272,0.054058611051665664,0.08193096113564587,0.03516792799102482,0.07073143842856494,0.0599534380005577,0.0751152701309313,0.1507882466618678,0.1243944670337153,0.0825664870333262,0.11410932342431729,0.1084220151358923,0.042761813972490806,4.140866550349682,0.18074503301597034,0.521167328326826,0.05714285714285714,0.4616010647165887,0.19128804087295465,0.001326452718531037,1256.9018789600646,133.42674656520606,0.009237604307029598,Kristian,REC_20260514_175445.csv
right,94,loose,107.024,1.1359999999999957,1.0,17353.0,1.149352758655115,29789.980010063788,1062.5,0.45829491337004075,0.34966462525517644,0.5342665500145816,0.23114231268030594,0.3482055421750523,0.6638099762461226,3429.0,2099.0555555555557,1.5,469.0208333333333,0.22344374454119575,1.0,0.0,1.0,0.7266900275755664,-1.0663280140360694,9076633.638594212,8140390.0,1766622.0,3605326.0,4089797.342788413,1418452.7723538384,1339948.0781878578,0.05874335018394516,0.07088505412487096,0.04157292962443426,0.0738824338988434,0.04534446708837308,0.07777307254585396,0.15873541010507372,0.12597596802794905,0.08032051451711086,0.11755948442421194,0.10516634465235687,0.04404097080697668,4.156830320240891,0.18979736074812037,0.528176499901178,0.056338028169014086,0.4650175760557838,0.19784541724395885,0.0013240021267970708,532.751661971447,286.3412051856949,0.015999999999998682,Kristian,REC_20260514_175445.csv
right,95,loose,108.176,1.1039999999999992,0.0,16937.0,1.1081620898455353,30817.508043318492,774.5535714285714,0.3340931406290003,0.33445284075007,0.5152532885530366,0.24304040315335093,0.3543939526997359,0.6857916206006631,3573.0,2114.7571428571428,-10.099999999999994,497.27142857142854,0.2351435152972648,0.0,-0.7536231884057971,-0.7536231884057971,0.8530647204326661,-0.5974366541954503,9034461.496245861,8101294.0,1573588.0,3676187.0,4179181.9279372464,1286243.626237679,1342982.4356072845,0.056041558301189606,0.07924584383211852,0.04202441347537374,0.06965338809589755,0.051157512176339064,0.07467929448163585,0.14769004208521072,0.1294035789317247,0.07965791411374491,0.11182641708267752,0.11363682422162627,0.04498321320246162,4.103154555850511,0.1653071312970362,0.5120224074535703,0.057971014492753624,0.4478789174740487,0.19810695085306507,0.0013806837276521702,435.64549808302377,171.69174231225267,0.015999999999998682,Kristian,REC_20260514_175445.csv
right,96,loose,109.296,1.1199999999999903,0.0,16726.0,1.0872697073483688,31503.18107747216,1192.7083333333333,0.5144585056948006,0.3382094792276185,0.596255119953189,0.22329114589493881,0.365184192195981,0.6114480053255463,3418.0,2143.3521126760565,-3.799999999999997,462.5845070422535,0.21582291789877642,0.0,-0.5571428571428572,-0.5571428571428572,0.8702344233872468,-0.8314339006172093,9161329.968576014,8192924.0,1297477.0,3888768.0,4194643.165404373,1308412.3242019694,1410845.9955617911,0.05610535031344872,0.07959757652223054,0.0461564746546807,0.07756048837545505,0.05249773291803019,0.07487941752421506,0.1513162217929004,0.12110160469975947,0.08064897685605014,0.11414921999237734,0.10218954119517933,0.04379739515567296,4.349280396099582,0.15928466289017687,0.5144302906986931,0.05714285714285714,0.4977804669140514,0.21897989283535008,0.001146371591794923,319.0365705265447,213.97848828800028,0.015999999999998682,Kristian,REC_20260514_175445.csv
right,97,loose,110.432,1.1039999999999992,1.0,17233.0,1.137470834960044,32704.861809828824,818.75,0.3531566685380902,0.360827664399093,0.5496031746031746,0.21810898817537322,0.3768163037927673,0.578820464984591,3528.0,2154.1,-15.299999999999997,452.62142857142857,0.21012089901649347,1.9855072463768115,0.0,1.9855072463768115,1.0418986955593283,-0.49705852895361824,9445953.206066923,8399397.0,1815491.0,3921754.0,4338865.419181314,1340983.4073903898,1325279.0713726205,0.057471797966668216,0.07854125355634106,0.034545418371610286,0.07850146232765425,0.05490526371636813,0.08104146909216313,0.1531100161154476,0.11888955944477973,0.08382685510024075,0.11132259412283553,0.09921942873059349,0.04862488145529788,4.275113409004627,0.19253267681055863,0.5219399674000011,0.057971014492753624,0.4665893565257958,0.2410500261507116,0.0015561933679771561,254.68477248029353,229.72866758835832,0.009237604307029598,Kristian,REC_20260514_175445.csv
right,98,loose,111.552,1.1199999999999903,0.0,15525.0,0.9683514543668659,30058.645711342353,819.1964285714286,0.3533492294260608,0.35202665186007775,0.529705719044975,0.2314457106249151,0.3456866818090635,0.6695245226498028,3602.0,2176.521126760563,9.900000000000006,486.11267605633805,0.22334388124219426,0.0,-0.45714285714285713,-0.45714285714285713,0.7969017475481879,-0.9168771911661593,8932985.0461165,8175820.0,1505171.0,3269350.0,4118417.5695278896,1354436.6400457402,1355436.8288811434,0.05855060084253849,0.07698032135530922,0.04844272744332926,0.06945442073861247,0.05126413128587422,0.07189402910705157,0.15319705176240675,0.1258566131505892,0.07609377932221598,0.12009732549034835,0.10558909747432589,0.04257990202739868,3.994293195501422,0.1583599870479162,0.5066380135809639,0.05714285714285714,0.4795683991338769,0.2141067546998514,0.001466133315539491,877.1843211853138,215.7761870421807,0.009237604307029598,Kristian,REC_20260514_175445.csv
right,99,loose,112.688,1.1200000000000045,0.0,16252.0,1.040336108752838,31812.457088379702,953.125,0.41111749581724244,0.3421627525942108,0.5054614964500274,0.22368230476516515,0.36260813462019564,0.6168706198474201,3662.0,2139.3521126760565,15.400000000000006,461.1901408450704,0.21557467707743555,0.0,-0.6142857142857143,-0.6142857142857143,0.9109644069037606,-0.6973302060518738,9396331.448314177,8153829.0,2796541.0,3739716.0,4172355.936300917,1328709.002598683,1372296.8554301793,0.054715788642079335,0.07518400990164192,0.03848736618957957,0.07660605422202325,0.04456397224380159,0.07909463178269055,0.15593110985292374,0.12056434092195872,0.0871594664700383,0.11712773381437053,0.10311796384320643,0.04744756211568593,3.9729575373876678,0.16003708004408046,0.4969657654092371,0.05714285714285714,0.48084827141943093,0.20136403630515778,0.0016873707663574802,857.1419563487372,77.45289123972854,0.009237604307033716,Kristian,REC_20260514_175445.csv
right,100,loose,113.824,1.1200000000000045,0.0,15405.0,0.9564695306717947,29743.453498206964,860.4166666666667,0.37112901808201343,0.3248717256278693,0.5017553335133675,0.22952511374035398,0.379091245400087,0.6054613935962508,3703.0,2170.1267605633802,17.200000000000003,482.01408450704224,0.2221133314728159,0.0,-1.7428571428571429,-1.7428571428571429,0.7542002331331703,-0.9826136069826878,8902382.002926745,8043873.0,1787391.0,3369532.0,4091867.6054949467,1377051.80545084,1330249.922265699,0.056516462334257105,0.09186845709019399,0.04106335061883839,0.06711492156620953,0.06647239403163313,0.07457213507356616,0.1433874830444123,0.12465034170782521,0.07906333763848415,0.10882079971962436,0.10487477203252878,0.041595545142426936,4.030676334002473,0.16704330199515696,0.5171355727661744,0.05714285714285714,0.4899606426500284,0.22895996633487953,0.0011536306846779598,458.3190300798587,68.59398095917098,3.649949889304263e-09,Kristian,REC_20260514_175445.csv
right,101,loose,114.96,1.13600000000001,1.0,18186.0,1.2318331123050668,31092.09618214893,1593.75,0.687442370055061,0.3388010736653743,0.5800775424992544,0.22841853998898304,0.3671274558665373,0.6221777650749357,3353.0,2117.9444444444443,9.700000000000003,468.28472222222223,0.22110340214568636,0.5774647887323944,0.0,0.5774647887323944,0.7625524690259519,-0.8763114023629024,9237060.925632892,8354193.0,1557706.0,3619987.0,4124032.4717471176,999946.4085448635,1281474.4992003026,0.053622485113973196,0.07658106654775333,0.039188941059203106,0.07107258085670068,0.04931406237704273,0.08054193006846262,0.14994884977572595,0.12254413346273904,0.08961781601657792,0.11500275424284553,0.10587440652624401,0.046690973952731946,3.682703510065551,0.12984663659876566,0.4807741820447433,0.056338028169014086,0.44599652519811067,0.15145332572019268,0.0013356527854976913,1425.4663564368482,399.32714313626315,0.009237604307037786,Kristian,REC_20260514_175445.csv
right,102,loose,116.112,1.13600000000001,0.0,17004.0,1.1147961639086168,31451.21393523627,2927.0833333333335,1.2625575554606026,0.34362818590704647,0.5490254872563718,0.23137163732979077,0.3542610428429093,0.6531105861167918,3335.0,2090.972222222222,13.599999999999994,468.09027777777777,0.2238625041514447,0.0,-0.43661971830985913,-0.43661971830985913,0.6341004953810363,-1.1640045594636306,9388281.854767943,8483696.0,1809382.0,3590665.0,4135222.8067069915,1362933.2095205868,1327790.7054152205,0.05570242444370641,0.07167054134838924,0.035024908668216545,0.07539687811358353,0.04630355363666556,0.07774161408170042,0.1543540352042511,0.12614413816007972,0.08314845566257058,0.12114247758219861,0.10522749916971105,0.04814347392892727,3.6951192659741725,0.14280693669505978,0.48436136978322036,0.056338028169014086,0.44408399801583864,0.15805742118285473,0.0016930580724803968,1395.7008991900846,1047.7489097001144,0.009237604307037786,Kristian,REC_20260514_175445.csv
right,103,loose,117.264,1.13600000000001,1.0,16898.0,1.1043004646446373,29204.954322854195,2281.25,0.9839861375297934,0.3449197860962567,0.5617944147355912,0.22727361876556768,0.358163191924739,0.6345532536269838,3366.0,2124.4583333333335,10.599999999999994,467.00694444444446,0.21982400742672967,0.6056338028169014,0.0,0.6056338028169014,0.7202493611828719,-1.1100837236126373,9145386.04392357,8258898.0,1738522.0,3522248.0,4070767.2295731753,1486593.9085692756,1411112.8026475334,0.059224246703408055,0.08002039735618882,0.048129915468648865,0.0708023613862357,0.049868920836030096,0.07875210020854988,0.1490183772334124,0.123083661848445,0.07871941213773445,0.1149508698295644,0.10418995691712266,0.043239780074659555,3.7976185795023842,0.14527946913188539,0.483498143429209,0.056338028169014086,0.48574305758784636,0.19644926472391905,0.001047500526201771,714.9946386745459,666.7751647822313,0.0,Kristian,REC_20260514_175445.csv
right,104,loose,118.416,1.1200000000000045,0.0,17032.0,1.1175686127708,31409.961827420295,1210.9375,0.522321408620267,0.3438700147710487,0.5444608567208272,0.22539665304903703,0.3576935083266602,0.6301390654338968,3385.0,2075.4647887323945,5.599999999999994,452.07042253521126,0.2178164741649588,0.0,-1.3428571428571427,-1.3428571428571427,0.8190823106633958,-0.8788637769467038,9226116.540403768,8093964.0,1521054.0,4158770.0,4098802.4772990495,1405674.6302730301,1556777.8944855963,0.059107751190977074,0.06847948533503441,0.03476567271542773,0.07992100869990092,0.04834484724276931,0.07814302582825498,0.15847120617815116,0.12461488348104617,0.08280514122070061,0.1181815714111212,0.10078176956799087,0.04638363712862552,4.015754453771054,0.14040399823598207,0.4914613914104479,0.05714285714285714,0.5359687252669212,0.18232937522528248,0.0017614063129284363,70.68238818837317,866.7781399497088,0.009237604307037786,Kristian,REC_20260514_175445.csv
right,105,loose,119.552,1.1519999999999868,1.0,14769.0,0.8934953350879181,29208.152457832726,871.5277777777778,0.37592164462705957,0.35033076074972436,0.4961411245865491,0.22339253707022974,0.36224213785237086,0.6166939561321227,3628.0,2101.7123287671234,13.399999999999999,453.4178082191781,0.2157373309434577,2.6805555555555554,0.0,2.6805555555555554,0.9666477969615768,-0.5065576177387983,8715732.11686557,7842287.0,2205223.0,3098308.0,4007398.8442080407,1180353.7349358888,1333675.2846769243,0.058028352615284336,0.07773830861984682,0.03378849600782141,0.07639563304546196,0.051288903372983544,0.0775753625549943,0.15860518168486232,0.12123839009287925,0.07924393025908424,0.1186182173700505,0.1021541469773505,0.045325077399380805,3.773871386989134,0.14483189305835273,0.4897265530147276,0.05555555555555555,0.45357728745366405,0.19196648044871958,0.0016314173852205246,1269.63026113905,735.7631583399618,0.01599999999999155,Kristian,REC_20260514_175445.csv
right,106,loose,120.72,1.1359999999999957,0.0,14276.0,0.8446804319073346,27712.741383702913,718.75,0.3100230296326746,0.3083232810615199,0.44028950542822676,0.23566796846216193,0.3462468990248815,0.680635607497313,4145.0,2261.8333333333335,-18.099999999999994,515.3333333333334,0.2278387738560165,0.0,-0.08450704225352113,-0.08450704225352113,0.6579696973026892,-1.1169756314818977,8548570.052688695,7534411.0,3271794.0,2367713.0,3779685.0010875156,1562822.7437222267,1517197.3862558927,0.057033380001473725,0.0766769827819124,0.04411981430992558,0.06512661803355192,0.04473386878883894,0.0783717731437133,0.15033281752757102,0.12483113501829882,0.08133765627686489,0.11974676393289613,0.11083683344386314,0.04685235674109007,4.042541056223721,0.16031757284276296,0.523706945221301,0.056338028169014086,0.4181898482628176,0.16618853900117692,0.001925567736953132,1469.679897120462,251.92212555931,0.01599999999999155,Kristian,REC_20260514_175445.csv
right,107,loose,121.872,1.2480000000000047,0.9871794871794872,13328.0,0.750813234716273,26815.066567137215,1635.4166666666665,0.7054147195989842,0.3019438444924406,0.44146868250539956,0.22589640842244998,0.3647945157982852,0.6192428850742869,4630.0,2555.5569620253164,21.5,560.3037974683544,0.21924919138734653,1.3636363636363635,-7.0,-5.636363636363637,0.8648601388951421,-0.7548082210507001,9048511.74992888,6847799.0,5330410.0,2563190.0,3478583.84878429,1836050.1486696044,1576561.66210745,0.06070662591820258,0.09305113205771488,0.06520910005002749,0.06421845667668867,0.07200986680799847,0.06798290149537617,0.12825859754617638,0.11572200565657366,0.06753215876050701,0.1102685138863435,0.11017440276587631,0.044866238378514924,3.381271940494349,0.17528799679335408,0.5164619740867349,0.05128205128205128,0.3568156222852215,0.15804757592320554,0.0011912654231891792,732.3744488534167,491.1118443098253,0.06057502235521015,Kristian,REC_20260514_175445.csv
right,108,loose,123.136,1.1839999999999975,0.0,16515.0,1.066377324851202,26714.745460138674,369.7916666666667,0.1595046022023181,0.28940245679783466,0.4661669789714762,0.2266584979026369,0.3625498401656151,0.6251788658874216,4803.0,2698.6266666666666,-4.599999999999994,594.2666666666667,0.22021077387510685,0.0,-2.2972972972972974,-2.2972972972972974,0.5439053141442691,-1.3404509234207087,8246079.999948884,7643145.0,2072054.0,2299296.0,3762920.382078098,1651311.527137718,1261042.3196476826,0.0531776656768628,0.07280740327178763,0.05422511203229297,0.07518886149498263,0.055198446617291765,0.0791019629737595,0.13630142739269852,0.11531297400653172,0.0802531658077936,0.11673097921411879,0.11134552389610519,0.05035647761577494,3.7415938074032367,0.15601008366825364,0.4892712709886867,0.05405405405405406,0.44823623860407913,0.19399922241123715,0.0009589031046745103,1636.5000254608447,653.689061762235,0.05619015334855271,Kristian,REC_20260514_175445.csv
right,109,loose,124.336,1.1359999999999957,1.0,13457.0,0.7635863026884745,27924.401193221674,890.625,0.3841589715013577,0.3592847317744154,0.5235213204951857,0.26276977865103,0.3157830104687932,0.8321213299618917,3635.0,2262.0138888888887,8.0,576.7013888888889,0.25495041905872967,0.9154929577464789,0.0,0.9154929577464789,0.5144394390102472,-1.4168886765640791,8631508.099936882,7423234.0,2627942.0,3534466.0,3606230.3809247506,1449348.041340535,1328959.6190402047,0.05410616154483775,0.06633715040063856,0.037012249409019746,0.06889755318822338,0.04413471279894391,0.06613452859730452,0.15661437386792745,0.1344917569766371,0.07027906548368282,0.13535750468179167,0.12827802167439292,0.03835692137660025,4.237909543126336,0.209236401803814,0.524562388438612,0.056338028169014086,0.43741293326958686,0.2141697363162189,0.0010987802555262932,1803.9296919041344,636.1064675655344,0.05619015334855271,Kristian,REC_20260514_175445.csv
right,110,loose,125.488,1.1200000000000045,0.014285714285714285,17836.0,1.1971775015277761,31462.057227714784,777.7777777777778,0.33548385815323245,0.3521202361782072,0.48040794417606014,0.26220816197405883,0.3365707054729516,0.7790581821589376,3726.0,2226.056338028169,8.799999999999997,565.8450704225352,0.25419171148370767,7.0,-1.2028985507246377,5.797101449275362,0.5854385294969641,-1.1678043791280726,9037651.310702134,8183150.0,1955990.0,3299894.0,4043019.274156148,1442732.3592506724,1449929.1597449393,0.049471686175260994,0.06856690920594748,0.03420436570705472,0.0662575134451123,0.04985131287567225,0.07321100917431192,0.15164188547927868,0.13780449224928817,0.07868396077190762,0.12436570705472952,0.12440366972477063,0.04153748813666561,4.049292664107308,0.1652897503204489,0.5070906234007228,0.05714285714285714,0.4654888049260879,0.20217300583741,0.001524718669209559,2246.183652331218,273.99955095277664,0.0333066559914559,Kristian,REC_20260514_175445.csv
right,111,loose,126.624,1.1039999999999992,0.014492753623188406,18176.0,1.2308429519971442,31212.743166854143,1117.857142857143,0.4821724634783958,0.3207885304659498,0.48310291858678955,0.24533411907792035,0.346638747656872,0.7077515734636196,3906.0,2278.7,26.400000000000006,541.4714285714285,0.23762295544452036,14.0,-0.47058823529411764,13.529411764705882,0.6484846335729809,-1.1148811739733362,9261561.38685033,8098851.0,2172236.0,3932750.0,4074435.380793071,1462467.7246849097,1539797.1610566676,0.05024794839162681,0.07810844529148826,0.05051752565685949,0.06787077845137265,0.05150806537562144,0.0753625187293507,0.1470011096552546,0.13001774194559554,0.07378893980903899,0.11788676501012484,0.11531637713232482,0.042373784551341935,4.144343525788815,0.17561740993530353,0.5111767623641358,0.057971014492753624,0.4543696585500709,0.2096254808053423,0.0014711444461513413,2631.8625217388053,173.2161062870582,0.01599999999999884,Kristian,REC_20260514_175445.csv
right,112,loose,127.744,1.1040000000000134,0.0,17305.0,1.1445999891770866,32328.371873634467,1281.25,0.5526497484756373,0.3336953570458865,0.5004072766766223,0.2386712049380715,0.36045490768129446,0.6621388691114335,3683.0,2115.342857142857,0.9000000000000057,487.4714285714286,0.23044558801680243,0.0,-0.3188405797101449,-0.3188405797101449,0.844352288972805,-0.8411506252815908,9183065.08292569,8206363.0,2046398.0,3577226.0,4160321.485094937,1479994.7240738077,1470825.8331634204,0.054175614895255075,0.07412509961235599,0.037704120912516716,0.06985021003012008,0.05415535475505491,0.07827167497332416,0.14960762861812338,0.12810486648567607,0.08405256831043938,0.11629320474897686,0.11056633845239541,0.04309331820576198,3.8225654124599187,0.13398954297299479,0.47603411802692963,0.057971014492753624,0.4660314252606198,0.21390633483118063,0.0016054984375616314,438.97646102421066,256.8512795592897,0.009237604307034089,Kristian,REC_20260514_175445.csv
right,113,loose,128.864,1.1200000000000045,1.0,18267.0,1.2398534107992398,31485.114848131012,1867.1875,0.8053859139370568,0.3420115100027405,0.49986297615785147,0.2470961875856416,0.3556866059651414,0.6947019748321424,3649.0,2199.6338028169016,-16.799999999999997,526.1338028169014,0.23919154276640153,0.38571428571428573,0.0,0.38571428571428573,0.7376581301461037,-0.9729020385575589,9607537.998480257,8311432.0,2194227.0,4290717.0,4168721.9855205966,1308624.3668354528,1569477.0393171865,0.051711552499135574,0.07613943422080499,0.03699079232138512,0.06980675400514809,0.04970737766849795,0.07731760728418302,0.14822569697901058,0.13209625161678637,0.08271543278650735,0.11602443428483612,0.11499993596885524,0.04426473036484946,3.853387336198839,0.13839002794504804,0.484682977925606,0.05714285714285714,0.47770371018674046,0.19309863648858439,0.0014522543082512347,531.0941536112095,394.0211423700076,0.009237604307034089,Kristian,REC_20260514_175445.csv
right,114,loose,130.0,1.1040000000000134,0.0,18071.0,1.220446268763957,30929.426021185714,1375.0,0.5930875349494644,0.32448453608247424,0.46005154639175255,0.24890016587662186,0.35390727955783713,0.7032920209702064,3880.0,2178.9,11.700000000000003,524.4714285714285,0.24070468060554798,0.0,-0.2608695652173913,-0.2608695652173913,0.7711785085653933,-0.8076177958877535,9246292.646749236,8037764.0,2532647.0,3804468.0,4210714.523376317,1407724.8689477989,1428614.4163351094,0.05186758718357232,0.07105813549431889,0.03827619441002341,0.07215305232653436,0.04990722710673144,0.07463792346072395,0.15153124446804744,0.1359729352294408,0.08615094116952852,0.11291411787074736,0.11292723064718108,0.04260341063315041,4.039350672875443,0.15631172622441433,0.5017127892783309,0.057971014492753624,0.4513562298405612,0.20823318293168433,0.002258440039315118,508.3660098787162,314.738079351307,0.00923760430702997,Kristian,REC_20260514_175445.csv
right,115,loose,131.12,1.1200000000000045,0.0,16898.0,1.1043004646446373,31257.26521946538,848.2142857142858,0.3658656871441502,0.33907427341227125,0.5309472551130248,0.24247566028622997,0.3489412542260861,0.6948896335679804,3716.0,2216.281690140845,-2.5999999999999943,520.2957746478874,0.23476067007295562,0.0,-1.3142857142857143,-1.3142857142857143,0.6485574083378989,-1.088803105409864,9154294.806265144,8257676.0,1397659.0,3695734.0,4141043.5956130964,1371382.1234451092,1379339.0860001494,0.057080759551590025,0.08178270927069829,0.04293449248837032,0.06769363735732987,0.052111136531177715,0.06990518315157986,0.15072828490810647,0.13029690637789473,0.07744858791530033,0.11634128981417932,0.11217875390833525,0.04149825872543786,3.9706034624191613,0.1686976127708538,0.5132660159245428,0.05714285714285714,0.4654533583521381,0.19550974052032846,0.0013784636073573507,740.3271799234036,509.58449338055743,0.00923760430702997,Kristian,REC_20260514_175445.csv
right,116,loose,132.256,1.1359999999999957,1.0,16262.0,1.0413262690607608,30086.49519302639,593.75,0.2561059810009051,0.3535735037768739,0.5122022080185938,0.25469533495752605,0.33661394485478946,0.7566392861919221,3442.0,2154.9166666666665,-3.5,532.3125,0.24702231331451335,0.7464788732394366,0.0,0.7464788732394366,0.507257193703495,-1.4199915337636204,8968162.690475067,8029212.0,2085493.0,3407406.0,4082348.714893334,1452852.093660266,1421508.6495745264,0.05710455418487439,0.07663998350026426,0.03967026309344265,0.06390424997099657,0.049492762029983116,0.07041391133970121,0.15367312476636116,0.13609703907085863,0.07616303801384432,0.12151153047939468,0.11859829588666745,0.03673124766361164,4.078877077189592,0.17783370167719229,0.5136138698721358,0.056338028169014086,0.46374496698251244,0.2177404008590472,0.0009366574572064239,917.6878554279804,398.456778078372,0.015999999999991764,Kristian,REC_20260514_175445.csv
right,117,loose,133.408,1.1040000000000134,0.0,17420.0,1.1559868327181966,31479.35078746066,953.125,0.41111749581724244,0.3490376328641195,0.5104854926745188,0.24619483005582257,0.3522242004792439,0.6989719324240555,3481.0,2134.3142857142857,17.900000000000006,508.35714285714283,0.23818288911795021,0.0,-0.5217391304347826,-0.5217391304347826,0.7319109333072299,-0.889807400625382,8965933.247272423,8112290.0,1061683.0,3667634.0,4167657.450630155,1297247.0961075416,1441346.1384900105,0.0567127615426835,0.0760230786736456,0.03618425456151859,0.07148498681409889,0.04701409619683806,0.07596953186704328,0.15085474090038956,0.12850564249474572,0.0817325069276181,0.11638398415014525,0.11768918756107682,0.041445228310196654,4.084488554627435,0.17038920422366235,0.5050232186896001,0.057971014492753624,0.44692550934476694,0.19431313964143032,0.002085418144479439,579.9344790577688,184.8011189094052,0.015999999999991764,Kristian,REC_20260514_175445.csv
right,118,loose,134.528,1.1040000000000134,0.0,17879.0,1.2014351908518432,30666.375038468435,1175.0,0.5068202571386333,0.33838239496999145,0.4972849385538725,0.24179435511136957,0.3429330700674844,0.7050773932751778,3499.0,2112.657142857143,0.20000000000000284,494.15714285714284,0.23390314160907727,0.0,-0.4927536231884058,-0.4927536231884058,0.5968609563925492,-1.2870045276588844,9044514.001125379,7951021.0,2120924.0,3753156.0,4099786.9467885913,1332242.0342074423,1382408.3232728948,0.05118807730278728,0.06541525228892525,0.04289790784793693,0.06692993251558634,0.0436146761694819,0.07960185548327767,0.15672883166763588,0.12744952192905346,0.08737135361021327,0.1179016269288506,0.11434483318231611,0.04655613107393533,4.329017151100959,0.17767501465807942,0.5278412395309199,0.057971014492753624,0.4813955449385785,0.20124642556010164,0.0014054768147354786,833.300066002641,293.32304965401477,0.01847520861405835,Kristian,REC_20260514_175445.csv
right,119,loose,135.648,1.1040000000000134,1.0,17592.0,1.173017590014465,33539.968604636466,1041.6666666666667,0.4493087385980792,0.3401894451962111,0.4949932341001353,0.2205576039847338,0.3741186363930396,0.5895392063622156,3695.0,2208.4285714285716,-0.20000000000000284,469.9214285714286,0.21278543243418072,1.608695652173913,0.0,1.608695652173913,0.8806027376087192,-0.7352018423148801,9531650.308060456,8492248.0,1831373.0,3921754.0,4207308.680193225,1595152.134284535,1503993.7514645527,0.05570864868361472,0.07635034607671906,0.03843715634905233,0.07629859628695258,0.04852189662979494,0.08496668607283782,0.1523707872436768,0.11608771589365417,0.08798111132673524,0.11252344912348793,0.10446988809107963,0.046283718222394715,4.351364733466371,0.19357989197192355,0.532116153611326,0.08695652173913043,0.5203719157547025,0.2406849313968216,0.0018038107748245076,231.8886226905904,111.68849548251053,0.0,Kristian,REC_20260514_175445.csv
right,120,loose,136.768,1.1200000000000045,0.0,17535.0,1.1673736762593063,32270.93387244937,976.5625,0.4212269424356992,0.32449655875605404,0.450165689523324,0.24155608025353859,0.3487480902536648,0.6926377147399726,3923.0,2230.957746478873,-17.299999999999997,521.0915492957746,0.2335730249119307,0.0,-0.24285714285714285,-0.24285714285714285,0.7094953906485293,-0.9920609906381501,9382409.808220115,8279667.0,2725680.0,3470936.0,4200261.1840872625,1430639.882940003,1345339.7090850542,0.05460927536963851,0.06697054255735552,0.041143196252477934,0.07200217174459274,0.04250684983396255,0.07842270735741613,0.1566560183840705,0.13095493629970076,0.08884581876033788,0.11536761827800858,0.1106011439538378,0.04191972120860112,4.0397348260366766,0.1671839986334299,0.5062477541688545,0.05714285714285714,0.47823805973010425,0.20514360877382568,0.0015791738447086673,184.3700988049291,101.15480850440804,0.009237604307030117,Kristian,REC_20260514_175445.csv
right,121,loose,137.904,1.0720000000000027,0.0,18908.0,1.3033226865370777,31147.663379457535,1802.0833333333335,0.777304117774677,0.3498045784477945,0.509212730318258,0.23380660397490433,0.36326129945512226,0.6436320200508387,3582.0,2067.3823529411766,-20.799999999999997,465.6617647058824,0.22524220739497233,0.0,-1.462686567164179,-1.462686567164179,1.0239160156127527,-0.48914880797606664,9144051.186984628,8254011.0,1478293.0,3646865.0,4159017.9444100014,1388249.2305251185,1440689.545027279,0.05615228123088304,0.08027343472137258,0.03590075543099401,0.07052111934671579,0.049167034186453455,0.08007426270788578,0.15195401971802933,0.1274202956281743,0.08322544849269466,0.11145096811825127,0.10638630834673002,0.04747407207181573,4.444199750437542,0.17392246746462336,0.5274230289726667,0.05970149253731343,0.491880018905845,0.24020988329223728,0.0024238689140628437,776.7704508626334,458.97652549434406,0.024440403706433574,Kristian,REC_20260514_175445.csv
right,122,loose,138.992,1.1040000000000134,1.0,17027.0,1.1170735326168386,33728.1464803508,1914.0625,0.8256048071739704,0.341861731083288,0.5296679368535656,0.22220913184626662,0.3736778720284847,0.5946542422748962,3674.0,2182.6285714285714,0.29999999999999716,467.67857142857144,0.21427309142318568,1.2608695652173914,0.0,1.2608695652173914,0.9113559465428378,-0.7602868631036435,9911396.274920048,8761029.0,2448347.0,3935193.0,4323445.70926072,1488063.1601310738,1392570.015836021,0.053729448109749715,0.07764556498062625,0.03758246936852026,0.07709576919049116,0.04798931825322023,0.07930804272698712,0.1557427479317206,0.12159650225154466,0.09163917687715992,0.11468478374698922,0.10061262959472196,0.04237354696826893,4.089861898265768,0.16914239490054428,0.5060101298204728,0.057971014492753624,0.4636906137921577,0.21842263608878415,0.001640784651122045,973.0839292339267,512.0107795145725,0.024440403706433574,Kristian,REC_20260514_175445.csv
right,123,loose,140.112,1.1359999999999957,0.0,16238.0,1.0389498843217464,30433.11605800497,1078.125,0.46503454444901193,0.3547850208044383,0.4782246879334258,0.24665750915750914,0.3331371009942438,0.7404084036902944,3605.0,2123.3333333333335,-9.099999999999994,506.3263888888889,0.23845826792255362,0.0,-0.7183098591549296,-0.7183098591549296,0.6621327121502678,-1.162158678243503,9369694.907546297,8354193.0,1563815.0,3943745.0,4074399.4000739944,1352003.9876007943,1375109.2843940544,0.058006279434850865,0.06763474620617478,0.03463500784929356,0.07053244374672946,0.041176085818942956,0.07428048142333857,0.1596546310832025,0.13046834118262687,0.07951334379905808,0.1255559916274202,0.11618916797488225,0.04235347985347985,4.044745642341196,0.17896395081004182,0.5117191762055259,0.056338028169014086,0.46708264455588033,0.18278720906366333,0.001129969234801819,1371.713162435939,453.7705929351652,0.031999999999996864,Kristian,REC_20260514_175445.csv
right,124,loose,141.264,1.0559999999999832,0.9848484848484849,19148.0,1.3270865339272198,31013.69345950269,567.7083333333333,0.2448732625359531,0.3547222222222222,0.5458333333333333,0.22243952005790488,0.3679950446813842,0.6044633569732293,3600.0,2144.5373134328356,14.099999999999994,458.3134328358209,0.21371203474290806,0.6461538461538462,-4.0,-3.353846153846154,1.0297146141474087,-0.3966396486756181,9834988.898117475,8632747.0,1696983.0,4395786.0,4303186.849612777,1638886.4937059986,1618881.9360968184,0.058774811391665044,0.07766348375602017,0.03669858856936054,0.07716238412070935,0.05244146877870884,0.0821107430194037,0.1479427076083628,0.1187258149828791,0.07861696500654215,0.11174521867431308,0.10371370507502575,0.05440410901700955,4.107748483686587,0.15491441424349228,0.5218464471609062,0.06060606060606061,0.5103189620510575,0.20760248153184507,0.0037983086000463627,1504.950829761559,679.7041292133476,0.040265783654785434,Kristian,REC_20260514_175445.csv
right,133,loose,151.632,1.1200000000000045,0.014285714285714285,17961.0,1.2095545053768086,32476.924869821036,1007.8125,0.43470620459364157,0.34284218790892435,0.4998691442030882,0.23807996175523352,0.3439764492753623,0.6921402969781081,3821.0,2239.0985915492956,16.200000000000003,514.9366197183099,0.2299749647745572,2.0,-0.5942028985507246,1.4057971014492754,0.7376432794205472,-1.008773736088869,9696579.892429752,8582656.0,1819156.0,4129449.0,4274750.154960452,1251107.277500686,1457895.9474069471,0.06176403985507247,0.07923208534621579,0.03931411030595813,0.07125603864734299,0.04939110305958132,0.07257699275362318,0.15257648953301128,0.12474838969404188,0.07152022946859904,0.12013134057971016,0.11333157206119164,0.044157608695652176,3.836939389441198,0.14656042950898077,0.49120392126051493,0.05714285714285714,0.42533995822810106,0.17697641401849817,0.0010257940257278623,1701.2281837935027,125.352151526651,0.018475208614074794,Kristian,REC_20260514_175445.csv
right,134,loose,152.768,1.1200000000000045,0.0,18602.0,1.2730237811146465,30591.93620874625,1312.5,0.5661290106335797,0.33368504352413614,0.5133210234766552,0.24387559017040172,0.33258249659578254,0.7332784877926827,3791.0,2213.492957746479,6.5,522.612676056338,0.23610315733211162,0.0,-1.2428571428571429,-1.2428571428571429,0.6666854951670288,-1.018987063416838,8849926.267632121,7930252.0,1225395.0,3732386.0,3994094.8633715087,1148402.3504372467,1442460.695112327,0.06124409829598238,0.07355654818717469,0.049593402817546664,0.0663917840644447,0.04302676287557744,0.06994235100981178,0.15109634889728807,0.13008564629226638,0.07966505045877396,0.11948484964176177,0.11378994387813536,0.04212321358123671,3.7866105524625735,0.14780360892492486,0.4814992419172089,0.08571428571428572,0.42843844825639826,0.17910228102240316,0.0018166930625626155,2127.280501798797,152.65689267368992,0.018475208614074794,Kristian,REC_20260514_175445.csv
right,135,loose,153.904,1.1200000000000045,0.0,15908.0,1.006274594160301,30019.61986767987,1484.375,0.6402649525022628,0.3323076923076923,0.5205594405594406,0.2293517117001063,0.35620108853177035,0.6438826805532221,3575.0,2186.6901408450703,13.799999999999997,485.0,0.22179639947183666,0.0,-0.42857142857142855,-0.42857142857142855,0.7722310521615602,-0.9740469062898254,9086707.206394624,8293106.0,1745852.0,3277902.0,4104002.8562580883,1371062.5843033195,1400541.784892926,0.06079675372773823,0.08090560690476957,0.04664584071366462,0.07259025474219832,0.05058774274580529,0.07307333097162733,0.14817558210685647,0.12022801198029051,0.0790441531673698,0.11617661266947925,0.1091236997198158,0.04265241055038485,4.109904059773082,0.17143407578547643,0.5097397861304584,0.05714285714285714,0.4559110510315959,0.1943863369792375,0.001240767269502448,1407.3216879354,241.34598425203367,0.0,Kristian,REC_20260514_175445.csv
right,136,loose,155.04,1.1040000000000134,0.0,18683.0,1.2810440796088194,32118.27208926408,1645.8333333333333,0.709907806984965,0.3380440927077445,0.5421141888072357,0.2382642740619902,0.3596019575856444,0.6625778003584463,3538.0,2189.285714285714,0.7000000000000028,504.7,0.23053181076672105,0.0,-0.3188405797101449,-0.3188405797101449,0.7250478775260782,-0.9320439476391322,9303394.09484028,8401840.0,1876578.0,3527135.0,4256193.256992909,1151376.4702246704,1363497.59318213,0.056332789559543225,0.07968026101141926,0.04222512234910277,0.0717520391517129,0.0493115823817292,0.07715497553017944,0.14889396411092987,0.12790864600326263,0.08170309951060359,0.11203915171288743,0.11035562805872758,0.04264274061990212,4.074777557097864,0.16848658930813942,0.507975914753132,0.057971014492753624,0.4189766013171112,0.2135648793576705,0.0017185386610169633,1579.2836983898774,166.69379119555688,0.009237604307030058,Kristian,REC_20260514_175445.csv
right,137,loose,156.16,1.1040000000000134,0.0,17401.0,1.1541055281331436,31758.595403449443,559.375,0.2412787926271685,0.3212742980561555,0.48758099352051837,0.2240282871995145,0.3630960234319339,0.6169946040216714,3704.0,2165.542857142857,8.599999999999994,468.35714285714283,0.2162770140116632,0.0,-0.43478260869565216,-0.43478260869565216,0.8283643691170912,-0.8998606967421217,9168845.417424595,8348084.0,1854586.0,3307224.0,4231244.779962756,1231948.0235027575,1366646.3600239784,0.05968810196057736,0.08025041560017944,0.04485183523761776,0.06840910890044068,0.046613188379027365,0.083660975802834,0.14750507955774866,0.11903976568066074,0.08416233474945248,0.11283215030213475,0.10498852151885374,0.04799852231047313,3.979603370388555,0.1580892114582896,0.4998712915288173,0.057971014492753624,0.43144599913191733,0.1967118471441733,0.0018342580352483085,1388.8363234497226,586.2430530465754,0.009237604307030058,Kristian,REC_20260514_175445.csv
right,138,loose,157.28,1.103999999999985,0.0,18171.0,1.2303478718431828,32481.374524487106,1541.6666666666665,0.664976933125157,0.3190100625509927,0.4998640195811803,0.2172969206442795,0.3566384370058693,0.6092919273320436,3677.0,2132.1714285714284,1.7000000000000028,446.6642857142857,0.20948798006056873,0.0,-0.21739130434782608,-0.21739130434782608,0.8698997725823826,-0.8036929285885068,9285002.992798386,8351749.0,2051285.0,3500257.0,4265052.137822002,1168807.0479101073,1224151.5254067625,0.06395894192372632,0.07517487202851554,0.03993916329429422,0.07764050062980732,0.045634229357060546,0.0762669846970225,0.16127757081982153,0.11683595529708146,0.08192185029346341,0.11719105941628924,0.10046096534719803,0.04369790689572,4.10632784164876,0.17122986650812888,0.5077169291538189,0.08695652173913043,0.44752378161734546,0.20853500912329237,0.0014100819880437192,645.3123274818232,599.4635550385393,4.57439634588417e-09,Kristian,REC_20260514_175445.csv
right,139,loose,158.4,1.1519999999999868,0.013888888888888888,17252.0,1.139352139545097,29831.376451649026,1234.375,0.5324308552387238,0.3454014598540146,0.5486131386861314,0.22457695355024057,0.35494031937027753,0.6327175057158327,3425.0,2126.6164383561645,1.7999999999999972,461.83561643835617,0.2171692121383895,7.0,-0.8309859154929577,6.169014084507042,0.7921166287724426,-0.9161313257476111,9164433.150349181,8262563.0,2076941.0,3376863.0,4152768.0899060657,1335826.6119339685,1355002.000933871,0.061960925774431054,0.07946252004921317,0.042327190275890055,0.07384551960474868,0.046894223894153035,0.07503075823064487,0.15567207539148303,0.12014712418595364,0.07970729759151782,0.11829840959012644,0.10442982936428695,0.042224126047551255,3.5425417617229913,0.12444329838392731,0.47138839639288305,0.05555555555555555,0.46821743240958585,0.15309352102476653,0.0014474924380736493,493.2311831180262,502.4855034070719,0.027712812921095294,Kristian,REC_20260514_175445.csv
right,140,loose,159.568,1.1199999999999761,1.0,16257.0,1.0408311889067994,31011.386086403814,677.0833333333333,0.2920506800887514,0.33079226790089844,0.5317179417369997,0.23140276645575353,0.3530595344383629,0.6554213776539456,3673.0,2176.9859154929577,8.200000000000003,487.16901408450707,0.2237814267044499,1.0571428571428572,0.0,1.0571428571428572,0.7271245457353187,-1.0462301571236765,9067582.56016547,8008443.0,2225992.0,3623652.0,4089706.1999440724,1313462.468376436,1333495.4213840675,0.060511367312345535,0.07950001940918443,0.048425915143045686,0.07098585717428153,0.04937696517992314,0.07494533079719991,0.14881668672282392,0.12077688495529418,0.0782513618777739,0.11481826533649056,0.11062588150045935,0.04296546459117788,3.791123928577655,0.15533004247948137,0.49293977850328796,0.08571428571428572,0.45794526710244765,0.18836251228682163,0.0009665624786521364,957.2514472871494,438.27436430023727,0.024440403706433588,Kristian,REC_20260514_175445.csv
right,141,loose,160.704,1.103999999999985,0.0,16984.0,1.1128158432927715,29854.658229495777,1069.1964285714284,0.46118332668959977,0.3295423774708909,0.5231519090170593,0.23848310855922017,0.361363332888236,0.6599538106227031,3693.0,2139.714285714286,-12.5,493.37857142857143,0.2305815195620243,0.0,-0.9710144927536232,-0.9710144927536232,0.7742121480848696,-0.9577857578991682,9049694.648129405,8081747.0,1594358.0,3747047.0,4095517.5356869227,1421405.4572176456,1376376.9827151655,0.05831219121378021,0.08911069568700761,0.04347042328748832,0.06856723194017893,0.06050874616103618,0.0703965816530912,0.14742956335959406,0.1275403925757778,0.07278007744692215,0.11333956469488582,0.11094271598344237,0.037601815996795296,3.9767146191597504,0.14942900637300724,0.4951206906196412,0.057971014492753624,0.4550935990082886,0.21245568724291053,0.0016960168680226716,514.842694422296,286.24309064513943,0.024440403706433588,Kristian,REC_20260514_175445.csv
right,142,loose,161.824,1.167999999999978,1.0,16123.0,1.0275630407806366,29269.268286036808,796.1309523809524,0.3434002502142462,0.36185383244206776,0.5739750445632799,0.24470956265717972,0.35049377415199656,0.6981851910178041,3366.0,2203.108108108108,-22.099999999999994,522.9932432432432,0.23738882414279583,0.6712328767123288,0.0,0.6712328767123288,0.6326374911249085,-1.1442972508318539,9466821.246170966,8158716.0,2342057.0,4191757.0,3985847.00928601,1445375.9392060773,1434630.4443951899,0.0557750107342207,0.07904066736183525,0.0403852051769613,0.06683432497086426,0.053254002330859355,0.07556277985646814,0.14608967674661108,0.1275961479482304,0.07580199963196958,0.1201803349076857,0.11711341470894927,0.042366435625345034,3.958088891303694,0.1560977384670001,0.5110629594070296,0.0547945205479452,0.44167713960351973,0.17820902449791215,0.0011427884109244406,463.28644846719106,201.03472724267948,0.03330665599145598,Kristian,REC_20260514_175445.csv
right,143,loose,163.008,1.1199999999999761,0.014285714285714285,17654.0,1.1791565839235851,29960.594036166905,1609.375,0.6941820011340323,0.37066103229701175,0.552369453667371,0.2669558309093938,0.3245857946464038,0.8224507520417986,3313.0,2198.3380281690143,-0.7999999999999972,570.0211267605633,0.2592963954844248,1.0,-0.927536231884058,0.07246376811594202,0.5285396670837829,-1.336914819103079,9392327.53736623,8308988.0,2118480.0,3832568.0,4025357.000992535,1425381.9206192312,1445321.7684814555,0.05794390128265911,0.07490293563639625,0.04018400584308248,0.061205007624197526,0.04946118066144718,0.06768877897515407,0.14974180238592535,0.13842723696518497,0.07132789174920874,0.12403736497482092,0.1285285939442088,0.03655129995771453,4.0634538867637495,0.17496275569595376,0.507208543216975,0.05714285714285714,0.44353348505961204,0.22097507734915825,0.0009013190291184293,767.4831159923609,413.8686434738989,0.03330665599145598,Kristian,REC_20260514_175445.csv
right,144,loose,164.144,1.1200000000000045,0.0,19880.0,1.3995662684671533,31052.912037359718,906.25,0.3908986025803289,0.33668486067222064,0.5308819304797472,0.23765990288239228,0.3574471186014004,0.6648812943631557,3481.0,2126.0704225352115,1.7999999999999972,488.8732394366197,0.22994216666335432,0.0,-0.2,-0.2,0.6991726646357808,-1.153399384660827,9164998.924134906,8274780.0,1578475.0,3610213.0,4166790.05151725,1378582.6402170076,1321482.2618483363,0.056905883366125426,0.07952911872064444,0.03575332392630721,0.07232810647163648,0.053891660207617036,0.07145365052235492,0.15289729779862338,0.12665036998761187,0.08024458267914752,0.12068154566713701,0.11100953289478041,0.038654927758014185,4.015665927839255,0.16088959947628179,0.5152977791199908,0.05714285714285714,0.45558108462400365,0.19125295912594617,0.0013936119259555185,1889.1835097028934,441.1871959575537,0.027712812921095356,Kristian,REC_20260514_175445.csv
right,145,loose,165.28,1.1519999999999868,1.0,18090.0,1.22232757334901,28871.937811653723,513.8888888888889,0.22165897770838572,0.3475136533486634,0.5415349238286864,0.2376116042876512,0.35236255724116755,0.6743384034550182,3479.0,2141.8630136986303,0.0,492.6986301369863,0.23003274578525926,0.6666666666666666,0.0,0.6666666666666666,0.6091680797546165,-1.2085304478371972,8969294.247448625,8036543.0,1959655.0,3467271.0,4080180.4980903347,1339112.0836748097,1285426.1525986867,0.05718360664125457,0.0802335695464197,0.03839315408426922,0.07116452198828313,0.05116528946762516,0.07260994141574356,0.15316968968251937,0.1258090511397068,0.077189234823096,0.12051344367980762,0.11180255314794442,0.040765944383330345,3.5983290662739718,0.14044737177680278,0.49010194541023866,0.05555555555555555,0.441512721003691,0.18271730254962013,0.0007083023168067634,1179.6377975180942,555.0408133303781,0.01847520861406665,Kristian,REC_20260514_175445.csv
right,146,loose,166.448,1.1200000000000045,0.0,17401.0,1.1541055281331436,30859.407026059333,512.5,0.22105989939025494,0.353061822443598,0.5564019923820686,0.23964463292379334,0.3603728133450536,0.6649908762513087,3413.0,2099.0,9.799999999999997,486.6901408450704,0.23186762308007167,0.0,-1.3142857142857143,-1.3142857142857143,0.6647368594044236,-1.1182402541725345,9287102.7697101,8276002.0,1714087.0,3849672.0,4190234.068258589,1335913.6873759306,1459696.0236880572,0.05419079508015218,0.07467003066517255,0.0349596387280328,0.07597179072529507,0.05441893859584376,0.07440162652906482,0.15606358493984393,0.13171261969146944,0.08091042682967745,0.11680948003408732,0.1079320132323239,0.037959054949036765,4.003601611865906,0.1447392485328034,0.4928763865667998,0.05714285714285714,0.4867560003260566,0.19081340238194547,0.0012167151307067871,1279.600328227532,226.93179335969455,0.018475208614058464,Kristian,REC_20260514_175445.csv
right,147,loose,167.584,1.1359999999999957,1.0,19746.0,1.3862981203409908,31155.545284908752,808.0357142857142,0.34853520722679565,0.34549735138316656,0.5470865214832255,0.23687126661377358,0.3534807781835826,0.670110742175736,3398.0,2118.1805555555557,13.099999999999994,485.71527777777777,0.22930777855733103,0.5774647887323944,0.0,0.5774647887323944,0.6963132722152933,-1.1513625820603988,9221748.189897673,8258898.0,2193006.0,3467271.0,4116360.8033525036,1366185.958228595,1361547.8247623174,0.05814083103292264,0.077628205548525,0.03667980250345881,0.07279570386010006,0.04933479335645765,0.07406120294539995,0.15506625838475105,0.12738920326013545,0.07966087247309994,0.11877331829596942,0.10948206335363814,0.040987744985541835,4.001476185476914,0.1493058183821967,0.4902028011958052,0.056338028169014086,0.4720428701325843,0.2097807913427521,0.0015606211856078413,1205.2718918706028,170.22810300776547,0.015999999999991896,Kristian,REC_20260514_175445.csv
right,148,loose,168.736,1.136000000000024,0.014084507042253521,19550.0,1.366890978305708,31627.032361573223,741.6666666666667,0.31990782188183237,0.32975797579757976,0.5118261826182618,0.2265882034806235,0.36226556011254396,0.6254754203240851,3636.0,2157.1805555555557,0.29999999999999716,472.8541666666667,0.21920008756285533,3.0,-1.4285714285714286,1.5714285714285714,0.6770637104196192,-1.1029585971969804,9524599.335386816,8571661.0,1949881.0,3666413.0,4147463.7755467286,1281156.3806739314,1371466.833002517,0.05772710005987754,0.07251620878590237,0.0345293818448721,0.08028741219570298,0.04835272378426057,0.08024234307899328,0.1601885176767514,0.12437788522827506,0.0808668722676848,0.11616886754186599,0.10221031825234841,0.042532369283465425,3.7035799960550673,0.14937582705648414,0.49135393763345936,0.056338028169014086,0.43333474485452267,0.1808801063514156,0.0012145508890210853,1301.0023059164841,155.06104712409754,0.009237604307038438,Kristian,REC_20260514_175445.csv
right,149,loose,169.888,1.1519999999999868,1.0,18358.0,1.2488638696013352,31395.761465522697,1072.9166666666665,0.46278800075602144,0.33204633204633205,0.5714285714285714,0.2311528364048183,0.3566096983424277,0.648195597256454,3367.0,2128.876712328767,-2.9000000000000057,476.90410958904107,0.22401678163286318,0.25,0.0,0.25,0.5517605340478507,-1.3395839275680672,9351944.151272397,8366410.0,1760513.0,3789807.0,3963742.6117703244,1246020.1775388394,1475626.160157313,0.06033794914032739,0.07832930093688871,0.03963116441882014,0.0733681663749614,0.0503384639143416,0.07628950890559044,0.1543356841346649,0.12459461546381138,0.07828425821064554,0.118899927931638,0.1065582209410069,0.039032739627303616,3.4778402603663174,0.11980590608350615,0.46935852036935244,0.05555555555555555,0.41043585985803016,0.14332474692405417,0.0011638545725413134,751.2017039384356,175.2585385062561,0.00923760430702206,Kristian,REC_20260514_175445.csv
right,150,loose,171.056,1.0879999999999939,1.0,20899.0,1.5004636038444652,31709.160726830978,1083.3333333333335,0.46728108814200237,0.35597259457849273,0.5543640154900209,0.22871866821358228,0.3613576882605294,0.6329425819449773,3357.0,2148.5797101449275,22.599999999999994,474.72463768115944,0.22094811537112485,1.2647058823529411,0.0,1.2647058823529411,0.826806601812812,-0.870581474893239,9079110.760015046,8222246.0,1731192.0,3439171.0,4092223.616477369,1406152.0604336418,1241047.0309713015,0.05811051452931495,0.0734425167957262,0.03554083587405229,0.07737501011790734,0.049415859482502766,0.07842727248199012,0.15591695221649624,0.1238836575560532,0.08269702938240293,0.11966111755659282,0.10483501065752907,0.04069422334943205,4.531403481042441,0.2106475968679875,0.5456315638930841,0.058823529411764705,0.4364431584434554,0.22416549247071085,0.0015659642259226415,1271.3081189598938,194.32411951665952,0.033306655991460495,Kristian,REC_20260514_175445.csv
right,151,loose,172.16,1.1040000000000134,0.014492753623188406,16003.0,1.0156811170855655,32324.054123825495,989.5833333333333,0.42684330166817513,0.3188553909044456,0.4793050587634134,0.22200062131096612,0.3630630630630631,0.6114657311535414,3914.0,2299.285714285714,7.799999999999997,493.8142857142857,0.21476856166511338,26.0,-2.088235294117647,23.91176470588235,0.7757019949519841,-0.9367420903216339,9477796.78001243,8611978.0,891863.0,3855781.0,3773697.3042374887,1362407.9414655794,1291162.567913747,0.0633923578751165,0.08334265299782542,0.05530288909599255,0.07099720410065237,0.04938179558869214,0.07796210003106556,0.1489779434607021,0.12255980118049084,0.0813793103448276,0.10980428704566636,0.09944082013047531,0.03745883814849332,3.9925574945307383,0.16344057771691273,0.49887092957292944,0.057971014492753624,0.38103639303819026,0.22184646111510017,0.0034555677675137623,2448.5887772347587,51.38419648245316,0.033306655991451384,Kristian,REC_20260514_175445.csv
left,24,loose,29.12,1.1199999999999974,0.0,18966.0,1.3090656163230288,33632.01058515533,1593.75,0.687442370055061,0.27067430025445294,0.36211832061068705,0.20253799990050603,0.4098788435186483,0.4941411422010428,6288.0,3114.3521126760565,2.5,608.056338028169,0.1952432852898213,0.0,-2.5428571428571427,-2.5428571428571427,1.1603345191236338,-0.28952279935645864,10536025.044027846,8199033.0,3461162.0,5639507.0,3962740.2621079334,1310556.8613507433,1513371.731643547,0.05057457748994885,0.07355315463619137,0.05939788077912798,0.08701649338139192,0.07558373545466468,0.08754562023163998,0.12779544046418442,0.10537764733017063,0.08617983981476038,0.10328375218773601,0.09716035257033542,0.04653150565984831,5.165703663457656,0.2597805688062907,0.5972620372605504,0.08571428571428572,0.445055717527306,0.2509584304793302,0.001457428611598087,1590.1878295765337,318.52907989630125,0.018475208614065965,Kristian,REC_20260514_175445.csv
left,25,loose,30.256,1.088000000000001,1.0,19277.0,1.3398596018994213,35804.11377202346,840.2777777777778,0.3624423824691172,0.3390223345975558,0.3775811209439528,0.23061840949033394,0.33182666959578205,0.694996607026797,4746.0,2638.840579710145,-13.599999999999994,585.7536231884058,0.2219738576449912,1.0294117647058822,0.0,1.0294117647058822,1.0911360886699257,-0.38898373509164585,10317559.14679441,8934514.0,2427578.0,4553389.0,4249185.10870876,1323763.92449796,1615887.6271429523,0.06038005272407733,0.07048000878734623,0.06415861159929702,0.06843695079086115,0.05102152899824253,0.0694749560632689,0.14098747803163444,0.11221441124780315,0.07241322495606327,0.12860830404217924,0.11840399824253074,0.04342047451669596,3.8633253626585167,0.1412326255154164,0.46964518132110045,0.08823529411764706,0.45844348414761665,0.20593273002449422,0.0014908879833381995,1531.8290809791167,378.8108645742244,0.018475208614065965,Kristian,REC_20260514_175445.csv
left,26,loose,31.36,1.1039999999999992,0.0,19578.0,1.3696634271678911,32496.175067229065,1208.3333333333333,0.5211981367737718,0.3521034180543383,0.4154250657318142,0.2499116333955072,0.332465074798932,0.7516928914905195,4564.0,2627.042857142857,1.2999999999999972,634.4928571428571,0.24152360339980317,0.0,-1.8695652173913044,-1.8695652173913044,0.842016633483789,-0.8655402544472062,9823040.374841081,8848993.0,2535090.0,3429397.0,4116691.8957933425,1401783.5908350202,1366493.3219269824,0.05564105213357769,0.07210171132125748,0.05728874943581322,0.06891507561462373,0.05385196826415361,0.0689531412288668,0.13920051334199782,0.12724247252478343,0.0686431783700304,0.12385463285715063,0.12266916087072374,0.04163834403702153,3.877782932956741,0.1430907562428118,0.4757506410239362,0.057971014492753624,0.46918017495081904,0.21549826775165767,0.0010045574724145284,306.01361625477267,376.7694451032032,0.015999999999998207,Kristian,REC_20260514_175445.csv
left,27,loose,32.48,1.1200000000000045,0.0,19081.0,1.3204524598641385,33494.47414126695,3000.0,1.2940091671624678,0.3297942932979429,0.41362530413625304,0.24382386289302688,0.33794862849417817,0.7214820310979543,4521.0,2583.774647887324,22.799999999999997,609.0492957746479,0.23572074920413413,0.0,-0.12857142857142856,-0.12857142857142856,0.7037582659349217,-1.1069844059968357,10279723.490312228,9126326.0,2602285.0,3951076.0,4135859.6759346616,1394498.8714555004,1507124.2411485957,0.05712245431948018,0.06897867515590249,0.05728053726396581,0.07582530199293532,0.05441323971915747,0.06930574331690724,0.14186036369979502,0.12633007718808598,0.06942566830927564,0.12287950808948583,0.11749378570494091,0.03908464524006803,3.79389244807279,0.1410780828073792,0.47651766134081613,0.11428571428571428,0.45932652037367105,0.19916190792300292,0.0013370091700596466,250.34176639144667,1155.4172704828513,0.01600000000000173,Kristian,REC_20260514_175445.csv
left,28,loose,33.616,1.1199999999999974,0.014285714285714285,19459.0,1.3578805195036123,34478.78537593806,1536.4583333333333,0.6627303894321667,0.32,0.40149732620320855,0.22589549160823633,0.3344966528125892,0.675329602579153,4675.0,2663.5774647887324,5.400000000000006,581.0774647887324,0.2181567731632772,10.0,-0.7971014492753623,9.202898550724637,0.8151039024636936,-0.9546053443349223,10188934.296206547,9139765.0,2023185.0,4023158.0,4180680.9122652826,1324662.6687753212,1489133.4890143012,0.06351195575155726,0.07049187262709265,0.07029622344194507,0.07378618187971277,0.05372420867836331,0.06951362670135475,0.1430724325010311,0.11697706145499541,0.06698076292606575,0.12352337743371722,0.1089184301532409,0.03920386645092378,3.7289116973095306,0.1447903311591583,0.4754986844657278,0.05714285714285714,0.4741805603319732,0.174392563333845,0.001237366539562987,259.5040140986704,953.9120915244142,0.009237604307034882,Kristian,REC_20260514_175445.csv
left,29,loose,34.752,1.0719999999999956,1.0,19693.0,1.3810502707090009,34401.01002877677,1890.625,0.8154953605555136,0.3434486003293343,0.4643613267466479,0.22455518520257264,0.3529646495469696,0.6361973797957827,4251.0,2506.0,4.400000000000006,541.5073529411765,0.21608433876343833,0.4925373134328358,0.0,0.4925373134328358,0.9571931788559171,-0.6872098980348276,10027294.513369147,9032253.0,2171015.0,3775147.0,4306946.44091568,1387711.6482481598,1600624.697649551,0.057784845781888174,0.06831838880803719,0.06026125534012487,0.07856438664851415,0.05256795455612413,0.0773379184075865,0.13654875357964413,0.11382094737336276,0.07617600112670767,0.12072203182949157,0.1107342378292099,0.04716327871930895,3.888187694106558,0.12965989676197673,0.47106224646814804,0.07462686567164178,0.49132972906782774,0.20412317201830502,0.001288218214148801,308.8106215789699,763.5554038479272,0.027712812921105074,Kristian,REC_20260514_175445.csv
left,30,loose,35.84,1.1039999999999992,1.0,19320.0,1.3441172912234884,34924.91215450656,1494.7916666666665,0.6447580398882435,0.341130152848541,0.43700787401574803,0.24468582831180982,0.3451858198564849,0.7088524911401667,4318.0,2534.3285714285716,25.799999999999997,599.1428571428571,0.23641088369418778,0.14492753623188406,0.0,0.14492753623188406,0.7772275335228206,-1.0320362748876934,10111256.892739547,8910080.0,2709798.0,3937637.0,4269862.819246158,1344210.3624651046,1399257.7096470206,0.05816136142004363,0.07221411137353934,0.04660011386504174,0.06951404429462861,0.05694943152032377,0.0714700427839439,0.1404091249866124,0.1238423251016048,0.07503818988404931,0.12526281968174155,0.12084350321020501,0.039694931878265866,3.831493766686003,0.1436752508105516,0.4723725449177272,0.08695652173913043,0.4779591989261179,0.21709563225812106,0.000793485585517535,188.50552600208633,217.50638560230584,0.024440403706432263,Kristian,REC_20260514_175445.csv
left,31,loose,36.96,1.1039999999999992,0.0,19995.0,1.4109531120082632,34523.912350717146,1312.5,0.5661290106335797,0.34294350151127645,0.4343176005580098,0.24809836347482156,0.3323378521681809,0.7465245437915716,4301.0,2492.214285714286,19.599999999999994,597.8571428571429,0.23988994296523458,0.0,-1.2463768115942029,-1.2463768115942029,0.7449826097195111,-1.0580673778757357,9925799.604701478,8845328.0,2353052.0,3839898.0,4163754.766531442,1406564.885787917,1590666.2302688824,0.054776303344702064,0.06561004270442233,0.05440371442492333,0.0656501676650139,0.05372732223209424,0.0729357140809951,0.14258118139348255,0.12713880370296063,0.07441460548565533,0.12671462554813562,0.12095955977186093,0.04108795964575392,3.8931227018465813,0.13638978551096748,0.47512783937047326,0.057971014492753624,0.5106266980704669,0.20297133074118132,0.0004816020452079637,338.12177293591066,295.5624003880557,0.018475208614069986,Kristian,REC_20260514_175445.csv
left,32,loose,38.08,1.088000000000001,1.0,19157.0,1.3279776782043502,33589.44544049515,1140.625,0.4919930687648967,0.35498241500586164,0.4070339976553341,0.2577820955084613,0.3188230434959657,0.8085428602697554,4265.0,2491.31884057971,12.0,621.1231884057971,0.2493150127108045,1.7205882352941178,0.0,1.7205882352941178,0.7413350633925462,-1.0257732989663646,9777832.322407354,8703607.0,1982868.0,3990171.0,4151263.4258567407,1228945.7779513004,1554400.580734818,0.06127364006026725,0.06481637686808105,0.055078213622957395,0.06880704591596326,0.05183215920791619,0.06297229219143577,0.14604917946957843,0.13321621165670938,0.07039516931256945,0.12557227706645105,0.12456588385175188,0.03542155077631893,3.885561798517989,0.1521984648139849,0.4838276030068819,0.058823529411764705,0.44347598046826986,0.22347715133821522,0.0009107031926020017,444.30432513461284,177.1088625388807,0.009237604307032849,Kristian,REC_20260514_175445.csv
left,33,loose,39.184,1.1039999999999992,0.014492753623188406,17875.0,1.2010391267286742,34919.02266673568,1164.0625,0.5021025153833535,0.34348218313035633,0.41136671177266576,0.2527294738545136,0.3196929376781759,0.7905381823248755,4434.0,2560.6714285714284,12.900000000000006,626.1642857142857,0.24453128922659795,1.0,-1.5588235294117647,-0.5588235294117647,0.8241099551004677,-0.8394717196753141,10086653.825236445,9032253.0,2561968.0,3687182.0,4221016.652052214,1304269.4635683761,1595334.8175047091,0.05924785352056102,0.06784492906436371,0.057373345160588465,0.06542926799332766,0.04977489162998544,0.06589789508332078,0.14438177486931442,0.13086969377451227,0.07074595390717836,0.12548048223959118,0.12185978008000135,0.04109413267725541,3.625668159551958,0.1351639458881401,0.4656211608111409,0.057971014492753624,0.4505828755873766,0.1787412267590113,0.0009873680698375899,1067.7209373239762,93.20588629257688,0.009237604307032849,Kristian,REC_20260514_175445.csv
left,34,loose,40.304,1.088000000000001,1.0,21292.0,1.539376903945823,35935.24033591538,2440.104166666667,1.0525057201660004,0.3363914373088685,0.43095742178310986,0.2534031534923596,0.33182339515970205,0.7636687382156852,4251.0,2501.942028985507,26.700000000000003,613.3478260869565,0.2451486960853598,0.14705882352941177,0.0,0.14705882352941177,0.8048406381437508,-0.8605903968311304,10265459.235131277,9068905.0,2588846.0,4053701.0,4262267.7940316945,1360335.1634542977,1590248.5336581336,0.05452575969971153,0.06473232387594564,0.0580476615266981,0.06509725778236038,0.05122397673691162,0.07303891469814752,0.13865750663252896,0.13256948225726103,0.07773092206633689,0.12030075187969926,0.12083367123509854,0.04324177160930061,3.6529703000101663,0.13262645098639264,0.46984116443192586,0.058823529411764705,0.4623804289284253,0.18608373259929617,0.000772631702281465,1726.1536239087543,743.5811719954091,0.009237604307032849,Kristian,REC_20260514_175445.csv
left,35,loose,41.408,1.088000000000001,0.0,17879.0,1.2014351908518432,33062.031788745226,1918.75,0.8276266964976617,0.340571158838801,0.43450554637715366,0.2526323073197172,0.331739917657506,0.7615372581729407,4237.0,2513.3623188405795,6.0,614.7971014492754,0.24461141031703015,0.0,-1.5294117647058822,-1.5294117647058822,0.8118866761321223,-0.8160803407848389,9975822.7441177,8401840.0,3226590.0,4302934.0,4039920.5757567193,1492235.0948644083,1638285.6836339138,0.05825673789945913,0.06946062206640449,0.0602172734716472,0.06894165676788414,0.05356875136949176,0.07174406937989414,0.13567482787650934,0.13060626679429369,0.06802481807383147,0.12203757308761289,0.12202604052542355,0.0394413626875483,3.8948485756303133,0.14610897165778863,0.4813916106764155,0.08823529411764706,0.430661505337081,0.17460273546349736,0.0010428200988506964,1971.652183660527,641.5665365372474,0.009237604307032849,Kristian,REC_20260514_175445.csv
left,36,loose,42.512,1.1039999999999992,0.014492753623188406,18540.0,1.2668847872055264,32947.91911486976,1943.75,0.8384101062240157,0.33390369102908823,0.43730139330237106,0.2539974685602146,0.3382200959160212,0.7509827820017413,4091.0,2460.4857142857145,25.400000000000006,605.5785714285714,0.246121555558136,5.0,-0.20588235294117646,4.794117647058823,0.7713082003278182,-0.8969878204261836,9501504.841243306,8599760.0,2260201.0,3348763.0,4126740.0262115854,1254579.5628961679,1367707.9155735166,0.05515751826004157,0.06432527840031585,0.05732317660856741,0.06832564998780728,0.0529512175296399,0.07326660241299626,0.1368312876667789,0.13316186118884774,0.0793513475852619,0.11687007211119756,0.12083560737136684,0.04160038087717872,3.9144130769397005,0.14927667771414704,0.4826118153373876,0.057971014492753624,0.4668770672771537,0.2137184888829295,0.0010469126245219883,1810.110217638692,294.05289373060657,0.009237604307032849,Kristian,REC_20260514_175445.csv
left,37,loose,43.632,1.0399999999999991,1.0,19569.0,1.368772282890761,36901.73299453564,4213.541666666667,1.8174538476292303,0.32581919590983033,0.4757146177085754,0.23466688806917244,0.37600668951856814,0.6241029604270903,4303.0,2554.878787878788,17.599999999999994,578.5984848484849,0.2264680765261947,0.6,0.0,0.6,1.0968863106266045,-0.11093590937597053,9993530.877333246,9315694.0,2359161.0,2742784.0,4312099.658745121,1316432.00082824,1427282.9513238291,0.05484456358007852,0.07806810499223114,0.059144121170428526,0.06767800168424049,0.06720356774323634,0.07863149529717356,0.12869020649737284,0.12312746853909928,0.08442551980168661,0.10394847647400694,0.11153941953007318,0.04269905469037255,4.065607662378239,0.1376254699717946,0.4894861462992037,0.06153846153846154,0.4792992215513933,0.19933834279180399,0.003324443869558616,851.651532807477,1317.740996520954,0.033306655991458364,Kristian,REC_20260514_175445.csv
left,38,loose,44.688,1.088000000000001,0.0,17209.0,1.1350944502210298,34704.792781401244,2562.5,1.1052994969512746,0.3186036235086169,0.4202386212991604,0.23317667476166348,0.35386201233467857,0.6589480267264827,4526.0,2488.5652173913045,17.799999999999997,560.268115942029,0.22513700345347706,0.0,-1.8088235294117647,-1.8088235294117647,1.1147621036497752,-0.2391124872565742,10034304.765987577,8395731.0,3286454.0,4404338.0,3978878.3503535134,1456838.796938613,1446852.6621331,0.06008351241329909,0.07078172044889378,0.06113760912230433,0.06976838991095503,0.05768995579782308,0.07710630070292526,0.1341556452411319,0.12177437671436307,0.07851564547408145,0.11200214313585036,0.1114022980473004,0.045582402991072205,3.706900343242292,0.14514218833717638,0.4731814064862642,0.08823529411764706,0.453651050078262,0.2733875313562371,0.00296305584571546,1183.216097478953,1173.36725975849,0.033306655991458364,Kristian,REC_20260514_175445.csv
left,39,loose,45.792,1.1199999999999974,0.9857142857142858,20411.0,1.4521437808178428,37368.92571375313,1906.25,0.8222349916344849,0.3451519536903039,0.4833574529667149,0.24354302360733227,0.34952592959023826,0.6967809910199639,4146.0,2562.4647887323945,-56.099999999999994,604.5845070422536,0.23593865941132822,1.3768115942028984,0.0,1.3768115942028984,0.9477697236944416,-0.6534513769916837,10894016.624915028,9334020.0,3469714.0,4417777.0,4199426.8590328,1682971.3429421831,1633090.7898474794,0.054299612498969405,0.06529254953692253,0.05397532085634979,0.07371313930799461,0.05663561161953445,0.0782862011157831,0.1403688130376233,0.1264187759364608,0.07559842801000358,0.1178882567950092,0.11712424767087146,0.040399043614477693,3.927285666804095,0.14078047265186028,0.4637830117316427,0.08571428571428572,0.4946792763545794,0.19841082185236406,0.000863893431818397,1659.887948025405,1188.8508094401423,0.04026578365477661,Kristian,REC_20260514_175445.csv
left,40,loose,46.928,1.088000000000001,0.029411764705882353,20765.0,1.4871954557183025,38762.40071254617,1312.5,0.5661290106335797,0.3420180009474183,0.46565608716248225,0.2528985871306639,0.331982427053852,0.7617830539245588,4222.0,2596.217391304348,-19.5,635.9565217391304,0.2449550349170197,7.0,-0.42424242424242425,6.575757575757576,0.7597912086694794,-1.109621036973177,10361342.382614378,9241169.0,1700648.0,4366464.0,4017487.1787716667,854883.2175545191,1437115.2975030001,0.053383127068924126,0.06751182042994547,0.05683854437057257,0.06646793830489173,0.057257213672064704,0.07071603615069862,0.14125902232344714,0.12807373045512144,0.07002941849625151,0.12492533730790055,0.12482485667554245,0.038712954744639635,4.397616299616314,0.2605252061823444,0.5745485091196656,0.08823529411764706,0.3707048738381668,0.20307196813319414,0.0036394272233312808,1958.8796117508912,625.2603624357893,0.018475208614065937,Kristian,REC_20260514_175445.csv
left,66,loose,75.984,1.0720000000000027,0.0,18387.0,1.2517353344943107,37527.817709000876,802.0833333333333,0.3459677287205209,0.312654145323468,0.36748245114778977,0.22801214026813396,0.3460358530940216,0.6589263460105566,5271.0,2694.0,27.799999999999997,591.7867647058823,0.21966843530285163,0.0,-3.5671641791044775,-3.5671641791044775,0.9361510120256825,-0.7064217706796936,10139686.220905753,9114109.0,2050063.0,3942524.0,4190494.889927652,1618237.1594717165,1650004.47469084,0.06045023800165946,0.07534171797895105,0.06119808725271846,0.07107297261889166,0.05494781431503559,0.07104022009694747,0.13912179571160313,0.11639154548233548,0.07363312808419582,0.12507096379754573,0.1116205947857985,0.040110921874317654,4.086769881939358,0.15693825424414412,0.49051938745623364,0.08955223880597014,0.42732590232192624,0.24142992199817756,0.0008399767393240068,733.1657384248007,159.92325814393914,0.03200000000000364,Kristian,REC_20260514_175445.csv
left,67,loose,77.072,1.1039999999999992,0.0,18631.0,1.275895246007622,33148.436147124645,661.4583333333334,0.28531104900978027,0.31429846085210794,0.41088556770020074,0.22280941793512343,0.3513140641924634,0.6342171881078087,4483.0,2505.8571428571427,15.299999999999997,538.6,0.21493643463884615,0.0,-0.8115942028985508,-0.8115942028985508,1.030547428608911,-0.5602641853677506,9983843.030437628,8767137.0,2118480.0,4280943.0,4203759.818223535,1422792.804906235,1648414.259622882,0.0621743344165099,0.07549740607719059,0.06463713585314407,0.07219656804059062,0.059722934838378657,0.07007582235904453,0.13854968359842657,0.11338008095319538,0.073821332877259,0.12011857932843055,0.10942933698192807,0.04039678467590217,3.965654451704543,0.15855391046518869,0.4942840307742992,0.057971014492753624,0.44131277525793783,0.20466113926000684,0.0015136523778732356,399.00543020529966,181.0972776116084,0.03200000000000364,Kristian,REC_20260514_175445.csv
left,68,loose,78.192,1.1040000000000134,0.014492753623188406,18076.0,1.2209413489179184,33670.333618780794,725.6944444444445,0.31301842122332846,0.3338224504768892,0.44925409635607727,0.2382121180470935,0.34079541366384664,0.6989886263016936,4089.0,2461.9714285714285,-6.599999999999994,567.0857142857143,0.23033805660968562,4.0,-0.17647058823529413,3.823529411764706,0.788681589813819,-1.0047577501846026,9570030.81816412,8577769.0,2284635.0,3576005.0,4104308.2473010486,1472849.120722669,1586562.9333951997,0.058512922280634566,0.07069827896343232,0.05773538047325604,0.06870800403857535,0.05366779236152213,0.07014123408650443,0.14269632930636306,0.12163306989752695,0.0775801042138124,0.12072787197251914,0.11657904814956656,0.04131996425628706,3.767250772165082,0.14469038595472244,0.4769854587452376,0.057971014492753624,0.4659737681401685,0.20175898361758973,0.0007633542975407034,278.1732074325566,70.39996560294418,0.018475208614070152,Kristian,REC_20260514_175445.csv
left,69,loose,79.312,1.088000000000008,1.0,20263.0,1.4374894082605885,35902.42618542652,789.5833333333333,0.340576023857344,0.35176531671858774,0.5129802699896158,0.22529731536014994,0.34286890675068477,0.657094623991971,3852.0,2428.7391304347825,-2.5999999999999943,527.6014492753624,0.21723265486356017,0.10294117647058823,0.0,0.10294117647058823,0.8956225885395318,-0.8578962732101689,10220912.015998572,8901528.0,2381152.0,4422664.0,4314673.027974804,1400670.5096650452,1558212.19311907,0.06109211554871318,0.06536462529015474,0.04967090934044623,0.07820602328398465,0.055184595096161304,0.07136762082072765,0.14857115578549138,0.11440301223871158,0.0727460422596564,0.13160642785962778,0.11089430312143833,0.040893169354886835,3.854478367460197,0.1456654377648644,0.4858854329915227,0.08823529411764706,0.4659638883529459,0.17941198683561044,0.0011637937064063397,1136.8390387385466,64.06257841510926,0.009237604307033184,Kristian,REC_20260514_175445.csv
left,70,loose,80.416,1.1200000000000045,0.014285714285714285,19234.0,1.3356019125753542,33682.13790720535,527.7777777777778,0.22764976088969346,0.34437420986093553,0.4890012642225032,0.2384685728930645,0.3405229405357548,0.7003010502540159,3955.0,2418.0704225352115,18.900000000000006,557.556338028169,0.23057903228624846,1.0,-0.2028985507246377,0.7971014492753623,0.9205383837679848,-0.7356040241353399,10101641.421098405,8797681.0,2515543.0,4279721.0,4180315.6505709956,1332544.1066670718,1529489.2624581298,0.05802554708386968,0.06552774590378779,0.05045927669017899,0.07137573318266806,0.056272315837910564,0.07199897485481964,0.14359604620142935,0.12025069459410657,0.07534817075656879,0.12708305423367483,0.11821787829895795,0.04184456236202769,3.8012995692350753,0.14439946875857834,0.4833611101531222,0.08571428571428572,0.479924592401867,0.1764289533154833,0.0013601219296466675,1094.1339040537875,136.5008827735013,0.015999999999998318,Kristian,REC_20260514_175445.csv
left,71,loose,81.552,1.1039999999999992,1.0,19368.0,1.3488700607015167,35097.74444319749,869.7916666666667,0.37517279672939613,0.33243771372740594,0.4560332193453835,0.2302417148430995,0.3379071205957224,0.6813757414667823,4094.0,2401.885714285714,-0.7000000000000028,533.6357142857142,0.22217364927556918,0.13043478260869565,0.0,0.13043478260869565,0.9343918824576813,-0.6318454143964143,9880521.876321867,8434827.0,2415361.0,4543615.0,4193762.9486128944,1379788.2236914504,1573747.3746590323,0.06168367711084148,0.06276021221421264,0.05809720933552209,0.07445935336521306,0.04756381890419433,0.07414412485428117,0.14661099612209458,0.12061356553184403,0.07897961125782124,0.1216901006352152,0.10962814931125543,0.04376918135750482,3.7730495471123713,0.14307119887252276,0.4750887997363263,0.08695652173913043,0.4439053186434918,0.19665103863925576,0.0011789962749962015,559.4375151286481,178.86169044300766,0.015999999999998318,Kristian,REC_20260514_175445.csv
left,72,loose,82.672,1.088000000000008,0.0,18382.0,1.2512402543403496,33743.279819839685,1057.2916666666665,0.45604836967705026,0.31374825824431024,0.4563399907106363,0.21455091423317307,0.36805014024837346,0.5829393627948419,4306.0,2490.4057971014495,2.0,514.9202898550725,0.20676160104284266,0.0,-0.36764705882352944,-0.36764705882352944,1.0022207110516146,-0.5909572232239197,9488233.519873392,8400618.0,2111150.0,3872885.0,4031302.027215987,1497584.912411552,1576575.1909200998,0.05930585784285198,0.07477391496642186,0.061703464891351145,0.0803838499051432,0.06226213061138979,0.07580977432232684,0.13865966782667394,0.11028410479637799,0.07482047044309174,0.11625484467929097,0.10426680943679512,0.041475110278285356,3.972300231381853,0.1532461110589826,0.4937665567117075,0.058823529411764705,0.4743892990018851,0.22952494077575716,0.0013286226205264516,534.798404385538,268.48796022638567,0.015999999999998318,Kristian,REC_20260514_175445.csv
left,73,loose,83.776,1.1200000000000045,0.014285714285714285,20186.0,1.4298651738895847,34213.93403278846,1119.7916666666665,0.483006893992935,0.3339980059820538,0.5047357926221336,0.2184795308370294,0.3543167303787561,0.6166221126595736,4012.0,2483.2957746478874,-3.0999999999999943,523.9788732394367,0.21100139523804123,1.0,-0.6086956521739131,0.3913043478260869,0.8815310532562806,-0.8839144307501412,10435260.90814729,8732929.0,3428175.0,4569271.0,4258929.077752276,1517484.3999876154,1637275.8169662762,0.05877014871195707,0.05965493381126853,0.05786267681522738,0.07699899043751489,0.04919632020145876,0.08164411220890003,0.1438569824290754,0.11309368512993864,0.08682237371961386,0.12104540762503262,0.10538584570709077,0.045668523202922064,3.712726810150433,0.1403655698517312,0.4722798450608581,0.05714285714285714,0.47136889917161845,0.1726494499470859,0.0012483325446015826,903.3028285132203,130.10412496664287,0.015999999999998318,Kristian,REC_20260514_175445.csv
left,74,loose,84.912,1.0879999999999939,1.0,20713.0,1.482046622117105,35486.13003695951,453.125,0.19544930129016444,0.33375125376128384,0.458876629889669,0.2169685564180977,0.3505298904028615,0.6189730529641272,3988.0,2402.7391304347825,1.0,502.15942028985506,0.20899456538129793,0.2647058823529412,0.0,0.2647058823529412,0.9030286764846128,-0.8141125209286004,10386568.699644845,8761029.0,3371976.0,4444655.0,4348831.003802256,1522138.4512717826,1728333.9974675027,0.06232017805765159,0.06350240365766124,0.06228398747805946,0.07524624673530814,0.053157929657576805,0.07671196520878949,0.14561882875220913,0.11161777922540096,0.08191134514352581,0.12068351941323008,0.10535077719269674,0.041595039477890575,3.756155258748949,0.14082315954156666,0.4815082391193584,0.08823529411764706,0.4625754589093119,0.1624791274866807,0.0015690003621731585,1222.4092331675668,368.1865594947691,0.01847520861407018,Kristian,REC_20260514_175445.csv
left,75,loose,86.016,1.1039999999999992,0.0,20263.0,1.4374894082605885,34961.432607946714,1213.5416666666665,0.5234446804667622,0.33157365510306686,0.47762694821518353,0.21578691259616273,0.3560628881267958,0.6060359554210946,3978.0,2466.057142857143,5.599999999999994,513.5714285714286,0.20825609416998794,0.0,-0.5507246376811594,-0.5507246376811594,1.002142200058634,-0.570787427676442,9984101.963450143,8763472.0,2576629.0,4030488.0,4236431.349142303,1448358.9399298432,1685189.134544983,0.05822481230883307,0.06215821670219668,0.07050583928074891,0.07475206228566132,0.05331240152006673,0.08242191120585782,0.13981833348781167,0.11050607099823895,0.08341829641301325,0.11395286866252666,0.10528084159792381,0.04564834553712114,3.6186549136714827,0.12890226716053846,0.46181158393765964,0.08695652173913043,0.4615770276817601,0.16580882074591569,0.0015117188729257267,284.651248606641,414.62171793272483,0.016000000000005427,Kristian,REC_20260514_175445.csv
left,76,loose,87.136,1.1200000000000045,0.0,18473.0,1.2602507131424452,33596.34948919302,1473.9583333333335,0.635771865116282,0.33152594887683967,0.4363542473534728,0.22772080984499152,0.33285725112073633,0.6841395495455432,3873.0,2416.042253521127,0.5999999999999943,532.2605633802817,0.22030267169564938,0.0,-0.32857142857142857,-0.32857142857142857,0.7171132522694562,-1.11239624826044,10130698.563036805,8891754.0,2834414.0,3941302.0,4104123.4391955254,1410962.7004035404,1548783.7445991456,0.06203837028314261,0.0627495788129813,0.06720337649164329,0.06923789925323104,0.04745859542144935,0.07427465474323623,0.14291210745078378,0.11769335253207724,0.07913652288983845,0.12419333212855385,0.11002745731291425,0.043074752680148536,3.847976642610466,0.1408184010684427,0.48934108084551836,0.05714285714285714,0.43929887588745675,0.15992988960142346,0.0011906445776237022,1184.9191252289409,530.4323773530864,0.016000000000005427,Kristian,REC_20260514_175445.csv
left,77,loose,88.272,1.1039999999999992,0.0,18492.0,1.262132017727498,32684.375303805333,692.7083333333334,0.29879031116772264,0.3249363867684478,0.47430025445292623,0.22519278954922517,0.3526832412971027,0.6385128726863704,3930.0,2348.9714285714285,-13.799999999999997,511.0642857142857,0.21756939207434256,0.0,-0.6811594202898551,-0.6811594202898551,0.8312931946868173,-0.9599956050314287,9663586.348038133,8574104.0,2466673.0,3712838.0,4064764.0034109056,1387087.1493377506,1511572.8949745682,0.06031819398156032,0.06898460116281899,0.058341644975308346,0.07357019485732358,0.058682219573308686,0.07500547352032501,0.1416911961466417,0.1171090081981171,0.07644075218332644,0.11892135159461893,0.10808378135110808,0.04285158245554285,3.7583895105905345,0.1428867043744978,0.4754017577816169,0.057971014492753624,0.45567370638312127,0.181840182919295,0.0014632856457709826,1028.0160504583498,397.79302907603096,0.009237604307037257,Kristian,REC_20260514_175445.csv
left,78,loose,89.392,1.1200000000000045,1.0,18808.0,1.293421083457852,33399.64576159454,3593.75,1.550115148163373,0.3280287474332649,0.4992299794661191,0.21912496511952376,0.3692621616593805,0.5934129945364044,3896.0,2422.760563380282,1.0999999999999943,513.112676056338,0.2117884382848107,0.45714285714285713,0.0,0.45714285714285713,0.8799159492904739,-0.8762642006274337,9601728.905176297,8399397.0,2491108.0,3929085.0,4074472.5674839523,1455184.2994712577,1545079.473634767,0.05900032555111152,0.0742547204911171,0.05691912380243698,0.07597549065203237,0.05905845967816947,0.0773881499395405,0.1405973862896475,0.11346037577899729,0.08258534089852107,0.114006836573342,0.10566458934052646,0.041089201004557714,3.856530512129568,0.1393758498129075,0.483413112254218,0.11428571428571428,0.49745168560308095,0.1868355236504141,0.001213422394798883,188.16747859283336,1501.1057604482528,0.009237604307037257,Kristian,REC_20260514_175445.csv
left,79,loose,90.528,1.1359999999999957,0.014084507042253521,19961.0,1.4075865669613263,32057.65789947856,778.2738095238094,0.3356978146954219,0.33418302319653326,0.4815192454754015,0.22869415710062363,0.3405643728969364,0.6715152121022302,3923.0,2447.652777777778,-4.299999999999997,541.6319444444445,0.22128626632090836,8.0,-0.04285714285714286,7.957142857142857,0.6970547927504354,-1.2162257639500695,10260486.105226545,8750033.0,3373197.0,4163657.0,4183035.5802468443,1455452.0998960722,1435898.3040892566,0.06072711384489675,0.061152691637680084,0.06727533748318967,0.07422644143198415,0.051023940169436705,0.07516838694667793,0.14287497659322138,0.11787937423041349,0.07899291271115752,0.11935471057872907,0.11081478287021011,0.040509331502403094,3.6172058928092916,0.1406204114258173,0.47923685901070645,0.08450704225352113,0.48730088551767936,0.14784684428421507,0.0013040573749216787,773.2211843967963,1650.7710512358635,0.015999999999998293,Kristian,REC_20260514_175445.csv
left,80,loose,91.68,1.1199999999999903,0.0,20071.0,1.4184783303484747,32844.53666898043,1177.0833333333335,0.5077188746158295,0.3419472722526755,0.5009135995823545,0.24449156773712252,0.33219180093868034,0.7359951902664406,3831.0,2397.7323943661972,0.9000000000000057,567.8450704225352,0.23682587421213702,0.0,-0.14285714285714285,-0.14285714285714285,0.5956932381186435,-1.341029559659199,9964491.928233622,8560665.0,3133738.0,4023158.0,4147220.5429210844,1283632.2329547633,1405893.0637651666,0.05868220560506112,0.062200788303502716,0.0537714624733463,0.07184605172727754,0.05458208753575855,0.06957865119038528,0.14748676860178925,0.12524744623734868,0.07398422218175624,0.1260756935837264,0.11924412149977386,0.037300501060274084,3.781595830013807,0.14632340666617527,0.483493775745566,0.05714285714285714,0.4392515996758027,0.15979639880715965,0.0012685191867121606,699.604412031055,1523.495596383379,0.009237604307033045,Kristian,REC_20260514_175445.csv
left,81,loose,92.816,1.1039999999999992,0.0,21684.0,1.5781911880163884,35677.688756420306,719.7916666666667,0.3104723383712727,0.33487654320987653,0.5146604938271605,0.23852136376068783,0.3452628699860865,0.690839891848238,3888.0,2402.6,-17.599999999999994,554.6214285714286,0.23084218287331584,0.0,-0.30434782608695654,-0.30434782608695654,0.6793369272939276,-1.1516410008472395,10550267.433331395,9181304.0,2970026.0,4265061.0,4367988.101394551,1466310.4714107777,1543122.0536239685,0.058246423517379985,0.06780749426216837,0.048863730958128695,0.07455018967547063,0.05633183099261515,0.07205884101746918,0.14333281801857511,0.12133878774185108,0.0745145140383632,0.1233604071779382,0.11718257601883675,0.0424123865812037,3.647274354145583,0.1291287593884586,0.47245319602196434,0.057971014492753624,0.4786961416991624,0.16585399922689606,0.0012862860156227242,964.5895500159565,248.8590182268977,0.015999999999998238,Kristian,REC_20260514_175445.csv
left,82,loose,93.936,1.1199999999999903,1.0,17951.0,1.2085643450688859,31399.780429168608,1101.5625,0.4751439910674687,0.3456561922365989,0.4869289675204648,0.2391344741810771,0.32782689483621547,0.7294534949618453,3787.0,2349.788732394366,14.799999999999997,543.6478873239437,0.23136032607066864,0.34285714285714286,0.0,0.34285714285714286,0.7013317061435084,-1.1566471107187195,9511034.13365366,8228354.0,2745228.0,3900985.0,4064006.869538324,1351188.539086502,1462966.8944713396,0.061935445200347654,0.06349387119009801,0.05429316390445651,0.0733778883327839,0.04922827943776786,0.06958971438846766,0.1506638295321725,0.1224443312254623,0.07213714148709803,0.12903767195132917,0.11669014295561483,0.037108520394401656,3.6471694205246417,0.12909549608615417,0.46995188635974533,0.08571428571428572,0.48213005231405487,0.18845716971820806,0.0010465912271721265,1872.2294197026138,245.1421471494237,0.009237604307028833,Kristian,REC_20260514_175445.csv
left,83,loose,95.072,1.1199999999999903,0.014285714285714285,20052.0,1.416597025763422,34800.33371966424,1072.9166666666665,0.46278800075602144,0.34031007751937986,0.4720930232558139,0.2420987907358065,0.32620267619242815,0.7421729139729158,3870.0,2405.1408450704225,2.299999999999997,563.943661971831,0.23447427751588443,11.0,-0.2753623188405797,10.72463768115942,0.6140810023583978,-1.3116396740049148,10112168.353521414,8983384.0,2408030.0,3969402.0,4254394.863388821,1338109.8277004664,1500458.558278588,0.058577577372412384,0.058032969285275085,0.05651626504260241,0.07143149942903991,0.04972330395572863,0.07033642725382835,0.1499019119843059,0.12246069159371066,0.0766784762685562,0.12774866043978567,0.11963809914209586,0.038954118232658916,3.911630991218221,0.14644905674312023,0.4805347711796453,0.05714285714285714,0.4923317430358038,0.19520153074711943,0.0010281502624877707,1871.403840258248,212.62910532050887,0.009237604307028833,Kristian,REC_20260514_175445.csv
left,84,loose,96.208,1.1359999999999957,0.0,18932.0,1.3056990712760919,33002.627334804725,1218.75,0.5256912241597526,0.3323170731707317,0.4954268292682927,0.23394968380533407,0.346118595912382,0.6759234741154398,3936.0,2424.6666666666665,2.799999999999997,549.1527777777778,0.2264858858033178,0.0,-0.14084507042253522,-0.14084507042253522,0.6730996571925144,-1.2196530390804687,9996165.58432272,8778133.0,2932153.0,3777590.0,4192823.964516506,1344948.845667435,1370784.0661568246,0.057453487306388044,0.06833127119420768,0.05654270919255797,0.0713557419118321,0.05364425808816791,0.07452341673540465,0.1427114838236642,0.11986756484281919,0.07826390798276968,0.12285766657501605,0.11408211896251488,0.040366373384657685,3.6620714954847364,0.13912859658125026,0.4743689408809761,0.08450704225352113,0.5058700316843063,0.1801042056598568,0.0012097923045616547,1051.2660621047937,77.26669726207301,0.009237604307036972,Kristian,REC_20260514_175445.csv
left,85,loose,97.36,1.1200000000000045,0.0,18080.0,1.2213374130410874,33704.18948736195,848.9583333333333,0.36618662195743445,0.3354788877445932,0.4884140061791967,0.24819832637441133,0.3334068907846064,0.7444307038466401,3884.0,2425.3661971830984,-5.0,583.7746478873239,0.24069546634456246,0.0,-0.3142857142857143,-0.3142857142857143,0.5734203423302463,-1.3226305290197973,9753307.010124361,8772024.0,1863138.0,3835011.0,4065084.0134471497,1435806.7135366444,1510646.0474347507,0.05683474544282554,0.0716081788142926,0.0499358308023763,0.0691285184174308,0.054058919518469695,0.06569067543161772,0.14626512041161202,0.12684014610832692,0.07292059860279558,0.12681111027229808,0.12135818026608441,0.03854797591187044,3.766936693199372,0.12901418864001468,0.47220122595138514,0.05714285714285714,0.5159100476018532,0.18984526026263468,0.0012825559619436542,989.0305017204071,186.26619523175157,0.009237604307032854,Kristian,REC_20260514_175445.csv
left,86,loose,98.496,1.1039999999999992,0.0,19396.0,1.3516425095637001,34671.68050441166,931.25,0.40168201230668277,0.3471320346320346,0.5408549783549783,0.23326977263894286,0.35553099494753204,0.6561165579194833,3696.0,2352.457142857143,-9.200000000000003,530.5857142857143,0.22554532646715894,0.0,-0.3188405797101449,-0.3188405797101449,0.8113653319744958,-0.9925719201607328,10106423.575707234,8861211.0,2593733.0,4109901.0,4267702.1897995295,1370421.6968035095,1469023.1092161243,0.058340215701515735,0.0701212106490478,0.04555722891566265,0.07432350369218811,0.06223887485425573,0.07161508938981732,0.14632117178390983,0.12123493975903613,0.07723231636222308,0.12232802176447724,0.11203483287990672,0.038652594247959575,3.696876562742873,0.13967196578794086,0.4764991140360123,0.08695652173913043,0.4798031829023164,0.16857335997461992,0.0013062112876910087,667.464855504257,194.15373854195218,0.015999999999998182,Kristian,REC_20260514_175445.csv
left,87,loose,99.616,1.1200000000000045,0.0,19396.0,1.3516425095637001,32571.427447994967,354.9107142857143,0.15308590593663124,0.3274929141973718,0.4887915485699562,0.2203585818131448,0.342640159476762,0.643119540188676,3881.0,2338.6338028169016,-0.7000000000000028,497.4788732394366,0.21272200574549963,0.0,-0.08571428571428572,-0.08571428571428572,0.8672726300523493,-0.8259647948442805,9708307.181162173,8532565.0,2463008.0,3921754.0,4169605.7845989973,1241756.3956911697,1545246.760147373,0.06404365134332672,0.06622380949513078,0.05993628156561854,0.07359539396421408,0.054491908722439364,0.0730352980854357,0.14825075432267545,0.11324777316719163,0.0752937492095421,0.12429310479815468,0.10711080864595315,0.04047746668031775,3.3880037781181995,0.11671700968486932,0.45455289174055036,0.05714285714285714,0.4685285608021402,0.15475311319672044,0.0015421775810283804,759.7929542535383,311.7215478989394,0.009237604307037068,Kristian,REC_20260514_175445.csv
left,88,loose,100.752,1.1200000000000045,1.0,18411.0,1.254111719233325,32108.93163903153,550.78125,0.23757199553373434,0.3374904555866633,0.47823873759226265,0.2444541053719979,0.33110870893453026,0.7382895670679129,3929.0,2397.4084507042253,15.200000000000003,567.7464788732394,0.23681675048174086,0.7428571428571429,0.0,0.7428571428571429,0.6202838772903084,-1.2361545986631346,10076230.236175928,8669399.0,3674965.0,3587000.0,4134899.9842706625,1653880.2372057922,1516469.1858670486,0.05840814024533534,0.06311392583540913,0.049096442167598814,0.07189100907082766,0.05117027776472247,0.07189100907082766,0.1465667152324106,0.12334328147765194,0.07304248719274334,0.1288539267753913,0.121110823894346,0.04151196127273582,3.9729285057363866,0.16875149854025123,0.5161309863152794,0.05714285714285714,0.4516475727632899,0.17351540636372784,0.001278291149008391,568.6900151517702,293.0553726815775,0.009237604307037068,Kristian,REC_20260514_175445.csv
left,89,loose,101.888,1.1039999999999992,0.0,19018.0,1.314214449924226,31828.00906434457,1796.875,0.7750575740816865,0.33735545500251385,0.5238813474107592,0.24244344575385313,0.3468195322174613,0.6990478425579352,3978.0,2457.1857142857143,7.400000000000006,576.8357142857143,0.23475462637279582,0.0,-0.5652173913043478,-0.5652173913043478,0.7387778091273385,-1.0879659261623589,9991303.270859612,8850215.0,2564412.0,3863111.0,4164501.497721698,1475656.3447107412,1519649.2070114443,0.0575048109625995,0.0668651128177997,0.04430155287989163,0.07552193857083889,0.05685947338127824,0.07451614216031116,0.1424277483532264,0.12339901048237531,0.07305686528723336,0.12318389795526823,0.11904443527147783,0.043319011877699806,4.103692224713134,0.13899855446473036,0.4864629311344529,0.057971014492753624,0.5233008097864799,0.18149252568268223,0.0011905866256292196,496.9168273799157,782.1312658185523,0.009237604307037068,Kristian,REC_20260514_175445.csv
left,90,loose,103.008,1.1200000000000045,1.0,19952.0,1.406695422684196,34239.60258238988,828.125,0.35720044718547295,0.3347022587268994,0.4874229979466119,0.23344869224591672,0.3434190532865735,0.6797779273208568,3896.0,2437.788732394366,-12.0,550.7676056338029,0.22592917848662206,0.07142857142857142,0.0,0.07142857142857142,0.7165646564346382,-1.0809200596491433,10056011.149865538,8874650.0,2362826.0,4096462.0,4201722.020621001,1492671.003566007,1581055.910212642,0.06039876822102691,0.06319511448264706,0.049132497125656475,0.0757382296354928,0.053280795918721084,0.07371030083832614,0.14412738397185165,0.1170305575937556,0.07749461241138644,0.12976433271898455,0.11641813465216111,0.03970927242999024,3.9471680720813707,0.14160797485710175,0.4817450175339077,0.05714285714285714,0.5173150759238941,0.18667971882063522,0.0008685544434361948,776.2609097461935,654.235654785177,0.009237604307037068,Kristian,REC_20260514_175445.csv
left,91,loose,104.144,1.0879999999999939,0.0,20191.0,1.4303602540435458,33777.10748421185,1681.25,0.7251843040972997,0.345821325648415,0.48938957296306,0.24956208641494743,0.3359222946671857,0.7429161159484481,3817.0,2382.840579710145,-11.700000000000003,575.5797101449275,0.2415519170883612,0.0,-0.08823529411764706,-0.08823529411764706,0.6451686189542263,-1.2301616818146768,9936085.928585561,8773246.0,2145358.0,4141666.0,4328553.0902531985,1571037.6164541934,1678631.521681196,0.06222022187621643,0.07183607434799533,0.046406675749318796,0.0735816465550798,0.057068655118723235,0.06560188789412223,0.14451148306734138,0.12605829116387698,0.06783403075126508,0.1258940735694823,0.12350379525107044,0.03548316465550798,3.787029634400531,0.14780155791935165,0.48715235335788126,0.058823529411764705,0.46073329072416763,0.19692119720621212,0.001600730986710482,619.8663834515643,529.0979696222003,0.01600000000000532,Kristian,REC_20260514_175445.csv
left,92,loose,105.248,1.1359999999999957,0.014084507042253521,20248.0,1.4360041677987045,32701.665492754342,2093.75,0.9031105645821391,0.3505641563893991,0.5077407504591971,0.2393449603259087,0.3285037775258788,0.7285911965099147,3811.0,2413.7638888888887,2.0,559.7708333333334,0.2319078663452078,10.0,-1.1,8.9,0.5979947284579655,-1.3107493983501946,10194750.150153607,8881980.0,2855184.0,4109901.0,4202004.516996218,1455382.594250512,1507761.510815472,0.061976742178824,0.0615221731850326,0.056924696906053826,0.0723800426949612,0.04721763497534395,0.073105051469869,0.14936331570679726,0.12126634866017227,0.07427887520067207,0.12642772065296823,0.11807861166573645,0.03745878670356923,3.639860323158716,0.13825791073314445,0.4765670330121892,0.056338028169014086,0.48714780250454803,0.17717078439926826,0.001328635936898492,157.04882467985075,645.4694875631236,0.024440403706433092,Kristian,REC_20260514_175445.csv
left,93,loose,106.4,1.1199999999999903,1.0,19301.0,1.3422359866384355,33596.84041692016,1033.482142857143,0.4457784556519514,0.3430504945340968,0.4901093180635086,0.24925798720647488,0.3398739307143732,0.7333836598831268,3842.0,2415.394366197183,22.0,583.8450704225352,0.24171832086440845,0.7142857142857143,0.0,0.7142857142857143,0.5997415201798476,-1.243992653650046,9674216.191505233,8660847.0,2388483.0,3588222.0,4211571.522262788,1378980.0318098897,1571455.064346126,0.05709854046520849,0.06767623168292584,0.04929647274232768,0.06909319913932348,0.05525589965771198,0.072708507052766,0.14273468887942947,0.12496136868560233,0.0751400931816459,0.12424996938650558,0.12429661852087256,0.0374884106056807,3.5800938122910866,0.13153519125239682,0.4714547665494858,0.05714285714285714,0.49865946353923524,0.17613541572687472,0.0011786280102598164,531.0615155830086,534.4666150530768,0.024440403706431534,Kristian,REC_20260514_175445.csv
left,94,loose,107.536,1.1200000000000045,0.0,20301.0,1.4412520174306944,33730.56478922344,940.8482142857142,0.40582207139805077,0.3402759697995314,0.4946628482166103,0.24896511283608436,0.32678630523510666,0.7618590768565169,3841.0,2425.9295774647885,15.599999999999994,585.7042253521126,0.24143496612304852,0.0,-0.2857142857142857,-0.2857142857142857,0.5465062386749885,-1.3929768555410147,10331906.933159,9167865.0,2532647.0,4035375.0,4293957.914512323,1387337.0462827703,1484092.93141514,0.05591003303510779,0.06398592669573447,0.05686218728409612,0.0674171654832473,0.051944658937186854,0.06945500780882602,0.14278830243670207,0.12341428579722599,0.073983546310112,0.12787896029400667,0.12555082703885836,0.04080909887889644,3.598931173921801,0.1307485206713996,0.4763312823884555,0.05714285714285714,0.47605364734853006,0.1703985895959876,0.0010599851642567435,562.6748617096632,640.563749249581,0.009237604307032854,Kristian,REC_20260514_175445.csv
left,95,loose,108.672,1.1200000000000045,0.0,18913.0,1.303817766691039,32498.526289664274,1333.3333333333333,0.5751151854055413,0.3389562467053242,0.5134422772799156,0.24597714724379227,0.33963801706575336,0.7242332568319872,3794.0,2385.1408450704225,5.700000000000003,568.9084507042254,0.23852195222770087,0.0,-0.6714285714285714,-0.6714285714285714,0.628616445020655,-1.2986520671900157,9684645.067623181,8665734.0,2351831.0,3628539.0,4169060.7495921873,1320817.2401268927,1484285.1954497832,0.05984233369748147,0.07345950574271458,0.05255543417284242,0.06969795388113023,0.05924591809619416,0.06707018217248811,0.14267914612182234,0.1262747645339396,0.07016445717322627,0.12274941687088489,0.11970238270985267,0.03655850482742331,3.6961382896929966,0.12642263519847333,0.4657677283019102,0.05714285714285714,0.4986556303664766,0.16729568486299903,0.0009132700739694262,716.1340656608849,205.1569926610672,0.0,Kristian,REC_20260514_175445.csv
left,96,loose,109.808,1.1039999999999992,1.0,20555.0,1.466402089251928,33345.36483531107,1296.875,0.5593893795546085,0.34363730036063883,0.5025759917568263,0.23177154189869822,0.3522344561543531,0.6580036048399956,3882.0,2362.6714285714284,13.099999999999994,529.1214285714286,0.2239504918766288,1.173913043478261,0.0,1.173913043478261,0.9102198949228149,-0.7704771753619641,10072377.183881123,8593652.0,2869844.0,4400673.0,4323552.056398584,1539482.5963212168,1624497.2982896788,0.06215724331416617,0.07050735547533966,0.050378808491598495,0.07235151493164518,0.05697545756317003,0.07282918246295055,0.14255050276019277,0.11906619020842026,0.07957094572124775,0.1218898704251241,0.11270535169027796,0.03901757695586715,3.9355980002710016,0.14304261535672141,0.48110036136348655,0.08695652173913043,0.4919002169352606,0.1977490808095811,0.0019931752040034455,883.8574545705821,216.84435696651323,0.009237604307036924,Kristian,REC_20260514_175445.csv
left,97,loose,110.928,1.1200000000000045,0.0,19607.0,1.3725348920608667,34669.69923434583,587.5,0.25341012856931666,0.33567134268537074,0.48296593186372744,0.22678203592107513,0.3478253170982193,0.6519997963712427,3992.0,2386.2957746478874,-3.200000000000003,522.8450704225352,0.21910321259303414,0.0,-1.1142857142857143,-1.1142857142857143,0.8288053938881387,-0.9434207465645721,10179029.662328232,8916189.0,2867401.0,3986506.0,4242587.53886819,1408013.6544483753,1580869.8792421764,0.061483706847196735,0.07020132564467294,0.05779480248130463,0.07270387836649413,0.05444232619358189,0.07316425363135746,0.14453422417914502,0.11675234761873846,0.07731353326211289,0.12083080028566875,0.11002968830233668,0.04074911318739044,3.4550164628828846,0.12362064570112288,0.4587355228259701,0.05714285714285714,0.4733316495515481,0.16104015317852097,0.001011367603668806,824.2677558495916,420.4777960458725,0.009237604307036925,Kristian,REC_20260514_175445.csv
left,98,loose,112.064,1.088000000000008,1.0,21052.0,1.5156130565556807,32979.042102523235,1359.375,0.5863479038704933,0.3427495291902072,0.48479956954533227,0.23632584687926547,0.3388757910410721,0.6973819113868891,3717.0,2335.942028985507,-8.0,533.6014492753624,0.22843094676758907,0.04411764705882353,0.0,0.04411764705882353,0.7046922014666699,-1.10689055237373,10037543.986914827,8723155.0,2849075.0,4067140.0,4298849.847322724,1468191.187122601,1648568.8182733688,0.06082640526119867,0.062104479463953345,0.05211564710261819,0.07357612607023205,0.052537535674401295,0.07282541258220623,0.1473073582330314,0.12228564338007199,0.0778322372502792,0.12342722422136741,0.11404020349919344,0.04112172726144683,4.097636790876353,0.14537014116928484,0.488690466488134,0.058823529411764705,0.5012155383396799,0.1844822031200776,0.0011650121403661306,734.1364541645652,428.74043356674645,0.0159999999999981,Kristian,REC_20260514_175445.csv
left,99,loose,113.168,1.1519999999999868,0.013888888888888888,20626.0,1.4734322274381786,34447.68861621923,760.4166666666666,0.32799537917659777,0.3136927480916031,0.46803435114503816,0.22115973668675304,0.36110337606790005,0.6124554666166241,4192.0,2459.698630136986,-3.299999999999997,526.417808219178,0.2140171977856737,14.0,-0.7183098591549296,13.28169014084507,0.9231733803296529,-0.6836107808420069,10152517.864743209,8952840.0,2747671.0,3920533.0,4218145.196716958,1292990.4112791226,1383345.6059786803,0.06026464986243999,0.07560788157586965,0.06004188061796189,0.0688913888548547,0.060130988315753135,0.07400394301562727,0.14112988560799297,0.11268225308813866,0.08246917430579535,0.1164916071687143,0.10847748359861438,0.03980886398823779,3.4590428150696297,0.13968397246797162,0.466781181213435,0.05555555555555555,0.4660932137314477,0.1642611289310815,0.001396467789595394,742.5027497143166,405.06013428164124,0.03199999999998927,Kristian,REC_20260514_175445.csv
left,100,loose,114.336,1.1039999999999992,0.0,18880.0,1.3005502376748945,32933.87509844537,1071.875,0.46233869201742345,0.3427255486318071,0.489569222432945,0.24550826503182083,0.3280448305384095,0.74839851805792,3691.0,2386.1285714285714,13.599999999999994,567.8928571428571,0.23799759323231295,0.0,-0.30434782608695654,-0.30434782608695654,0.5249813989855373,-1.3844671217380293,9946913.55265029,8681616.0,2541199.0,4136779.0,4154521.557581829,1514667.2018997695,1641388.2834935621,0.05695418160918164,0.059917738835771034,0.05466715360805609,0.07021535182513217,0.048326937238443626,0.07112537343814547,0.1491417658011483,0.12575660514042472,0.07845942920091721,0.12736710391608644,0.1197516598913961,0.03831669949529722,3.8054874985214293,0.13359856520513466,0.4849215497804932,0.057971014492753624,0.4794957073240086,0.16668498228722836,0.0009076933455740473,1150.9109435573146,299.5590171324712,0.03330665599144754,Kristian,REC_20260514_175445.csv
left,101,loose,115.456,1.1359999999999957,1.0,17549.0,1.168759900690398,30708.68580711327,1418.75,0.6119585019705838,0.33523611831863,0.49818370524130773,0.2398741800868865,0.347100832900423,0.6910792408136285,3854.0,2432.9305555555557,6.0,565.9722222222222,0.23262983028012624,0.647887323943662,0.0,0.647887323943662,0.6239803091808719,-1.2609523833053375,9636344.044796554,8521570.0,2533869.0,3717725.0,4071313.594915565,1332447.9280220114,1489260.911500985,0.05817172933876041,0.07111336922207442,0.05538588008289043,0.06865291629322205,0.06074635641744352,0.06974898813159713,0.13816784741766616,0.12217775773387148,0.07683920283608589,0.12078483310593648,0.11769642235301506,0.04051469706743696,3.75069024432085,0.1373159217188898,0.47226304938795394,0.08450704225352113,0.488498430322883,0.15023445024110357,0.001506883817675694,1543.1572613746534,329.32540564148354,0.024440403706425234,Kristian,REC_20260514_175445.csv
left,102,loose,116.608,1.1359999999999957,0.0,17975.0,1.2109407298079002,30943.13532918085,769.0972222222223,0.33173961866491514,0.3234191452136966,0.4581354661334666,0.23285912682203835,0.3478240573249151,0.6694738961205173,4001.0,2380.1944444444443,-3.4000000000000057,536.6111111111111,0.22544843441828982,0.0,-0.676056338028169,-0.676056338028169,0.7535203010957742,-0.9813008217817183,9533998.724759407,8315097.0,2294409.0,4061032.0,4052241.731357481,1246329.3065815533,1414951.653142208,0.05727823357102012,0.07069917256993476,0.06259992764363323,0.07097342654078215,0.05499083875033552,0.07176117730810974,0.14174845659201515,0.11862359517779827,0.07939944215575293,0.11801673532741257,0.11423553164424008,0.03967346271896554,3.7536182315024367,0.13499752870440918,0.47560486563008286,0.08450704225352113,0.5039549045932074,0.18691949848931147,0.0012575437142797754,679.7134200038419,325.0757296424539,0.0184752086140658,Kristian,REC_20260514_175445.csv
left,103,loose,117.76,1.1359999999999957,1.0,17985.0,1.2119308901158228,32951.73224581676,588.5416666666667,0.25385943730791477,0.3341875961045618,0.46617119425935416,0.21996193056415167,0.34650777153667395,0.6347965287716621,3902.0,2378.6944444444443,3.799999999999997,505.3888888888889,0.2124648208050635,0.5633802816901409,0.0,0.5633802816901409,0.8519993791865257,-0.905002205965221,9744637.722390762,8621751.0,2601064.0,3722612.0,4104896.655387815,1347404.9686889865,1630239.6484416437,0.05943386311351932,0.06546541636985742,0.0662069529270258,0.0722735394065372,0.04801303235902047,0.07734751789613818,0.14347856550628849,0.11334999357724242,0.08340826550512069,0.11953335746733151,0.10661193698690925,0.044877558885009286,3.862836204106548,0.14747122997164724,0.484594079926722,0.056338028169014086,0.4756002529009222,0.17164533450497838,0.0008878720607710239,248.88819444344853,436.63388879252176,0.0,Kristian,REC_20260514_175445.csv
left,104,loose,118.912,1.1359999999999957,0.0,18497.0,1.2626270978814593,31386.90239574463,705.3571428571429,0.3042462029935565,0.3259834627912804,0.4304685542470559,0.21792443022329008,0.3345770425903037,0.6513430465397235,3991.0,2404.6944444444443,2.5999999999999943,505.99305555555554,0.21041885663459206,0.0,-0.04225352112676056,-0.04225352112676056,0.8563511585975297,-0.7852316307019831,9384311.585044159,8240572.0,2511877.0,3721391.0,3932113.668209124,1547789.407301598,1622090.9080430598,0.06561240166803359,0.06118240940752464,0.06133835437627788,0.0742124779077961,0.047054950386396975,0.07178089154316211,0.15006526585729302,0.11256338874192841,0.08034631334542389,0.1304277512735506,0.10536104148136169,0.040054754011251144,3.640819690837085,0.12252398364871307,0.46602504233164743,0.08450704225352113,0.5007222588275946,0.13673559338062732,0.0013155572898680187,298.53196367109575,91.5687008362806,0.0,Kristian,REC_20260514_175445.csv
left,105,loose,120.064,1.088000000000008,0.9852941176470589,16951.0,1.1095483142766271,29626.287600710286,908.3333333333333,0.391797220057525,0.3422696512233212,0.5075481520041645,0.22674002450653302,0.34907857862108294,0.6495386379820873,3842.0,2389.1884057971015,16.599999999999994,522.7753623188406,0.2188087641185534,0.208955223880597,-1.0,-0.791044776119403,0.9227055312635644,-0.7365169852274969,9279212.36008876,7877718.0,1920560.0,4511850.0,3756581.3545735385,1670730.6524033737,1487834.205929629,0.06137552015723003,0.07182719254613172,0.061047957586713095,0.07404127288388514,0.05831826949907191,0.06915209822024336,0.1466873718563092,0.11797105317432395,0.07573974547175076,0.1190689943829085,0.10876897133220911,0.03600155288922319,3.7885742084355623,0.16719859021517203,0.5107748200019367,0.07352941176470588,0.4805081112842363,0.1909795201592778,0.0032763209045834373,787.5506332928614,161.81877695295128,0.027712812921094787,Kristian,REC_20260514_175445.csv
left,106,loose,121.168,1.1359999999999957,0.04225352112676056,20416.0,1.4526388609718042,28670.439358335618,973.2142857142858,0.4197827357759197,0.3061085972850679,0.46176470588235297,0.18439068439068437,0.3810663810663811,0.48388074506730355,4420.0,2645.5,-3.5999999999999943,469.56944444444446,0.1774974274974275,12.0,-0.6470588235294118,11.352941176470589,1.3776083915100568,0.33948881874303805,10634002.52329357,7524638.0,4625471.0,5921727.0,3414828.667897393,1942400.17930855,1500302.5206798352,0.057671307671307674,0.07573657573657573,0.06886431886431886,0.079012579012579,0.0648008148008148,0.07533232533232533,0.14473739473739475,0.10056910056910057,0.08618408618408618,0.11411411411411412,0.08382158382158382,0.04915579915579915,4.138601389228047,0.2494164537859929,0.5156471564725185,0.07042253521126761,0.44908042131533626,0.18610524979661847,0.0027987812111865463,1735.8428308269508,139.73565571087636,0.027712812921094787,Kristian,REC_20260514_175445.csv
left,107,loose,122.32,1.328000000000003,0.060240963855421686,18214.0,1.23460556116725,28890.23868021862,744.7916666666666,0.3212557480976266,0.32291920917744693,0.4730290456431535,0.23639802809780053,0.32951713676911404,0.7174073871100907,4097.0,2637.0476190476193,-0.29999999999999716,608.3452380952381,0.23069179096392067,5.8,-1.141025641025641,4.658974358974358,0.5037387977751443,-1.4694787606341642,9433442.305537676,7169114.0,2671924.0,5518556.0,3386395.0277452962,1395744.2684730112,1312075.4820684432,0.05197009642818447,0.06118404420528007,0.057107515619921265,0.06824009534472172,0.04886416988695872,0.07195998410921303,0.14887229585756073,0.1229233630683665,0.0792688432229405,0.12885080717974645,0.11347466502943407,0.04728412004767236,4.280390940313857,0.20083943123804546,0.5519506968940489,0.07228915662650602,0.47897043861765437,0.18842477551815856,0.000781281730778864,1753.577201037921,117.70889771703577,0.1269960629310998,Kristian,REC_20260514_175445.csv
left,108,loose,123.664,1.1359999999999957,1.0,18444.0,1.2573792482494697,31558.23447216273,1973.9583333333335,0.85144005964336,0.34997358689910196,0.52905441098785,0.22302170265254642,0.347948082543422,0.6409625856307403,3786.0,2499.6944444444443,11.400000000000006,539.7291666666666,0.21591805665136848,1.3098591549295775,0.0,1.3098591549295775,0.6690067910399831,-1.1782878858527086,8945198.439270366,8087855.0,2355496.0,3009122.0,3983569.450043609,1159420.742797194,1396044.6851901251,0.05403438198001979,0.05631799442154041,0.059540610519063446,0.07370900887886297,0.05163964484548112,0.07867072642211825,0.14712353732122815,0.11401949127115538,0.08761070797541923,0.12493193612552647,0.10900221138139106,0.04339974885819378,3.833525774924358,0.15904924638979437,0.4885574556810506,0.056338028169014086,0.43024930044887305,0.21150205224691365,0.0017913469952559895,1210.405441715016,653.773181384031,0.1108512516844124,Kristian,REC_20260514_175445.csv
left,109,loose,124.816,1.152000000000001,0.0,18401.0,1.2531215589254026,32487.22335011104,539.0625,0.23251727222450597,0.34800621439668566,0.4743656136716727,0.23258163349802646,0.3237406497557206,0.7184196166691829,3862.0,2481.4383561643835,1.7000000000000028,559.0479452054794,0.22529189323470147,0.0,-0.6527777777777778,-0.6527777777777778,0.5660040644778453,-1.3511718112126776,9393930.017281,8405505.0,2635272.0,3263242.0,3947954.366586868,1514287.9812316485,1518662.4951155295,0.06272323276932844,0.062231913660327355,0.062027657401529164,0.07045736840652517,0.04504678572414365,0.06872395042645395,0.1479477766430208,0.11743630793011123,0.07728063153827044,0.1298352148831047,0.11514532556791521,0.04114383504926992,3.835532475304736,0.156443842183255,0.4931490054866367,0.05555555555555555,0.44290127758094766,0.19485731219832247,0.0013068901626837983,122.28245990325304,775.8974628324693,0.10653324989567316,Kristian,REC_20260514_175445.csv
left,110,loose,125.984,1.1039999999999992,1.0,19540.0,1.3659008179977854,33304.494156194596,1302.0833333333335,0.561635923247599,0.3329962073324905,0.4538558786346397,0.22439922257675846,0.3456263887963866,0.6492537313424875,3955.0,2359.442857142857,5.099999999999994,510.76428571428573,0.21647665005661143,0.2463768115942029,0.0,0.2463768115942029,0.945662585923927,-0.7052554814013643,9762841.116331302,8708494.0,2289522.0,3772703.0,4185130.0088539273,1388301.8510639817,1599105.4790382336,0.06357433050175283,0.06284776672458994,0.056502443070700716,0.07635579828167667,0.05223993557801176,0.07383098915603563,0.14648736687232458,0.11694043993436708,0.08035189905607257,0.12220197262065499,0.10745878264239137,0.041208275561421884,3.9924924148712546,0.14423396066306343,0.4858940954796144,0.057971014492753624,0.48674133134096376,0.2188380934358067,0.0018696544533143575,645.5470548302352,717.9302264430094,0.024440403706431524,Kristian,REC_20260514_175445.csv
left,111,loose,127.104,1.1039999999999992,0.0,19813.0,1.392932194404072,33921.61355242407,872.3958333333333,0.37629606857589126,0.3337541024993688,0.46705377429941936,0.23339120681117137,0.34664423323608207,0.673287435455299,3961.0,2394.385714285714,-2.4000000000000057,539.9928571428571,0.22552459026174326,0.0,-0.10144927536231885,-0.10144927536231885,0.9119214417864234,-0.7763040452745855,10037006.20880061,8888089.0,2298075.0,4057366.0,4255121.563738757,1379946.100605961,1567895.3706125466,0.058458178954339614,0.06533140023984678,0.054323506774776716,0.07012236959076888,0.05592845167564601,0.07411981599813851,0.14349042701080503,0.11873012463679919,0.08114219573168185,0.11880768702977801,0.1146610821743722,0.044884760183047254,3.773089631468924,0.1517784838120111,0.4813382659673031,0.057971014492753624,0.4700641920004336,0.20682221555025013,0.0017552589429564024,748.9541597009289,382.5230387109749,0.02771281292110308,Kristian,REC_20260514_175445.csv
left,112,loose,128.224,1.1200000000000045,1.0,18430.0,1.2559930238183779,33134.16620348247,841.6666666666667,0.36304146078724797,0.3374295954941116,0.4923195084485407,0.22627607797099322,0.34817912784014476,0.6498840966555539,3906.0,2303.492957746479,-9.200000000000003,502.72535211267603,0.21824479663462712,0.12857142857142856,0.0,0.12857142857142856,0.9056763146239173,-0.7489565074745088,9611383.229811877,8593652.0,2399478.0,3573561.0,4255196.191423623,1356512.4945182174,1528662.209677946,0.06095458214102281,0.0652224423410864,0.049642918286986075,0.0741311419277521,0.05254114999877711,0.07370313302516691,0.14683762565118497,0.11501822095042433,0.08258126054736224,0.12638491452050774,0.11125785702056887,0.04172475358916037,3.803760073456528,0.13206676129623918,0.4780972955684346,0.08571428571428572,0.4952559893179413,0.1817656429702683,0.001429546362775265,732.497781566601,257.4098988917396,0.00923760430703714,Kristian,REC_20260514_175445.csv
left,113,loose,129.36,1.1199999999999761,0.0,19952.0,1.406695422684196,35140.91367622646,1229.1666666666665,0.5301843115457333,0.3420229405630866,0.48175182481751827,0.2281792437515407,0.33595877850662276,0.6791882169757105,3836.0,2342.549295774648,-1.2999999999999972,516.2676056338029,0.22038708280974745,0.0,-0.45714285714285713,-0.45714285714285713,0.833974252541444,-0.9039986656768146,10520161.69500992,9060353.0,2945592.0,4461759.0,4232080.16214372,1558361.671201121,1759170.0979704228,0.06120093073033472,0.06346763186849526,0.05296384701871682,0.07201736401296288,0.05028829792990663,0.0721195760006253,0.1497104995761209,0.11580618202151262,0.07806590869463267,0.13162499022973648,0.11237306173002809,0.04036171018692769,3.5249142422668656,0.12376902770245303,0.4590697249461553,0.08571428571428572,0.4784117629239102,0.15219044946196678,0.0012161703796558397,841.4762820979126,215.40116031929819,0.009237604307028904,Kristian,REC_20260514_175445.csv
left,114,loose,130.496,1.103999999999985,0.0,19057.0,1.3180760751251244,33322.210010742085,1187.5,0.5122119620018102,0.3225968797181681,0.49924509310518367,0.22218306435932336,0.3531924460431654,0.6290708276696882,3974.0,2351.0857142857144,6.799999999999997,504.3857142857143,0.214533103247132,0.0,-0.6666666666666666,-0.6666666666666666,0.8309009029870601,-0.8761855891779331,9785793.204013765,8557000.0,2378709.0,4108679.0,4189229.233194197,1403136.3627233698,1590439.7135444153,0.059322136885086516,0.06781061637176744,0.05760864281547735,0.0733156717868948,0.05367125218743923,0.07691887030915807,0.14468695314019053,0.11594643204355434,0.08147603538790589,0.118765798172273,0.106236632315769,0.044240958584483764,3.806326288359193,0.14799484662296758,0.49089679316591633,0.08695652173913043,0.4563759450303117,0.17041220155374992,0.0009103696264586201,764.9224361550165,212.7177533554599,0.009237604307037045,Kristian,REC_20260514_175445.csv
left,115,loose,131.616,1.1359999999999957,1.0,18009.0,1.214307274854837,31971.42716551765,656.25,0.28306450531678984,0.3411300919842313,0.4483574244415243,0.22892651405705028,0.340325086288709,0.6726701124305353,3805.0,2297.6805555555557,-3.0999999999999943,508.375,0.22125573495010065,0.8169014084507042,0.0,0.8169014084507042,0.8360677069997399,-0.9300773552013379,9496214.894723319,8374962.0,2124589.0,3940080.0,4014318.7945610113,1308211.5635734792,1644073.093958698,0.06185585705391306,0.06617784843410927,0.054172988460585256,0.06907932516487036,0.05336299287324778,0.07345571923376834,0.14728621254526,0.11677839366994493,0.07824920058271323,0.12547677911903912,0.11214812038710534,0.04195656247544323,3.725693668094162,0.12935126866481256,0.46905905823655564,0.056338028169014086,0.4815455443900174,0.1726769897720073,0.0010870402332847264,972.503470430822,319.425573114084,0.016000000000005277,Kristian,REC_20260514_175445.csv
left,116,loose,132.768,1.1040000000000134,0.0,19210.0,1.3332255278363399,34192.05856628115,968.75,0.4178571268962136,0.3464483760232374,0.4721415368365461,0.22718706942891215,0.3459335553509753,0.6567361445990111,3787.0,2312.1285714285714,4.200000000000003,506.9428571428571,0.21925374886468252,0.0,-0.8115942028985508,-0.8115942028985508,0.8563743383396006,-0.8671660212907124,10050054.395560106,8742703.0,2698802.0,4157548.0,4199328.771487539,1435441.8088396667,1623312.0050345985,0.06309584859962063,0.07157906443660449,0.05414923786986636,0.0738280743161836,0.05267255281157128,0.07033716612397976,0.1479712571594511,0.11689908494955174,0.07751669766263616,0.1227502177955996,0.11028798447936039,0.03891281379557489,3.759542367185075,0.13405185281064033,0.4703472943844041,0.08695652173913043,0.4421953493863861,0.18704259214645627,0.0013716082382085122,653.7219082555866,267.0001170411764,0.01847520861406593,Kristian,REC_20260514_175445.csv
left,117,loose,133.888,1.1200000000000045,0.0,18530.0,1.265894626897604,32084.389755767523,653.6458333333333,0.28194123347029465,0.32698739387702597,0.44970414201183434,0.2331719601946258,0.34366977187706305,0.6784767799646377,3887.0,2304.169014084507,-2.700000000000003,519.7957746478874,0.22558925646103817,0.0,-0.8714285714285714,-0.8714285714285714,0.7649967659654426,-0.9989362404253628,9981843.218660068,8572882.0,3112969.0,4056145.0,4125787.0478284983,1438970.7028511553,1609768.7174338035,0.06321059194601335,0.06819848896061027,0.054805740971661895,0.07529523949240813,0.053112545539010736,0.06984278344213794,0.1471551871683904,0.12176948091640383,0.07722071444289591,0.12104207926844178,0.11140247927822194,0.03694466857380376,3.8707704427472014,0.14734275921437165,0.483115410532639,0.05714285714285714,0.4627210797354848,0.17752293286996076,0.0013904477006519173,602.2516085491117,181.17839621706864,0.015999999999991067,Kristian,REC_20260514_175445.csv
left,118,loose,135.024,1.103999999999985,1.0,18908.0,1.3033226865370777,33458.99855046472,1085.9375,0.4684043599884975,0.34130822092135404,0.45940442860778824,0.23290197626508105,0.346679085144704,0.6718085579566404,3929.0,2316.057142857143,10.299999999999997,521.2142857142857,0.22504379363943644,1.9420289855072463,0.0,1.9420289855072463,0.7772122351493066,-1.006870230936639,9885462.36221483,8704829.0,2379930.0,4035375.0,4200771.772004688,1456130.0254410026,1682123.7905357939,0.06298882336976634,0.07224100071550171,0.04980138659297821,0.07122942932570131,0.055136808862352275,0.06927413584663591,0.14527768868273666,0.11955046754336188,0.07879771039451285,0.12190052058917865,0.11335150872171916,0.040450519355555006,3.879763783883834,0.15196971304309453,0.4837484166999746,0.08695652173913043,0.459948829979534,0.2068060330209537,0.0016695291474267046,340.7071078409222,223.56938933151545,0.009237604307036996,Kristian,REC_20260514_175445.csv
left,119,loose,136.144,1.103999999999985,0.0,18559.0,1.2687660917905794,33664.96888458387,1127.6041666666665,0.4863767095324206,0.33455522971652,0.4173998044965787,0.22947881568571224,0.33090783090783094,0.6934825780818099,4092.0,2391.2571428571428,2.200000000000003,529.5285714285715,0.22144359213324732,0.0,-0.6956521739130435,-0.6956521739130435,0.8588167663614616,-0.8809112773471872,9807145.26375785,8582656.0,2144136.0,4233296.0,4087438.560389714,1498545.296982166,1803619.0980985125,0.06935981073912109,0.06752574856023132,0.058032833894902866,0.07404951370468613,0.050810093913542194,0.06813511123855952,0.14760317346524243,0.1167049011876598,0.07038736349081177,0.12661600592635075,0.11277391449805244,0.03800152938083973,3.6107764977715955,0.12517172271693586,0.46079022341586395,0.08695652173913043,0.45057971390287527,0.18627671870478524,0.001151595759247376,210.36713938570873,262.4400559863394,0.009237604307045186,Kristian,REC_20260514_175445.csv
left,120,loose,137.264,1.0879999999999939,0.0,19291.0,1.341245826330513,34610.306687459444,1356.7708333333335,0.5852246320239981,0.35554371002132196,0.4752132196162047,0.23565751893704212,0.34416987458090154,0.6847128012691722,3752.0,2334.2028985507245,14.799999999999997,531.1739130434783,0.22756115733267107,0.0,-0.8823529411764706,-0.8823529411764706,0.8010154090377803,-0.9485686909371895,10065187.266057398,8790350.0,2428800.0,4258952.0,4311253.9107274,1371024.5917904773,1639323.1831906051,0.060331553458338516,0.06552837451881287,0.04516329318266485,0.0761641624239414,0.05147771017012294,0.0720352663603626,0.14881410654414504,0.12174965851235564,0.07896436110766175,0.12599031416863282,0.11390786042468647,0.039873339128275176,4.106946616950367,0.15064561552307992,0.5042311802274346,0.058823529411764705,0.478310457597988,0.19399036127201397,0.0012440132857966146,366.1315792626012,145.83333333333874,0.009237604307028809,Kristian,REC_20260514_175445.csv
left,121,loose,138.368,1.0879999999999939,1.0,18645.0,1.2772814704387137,32852.428068561385,796.875,0.3437211850275305,0.35257452574525744,0.5181571815718157,0.22631821017017498,0.3482947851233942,0.649789258514773,3690.0,2300.2753623188405,-0.4000000000000057,501.8768115942029,0.21818118813752607,0.27941176470588236,0.0,0.27941176470588236,0.9211927021462495,-0.7570363060485188,9773966.596541958,8715825.0,2586403.0,3588222.0,4353968.079052072,1584174.00002792,1614184.7028556124,0.0641763115947051,0.06908435663027111,0.05116589696255647,0.07237318783510481,0.054265714879756045,0.0736521777480957,0.14467707079807712,0.11434673857572188,0.07891934803016652,0.12226009488467039,0.1119714715944531,0.04310763046642179,4.0183939521331205,0.1616765203853978,0.5014769817065267,0.058823529411764705,0.45426448891746013,0.20639950782607547,0.001825485698672071,400.1116510842025,281.4789770063291,0.009237604307028809,Kristian,REC_20260514_175445.csv
left,122,loose,139.472,1.1200000000000045,0.014285714285714285,19650.0,1.3767925813849338,34981.52735373343,1562.5,0.6739631078971187,0.33731874841007375,0.5220045789875349,0.21970621684221806,0.35926810243707835,0.6115383340507902,3931.0,2365.450704225352,-2.0999999999999943,501.59859154929575,0.21205201640993884,6.0,-1.0869565217391304,4.913043478260869,0.9904091322043003,-0.634489211075588,10912504.109749604,9307142.0,3285233.0,4654793.0,4349836.424495422,1370064.8618156896,1642617.149956352,0.05798257783705574,0.06561593836150689,0.047241093916533194,0.07965608197824314,0.056529738548470654,0.07658963839782788,0.14527202033975004,0.11319047080328913,0.08087670515102978,0.12010932020220665,0.10651574603892895,0.05042066842515793,3.486528115176109,0.1200771240454193,0.45249971729971267,0.08571428571428572,0.45134338582668837,0.15498394458514814,0.0012391706701676136,509.2841381128287,396.2300415218407,0.018475208614074166,Kristian,REC_20260514_175445.csv
left,123,loose,140.608,1.103999999999985,1.0,19439.0,1.3559001988877672,33677.258083163484,1427.0833333333335,0.6155529718793685,0.3432418699186992,0.46875,0.2380659613581855,0.35058863633596704,0.6790464284465825,3936.0,2346.8285714285716,-6.799999999999997,540.05,0.23011906646051203,1.318840579710145,0.0,1.318840579710145,0.8107740808197534,-0.8852505306265863,9559771.263024341,8548448.0,2322509.0,3594331.0,4252270.30780869,1281270.4882925446,1595808.69368044,0.05902798914035964,0.07111116521993205,0.05085890989663862,0.07279124411059301,0.06044631660964949,0.0711963866129366,0.14338499373014035,0.12478238108572054,0.07504352378285589,0.121166559125385,0.11328358027246495,0.03690695041332375,3.987699059981778,0.1561437646399496,0.4894259562331641,0.10144927536231885,0.46873956577119513,0.20624211075440546,0.0012296924304004175,529.9342726540024,408.59145398937255,0.01600000000000533,Kristian,REC_20260514_175445.csv
left,124,loose,141.728,1.1359999999999957,1.0,18104.0,1.2237137977801016,34450.36255251895,1098.9583333333335,0.47402071922097355,0.38334145153434,0.5175353141743789,0.2311022513294274,0.35100197136278044,0.6584072745571801,4106.0,2515.1805555555557,4.299999999999997,560.9444444444445,0.2230235293467997,3.1267605633802815,0.0,3.1267605633802815,0.9980357233520691,-0.6081134117876066,10502731.175412327,9386555.0,3651752.0,2977357.0,4350292.45566135,1609905.0342772666,1272620.4065733273,0.05173584843146891,0.06193502785861408,0.04551804873738908,0.06940080511118596,0.05260280629289922,0.07792128906142148,0.14660975299983986,0.11592386232488279,0.08914204303865969,0.12282087104415963,0.11517838900454462,0.05121125609493464,3.8260089496035348,0.17381602801217255,0.5066923259956031,0.056338028169014086,0.47563445325118836,0.1770071018367772,0.0010637336894628558,838.3378396167772,238.35357698603593,0.01600000000000533,Kristian,REC_20260514_175445.csv
left,132,loose,150.992,1.1200000000000045,1.0,19282.0,1.3403546820533825,33668.844500517094,750.0,0.32350229179061696,0.31887755102040816,0.44341372912801486,0.22167959027908365,0.3501211242989724,0.6331511436868925,4312.0,2546.56338028169,14.200000000000003,545.4647887323944,0.21419643153435175,0.6285714285714286,0.0,0.6285714285714286,0.8646428046625683,-0.9270202141492576,9913630.598000009,8652295.0,2544864.0,4116009.0,4143917.943241735,1468010.0521428066,1569352.1466731327,0.058266871674612565,0.06249792595378472,0.06522460537814011,0.07181730694777828,0.04857692775682223,0.0804398084134376,0.1377277302744378,0.11055495945930997,0.08678915522714954,0.11783347897746756,0.11112463081977368,0.04914659911728593,3.959055476160176,0.16072192316383063,0.4885040901723538,0.08571428571428572,0.46001897190459323,0.23153638512083574,0.0016057007775316947,2039.9025303512233,201.51606377243507,0.015999999999991174,Kristian,REC_20260514_175445.csv
left,133,loose,152.128,1.1200000000000045,0.0,19267.0,1.3388694415914986,32808.73757095814,1260.4166666666667,0.5436635737036758,0.33010625737898464,0.4729634002361275,0.2251081247173684,0.35339099984926314,0.6369945041416583,4235.0,2429.3802816901407,14.299999999999997,528.0915492957746,0.21737706248623076,0.0,-1.8428571428571427,-1.8428571428571427,0.9042896202784577,-0.7404163051462449,9722587.19888256,8751255.0,2204001.0,3617543.0,4132240.04730183,1407185.864674459,1446665.5400241741,0.06009183354011341,0.06937374627506,0.05334925733102976,0.07343204665885927,0.05684519323307399,0.07464953677399906,0.14316524239648437,0.11488468629338033,0.07909047690827081,0.12313463121644656,0.11022343842398805,0.04175991094929444,3.659984430637767,0.12247191769596914,0.47749972981866967,0.05714285714285714,0.45652872300712366,0.14646034443249362,0.001079375369972657,2275.6384452134134,401.3234039238672,0.018475208614057836,Kristian,REC_20260514_175445.csv
left,134,loose,153.264,1.1199999999999761,0.9857142857142858,17697.0,1.1834142732476522,31611.638458011,1238.8392857142858,0.5343564641184299,0.34609292502639916,0.4997360084477297,0.2325595042486268,0.33971996619877004,0.6845623672064983,3788.0,2400.112676056338,0.29999999999999716,540.169014084507,0.22505985634477255,0.7391304347826086,-15.0,-14.26086956521739,0.6358111818704245,-1.3077063998129483,9392910.817728601,8425053.0,1931555.0,3676187.0,4038950.2431571344,1390810.9012670792,1470084.075970617,0.06257335336369184,0.06996150415473451,0.056282568893479185,0.07141683489038074,0.05230388244683348,0.07186869161072251,0.13973522369841793,0.11686657903384817,0.07416905309609877,0.1255046711421999,0.11569292521477866,0.04362471245481433,3.7694583587947967,0.14837904814634106,0.49334817950491916,0.08571428571428572,0.4452305576560658,0.17849082810807684,0.0014222052497230152,910.8009295852302,288.6620296695135,1.7731853542357538e-09,Kristian,REC_20260514_175445.csv
left,135,loose,154.4,1.1200000000000045,0.0,18856.0,1.2981738529358802,32644.094412312927,739.0625,0.3187845500353372,0.343952343952344,0.49184149184149184,0.2381757153252118,0.3267903668755721,0.7288333423108379,3861.0,2400.169014084507,12.200000000000003,553.4225352112676,0.23057648522404525,0.0,-0.9428571428571428,-0.9428571428571428,0.6427194694958629,-1.2869518417942105,9703566.677027885,8698721.0,2268753.0,3652974.0,4147342.0304146875,1459880.2929730758,1542331.318507519,0.059051005797713774,0.058763467361453416,0.053206346970870594,0.07214867497594066,0.04544280919184095,0.07342205947937938,0.148152712250311,0.11929911039128699,0.07701335586695772,0.13003779076590852,0.11887660493392484,0.04458606201441213,3.649908175062607,0.13809888163851647,0.47588652189822983,0.08571428571428572,0.43131333318857284,0.183123139152667,0.0008314231054361052,814.156209417652,294.9724806396839,1.7731853542357538e-09,Kristian,REC_20260514_175445.csv
left,136,loose,155.536,1.103999999999985,0.0,19066.0,1.3189672194022546,33158.212768483165,875.0,0.3774193404223865,0.3362410785091198,0.5059476605868358,0.2253749834610342,0.3460372637934975,0.6513026400395295,3783.0,2375.342857142857,-1.4000000000000057,517.3785714285714,0.21781216546182805,0.0,-0.42028985507246375,-0.42028985507246375,0.7836449455240552,-1.0361748347168167,9940190.0293096,8679173.0,2470339.0,4168544.0,4206120.732776023,1473447.4575756867,1515022.4117314115,0.06660091174807847,0.0667031526275906,0.048865126237415346,0.07862323634482841,0.053429880799162825,0.07152651647280994,0.1477561134031779,0.11558030720377209,0.07575447754910569,0.12324837316718189,0.10979467625726211,0.04211722818961473,3.750287337128147,0.13759745865819195,0.4849009648750007,0.08695652173913043,0.42986753605793215,0.16555494892671302,0.0011106762088532395,737.2857880993772,258.40371039462246,0.009237604307037236,Kristian,REC_20260514_175445.csv
left,137,loose,156.656,1.103999999999985,1.0,17937.0,1.2071781206377943,32486.68702715006,829.8611111111111,0.3579492950831364,0.33447188649500786,0.48712559117183396,0.22903015625192089,0.349163419101828,0.6559397225539414,3806.0,2324.0857142857144,2.4000000000000057,514.2857142857143,0.22128517512262888,0.37681159420289856,0.0,0.37681159420289856,0.7989971294692659,-1.0860559642548813,9880387.10634143,8642521.0,2343279.0,4175874.0,4224050.87745191,1435564.3202671863,1582808.1771929879,0.06237168533248097,0.0686783128234759,0.05146109683685135,0.07703182818435514,0.0563047834478689,0.07137676259788794,0.14342967434198395,0.11505599744292686,0.07577173204824016,0.12332345745792507,0.11397415880899402,0.04122051067700969,3.6172561310367954,0.12070767273864547,0.4600062046774553,0.08695652173913043,0.46798191755776314,0.16909471610654972,0.0019031190037169423,600.4584359748138,69.23499954995734,0.009237604307045424,Kristian,REC_20260514_175445.csv
left,138,loose,157.776,1.1199999999999761,0.0,18937.0,1.3061941514300532,33694.09939440436,563.1944444444445,0.24292625800202813,0.32904553640339596,0.4885515821970671,0.2343015411681496,0.3484418926709817,0.6724264392315951,3887.0,2369.7042253521126,-2.0999999999999943,537.5352112676056,0.22683641507527533,0.0,-0.6571428571428571,-0.6571428571428571,0.6865983418180464,-1.2062391764441474,10094161.676300216,8784242.0,1927890.0,4583932.0,4280831.973102346,1382880.3246542756,1616551.084341442,0.06123661953414285,0.0705383092915857,0.05225588265011977,0.07333178800468353,0.05526332994549745,0.07301677870299378,0.14184928290807078,0.11909729032564828,0.07629168672622126,0.1211894275746067,0.1152042508425013,0.04072535349392864,3.4680949210448633,0.12689247248914307,0.4671187386069477,0.08571428571428572,0.4691027490447221,0.15699758761667018,0.0010593441753159794,617.9646699717708,168.50882018288118,0.009237604307029046,Kristian,REC_20260514_175445.csv
left,139,loose,158.912,1.1200000000000045,1.0,17913.0,1.2048017358987801,32188.015067723576,553.5714285714286,0.2387755010835506,0.35302806499261447,0.47439684884293454,0.23902560396203834,0.3281240743593085,0.7284610384911583,4062.0,2377.492957746479,-4.900000000000006,549.5,0.23112581604483357,2.8714285714285714,0.0,2.8714285714285714,0.6822811710334978,-1.2014667439928557,9591235.604381846,8729264.0,2343279.0,3209485.0,4237322.08326853,1067798.9417497022,1339790.5221084275,0.062049027855120197,0.06091160057345292,0.05650406985699221,0.07256430611011717,0.04780749043257781,0.06953116669233776,0.14605869598701438,0.12133742491202709,0.07730951055082284,0.1266868875961185,0.11768817905001125,0.04155164038340777,3.8231944379998235,0.14646816167750237,0.48027626431231424,0.08571428571428572,0.47091314483633284,0.17911483879453705,0.0008179188015658342,584.4016883388682,156.81183109250193,0.009237604307037283,Kristian,REC_20260514_175445.csv
left,140,loose,160.048,1.1359999999999957,0.0,18545.0,1.2673798673594878,33074.668569768015,859.375,0.3706797093434153,0.34380204615750654,0.4556269331429931,0.23052129656807094,0.334869218968926,0.6883920154786981,4203.0,2507.902777777778,3.5,559.5208333333334,0.22310307970914167,0.0,-2.971830985915493,-2.971830985915493,0.7739327127205807,-0.9392952580255587,9892123.34287063,8642521.0,2182010.0,4289495.0,4140797.4573500147,1308525.5691917213,1628609.2836243617,0.06236397166734046,0.06740913445829572,0.061056992063975545,0.06905947311000227,0.05362493008212927,0.06804601011247778,0.13915456141419622,0.11334171424773909,0.07672967120602096,0.12628413515055187,0.11717958232033183,0.04574982416693896,3.4752802429468566,0.1264200833117041,0.46767582538456287,0.08450704225352113,0.43644179727543314,0.1725870861708726,0.0009034708257811909,516.6662365589478,173.84444590024404,0.009237604307037283,Kristian,REC_20260514_175445.csv
left,141,loose,161.2,1.136000000000024,1.0,19535.0,1.365405737843824,32388.434633368746,915.625,0.3949423812277116,0.357741617357002,0.4770710059171598,0.2245568411302062,0.3538251759114891,0.6346547855207374,4056.0,2414.0138888888887,3.0999999999999943,523.3611111111111,0.2168012013186889,2.9014084507042255,0.0,2.9014084507042255,0.977093286492011,-0.5904089115514739,9536314.796039505,8622973.0,2087937.0,3496592.0,4155469.2227668166,1061850.485662721,1295523.1297242178,0.06129717103257024,0.0677640398368324,0.05370838103895656,0.07633091496988073,0.05251166510364826,0.07324131661766652,0.14015960048098777,0.11350965715239143,0.08397723938346116,0.12181762739558942,0.11104718397781474,0.04463520301020086,3.4491300544745895,0.13043878628820382,0.465581023805905,0.08450704225352113,0.4552926170734999,0.16954440123917425,0.001161521837557074,817.5581528755741,194.83440634834378,0.009237604307037283,Kristian,REC_20260514_175445.csv
left,142,loose,162.352,1.1359999999999957,0.014084507042253521,17319.0,1.1459862136081784,31792.1432747149,1671.875,0.721140525449917,0.3451242829827916,0.4861376673040153,0.23721503726435778,0.32895659798334065,0.7211134803749598,4184.0,2534.4444444444443,-3.5999999999999943,582.1041666666666,0.22967722490135906,1.0,-1.9428571428571428,-0.9428571428571428,0.6172690279076961,-1.2557939520539654,9423769.804209884,8398175.0,2268753.0,3623652.0,4082982.163624316,1180258.4494277246,1439964.1840024954,0.06475230162209558,0.07091736080666375,0.04916155195089873,0.07027071459886015,0.0502137220517317,0.06789237176676897,0.13894125383603684,0.11677992108724244,0.06966242875931608,0.13279811486190268,0.12043511617711529,0.048175142481367825,3.6151706271887667,0.1330346872004752,0.4719468371971042,0.08450704225352113,0.4285503779645716,0.17067505216696993,0.0008371080855804484,1110.0924886392668,453.73163415540586,2.0062653277720465e-09,Kristian,REC_20260514_175445.csv
left,143,loose,163.504,1.1200000000000045,0.0,18530.0,1.265894626897604,32755.469589062526,859.375,0.3706797093434153,0.3448275862068966,0.5072387470386944,0.240449728308707,0.33552407666036826,0.7166392668499968,3799.0,2400.1971830985917,3.5999999999999943,558.6830985915493,0.23276550048704917,0.0,-0.014285714285714285,-0.014285714285714285,0.6551739619092872,-1.2403423993291243,9928689.61744449,8855102.0,2566855.0,3684739.0,4176156.4825802585,1261685.9538289485,1442072.6020334533,0.06239510838311406,0.06645580762143954,0.049514711232645205,0.0715492858567958,0.05288884716044456,0.06958348492494747,0.1436032250871407,0.12044198246622928,0.07504665109674087,0.12623962819956105,0.12000774584247773,0.04227352212846362,3.746131444775369,0.14485930565772714,0.4842620348042622,0.05714285714285714,0.4431170025971909,0.16450126754535407,0.001031083556008476,1109.5946707394194,453.73163415540586,0.009237604307037283,Kristian,REC_20260514_175445.csv
left,144,loose,164.64,1.136000000000024,0.0,17032.0,1.1175686127708,31844.76898958446,645.8333333333333,0.27857141793080903,0.3326582278481013,0.4559493670886076,0.23241136608207544,0.32913358345694094,0.7061308166754884,3950.0,2387.7083333333335,1.0,537.2847222222222,0.22502108600180318,0.0,-1.2253521126760563,-1.2253521126760563,0.6504644694424667,-1.2192125579055928,9485192.519277614,8458040.0,2163684.0,3707952.0,4073351.12460785,1279531.0751400343,1432122.641416765,0.06122793240845767,0.06494488555390746,0.06057644766308931,0.06954599656807142,0.049512840647994646,0.07000552598667946,0.14442020766076258,0.11501614169793212,0.07512433470028793,0.12861588575749644,0.11739522438414332,0.04361457697117761,3.5131186333995488,0.1412774648594791,0.47638449945933087,0.08450704225352113,0.44560796096783095,0.14729915675706104,0.001014097349310414,795.0779835965691,541.3744537654293,0.009237604307037283,Kristian,REC_20260514_175445.csv
left,145,loose,165.792,1.1359999999999957,1.0,17898.0,1.2033164954368962,31086.0896382932,916.6666666666666,0.39539168996630963,0.33750312734550914,0.45033775331498627,0.24756506419510124,0.3228138607210827,0.7668972566474672,3997.0,2357.1805555555557,18.099999999999994,565.6527777777778,0.2399700678187807,1.6901408450704225,0.0,1.6901408450704225,0.6168745005770803,-1.268694303112502,9457563.543091476,8418944.0,2068389.0,3780034.0,4052095.167641495,1241539.773824691,1447158.7944057353,0.06261600193262902,0.06890293842101851,0.053265141382418967,0.0677657512211505,0.05172728718985134,0.06412439531690992,0.14236051780316644,0.12387680668406818,0.07029348857215247,0.12860232033326066,0.12368825751103306,0.04277709363234089,3.4568150273524574,0.12448444696653949,0.4580300513871278,0.08450704225352113,0.4547391412354439,0.15781299141753508,0.0012386986047082838,752.0398925588895,142.7311417296423,0.009237604307037283,Kristian,REC_20260514_175445.csv
left,146,loose,166.944,1.1200000000000045,0.014285714285714285,17918.0,1.2052968160527413,31495.2742328115,512.5,0.22105989939025494,0.32951498903241533,0.4655130392395808,0.22120059305573114,0.3369786339030193,0.6564231995762785,4103.0,2450.9014084507044,4.400000000000006,523.4295774647887,0.21356614985001204,3.0,-0.6376811594202898,2.36231884057971,0.8089465917203119,-0.9118190394665286,9436401.859947043,8374962.0,2455678.0,3588222.0,4058094.0324611273,1275864.236834546,1459427.8950426835,0.06564989023871642,0.06994839495672761,0.06973002172239015,0.07344236670612708,0.04845587136667165,0.07122415437838335,0.13949452342914936,0.11175537600422955,0.07390784649510958,0.12192697139310628,0.1094452170515016,0.04501936625788729,3.847708686085683,0.14658144285983704,0.4943560335982383,0.08571428571428572,0.4565526211557476,0.18234385078959456,0.0009130759390664697,505.85768749717164,205.94463927096422,0.009237604307037283,Kristian,REC_20260514_175445.csv
left,147,loose,168.08,1.1359999999999957,1.0,17951.0,1.2085643450688859,32007.72548932523,1175.78125,0.5071572386925818,0.33416087388282023,0.5076961271102284,0.23219822706864773,0.34020922996155545,0.6825159537694436,4028.0,2539.7361111111113,7.5,571.2708333333334,0.2249331459414528,0.49295774647887325,0.0,0.49295774647887325,0.5606895233068535,-1.3973313687745073,9471147.221227743,8405505.0,2232101.0,3750712.0,4161428.776043231,1241737.1474533388,1532535.9300688573,0.05786909182384434,0.06906338694418164,0.06514784453765428,0.06918369690639338,0.05580741656230689,0.07080241276160582,0.13702210968987372,0.116952220539098,0.07535231678706776,0.12163337179606368,0.11524600652954976,0.0459201251223607,3.764304016674329,0.1584957918742152,0.48634792146827066,0.08450704225352113,0.44084941195974703,0.18004455037672018,0.0011558736736713244,26.76440422126945,334.2736100716571,0.009237604307029046,Kristian,REC_20260514_175445.csv
left,148,loose,169.232,1.1359999999999957,1.0,16649.0,1.0796454729773648,30093.726688464492,882.8125,0.3807891559618721,0.3394683026584867,0.4271756418995683,0.2320251106494445,0.3317281636708518,0.6994435084486248,4401.0,2460.222222222222,1.0,551.0138888888889,0.22396915364465722,1.8873239436619718,0.0,1.8873239436619718,0.8270316343389175,-0.9327330503193298,9194564.378278397,8156272.0,2140471.0,3665191.0,3938796.3334203768,1049166.4465634855,1446069.074559153,0.06357262216601933,0.07016642579712763,0.06399038027278475,0.06441378375937133,0.05179071447927017,0.07072531839942192,0.14082399963869568,0.11665612862433385,0.07463192123566074,0.12362252732363835,0.11536898202511064,0.04423719627856562,3.660675834579777,0.14620977979772262,0.47324907934704186,0.08450704225352113,0.4423063718349898,0.18594605689942417,0.0014794412772900067,742.3671598339909,332.3913488481088,0.009237604307029046,Kristian,REC_20260514_175445.csv
left,149,loose,170.384,1.136000000000024,0.0,16085.0,1.023800431610531,28826.646093501757,552.0833333333334,0.23813363145698196,0.33450859409431466,0.4358748347289555,0.233848626472392,0.32530082263624255,0.7188688444652729,4538.0,2627.0555555555557,10.900000000000006,594.2986111111111,0.22622232326009262,0.0,-2.1267605633802815,-2.1267605633802815,0.6517234558266014,-1.182226729077863,8993123.69448091,8057312.0,1654223.0,3635869.0,3945048.395180771,1173458.7553890806,1495780.5492519042,0.06002706875039652,0.06674138769640704,0.06601180028337597,0.07038403789625056,0.05103411085499186,0.06805781715905004,0.13680821367394844,0.11624759447628313,0.069083469029543,0.12730771670860913,0.11760103199610887,0.05069575147503542,3.8159132118416967,0.16544528270026218,0.49407305531537377,0.056338028169014086,0.4347163268894312,0.18711747763760045,0.0006076966357193078,957.0141064790979,312.03941028203104,1.4999064998111164e-09,Kristian,REC_20260514_175445.csv
left,150,loose,171.536,1.0879999999999939,1.0,17142.0,1.1284603761579486,33552.080322984446,666.6666666666667,0.2875575927027707,0.33433387208496884,0.4370815054259986,0.22611530441422656,0.33588651649093954,0.6731895843162049,4331.0,2467.31884057971,13.299999999999997,537.4202898550725,0.21781550118946227,1.0294117647058822,0.0,1.0294117647058822,0.8973979909077504,-0.7926060002240343,9468847.437432181,8460483.0,2410474.0,3502701.0,4035612.811468628,1188038.2033424505,1615627.438439846,0.060571529266645135,0.07018120943346354,0.06620458750624102,0.06843079091896972,0.05247143822138683,0.0723369261946019,0.1399923639460777,0.11330141854386327,0.07246615172251755,0.12551910481952483,0.1128138858703633,0.04571059355634527,3.7977570458985537,0.12818033105168883,0.46667018002712374,0.058823529411764705,0.40015532521552605,0.20926372577799335,0.0010624107753132608,528.8972805123127,167.9435139311158,0.027712812921111333,Kristian,REC_20260514_175445.csv
right,201,loose,228.24,1.1359999999999957,0.0,18549.0,1.2176566666174573,32965.10659773452,1421.875,0.6524520282483787,0.2878687070303837,0.4171656686626746,0.20684945705523342,0.3883716534664935,0.5326069892298291,4509.0,2277.9583333333335,2.5,453.94444444444446,0.19927688658825823,0.0,-1.5774647887323943,-1.5774647887323943,1.1565981782035275,-0.18225355314431013,9702205.013292443,8301658.0,2812423.0,4159992.0,4211763.115475585,1320249.220363347,1408658.7307186075,0.051276423210355276,0.08338973130178705,0.04326486315109168,0.06851286178534628,0.05300189619115558,0.08851127654515191,0.14080591172650947,0.10897306920792864,0.09495588764305267,0.10445513465396035,0.09787638784730479,0.06497655673635626,4.560229814618056,0.20418034846004532,0.546400755615813,0.07042253521126761,0.43116976109616545,0.2202893706402002,0.002018026027676825,3630.968511751838,312.54582675816783,0.009237604307037217,Kristian,REC_20260514_180315.csv
right,202,loose,229.392,1.1200000000000045,1.0,16563.0,1.0278119180118135,30201.474268651193,993.75,0.4559994395230426,0.3552994237033325,0.4562766224004009,0.23963346474876002,0.34849630854289515,0.6876212426764848,3991.0,2104.211267605634,22.5,485.7887323943662,0.23086499909637948,3.085714285714286,0.0,3.085714285714286,1.0444141306688202,-0.28413758780890364,8764403.202148221,7986452.0,1616349.0,3227811.0,4027067.797834676,1078254.9953504172,1246898.400673042,0.05453182417552995,0.07362833753907322,0.0422024243803506,0.07233649488952401,0.050535813492727524,0.07566315704924396,0.1544990260978989,0.1266875949638217,0.07633250557232646,0.11867549314252437,0.11294586978493831,0.04196145891204091,4.090687056362889,0.13903078582736053,0.4857117772960745,0.07142857142857142,0.49708122862761106,0.19572123275903577,0.0014233741377325017,1412.122279879948,312.54582675816783,0.009237604307037217,Kristian,REC_20260514_180315.csv
left,201,loose,227.664,1.0880000000000223,1.0,20837.0,1.4363700527250671,35341.171698176615,1562.5,0.7169802508223941,0.3330122802793162,0.5157717312785938,0.20912538828092372,0.39565468597154607,0.5285553177948575,4153.0,2533.463768115942,20.400000000000006,510.2028985507246,0.2013855121875876,0.8823529411764706,0.0,0.8823529411764706,1.1884648876879806,-0.1573979556712155,10876436.737484433,8888089.0,4522846.0,4340808.0,4249751.52218582,1657018.6866070763,1330804.6992584472,0.054333586943464005,0.07663221001207031,0.04127933916445949,0.07870304160540934,0.06820014987786671,0.08143173406403562,0.13900886109982896,0.10915341887431426,0.09068755041216414,0.11278023442728922,0.0999719694066095,0.04781790411248849,4.430295021636329,0.20772132202085705,0.5497309545500202,0.058823529411764705,0.5383652313165168,0.2151132951513241,0.003021481786695046,2553.34506089561,458.0507335842158,0.024440403706417407,Kristian,REC_20260514_180315.csv
left,202,loose,228.768,1.1519999999999868,0.027777777777777776,17621.0,1.1289477407836015,31119.581198981454,1151.0416666666665,0.5281754514391636,0.32134022936811335,0.4286035529570497,0.23331977664438971,0.34432707527259937,0.6776108920839338,4447.0,2492.4931506849316,-6.400000000000006,563.554794520548,0.2261008397819205,22.5,-2.657142857142857,19.84285714285714,0.8229936551853448,-0.8158201149695019,9368344.605089739,8354193.0,2318844.0,3549127.0,4000425.5034087356,1364282.2664203737,1483886.3649443062,0.061213946535349985,0.07048012662680267,0.06310455504748505,0.07231577558916637,0.05527281920506507,0.06923254484699262,0.14066347168483995,0.1180146412240591,0.07702580900457263,0.11798166549419628,0.11530513542033063,0.03938950932113964,4.041775802855488,0.1624796671418441,0.5039482860261282,0.08333333333333333,0.45180472150256024,0.227246905285424,0.0008793716695874517,2458.4434777585066,309.51058570271454,0.033306655991439546,Kristian,REC_20260514_180315.csv
right,160,loose,181.104,1.0879999999999939,0.014705882352941176,19258.0,1.3104192248072435,29681.28004315178,1375.0,0.6811552081178389,0.35473159933591586,0.4809075816270061,0.26822851145504606,0.32991395236828674,0.8130256678420686,3614.0,2016.072463768116,-6.799999999999997,522.304347826087,0.2590702255066171,7.0,-0.13432835820895522,6.865671641791045,0.6558285339944502,-1.114643121843184,8806477.99945699,8086634.0,1912008.0,2916270.0,3785944.23997164,1288400.7294977843,1241179.822655589,0.05234743977744071,0.07337411669985407,0.028574714791997642,0.05920537132752014,0.05513661948543948,0.07203703570581342,0.1532179801450661,0.14054446513165933,0.07016080914965962,0.12859699947523165,0.12768404632338667,0.039120401986931105,3.9099630058892796,0.1348681899702252,0.46408569541434236,0.058823529411764705,0.426291148365248,0.16688629150119624,0.0010455223264010736,701.9233101509362,156.45241518619235,0.024440403706433626,Kristian,REC_20260515_155937.csv
right,161,loose,182.208,1.0560000000000116,0.0,18698.0,1.2558344948588251,27536.456362429788,1187.5,0.5882704070108609,0.35550648633728954,0.4305823902842948,0.24902660983757632,0.341949852167569,0.7282547667696276,3623.0,1943.5074626865671,-20.599999999999994,465.7238805970149,0.23963061091272125,0.0,-1.9545454545454546,-1.9545454545454546,0.9187330912026833,-0.5949958139117593,7791623.672135482,6910107.0,2444682.0,2642603.0,3427768.2581882435,1160895.2291146785,1247826.946192745,0.05506278078562378,0.07715700956111046,0.034888453711169984,0.062220174327074454,0.04876550320623584,0.07163537226893983,0.15099642898283608,0.12867949161002956,0.08217179280420843,0.1263064931075529,0.12034711822754675,0.04176938140767193,3.924645191055727,0.13099754804128957,0.4653178828576403,0.06060606060606061,0.4089983053190225,0.13404184757480286,0.0013270474495747247,286.7339068426388,227.68221869160845,0.024440403706418153,Kristian,REC_20260515_155937.csv
right,162,loose,183.28,1.1359999999999957,0.0,17918.0,1.1798057638592425,27406.342860732075,1621.875,0.80345352957536,0.31525885558583105,0.45068119891008174,0.2560976397692104,0.33817913977244096,0.7572839647684506,3670.0,2149.625,-10.099999999999994,534.6666666666666,0.24872555290651469,0.0,-0.4507042253521127,-0.4507042253521127,0.4842325815772039,-1.325624307547532,8758855.721668841,7800749.0,3247359.0,2306627.0,3659971.7343259235,1101441.4593078124,1206228.402762454,0.055436025663390905,0.08366446344000569,0.055016055772001575,0.06099255038023428,0.060624269090862104,0.06870061315604142,0.13820886071860078,0.1285043256898813,0.06419724370529743,0.12257951968366576,0.12759331407932908,0.034482758620689655,4.073496285116338,0.1692200604052118,0.47842752789098414,0.056338028169014086,0.40946098416033266,0.1868779079837371,0.0014985602586175771,673.0032194077891,217.86278412875708,0.040265783654770425,Kristian,REC_20260515_155937.csv
right,163,loose,184.432,1.1200000000000045,1.0,19497.0,1.3337152077673722,29427.10079161724,1041.6666666666667,0.5160266728165447,0.3358144861150873,0.5170340681362725,0.23065515074046086,0.35828136806943456,0.6437821536269152,3493.0,1994.380281690141,11.600000000000001,443.67605633802816,0.2224631181983178,0.37142857142857144,0.0,0.37142857142857144,0.8233778385609252,-0.8896884448920277,8868184.94623635,8136724.0,2267531.0,2701246.0,3930070.2138414825,1159500.5471431594,1185247.7961474704,0.05259143650115465,0.07670143572432397,0.05058580094773342,0.06070578597608774,0.052082965515780254,0.08011242858454388,0.1389326346565349,0.11845961539819634,0.08867875226869867,0.12343133169963488,0.11219553534226454,0.04552227738504671,3.9529903624378044,0.1518993650150234,0.49167100783730694,0.05714285714285714,0.4149920795739942,0.19529735158353567,0.0012227902303333735,789.5190519127749,301.82520101474717,0.042332020977026444,Kristian,REC_20260515_155937.csv
right,164,loose,185.568,1.167999999999978,1.0,15888.0,0.9819361177962259,27531.917949899533,733.2589285714286,0.36324591861478905,0.3805147058823529,0.5441176470588235,0.23271431724311883,0.3617618311946275,0.6432804601699912,3808.0,2143.0405405405404,-17.799999999999997,481.02027027027026,0.22445691584954441,3.8219178082191783,0.0,3.8219178082191783,0.9765489651332395,-0.4931963734517,8503594.904074922,7794640.0,2079385.0,2689028.0,3825412.2338329023,1012871.794253191,1056297.0692757126,0.05303149730428477,0.08058139168269383,0.049708358293659556,0.0689157234290759,0.06011917898918562,0.07821042343222877,0.13936374814768107,0.11989784658069805,0.0739351136614434,0.11729987073178423,0.11281647066242079,0.046120377084844094,3.305958449473781,0.10098689263852217,0.44280936675365873,0.0821917808219178,0.4121807115147908,0.14401135229126802,0.0013035036843340416,1809.1905188048217,451.18280947372324,0.024440403706418284,Kristian,REC_20260515_155937.csv
right,165,loose,186.752,1.1999999999999886,0.013333333333333334,16520.0,1.0435388844522981,28987.858234095183,310.4166666666667,0.1537759484993303,0.3570558128198879,0.4701437972215452,0.24195886270942757,0.34209676946099005,0.7072819281232738,4103.0,2242.1710526315787,4.0,524.546052631579,0.23394560018778796,4.0,-2.635135135135135,1.364864864864865,0.6906602185345274,-1.1238828495717035,9016997.436195156,8123285.0,769690.0,3837455.0,3900107.4494188274,1215884.5327279945,1248399.5869385363,0.057228367712215025,0.06720460080396702,0.03175963146621285,0.06721633754878086,0.053472609371790734,0.07847774419764679,0.15095214342302163,0.123089111234999,0.07572547753880461,0.1318799331005546,0.11886975147442859,0.04412429212757842,3.888182639215919,0.14317823055829884,0.4877449955360511,0.05333333333333334,0.4885321114546847,0.1876962595739146,0.0008285965988764276,1927.296638645247,367.1143041501183,0.040265783654768635,Kristian,REC_20260515_155937.csv
right,166,loose,187.968,1.0720000000000027,0.0,16458.0,1.0374955750651518,31364.35315768524,664.0625,0.3289670039205472,0.33511205976520814,0.48319103521878337,0.22152297497917947,0.33472136727378066,0.6618130679349847,3748.0,2030.6617647058824,11.899999999999999,431.625,0.21255386175181953,0.0,-0.5223880597014925,-0.5223880597014925,0.9207842417220854,-0.7069027199317328,9019062.495372953,8032877.0,1668883.0,3745825.0,4026936.275077688,1270336.3462133869,1187363.0195580206,0.05234457037332078,0.06972516927979143,0.07267987109389144,0.06094072491581272,0.04099648767063765,0.07911069268928558,0.14740196255929316,0.11706557555129087,0.08394829271825324,0.11081580186117246,0.10445739942788862,0.06051345185936198,3.7838900151800865,0.1485798210220422,0.5179450125957585,0.04477611940298507,0.5046696394315615,0.14255883294196975,0.0029570341438408033,348.3695355987407,226.8072234350133,0.06661331198290696,Kristian,REC_20260515_155937.csv
right,167,loose,189.056,1.167999999999978,0.0,16578.0,1.0491923029112413,31189.292281165985,708.3333333333333,0.3508981375152503,0.32599724896836313,0.478404401650619,0.2114275670450167,0.3901489288345964,0.541915026336982,3635.0,1998.9594594594594,8.200000000000003,407.18243243243245,0.20369719381029322,0.0,-1.1369863013698631,-1.1369863013698631,0.9398765225540464,-0.792814749695046,9099644.49876175,8299215.0,1830152.0,3252246.0,3956593.191327999,1184892.724688853,1129954.1491172914,0.054264718806406036,0.07749978029109739,0.0320504586845859,0.07931829397727197,0.04644308187367752,0.09168959526240003,0.15266726607762146,0.11578997180965774,0.09519817743014947,0.1070016157054684,0.09563759523535895,0.052439444846305173,4.802833908952093,0.23897659888067113,0.5691883730568512,0.0684931506849315,0.44782985657612456,0.25666665661885607,0.0022596138194309738,60.01111008204171,218.08368261180655,0.06661331198290696,Kristian,REC_20260515_155937.csv
right,168,loose,190.24,1.1519999999999868,0.0,18741.0,1.2600258223370073,28928.611857467342,517.3611111111111,0.2562932474988838,0.33146729522687096,0.493223335297584,0.2329084755526752,0.3593720746021459,0.6480984250381255,3394.0,1902.3287671232877,4.600000000000001,428.66438356164383,0.2253366457838266,0.0,-2.0416666666666665,-2.0416666666666665,0.7508245441191517,-1.0540931872849506,8910557.484170673,8051203.0,1568701.0,3480710.0,3874077.035258026,1305664.4679939407,1290860.6256317575,0.05786706992150933,0.07814502772377044,0.04865701735436019,0.06541369626269172,0.04919709080434939,0.08172391445236551,0.1503492474976597,0.12568589328148627,0.08489234535896881,0.11165838554043349,0.10722258227118889,0.03918772953121624,3.962316655395412,0.15506127710716086,0.49734819220448384,0.05555555555555555,0.48478116482524714,0.19948436580619233,0.001355523213936779,1284.8513532700722,99.95965339946532,0.05143280405861725,Kristian,REC_20260515_155937.csv
right,169,loose,191.408,1.136000000000024,0.014084507042253521,18128.0,1.2002750375898994,28292.83874057179,890.625,0.44120280525814565,0.3277994791666667,0.5465494791666666,0.2405397112968266,0.35699988311612413,0.6737809245114795,3072.0,1901.2222222222222,-2.4000000000000057,443.86805555555554,0.23346458418561158,16.0,-0.8714285714285714,15.128571428571428,0.5175464339958682,-1.40959005119322,8623525.527811348,7696902.0,1426981.0,3617543.0,3772990.1922129495,1342178.9215515633,1336739.6253167284,0.05473818011805272,0.07503214306586406,0.04213663725089124,0.06763193267488751,0.04765209514347496,0.08125620945590556,0.15465928350184094,0.13114370872538134,0.08542750277599205,0.11235462567938753,0.10939600257144527,0.03857167903687686,3.9428871353413353,0.1602937944452204,0.5072901830001196,0.056338028169014086,0.43941237931046884,0.18075618213641184,0.001963806245467666,1114.8122412914481,186.64876646840318,0.015999999999978403,Kristian,REC_20260515_155937.csv
left,160,loose,181.632,1.0559999999999832,0.0,20995.0,1.4797293603793913,33917.08112441281,1401.0416666666667,0.6940558749382525,0.3352899741723409,0.49518666353604135,0.22719176608410835,0.3647703636407105,0.6228350456333591,4259.0,2497.134328358209,-37.2,547.8059701492538,0.21937384942740334,0.0,-3.6363636363636362,-3.6363636363636362,0.9327512137314586,-0.5340456282852419,9666277.903789338,8795237.0,3240029.0,2362826.0,3825425.9059875417,1320900.536087188,897118.8274171924,0.054265187558275745,0.06994285987520023,0.04138475147631912,0.0786812346092237,0.06372677935304946,0.0669902216271786,0.15054868864608983,0.12101035216486956,0.08542926817605852,0.12245678628637004,0.10618141391923876,0.039382456308126326,3.933670023029902,0.12621519453585314,0.4799086390575609,0.030303030303030304,0.41454122345144895,0.1452014451079011,0.0014980441285575513,1311.5288788280463,409.54901588459023,0.033306655991471576,Kristian,REC_20260515_155937.csv
left,161,loose,182.704,1.1200000000000045,1.0,20229.0,1.405065247628519,30446.868508928797,1304.6875,0.6463234077027221,0.34144524459895703,0.42885522721629005,0.2264301898776697,0.34802152231932915,0.6506212270102802,4027.0,2306.154929577465,4.5,504.13380281690144,0.21860361433274092,2.6714285714285713,0.0,2.6714285714285713,1.0002956863086736,-0.5267547969094322,9325113.967234824,8394510.0,1844813.0,3617543.0,3749838.045596371,1348899.4912133138,1280167.6147394523,0.05398901897555226,0.05957724888082718,0.05482572662257156,0.07068042043032424,0.053793583612744826,0.07587167225489656,0.151358581139266,0.11551451412936599,0.08809859714053635,0.1274605006809701,0.11091567574830369,0.03791446038464122,3.812982778476866,0.1483135932398945,0.4795954049114105,0.08571428571428572,0.417030937802592,0.20516719911193917,0.000984850192089849,1138.4954984539665,401.4832300343841,0.033306655991471576,Kristian,REC_20260515_155937.csv
left,162,loose,183.84,1.1359999999999957,0.014084507042253521,20904.0,1.4708593417627733,30333.450479627274,1715.625,0.849895930128849,0.334052757793765,0.48609112709832136,0.23735414954806902,0.3550698438783895,0.6684717208175487,4170.0,2535.4166666666665,20.700000000000003,583.7083333333334,0.23022185702547251,9.0,-2.4714285714285715,6.5285714285714285,0.8550945603281299,-0.680944908241166,9104987.434026364,8553335.0,2338392.0,2067167.0,3830387.3381669545,1511197.597690377,1007220.9286121121,0.057441796768008764,0.07402903314160506,0.05401807723911258,0.06920295809367298,0.0641194193371679,0.06663379895918928,0.14535195836757053,0.1257518488085456,0.08108463434675432,0.12041084634346756,0.11160230073952342,0.030353327855382087,3.8396136703435584,0.15212088705628274,0.4838261234204487,0.056338028169014086,0.47243204738104544,0.2213105617143469,0.0012045059944337108,418.4618660442906,214.9094491297012,0.042332020977042396,Kristian,REC_20260515_155937.csv
left,163,loose,184.992,1.1200000000000045,1.0,21962.0,1.5739854922724636,32811.60450206603,1593.75,0.7895208094093132,0.3597626752966559,0.46817691477885653,0.24320824721731119,0.3427438432231878,0.7095918775078487,3708.0,2262.478873239437,-3.0999999999999943,532.2676056338029,0.23525859707662045,1.6285714285714286,0.0,1.6285714285714286,0.8943154459930585,-0.7729566900319114,9523579.475326754,8506909.0,1848478.0,3861890.0,3870447.5240769032,1516873.064529093,1174564.5928904766,0.05739684753106402,0.07018974576060161,0.0551121790881247,0.06888866754650265,0.061542867103264516,0.06857117956124405,0.1449301526432431,0.12349660101098134,0.07355138325157498,0.1252023207749197,0.11971164620632983,0.03140640952214945,3.7031394901980694,0.14222608634035996,0.4840593385954272,0.08571428571428572,0.43919058907349545,0.20903462504723833,0.0016465678441532714,873.5252333695149,211.06092068306626,0.009237604307030892,Kristian,REC_20260515_155937.csv
left,164,loose,186.128,1.200000000000017,0.013333333333333334,18640.0,1.2501810763998817,29921.81314693346,750.0,0.3715392044279121,0.33784461152882206,0.5426065162907269,0.25109100296187603,0.34524605309638323,0.7272813134564,3990.0,2421.1184210526317,29.200000000000003,590.5723684210526,0.24392543680878234,9.0,-0.6756756756756757,8.324324324324325,0.7030818111823569,-1.1413611342449201,9168352.474695167,8417722.0,2935818.0,2140471.0,3822672.4729903545,1335815.4791681452,1037724.4870542346,0.051449688867150345,0.05863971087742181,0.05043341213553979,0.07292736610418195,0.05866144941713539,0.07391103502622211,0.14246352001304313,0.12655634357762016,0.08110649167142198,0.12269775277845711,0.12453465938425586,0.036618570147550336,3.82530442143199,0.12091131856343004,0.5015823701234722,0.08,0.469902191622435,0.21972059907633285,0.0005753964701242502,1697.0928083048193,525.8642440069489,0.04233202097704293,Kristian,REC_20260515_155937.csv
left,165,loose,187.344,1.1520000000000152,0.0,18937.0,1.2791304778189538,33942.15684071948,1270.8333333333335,0.6295525408361845,0.3250998003992016,0.5773453093812375,0.22906964323862422,0.39505981627857295,0.5798353408762579,4008.0,2564.931506849315,28.0,570.027397260274,0.22223883785515916,0.0,-0.6666666666666666,-0.6666666666666666,0.6892170437333351,-1.2165601373667507,10186586.198650949,9158091.0,3750712.0,2414139.0,4071835.3963596025,1406724.4118498417,1047901.4812132234,0.05244071779534288,0.06907712027344584,0.035382396923734245,0.08540910061952574,0.0705458235419782,0.08051698355052339,0.13234885708182012,0.11754966887417219,0.08951078829309976,0.11320764793847468,0.11151997436445205,0.04249092074343089,3.686226668972641,0.15264896438905698,0.47370692285694466,0.08333333333333333,0.464870629163341,0.20240109322685104,0.0010776716515298144,1838.22912971514,425.726163400493,0.04026578365478406,Kristian,REC_20260515_155937.csv
left,166,loose,188.512,1.1359999999999957,0.0,19990.0,1.3817692646683903,34438.534507147655,979.1666666666666,0.4850650724475519,0.33966809421841543,0.4892933618843683,0.2446918927999328,0.35937340636792875,0.6808848080125373,3736.0,2314.9861111111113,16.799999999999997,548.8611111111111,0.2370904553063073,0.0,-0.056338028169014086,-0.056338028169014086,0.7085749513932196,-1.0702217879953744,9974469.639514122,8848993.0,2861292.0,3605326.0,4114106.4145910423,1351971.9678203252,1352387.0830822708,0.05634783026056072,0.06905488993814457,0.03941708313584794,0.07781424174611078,0.058297685971238127,0.07609836872071465,0.14295142159480195,0.1249107566040113,0.07810821999172061,0.12150900833338332,0.1197811361959215,0.03570935750754444,4.008976576030738,0.1798742739147705,0.5044870702978703,0.08450704225352113,0.45993655744433326,0.20861796747369618,0.0015397946559000775,709.4032703617601,261.0409184612834,0.033306655991468,Kristian,REC_20260515_155937.csv
left,167,loose,189.664,1.1200000000000045,0.0,19205.0,1.305253170008554,31343.979661172576,960.9375,0.4760346056732624,0.3551349846924576,0.48232674645143336,0.22911856669789044,0.34832513160151457,0.6577721384734736,3593.0,2135.1267605633802,-13.700000000000003,472.1830985915493,0.22114991358497038,0.0,-1.9428571428571428,-1.9428571428571428,0.9910981412933341,-0.5489312200706591,9445182.377814947,8574104.0,2367713.0,3176499.0,4051421.91831175,1287220.623535215,1232380.5510658957,0.05915141760227978,0.0703589851841102,0.05616976925208122,0.07206749607504255,0.05648640447511115,0.0716453157776693,0.14567199229520955,0.11810493819016583,0.07776693008958138,0.12252463817829201,0.11101362850772459,0.039038484372732433,3.6941370988827225,0.14412970461408325,0.47943321685256585,0.05714285714285714,0.4702943050479541,0.20604565637852662,0.0012171340543470415,547.2443086349018,173.8951669249623,0.01600000000000665,Kristian,REC_20260515_155937.csv
left,168,loose,190.8,1.1519999999999868,0.0,17549.0,1.1438383257325169,30269.31887241601,3406.25,1.687407220110101,0.3296137339055794,0.5187410586552218,0.2299871892768568,0.3561948996914068,0.6456779405763844,3495.0,2170.698630136986,8.799999999999997,483.47945205479454,0.22272988306270947,0.0,-0.05555555555555555,-0.05555555555555555,0.720679331595773,-1.0700007974026755,9122560.690125223,8243015.0,1604132.0,3563787.0,3888314.1892065965,1298274.2789010815,1442501.678497763,0.05461911763777839,0.07021285994661147,0.055262809145467974,0.07040218097828488,0.05786281798044945,0.07638472557916459,0.14619370065820614,0.11936059976902837,0.08133231520689635,0.12112759606464682,0.11062658950782843,0.03661468752563723,3.9024622074744495,0.1631979872333519,0.5034330063305676,0.05555555555555555,0.4629688136761713,0.18506057529075148,0.0013642009128436658,1246.1301430160888,1406.569054598106,0.015999999999992385,Kristian,REC_20260515_155937.csv
left,169,loose,191.968,1.136000000000024,0.0,16333.0,1.0253114835588084,28995.035057747387,630.2083333333334,0.3121961370540095,0.36025039123630676,0.5092331768388106,0.24093386350510812,0.3412969736396647,0.7059361263459208,3195.0,2092.2638888888887,5.799999999999997,488.625,0.2335388965965893,0.0,-1.0422535211267605,-1.0422535211267605,0.6074767624650533,-1.3092357792610112,9427681.807872282,8360301.0,2141693.0,3794694.0,3716066.152081913,1421147.7055051043,1421118.5664839612,0.05711516632037334,0.06480221450714604,0.04286292758375763,0.07319955125694523,0.05586718267692492,0.07185199445045573,0.1517627768963709,0.12129338900579517,0.07557603074819276,0.12933226236864642,0.11964047449931296,0.03669602968607901,3.8138575141313416,0.1480696695884664,0.48427719567862554,0.056338028169014086,0.4848959274425156,0.20948407311066494,0.0014278292588218479,1441.606511269048,1516.319136341342,0.015999999999992385,Kristian,REC_20260515_155937.csv
right,0,loose,1.584,1.3279999999999998,0.0,7652.0,0.2380380298986424,13922.25577986556,554.6875,0.2734201507325648,0.2842789598108747,0.3735224586288416,0.2640372040510481,0.3129145637462114,0.843799664961323,3384.0,1771.4404761904761,13.599999999999994,456.3154761904762,0.25759571508255996,0.0,-0.08433734939759036,-0.08433734939759036,0.7622665591011739,-1.1693643719859823,4216310.523307314,3236364.0,2263866.0,1475850.0,1928275.6029696264,1159407.5454700307,766245.5177122818,0.053655553390098185,0.0840652952601125,0.04575238069636629,0.054703933441307515,0.04995934167109092,0.06313801654558773,0.16841956707280192,0.13798966404795668,0.061047976828112714,0.12345347141484266,0.12604754000309137,0.03176725962863153,3.1614738819511965,0.17166862695641483,0.5411668123562625,0.04819277108433735,0.4140692383813153,0.11768649641116027,0.0007799473018822126,0.0,0.0,0.0,Kristian,REC_20260519_154547.csv
right,1,loose,2.928,1.3440000000000003,1.0,11509.0,0.6416701459255065,19836.463041580773,1057.2916666666665,0.5211670478752174,0.3321190042501518,0.4684274438372799,0.2562401050965069,0.2957860342911039,0.8663022434788438,3294.0,2095.5529411764705,-21.700000000000003,524.9705882352941,0.25051649992701636,1.7738095238095237,0.0,1.7738095238095237,0.32941572770058347,-1.6947248782493753,6541872.298086764,5595525.0,2503325.0,2284635.0,2911526.3667136496,1128932.376279918,1039438.471684481,0.05181280246123444,0.08343158060205927,0.045446379447794207,0.050431726569429944,0.04496917842826827,0.06061014360943623,0.2053367916371925,0.1333468072444729,0.05634340508191016,0.11827286915709458,0.12289329785203398,0.027105017909073555,3.450109840850036,0.12411029995780165,0.4799618519959931,0.07142857142857142,0.48128128718037655,0.20645174199643038,0.0009467944341194825,2727.3108550365137,355.3948145026136,0.011313708498985085,Kristian,REC_20260519_154547.csv
right,2,loose,4.288,1.12,1.0,15903.0,1.1014989034629814,25586.6656287997,927.0833333333333,0.45698391390043697,0.36935341009743133,0.5482728077945084,0.2451735786197331,0.30419230029001665,0.8059821973981756,3387.0,2122.2676056338028,20.299999999999997,503.73943661971833,0.23735905654993,2.1,0.0,2.1,0.5479438582114824,-1.4149296026452716,7987714.25386393,7010289.0,2173458.0,3152064.0,3694691.6294580163,1561316.4693070531,1390148.4270076551,0.04978066245910234,0.07420311784498378,0.045546551987310946,0.055381899509559934,0.04467052913107824,0.06402930694646307,0.2091371838519787,0.13075304782952063,0.06590744685793165,0.11610621113478142,0.11442053079021244,0.03006351165707687,4.289544017699331,0.22690338076805242,0.5992429579990977,0.05714285714285714,0.5167934453096356,0.22052142774966277,0.002396559259613443,4128.411437829325,260.8460002581876,0.12496399481450643,Kristian,REC_20260519_154547.csv
right,3,loose,5.424,1.1679999999999993,0.0,16759.0,1.1910786523141599,29250.156888468136,942.7083333333333,0.4646858899774106,0.34641255605381166,0.48346412556053814,0.2462204142970035,0.32611314790584395,0.7550152941632726,3568.0,2086.2432432432433,-31.200000000000003,497.9864864864865,0.23870010752548873,0.0,-2.0547945205479454,-2.0547945205479454,0.6488071732231598,-1.1425001825818655,8384374.133498398,7417125.0,1549154.0,3589444.0,3676409.2966523003,1315838.973906593,1374578.0367406243,0.04309440219714733,0.06690546825407108,0.023480716663859775,0.05909367672397041,0.043457138785609715,0.07465248539337488,0.2291329300047933,0.13783990361570647,0.08200437874881787,0.10124885025456336,0.10838051068129703,0.03070953867678874,4.384916770561895,0.1828735736312218,0.547764324859489,0.0410958904109589,0.5198220782406835,0.2024006665779384,0.002459834775375014,2816.690492995873,71.09581676890005,0.11793783673331211,Kristian,REC_20260519_154547.csv
right,4,loose,6.608,1.2160000000000002,1.0,15405.0,1.0493835822855435,29138.578826016892,547.9166666666666,0.2700826277658762,0.35259259259259257,0.5434074074074075,0.21527833461835003,0.3544672320740169,0.6073292963032163,3375.0,2105.5194805194806,2.299999999999997,438.66883116883116,0.20834232845026984,1.7236842105263157,0.0,1.7236842105263157,1.0496773410245033,-0.5216557941404285,8742840.7431586,7735997.0,2531425.0,3191160.0,3739291.4621993992,1436152.6678447376,1252498.9787083126,0.04463222821896685,0.06829915188897456,0.029495759444872784,0.06452428681572861,0.04592752505782575,0.08347879722436391,0.22158211256746338,0.12122744795682344,0.09223747108712413,0.09792444101773323,0.0940508866615266,0.03661989205859676,4.322690269962154,0.14319534120554425,0.533297001408415,0.05263157894736842,0.5018160489904241,0.2203775841878616,0.0028543986926066697,684.8425609826944,223.55907563980927,0.047999999999999904,Kristian,REC_20260519_154547.csv
right,5,loose,7.84,1.104000000000001,0.0,16252.0,1.138021487982913,30521.343908812403,1453.125,0.7162837751585501,0.3513750731421884,0.5254534815681685,0.24344835427207095,0.31943891762833265,0.7621123815443932,3418.0,2010.4,-14.0,473.0785714285714,0.235315644363595,0.0,-1.6376811594202898,-1.6376811594202898,0.7504450551659453,-0.9226261445940103,8898854.642607048,7863057.0,1301142.0,3958406.0,3719048.434920807,1168481.960874038,1381399.5903859958,0.04343130009664033,0.061345290205218575,0.03810187027457222,0.05838923313057814,0.03936672161900972,0.08143368768120061,0.2101713944630777,0.13118924450002842,0.07890398499232562,0.10688704451139787,0.11225910977204251,0.03852111875390824,4.242967479297595,0.18633086807430835,0.5362315069235303,0.057971014492753624,0.5024751757495064,0.17024833622530477,0.0008642446941263174,684.0777246288139,453.8332587372934,0.05619015334854731,Kristian,REC_20260519_154547.csv
right,6,loose,8.96,1.1999999999999993,1.0,17377.0,1.255751882209053,28074.480440428455,1004.6875,0.4952370617494062,0.363264112313542,0.5171102661596958,0.2395795281343293,0.3389849723506368,0.706755601797523,3419.0,2089.1315789473683,21.0,484.6907894736842,0.2320058699787119,1.0533333333333332,0.0,1.0533333333333332,0.7961797895641392,-0.909472728771834,8395315.453730432,7431786.0,1940107.0,3389080.0,3707659.875520904,1227617.1398239944,1242898.8540692765,0.042815574338367746,0.06664189350901283,0.024336478264703292,0.06257321727738799,0.04538526458992027,0.08018945167344779,0.2072316626147858,0.1322571705694887,0.0841951453008679,0.10977238086840414,0.1073223575648406,0.03727940342877298,3.864610720298509,0.14394948266850033,0.49517320529607245,0.08,0.46776202474708495,0.20885670395328026,0.0014598216559820545,989.2604982173985,452.6105596658841,0.06057502235520209,Kristian,REC_20260519_154547.csv
right,7,loose,10.176,1.1679999999999993,0.0,16506.0,1.1646023947681925,29151.776086544025,3734.375,1.840772282396704,0.3657243816254417,0.45259128386336867,0.2540779745325662,0.31891895555058586,0.7966850828716754,3396.0,1994.0675675675675,-24.5,490.60135135135135,0.24603045520157765,0.0,-1.4931506849315068,-1.4931506849315068,0.6315492237355208,-1.1854052066156007,8656460.607478093,7611380.0,2183232.0,3497814.0,3798408.5813152227,1364526.806601507,1334366.0185092513,0.038004621817417886,0.062055692222199636,0.02536578093127588,0.05468924715880212,0.04427321582260896,0.07775089623952129,0.22482227688887987,0.13986758018717685,0.08014990410745387,0.10336064407262081,0.11421039434538938,0.035449746206653525,3.501266106963418,0.12759678638336278,0.4545239488287536,0.0273972602739726,0.42793534054793364,0.180670980214052,0.0027994293282681973,590.0257056547082,1463.8073416928028,0.048880807412861174,Kristian,REC_20260519_154547.csv
right,8,loose,11.36,1.088000000000001,0.014705882352941176,18200.0,1.3418782061629313,28329.586036509605,1109.375,0.5468403014651296,0.3597122302158273,0.49264935877385047,0.2514840515918465,0.3102547403564718,0.8105727935131032,3197.0,1936.0434782608695,-1.7999999999999972,471.22463768115944,0.2433956897003451,20.0,-1.7761194029850746,18.223880597014926,0.6353017151226991,-1.3005756646476059,8680286.718407579,7343821.0,3057991.0,3473379.0,3686586.937465271,1499073.0568795283,1417593.7922508013,0.05019200970154282,0.07379460576253678,0.027225703099852533,0.057153764962159494,0.04328265474933938,0.07151893522573305,0.20990814974510993,0.13479605051389731,0.06450477965670313,0.12177083099403387,0.1166880010779492,0.029164514511142554,4.444170892900062,0.14341806506355725,0.4962233012858472,0.058823529411764705,0.4831271413619997,0.19689506459910244,0.0032637175378397126,847.1133336218966,1546.6511306859356,0.057688820407422785,Kristian,REC_20260519_154547.csv
right,9,loose,12.464,1.1839999999999993,0.9864864864864865,19009.0,1.42653944076644,30243.14459509791,794.2708333333333,0.3915171172461609,0.3415898617511521,0.5014400921658986,0.2353279255979205,0.34247031623496216,0.6871483875879335,3472.0,2041.52,1.5999999999999943,465.41333333333336,0.22797392792298551,1.4383561643835616,-15.0,-13.561643835616438,0.9513252913124852,-0.6527135734962974,9036602.152841575,7898487.0,2615724.0,3525914.0,3793295.90133695,1278452.1826068072,1297391.495171647,0.041844638635265226,0.0775957783089724,0.03255090977964131,0.0563109839727262,0.04599187533471792,0.07990125004898312,0.2036913672165837,0.13042569588672492,0.08267042856956255,0.10228326606319474,0.10490222971119557,0.04183157647243231,3.6886068898394355,0.13159201605617055,0.4683052017833533,0.05405405405405406,0.4140043331262358,0.18924646381847296,0.0014282045203585492,1277.3100641582696,1614.214367564058,0.051432804058628025,Kristian,REC_20260519_154547.csv
right,10,loose,13.664,1.152000000000001,0.0,15510.0,1.0603717524133165,27640.67707202557,1078.125,0.5314363493111823,0.3674024795887511,0.5040822497732084,0.25830569300201184,0.2979786308520472,0.8668597887807468,3307.0,2015.4520547945206,-3.299999999999997,504.0342465753425,0.25008496003479963,0.0,-0.1527777777777778,-0.1527777777777778,0.5699369880850544,-1.3040139104362565,8742091.984878048,7701788.0,2277305.0,3452610.0,3813100.2936570486,1517432.6549171337,1309919.8957480122,0.043445163395138924,0.06418220868903267,0.03246153009624273,0.055550269153390244,0.04127698330705236,0.06900114186286771,0.21507802729595998,0.13928008264912184,0.06796802783970421,0.1161097819585667,0.11902561035289,0.036621173400032625,4.5728774289476055,0.20476938727742278,0.549960083218374,0.05555555555555555,0.4899300654006032,0.24302723419424035,0.0007307514414023585,1831.8288675528624,173.6089409586597,0.04888080741286146,Kristian,REC_20260519_154547.csv
right,11,loose,14.832,1.1839999999999975,0.02702702702702703,14199.0,0.9231765996751213,28922.243585171604,1382.8125,0.6816248828121687,0.34278495227400335,0.5743964065131948,0.2344050768103523,0.36139363908448513,0.6486142849770855,3562.0,2147.28,-24.400000000000006,487.37333333333333,0.22697241781851146,11.0,-0.3611111111111111,10.63888888888889,0.7726220686042071,-0.9922721726881321,8956193.011348348,7738440.0,1651779.0,4195422.0,3872463.70410106,974879.2463915016,1303135.039545215,0.04521068514585894,0.08038697018243235,0.02670044583535139,0.06862014579685306,0.0527364852278231,0.08660879500267003,0.1906660208884418,0.12626827117717918,0.0730412428747066,0.10565304322988463,0.10813680563317311,0.03597108900562571,4.516368528250523,0.18228029057423042,0.5246609329793208,0.08108108108108109,0.5548390619055016,0.17724734640260795,0.0017549437460978314,2486.557928811098,294.33228217811285,0.018475208614066214,Kristian,REC_20260519_154547.csv
right,12,loose,16.032,1.1679999999999993,0.0,15218.0,1.0298141745341762,29764.97589449721,1312.5,0.6469659904657872,0.36134969325153377,0.5042944785276073,0.25731335215755446,0.3458132703646541,0.7440817753634219,3260.0,1899.9864864864865,8.0,473.2837837837838,0.24909849998933137,0.0,-0.6301369863013698,-0.6301369863013698,0.9043842176658633,-0.6034447765978261,8579603.512540484,7577172.0,2431243.0,3207042.0,3757579.851244445,1279962.9737207924,1274518.6626659874,0.04379832004495053,0.0737487464348964,0.03486511283864039,0.06014978769408033,0.048648994658567986,0.08434626135321019,0.17337961151928533,0.14101096024865042,0.07891948022389918,0.10886279418772538,0.11630239190890404,0.03596753888718981,3.6643274535420236,0.11683710362922922,0.45856378261138747,0.0821917808219178,0.4763734673965673,0.1624293990304585,0.0015814793736427999,688.2763495379883,159.53576450517363,0.015999999999997926,Kristian,REC_20260519_154547.csv
left,0,loose,1.968,1.6320000000000001,0.9901960784313726,13428.0,0.8424920361654734,18145.18101315057,2296.875,1.1321904833151277,0.3342635658914729,0.4232558139534884,0.20688988163772853,0.3121309814396905,0.6628303306616459,3225.0,2108.0582524271845,20.200000000000003,427.6116504854369,0.2028462211578317,3.900990099009901,-6.0,-2.099009900990099,0.6821903540923755,-0.4386585214005212,6209216.088210814,5137376.0,1745852.0,3018896.0,2384862.634466769,878411.1536180859,1048043.7932861067,0.07198452539953024,0.06240961635886335,0.08927370699580897,0.06637037719338645,0.041546538939805644,0.0662966886197209,0.15066089439506286,0.10601943536130429,0.07550776032791416,0.13499746695528025,0.10087044627642426,0.03406254317689863,3.3815184734950385,0.16325018967988053,0.5270675742434735,0.058823529411764705,0.4236387819767633,0.06595271640537528,0.0019604272519344974,0.0,0.0,0.0,Kristian,REC_20260519_154547.csv
left,1,loose,3.616,1.2479999999999998,1.0,16257.0,1.1385447341794734,26528.402401954023,516.3690476190476,0.2545319713057009,0.35587292334596327,0.513552900029146,0.22487384292452542,0.34589920858173206,0.6501137827005953,3431.0,2074.46835443038,3.5,452.06962025316454,0.21792071172726885,2.08974358974359,0.0,2.08974358974359,0.9126712267706593,-0.6514972971218116,8054321.772557513,7236309.0,1527163.0,3189938.0,3505871.8380931555,1062750.603616848,1313824.4342713295,0.06425315621510468,0.061092364674798484,0.05762037551179805,0.07849502388899397,0.04584978307695124,0.07406503420122892,0.1445177352135365,0.11576551564225698,0.08639700273975946,0.12282543033749686,0.10910832728226845,0.0400102512158064,4.8287166644690185,0.18843178584958384,0.552677256153027,0.10256410256410256,0.6090005944352317,0.19337846925343,0.0016618892407493815,2000.4050839767428,1259.0078328715836,0.2715290039756345,Kristian,REC_20260519_154547.csv
left,2,loose,4.88,1.1360000000000001,1.0,16927.0,1.2086597245185968,32858.055176775146,458.33333333333337,0.2259246315912273,0.36930523917995445,0.44533029612756264,0.2238685287504699,0.33860797650880564,0.6611436950136657,3512.0,1958.1805555555557,-5.599999999999994,420.88194444444446,0.2149352077112399,1.056338028169014,0.0,1.056338028169014,1.2906746888636722,0.04213519883084338,8959360.06840723,8024325.0,1942551.0,3479488.0,3898436.0175618576,1202558.823830079,1346221.8345909973,0.06304747178857925,0.07054451056465398,0.049713098184964784,0.07467249218024101,0.04657810183773202,0.07014731645731227,0.14108192837739114,0.10944116207647404,0.07666555546886636,0.12996758612374015,0.11442736667399585,0.05371341026604912,4.0661585927977635,0.13240655801854256,0.4647014713456771,0.09859154929577464,0.5305889197885781,0.16801219761655006,0.0013384863940362405,1857.199594371411,1045.1319733783305,0.2601332991628203,Kristian,REC_20260519_154547.csv
left,3,loose,6.032,1.2000000000000002,0.013333333333333334,12562.0,0.7518657949211736,29030.651542809024,796.875,0.39280077992565654,0.3614525139664804,0.4793296089385475,0.22999623871614847,0.33214643931795385,0.6924543258332209,3580.0,2098.9473684210525,-0.20000000000000284,466.14473684210526,0.22208500501504516,60.0,-0.05405405405405406,59.945945945945944,1.0932968177443296,-0.4555598781227732,8420581.909595143,7451334.0,2613281.0,2924822.0,3615838.6677173134,1240634.3983709977,1189386.4868569765,0.06504513540621866,0.0691073219658977,0.06046890672016048,0.06917627883650954,0.050608074222668005,0.0695398696088265,0.13849047141424273,0.11089518555667002,0.07371489468405217,0.13387662988966903,0.11910105315947844,0.039976178535606824,4.160684380092658,0.12572277656242423,0.5184020868312007,0.08,0.6116725377585935,0.1904724644292148,0.001147280784695849,2350.714430409047,181.04428257714684,0.0561901533485477,Kristian,REC_20260519_154547.csv
left,4,loose,7.248,1.1360000000000001,1.0,17884.0,1.3088090465403,32800.8690586088,1621.875,0.7994651167898656,0.3628040805650013,0.42950562385561075,0.23098975467619137,0.33332214359566553,0.6929925272413259,3823.0,2068.6944444444443,-27.0,459.24305555555554,0.22199656251258845,1.3380281690140845,0.0,1.3380281690140845,1.200181142446103,-0.13854944923833523,9057227.543077296,7914370.0,2695137.0,3483153.0,3899378.9402806936,1263547.1471514981,1320566.770042985,0.060975118499321905,0.06223060706564796,0.061599505861184595,0.06760839498878789,0.048111396076430384,0.07274448457830356,0.13993662132584964,0.11365192754421066,0.08262726088649577,0.1288654948773381,0.11733782713198072,0.044311361164448865,3.6723669380965336,0.10738495255798099,0.44713255680738584,0.11267605633802817,0.5438576114292801,0.2154440191252233,0.0015638617862187719,2837.039478047494,598.4792770206401,0.036950417228136016,Kristian,REC_20260519_154547.csv
left,5,loose,8.4,1.1359999999999992,0.0,13783.0,0.8796425161212775,27165.65911219531,1060.763888888889,0.522878598114545,0.37250199840127896,0.45643485211830537,0.24766138742243218,0.30321253258180186,0.8167913948452249,3753.0,2099.4166666666665,2.299999999999997,500.7291666666667,0.23850871273766525,0.0,-0.4084507042253521,-0.4084507042253521,0.984164194173408,-0.5775056303039636,8501110.928044287,7235087.0,2547308.0,3665191.0,3656218.467749404,1223798.5931283475,1443506.745812777,0.07031715158972732,0.07162042366265763,0.057529207848741055,0.06579870069728364,0.04886277934346842,0.05780706280845209,0.14083938660209847,0.11812143584858228,0.05912356606994007,0.1457150795855992,0.12953995157384987,0.03472525436960002,3.466486715733359,0.0888184734938743,0.43502523354930095,0.08450704225352113,0.5234625278088401,0.18896258448431252,0.0012602868956419942,2787.852399249285,421.32885507074667,0.03695041722813624,Kristian,REC_20260519_154547.csv
left,6,loose,9.552,1.120000000000001,0.0,17563.0,1.275216640721108,31068.88517472103,1460.9375,0.720134763197037,0.37476255088195387,0.42116689280868386,0.24224562167754585,0.3169068249419741,0.7644064520274432,3685.0,2069.2535211267605,23.200000000000003,483.09154929577466,0.23346175051219398,0.0,-2.585714285714286,-2.585714285714286,0.9930942654308405,-0.561042378238136,8996147.396909691,7986452.0,2546086.0,3265685.0,3786469.608168679,1376623.8417653486,1463189.2807478972,0.05921710897990022,0.060850684400035396,0.06197376750137833,0.06397489739104392,0.04318084360557321,0.07007357895954859,0.14000422006983537,0.1155686544103133,0.07882682058577292,0.13489249031766237,0.12667696726723252,0.044759966511703886,4.5054566832100535,0.162101693683671,0.5087479874966327,0.05714285714285714,0.5455533352093408,0.1815989081798309,0.0023930438844899774,2280.7031810386893,288.9306367014702,0.009237604307032703,Kristian,REC_20260519_154547.csv
left,7,loose,10.688,1.1839999999999993,0.02702702702702703,17812.0,1.3012743013098271,28873.49000380799,2104.166666666667,1.0371994450324526,0.3600811123986095,0.5561993047508691,0.25654024051803886,0.3518963922294172,0.7290220820179693,3452.0,2162.0,16.099999999999994,538.2533333333333,0.2489608387295714,8.5,-0.1527777777777778,8.347222222222221,0.7940723058796265,-0.9162193124719842,8802274.329782559,7856948.0,2233323.0,3280346.0,3779636.2383256527,1035358.5002727761,1295012.4286703842,0.05367252543940796,0.07533148319457293,0.036213382670366945,0.06903484427998767,0.06918902251002158,0.06356460067838422,0.14286154794942954,0.13119950662966387,0.07477644156645082,0.12175146469318533,0.12534073388837497,0.03706444650015418,3.980622543517173,0.18100995058702857,0.5083189738230544,0.08108108108108109,0.48054353191246507,0.24118055433006513,0.0010275642326656907,2257.6994928466447,526.3984606985446,0.03330665599145729,Kristian,REC_20260519_154547.csv
left,8,loose,11.888,1.1359999999999992,1.0,17870.0,1.3073439571899304,29287.559731053047,1062.5,0.5237343732342087,0.3643804685294948,0.45611064069997176,0.23141029562711152,0.3381052402607555,0.6844327388960518,3543.0,2043.2083333333333,-3.700000000000003,455.2291666666667,0.22280115015192611,0.6901408450704225,0.0,0.6901408450704225,1.0323826740094313,-0.5403117752187856,8806038.789306404,7859392.0,2262644.0,3264463.0,3836123.21379819,1249497.2559426897,1294939.9457559907,0.06024022676754288,0.07229235067398088,0.05760276253985086,0.06756802686406863,0.048623148506909755,0.07064053673756551,0.14134904935728804,0.11593966460699744,0.07898117747823073,0.12740039833866945,0.11547063102011407,0.04389202710878181,3.987583116417726,0.15517980486159813,0.4972218311221932,0.09859154929577464,0.490115428910743,0.2320322929703737,0.001300548535273749,163.10221743842024,525.605309254861,0.03330665599145729,Kristian,REC_20260519_154547.csv
left,9,loose,13.04,1.136000000000001,0.014084507042253521,16903.0,1.206148142775106,27500.0410726966,1539.9305555555557,0.7590725311417371,0.357004160887656,0.44826629680998614,0.23348149593133427,0.3651766804146695,0.6393658424899642,3605.0,1993.5555555555557,5.599999999999994,447.8888888888889,0.22466837587782856,3.0,-0.5857142857142857,2.414285714285714,1.4016918482337581,0.37227008842066533,8413613.928528454,7511198.0,2535090.0,2818532.0,3895853.62548145,1016375.3287800063,1147198.4776648763,0.05666871028870806,0.07813370861665365,0.05369384683981719,0.07002424478876379,0.0580760227399398,0.07966642514769814,0.1249790993200312,0.11567132984059748,0.07927627912161408,0.11862529260951955,0.11781016609073681,0.047374874595920186,4.458995204525503,0.18326187782774012,0.5510861112799482,0.07042253521126761,0.5177778353408442,0.12840303602079667,0.005008621907375866,542.3304650610451,521.4358012424797,0.02771281292110138,Kristian,REC_20260519_154547.csv
left,10,loose,14.192,1.2159999999999993,1.0,18210.0,1.3429246985560526,33099.86445591583,1453.125,0.7162837751585501,0.34997287032013025,0.4346174715138361,0.2369303670882181,0.3399119972922244,0.6970344353106117,3686.0,2110.3246753246754,-4.900000000000006,483.5584415584416,0.22913935813409644,0.631578947368421,0.0,0.631578947368421,1.0003588052207362,-0.6111039151648927,9221098.552782688,8370075.0,2559525.0,2901609.0,4083884.8708532494,1250003.4614188368,1163841.011375174,0.06048186098033786,0.06022954552447768,0.04867842087448845,0.07546078340872027,0.0504877073140712,0.07459921843749037,0.14073663805040154,0.11996676820825256,0.07913474260746485,0.13031785593402875,0.11696359887996553,0.042942859780300935,3.4652679293059276,0.11470254399616657,0.4582216426884465,0.10526315789473684,0.46855599545292864,0.2018682411115958,0.0017031300072475372,678.1024996267126,254.31706931780866,0.04618802153516951,Kristian,REC_20260519_154547.csv
left,11,loose,15.424,1.152000000000001,1.0,17051.0,1.2216362301933004,30692.947154028723,843.75,0.4159067081565775,0.3646067415730337,0.4646067415730337,0.25341839036020364,0.32446033893936466,0.7810458165341289,3560.0,2125.890410958904,17.900000000000006,521.054794520548,0.24509955538372322,0.19444444444444445,0.0,0.19444444444444445,0.7602235370790538,-1.1326667184267907,8711255.06292968,7805636.0,2458121.0,2985909.0,3879160.99446595,1274954.1675879848,1328296.206381245,0.06329016044848251,0.0746117662220504,0.048437399316966306,0.06953411946646047,0.053946774921064505,0.06318061730781623,0.14017011405374058,0.1252400283523423,0.06318706102197306,0.1340034796056447,0.12817836200786134,0.03622011727559766,3.6434152366972783,0.1301535017958309,0.4666415028050037,0.09722222222222222,0.47898041605601194,0.1961840898865948,0.0009764222428941391,715.7087396420388,379.3723898392252,0.042332020977032384,Kristian,REC_20260519_154547.csv
left,12,loose,16.592,1.1680000000000028,1.0,15908.0,1.1020221496595421,29783.57708536703,1056.25,0.5206535828034192,0.35884907709011943,0.4180238870792617,0.2594524033992392,0.3190643521601255,0.8131663773853175,3684.0,2049.7432432432433,1.0,514.0675675675676,0.2507960786123509,0.2465753424657534,0.0,0.2465753424657534,0.9706890142643916,-0.59277811608424,8694262.143772408,7778757.0,2459343.0,3005456.0,3716341.208099105,955570.7097017834,1400556.4353740448,0.06029759824895669,0.06944838180128032,0.04044672701261199,0.06973846427700238,0.052115953876886355,0.0607327219625398,0.1480211760207277,0.12648255219836368,0.06702883024241665,0.13811881514494234,0.1329698512008755,0.034598928013396535,3.7396472894251405,0.14481727125115057,0.46903608127608126,0.0821917808219178,0.4388420065062149,0.2117726387181465,0.0009277122695475763,1151.009267266484,309.30133803191575,0.03330665599145677,Kristian,REC_20260519_154547.csv
right,119,loose,139.104,1.1999999999999886,1.0,13266.0,0.8375259226017505,27440.304699474458,218.75,0.1114382880009798,0.31026412571046474,0.5757271815446339,0.21527377095261344,0.38575740091429583,0.55805480450167,2991.0,1778.7631578947369,-0.29999999999999716,370.75657894736844,0.20843504504904353,0.09333333333333334,0.0,0.09333333333333334,0.7237547138992264,-1.1158157404587958,8455405.062470337,7428121.0,1784948.0,3623652.0,3852915.1681868383,1283591.883935302,1136383.2597921581,0.054228988208838196,0.06955601911440533,0.03933099581317592,0.07380941813501397,0.04395425561818532,0.1011791161806696,0.16755433254922847,0.12107022916574202,0.09725859186602162,0.09828680484665571,0.09420354178687143,0.0395677067151924,3.5182993454390084,0.14400618876077007,0.4735013633107374,0.08,0.46839437472891426,0.1457289066582131,0.001743010554204104,4559.143596480959,310.27856267929957,0.03199999999999654,Kristian,REC_20260519_155900.csv
right,120,loose,140.32,1.200000000000017,1.0,15573.0,1.0815824864995227,28818.779380813477,1084.375,0.5524155133762856,0.35314324974235656,0.5702507729302645,0.23399530533924515,0.36484220723573907,0.6413602941166515,2911.0,1765.7236842105262,3.0999999999999943,400.39473684210526,0.22675956630276836,1.52,0.0,1.52,0.6480614015415604,-1.1567349370014819,9359367.903936408,8054869.0,2206445.0,4224743.0,4043837.6778372414,1264363.6168391833,1481544.154474785,0.05199895674205447,0.062610380416558,0.03269868474980439,0.07139610268638921,0.043667796862774326,0.08986922016468572,0.16839673609299902,0.12930437050560753,0.0972987071053318,0.11303699839785387,0.10469093483363762,0.035031111442304114,3.893081870215682,0.15746012020983555,0.480915556723812,0.08,0.475829397287916,0.1484856272941597,0.002177090827149027,4568.5037302527535,432.9713532190463,0.03695041722814022,Kristian,REC_20260519_155900.csv
right,121,loose,141.536,1.1359999999999957,0.0,15448.0,1.068358788845764,29203.583992380114,554.6875,0.2825756588596274,0.32686187141947803,0.5070019096117123,0.22883184464787168,0.36145706081134676,0.633081683710539,3142.0,1750.861111111111,-8.5,386.44444444444446,0.22071679015087814,0.0,-0.11267605633802817,-0.11267605633802817,0.8511652768396297,-0.839631977683692,8854206.10348291,7803192.0,1859473.0,3748269.0,3932671.3873016834,1409660.7677296475,1392413.8514694667,0.05520299535149371,0.06785549967476322,0.036656565816820294,0.07063984388634165,0.04356586441592232,0.08691754850787707,0.16582316637844868,0.12650124541892085,0.09247830432644254,0.11715663721026162,0.10233059922895082,0.0348717297837572,3.8561843095005135,0.13224759784394588,0.48923934980759154,0.056338028169014086,0.5195408320266073,0.17432552397918655,0.00117501978562665,1297.3690043057466,436.41140608900463,0.03695041722814022,Kristian,REC_20260519_155900.csv
right,122,loose,142.688,1.1680000000000064,1.0,14907.0,1.011126625400296,27469.29141787243,976.5625,0.4974923571472313,0.3381294964028777,0.539568345323741,0.22490761431598433,0.36615104245763996,0.6142481878681942,3197.0,1868.6351351351352,4.700000000000003,406.02027027027026,0.21728172752189412,0.726027397260274,0.0,0.726027397260274,0.78014969150145,-0.9230548711469133,8724175.852370124,7683462.0,2305405.0,3429397.0,3899384.302462148,1372443.8495527457,1326318.731368341,0.06117342474273027,0.08309287744342958,0.04659420447067161,0.06904157536574607,0.05054274329435417,0.08433673949045045,0.15378329319708703,0.1215585880719415,0.0791371068636597,0.11134734847663058,0.10334902624404284,0.03604307233925614,4.175162325261429,0.18731097583238726,0.5305529303953521,0.0821917808219178,0.47023008360281426,0.16493595938838496,0.0018669993657902694,353.99199614298567,279.93180670700696,0.03200000000001075,Kristian,REC_20260519_155900.csv
right,123,loose,143.872,1.1519999999999868,0.0,16444.0,1.173725211750914,29745.17579373166,410.7142857142857,0.2092310713487784,0.355134074558535,0.4803793328973185,0.251911078527954,0.3238714899921342,0.7778118368295972,3058.0,1793.7945205479452,4.200000000000003,437.6917808219178,0.24400329904465165,0.0,-1.4027777777777777,-1.4027777777777777,0.5935087699460714,-1.2473943246952264,8991190.46324017,7768984.0,2235766.0,3935193.0,3852679.5288842623,1550433.8863955792,1421298.4413989435,0.056519049691860064,0.06308659228542846,0.03343337380772374,0.069417397878531,0.040023826433595276,0.07651950789250613,0.16641083797261488,0.13620777871963466,0.07482416550207335,0.1315264954523586,0.11570329980831941,0.036327674555354454,4.130123502283741,0.17964964641342837,0.5221343218460449,0.05555555555555555,0.4618149996273626,0.20437237306286787,0.0015542149635842351,779.6437220508495,294.0779385545847,0.016000000000005468,Kristian,REC_20260519_155900.csv
right,124,loose,145.04,1.1839999999999975,1.0,16195.0,1.1473836060246265,29877.608773126405,906.25,0.4616729074326306,0.32976306394027916,0.549172346640701,0.23204547684802262,0.3444058149804438,0.673755978425755,3081.0,1902.2133333333334,0.7000000000000028,428.06,0.22503259361025052,0.4189189189189189,0.0,0.4189189189189189,0.5202128827202237,-1.4294529730436951,9465415.568289276,8263784.0,1910786.0,4201531.0,3967824.6708783554,1323202.0409875521,1465877.5531622013,0.05760307291155566,0.06837648774059692,0.045799279435885215,0.06687648073121837,0.041565614792592485,0.08522703377118585,0.16270169486773303,0.12536273533988476,0.08236019794485021,0.12154963340950191,0.10668274150813789,0.035895027546857694,3.6878914647646157,0.12929869821973114,0.4848495952717119,0.05405405405405406,0.45560699256447096,0.12413813687651368,0.0018335458542619947,824.9559584203923,308.40549427640127,0.016000000000005468,Kristian,REC_20260519_155900.csv
right,125,loose,146.24,1.1359999999999957,0.0,17128.0,1.2460852853122821,32194.564976094956,562.5,0.2865555977168052,0.3243847874720358,0.5391498881431768,0.22808017262338925,0.34900771942620956,0.6535103951225198,3129.0,1828.0,-10.399999999999999,402.8611111111111,0.22038353999513735,0.0,-0.056338028169014086,-0.056338028169014086,0.7504114784248701,-1.0862103057128472,9319632.994266834,8025547.0,2087937.0,4252843.0,3852945.0095567186,1541803.746950505,1534226.4730057488,0.0587694505227328,0.06260637004619499,0.05085247994164843,0.0725291757840992,0.045085703865791395,0.08700309992706054,0.1582938244590323,0.12286500121565767,0.08178336980306346,0.11803276197422806,0.1052151714077316,0.036963591052759544,3.947098663900632,0.1527546105103061,0.48148498221606784,0.056338028169014086,0.4952192158249585,0.20380512996182257,0.0020822677664609256,483.10557852294704,253.88928351214767,0.02444040370643319,Kristian,REC_20260519_155900.csv
right,126,loose,147.392,1.1520000000000152,0.0,15443.0,1.0678298409396136,30269.590565450337,648.4375,0.33033492514576157,0.3154446177847114,0.5129485179407176,0.2157021890974363,0.3778514847621649,0.5708650033038319,3205.0,1755.2739726027398,6.200000000000003,365.45205479452056,0.20820228665079799,0.0,-1.3888888888888888,-1.3888888888888888,0.9063072134967541,-0.7914011448405249,8710247.21354486,7733553.0,1274264.0,3799581.0,3926580.5152758425,1456135.9215149558,1335486.2582271683,0.05344363366761619,0.0695828618254185,0.04238498458656885,0.07362547313380419,0.044218987786319115,0.09852109103679713,0.15959729972294845,0.1193116634799235,0.09190307097982596,0.1135911343504897,0.09639052561751277,0.03742927381277558,3.680581413888376,0.13874687488899226,0.47332950587980854,0.08333333333333333,0.4873551569855241,0.17547862213360177,0.001978659649578106,844.1186725415554,178.8931718291176,0.02444040370643009,Kristian,REC_20260519_155900.csv
right,127,loose,148.56,1.1519999999999868,1.0,15228.0,1.0450850809751484,29929.33418905272,901.0416666666666,0.4590196148611787,0.3006926952141058,0.5201511335012594,0.2087364124340246,0.39366187706523526,0.5302428926820991,3176.0,1832.3561643835617,2.6000000000000014,369.67808219178085,0.20175012335341877,0.5694444444444444,0.0,0.5694444444444444,0.757429765949043,-1.0498177539910412,9093330.524574755,7665137.0,2713463.0,4070805.0,3853779.1360464906,1446391.0253207588,1410045.1235729265,0.05286254691167895,0.07133565586638956,0.03492023145586938,0.07737623540317878,0.045274442666826155,0.09836126852170272,0.1579970395179498,0.11786606061512238,0.10131427460713806,0.10399066999596299,0.09087035181890224,0.04783122261927902,4.410956242459098,0.19544724274680556,0.5290104181839338,0.05555555555555555,0.46584190557772054,0.2066966274591479,0.0019018244520428447,1040.468644409805,175.97565124804842,0.009237604307037421,Kristian,REC_20260519_155900.csv
right,128,loose,149.728,1.1519999999999868,0.0,15707.0,1.0957582903843521,28289.96390948564,500.0,0.2547160868593824,0.27382666282752666,0.4940973221998272,0.18816388467374812,0.4147448128727896,0.4536859264619975,3473.0,1823.5342465753424,1.4000000000000057,330.6849315068493,0.1813428687330038,0.0,-1.1944444444444444,-1.1944444444444444,1.0855251436363549,-0.4148317543551201,8621591.364613554,7588167.0,2025629.0,3556457.0,3736777.887945538,1559538.3930308414,1323629.3442661082,0.05361408675010142,0.0756847308403071,0.0386499196201866,0.08101834462657193,0.04868612809687646,0.09966345648221879,0.15260145134392042,0.10417824787031056,0.10969215282681531,0.09840893042263255,0.08398563680343755,0.05381691431662134,3.8779175238499426,0.14503912476906045,0.4799907485080234,0.05555555555555555,0.48049958629281675,0.18514236740785545,0.001934593556385606,239.91734687867,202.76298759322495,2.5664232304741325e-09,Kristian,REC_20260519_155900.csv
right,129,loose,150.896,1.6480000000000246,1.0,14711.0,0.9903918674792022,24851.30978439567,630.2083333333333,0.32104840114567984,0.2719976218787158,0.4340071343638526,0.20723437585078894,0.36591985725594667,0.5663381523063665,3364.0,2295.6634615384614,1.3999999999999986,467.15865384615387,0.20349614029796986,0.4368932038834951,0.0,0.4368932038834951,0.2853948326717452,-1.3210121993472992,7389551.280041908,6495940.0,1219287.0,3304780.0,2387705.2755543,529447.4267544621,1207896.997996761,0.053893419448877274,0.08141604781590708,0.0496043962487801,0.06999819894533589,0.04121483231343377,0.08829775203246924,0.17342062165705407,0.11697640618390026,0.08499302614880062,0.11290099644396417,0.09025796966688866,0.03702633309458888,3.6277721594255796,0.20824556378534861,0.6303053832647727,0.019417475728155338,0.4867294843560689,0.04610585134124232,0.001022583460226464,498.12080194797625,204.58874313960496,0.28636573351807615,Kristian,REC_20260519_155900.csv
right,130,loose,152.56,0.9759999999999991,1.0,1703.0,-0.38571900516155266,11887.8123302818,562.5,0.2865555977168052,0.30753854940034264,0.24271844660194175,0.30993875780558827,0.2514365718114118,1.2326717452916878,3502.0,1877.7903225806451,8.700000000000003,565.9354838709677,0.30138374719771865,2.6557377049180326,0.0,2.6557377049180326,0.10514785532029566,-1.554330127092896,2191325.0067324564,1500285.0,790459.0,1387885.0,696076.0775119519,266838.8561372496,749859.0334273124,0.04977538802470302,0.058648205251539645,0.04348797059000369,0.049861281705504926,0.03283715417056767,0.0561143416678835,0.174097901617378,0.1636016938233854,0.0539755890159161,0.15316561160595416,0.14633706398220284,0.018097798544961047,7.991104774655516,0.6259043186884066,0.8183777033001393,0.09836065573770492,0.9185571540316503,0.13462557926008303,0.00037636424866039866,7813.5789494955425,65.12152546356997,0.3484671194436349,Kristian,REC_20260519_155900.csv
right,131,loose,153.552,1.6479999999999961,0.0,11280.0,0.6274278142788309,16586.607037004283,1492.1875,0.7601683217209694,0.307475317348378,0.42736248236953456,0.24391950838374446,0.3590965305007238,0.6792588835188264,3545.0,2005.9423076923076,-8.299999999999997,479.44711538461536,0.23901341207374244,0.0,-1.2912621359223302,-1.2912621359223302,0.5102975209650388,-1.438281275705271,5439982.78770448,4302934.0,2037846.0,2631607.0,1822708.3256408102,699157.2050805402,631817.1132423751,0.04563364618585165,0.05755975035711205,0.037614203951720375,0.06890584705059007,0.03941174778782272,0.09329012836859715,0.15825096588022128,0.1340296618700208,0.09992905693660183,0.11576182304499133,0.10988984651372366,0.039723322052747125,3.6133563851214023,0.1515870640879768,0.5794753779935997,0.05825242718446602,0.4363438119188876,0.034172350066432315,0.0004701904432710877,6741.646114513366,518.3164010888818,0.38797938089543493,Kristian,REC_20260519_155900.csv
right,132,loose,155.216,1.1359999999999957,0.0,15716.0,1.0967103966154228,28319.44452138848,614.5833333333333,0.31308852343132415,0.29132668479903295,0.5726805681474766,0.19898018818304014,0.40771287475892704,0.4880399921156198,3309.0,1901.2222222222222,8.600000000000001,365.0138888888889,0.19198907135760623,0.0,-0.19718309859154928,-0.19718309859154928,0.9387336476832797,-0.8012201748865153,8533977.576517647,7486764.0,2278527.0,3403741.0,3872231.216243607,1404553.76345521,1084485.992093355,0.05864648471743323,0.09693325930687861,0.051735725556659465,0.07823183916778681,0.059150546432119686,0.08958418561159488,0.1425179708959149,0.1077523230670329,0.08381304424054702,0.1037344398340249,0.09122786511600725,0.036672316054000356,4.096429486391348,0.17752926322638124,0.5193325796337535,0.056338028169014086,0.5035574569205408,0.20192157449451117,0.0020968808714094313,7161.950316312811,522.3696958122746,0.3510289636672913,Kristian,REC_20260519_155900.csv
right,133,loose,156.368,1.1040000000000134,1.0,16099.0,1.1372278062265397,27891.233551064033,646.875,0.329538937374326,0.3622773536895674,0.481234096692112,0.2266715138764271,0.3478775409176696,0.6515842134509037,3144.0,1846.9142857142858,7.600000000000001,403.6928571428571,0.21857693140682527,2.681159420289855,0.0,2.681159420289855,0.8017050847449052,-0.837016964060231,9255236.645051546,7947356.0,2787988.0,3837455.0,3746386.2420839164,1016631.580916794,1578511.5763521618,0.05783391602982581,0.06798211688994771,0.05583057454905479,0.07059651619689984,0.04315305838309458,0.08278673308375359,0.16061538937532874,0.12378175180223384,0.08335911636397388,0.11599269824572259,0.10288976207419324,0.03517836700597135,4.598865961708627,0.1961596000216109,0.5427080299308867,0.057971014492753624,0.4515620161559042,0.18882974887124349,0.0015220029708758217,2678.5427007983158,497.6252016231777,0.3052605444534172,Kristian,REC_20260519_155900.csv
right,134,loose,157.488,1.2800000000000011,0.0,11519.0,0.6527115241928176,24657.80391681303,1246.09375,0.6348002477198671,0.3076923076923077,0.44020021074815596,0.2409604438151926,0.35391950070790834,0.6808340408847374,3796.0,2136.358024691358,7.700000000000003,500.88271604938274,0.23445635528330783,0.0,-1.0625,-1.0625,0.8497816028810034,-0.785211749775907,9056031.171002781,6849021.0,5084842.0,3040887.0,3409307.3113813587,1831376.3009716852,1455405.1113420487,0.05659221589759889,0.08883816348348696,0.05875350342396487,0.06151579069028287,0.05544800485422867,0.07602068826027912,0.14040278540264095,0.12826143488687913,0.07209685341963074,0.11605651709093011,0.11269900892831346,0.03331503366176428,3.430361202560287,0.15069068057196083,0.4880225915528727,0.05,0.4296539193743973,0.16515136749752005,0.0013063918594948703,2540.9282424604735,355.64759440729483,0.09375144443331354,Kristian,REC_20260519_155900.csv
right,135,loose,158.784,1.1680000000000064,0.0,15295.0,1.0521729829175632,27090.38384740977,579.1666666666667,0.2950461339454513,0.3143350604490501,0.47783534830166957,0.21534359971424996,0.37109947489744666,0.5802853797447273,3474.0,1834.9054054054054,8.399999999999999,381.0878378378378,0.20768800217994887,0.0,-1.4383561643835616,-1.4383561643835616,0.9123966279393285,-0.7473640292180641,8609822.395024998,7725001.0,1890017.0,3298672.0,3788699.66679884,1206784.4230994752,1276388.8478781362,0.05646509504135275,0.0665326292687597,0.0455211624430157,0.0773808208685918,0.04362843654949441,0.0940618486850342,0.15484265335130318,0.11591289042074486,0.08949573952556654,0.11379922376144289,0.09943070929350507,0.04292879079118889,4.262082511517612,0.16966672456862636,0.5128421571047326,0.0547945205479452,0.49704093488787093,0.1957234767805319,0.0019126734978182345,2445.4376568077273,367.0693084504706,0.08908422980527432,Kristian,REC_20260519_155900.csv
right,136,loose,159.968,1.1520000000000152,1.0,14563.0,0.9747350094571517,29921.340227336073,572.9166666666667,0.29186218285970905,0.34912170639899626,0.5686951066499373,0.2094975184719442,0.4036891802400423,0.5189574770051816,3188.0,1841.0,3.299999999999997,371.28767123287673,0.20167717068597324,1.7222222222222223,0.0,1.7222222222222223,1.1535967434102579,-0.258235430258722,9008480.607744904,7832514.0,1881464.0,4032932.0,4123282.8541038106,1345699.011763937,1364622.2565534457,0.05087318535935651,0.0802348336594912,0.03741266286190501,0.08020507020454935,0.05355189630412298,0.09800361625977543,0.14686032754682166,0.11130788061878223,0.09169376381210331,0.10571979195344997,0.098189637853162,0.0459473335664804,3.9495547934245243,0.14623296920031928,0.4871219552757742,0.08333333333333333,0.4839547028823969,0.2062833779155721,0.0020479594699630175,2002.4957761087178,386.8673723014718,0.06974238309664463,Kristian,REC_20260519_155900.csv
right,137,loose,161.136,1.200000000000017,0.013333333333333334,16568.0,1.1868431198234428,28161.52811904922,520.8333333333333,0.26532925714518996,0.3471502590673575,0.49314233465406887,0.24752886274004565,0.34847866698159796,0.7103128145078977,3281.0,1838.328947368421,4.799999999999997,440.67763157894734,0.23971641865824939,3.0,-1.2432432432432432,1.7567567567567568,0.6266888924765404,-1.2309146523050924,9027486.54884952,7727445.0,2086715.0,4174653.0,3938722.9915308687,1305099.8030134516,1414365.5956698677,0.05082562109467265,0.06758855654090887,0.03689706755992642,0.06690859118335445,0.041721242833523006,0.088409811542233,0.15991353703663938,0.1321423203281012,0.08385046488157866,0.11976695082061083,0.11538654241194449,0.03658929376650705,3.7310564036544176,0.14758408073449442,0.4831573959467771,0.05333333333333334,0.4819997456240506,0.14706213039089072,0.0010911169631650393,1014.5917076998468,32.027368215533556,0.024440403706432728,Kristian,REC_20260519_155900.csv
right,138,loose,162.352,1.1680000000000064,0.0,16247.0,1.1528846642485902,27746.577176293296,1012.5,0.5158000758902493,0.34692513368983957,0.526403743315508,0.2382019767424368,0.3559791193416876,0.6691459240153507,2992.0,1796.5675675675675,10.200000000000003,414.1216216216216,0.2305071231928753,0.0,-0.410958904109589,-0.410958904109589,0.7854515787433755,-0.9519221281271353,8961786.01466259,7709119.0,1853365.0,4177096.0,3921616.3838688084,1219672.5328604656,1376739.009080397,0.053660884870548944,0.0668391677824079,0.04370947602786094,0.06978021151444948,0.04392008785521941,0.08889323484723122,0.1602379913649151,0.12570517352910204,0.08654641734237961,0.11230875693890753,0.11249680321333473,0.03590179471364313,4.039973120499108,0.1615394953887168,0.49873695132843765,0.0821917808219178,0.5201360905425297,0.17227455178120074,0.0017407458738869684,1076.9495500409007,270.08711300450796,0.024440403706432728,Kristian,REC_20260519_155900.csv
right,139,loose,163.536,1.1839999999999975,0.0,16042.0,1.1311978000964258,27426.60281551472,570.3125,0.29053553657398307,0.31106408706166866,0.524788391777509,0.2176001135033519,0.3800659738232895,0.5725324772278083,3308.0,1879.5333333333333,18.0,395.68,0.21052034192884758,0.0,-0.8378378378378378,-0.8378378378378378,0.7841537089206807,-0.9881835903777163,8610029.577340428,7551516.0,1835039.0,3706730.0,3757467.052764527,1498430.43868807,1406716.8685429806,0.05756748128968184,0.08209129925868122,0.056765863866917315,0.07451495051963254,0.05248111233284858,0.08814954066612281,0.1463909481076863,0.11791579470081226,0.08282907104600433,0.10540914411378711,0.09968431880253964,0.03620047529528607,3.7853537434871973,0.16201014097677374,0.49548784621662506,0.05405405405405406,0.44278431878624774,0.18106286842230682,0.00144423325050006,265.1232417825899,270.7132813517472,0.016000000000004764,Kristian,REC_20260519_155900.csv
right,140,loose,164.736,1.2319999999999993,0.0,14836.0,1.003615565132961,26963.703936959402,960.9375,0.48953247943287553,0.3132452465356107,0.5659039639058975,0.22589837381666736,0.37985149260888035,0.5947018195580692,3103.0,1871.6153846153845,-3.299999999999997,410.53846153846155,0.21934980066581727,0.0,-0.4155844155844156,-0.4155844155844156,0.6960659530934583,-1.0911779747775185,8543058.619983887,7594276.0,1392772.0,3656639.0,3684112.93331365,1330810.2434010059,1201512.8879994492,0.054827175208581644,0.07302070061512747,0.030633074404394944,0.07934322469277877,0.0497855958790569,0.09122792596550355,0.15422026769690245,0.12325154466866686,0.08647404545641363,0.11031194772101434,0.1026468291480005,0.04425766854355897,3.556014049265581,0.15813729944858193,0.48057441486888136,0.07792207792207792,0.4627241182389682,0.15231646884763791,0.0009724840001053084,762.3846360816154,241.79066951514534,0.03330665599145536,Kristian,REC_20260519_155900.csv
right,141,loose,165.984,1.167999999999978,1.0,15673.0,1.0921614446225298,28553.550549800282,820.3125,0.41789358000367427,0.31786074672048437,0.5775311133535149,0.22284149508509005,0.3683019934963947,0.6050510152531614,2973.0,1816.0405405405406,1.2000000000000028,391.9527027027027,0.21582816790314538,0.0684931506849315,0.0,0.0684931506849315,0.6659027793856772,-1.215999825296252,9058392.671244828,7988895.0,1969429.0,3788586.0,3818024.1881633676,1418374.2401004636,1280573.3078297419,0.05901612507162151,0.07031930171817215,0.03982528071911717,0.07677081860596634,0.046715828167903144,0.08840884907022256,0.1608712152217104,0.12211746671925111,0.08608719593413053,0.11218347012731886,0.10072402836583895,0.0369604202787472,3.727113433246204,0.1467690095501135,0.4787367176142048,0.0547945205479452,0.5158901472326324,0.17954803408930142,0.001265433764889228,617.9490270240418,197.8481240960656,0.03330665599146678,Kristian,REC_20260519_155900.csv
right,142,loose,167.168,1.1839999999999975,1.0,16223.0,1.1503457142990685,29540.785466876132,1052.0833333333335,0.5359650994332839,0.32116543871399866,0.5807099799062291,0.22279288883766496,0.37063476056013367,0.6011116941666165,2986.0,1850.9866666666667,-0.20000000000000284,399.6533333333333,0.21591367486889873,0.10810810810810811,0.0,0.10810810810810811,0.6852897434871836,-1.2712809907870284,9087153.219884982,8014551.0,2195449.0,3677408.0,3923884.3809448215,1396735.2063516034,1305688.1001060181,0.06009767763499106,0.08180862098772547,0.04577738719529764,0.07400017288076989,0.05107906413876563,0.0826946349334409,0.1583371751282199,0.12180890912234196,0.0810522676194318,0.10839624272460092,0.100983979715323,0.0339638679190918,3.6567077468517546,0.1550855803500771,0.4869138241195186,0.08108108108108109,0.45984636792014166,0.165236476690893,0.0012058088041486102,698.4313375939645,116.7623460588856,0.03330665599146678,Kristian,REC_20260519_155900.csv
right,143,loose,168.368,1.1839999999999975,0.0,16113.0,1.1387088603637607,28075.486318138817,921.875,0.4696327851469863,0.31716906946264745,0.5340760157273918,0.22482811943330577,0.3812981815149747,0.5896385829580488,3052.0,1758.9733333333334,5.799999999999997,382.8666666666667,0.21766484995034982,0.0,-0.6216216216216216,-0.6216216216216216,0.7357425903492719,-1.1386043803658394,8750685.070530307,7701788.0,1654223.0,3810577.0,3756494.8470092355,1127421.7474701747,1258122.424954332,0.05168166278814157,0.07192074164474731,0.03417144849647143,0.07482395033466492,0.046436178679987575,0.09558606156621666,0.1600251661954322,0.12487587456319217,0.09253124928935819,0.10811609802687933,0.09995224487011363,0.039879323544795064,3.7262036967685175,0.13584219312986984,0.4646456994232522,0.05405405405405406,0.5162555742816898,0.16258961804586874,0.001741673947572597,291.0326442170534,116.18008339048215,0.009237604307044735,Kristian,REC_20260519_155900.csv
right,144,loose,169.568,1.167999999999978,1.0,16472.0,1.176687320025356,29618.281972457484,611.1111111111111,0.3113196617170229,0.3474162011173184,0.5726256983240223,0.22324713327854626,0.38147172448752314,0.5852258999749677,2864.0,1759.472972972973,2.0,379.88513513513516,0.21590847996559168,1.082191780821918,0.0,1.082191780821918,0.7721634649673442,-1.0553098807345311,8599551.347019507,7613824.0,1706757.0,3615100.0,3810541.5171587514,1281271.8885934437,1241707.5489059233,0.05168163070944156,0.06890884094592208,0.031389927880738244,0.0768657690801146,0.04956183132234008,0.09064446509627422,0.16794801883242064,0.127164921928403,0.09549081804287218,0.10460749149392094,0.09608221135014325,0.03965407331740924,3.6646274093804045,0.14950932224377234,0.47440041950266065,0.0547945205479452,0.48499195719698246,0.17560218440411485,0.0016839021788946917,183.93024039920417,226.563054313212,0.009237604307044735,Kristian,REC_20260519_155900.csv
right,145,loose,170.752,1.1839999999999975,0.0,15214.0,1.0436040268379274,26911.446059251444,504.96031746031747,0.2572430321655271,0.3527748320961471,0.5807705903145988,0.2566171457682482,0.3417841008697997,0.7508165099393632,2829.0,1779.72,-0.7999999999999972,443.58,0.24924145371181983,0.0,-0.36486486486486486,-0.36486486486486486,0.5319746143739816,-1.4574664937910218,8409731.211893754,7378030.0,1122770.0,3876550.0,3531743.3116713054,1454388.628973259,1252158.7696353374,0.053161920601742595,0.0752927426786236,0.03168288644655713,0.06781591111710455,0.048457060661227604,0.0757946942964811,0.16520950861184155,0.1383963020400213,0.07442369211636288,0.12085796267577671,0.11822084372822692,0.030686475026034058,4.269347711094994,0.18627936311031573,0.5179077542549351,0.05405405405405406,0.5185876351736568,0.15180566032531945,0.0012103886076972855,648.0285487538094,216.66411722110158,0.009237604307044735,Kristian,REC_20260519_155900.csv
right,146,loose,171.952,1.1040000000000134,1.0,16276.0,1.1559525621042621,29339.518281662364,1031.25,0.5253519291474762,0.33189389265885255,0.45589142504626773,0.22596030011715537,0.36943823585618973,0.6116321435790923,3242.0,1719.3285714285714,-17.599999999999994,373.89285714285717,0.21746445871727338,1.5507246376811594,0.0,1.5507246376811594,0.9699989847768054,-0.6346713895445109,8814131.526165752,7651697.0,1304808.0,4175874.0,3877651.8293058,1373893.959959858,1450526.0452519471,0.05135725740114496,0.06677855973677432,0.03596088173954949,0.07617591584754846,0.04607280250596162,0.08996867547963075,0.16460744642842307,0.12045399782307047,0.09044228228627454,0.11649065665168296,0.1055063022940849,0.03618522180585444,4.553350858239346,0.18414489296618086,0.5444129379756018,0.057971014492753624,0.5383109671760956,0.2088222764212541,0.0018488837308602618,676.858429313917,278.31801561558905,0.042332020977020636,Kristian,REC_20260519_155900.csv
right,147,loose,173.072,1.103999999999985,0.014492753623188406,16515.0,1.181236272018249,29184.100894151252,713.5416666666667,0.3635010822889103,0.3101772441395083,0.44053744997141225,0.2141932969602494,0.3735853468433359,0.5733450167941389,3498.0,1832.857142857143,7.400000000000006,377.59285714285716,0.2060132501948558,5.0,-0.9705882352941176,4.029411764705882,1.0737119273866327,-0.40074506781528996,9094326.968196053,7881383.0,1798387.0,4166100.0,3996064.0464635966,1271684.9799421856,1384716.393604371,0.057108339828526894,0.0741465315666407,0.04435697583787997,0.07049103663289165,0.040771628994544035,0.09188620420888542,0.1601402961808262,0.11755261106780981,0.09628994544037413,0.11305533904910367,0.0966406858924396,0.03756040530007794,4.362925263580135,0.21652780787300746,0.5824814166949703,0.057971014492753624,0.49973983941174427,0.24040549384622495,0.003071336796279781,692.5274964456671,265.02377071182934,0.04618802153516902,Kristian,REC_20260519_155900.csv
right,148,loose,174.192,1.2479999999999905,0.01282051282051282,17396.0,1.274436893081941,28881.799130248102,289.93055555555554,0.14769995314415577,0.30102915951972553,0.461978273299028,0.2111842105263158,0.3609342105263158,0.5851044438765226,3498.0,1924.0506329113923,1.8999999999999986,393.30379746835445,0.20441447368421053,15.0,-0.42857142857142855,14.571428571428571,0.8994288344541834,-0.7890385282641699,8833297.788946096,7674910.0,1821600.0,3975510.0,3825682.6902391147,1075122.5921732977,1256949.1239241173,0.0600921052631579,0.07255263157894737,0.05564473684210527,0.07299342105263158,0.04179605263157895,0.08586842105263158,0.16232236842105263,0.11434868421052632,0.08772368421052631,0.11219078947368422,0.09683552631578947,0.037631578947368426,3.5566775499163077,0.14236906940235877,0.48116301499332537,0.05128205128205128,0.48438612173266393,0.18289551344757468,0.001241550607746963,589.8703247324672,371.9183327106563,0.083138438763301,Kristian,REC_20260519_155900.csv
right,149,loose,175.456,1.1680000000000064,1.0,17439.0,1.278985845074834,28842.3228953564,458.33333333333337,0.23348974628776722,0.3367665418227216,0.49219725343320847,0.24484096761324484,0.35311355311355314,0.6933774290281559,3204.0,1863.0405405405406,3.0,441.9256756756757,0.2372066877017372,0.726027397260274,0.0,0.726027397260274,0.5597214814941119,-1.1853100160102645,8869027.76895399,8040208.0,1749518.0,3309667.0,3892177.085110335,1083624.2125715706,1372443.7879744556,0.04957748522104958,0.06823341674826823,0.046255394770246254,0.06375077068146374,0.04556631487324556,0.0885068726652885,0.15317883436695318,0.1344068472781344,0.08705617814528706,0.11554781851811553,0.11043412033511044,0.037485946396837486,3.648006079287728,0.14134360514119493,0.48205753241337107,0.0547945205479452,0.43759975979520016,0.11926193332278268,0.0010962925499062187,521.5019974394421,213.28273973876034,0.07214799604516826,Kristian,REC_20260519_155900.csv
right,150,loose,176.64,1.1520000000000152,0.0,16281.0,1.1564815100104124,28778.631482403747,700.0,0.3566025216031354,0.34065934065934067,0.48759811616954474,0.24082163908919543,0.3409084108793873,0.7064115504442979,3185.0,1831.2876712328766,12.099999999999994,426.972602739726,0.2331543041800066,0.0,-1.6666666666666667,-1.6666666666666667,0.6619707890514459,-1.2320132105867956,9124845.003867518,8054869.0,2597398.0,3411071.0,3806933.1150991805,1451651.6166523132,1255740.6521510256,0.05323748541336286,0.06334340684001077,0.04471739325573741,0.0705843631249813,0.04363274587833997,0.08339068250501183,0.15936836121001766,0.1274946889680141,0.07995721253104335,0.12201160946710152,0.11332695012118131,0.03893510068519793,4.024922983232365,0.17309016329610083,0.4971431619388144,0.05555555555555555,0.5005833813310462,0.18926851128682456,0.0016330279518555028,656.5107259849808,206.1226263691979,0.05143280405861666,Kristian,REC_20260519_155900.csv
right,151,loose,177.808,1.1680000000000064,0.0,15563.0,1.080524590687222,29710.415227660484,458.3333333333333,0.2334897462877672,0.3090277777777778,0.48674242424242425,0.21156791141477208,0.36483243020379313,0.5799043448420296,3168.0,1835.4594594594594,-4.899999999999999,375.22972972972974,0.2044336788785487,0.0,-0.273972602739726,-0.273972602739726,0.8057554910472509,-0.9105460824849514,9323540.355238186,8323649.0,1092227.0,4056145.0,4062696.4989657183,1134018.8074945726,1463494.1467334018,0.061366179762044996,0.06512840146071387,0.042731770526563795,0.07723966309341501,0.03878548710095418,0.0878342560961244,0.16600159029332076,0.11737248203557545,0.0958446224525857,0.11620921192130994,0.09419542937919662,0.037290905878195314,3.7612998337267456,0.14836921869901032,0.48316468861869094,0.0547945205479452,0.5014904544289812,0.16410693367699958,0.002630587927630129,946.5607922015979,139.5263150541544,0.009237604307028106,Kristian,REC_20260519_155900.csv
right,152,loose,178.992,1.1680000000000064,1.0,15783.0,1.1037982985578376,29154.670946522445,533.3333333333333,0.27169715931667454,0.30433446049800184,0.5001537042729788,0.22650258342778912,0.36018577127463824,0.6288493369015972,3253.0,1836.027027027027,5.700000000000003,402.6283783783784,0.21929327425551645,0.2876712328767123,0.0,0.2876712328767123,0.7222059118340978,-0.9970559785693109,8862357.018156514,7937582.0,2301740.0,3199712.0,3897802.34349279,1403158.5620289473,1231375.5495758725,0.05657780460159274,0.0640336802437696,0.04913664934567882,0.0722108548128303,0.041040436901064285,0.08905097669762854,0.1586857639144451,0.12408549600341512,0.09384982261934553,0.11110947551263745,0.10241708742437401,0.03780195192321846,4.167555521485741,0.1868661559421069,0.5168697355359813,0.0547945205479452,0.509383829725727,0.18338730719564636,0.0016936352916690942,367.860480798504,123.69691154561828,0.009237604307028106,Kristian,REC_20260519_155900.csv
right,153,loose,180.176,1.184000000000026,0.0,16104.0,1.13775675413269,27576.552848389154,692.7083333333333,0.35288791200310266,0.32388924661944624,0.5006439150032196,0.23616532633988466,0.35539250983453724,0.6645197065336581,3106.0,1759.1066666666666,2.3999999999999986,402.53333333333336,0.22882826889405988,0.0,-1.027027027027027,-1.027027027027027,0.7035071963703304,-1.1764018044510187,8497505.511753963,7541742.0,1749518.0,3502701.0,3688075.64551548,1393767.5532909827,1206044.92701009,0.060561042347252014,0.08341355081746038,0.04183183888792039,0.07136197918640523,0.054239651944547614,0.07186981270796541,0.16105902238257297,0.1311120038201208,0.07450751517815861,0.11746113557639105,0.10505332251976383,0.02752912463144172,3.936669050521873,0.1705854204296376,0.5066356365256035,0.08108108108108109,0.536108198552551,0.19171487431902842,0.001232728064132722,272.06678101764913,119.69198751377877,0.009237604307044484,Kristian,REC_20260519_155900.csv
right,154,loose,181.376,1.1680000000000064,1.0,15314.0,1.0541829849609345,28696.895215336448,718.75,0.36615437486036223,0.33570943652410046,0.511541072640869,0.21944857266703818,0.3613691250232212,0.6072698453488211,2946.0,1745.837837837838,-8.700000000000003,370.0405405405405,0.21195584865935968,0.5753424657534246,0.0,0.5753424657534246,0.8584560678154076,-0.8098928226576123,8898962.304071976,7987673.0,1525941.0,3613878.0,3961450.11181703,1344171.4009371635,1269845.6005180525,0.06114929717010341,0.06384296241253327,0.03905814601523314,0.0783252832992755,0.04101647160814911,0.08722676326707535,0.17049817326150227,0.12434980494148243,0.09095764443618799,0.11365254814539599,0.09509876772555576,0.034824137717505727,3.958856803936363,0.17701033161365562,0.5001981155449687,0.0547945205479452,0.4856208997458922,0.19303369678461998,0.0019079420693747236,397.3038300007992,100.38085749247499,0.009237604307044484,Kristian,REC_20260519_155900.csv
right,155,loose,182.56,1.1680000000000064,0.0,17056.0,1.238468435463717,27951.063325032912,807.2916666666667,0.41126034857504457,0.3238341968911917,0.5051813471502591,0.22831801249699593,0.3534306657053593,0.6460050998714874,3088.0,1799.3513513513512,8.799999999999997,397.63513513513516,0.22098804373948572,0.0,-0.6575342465753424,-0.6575342465753424,0.6267836916322432,-1.2170108117217082,8635897.949135978,7700567.0,1453859.0,3628539.0,3815839.0959519134,1321685.2195941412,1393511.1307261502,0.05520007209805335,0.06623257630377313,0.046878755106945454,0.07197037971641433,0.042860790675318436,0.08533856044220141,0.16721491228070176,0.1269826964671954,0.08702835856765201,0.1182858687815429,0.10133531602980053,0.030671713530401348,4.03971793471305,0.1950691271466575,0.5126824473896432,0.0547945205479452,0.4659066121075666,0.16889775404332288,0.0015236756614998093,872.2545500024509,60.065430180566345,0.009237604307044484,Kristian,REC_20260519_155900.csv
right,156,loose,183.744,1.1999999999999886,0.0,17262.0,1.2602610891971116,29339.715762086038,416.66666666666663,0.212263405716152,0.29449938195302844,0.49134734239802225,0.2178285053817814,0.3753521635483638,0.5803310238636623,3236.0,1821.4473684210527,-0.20000000000000284,384.39473684210526,0.21103806978256157,0.0,-0.3466666666666667,-0.3466666666666667,0.5867312035070147,-1.1985721015369073,9083805.274731841,7798305.0,2563190.0,3889989.0,3849670.032185148,1317643.415184819,1336186.1268891569,0.05483637939752944,0.06612006068048833,0.04556093332370151,0.07174022971899155,0.03994076428519829,0.09539117243372101,0.16060824965686626,0.12501625370223218,0.1021599364299646,0.10538900527342339,0.09281225167954922,0.040424763418334175,3.742762728919736,0.144352047303446,0.49491225173895265,0.05333333333333334,0.471585964209692,0.13905363180824568,0.0011195042601092105,1070.1794242088488,204.80960981640195,0.018475208614057343,Kristian,REC_20260519_155900.csv
right,157,loose,184.96,1.167999999999978,1.0,15305.0,1.0532308787298639,29162.750796178334,677.0833333333334,0.344928034288747,0.3426618939147413,0.5144809632281159,0.22670473757373105,0.3576285832362775,0.6339111251171992,3073.0,1798.445945945946,0.0,394.3581081081081,0.21927715369876394,1.7671232876712328,0.0,1.7671232876712328,0.771773784590095,-0.9508020667255086,8726576.140308008,7742106.0,2094046.0,3439171.0,3748221.5860261708,1572922.2727474356,1211007.0414318065,0.05338693316301612,0.06497351316827592,0.04606078821805613,0.07122515685464176,0.045046398917984745,0.08906338054626742,0.15917646616823833,0.12467220197618063,0.08732013374910771,0.1173385430364053,0.10203253559755043,0.03970394860427546,3.9122968633345767,0.1685230078817261,0.5025123407178986,0.0547945205479452,0.4941963158585288,0.1628014531018212,0.0022116678621481385,1075.3515704177787,198.89651453801048,0.01847520861406553,Kristian,REC_20260519_155900.csv
right,158,loose,186.144,1.1519999999999868,0.0,15271.0,1.0496340329680416,27111.512831267828,919.6428571428571,0.4684956597592212,0.3364040660736976,0.49682337992376113,0.24277660588681285,0.3322273351699909,0.7307544569208635,3148.0,1824.835616438356,2.5,429.2328767123288,0.23521728359844762,0.0,-1.4444444444444444,-1.4444444444444444,0.6038732979890061,-1.297188280622526,8366755.607653782,7485542.0,1307251.0,3501479.0,3739689.282255317,1303810.5027408274,1262733.0726729184,0.06216360265139289,0.07263555358711238,0.04937956505746436,0.06464083835661685,0.04229316958555096,0.07677178653734996,0.158978478076464,0.12740498299715494,0.07588598710336078,0.12227785576482776,0.11537162288965792,0.03219655739304723,4.243422862301836,0.1933621375270959,0.529475282324848,0.08333333333333333,0.48080877563509616,0.19297083963799622,0.0018859919599391176,1139.8162132554426,251.5409214734963,0.02444040370643276,Kristian,REC_20260519_155900.csv
right,159,loose,187.312,1.167999999999978,1.0,16343.0,1.163040464046677,29272.475706711244,781.25,0.397993885717785,0.30457801308003735,0.4933042665836188,0.22255092429059226,0.36538914400094197,0.6090791911696393,3211.0,1836.3243243243244,-4.299999999999997,395.56081081081084,0.21540901330507478,0.2054794520547945,0.0,0.2054794520547945,0.6963263530656153,-0.9967045254538105,8544589.617836598,7777536.0,1568701.0,3171612.0,3800616.889537852,1256750.3579145593,1201375.855748834,0.058570293182620976,0.06637083480513363,0.05060049452490286,0.07215501000824208,0.04555957847639232,0.08972830566348756,0.15877045802425527,0.12239491345814199,0.09157541504768632,0.11012745790651125,0.10015601083245024,0.03399122807017544,3.8801711709820763,0.16928598938268485,0.4957413113746897,0.0547945205479452,0.4601002320483506,0.15688690382632745,0.0021774055002089393,609.3417213135062,121.68155156206116,0.009237604307027959,Kristian,REC_20260519_155900.csv
right,160,loose,188.496,1.167999999999978,1.0,15132.0,1.0349292811770618,27304.03829106603,550.0,0.28018769554532064,0.3387201034259858,0.5355526826115061,0.2334549905585037,0.35957546852958955,0.6492517176235953,3094.0,1810.581081081081,18.1,409.0337837837838,0.22591298896128614,1.0273972602739727,0.0,1.0273972602739727,0.7073748781368536,-1.0805217223938504,8576984.259059008,7645589.0,1996307.0,3335324.0,3767479.291601587,1457546.962445318,1165421.5486052707,0.06045543091287701,0.08178649530164275,0.04126642932312308,0.07727099706679207,0.05105125277087392,0.07450198905831337,0.15625116619272594,0.12369479710112477,0.0749647343319675,0.11472350969899167,0.10976019345737893,0.03427300478418904,4.12816646431071,0.18537833173118984,0.5189081425397931,0.0821917808219178,0.5230109117826872,0.1990174297555858,0.0014654441169929448,662.6997811980718,186.75518165274127,0.009237604307027959,Kristian,REC_20260519_155900.csv
right,161,loose,189.68,1.1680000000000064,0.0,14788.0,0.9985376652339175,27010.33344851559,1052.0833333333335,0.5359650994332839,0.34433656957928804,0.5249190938511327,0.24340748379493224,0.3548541543901002,0.6859366891530719,3090.0,1834.5945945945946,0.0,432.43243243243245,0.23571007660577492,0.0,-0.5205479452054794,-0.5205479452054794,0.6979053736108506,-1.130868294606957,8644021.288754731,7678576.0,1246165.0,3769038.0,3676151.082190073,1562231.3088056433,1252572.2945463203,0.052489687684148495,0.07365939893930465,0.03185032410135533,0.07021950500883913,0.05148791985857395,0.07950795521508545,0.15506040070713023,0.12871979964643487,0.079979375368297,0.12295226870948733,0.11468768414849735,0.0393856806128462,4.108995621029171,0.1753506831702573,0.5200184541319106,0.0821917808219178,0.5225748496821928,0.15911039992488593,0.0010263483421668294,816.7906708575764,251.30158858615425,0.0,Kristian,REC_20260519_155900.csv
right,162,loose,190.864,1.1519999999999868,0.0,16104.0,1.13775675413269,27431.0519484762,1096.875,0.5587834155477701,0.3469049983449189,0.5988083416087389,0.24711855104281008,0.36654622514940843,0.674181137567865,3021.0,1797.041095890411,22.200000000000003,430.3835616438356,0.23949567020368337,0.0,-1.3333333333333333,-1.3333333333333333,0.7575453931133772,-0.9633542242289779,8580428.049783997,7650476.0,1610240.0,3535688.0,3808449.5664180648,1419958.7787843233,1324186.322905027,0.05518965727527747,0.0710604951823393,0.030773569947554577,0.07386571533113795,0.05445786071472131,0.08169441395292108,0.153875472618612,0.14039059641419685,0.08546773996828883,0.1087937553360166,0.10672795462861324,0.03770276863032077,4.15120286226541,0.15747838128623054,0.5012391770553674,0.05555555555555555,0.5254237948505662,0.18230729284837222,0.002053613036658133,682.5169106573854,303.63526163224253,0.0092376043070361,Kristian,REC_20260519_155900.csv
right,163,loose,192.032,1.1839999999999975,0.0,15453.0,1.0688877367519143,27524.007811363517,828.125,0.4218735188608521,0.3148087610330173,0.5439686171951618,0.22393366710267165,0.36222994001172704,0.6182086083085052,3059.0,1773.68,-11.799999999999997,384.35333333333335,0.2166982394419136,0.0,-0.013513513513513514,-0.013513513513513514,0.7493274610242906,-0.9912280875637229,8428328.314353269,7441560.0,1671327.0,3587000.0,3708723.476281966,1323011.3415973529,1280515.067057949,0.05995068633199525,0.07129433343857591,0.04883255904860703,0.07725557409829657,0.04398388284996918,0.08570505014057402,0.15921699517387577,0.12357734578202757,0.08399109948431133,0.10824951513238014,0.10035632132064408,0.037586637198743104,3.595794706827749,0.1422743353033493,0.4706826630531255,0.05405405405405406,0.48616280039424153,0.17716987351865424,0.001195182592430838,658.0124112304442,143.98506344537736,0.016000000000004785,Kristian,REC_20260519_155900.csv
right,164,loose,193.232,1.1839999999999975,0.0,15496.0,1.0734366887448072,27079.08674604814,1750.0,0.8915063040078384,0.3290013679890561,0.5164158686730507,0.2413995033542122,0.34490196805159185,0.6999075845160546,2924.0,1798.7333333333333,3.799999999999997,421.49333333333334,0.23432786034616954,0.0,-0.21621621621621623,-0.21621621621621623,0.4881625368386239,-1.4681635868828824,8538196.135082163,7604050.0,1210734.0,3689626.0,3724120.9225042965,1162188.730250359,1367638.288787259,0.056106148771357625,0.06591304992402061,0.039872502872391684,0.07186538675364146,0.040724954597679844,0.08296949705348208,0.16117267706904861,0.1292539194247804,0.08342907972276788,0.12190800933990587,0.11214558392943182,0.03463919054149216,3.7658936103645426,0.16155655157520266,0.49845442108530297,0.05405405405405406,0.4702702847068994,0.15702697296973572,0.0017728751931340794,364.077372729076,474.104830839129,0.018475208614073695,Kristian,REC_20260519_155900.csv
right,165,loose,194.432,1.200000000000017,1.0,15869.0,1.1128962025436235,28554.240648282,484.375,0.2467562091450267,0.33971946630174477,0.5497776257269928,0.22636204383860092,0.3647377485978419,0.6206158937714984,2923.0,1787.657894736842,14.100000000000001,391.85526315789474,0.21920036507632745,0.5333333333333333,0.0,0.5333333333333333,0.6665286565119799,-1.2183763912139844,8672018.26932641,7778757.0,2133141.0,3185051.0,3834730.3557589133,1475387.8835459705,1178970.2677292454,0.0579190649335355,0.06976196434617479,0.03778834405499698,0.07498785532378444,0.04518555593175428,0.09017974120799047,0.15896277104709192,0.12274955469520543,0.08462263178813796,0.11284244306722999,0.10361248914339552,0.04138758446070278,3.64210185393912,0.15501912390781858,0.4897902773020095,0.05333333333333334,0.4745887720982769,0.1520422458369417,0.001014903506308695,228.7771841770332,654.4494147436701,0.009237604307044239,Kristian,REC_20260519_155900.csv
right,166,loose,195.648,1.1359999999999957,0.0,13965.0,0.9114728398815697,28192.537487782116,781.25,0.397993885717785,0.33211678832116787,0.5414731254147312,0.25994123262335184,0.3378825845713263,0.7693241513253125,3014.0,1862.3333333333333,12.899999999999999,470.36805555555554,0.25256920828112883,0.0,-0.352112676056338,-0.352112676056338,0.5340268577564918,-1.311886188985563,8991975.003153311,7960795.0,2150245.0,3585778.0,3713223.4034672496,1582981.8657608565,1299766.2762649332,0.056895471630570967,0.08182685997255534,0.03669977924944813,0.06700077561004714,0.054031680687309826,0.07037169619951077,0.159097010918203,0.13991557782948513,0.06465157210190323,0.11872054173378678,0.12002565479386672,0.03076337927331305,4.220257567254469,0.1876658743516104,0.5191373373970316,0.056338028169014086,0.5121810574436695,0.18342071679217897,0.0013916201500800006,1008.9851336863019,661.8683112661704,0.03330665599146664,Kristian,REC_20260519_155900.csv
right,167,loose,196.8,1.167999999999978,0.0,16065.0,1.1336309604647175,29365.0426868411,500.0,0.2547160868593824,0.3165924984106802,0.5257469802924348,0.21767465150700668,0.36591580203094276,0.5948763357540798,3146.0,1835.1216216216217,6.700000000000003,386.22972972972974,0.21046546734512037,0.0,-0.4657534246575342,-0.4657534246575342,0.742508642842682,-1.068122112497268,8876554.29062263,7852061.0,1571145.0,3830125.0,3872755.7912870822,1379699.6793345767,1282267.5413445614,0.05862340665247903,0.06422727707862355,0.0434023814608355,0.07790189913033232,0.042754364906958074,0.09002275421763047,0.16174640461269965,0.11751191098608973,0.09100950669739837,0.1128579739173337,0.10016274052091693,0.03977937981870264,3.905735311053055,0.16827479948870408,0.5045468558450457,0.0547945205479452,0.5071350498951127,0.18121070387519522,0.001872917679333001,1160.0022988482824,167.07307221192738,0.03200000000001034,Kristian,REC_20260519_155900.csv
right,168,loose,197.984,1.1839999999999975,0.0,16051.0,1.1321499063274965,28383.74515457747,909.375,0.4632648829755017,0.3344851416724257,0.5770559778852798,0.22969771699734706,0.3670814183761163,0.6257405183109681,2894.0,1784.2,8.399999999999999,396.94666666666666,0.22247879535179163,0.0,-0.05405405405405406,-0.05405405405405406,0.7000299314101172,-1.1284040987275399,8576665.68536707,7683462.0,1602910.0,3457497.0,3792346.8514597085,1201609.5990405679,1150760.2883264653,0.054126966334118,0.0698875312932033,0.03614691925419423,0.07382580428203116,0.04620558233381908,0.0861487875051377,0.16325524044389642,0.12578559952172777,0.09101371296192504,0.11168404140044091,0.10391211747561932,0.03800769719388708,3.785978486566717,0.1514642486014751,0.4915704211564758,0.05405405405405406,0.5199028648331415,0.17041937361696596,0.0012544832944512867,1208.4143880860163,209.4060922187605,0.024440403706429532,Kristian,REC_20260519_155900.csv
right,169,loose,199.184,1.1520000000000152,1.0,15017.0,1.0227634793356037,28695.999529551154,1135.4166666666667,0.5784177805765143,0.34404145077720205,0.5844559585492228,0.2261136229604875,0.3770552388441124,0.5996830163487701,2895.0,1742.123287671233,18.299999999999997,380.54794520547944,0.21843915863966973,0.5555555555555556,0.0,0.5555555555555556,0.8297027047617771,-0.8586171617677745,8423029.280832935,7676132.0,1445307.0,3152064.0,3930947.528304629,1242952.8560961846,1149355.6088935228,0.052180066837035584,0.07870257519166503,0.03242775702771771,0.07115392176135246,0.052274425004914485,0.08491448791035974,0.16361706310202478,0.12417534892864163,0.09000982897582072,0.11010811873402791,0.10193827403184588,0.038498132494594065,3.792086051267642,0.14673054849548112,0.5007878247005888,0.05555555555555555,0.46915054687011704,0.1479765397408535,0.0011642282455060784,601.0623927679826,322.0861856636655,0.015999999999990428,Kristian,REC_20260519_155900.csv
right,170,loose,200.352,1.1999999999999886,0.0,15783.0,1.1037982985578376,26165.051691139462,947.9166666666667,0.48289924800424583,0.3425925925925926,0.5521262002743484,0.24813376467380488,0.3436746965755595,0.7220018440282421,2916.0,1785.5394736842106,16.900000000000006,430.44736842105266,0.24107412620393365,0.0,-1.0933333333333333,-1.0933333333333333,0.5036658338955908,-1.4507251521099702,8375199.884941612,7671245.0,1535715.0,2989574.0,3741512.8985082973,1331013.843133029,1107879.4472732653,0.05156188974289062,0.07319032284213085,0.03576244832388855,0.0661233152298067,0.044347499281508614,0.0804784047280418,0.15771438677681077,0.13158340763885307,0.07953515449407153,0.12428058746803634,0.11655035703495184,0.03887222643900929,3.840377149434781,0.16654990372328513,0.5090477566861283,0.05333333333333334,0.486719161067381,0.1519286581931449,0.0009403136341241954,536.6153184544503,120.92459436833819,0.024440403706417115,Kristian,REC_20260519_155900.csv
right,171,loose,201.568,1.1839999999999975,1.0,15726.0,1.0977682924277234,29381.735840484307,550.0,0.28018769554532064,0.35118110236220473,0.521259842519685,0.2145809406067345,0.3764914154456141,0.569949092603996,3175.0,1822.6533333333334,-0.8999999999999986,377.5,0.20711563361838783,2.554054054054054,0.0,2.554054054054054,0.922675892714815,-0.5957709614361519,8489393.21741778,7860613.0,1678657.0,2731789.0,3883392.4858864006,1114884.8073976308,1120467.4653100173,0.05325569316527553,0.06792295481312957,0.0413828923401049,0.07613076906195362,0.04626954110856699,0.09286095728571532,0.15946715045464852,0.11518006715484386,0.09330719317624854,0.110044696742478,0.09940087345189065,0.04477721124514444,3.5017074974249884,0.13579222844815156,0.47048348131226475,0.05405405405405406,0.46693863411376296,0.1543445508930804,0.0010297187137622845,426.74855984912534,298.9444199240095,0.024440403706417115,Kristian,REC_20260519_155900.csv
right,172,loose,202.768,1.1999999999999886,0.013333333333333334,15443.0,1.0678298409396136,28177.392249816163,1093.75,0.557191440004899,0.335742246311352,0.48027702499247216,0.24858363050730473,0.3278859427125273,0.7581405547624687,3321.0,1830.1052631578948,3.8999999999999986,441.26973684210526,0.24111713447601518,5.0,-2.0,3.0,0.6319821394844174,-1.1916798724734567,8419053.880205661,7688349.0,1545489.0,3062878.0,3769891.065236089,1226471.2536584216,1193087.6651545032,0.053965834579546755,0.0576469573219832,0.04793368227309329,0.07040147244909697,0.038975324974117105,0.08012193719084319,0.1586118141033015,0.13119751524214884,0.08074025077648683,0.1259562291498907,0.11738611526515587,0.03706286667433567,3.855381240457212,0.15056432712125614,0.4845285698820517,0.05333333333333334,0.5087686017087686,0.1325513556895729,0.0012039066409727421,182.08880617244014,281.4454053696782,0.009237604307027513,Kristian,REC_20260519_155900.csv
right,173,loose,203.984,1.1999999999999886,0.0,16338.0,1.1625115161405266,27070.418042579247,491.9642857142857,0.25062243546342805,0.29156698564593303,0.555622009569378,0.2046637289207565,0.3735039150849357,0.5479560471914442,3344.0,1913.9868421052631,1.6000000000000014,379.14473684210526,0.19809161092511499,0.0,-0.5066666666666667,-0.5066666666666667,0.8078521627456497,-0.9349602096303542,8606494.073829018,7683462.0,1897347.0,3381749.0,3844055.867678534,1333243.5465187742,1222977.908320803,0.05624110598571458,0.07356509902861896,0.06645676220069709,0.07038215903700598,0.04234066394890797,0.09246337556629522,0.1517980517382427,0.11332778782233283,0.09475261750410757,0.10346961082887057,0.09133594109842366,0.043866825240782885,3.622197524095238,0.1537585656564711,0.4768093455178344,0.05333333333333334,0.473610585789058,0.1397537943717496,0.0010429479023909762,457.4673030209995,331.9583941176494,0.009237604307027513,Kristian,REC_20260519_155900.csv
right,174,loose,205.2,1.1520000000000152,0.0,15630.0,1.0876124926296367,28542.3359415448,718.75,0.36615437486036223,0.3048461034708579,0.518664047151277,0.21791035447251023,0.3770518700241419,0.5779320348105639,3054.0,1753.3287671232877,-0.20000000000000284,369.40410958904107,0.21068730321189438,0.0,-0.18055555555555555,-0.18055555555555555,0.6934653305130464,-1.145054140689275,8656187.383789932,7633372.0,1709200.0,3706730.0,3776197.9304803372,1295269.3415864932,1288298.7731737194,0.05209659903275961,0.07069136593407452,0.03908026220183916,0.07596509184096005,0.04650254310782621,0.09043463314400008,0.161438516168853,0.11757674247810428,0.0934582359972811,0.11102950942629676,0.10033361199440595,0.04139288867359934,3.853867325437881,0.16176797414860825,0.4935355236999257,0.05555555555555555,0.4861218378006401,0.17512864720742646,0.0016826500100587266,472.09780060206435,303.9196182442656,0.027712812921086207,Kristian,REC_20260519_155900.csv
right,175,loose,206.368,1.1680000000000064,1.0,15702.0,1.0952293424782018,29117.722850525246,605.9027777777778,0.30866636914557105,0.3168724279835391,0.5373799725651578,0.22701201610218227,0.37644904506795,0.6030351758785,2916.0,1785.8918918918919,-1.7000000000000028,392.9527027027027,0.2200316292866007,0.0410958904109589,0.0,0.0410958904109589,0.6697733848305832,-1.184323623292789,8671794.29907525,7864279.0,1351233.0,3395188.0,3885336.564238731,1410852.6789501032,1209463.8538187132,0.05073549441569055,0.07157450286025606,0.037349798722721636,0.0730121977057417,0.04672508247828325,0.09145252580283907,0.1578967281092043,0.1240579315354581,0.09368473622082993,0.11066466902751294,0.10295408456672418,0.03989224855473834,3.773062483839332,0.14013691569133407,0.4916037026144662,0.0547945205479452,0.48647317829460746,0.1642825657286147,0.0013392940756242868,389.64599317839037,113.39329473198308,0.024440403706417063,Kristian,REC_20260519_155900.csv
right,176,loose,207.552,1.200000000000017,1.0,14687.0,0.9878529175296804,28550.911736755446,484.375,0.2467562091450267,0.3097576948264571,0.5478061558611657,0.22584424637014847,0.3578091862310351,0.6311862720706298,3054.0,1774.3947368421052,12.299999999999997,388.3618421052632,0.21887003722544382,0.14666666666666667,0.0,0.14666666666666667,0.7299724798149573,-1.1768305393082263,8517410.459080389,7776314.0,1556484.0,3106860.0,3719237.347516141,1406805.1174307026,1189665.108420345,0.05979800376703695,0.07167751790825634,0.04653180476663651,0.07534073887315171,0.04518961246978214,0.08558144363533897,0.15662865024396755,0.12250285493941597,0.08001987334450592,0.11622940365135628,0.10334139143073251,0.03715870496981922,4.142183863867836,0.1755592742831396,0.5046455635900056,0.05333333333333334,0.49998446538691793,0.15567973221193937,0.0016710623151735822,566.3711974785614,117.21428877620333,0.02444040370643254,Kristian,REC_20260519_155900.csv
right,177,loose,208.768,1.1519999999999868,0.9861111111111112,15616.0,1.086131438492416,28666.819949202596,1054.6875,0.5372917457190097,0.31734085920351207,0.5384132957039824,0.21104387291981846,0.3787068724938678,0.5572750014536296,3189.0,1865.2876712328766,3.0,380.1575342465753,0.20380638338498597,0.7183098591549296,-2.0,-1.2816901408450705,0.8913057697371939,-0.7750983595283185,8630457.142453173,7674910.0,1006705.0,3816686.0,3836576.7265956416,997488.8218371533,1301365.8318474889,0.05901620081371268,0.08254630377627309,0.054330743357372625,0.07769927882143854,0.05325117870834129,0.08311913399820807,0.1584463081826594,0.11772395458484498,0.08209097718960681,0.1042183805061469,0.0933199183349735,0.03423762172642216,3.82581246618492,0.14909573092628325,0.4947104496586158,0.08333333333333333,0.4493761960846091,0.1627540758382871,0.0013428442728026005,562.8294590726098,300.39781272170944,0.02444040370644492,Kristian,REC_20260519_155900.csv
right,178,loose,209.936,1.2159999999999798,0.013157894736842105,15424.0,1.0658198388962423,28531.255019714783,611.1111111111111,0.3113196617170229,0.31527693244065735,0.44826536822884966,0.23036273944879343,0.36109510491476116,0.637955863463801,3286.0,1848.1298701298701,0.10000000000000142,412.61038961038963,0.22325833063960762,21.0,-0.38666666666666666,20.613333333333333,0.6537251949599902,-1.1990283850488908,8589834.33318606,7759210.0,2188119.0,2965139.0,3765731.5253865127,1546724.49179261,1118525.1545404552,0.055598499009177405,0.07598414683850294,0.04213455511362838,0.07183815158882971,0.04611892681967029,0.08407937824125476,0.15818025944092307,0.12484364678931316,0.08307450142650345,0.11735977400812335,0.10551909265948028,0.035269068064593206,3.871556139914842,0.17044380329997266,0.514181137750024,0.05263157894736842,0.4874454840905604,0.1679957553503073,0.0011411756255941318,490.42056781225875,299.46574714968546,0.03330665599145974,Kristian,REC_20260519_155900.csv
right,179,loose,211.168,1.1519999999999868,0.0,15927.0,1.1190319982549677,27877.79471192081,937.5,0.477592662861342,0.2955793123374747,0.514302224790523,0.2313954731776867,0.39346996970237036,0.5880892850664396,3461.0,1921.5753424657535,-13.0,430.9931506849315,0.22429157013010156,0.0,-0.7361111111111112,-0.7361111111111112,0.7706625920505278,-0.9855468152818991,8807902.566557886,7693236.0,1821600.0,3882659.0,3694347.7866548044,1510607.3100165357,1302791.6971257932,0.05084298698984138,0.08056317946890038,0.033177686686865084,0.07411869541971128,0.05812867581536268,0.0907503118873641,0.14564961682409552,0.12481910532881839,0.08990910711103191,0.10564961682409553,0.1065763678488683,0.03981464979504545,3.9948604144616424,0.1647251487126612,0.514141480108669,0.05555555555555555,0.478512415127439,0.1945740150831434,0.0017584943580178686,253.83524840593782,229.86323097517237,0.0369504172281316,Kristian,REC_20260519_155900.csv
right,180,loose,212.336,1.1359999999999957,0.9859154929577465,14840.0,1.0040387234578811,28123.56565231372,1453.125,0.7402686274350802,0.33513696313831587,0.5431180250253635,0.23477190001480916,0.37071216455311423,0.633299693031294,2957.0,1781.9305555555557,-1.7999999999999972,404.6388888888889,0.2270789328053999,0.014285714285714285,-7.0,-6.985714285714286,0.7582428931783718,-0.9829640392602763,8960584.893123606,7943691.0,1424537.0,3893655.0,3751631.238909004,1424831.4333299967,1386308.1834163885,0.057498499598593905,0.07537081349036234,0.030163913982182246,0.0809671158777543,0.04726459286510417,0.08568266315403861,0.15760060483713823,0.12923717254226455,0.08142697916585476,0.10894083352169541,0.1055347274725446,0.04031208349246681,4.090772955577881,0.17934505720416363,0.5250560620670067,0.056338028169014086,0.481120141520259,0.1993225456663077,0.0027593067939140565,544.0027573459226,424.53626395886505,0.04233202097702579,Kristian,REC_20260519_155900.csv
right,181,loose,213.488,1.2160000000000082,0.013157894736842105,14836.0,1.003615565132961,28321.033279172567,1125.0,0.5731111954336104,0.2965253239104829,0.5294464075382803,0.2061785620580855,0.3947309997779916,0.5223267546095337,3396.0,1930.4285714285713,3.799999999999997,385.68831168831167,0.19979413763177548,13.0,-1.3733333333333333,11.626666666666667,1.0193875850197984,-0.5013021419254646,8853024.95319854,7742106.0,1401324.0,4058588.0,3704339.304563735,1441841.2446939861,1369743.8280881566,0.060271926696850844,0.0911310993454115,0.05801820469177829,0.0749715761926226,0.05237380838653687,0.0897452285005012,0.1454357083751001,0.11374232220824393,0.08650928735291942,0.0959412821323574,0.09243623984984158,0.039423316267836364,4.062311412126749,0.17786147992982687,0.4985356208805396,0.07894736842105263,0.4183190521357537,0.18203231681849769,0.0010371800487940614,628.7376241326455,260.9889545076555,0.04233202097704197,Kristian,REC_20260519_155900.csv
right,182,loose,214.72,1.1999999999999886,1.0,15793.0,1.1048561943701383,31249.532828508014,589.2857142857142,0.3002011023699864,0.2845752836553205,0.6001226617601962,0.19605679093089162,0.41466372356660125,0.47280912167653644,3261.0,1931.3684210526317,-6.200000000000003,366.57894736842104,0.1898027032919119,0.26666666666666666,0.0,0.26666666666666666,1.0400300624023306,-0.4161592404874983,8751293.441834355,7648032.0,1916895.0,3797138.0,3787612.9227494914,1482486.155412899,1333622.7126987935,0.05778558971005014,0.08097612818835839,0.05180401133638544,0.0816710268149117,0.05568726836712448,0.09750381512971441,0.14949177022018748,0.11168792238936123,0.09882548506649226,0.09248964464791802,0.0843688685415304,0.03770846958796599,4.018547270490508,0.1459484273888551,0.5015162566430957,0.08,0.522909082641143,0.2059829181537071,0.0014556146976857703,551.3731343956615,436.0569769893855,0.04233202097703661,Kristian,REC_20260519_155900.csv
right,183,loose,215.936,1.1680000000000064,1.0,16262.0,1.1544715079670411,30728.654087024377,1578.125,0.8039476491499257,0.3433029908972692,0.5497399219765929,0.20911735027007775,0.39577521220395323,0.5283740462301212,3076.0,1821.2972972972973,-23.5,367.3716216216216,0.20170876120377515,1.5753424657534247,0.0,1.5753424657534247,1.1553052193021682,-0.058047101463946316,9300373.157168588,8069529.0,1589471.0,4342030.0,3962939.9428892364,1200241.733027321,1456638.2544121582,0.05691666172018757,0.0775954175817653,0.037202469282364814,0.08129785718525555,0.04937080785896599,0.0934439366059239,0.1604291565263845,0.11689766724045825,0.0940671929720425,0.10091559328070279,0.09221968302961951,0.03964355671632932,3.9302144944170596,0.16399473044681492,0.48590289112534807,0.0821917808219178,0.48339244679768306,0.17190636100920476,0.0016069614083185776,726.7835532903197,494.9941404561102,0.02444040370642957,Kristian,REC_20260519_155900.csv
right,184,loose,217.12,1.1680000000000064,0.0,15529.0,1.0769277449253996,28859.70653003942,1338.5416666666665,0.6818961908631382,0.345372460496614,0.5182199290551435,0.23705233853831179,0.35929158985066234,0.6597770313423698,3101.0,1825.1756756756756,9.099999999999994,419.0810810810811,0.22961136654746306,0.0,-1.8082191780821917,-1.8082191780821917,0.7250433636164684,-1.0862985945584394,9025165.953529553,7859392.0,1783726.0,4062253.0,3805384.822703728,1361634.1766867181,1336403.6159803714,0.05507059668451019,0.07111496116627056,0.042728208317599936,0.07551290879071249,0.04771847212041788,0.08263551083568409,0.15738581254673747,0.12877694113117583,0.08230973693757729,0.11455394889792173,0.10827539740713593,0.03391750516425668,4.087111007697645,0.19054490899051352,0.5141241833380364,0.0547945205479452,0.47908820745931713,0.18844650853733666,0.001685469836881931,371.2469977431553,515.8468423801345,0.018475208614057194,Kristian,REC_20260519_155900.csv
right,185,loose,218.304,1.1680000000000064,0.0,15486.0,1.0723787929325066,29129.123793893974,1065.625,0.5428636601190587,0.31287128712871287,0.5254125412541254,0.22175365700509306,0.3726230435894852,0.5951152533901132,3030.0,1743.2297297297298,10.200000000000003,373.9932432432432,0.21454042279397512,0.0,-0.4794520547945205,-0.4794520547945205,0.8042068523979299,-0.9498003506138937,9065685.209964275,7970569.0,1166752.0,4158770.0,3814467.307678833,1332124.7639466424,1408145.6125264198,0.05951984123907937,0.07736494081349468,0.038155334537477034,0.07722540484809959,0.048961619857518276,0.08634950658532237,0.15905549655423684,0.11952030635896402,0.08272157148505027,0.11400863572585834,0.10223335064612904,0.03488399134877015,3.640963417078364,0.1345706743192538,0.46328318055240236,0.0547945205479452,0.4742686538039168,0.1901122924554888,0.0019735608058526746,436.14103223610067,256.4306048282685,0.0,Kristian,REC_20260519_155900.csv
right,186,loose,219.488,1.1680000000000064,1.0,15769.0,1.1023172444206166,31654.71596776695,343.75,0.1751173097158254,0.318805765271105,0.6273164035689773,0.21968308401821082,0.40036510376633355,0.5487068726802052,2914.0,1828.4324324324325,0.29999999999999716,389.1554054054054,0.21283554070833086,0.0684931506849315,0.0,0.0684931506849315,0.7084493987658277,-1.124451964274453,9244592.751696205,8074416.0,1880243.0,4090353.0,3977650.36563874,1300716.6030332993,1381204.2445377244,0.048306036776444156,0.07689351386507419,0.030220836043280318,0.07444717081534913,0.049880269615088985,0.0975728729379767,0.15571601726482587,0.12143765151067226,0.10157127653284456,0.10347809377401998,0.09824543250753857,0.042230828356885235,3.831204242112987,0.1610757948243425,0.48291537136392093,0.0821917808219178,0.4678430828086014,0.16131036562492482,0.0011543185445243086,152.50027322369635,514.0034829063063,0.0,Kristian,REC_20260519_155900.csv
right,187,loose,220.672,1.1520000000000152,1.0,16003.0,1.127072006428453,29297.804456989605,473.71031746031747,0.24132327673681567,0.3321287779237845,0.5755584756898817,0.2099193045954846,0.3790978135105468,0.5537338837469836,3044.0,1846.958904109589,3.5,374.3082191780822,0.20266190998902306,0.9027777777777778,0.0,0.9027777777777778,0.9047761404548037,-0.7348739820395211,8982442.995506123,7984008.0,1639562.0,3775147.0,3934813.781494434,1315420.9129802808,1270323.8287848148,0.059646364256682585,0.08381790132613405,0.049136677841397934,0.07493992345803542,0.04500548847420417,0.08674755985403626,0.16099771560803394,0.114508855727297,0.0885869403981369,0.10602397128192957,0.09541044886818761,0.03517815290592459,4.105323728233139,0.17807880555181776,0.5206478862631844,0.08333333333333333,0.4590602573786214,0.19751927222992366,0.001986061176439427,258.8867191134072,384.78482973072784,0.00923760430702781,Kristian,REC_20260519_155900.csv
right,188,loose,221.84,1.1839999999999975,0.0,15869.0,1.1128962025436235,29686.791692602957,1140.625,0.5810710731479661,0.32119309262166407,0.5070643642072213,0.22212025749897274,0.3419052184632242,0.649654481721608,3185.0,1946.9333333333334,12.600000000000001,419.12666666666667,0.2152753047527736,0.0,-0.6351351351351351,-0.6351351351351351,0.7223407707287522,-1.0742490967292935,8984616.438013032,7852061.0,2356718.0,3676187.0,3919041.909521713,1359082.356420051,1273878.2845425876,0.05951924393918641,0.08426927818107108,0.04906862073688536,0.06602520202711956,0.05117792083276263,0.07275715655389672,0.1841870976578551,0.1183878920695795,0.06767566086837419,0.11312149020682098,0.10373236542939324,0.030078071497055197,3.774389274186601,0.14834288424882214,0.48453216710339064,0.08108108108108109,0.515356017053125,0.16964054376635845,0.001433440957842583,117.41095917036846,427.52673279503506,0.015999999999990515,Kristian,REC_20260519_155900.csv
right,189,loose,223.04,1.1680000000000064,1.0,15252.0,1.0476240309246703,29641.51077458772,359.375,0.18307718743018112,0.3267230169050715,0.5894018205461639,0.2331391717385936,0.36815653007567944,0.6332609982235774,3076.0,1860.6216216216217,6.799999999999997,420.3243243243243,0.22590532080240547,0.2465753424657534,0.0,0.2465753424657534,0.6637670011091799,-1.168410575911362,8760942.594934976,7891157.0,1423316.0,3529579.0,3926547.242587121,1314241.1637196233,1214530.8054554255,0.05952674927007829,0.07691413796609677,0.03677933849483608,0.07631131705474775,0.053556643376959166,0.08493238237729327,0.15486687099632496,0.12791423964673243,0.07644204930058249,0.11116598637479481,0.10522493209186118,0.03636535304969278,3.8012524423587157,0.16167385336053783,0.486127804653338,0.0821917808219178,0.4737724787780966,0.19634558045241948,0.001652509215064634,400.5508706768341,421.9398300519773,0.015999999999990515,Kristian,REC_20260519_155900.csv
right,190,loose,224.224,1.200000000000017,0.013333333333333334,15113.0,1.0329192791336903,28405.204945572914,1578.125,0.8039476491499257,0.34676600067727736,0.5672197764984761,0.2340761474145046,0.34722072702479634,0.6741422075227111,2953.0,1833.3552631578948,21.700000000000003,416.05263157894734,0.22693508450855848,4.0,-0.7297297297297297,3.27027027027027,0.6711512971508306,-1.203150800666506,9341145.119035192,7843509.0,2078163.0,4627915.0,3846839.081600598,1163531.6045164694,1383462.5912819442,0.05703520292819463,0.0721283238238777,0.03825313094340977,0.07036997165105681,0.04572433344098755,0.08069042236336885,0.16409373093623283,0.12426167151110633,0.07830767574550544,0.12019234219686367,0.10981447590339828,0.039128718555998136,3.4350819362122897,0.1248396835378733,0.46343340878559136,0.08,0.4417464794495669,0.1538799062370098,0.0009960024303436212,402.398227298902,617.4017296973926,0.0160000000000047,Kristian,REC_20260519_155900.csv
right,191,loose,225.44,1.1839999999999975,0.0,15472.0,1.0708977387952856,29153.575321047676,937.5,0.477592662861342,0.341233879400488,0.5555942837225514,0.23343920838041718,0.3627034786061143,0.6436089592445211,2869.0,1746.2933333333333,-0.10000000000000142,394.6533333333333,0.22599486913233363,0.0,-0.10810810810810811,-0.10810810810810811,0.6653731870255527,-1.1965249889213125,8677791.237613117,7726223.0,2086715.0,3354871.0,3846599.322101851,1354121.0342656688,1206084.391695869,0.053706135662584364,0.06999205937146871,0.034098891366093516,0.07348135479339095,0.04783465168127539,0.08523959319549217,0.16417249488440278,0.12589713831964083,0.08615581956448708,0.11345173014079346,0.10754207006077636,0.03842806095959442,3.6781831359145207,0.14737463561984138,0.4813702667894654,0.05405405405405406,0.45396969302998536,0.1662497338465201,0.0015414034361296606,181.01657382671786,609.6420355079957,0.0160000000000047,Kristian,REC_20260519_155900.csv
right,192,loose,226.64,1.200000000000017,1.0,16171.0,1.1448446560751049,30320.303181201867,937.5,0.477592662861342,0.3481404958677686,0.5557851239669421,0.23078670124694128,0.35931982358198894,0.6422876949730082,2904.0,1795.9736842105262,0.6000000000000014,401.3881578947368,0.2234933403666095,0.41333333333333333,0.0,0.41333333333333333,0.5843891084926314,-1.354611961091817,8923363.286424352,7962017.0,1791056.0,3608991.0,3825555.0645610816,1275625.2188673723,1289607.2372030807,0.05285946635016924,0.06096238662505312,0.029869444810760912,0.08114642401863818,0.043210690579805706,0.08424546133895996,0.17372924817208082,0.12716309874426715,0.08975486101953199,0.12111887702023531,0.10362360250267412,0.0323164388178235,3.890995310497549,0.13807553268198056,0.4835142134290545,0.05333333333333334,0.5189910124728673,0.15137757724392778,0.0014550416236021565,538.0281900916544,369.8650161996029,0.009237604307044142,Kristian,REC_20260519_155900.csv
right,193,loose,227.856,1.1839999999999975,0.013513513513513514,15711.0,1.0961814487092725,29273.089023879937,419.79166666666663,0.21385538125902312,0.3335507010107597,0.5842843169220737,0.22156845902765848,0.3733536620282884,0.5934546291139686,3067.0,1862.72,-1.2999999999999972,399.49333333333334,0.21446773177575446,3.0,-0.8082191780821918,2.191780821917808,0.7063036087948646,-1.117976998062387,8541085.742202919,7666358.0,1650557.0,3384193.0,3897131.1245763693,1414079.9345356778,1244694.4264343863,0.05456536677546813,0.07447174025081602,0.0395049533298975,0.07691261524365803,0.0469421061673252,0.08730601843898528,0.15725390826318503,0.11961003264043979,0.08772118192750386,0.10879430796541259,0.10195842638721868,0.04495934261008991,3.6594124645840456,0.15091904860277977,0.48205088811934244,0.08108108108108109,0.47376529868400236,0.17244099783732778,0.0010614646607227847,355.27501084836285,298.89904561171045,0.009237604307044142,Kristian,REC_20260519_155900.csv
right,194,loose,229.056,1.1839999999999975,1.0,16621.0,1.1924499676286364,28339.713477732974,859.375,0.4377932742895635,0.3390227576974565,0.5491967871485943,0.24026639722097254,0.36162021432733227,0.6644163896300335,2988.0,1807.8266666666666,4.0,421.1666666666667,0.2329684999299343,0.6351351351351351,0.0,0.6351351351351351,0.5665880399135756,-1.3695451428925853,8767415.509317383,8026769.0,1480737.0,3200933.0,3821229.5917434273,1017593.3474012204,1270723.9233286923,0.05307293472088032,0.0792627611791691,0.03643417141761378,0.06961581862567946,0.047334921489523334,0.0873977593722112,0.15373155243496797,0.12572739274414213,0.0780089536607492,0.11571168327347017,0.11453900447683038,0.039163046604763,3.902132215408054,0.1455995912874969,0.4861962790456812,0.05405405405405406,0.5141817531731965,0.17109001100593463,0.0014279983828301207,455.0091574169794,279.0934553670193,0.009237604307044142,Kristian,REC_20260519_155900.csv
right,195,loose,230.256,1.2319999999999993,1.0,13606.0,0.8734943802199744,26560.690427773145,729.1666666666666,0.371460960003266,0.31109781633263534,0.515704457074484,0.22919932791068803,0.36739242001363864,0.6238542643363122,3343.0,1823.628205128205,3.1000000000000014,404.81410256410254,0.2219828040747172,0.35064935064935066,0.0,0.35064935064935066,0.7397044087480443,-1.1116078153562559,8151904.412850657,7326717.0,2345722.0,2696359.0,3590380.110895742,1267382.5271089545,1282880.694696742,0.05532785444626449,0.07729027087448943,0.04055032585083273,0.07492811597055743,0.04857181021210183,0.0843204938028585,0.1570903313344066,0.12447712716970255,0.08228172915363147,0.11064164844667225,0.1047222007409855,0.039798091997497245,3.6986308323238464,0.1577533419041805,0.479268054088488,0.07792207792207792,0.44292868006512615,0.16551620867340908,0.0009919075901071142,1546.4664022646266,225.79511643629525,0.027712812921102666,Kristian,REC_20260519_155900.csv
right,196,loose,231.504,1.2480000000000189,0.01282051282051282,12720.0,0.7797648112501321,25103.489060288015,2093.75,1.0666236137236638,0.2934963868816009,0.49082823790994995,0.20761067936523284,0.35476619248480157,0.5852042380668717,3598.0,2094.6582278481014,5.099999999999994,421.8101265822785,0.20137420080010635,12.0,-0.4675324675324675,11.532467532467532,0.6795279745141349,-1.1363777072919299,7994766.536040812,7136127.0,2695137.0,2393370.0,3519104.4491867577,1349719.725499605,1193262.929931184,0.056744703223389203,0.07542392342184459,0.05548773855134821,0.06777940270005679,0.04532928848547843,0.08363649548580475,0.17667001051499293,0.107089764198262,0.082597082391617,0.10944052985895404,0.10052091516697083,0.03928014600128114,3.6610133198048143,0.1299634232326416,0.5030057466091342,0.07692307692307693,0.4663803452493453,0.17827424844802942,0.0017344602646845177,2045.0355335136073,753.0740915635449,0.03330665599146663,Kristian,REC_20260519_155900.csv
right,197,loose,232.768,1.26400000000001,0.0,13347.0,0.8460948786813862,24207.598104727367,1145.8333333333335,0.5837243657194181,0.32290362953692114,0.5603879849812266,0.22602145944316013,0.3411900693537039,0.6624502872283659,3196.0,1989.8,6.0,437.8,0.2200221127751533,0.0,-1.9493670886075949,-1.9493670886075949,0.49061251797392075,-1.4451294764580707,7529994.447274181,6708522.0,1854586.0,2873510.0,3159770.274213649,1223104.9534966745,1132477.796913339,0.050350537742486684,0.07515830736757464,0.05111694642677656,0.06383807417830938,0.04770579957784702,0.0761571514725098,0.18654513016383556,0.11820911649412001,0.07833073675746306,0.1100299025027641,0.10781234294904012,0.034745954367273096,3.2005448022650174,0.12069908719816731,0.4542799738039516,0.0759493670886076,0.4493481439182881,0.12126279296021593,0.0006302148924485509,455.5593631276499,699.3145205207098,0.016000000000004733,Kristian,REC_20260519_155900.csv
right,198,loose,234.048,1.3599999999999852,1.0,1253.0,-0.4333243167150843,17347.146681803322,531.25,0.2706358422880938,0.29765100671140937,0.4224832214765101,0.24222697112403868,0.3420792275119712,0.7081019589684386,2980.0,1762.953488372093,20.6,416.7906976744186,0.23641616209584868,0.1411764705882353,0.0,0.1411764705882353,0.4918920743811171,-1.022069904696905,5059608.886214526,4879591.0,667064.0,1159422.0,2350394.928250733,801831.8649357273,509996.22000689455,0.05757383882754891,0.059855949978234194,0.038261638107298795,0.0711016133074782,0.0369161159259699,0.08172068542482885,0.1718838629677998,0.13438073001174033,0.09248486287546004,0.11701425989684329,0.10784624111229833,0.030960201564499322,3.2103311722844294,0.16911248880341884,0.5331856770317172,0.047058823529411764,0.3766263297686656,0.054818397903717314,0.0009880130527830137,6808.696081727632,787.1536201779538,0.06057502235518549,Kristian,REC_20260519_155900.csv
right,199,loose,235.424,1.2159999999999798,1.0,14773.0,0.9969508215154665,21206.174902607967,656.25,0.3343148640029394,0.2813166717464188,0.4821700701005791,0.21677952745388734,0.3570407768027674,0.6071562172668197,3281.0,1944.7012987012988,1.7999999999999972,409.8376623376623,0.21074581613708912,0.5131578947368421,0.0,0.5131578947368421,0.7944240325638873,-0.8387044919742221,6675819.480952282,5996253.0,682947.0,2853962.0,2816461.5008865274,1216759.678901937,836899.0090025509,0.05632354316090342,0.07624447382831805,0.04628627906666132,0.07372013196030507,0.0440290633222476,0.07893576952358056,0.17253008507967035,0.11620654191876693,0.08411133816831617,0.10987565278946454,0.1005729855351204,0.04116413564664556,3.802199767070631,0.19234414945207584,0.47718855853163744,0.05263157894736842,0.443851150670448,0.17045476817967783,0.0011986683802607022,7428.421905088582,324.81520743567427,0.073321211119293,Kristian,REC_20260519_155900.csv
right,200,loose,236.656,1.1359999999999957,0.014084507042253521,14414.0,0.9589723618538712,25421.89308450494,506.69642857142856,0.2581274630226777,0.2828927377696749,0.5195989061075661,0.18015202318277676,0.4161900138064966,0.4328600331729733,3291.0,1830.861111111111,-6.700000000000003,317.27777777777777,0.17329429078605998,7.0,-0.6714285714285714,6.328571428571428,1.3652830747766662,0.5444531138525015,8105977.571362013,7097032.0,1268156.0,3705508.0,3429681.8457094585,1350189.856872722,1098013.6062204638,0.058586578871508546,0.07988803082945184,0.04622900578052222,0.08075283336620595,0.050689566233253935,0.09761648283291105,0.14999013821668614,0.09866334906161339,0.10724310054467388,0.09249594149686699,0.0814886741211634,0.056356298645142695,4.632265660073535,0.18666158506358116,0.5747572311849968,0.056338028169014086,0.5417297441794583,0.16102856679488498,0.006276289931625905,7704.232624559906,80.20198313937237,0.11351358215355721,Kristian,REC_20260519_155900.csv
right,230,loose,273.264,1.1999999999999886,0.0,13677.0,0.8810054404873094,27569.636268910042,515.625,0.2626759645737381,0.33136094674556216,0.5405325443786982,0.237991752660813,0.36210003442015537,0.6572541564144869,3380.0,1949.592105263158,7.799999999999997,449.73026315789474,0.2306791569086651,0.0,-0.9733333333333334,-0.9733333333333334,0.6648987091861556,-1.1908431838333355,8260106.815717337,7387804.0,1214400.0,3489262.0,3745423.682893541,1282713.2926043828,1121721.1846207192,0.05550418778556918,0.08547671915177939,0.04077101148013417,0.06661987325283966,0.055213978632507474,0.08009772624503102,0.15277149741173932,0.12599126672920785,0.07469173713799783,0.11109611322206399,0.11200048593160512,0.039765403019525004,4.099606767366102,0.17244323406568077,0.5138812350635049,0.08,0.4875746359059862,0.2249112700107937,0.001300345963629921,287.62185823276445,93.7673595038819,0.024440403706430105,Kristian,REC_20260519_155900.csv
right,231,loose,274.48,1.1359999999999673,0.0,15142.0,1.0359871769893625,28384.437743242335,966.1458333333333,0.4921857720043274,0.3238828967642527,0.5186440677966102,0.22861136585510164,0.36574416471910776,0.6250581360070168,3245.0,1877.9444444444443,5.200000000000003,414.7986111111111,0.2208790639884034,0.0,-0.15492957746478872,-0.15492957746478872,0.7180694697105546,-1.096467767031276,8412402.287533151,7513642.0,1384220.0,3521027.0,3774405.3571277717,1241594.169141721,1217821.4622669485,0.05506907670916783,0.07460876253586961,0.05371564654024791,0.06668786794071532,0.04407153211253439,0.09322397420347307,0.15196876016921576,0.12114309380824188,0.0871520279265154,0.10635150726266901,0.10746827204685976,0.03853947874449014,4.230137188239115,0.1745661555416305,0.5165124231837052,0.056338028169014086,0.5009382256980801,0.21899298993236277,0.0019056456141603206,779.0611871562289,226.49384336483243,0.03200000000001077,Kristian,REC_20260519_155900.csv
right,232,loose,275.632,1.183999999999969,0.0,16042.0,1.1311978000964258,28473.200399674075,1338.5416666666667,0.6818961908631384,0.3118119607259744,0.4977685212734305,0.2348706444683924,0.3665427727316047,0.640772815455348,3361.0,1818.76,9.900000000000006,413.6,0.22740768435637468,0.0,-0.8108108108108109,-0.8108108108108109,0.6819151695769423,-1.184294319738882,8533479.804314299,7794640.0,1547932.0,3109304.0,3755401.508070519,1372949.9387730055,1301811.9213859527,0.05443269040445139,0.07444632606831028,0.03733679356631258,0.07143328421561942,0.04801073258703732,0.08607329535874259,0.15803441172373853,0.12795531021135279,0.08657913450189507,0.11157052057445732,0.1069153342570396,0.03721216653104313,3.965954495710695,0.17276636656487826,0.4942507044723063,0.05405405405405406,0.478412320278405,0.17399512862633149,0.0013559392322899696,1193.6952430722351,412.0759473343791,0.03330665599146706,Kristian,REC_20260519_155900.csv
right,233,loose,276.832,1.1519999999999868,0.0,15472.0,1.0708977387952856,27666.577236803256,476.5625,0.24277627028784884,0.32216905901116427,0.5534290271132376,0.2364183971557327,0.3690149988299856,0.6406742216575959,3135.0,1814.7534246575342,16.700000000000003,415.2328767123288,0.22880952920129533,0.0,-0.05555555555555555,-0.05555555555555555,0.7139069796443376,-1.0909447688759715,8498605.46457082,7591833.0,1694540.0,3423288.0,3799383.299889115,1260199.3485729105,1230078.5837470472,0.049684096107248804,0.07614906738528197,0.038006597371619225,0.06719656997063642,0.048483887769197674,0.08632441857831927,0.15808027053752727,0.12701827487035486,0.09086105512655027,0.10879624387629551,0.10940012228537785,0.03999939612159092,4.325668942841441,0.190830844083155,0.5326395883753223,0.05555555555555555,0.5085163921602509,0.21783556869595846,0.001304264450075444,455.30209751324145,432.31519765273805,0.024440403706430105,Kristian,REC_20260519_155900.csv
right,234,loose,278.0,1.1680000000000064,0.0136986301369863,16472.0,1.176687320025356,29194.01200588915,765.625,0.3900340080034293,0.3263888888888889,0.5189393939393939,0.23563381544346165,0.37597119292373893,0.6267336962992017,3168.0,1808.8648648648648,-2.200000000000003,412.63513513513516,0.22811827635668183,5.0,-0.7083333333333334,4.291666666666667,0.6983917177193535,-1.0708021845729576,8533016.2049467,7845953.0,1127657.0,3159395.0,3882308.1051087845,1355190.2786681864,1271553.355663412,0.046094310303609845,0.0723389313889553,0.03441011235955056,0.06779673679177624,0.05394603155629931,0.08939457327277074,0.1601347716949558,0.1270170929954578,0.09249491991393737,0.10740646665072914,0.10861672244800383,0.0403493306239541,3.997407652956785,0.17359584449915838,0.5042746004378456,0.0547945205479452,0.47272296626351934,0.17834256498785786,0.0015851922179933064,501.63067423483704,438.7099876566225,0.015999999999991243,Kristian,REC_20260519_155900.csv
right,235,loose,279.184,1.183999999999969,0.0,15927.0,1.1190319982549677,27689.528724772474,562.5,0.2865555977168052,0.324254215304799,0.5340466926070039,0.24875922743932566,0.35254902249983405,0.7056018073034155,3084.0,1808.0133333333333,6.5,436.6666666666667,0.2415173929395801,0.0,-0.4864864864864865,-0.4864864864864865,0.4247143244823661,-1.5749933736725308,8595291.171393905,7861835.0,1461189.0,3152064.0,3822442.624714138,1210627.2024981668,1250349.908101331,0.04904093627628115,0.06617945295388677,0.03595843688468374,0.06943901593646065,0.04259555607996991,0.08488875450771012,0.16083214725555123,0.13309636359613866,0.08944624302180662,0.11477791461714884,0.115662863843187,0.038082315027175316,3.9688209060601927,0.16391575033453656,0.5056605177704026,0.05405405405405406,0.5159134553758729,0.18274440051779678,0.0012391174770459358,500.6745449890211,148.43749999998985,0.015999999999991243,Kristian,REC_20260519_155900.csv
right,236,loose,280.384,1.1359999999999673,0.971830985915493,16611.0,1.1913920718163358,28772.49160222312,320.3125,0.16317749314429186,0.3332220367278798,0.5098497495826377,0.23659526023795016,0.36223262675175577,0.6531583373899555,2995.0,1732.388888888889,2.9000000000000057,396.34027777777777,0.2287825097007985,0.391304347826087,-10.0,-9.608695652173912,0.7947993092287112,-0.9627498924881515,8666720.88971146,7837401.0,929736.0,3580892.0,3853825.3992437487,1331954.9742197972,1385803.4611603878,0.05140621492479877,0.0685870506365648,0.03901164095821441,0.06982169771991148,0.04348523233813295,0.0882051117596126,0.16385530577558283,0.13127345027739473,0.09213353429753392,0.1051614661834974,0.10532180996055543,0.041737485168200625,4.567631690381007,0.18416973897515507,0.5382050304558682,0.056338028169014086,0.49794937292079877,0.223047065351491,0.0021425282154711595,361.52501066081487,222.9416117273313,0.024440403706436294,Kristian,REC_20260519_155900.csv
right,237,loose,281.536,1.184000000000026,1.0,16415.0,1.170657313895242,30794.588501878054,540.1785714285714,0.2751843438391542,0.34090238867590683,0.48097906222353287,0.22160700576793735,0.3748683700991216,0.5911595200977865,3391.0,1962.5733333333333,-4.0,420.62666666666667,0.21432405073610838,2.27027027027027,0.0,2.27027027027027,0.7570901194470869,-0.9680146297484669,8933371.313182555,8069529.0,2326174.0,3045774.0,3900924.7581231687,1389480.2630685407,1333069.1231749747,0.052176394257879115,0.0649215655635798,0.047991412635111724,0.07412037257206525,0.04246805214921905,0.09406697329356696,0.1566107083896653,0.12121500343086969,0.09929140652069053,0.10557567275617726,0.10039200233706766,0.04117043609410773,4.233084768788166,0.19085309752598775,0.5163853618065176,0.05405405405405406,0.5111388976629394,0.20845693779023863,0.0018194779156663937,352.2347701935486,133.84949302302962,0.02771281292111956,Kristian,REC_20260519_155900.csv
right,238,loose,282.736,1.1519999999999868,0.0,17420.0,1.2769758430314626,30981.951052185206,679.6875,0.34625468057447295,0.33111625216888374,0.45401966454598036,0.23668311746154896,0.34593363648771935,0.6841864811535677,3458.0,1906.890410958904,-10.299999999999997,436.26027397260276,0.22878098891546877,0.0,-1.25,-1.25,0.7978288694733578,-0.8957120238883083,9336002.573372664,8144055.0,2210110.0,3993836.0,3968785.7699106294,1296878.5400366692,1442349.474908863,0.05506346845973147,0.0718447159903163,0.057936969749215174,0.061219944972450306,0.04224046895541044,0.0844881216640446,0.1573529306121276,0.12494701981997514,0.08614038490549772,0.11042147080163503,0.11173609764157381,0.036608406428022384,3.693477816157853,0.1471087103760367,0.4846225839314093,0.05555555555555555,0.4919656133099956,0.18933095977218134,0.001152808046042518,532.74790786385,181.17865084935812,0.024440403706461104,Kristian,REC_20260519_155900.csv
right,239,loose,283.904,1.1519999999999868,0.0,17037.0,1.2364584334203457,28145.556487658934,697.9166666666667,0.3555412045745546,0.3287628544717981,0.4954814583982549,0.24188729545872403,0.3486164736164736,0.6938492979090987,3209.0,1788.164383561644,6.700000000000003,418.7054794520548,0.23415379665379665,0.0,-1.2638888888888888,-1.2638888888888888,0.5522349456793267,-1.389331941551927,8735301.99482983,7948578.0,1508837.0,3293785.0,3876370.407508388,1266276.4665635817,1280683.0840062902,0.0489060489060489,0.06470245755960041,0.051464730036158604,0.06503952932524361,0.042019059876202726,0.08411472697186982,0.16237666237666237,0.13104430961573818,0.09274069988355703,0.11137923637923637,0.11084298584298584,0.035369553226696084,3.9733668035237173,0.14999253630730477,0.490646269653741,0.05555555555555555,0.5104296498458304,0.1765236609221819,0.001134651435243172,507.21428739075475,86.2905463708069,0.018475208614090723,Kristian,REC_20260519_155900.csv
right,240,loose,285.072,1.1519999999999868,0.0,16788.0,1.2101168276940582,28493.937197235486,1062.5,0.5412716845761876,0.3159778717865278,0.5304262935242434,0.23784267029276757,0.3583454161626938,0.6637246063848623,3073.0,1823.4109589041095,11.399999999999999,420.44520547945206,0.23058170371650302,0.0,-0.125,-0.125,0.6036933234559677,-1.320622143713196,8716869.551457163,7725001.0,1782504.0,3623652.0,3807506.7841767706,1417126.7146907747,1429455.3564333702,0.05252837899766358,0.07366894800501844,0.0436484384977725,0.06898106063451759,0.04548152266187861,0.08419415666859492,0.15307755298289374,0.12591184668204256,0.08601972819268419,0.110751339128083,0.11193082361072505,0.0438062039381259,3.9523265128500507,0.1596753787366222,0.5012710736246133,0.05555555555555555,0.46767095190803654,0.17280740539585981,0.0018321018320932771,318.3588122438465,215.94703039481774,0.0,Kristian,REC_20260519_155900.csv
right,241,loose,286.24,1.183999999999969,1.0,15668.0,1.0916324967163795,28211.627195183195,1140.625,0.5810710731479661,0.34986595174262736,0.563337801608579,0.2434290424913332,0.35230342330141395,0.690964170060549,2984.0,1811.5066666666667,-3.700000000000003,427.5133333333333,0.2359987634602504,0.9324324324324325,0.0,0.9324324324324325,0.5250919157442839,-1.403327858977245,8409211.499450706,7767762.0,828333.0,3112969.0,3841008.930873104,1161962.052978363,1224845.1032702867,0.05125015640755762,0.06628000264972804,0.03856826361849804,0.07204316112554558,0.04409589071343927,0.08391541479284279,0.16434938136210744,0.13225823071770829,0.08596895401985823,0.11632306073029448,0.1111708117736249,0.03377667208879533,3.753358530318256,0.15716018988967015,0.49574506215128605,0.05405405405405406,0.476227542216,0.17078996304406358,0.001429352662728176,729.218988598969,236.29613869472198,0.01847520861405787,Kristian,REC_20260519_155900.csv
right,242,loose,287.44,1.1680000000000064,1.0,14467.0,0.964579209659065,26113.818066303516,737.5,0.375706228117589,0.3435880829015544,0.5155440414507773,0.26650887403687745,0.335199027345127,0.7950765136381253,3088.0,1878.3918918918919,2.299999999999997,486.3378378378378,0.2589118063898821,0.136986301369863,0.0,0.136986301369863,0.4762853456456218,-1.4672188228484,8709180.257880589,7575950.0,2378709.0,3577226.0,3716125.1165714646,1274437.448829462,1268383.7966743808,0.05320105610751002,0.07629441514809246,0.040913374723922855,0.06440960856396717,0.05195646074488673,0.07229444392486385,0.1541499701440997,0.1393227386853332,0.0702440989633168,0.11948834900468341,0.12718613535154424,0.030539348637779584,3.835868249831402,0.15359881571804504,0.49071680141329527,0.0821917808219178,0.4930624801128398,0.19196116975088787,0.001460065240908476,1160.735542662477,213.79050542138592,0.015999999999991212,Kristian,REC_20260519_155900.csv
right,243,loose,288.624,1.183999999999969,0.013513513513513514,16118.0,1.139237808269911,28290.075804069525,359.375,0.18307718743018112,0.34438775510204084,0.5073341836734694,0.24617677746310926,0.35565658071247575,0.6921755165321674,3136.0,1789.0666666666666,10.799999999999997,426.7,0.238504248025041,1.0,-1.36986301369863,-0.36986301369863006,0.687644749084956,-1.2024893075738547,8578334.374634856,7498981.0,1771509.0,3770260.0,3747266.956032668,1334572.1389047957,1405327.2672189658,0.055052913996124615,0.07763452079296468,0.03860485914443285,0.0670219108660009,0.04869578178566106,0.07904307646445073,0.16025488150245937,0.13166641824414965,0.08326129080339843,0.11363094350871963,0.11451035921895962,0.030623043672678495,3.7670162348605185,0.14988712325097595,0.478650758450384,0.05405405405405406,0.49665716080056,0.1632131935565391,0.0014654734090941137,853.4930189130337,390.69166097874523,0.00923760430701259,Kristian,REC_20260519_155900.csv
right,244,loose,289.824,1.1359999999999673,1.0,15539.0,1.0779856407377004,30524.992203111207,1153.6458333333335,0.587704304576596,0.3181676534746027,0.5042069180430041,0.2245548973081698,0.38305545515973416,0.5862203351579963,3209.0,1767.6944444444443,-1.1000000000000014,383.02777777777777,0.2166821188930968,0.5352112676056338,0.0,0.5352112676056338,0.8143286068461915,-0.9113761563882394,8862669.824849112,7908261.0,2031737.0,3446501.0,4051431.883932429,1261619.6442388115,1337864.2795125414,0.05305089806244795,0.07211999308578343,0.034665367632037966,0.07417854392884643,0.04824237471910995,0.08988481543755991,0.16103053255181735,0.12556374436255638,0.0986297279884344,0.1039803887675409,0.0989911529456134,0.039662460518251966,3.966399118711086,0.1631290818476227,0.4927809470593512,0.056338028169014086,0.4858766872475189,0.1853179796999278,0.0027286695165792962,837.6779412956291,397.2870555215098,0.024440403706436273,Kristian,REC_20260519_155900.csv
right,245,loose,290.976,1.1519999999999868,0.0,16779.0,1.2091647214629875,30416.891277709496,979.1666666666666,0.4988190034329572,0.3268864933417882,0.5050729232720355,0.22556864291727657,0.37815228025999437,0.5965021360227132,3154.0,1806.150684931507,14.600000000000001,393.7328767123288,0.2179955858595818,0.0,-0.9027777777777778,-0.9027777777777778,0.740596020380735,-1.072592454179435,8896760.498824108,7919256.0,1740965.0,3661526.0,3854811.1521050595,1324571.1767950049,1409421.3105689383,0.052514618995972664,0.07443363241283589,0.03635977519738488,0.07313669424872392,0.04639398099340913,0.08596197164938679,0.15615590561930695,0.11977337712079726,0.09822600095563863,0.11198416370241715,0.1057952657964793,0.039264613307647384,3.987778129552079,0.16276963771032196,0.5000758626527786,0.05555555555555555,0.5039650211199338,0.18685538827106618,0.0018609901495505832,620.4517171652395,417.42281648909926,0.024440403706430084,Kristian,REC_20260519_155900.csv
right,246,loose,292.144,1.1519999999999868,1.0,14591.0,0.9776971177315937,28639.593031326407,712.5,0.3629704237746199,0.3248551191242756,0.5305859626529298,0.22926127352761425,0.3755521688340825,0.6104645174571106,3106.0,1770.7260273972602,1.8999999999999986,392.4657534246575,0.22164115021313138,0.6666666666666666,0.0,0.6666666666666666,0.7419738030415349,-1.1384039112399582,8435152.765260212,7622376.0,1624901.0,3226590.0,3848082.757243028,1335367.6694303695,1269521.042473778,0.054416190247789396,0.07599235666818813,0.03610468579562597,0.0728360010211739,0.046680024446283934,0.08553878526724584,0.15794929716933692,0.12185234753951248,0.09450500143119067,0.11089020059877923,0.10740892598810178,0.03582618382677178,4.073489309346618,0.16530425871616222,0.5084129351294875,0.05555555555555555,0.5040903902612228,0.2246232167503474,0.002591211656637442,1097.242604592661,222.1725069171685,0.009237604307045587,Kristian,REC_20260519_155900.csv
right,247,loose,293.312,1.1999999999999886,0.0,14663.0,0.9853139675801588,26359.336012122916,751.7361111111111,0.38295856114622423,0.3178125,0.5034375,0.24503454076241274,0.34700347204750165,0.7061443486896406,3200.0,1830.407894736842,12.899999999999999,435.2105263157895,0.2377669630726542,0.0,-0.16,-0.16,0.5497169207210573,-1.329377636520314,8245749.74071206,7346265.0,1611462.0,3380528.0,3649719.1867561215,1298192.1307460861,1240149.86834023,0.055976881770672345,0.07396251913939228,0.04352639259296533,0.06908152482549906,0.04517256004198087,0.07877162841184378,0.15900971166909877,0.13103924204412304,0.08001523962878565,0.11750328874064596,0.11399529871828971,0.03194571241670321,3.7652949883703997,0.14105482337625222,0.4929151000644389,0.05333333333333334,0.5026792103928623,0.17598581498815666,0.0016360765789035247,1242.9792167744731,143.9764107568372,0.02771281292110315,Kristian,REC_20260519_155900.csv
right,248,loose,294.528,1.183999999999969,0.0,16396.0,1.1686473118518705,27458.145949790563,875.0,0.4457531520039192,0.34036144578313254,0.5190763052208835,0.2590806431174949,0.34062567550443873,0.7606022145376813,2988.0,1788.7866666666666,-10.700000000000003,450.05333333333334,0.2515969856662617,0.0,-0.35135135135135137,-0.35135135135135137,0.5445516573973271,-1.3964611498974062,8473235.232658302,7639480.0,1849699.0,3164281.0,3657981.8558132905,1535545.9137116363,1191564.43949496,0.05313844020900573,0.07394956730446708,0.03759717946615583,0.06633174069574162,0.049299711536311394,0.07590992777227022,0.15960912052117263,0.13946883921317244,0.07513472819564845,0.11800922785649863,0.1196118039043225,0.031939713325233494,3.8104753374205385,0.17383237559851358,0.4949357820978361,0.05405405405405406,0.47800148500978445,0.16301059747812785,0.0011803143360857612,1021.9668944409502,84.79358143861371,0.024440403706430063,Kristian,REC_20260519_155900.csv
right,249,loose,295.728,1.1680000000000064,1.0,16750.0,1.2060968236073155,28089.799732287163,553.5714285714286,0.2820070961657448,0.33167495854063017,0.5485903814262023,0.2402353153586904,0.3571331848820414,0.6726771006666995,3015.0,1796.3243243243244,12.5,418.06756756756755,0.23273501444390945,0.0821917808219178,0.0,0.0821917808219178,0.6086973721319708,-1.2655936357681392,8485315.931171685,7684684.0,948062.0,3470936.0,3855462.7670069137,1222946.6143182933,1262701.6880637375,0.05439034665382764,0.0651405272026962,0.03364979537794896,0.07960700529610014,0.04381319210399615,0.08385742657679345,0.1640286470871449,0.13186837987481945,0.08471503370245546,0.11607787674530573,0.10836693548387097,0.03448483389504092,3.8172819354317546,0.1718423696768564,0.4987060806879251,0.0547945205479452,0.4751457327649263,0.17553151513662407,0.0013641269683245946,1116.8537654202053,162.16224089917984,0.01599999999999124,Kristian,REC_20260519_155900.csv
right,250,loose,296.912,1.1680000000000064,1.0,16932.0,1.2253505273911884,28820.56628520682,1000.0,0.5094321737187648,0.3384565075212557,0.5251798561151079,0.2368781344405256,0.35960682768575974,0.6587142295506064,3058.0,1816.1351351351352,6.200000000000003,416.4054054054054,0.2292810690953465,0.3835616438356164,0.0,0.3835616438356164,0.5788066603415116,-1.3748628415215738,8853940.792165542,7962017.0,1794722.0,3431840.0,3888945.796094106,1377516.9998101436,1374008.923151463,0.051155557539771114,0.06946738693691683,0.036497165052011254,0.07500334836376624,0.044190960905992824,0.08771224905873773,0.1615994761670908,0.12696251320743485,0.08323288242034614,0.11888923612661279,0.10991562123309076,0.03537360298822864,3.685274943360301,0.15303384904492198,0.4871154918855125,0.0547945205479452,0.4665653161114332,0.15620599036096164,0.0010701432275334766,272.56069660408076,230.3040728827699,0.009237604307012637,Kristian,REC_20260519_155900.csv
right,251,loose,298.096,1.1680000000000064,0.0,16539.0,1.1837752219677706,27312.50213729969,867.1875,0.44177321314674134,0.33045148895292986,0.5014409221902018,0.24743452061332857,0.35031471869220215,0.7063206522885004,3123.0,1812.0,15.600000000000001,434.7432432432432,0.2399245271761828,0.0,-0.684931506849315,-0.684931506849315,0.5239574495717058,-1.383258875759237,8484147.272851644,7694458.0,1501506.0,3243694.0,3808327.8751242636,1329705.5944323181,1321694.0296493731,0.05562764751506473,0.07238529920649125,0.0333661476045582,0.07331006503191934,0.04699898574070759,0.07852305948332437,0.15860479684982995,0.13026519897380825,0.07909730922975956,0.12267316985860031,0.11716932163952032,0.031978998866416086,3.7493266625133423,0.14981201336893468,0.4859317132156421,0.0547945205479452,0.4854390703134944,0.18046063528619125,0.0012292768167064387,196.67824824647676,229.23520301293226,0.0,Kristian,REC_20260519_155900.csv
right,252,loose,299.28,1.1200000000000045,0.0,15860.0,1.1119440963125529,30203.04893549656,1984.375,1.010904469723174,0.32177894048397643,0.5173315892740353,0.22272395403466447,0.3742302076058663,0.5951522605810023,3058.0,1774.7605633802816,-0.8999999999999986,381.83098591549293,0.21514507015427592,0.0,-0.8285714285714286,-0.8285714285714286,0.7731693363731322,-1.0651896776943175,8882429.727704126,7918035.0,2247984.0,3338989.0,3978730.7347495034,1340699.1789717968,1294183.444779707,0.05601231667830615,0.07503491841787824,0.039180052060186654,0.0741222779506063,0.04456066281505936,0.08731985270776459,0.15973588978477557,0.12115103802933147,0.09319249571455782,0.11178655323471526,0.101572916005333,0.03633102660148562,4.1050134641636555,0.17437141735162404,0.5127845148567269,0.05714285714285714,0.4920272559185156,0.2015402883529222,0.0014567573586399206,542.3212455116413,610.2924450536664,0.027712812921103117,Kristian,REC_20260519_155900.csv
right,253,loose,300.416,1.184000000000026,1.0,16128.0,1.1402957040822117,28430.42971887692,593.75,0.3024753531455166,0.32544778641432914,0.5413991213247719,0.22196866535980966,0.3714292127433522,0.5976069133604975,2959.0,1782.0533333333333,5.299999999999997,382.93333333333334,0.21488320588983495,0.43243243243243246,0.0,0.43243243243243246,0.6727458945295662,-1.204985281981337,8616550.259198284,7764097.0,1640784.0,3357315.0,3795440.055587607,1352347.942504977,1321617.724980549,0.05764885450491568,0.06846783485716851,0.037926287279093786,0.08154638095380609,0.039721968665359805,0.08954464512846604,0.16439463091265505,0.12217367231807504,0.09214838313855178,0.11046433327846529,0.09979499304173463,0.03616801592170829,3.8304190584413935,0.16374358584138324,0.4894679125503601,0.05405405405405406,0.48037622361432203,0.20709158745997866,0.0018653716761724767,342.0004873290286,736.7398757575489,0.033306655991467,Kristian,REC_20260519_155900.csv
right,254,loose,301.616,1.1680000000000064,1.0,15850.0,1.1108862005002522,28475.404580093327,687.5,0.3502346194316508,0.3437285812200137,0.5524331734064428,0.23951195311773277,0.35357818362221327,0.6773946024148789,2918.0,1743.2972972972973,2.700000000000003,404.27702702702703,0.23190366190195652,0.589041095890411,0.0,0.589041095890411,0.7052115362443859,-1.1293975516521666,8753724.751677824,7594276.0,1875356.0,3929085.0,3831287.1822719295,1429465.0457161725,1477239.9273866727,0.0578664227465815,0.07320703234008248,0.03652599919382345,0.07509069486217482,0.04627763480202164,0.08119128089051503,0.16163839880933925,0.12899600012402718,0.0778115407274193,0.1180816098725621,0.11051595299370562,0.03279743263774767,3.9263713245531826,0.1741454113946779,0.502245876690659,0.0821917808219178,0.49534184163312334,0.1711811333235318,0.0015524234941664574,157.69590990243088,777.229236749578,0.033306655991467,Kristian,REC_20260519_155900.csv
right,255,loose,302.8,1.1680000000000064,1.0,14879.0,1.008164517125854,28094.934027329553,1004.1666666666666,0.5115548077759263,0.32638436482084693,0.5368078175895765,0.2326171772617327,0.36401147247579324,0.6390380382224015,3070.0,1804.554054054054,7.900000000000006,406.2364864864865,0.22511738319716634,0.0136986301369863,0.0,0.0136986301369863,0.6755673237359003,-1.1618779242247028,8764964.52818892,7701788.0,1879021.0,3738495.0,3896411.182123974,1401607.4423594025,1345738.1483302396,0.057399821772242905,0.07427155020705872,0.04123201809236392,0.07611373626785087,0.04567273489744416,0.08221691366437767,0.16039749282970264,0.12719321236810774,0.08573653743906184,0.11382613058553062,0.105423964893625,0.030515886982634025,3.836512008824139,0.16372201970853792,0.5016325935111055,0.0547945205479452,0.4742824130963211,0.18024766003012976,0.0018922922686561735,655.7598645845525,215.0614952967089,0.009237604307045545,Kristian,REC_20260519_155900.csv
right,256,loose,303.984,1.1520000000000437,0.0,15319.0,1.0547119328670849,28556.476043097475,775.0,0.3948099346320427,0.3331141072015784,0.5185794146662283,0.24243314041093245,0.3617024564765518,0.6702557200527905,3041.0,1772.7808219178082,7.200000000000003,415.972602739726,0.23464412385154507,0.0,-0.1388888888888889,-0.1388888888888889,0.7553642827968183,-0.888232396535308,8712931.180417817,7804414.0,1729970.0,3466049.0,3899703.7197645386,1392381.3906237287,1307817.4955243054,0.05164859789974732,0.07290612225974206,0.034246945824608035,0.07285975906593618,0.051138602767882665,0.08244921298478514,0.1589175739686121,0.13033466498728877,0.08234875939820574,0.11375209600271997,0.11209847542364369,0.03729918941682829,4.005525800049998,0.15622827262539404,0.4953631993373169,0.05555555555555555,0.5026815447522499,0.19291550774026348,0.0018683222424284768,486.2101740330819,163.52950237845602,0.009237604307012695,Kristian,REC_20260519_155900.csv
right,257,loose,305.152,1.1999999999999886,0.0,15348.0,1.0577798307227568,28893.16855244506,1586.8055555555557,0.8083698034356789,0.34282807731434384,0.5161071549677857,0.25723544034090906,0.3370398319128788,0.7632197027886383,2949.0,1778.5263157894738,14.600000000000001,444.2631578947368,0.24979285037878785,0.0,-0.13333333333333333,-0.13333333333333333,0.4503597616325652,-1.5033765289654526,8541400.76031906,7627263.0,1681101.0,3457497.0,3667696.2649188302,1434374.4309598366,1352558.3724290063,0.05299331202651515,0.06915098248106061,0.03711677320075757,0.06807824337121211,0.041873816287878785,0.0763198390151515,0.16654829545454544,0.14171253551136362,0.08161695075757576,0.12064245975378787,0.11552290482954546,0.02842388731060606,3.8714753234780583,0.1497502819772677,0.48676831968228945,0.05333333333333334,0.49775418442495517,0.15946559366162041,0.0013726923527909547,262.80601210768384,418.5318976270198,0.02444040370640527,Kristian,REC_20260519_155900.csv
right,258,loose,306.368,1.184000000000026,1.0,16271.0,1.1554236141981118,26476.714033278375,746.875,0.38048215474620245,0.33311496888306585,0.5185063871601703,0.2695089896671325,0.3282260341918713,0.8211079000184963,3053.0,1841.3733333333332,22.0,482.72,0.2621521617922855,0.02702702702702703,0.0,0.02702702702702703,0.36892677865878815,-1.5950143638204748,8574922.145161087,7601607.0,1415985.0,3706730.0,3585578.1831969577,1368449.2812514713,1352419.0327305482,0.05506035350426856,0.0777463197758195,0.03924606996227454,0.06613904115044568,0.04492299225940059,0.06997675647885998,0.15892486043025858,0.14555802553166838,0.06944092452734553,0.12274172175839772,0.12395096413546412,0.026291970485796835,3.732721298079829,0.1522602322485488,0.4827214306636651,0.05405405405405406,0.4884072671498947,0.15837298441419898,0.0010462823018003394,541.4600631625118,477.022468690193,0.02444040370640527,Kristian,REC_20260519_155900.csv
right,259,loose,307.568,1.184000000000026,1.0,15415.0,1.0648677326651717,26658.74972687204,728.125,0.3709303014889756,0.35116508040695765,0.538562520511979,0.27047450276979373,0.3166785526476923,0.854097950454629,3047.0,1850.92,-10.299999999999997,486.68666666666667,0.2629431129744487,0.6621621621621622,0.0,0.6621621621621622,0.3758608513663856,-1.5934216907747305,8356037.890557043,7468438.0,1266934.0,3527135.0,3593607.2254943294,1547640.117072978,1178882.6751679764,0.053213176870601286,0.06756279759975219,0.03722833329731521,0.06693608223658144,0.0446408632824037,0.06945014731412846,0.16609397848997615,0.14557085125235017,0.0680886622148265,0.12642361636375424,0.12490365151744358,0.029887839560867026,3.7713781431209727,0.17749450747431353,0.5112987763281297,0.08108108108108109,0.48121109848287164,0.14135229465908383,0.0009333599428935226,514.644537520755,490.4364038189271,0.009237604307012698,Kristian,REC_20260519_155900.csv
right,260,loose,308.768,1.2000000000000455,1.0,16520.0,1.1817652199243993,26913.029855443627,790.1785714285714,0.4025423872688454,0.31689170570405073,0.462386332322954,0.2604065827686351,0.3288508214431023,0.7918684272262595,3629.0,1875.7105263157894,-1.7999999999999972,473.70394736842104,0.25254640346815943,0.7866666666666666,0.0,0.7866666666666666,0.520529988805498,-1.36233847667517,8355845.076401608,7447668.0,1298699.0,3558900.0,3660824.9943273664,1575747.8565346934,1146550.6896083495,0.05654699271854876,0.06186427599365854,0.03215623553179848,0.07169914558693548,0.03970425242364297,0.07668672923944611,0.1709106724469324,0.14374202056764454,0.07889641819941917,0.12621182148519158,0.1166645622009905,0.024916873605791492,4.073732897776132,0.15585149813551846,0.49166321314080647,0.05333333333333334,0.5462715557143111,0.19104501151728315,0.0013431951207326174,579.6208530869906,31.82610963106904,0.009237604307045549,Kristian,REC_20260519_155900.csv
right,273,loose,324.096,1.136000000000024,0.9859154929577465,17200.0,1.2537021351608473,33090.410619996845,3406.25,1.7352533417295426,0.30759588869390825,0.43068438205063925,0.19562573596123775,0.35108648791254043,0.5572009823679462,3989.0,2158.4583333333335,2.9000000000000057,405.6736111111111,0.18794600055337848,0.8857142857142857,-5.0,-4.114285714285714,1.1482611872328021,-0.160327982472658,9211083.95940353,8296771.0,1839926.0,3552792.0,3966566.4306100607,1383624.4711717318,1138281.7826353107,0.04719160408985323,0.07497635272088489,0.04519686762027939,0.06589064983366472,0.044334626694721664,0.08408779414319634,0.24109929283374837,0.11680147224420721,0.08179706452007283,0.0862627003584091,0.07882426371703054,0.033537311223931686,3.8443461921730138,0.2013764300585103,0.5097227973604593,0.04225352112676056,0.4214171806889939,0.2229737368594121,0.0042056801573760174,2136.5055581486245,1470.5342786942492,0.04888080741285999,Kristian,REC_20260519_155900.csv
left,118,loose,138.512,1.1680000000000064,0.0,16956.0,1.22788947734071,30334.722184322043,731.7708333333333,0.37278760628899194,0.32260748959778085,0.39195561719833566,0.22779800329040828,0.3416342361033109,0.666789154062404,3605.0,2045.2567567567567,0.20000000000000284,450.8918918918919,0.22045735353388526,0.0,-1.4246575342465753,-1.4246575342465753,0.810659098368816,-0.8546358810512817,9114812.345623469,8076860.0,2412917.0,3467271.0,4008161.49438976,1239311.347252997,1328641.5521400687,0.06393831475596139,0.06192971212231333,0.06416296110314572,0.06818677361594724,0.047347521291848646,0.07852711283193149,0.1457095851310547,0.11874541622343063,0.08564311624127018,0.11340015460954482,0.10905258706697765,0.043356745006574215,3.7266384917266757,0.14540418866155977,0.49347153254444953,0.0547945205479452,0.4723448210261034,0.14817884071047033,0.0017109373235791366,743.9094927028042,237.42250959279858,0.018475208614075,Kristian,REC_20260519_155900.csv
left,119,loose,139.696,1.2160000000000082,0.0,17626.0,1.2987684967648572,27930.09498730715,631.25,0.3215790596599703,0.3404186795491143,0.5178743961352656,0.249122095722628,0.32427200973051445,0.7682503831560226,3105.0,1985.987012987013,21.5,481.37012987012986,0.2423833221074934,0.0,-0.6973684210526315,-0.6973684210526315,0.48493397725777687,-1.5035214671659263,9687150.407297185,8433605.0,3104417.0,3616322.0,3914252.7611566368,1214379.2702321946,1232368.465367547,0.06311755743161501,0.06607333198187298,0.049947358439978815,0.06788472479253993,0.047553965773177,0.06762969114771679,0.15237933311971538,0.1255681037921541,0.07513029603520772,0.12298507072279151,0.1235539919304739,0.03817657483275678,3.5943516091838434,0.13223575521977893,0.4825490193048109,0.05263157894736842,0.4875664734867532,0.13231837066193433,0.000632032962443603,694.1383147471479,59.758296194925435,0.040265783654783914,Kristian,REC_20260519_155900.csv
left,120,loose,140.928,1.1520000000000152,1.0,19416.0,1.4881318471666831,32435.771780551175,701.3888888888889,0.35731006628885587,0.34811165845648606,0.5050903119868637,0.231013872130896,0.3494675026677175,0.6610453629223809,3045.0,1964.123287671233,0.0,439.541095890411,0.22378488084195258,0.6527777777777778,0.0,0.6527777777777778,0.8071583587603924,-0.905084531058963,10392519.390323263,8833111.0,2851518.0,4674340.0,4158075.1518016136,1215379.1597425141,1438242.6914212685,0.060914626066215186,0.06786115315139384,0.053877431458840434,0.06918629386041386,0.054016919954526746,0.07326633235923867,0.15070337073949827,0.12300792992097977,0.08513680334214435,0.11728890159784071,0.10800594220991623,0.03673429533899191,3.577851630012767,0.14285789977517127,0.4658415601275868,0.08333333333333333,0.47404620982294005,0.1784295743702094,0.001935918534605379,1271.7835245564966,51.55412078069265,0.03330665599145646,Kristian,REC_20260519_155900.csv
left,121,loose,142.096,1.1680000000000064,1.0,19100.0,1.4547023394979808,32421.210125471873,819.4444444444445,0.41745136457509896,0.3328424153166421,0.4362297496318115,0.2388098247903329,0.34195788987209286,0.6983603299204675,3395.0,1988.3513513513512,7.099999999999994,460.02702702702703,0.2313610352186383,0.9315068493150684,0.0,0.9315068493150684,0.8138631086983736,-0.9344123600288814,9811766.708878936,8751255.0,2102598.0,3907094.0,4158268.416977521,1140338.398983751,1432693.0745544196,0.063858418627411,0.06381764058231049,0.04900161752912233,0.07474615666924928,0.05155024534790469,0.07265968002827278,0.14910492191004363,0.12287104622871046,0.07918416724435563,0.11880003805950877,0.11593877856162244,0.03846728921148854,4.299731666437045,0.15468746806551598,0.4997286504592615,0.1095890410958904,0.5808821828532075,0.1795470526627967,0.0015458833446309766,955.3910194260843,95.10847040077638,0.03330665599145646,Kristian,REC_20260519_155900.csv
left,122,loose,143.28,1.1519999999999868,1.0,17118.0,1.2450273894999815,31907.82966608666,678.8194444444445,0.34581246514589764,0.33490011750881316,0.504994124559342,0.2522670059280513,0.3492136534661506,0.7223858615600973,3404.0,2024.2739726027398,-16.799999999999997,495.1232876712329,0.24459302168205072,0.16666666666666666,0.0,0.16666666666666666,0.6122328571326114,-1.2907501005852853,9321444.366276022,8233241.0,2384817.0,3662747.0,4032100.878364,1218758.329969323,1278163.4451545824,0.05670898411065696,0.0672184175621904,0.03857970386812116,0.07603605554502882,0.05788647375686869,0.06968843894648512,0.15167961454132042,0.13196681374008606,0.07838426765557752,0.11725496034431421,0.12030019218796524,0.03429607774138538,3.765081605311724,0.14474294842100988,0.47135378860277516,0.1111111111111111,0.5265021722036966,0.1795120602469634,0.001496236549995799,1245.5911581788575,75.52249625670255,0.009237604307039187,Kristian,REC_20260519_155900.csv
left,123,loose,144.448,1.1519999999999868,0.0,16937.0,1.2258794752973388,31522.351371685458,791.6666666666667,0.4033004708606888,0.3399821375409348,0.44745459958320927,0.23328008594975896,0.33602397545908197,0.6942364324768473,3359.0,1938.054794520548,-2.799999999999997,437.13013698630135,0.22555096905525945,0.0,-1.3472222222222223,-1.3472222222222223,0.8429303931735409,-0.8693662687859565,9956763.466108201,8652295.0,2620611.0,4172209.0,4116337.107236537,1117509.053534415,1340714.1099079847,0.06733202335345424,0.06661106320417308,0.05527361144488895,0.07504346965605958,0.047844894612589936,0.06926872022505265,0.15767822558984435,0.12615388965068772,0.0772558277612067,0.11551619333041178,0.10712619629907123,0.034895884872559686,3.753176168576516,0.15284955243328435,0.4840078600184307,0.05555555555555555,0.48305115651555147,0.1764389422364959,0.0017806775872757012,1199.9759719816675,74.47761534687582,0.009237604307047424,Kristian,REC_20260519_155900.csv
left,124,loose,145.616,1.167999999999978,1.0,15405.0,1.063809836852871,27508.512427974,489.5833333333333,0.2494095017164786,0.3458333333333333,0.4654761904761905,0.23024797080944226,0.3435780095993068,0.6701475774821274,3360.0,1996.2027027027027,2.700000000000003,444.60135135135135,0.22272354944184566,1.3835616438356164,0.0,1.3835616438356164,0.8414978915674941,-0.8866311790428285,8946831.301947635,7894822.0,2467895.0,3409849.0,3893472.933450113,1051445.1748492029,1235233.1304953336,0.06487317135913458,0.06753362803701622,0.05555818818161509,0.07192033523108064,0.050122191458106265,0.07332164447362899,0.14813937272794966,0.12056675173809733,0.08068021039947468,0.1184275550200042,0.10968121907134491,0.03917573230254741,3.8152233150170627,0.1495622228033118,0.4774183710270897,0.0821917808219178,0.5184883146261728,0.20267435885917523,0.001691490686619964,941.1122851888329,152.64290658784157,0.009237604307031046,Kristian,REC_20260519_155900.csv
left,125,loose,146.8,1.1359999999999957,0.0,18525.0,1.3938733302906903,33148.91785564047,1552.0833333333335,0.7906811862926663,0.33165124754695824,0.42781048500140173,0.22508189678320176,0.3388647226249933,0.6642234548326501,3567.0,2069.0,17.400000000000006,450.05555555555554,0.2175232264647441,0.0,-1.6056338028169015,-1.6056338028169015,0.9447262442757937,-0.5364994953941156,9570405.24988707,8522791.0,2112371.0,3806912.0,4063460.9822972952,1243893.9922107572,1554122.5711412744,0.06487970570860856,0.06387949089737392,0.07157913108855593,0.06712179797003383,0.04674829493582515,0.07427769722356478,0.1468838945276838,0.11730707265990012,0.08683744159819558,0.11178239621932226,0.10777482412330165,0.040928253047634394,3.805951416505765,0.14992313526561296,0.4805054427725573,0.08450704225352113,0.49708971533349516,0.16052452639782475,0.0025451534305682053,1560.0837584352146,547.4781726580858,0.015999999999992257,Kristian,REC_20260519_155900.csv
left,126,loose,147.952,1.1680000000000064,1.0,14089.0,0.9245907479540983,28488.95331527643,630.2083333333333,0.32104840114567984,0.33996937212863704,0.5019908116385912,0.20398401021196547,0.37921327555510764,0.5379136843590141,3265.0,2011.418918918919,0.0,395.60135135135135,0.1966777520239175,0.6164383561643836,0.0,0.6164383561643836,1.0840195560755284,-0.21093546307662558,9450096.01151036,8075638.0,3351206.0,3585778.0,3817032.0926563228,1281497.7411302233,1261761.137763864,0.06708992576169841,0.07154422385703249,0.057737915280997004,0.0757365044173469,0.05552084383083073,0.0864792233531526,0.1386408680170647,0.10784373005475494,0.08993248009674494,0.10656723437132587,0.09614028015721052,0.046766770801840836,4.594899341764773,0.1783883410900065,0.5337982765677841,0.0821917808219178,0.5683365467207928,0.200610337948774,0.0017918704368971913,2278.316337415273,577.1387984777433,0.018475208614067075,Kristian,REC_20260519_155900.csv
left,127,loose,149.136,1.1520000000000152,0.013888888888888888,20277.0,1.5792166766057736,33183.82241394141,875.0,0.4457531520039192,0.3029810298102981,0.43414634146341463,0.21481157808320753,0.37027621090543156,0.5801387498204414,3690.0,2069.095890410959,-14.900000000000006,429.5,0.20757858637218293,9.0,-0.5915492957746479,8.408450704225352,1.1245040201457686,-0.2737537798243683,9783922.555070078,8566774.0,2433687.0,4051258.0,4002453.5947861844,1177798.363624326,1514469.3768557115,0.06588146500357511,0.07890416037710865,0.05690394851831254,0.07428961097428564,0.06096898916871905,0.07060194380445434,0.151419453933953,0.11667461137152088,0.08551150658086386,0.10735282434257568,0.09813696671168666,0.03335451921294457,3.8562298311665475,0.14864036147510037,0.47666017080311823,0.05555555555555555,0.5260637376773382,0.17378320969169123,0.002314214145343775,3189.538733631142,477.5315549734594,0.016000000000006467,Kristian,REC_20260519_155900.csv
left,128,loose,150.304,1.1680000000000064,0.0,16496.0,1.1792262699748777,29399.63574604284,703.125,0.3581944971460065,0.3251349730053989,0.44211157768446313,0.221540783425945,0.35158811826850517,0.6301145343496395,3334.0,1969.8648648648648,4.200000000000003,422.9121621621622,0.21469095149893672,0.0,-2.3424657534246576,-2.3424657534246576,0.7425694057721139,-0.9229458449326557,8623364.649162123,7670023.0,1988977.0,3402519.0,3562092.7866225215,1315526.2605939973,1543258.167824256,0.061603896549358585,0.06133635178706181,0.05405090210605749,0.0789600054880977,0.05333058928448926,0.07486451258832408,0.15617067983810112,0.11792549907388351,0.08309665912053235,0.11695136173423888,0.10361528435206147,0.03809425807779379,3.581245516233764,0.13145316029326415,0.4656577492755446,0.0547945205479452,0.4586427534404169,0.11243363447246148,0.0017907274683067597,3119.3202785222315,125.685331928738,0.009237604307031366,Kristian,REC_20260519_155900.csv
left,129,loose,151.488,1.568000000000012,0.9897959183673469,1799.0,-0.37556320536346594,11197.393491344314,539.0625,0.27461578114527163,0.2734964555225246,0.2634347130116625,0.23956837769406028,0.315654489452823,0.7589576125118229,4373.0,2469.4242424242425,-0.4000000000000057,580.969696969697,0.23526524401467647,2.9690721649484537,0.0,2.9690721649484537,0.515794226503091,-1.2593726418293374,2900128.4632817563,1058018.0,775798.0,2586403.0,685755.9810990677,362605.40771380364,1004181.274292955,0.06257132689499453,0.06795024399422431,0.0708012745783788,0.060006626498631754,0.0483529878555096,0.06727532283728674,0.14139802759404924,0.11815210677661746,0.0720693082671706,0.13013297992007297,0.12141627091744284,0.03987352386562115,6.579391673968683,0.4597377591167096,0.7269129560228509,0.08163265306122448,0.45681977285396813,0.02995754401973859,0.000826050023932043,9761.61064237523,167.98388982156413,0.23569471780250068,Kristian,REC_20260519_155900.csv
left,130,loose,153.072,1.3760000000000048,0.06976744186046512,6858.0,0.15962628607945986,13978.205356911882,1406.25,0.716388994292013,0.2663405958203646,0.2754557581147177,0.2731003911342894,0.29091525423728815,0.9387627054822854,4498.0,2204.022988505747,-2.6999999999999886,589.6264367816092,0.267522816166884,0.3333333333333333,-3.1875,-2.8541666666666665,0.4737986567251356,-1.3995934927408353,3811384.6741134645,2858849.0,1740965.0,1822821.0,1263613.2296379819,942123.1398524807,977714.5877790988,0.05599478487614081,0.05645371577574968,0.05774185136897001,0.0631238591916558,0.04235723598435463,0.05766362451108214,0.15577574967405475,0.13621382007822685,0.0713168187744459,0.13557757496740547,0.1368865710560626,0.03089439374185137,3.7056791811031076,0.22913254405237687,0.6016201378218862,0.06976744186046512,0.39038276255529786,0.06566530364971317,0.000648833884627038,7466.439736134842,460.67259336892374,0.20005332622412125,Kristian,REC_20260519_155900.csv
left,131,loose,154.464,1.2319999999999993,1.0,12557.0,0.7625211095096307,21331.323892341985,679.6875,0.34625468057447295,0.3413030484160191,0.42080095636580994,0.20978620701864126,0.35975994759918095,0.5831283010194948,3346.0,2172.602564102564,-9.700000000000003,442.44871794871796,0.20364917415601047,2.6493506493506493,0.0,2.6493506493506493,0.7371104961925544,-1.0137884442411196,8165394.168521505,5417152.0,5397605.0,2862514.0,2986566.4207190075,1528173.694936569,1240992.8441457283,0.06733033169482423,0.06504074635761199,0.07289496822315196,0.07286546325746625,0.04900184701085193,0.08056035830830328,0.14207821176303972,0.1117176020724288,0.09229153266494752,0.1063654012970383,0.09806860494621246,0.04178493240412362,4.018950746125241,0.1706362618116529,0.6235896949984667,0.09090909090909091,0.5521847101016325,0.11275172804865041,0.0029098277515057953,5382.171897415887,465.4178440189522,0.16857046004565096,Kristian,REC_20260519_155900.csv
left,132,loose,155.712,1.2319999999999993,0.0,16223.0,1.1503457142990685,27665.16679870194,1145.8333333333335,0.5837243657194181,0.3176537262680646,0.46557098328138286,0.20658034413064727,0.38208217633547037,0.5406699315620931,3529.0,2137.6794871794873,6.0,427.3269230769231,0.19990224242678678,0.0,-0.19480519480519481,-0.19480519480519481,1.0574082346835374,-0.5081484686311031,8726948.715179091,7498981.0,2116037.0,3930306.0,3570170.6995050595,996629.0800934006,1306434.2157415536,0.06578544911508405,0.07190279418732269,0.04913667468318749,0.07545325328807297,0.05947018993756709,0.07631687847474196,0.14428538014501707,0.11019617486011071,0.09893906044776567,0.108109080658994,0.09638416927053658,0.044020894931599684,4.663972022744937,0.1985723715262791,0.5729439007853852,0.1038961038961039,0.49214774177598664,0.2580378379111781,0.002281140913678531,4719.134489854398,368.1036639811427,0.08313843876331015,Kristian,REC_20260519_155900.csv
left,133,loose,156.96,1.167999999999978,0.0,15381.0,1.0612708869033494,27825.672768147044,654.5138888888889,0.3334304331457888,0.31988555078683834,0.3888412017167382,0.2310973630697286,0.3327195289161494,0.6945710816019709,3495.0,2040.1486486486488,20.0,456.4256756756757,0.22372177438051016,0.0,-0.1232876712328767,-0.1232876712328767,0.9074763626455655,-0.8392586689628838,8648957.163888488,7210653.0,2015855.0,4329812.0,3136554.635014035,1721151.7394770938,1172397.5106440864,0.07064933000377556,0.07402746222784508,0.05769982314484238,0.06882778811824787,0.0548582178034192,0.06420438362334488,0.14549814202727673,0.12060594418795663,0.07080167714329241,0.12434176100045703,0.11049141888177198,0.03799405183777017,3.594372883148706,0.14750118458219894,0.49115401989133556,0.1095890410958904,0.467848414575625,0.17321791087441393,0.0014838163491778706,1920.2211678172246,276.68286452169923,0.03695041722814964,Kristian,REC_20260519_155900.csv
left,134,loose,158.144,1.2319999999999993,0.012987012987012988,16329.0,1.161559409909456,29294.52013602544,968.75,0.4935124182900534,0.34936394663357123,0.5426621160409556,0.23486897691975708,0.35360731370773124,0.6642084815971017,3223.0,2109.141025641026,2.4000000000000057,481.5769230769231,0.22832846036483437,7.0,-1.2236842105263157,5.776315789473684,0.5775642570319136,-1.331798386704999,8916555.059270592,7640702.0,2535090.0,3833790.0,3733782.3638098654,1221206.9179507473,1119401.6436111336,0.06078546984128913,0.06360591564192496,0.047406587929221394,0.07469318534097609,0.05042762578033347,0.07511260508288098,0.15157464759623857,0.12716320290797686,0.08976798186161579,0.11465963176162369,0.1077057740117802,0.037097372244138754,3.5432016640704513,0.1332931762567284,0.4781256340147253,0.07792207792207792,0.5039042866842635,0.1581463574800288,0.0009321364765396386,519.4394414494823,248.8298069497418,0.03695041722814964,Kristian,REC_20260519_155900.csv
left,135,loose,159.392,1.1359999999999957,1.0,20057.0,1.555942968735158,31368.450535530123,675.78125,0.34426471114588403,0.38557897952948367,0.4992361747632142,0.2455296115767526,0.339915217961641,0.7223260348529064,3273.0,2011.6944444444443,-4.900000000000006,477.9861111111111,0.23760373372364368,3.211267605633803,0.0,3.211267605633803,0.8409523074182648,-0.8996635214851274,9473364.067572722,8175820.0,2243097.0,4227187.0,4174485.059971659,1144816.9647786373,1340747.6853293334,0.06215048121401251,0.062350699382775716,0.04861159056074896,0.07617265710222174,0.05694480882616921,0.06984162052443352,0.1518206045207882,0.1280084505875368,0.0746054321260408,0.11799754214937656,0.11752116098921583,0.03397495201668025,3.971217734169184,0.16151836679237852,0.49370640036226504,0.08450704225352113,0.5170039784453649,0.17883444263691908,0.0015550478679711229,2471.8975167537483,175.60719549201605,0.048880807412866885,Kristian,REC_20260519_155900.csv
left,136,loose,160.544,1.167999999999978,0.0136986301369863,18698.0,1.4121749278434925,30470.816874511256,781.25,0.397993885717785,0.3743065693430657,0.46160583941605837,0.26116536370276194,0.32587848621743715,0.8014194699802997,3425.0,1998.2162162162163,3.5,505.3445945945946,0.2528978548435091,10.0,-1.5138888888888888,8.48611111111111,0.7943648007379962,-0.960999339580773,9774271.394324439,8636412.0,3254689.0,3218038.0,4204263.1066147415,1271843.38428494,1161989.5652596809,0.05898504071198637,0.05851840831011443,0.044674980387913545,0.07350474747747991,0.050396299402169505,0.06913598614980929,0.15280520464197797,0.13159710011631998,0.07432304487786404,0.12439473043525306,0.12956826358644197,0.03209619390266995,3.8680931675444628,0.15262193868601798,0.4871845359802257,0.1095890410958904,0.5363202223483143,0.16012900958976697,0.0012102727665647224,1886.6648704349552,148.38609307205084,0.048880807412866885,Kristian,REC_20260519_155900.csv
left,137,loose,161.728,1.1999999999999886,1.0,18377.0,1.3782164722686399,29229.99849469719,687.5,0.3502346194316508,0.38242811501597446,0.4862619808306709,0.2508236745730675,0.3274024388643136,0.7661020346785963,3130.0,2004.8157894736842,-5.0,487.1907894736842,0.2430102516309413,0.17333333333333334,0.0,0.17333333333333334,0.7455380772492983,-1.0945869953242624,9801477.916679963,8437270.0,3533244.0,3521027.0,4034267.9147521867,1206116.672438578,1163274.9980062002,0.05843167110772744,0.06043343003032173,0.05293831957260806,0.07032408805114002,0.0484753816468241,0.06903771182547287,0.15485081973668668,0.13100035440977648,0.07913182731055485,0.12072903403646483,0.11982332016329103,0.03482404210913196,3.40297899344743,0.1007773778096315,0.4536299101831823,0.08,0.49017817667787383,0.15441382753921626,0.0013448969988444554,891.8447174256373,57.807221042768184,0.03199999999999743,Kristian,REC_20260519_155900.csv
left,138,loose,162.944,1.1680000000000064,1.0,17300.0,1.2642810932838542,29844.852638269134,667.96875,0.3402847722887062,0.3712282840597379,0.5013715330691862,0.2507284647605172,0.332362046985977,0.7543835616427431,3281.0,2077.675675675676,4.200000000000003,504.6283783783784,0.2428812082108385,0.3150684931506849,0.0,0.3150684931506849,0.7408778512053581,-1.0172245057777634,9330893.072366867,8203920.0,2718350.0,3517362.0,3918349.985951878,1160128.3003806765,1261964.3650497952,0.06402684912974477,0.07167572911517547,0.055948695267580714,0.06718786585841766,0.05336004370788563,0.06648541769649036,0.14510757863516924,0.12593984962406016,0.07365299060800791,0.11887634310690219,0.12478861513645705,0.032950022114108794,3.7443081575058965,0.1471236419649525,0.4778669901314536,0.0821917808219178,0.5029520130509675,0.20461209917221854,0.001324188479637373,732.2765870898884,60.557374761632445,0.01847520861406797,Kristian,REC_20260519_155900.csv
left,139,loose,164.128,1.2160000000000082,0.0,17348.0,1.2693589931828977,29010.826909965872,958.3333333333334,0.4882058331471496,0.36021188934667453,0.4705709240729841,0.24120395647371026,0.3360145764820905,0.7178377765591234,3398.0,2045.6363636363637,3.4000000000000057,478.35714285714283,0.2338427060451769,0.0,-1.6973684210526316,-1.6973684210526316,0.6771483634791446,-1.1096117094785902,9356429.617268438,8199033.0,3131295.0,3242472.0,4000830.4738480053,1132624.7497152353,1242404.7550640341,0.0584773416966111,0.06089617430831545,0.05510621278108613,0.06601952842287034,0.048395698160163536,0.07509173787726804,0.15005015427200122,0.1223573777568978,0.08561143771347308,0.11980522366265854,0.11884657871681246,0.039342534631842244,3.2955567327891666,0.11344120773390519,0.4515541739322056,0.07894736842105263,0.48828998036602683,0.1266196286023755,0.0009280412169243923,608.4233723321408,162.29795409746987,0.024440403706431784,Kristian,REC_20260519_155900.csv
left,140,loose,165.36,1.1839999999999975,1.0,17496.0,1.285015851204948,29700.725294174215,781.25,0.397993885717785,0.35495495495495494,0.466966966966967,0.24054714590984122,0.3250438254149019,0.7400452711336384,3330.0,2084.0266666666666,3.0999999999999943,486.0733333333333,0.23323757853386393,1.0675675675675675,0.0,1.0675675675675675,0.6250777177340954,-1.2432355416844678,9173621.851559721,8227133.0,2404365.0,3269350.0,3992627.623613875,1065106.5432670081,1238281.1013731717,0.060671008688308534,0.06326854422848076,0.06630113498227791,0.06617957543729447,0.04667886527363693,0.0707860424050876,0.14607618584535068,0.12421466136069917,0.07813079807040217,0.12138680247213728,0.11633248454914205,0.03997389668718251,3.756741949295857,0.16780265282277454,0.48546622026985425,0.08108108108108109,0.4784224659543992,0.19337417811011512,0.0010424703485915308,102.1632680240229,146.34590291517466,0.024440403706434792,Kristian,REC_20260519_155900.csv
left,141,loose,166.56,1.1999999999999886,0.0,16951.0,1.2273605294345598,30541.13003803232,1697.9166666666667,0.8649733782933194,0.35026580035440047,0.4421145894861193,0.23629178861054884,0.33609452960818953,0.7030515756554186,3386.0,2041.1315789473683,-7.400000000000006,466.99342105263156,0.22879143406005442,0.0,-0.6,-0.6,0.9343241459465372,-0.7000776859979236,9433243.326372536,8076860.0,3478266.0,3413514.0,3882632.5793746193,1214602.449172214,1283533.6339162695,0.060402511506775135,0.05865554452509573,0.0616660005414953,0.06773203718267731,0.0480125833193662,0.07829119554426725,0.14510140144140893,0.12108866340909971,0.083403169036783,0.11617652746799376,0.11520312520144915,0.04426724082358857,3.5761449612802165,0.123343262431252,0.46446328354476674,0.08,0.52447945901774,0.16225514867251614,0.001368126581749242,281.8208650898919,486.2475007076581,0.016000000000008178,Kristian,REC_20260519_155900.csv
left,142,loose,167.776,1.1519999999999868,1.0,18870.0,1.4303707358150646,29809.998674941264,893.2291666666667,0.4550396760040009,0.36228209191759114,0.48589540412044374,0.24209441038486554,0.34011680205925904,0.7117978556740797,3155.0,1979.6986301369864,0.6000000000000014,463.6986301369863,0.23422687831273611,0.16666666666666666,0.0,0.16666666666666666,0.8108531425026823,-0.9595607935734858,9657258.191042993,8351749.0,3121521.0,3710395.0,4148252.6805130523,1154158.0951750027,1283713.9463742515,0.06363221190439945,0.06839286455666421,0.049301817074689655,0.0722539752833557,0.0562698072212458,0.06867656624088349,0.15406385363760916,0.12657246848143483,0.07452358875710985,0.1156395743090826,0.11552194190343071,0.03515133063009452,3.692296215465424,0.13046109006456244,0.461701502492703,0.05555555555555555,0.5151647608737936,0.1812625765524999,0.0015127437941559745,988.8934893775717,500.0565108400893,0.024440403706434587,Kristian,REC_20260519_155900.csv
left,143,loose,168.944,1.1680000000000064,0.0,16941.0,1.2263026336222589,29722.794232709683,1015.625,0.5173920514331205,0.3406724189229396,0.49360309431716753,0.23987415134956117,0.3268421924159629,0.7339142770279803,3361.0,2040.2027027027027,13.299999999999997,474.6216216216216,0.23263454214273885,0.0,-1.4246575342465753,-1.4246575342465753,0.6903775836377583,-1.0966173626242959,9008913.206560878,7981565.0,2414139.0,3409849.0,3885928.4049085397,1246205.6479916149,1315714.9974717922,0.06431528398741514,0.06523596621957277,0.06489816194734228,0.0689518132141083,0.05046530882596456,0.06633548600761716,0.14974002318264612,0.12517966550753437,0.0758536181487001,0.11942374565325385,0.11469448584202682,0.03490644146381851,3.97966417133484,0.17191512116157953,0.5018784695564565,0.0547945205479452,0.5382369359043805,0.20643192375236322,0.001517688541284671,1110.8331707926934,433.59440169286967,0.02444040370643139,Kristian,REC_20260519_155900.csv
left,144,loose,170.128,1.1680000000000064,0.0136986301369863,18798.0,1.4227538859664997,31015.25774518084,843.75,0.4298333965752078,0.3360025624599616,0.5188981422165279,0.20905549945386723,0.3717000185479051,0.562430694166452,3122.0,1967.1486486486488,-10.099999999999994,397.2837837837838,0.2019592083479312,2.0,-0.4166666666666667,1.5833333333333333,1.0988439538674437,-0.3681741688357807,9488667.582932705,8476366.0,2803871.0,3213151.0,4078309.164611568,1098601.4507348745,1205905.01601634,0.06144852269370538,0.06128365242599729,0.057725202481297526,0.07630745557089764,0.05157004582019523,0.08379531356264039,0.15177682061427913,0.11096455976203724,0.09874355116817454,0.10805872129368203,0.09809093969182998,0.04023521491526355,4.1983316572291125,0.1932444863073474,0.5088924112073085,0.0547945205479452,0.4833758852993476,0.20242690204544314,0.002082558561043784,1093.5168037117749,88.47781602977022,0.009237604307048352,Kristian,REC_20260519_155900.csv
left,145,loose,171.312,1.1839999999999975,1.0,17702.0,1.3068085049383424,29638.486347990176,791.6666666666667,0.4033004708606888,0.335997442455243,0.5175831202046036,0.21994573606511672,0.35906676911987706,0.6125482917952061,3128.0,1960.7866666666666,8.5,417.32666666666665,0.21283634459638648,0.14864864864864866,0.0,0.14864864864864866,0.9028537491506772,-0.7605662675233056,8877811.840294037,7904596.0,2515543.0,3163060.0,3775313.3673963016,1141407.0417472837,1359903.0938535128,0.06186632576040909,0.05894912926104489,0.05219673736391516,0.07655430813483023,0.04964674042391149,0.0775675069189917,0.15578101306278433,0.11783025860368967,0.09634908438109874,0.11332186401376318,0.10211547746142705,0.03782155461413446,3.6911716892269473,0.1562454090377022,0.4755649350147714,0.05405405405405406,0.4701268583697144,0.20966674975996513,0.001454670183422537,933.5225403456254,117.19714466484385,0.009237604307032424,Kristian,REC_20260519_155900.csv
left,146,loose,172.512,1.1040000000000134,0.0,21598.0,1.7189647134106965,32620.385436104214,750.0,0.3820741302890736,0.3238239757207891,0.43277693474962065,0.2036888590390768,0.3638884676213792,0.5597562911796622,3295.0,1978.1571428571428,-1.2999999999999972,387.6928571428571,0.19598688534061282,0.0,-0.014492753623188406,-0.014492753623188406,1.0928006352589617,-0.31100918939040856,10045877.781545673,8796459.0,2671924.0,4050036.0,4372750.145718109,1349089.916442017,1546257.6809445734,0.06470668948732948,0.06134858562442678,0.06688765156603188,0.07571982581190285,0.04885499490868124,0.08508640798434329,0.14701273190776407,0.10980638545254964,0.09287865329202505,0.10567555661474244,0.09388247358652715,0.04814004376367615,4.173937351614747,0.16652044266971708,0.5033233619965471,0.057971014492753624,0.5077847026225163,0.2015391717598854,0.0022684795155970823,2009.1470827194348,46.97135159190336,0.042332020977026645,Kristian,REC_20260519_155900.csv
left,147,loose,173.632,1.1999999999999886,1.0,19310.0,1.4769181515562955,33671.843623419256,859.375,0.4377932742895635,0.3547711636254861,0.4469039784624589,0.21015794765348814,0.37365809360101193,0.5624338165082415,3343.0,2028.4868421052631,-3.5,411.5,0.20286057146563746,1.6266666666666667,0.0,1.6266666666666667,1.1183858257707175,-0.25859328477607635,9802369.207504326,8502022.0,2974913.0,3866776.0,4096284.3479642416,1222373.8003914177,1338099.3154549948,0.06795316706126553,0.06422988356630882,0.05695196704829242,0.08008302792462621,0.05389031232770084,0.08231440339895567,0.14471507800084324,0.11483151169201829,0.09314046638342036,0.1021892128563552,0.09532643596146986,0.04437453377874355,3.77192301793972,0.14185242525381406,0.47265590229378773,0.05333333333333334,0.533058390001259,0.17773441432415726,0.002893263540186907,1957.8655044035454,55.201781581889534,0.05143280405861732,Kristian,REC_20260519_155900.csv
left,148,loose,174.848,1.1839999999999975,0.0,16123.0,1.1397667561760614,29582.541388460864,1437.5,0.7323087497207245,0.3638561498942279,0.4418253248715624,0.2591738350788742,0.3080641388809481,0.8412982959325312,3309.0,2052.213333333333,7.099999999999994,516.2,0.25153330388003853,0.0,-0.7567567567567568,-0.7567567567567568,0.45246434398074087,-1.5208218607551314,9416807.945167832,8356636.0,2618168.0,3462384.0,3822320.582266085,1265060.3881476715,1289091.9896361837,0.06554874087164428,0.06651680137217704,0.04938407962784896,0.06814106395696355,0.04727903531796565,0.06174146937290471,0.15516255619948546,0.13205254814314302,0.06438576886093714,0.13420307180540036,0.1271212869357312,0.02846357753579875,3.6920191435881144,0.15981065978134937,0.4910845359239317,0.08108108108108109,0.5024172844306923,0.17923153147990134,0.0010267713437433895,2749.773869490607,369.42470054802726,0.05143280405861732,Kristian,REC_20260519_155900.csv
left,149,loose,176.048,1.1359999999999957,0.0,17118.0,1.2450273894999815,28941.08379104003,431.25,0.21969262491621733,0.3455971049457177,0.43636911942098916,0.24481336400754422,0.3291467180666957,0.7437818777143851,3316.0,2010.375,-0.20000000000000284,476.4861111111111,0.23701354777646513,0.0,-0.4788732394366197,-0.4788732394366197,0.7316211184270314,-1.1084435055859732,9078895.525656521,8034099.0,1875356.0,3789807.0,3842190.8809337723,1178366.9742552496,1481430.325217636,0.05795629615812417,0.06741417784133695,0.05068844259293802,0.06342100354411491,0.04943107629173662,0.07427442364954023,0.1499789287515458,0.1246796133944054,0.07460603673996698,0.1283273573890996,0.12013375061313879,0.03908889303405252,4.139868102794492,0.16792597666733464,0.49833799069741663,0.056338028169014086,0.49259138628146004,0.19405871620612336,0.001154146897535908,1630.5345749170758,504.9849162351285,0.033306655991456456,Kristian,REC_20260519_155900.csv
left,150,loose,177.2,1.1839999999999975,1.0,18334.0,1.373667520275747,31351.588317021517,1054.6875,0.5372917457190097,0.35662299854439594,0.4657933042212518,0.23757009096842074,0.34788428497222995,0.6828997492285224,3435.0,2002.16,9.400000000000006,460.0,0.2297518679825788,1.3783783783783783,0.0,1.3783783783783783,0.9195685844589281,-0.7048355289735411,9149950.219350267,8374962.0,1984090.0,3105638.0,3921534.02208356,1183993.5277266728,1285498.6555999292,0.05918940877185972,0.06093419107364047,0.04760858273065089,0.07720328711658075,0.050525432532864505,0.076417469133336,0.1510768370160227,0.12306042807101662,0.08280390511580825,0.11963079873736365,0.11450966289740414,0.03703999680345227,3.6109703383863883,0.15463242149888182,0.47893177411681476,0.08108108108108109,0.4759833126647735,0.1904891529248524,0.0018057983182417532,1107.339303616259,507.89742879550295,0.027712812921104016,Kristian,REC_20260519_155900.csv
left,151,loose,178.4,1.1680000000000064,0.0,15927.0,1.1190319982549677,29282.432702902264,1007.8125,0.5134121125759427,0.3539568345323741,0.4149640287769784,0.24960541451539553,0.3199352612289666,0.7801747564685453,3475.0,2020.5945945945946,-10.5,488.9662162162162,0.241991252240443,0.0,-2.506849315068493,-2.506849315068493,0.7331334744626583,-0.9961104577516169,9002868.160155961,7925365.0,2447126.0,3500257.0,3694054.1745305364,1301167.775366685,1426276.874716598,0.06661138011289157,0.06601615794120008,0.0577365506540756,0.06715309916802654,0.05064738771033413,0.06554131778176078,0.1516880233273588,0.1290027019073861,0.07057729862764506,0.1252106685214414,0.12060271260800942,0.029212701639870522,3.7802862722506014,0.1356597227051203,0.4717027411745955,0.0547945205479452,0.521204627226143,0.1871339096209286,0.0017162054324353687,1203.5216380827308,347.202126154564,0.024440403706434057,Kristian,REC_20260519_155900.csv
left,152,loose,179.584,1.1680000000000064,1.0,17138.0,1.2471431811245828,30552.08305500625,786.4583333333333,0.40064717828923685,0.33925835121054243,0.43181121667177447,0.23078532133120438,0.33641986068791446,0.686003855001124,3263.0,1938.0945945945946,11.799999999999997,432.5337837837838,0.2231747536937226,0.4246575342465753,0.0,0.4246575342465753,0.890440811533451,-0.8113902734491929,9207282.213510348,8185594.0,2787988.0,3161838.0,3992426.9736554814,1161460.7674248556,1212224.3001033238,0.06644865743032652,0.0618746470132967,0.053082227598853705,0.07347701490039675,0.04941465217300358,0.07055550519805605,0.15524442368166003,0.12273129780573007,0.08109804140316136,0.12082081174739749,0.1080540235254743,0.037198697522643445,3.5248422189719495,0.13890759420890889,0.4606901013570321,0.0821917808219178,0.4989489729454805,0.19748354767282342,0.0016055417830962166,1203.5077897546016,143.26072884568825,0.009237604307031843,Kristian,REC_20260519_155900.csv
left,153,loose,180.768,1.1839999999999975,0.0,17865.0,1.324052206678844,29874.48411270059,477.43055555555554,0.24321848571642415,0.33838230839139655,0.460466525295365,0.23344083190733186,0.3266289324733448,0.7146973482700572,3301.0,2025.8666666666666,11.0,458.28,0.22621429511649335,0.0,-0.5135135135135135,-0.5135135135135135,0.7443516359313557,-1.009981599181155,9150245.193080457,8023104.0,2671924.0,3495370.0,3920955.260956508,1303136.8940195274,1451495.6283368529,0.07206792154797947,0.06778991707252864,0.06573647492431224,0.07206134000263263,0.04869027247597736,0.06484796630248783,0.15411346584177965,0.12016585494274055,0.07323943661971831,0.11930367250230355,0.11327497696459128,0.02870870080294853,3.5600222391582417,0.1424539787329927,0.47286187019747283,0.08108108108108109,0.47543099277598233,0.16887132610731262,0.0010548887638355178,979.0211097485789,266.3959589069232,0.009237604307031843,Kristian,REC_20260519_155900.csv
left,154,loose,181.968,1.1839999999999975,1.0,18286.0,1.3685896203767036,29681.039638125887,679.6875,0.34625468057447295,0.3461181565109805,0.47077018249304053,0.24679807247649238,0.3405403231751861,0.7247249611293941,3233.0,1989.4266666666667,2.0999999999999943,476.3,0.23941571105913262,0.47297297297297297,0.0,0.47297297297297297,0.7217680193094826,-0.9989125681743527,8930212.253294824,7964460.0,2510656.0,3164281.0,3847505.8827010714,1202978.352972396,1255518.12470339,0.06334153223374238,0.06921927255423674,0.04777925968620775,0.07557956396147635,0.053348703479059296,0.0680598095263627,0.14916190259170145,0.1298732633187451,0.07433297365405107,0.1193777771820357,0.11692480915774729,0.03300113265463417,3.507902524480467,0.13622970003165683,0.468899288231967,0.08108108108108109,0.5057957108573459,0.18118399989104766,0.0013139358356282172,580.7572642679595,156.953310395676,0.009237604307032115,Kristian,REC_20260519_155900.csv
left,155,loose,183.168,1.1839999999999975,0.0,19076.0,1.4521633895484591,31902.153720399507,758.3333333333333,0.38631939840339663,0.3548082966687618,0.4607165304839723,0.24414767109377086,0.3347251543251116,0.7293974412698899,3182.0,1995.7866666666666,2.200000000000003,472.75333333333333,0.23687568477592796,0.0,-1.0945945945945945,-1.0945945945945945,0.5812991945912509,-1.3564989197633308,9665547.829932611,8577769.0,2820975.0,3447723.0,4023726.007071925,1364471.8345081718,1276009.3226697627,0.05768819646722429,0.05880388017423372,0.04725956014002832,0.0727131824376687,0.046771866064509234,0.07535207503808022,0.1531426204537559,0.12693407445017504,0.0810841506106197,0.1270610085246252,0.11721359664359585,0.035975788995483815,3.586567312113463,0.16120115899614407,0.48787771264752305,0.13513513513513514,0.5204890903242646,0.16796718055660362,0.001025516729560159,614.7983409216428,144.91342774220325,0.0,Kristian,REC_20260519_155900.csv
left,156,loose,184.368,1.1680000000000064,1.0,17597.0,1.2957005989091852,30021.219978541845,1656.25,0.8437470377217042,0.34444784337717954,0.47751605995717344,0.22900448728602293,0.3392321755027422,0.6750671186962325,3269.0,2032.7702702702702,0.7999999999999972,450.7635135135135,0.22174837959115837,0.9452054794520548,0.0,0.9452054794520548,0.696786473087111,-1.136544199841874,9264554.213120187,8179485.0,2593733.0,3492927.0,3895537.0065139886,1109807.0663359535,1320275.0491850774,0.06554096725943162,0.06022935017450557,0.049965098886488285,0.07851753365464517,0.047053348844939336,0.07451553930530165,0.15469503074621907,0.12057171347847764,0.0789164035233505,0.12556423466843944,0.10843277380754529,0.03599800565065647,3.60757372524406,0.13789459940063725,0.4673854532371089,0.0547945205479452,0.480263668684912,0.15681496561090238,0.0014842570207945873,740.0745457947723,542.5424443894874,0.009237604307032115,Kristian,REC_20260519_155900.csv
left,157,loose,185.552,1.1680000000000064,0.0136986301369863,18827.0,1.4258217838221716,30453.845356539132,981.7708333333334,0.5001456497186831,0.3395249695493301,0.45554202192448234,0.22514892550940874,0.33966846676316664,0.6628490647206653,3284.0,1941.837837837838,10.099999999999994,423.0337837837838,0.21785227146197528,3.0,-1.8055555555555556,1.1944444444444444,0.8504299835985436,-0.8362234179680961,9219183.40424362,8376184.0,2400700.0,3011565.0,3988982.052070145,1122213.0568961634,1221721.4139352106,0.06845702037635007,0.06485914708829751,0.05606279924284601,0.07431661284934862,0.04888097093864825,0.07091359536799911,0.1526068923282485,0.11903602048769624,0.08069814051887318,0.11758156107337712,0.1061129050217125,0.040474334706602826,3.8824918398032793,0.14650593010625432,0.4872951711785487,0.0547945205479452,0.5312048544024298,0.1879583526505389,0.0013767486325393576,791.8693073986421,467.45780610863454,0.009237604307031843,Kristian,REC_20260519_155900.csv
left,158,loose,186.736,1.1520000000000152,1.0,17683.0,1.3047985028949711,29970.085668879892,1781.25,0.9074260594365499,0.33935361216730037,0.4394803548795944,0.2339159253444968,0.3343101343101343,0.699697380777396,3156.0,1963.3561643835617,-11.799999999999997,445.1027397260274,0.22670504099075525,1.0416666666666667,0.0,1.0416666666666667,0.7575951159953861,-1.0327361333207905,9196900.966652244,8084190.0,2524095.0,3585778.0,3840942.0896574,1401563.3785241484,1488661.7555164862,0.06817373103087389,0.06771323914181057,0.06048491191348335,0.06797837083551368,0.04927960927960928,0.0711250654107797,0.14833420547706264,0.120858189429618,0.07821384964242108,0.1169440083725798,0.11305773591487878,0.03783708355136927,3.759314741441176,0.15470613602968455,0.4852161887872395,0.05555555555555555,0.4612943063732374,0.16859645834801928,0.0018151657398610215,686.6624595340413,430.0608647237011,0.009237604307031298,Kristian,REC_20260519_155900.csv
left,159,loose,187.904,1.1359999999999957,0.0,19119.0,1.456712341541352,30334.90670827916,989.5833333333333,0.504125588575861,0.3336425479282622,0.4390847247990105,0.22011403853716083,0.35288045615414865,0.623763755396794,3234.0,1977.888888888889,0.09999999999999432,420.77777777777777,0.21274085725521039,0.0,-0.8169014084507042,-0.8169014084507042,0.8249272504389515,-0.9609114066512499,9238740.591835503,8146498.0,2271196.0,3718947.0,3960595.564697969,1095066.4033331897,1434414.9995390566,0.06572664457052975,0.06703977304645807,0.05379613504859277,0.07595781135891243,0.050594067749002866,0.07814869951126342,0.1507640020223583,0.11572383573956518,0.08114010448851189,0.1184764900848267,0.10439020279759564,0.03824223358238301,4.034392507976941,0.1697400609286233,0.49624676171079524,0.08450704225352113,0.47845340808505027,0.21013452627101373,0.0016724608250954405,758.9571792927485,459.34084733840547,0.016000000000006426,Kristian,REC_20260519_155900.csv
left,160,loose,189.056,1.167999999999978,1.0,17200.0,1.2537021351608473,30674.60801705541,1181.25,0.6017667552052909,0.38482222886166717,0.45742455930684195,0.22495275338246545,0.34913452043865784,0.6443154148708058,3347.0,2066.5,-0.5999999999999943,449.1081081081081,0.21732790133467608,3.3424657534246576,0.0,3.3424657534246576,1.0075671092854015,-0.389320354162793,9254196.581938867,8195368.0,2621833.0,3406184.0,4098212.7705644607,930892.2139033516,1368773.382123734,0.06225436663375206,0.06174429934410578,0.05714061508883672,0.06917297166510812,0.050189313436349484,0.07978629488428667,0.14788681737629233,0.11450356720136541,0.08824164110880782,0.11834868984639128,0.11044918618110006,0.04028223723360428,3.6973723323249064,0.1510660737602124,0.4690455596581454,0.0821917808219178,0.45248404782838186,0.1939007823553738,0.001476704234095663,998.1604747400786,413.0117476582273,0.015999999999992243,Kristian,REC_20260519_155900.csv
left,161,loose,190.24,1.1999999999999886,0.013333333333333334,17209.0,1.2546542413919177,30343.845537439713,604.1666666666667,0.30778193828842043,0.37633170169881947,0.44025338324215374,0.24566388407623244,0.32695542605134664,0.7513681208559984,3473.0,2088.4868421052633,0.7999999999999972,497.10526315789474,0.23802173570641044,9.0,-2.418918918918919,6.581081081081081,0.7500670409523279,-0.9747290356491751,9376587.527360741,8191702.0,3391523.0,3051882.0,3914235.024307379,1170105.6072542192,1309831.470359906,0.06366356906599464,0.056790045676484484,0.05033233580091352,0.06980626870373287,0.043181603402110566,0.0762954796030871,0.15004567648448572,0.12545597731926286,0.08088202866593164,0.12445424476295479,0.12020790675696959,0.03888486375807214,3.4822931500384553,0.12728721226822484,0.4707178742949364,0.05333333333333334,0.4993213933617897,0.15286319198618442,0.0011325160622693885,1105.3462504271408,293.9124846125297,0.03199999999999728,Kristian,REC_20260519_155900.csv
left,162,loose,191.456,1.1520000000000152,0.0,17760.0,1.3129443006496866,29802.334237438517,1000.0,0.5094321737187648,0.3157456262149403,0.4432102193835046,0.22351007252215954,0.34235616438356165,0.6528583264282658,3601.0,2125.0,-7.5,460.28767123287673,0.21660596293311846,0.0,-1.8333333333333333,-1.8333333333333333,0.7036825553240527,-1.1096952098676192,9354129.445100596,8373740.0,2080607.0,3612657.0,3941585.01610107,1277203.7633804262,1406261.260237928,0.05829492344883159,0.05902981466559226,0.07675745366639806,0.0692989524576954,0.04950201450443191,0.07943271555197422,0.14255600322320708,0.11532634971796937,0.08509266720386785,0.1153392425463336,0.10818372280419017,0.04118614020950846,3.5356269853344506,0.13899639478980244,0.4701177646594286,0.05555555555555555,0.4510610887050157,0.1563411271835396,0.0014066964990448628,320.74964276416654,295.11601218528887,0.024440403706421865,Kristian,REC_20260519_155900.csv
left,163,loose,192.624,1.200000000000017,1.0,17276.0,1.2617421433343325,29834.97828053508,814.5833333333333,0.4149749581750771,0.34965719882468166,0.4874306235716618,0.2349865250794417,0.3507635788316372,0.6699285195510318,3063.0,1962.7105263157894,0.5999999999999943,447.57236842105266,0.22803789067213712,0.92,0.0,0.92,0.5585685454417124,-1.304233978405456,9325566.719661385,8200254.0,2726902.0,3505144.0,3991782.572917776,1256806.3427841773,1324002.0547619003,0.06038239277047048,0.06004719574165695,0.04895217408792889,0.0754729630076559,0.049273963235589885,0.07878470965233364,0.15386884410656584,0.12394915731466956,0.08718474719440088,0.11597817196948366,0.11103736776477213,0.0350683131544722,3.541393220834331,0.12972408478840894,0.4718509975820753,0.05333333333333334,0.5112856368974446,0.13004899015292748,0.001156367230613346,300.6509604175695,198.04820190493317,0.0277128129210961,Kristian,REC_20260519_155900.csv
left,164,loose,193.84,1.1839999999999975,0.0,17281.0,1.2622710912404829,29400.02681971566,1546.875,0.7880278937212143,0.3404995257666772,0.43186847929181155,0.248831595015702,0.32149797924778256,0.7739756112853636,3163.0,1982.76,11.700000000000003,479.18,0.24167322318384474,0.0,-0.33783783783783783,-0.33783783783783783,0.6176874974610302,-1.2081187681684469,9253172.894717466,8227133.0,2476447.0,3435506.0,3871296.7116191075,1216251.5814941288,1341393.224906608,0.06272065202041599,0.06180610193198706,0.055868250990202206,0.06555172251474375,0.04784576381743966,0.06877282172325445,0.1513311411029743,0.12640292656028299,0.07752156926035762,0.12674588284344382,0.12242866845541905,0.033004498779479106,3.724888617464675,0.15571221242021094,0.4814443717638968,0.05405405405405406,0.5234086968812165,0.16020538735142636,0.0016114388298701407,278.00539563110453,380.72358542040683,0.02444040370643127,Kristian,REC_20260519_155900.csv
left,165,loose,195.04,1.1520000000000152,1.0,18257.0,1.3655217225210314,29855.012979397616,1442.7083333333335,0.7349620422921764,0.34614132204493653,0.5447736893520027,0.263276016381438,0.33611103577337204,0.7833007201779836,3071.0,2020.3287671232877,7.0,517.3835616438356,0.25608879607279433,0.08333333333333333,0.0,0.08333333333333333,0.4425606014699646,-1.464662165401292,9191520.670194568,8372518.0,2089159.0,3165503.0,3949104.018047462,1108830.7972957,1337392.5636456846,0.05618236554473706,0.06316617395785305,0.04058067315776627,0.06718016869626536,0.05124623687993274,0.07885601149955249,0.14568359957690324,0.13543842043882726,0.07566244473976838,0.12192509017927368,0.1278375959426107,0.03624121938650972,3.8089634464359516,0.16100630696473392,0.4877963766539821,0.05555555555555555,0.47916984965453535,0.1981832221719058,0.0014574401958692103,564.9427699628872,396.157122688058,0.02444040370643127,Kristian,REC_20260519_155900.csv
left,166,loose,196.208,1.1680000000000064,0.0,16716.0,1.2024999778454932,30322.535612972737,1171.875,0.5969908285766775,0.34887459807073956,0.47266881028938906,0.24408669159396204,0.3329940451461016,0.7330061757906003,3110.0,1951.6216216216217,-12.200000000000003,461.7027027027027,0.23657388173383187,0.0,0.0,0.0,0.7902555495239311,-0.9427272045847785,9441437.63615796,8472700.0,2636494.0,3225368.0,3942617.909921216,1312209.4206307016,1304568.7408291402,0.0662373632460878,0.06025481235285971,0.04261182661681207,0.07438027973964824,0.04894058994599086,0.07136823154687716,0.15544245949314497,0.12745464617089047,0.07805013156072566,0.12276692978811798,0.1166320454230716,0.035860684115773436,3.8888876549642006,0.15613534069049875,0.4925732944576327,0.0547945205479452,0.49520615897325726,0.1884709066655216,0.0010859339566526367,779.5812978772683,193.57444256619814,0.015999999999992767,Kristian,REC_20260519_155900.csv
left,167,loose,197.392,1.1520000000000152,0.0,18310.0,1.3711285703262253,31122.39887926379,1125.0,0.5731111954336104,0.3385273449434769,0.44087992667277726,0.2272546460748257,0.34698135987103346,0.654947707159135,3273.0,1962.9178082191781,-0.09999999999999432,431.13013698630135,0.21963738633429405,0.0,-0.4583333333333333,-0.4583333333333333,0.8903006360779988,-0.7019266380719893,9121410.369660495,8278445.0,2153910.0,3166725.0,3950010.4190877983,1132414.1692084952,1333435.733495907,0.06066590831373479,0.06487406921482557,0.06079152505705094,0.06607440698429093,0.049451124618788075,0.07934093082006798,0.1457852093263453,0.11941267193791741,0.08724082823306092,0.11562323351454712,0.1078419741369083,0.04289811784246264,3.848390881884959,0.14590549259892222,0.475081745348756,0.05555555555555555,0.514603715895538,0.1811660530633142,0.001826392673498877,905.3844487288293,171.5063386286766,0.009237604307031261,Kristian,REC_20260519_155900.csv
left,168,loose,198.56,1.1680000000000064,0.0136986301369863,17152.0,1.2486242352618038,29992.847447349843,843.75,0.4298333965752078,0.3252513305736251,0.48344175044352455,0.22996572869204404,0.3423388526333757,0.6717488445227603,3382.0,2058.2972972972975,4.200000000000003,459.2364864864865,0.22311474979319038,12.0,-1.4027777777777777,10.597222222222221,0.7475513103541712,-1.0051456324713621,9142493.194517018,8166046.0,2602285.0,3182607.0,3991298.376552954,1189508.700361652,1301038.3253524154,0.06545031973423322,0.05940360045695077,0.06175400816733852,0.07425450057118846,0.049023727300182514,0.07608624289297108,0.1454495318880733,0.11891224706855573,0.08357078141208292,0.11510432396234094,0.11105348162348831,0.039937234922594114,3.8842785132641313,0.17073182982862564,0.4987465443279032,0.0821917808219178,0.47406340095144495,0.20060520566716777,0.0015353751936023905,823.8017560877979,177.46588580625652,0.009237604307031534,Kristian,REC_20260519_155900.csv
left,169,loose,199.744,1.2160000000000082,0.013157894736842105,15568.0,1.0810535385933724,28527.488392776537,1473.9583333333333,0.7508817977208877,0.32471174820816456,0.4914303521346214,0.23574190276985488,0.33581162451670155,0.7020063796445131,3209.0,2048.961038961039,-0.09999999999999432,469.6948051948052,0.22923559612093555,5.0,-0.3466666666666667,4.653333333333333,0.47285688147982946,-1.5124662451542217,9167587.205992535,8144055.0,2755002.0,3182607.0,3926275.6551807714,1197345.3859300697,1235517.1742109177,0.05818596691386196,0.06021423591303797,0.0686188755783736,0.0661912911199848,0.04896368130823351,0.0766685681688534,0.14327185142929583,0.12354693541230906,0.08377384800659188,0.11438169487228245,0.1121949673575458,0.04398808391962984,3.3605867227348964,0.11996434283478893,0.4693726054838197,0.05263157894736842,0.4937139807545983,0.11969049729777306,0.000952033109146185,1376.5042680645802,315.709788757954,0.03330665599145653,Kristian,REC_20260519_155900.csv
left,170,loose,200.976,1.1680000000000064,1.0,17717.0,1.3083953486567936,29491.688473195292,1000.0,0.5094321737187648,0.3268926195755464,0.47038327526132406,0.23504079470563147,0.3247753883408319,0.7237026053790816,3157.0,1964.3513513513512,9.599999999999994,447.8445945945946,0.22798599358842064,0.1780821917808219,0.0,0.1780821917808219,0.6686152535220345,-1.19001804024072,8858009.726572104,7971791.0,1977981.0,3316998.0,3817917.5259220013,1212710.3415298273,1333467.604529199,0.06644102310094799,0.06090312461303504,0.06339345908834497,0.06692257949120128,0.04752961571800058,0.06970184780066317,0.15486853510546084,0.1222121324692836,0.07971822071793178,0.12309269272574676,0.11282866223634788,0.03238810693303615,3.5658208557868036,0.13980206979550672,0.46590747728819726,0.0821917808219178,0.4846388388225309,0.15920023124042917,0.0017095031216399106,1114.0378509428392,328.18011001046483,0.027712812921104286,Kristian,REC_20260519_155900.csv
left,171,loose,202.16,1.200000000000017,0.013333333333333334,17099.0,1.2430173874566102,29363.051850923126,1087.5,0.5540074889191567,0.32822277847309134,0.5413016270337923,0.24158229491173416,0.33100337487019726,0.7298484343433371,3196.0,2027.3684210526317,2.9000000000000057,476.26973684210526,0.23492017133956386,2.0,-0.581081081081081,1.4189189189189189,0.47789891617824426,-1.4953527727448783,9245568.554164043,8295549.0,2733011.0,3032335.0,3890881.8022092134,1264269.434651004,1188039.041103479,0.05928738317757009,0.05769730010384216,0.05708722741433022,0.06952881619937695,0.04720275181723779,0.07359813084112149,0.1527388369678089,0.12602544132917964,0.08297637590861891,0.1214628764278297,0.1155568535825545,0.036838006230529595,3.548201213765267,0.1185604525722107,0.46124389893944945,0.05333333333333334,0.5249935941202277,0.14544265143782498,0.000990656241484857,1106.3518126406893,252.20454500890256,0.024440403706434674,Kristian,REC_20260519_155900.csv
left,172,loose,203.376,1.1839999999999975,1.0,17027.0,1.235400537608045,30583.898345371214,1000.0,0.5094321737187648,0.34924146649810367,0.5063211125158028,0.2342832428925726,0.3508200487907068,0.6678160033892575,3164.0,1973.0533333333333,10.799999999999997,448.2,0.2271606106271836,1.3783783783783783,0.0,1.3783783783783783,0.6903096236673788,-1.0529719303659544,9559211.112568757,8464148.0,3186273.0,3095865.0,4165050.0674777073,1274436.297098122,1191101.465147565,0.06350225369815987,0.062177741436284885,0.044621196250819374,0.08103176802113814,0.056028220220436686,0.07090195230404314,0.15533285128295232,0.123416160401138,0.08068036680880396,0.118476270281594,0.1108670824914346,0.03296413680319505,3.744378641238406,0.17024439111266584,0.5032336542484818,0.05405405405405406,0.5115858699577983,0.16355709408043162,0.0013673978046920667,379.29935407274905,50.51814855408498,0.016000000000007477,Kristian,REC_20260519_155900.csv
left,173,loose,204.576,1.1680000000000064,0.0,16850.0,1.2166757817303226,31203.04358552223,937.5,0.477592662861342,0.3511450381679389,0.49236641221374045,0.2526502849439304,0.32841745477323636,0.7692961542436627,3144.0,1984.7432432432433,3.5,486.7635135135135,0.24525263666755176,0.0,-0.4794520547945205,-0.4794520547945205,0.520206087568192,-1.3968525423160683,9544352.220071198,8582656.0,2938261.0,2966361.0,4144302.575015712,1207462.06435,1161666.6105369253,0.054905325081193695,0.06196594290227478,0.05788072526230501,0.06229956900953898,0.04838940294544192,0.07161386522867005,0.15567402686711468,0.13283085156361707,0.08414867468731063,0.1148354678595502,0.11981943338031333,0.03563671521266962,3.99068034864374,0.157780332058308,0.48770655999772333,0.0547945205479452,0.5335416165855497,0.1852332276008323,0.0015412680035800752,128.13664581221352,75.34642216676636,0.016000000000007477,Kristian,REC_20260519_155900.csv
left,174,loose,205.76,1.1680000000000064,0.0,16879.0,1.2197436795859946,29414.6365947295,979.1666666666666,0.4988190034329572,0.33435301315386967,0.4683389415723463,0.23256015002593536,0.3443148416614574,0.6754287700855613,3269.0,2032.081081081081,4.799999999999997,458.27702702702703,0.22552103422134145,0.0,-0.9452054794520548,-0.9452054794520548,0.6454702232755528,-1.2296206960244758,9071406.948126018,8057312.0,2791654.0,3094643.0,4014689.4116531545,1248709.5261963557,1295983.3996232983,0.06906779097450358,0.07272533815686222,0.06100788700174232,0.06863553539840664,0.05611342386316784,0.07095641533775786,0.14140742415577162,0.12030005187066913,0.07588412890526289,0.11418197294745103,0.1122600981552662,0.03745993323313871,4.3492317287698725,0.1841945215702046,0.5215333243231645,0.0547945205479452,0.547543396116134,0.20298450594019135,0.0020823052874194797,94.93330992511545,31.823442326069873,0.009237604307032025,Kristian,REC_20260519_155900.csv
left,175,loose,206.944,1.1680000000000064,0.0,17228.0,1.256664243435289,27651.682715523842,1250.0,0.636790217148456,0.3266347687400319,0.49696969696969695,0.21742646033737625,0.35539523212045165,0.6117877807189316,3135.0,1938.6486486486488,-4.900000000000006,407.9527027027027,0.21043147915795343,0.0,-0.5616438356164384,-0.5616438356164384,0.9012653506981448,-0.7427336241835651,8816523.613805274,7918035.0,2398256.0,3046995.0,3871343.8561307294,1244753.5524883403,1182842.879126816,0.06956642966680608,0.06472187369301546,0.053687439007388815,0.07733863097727589,0.051547469677959014,0.07634183744597797,0.15209814582462008,0.11442910915934755,0.08544542032622333,0.11392722710163111,0.10299735117802872,0.037899065941725915,4.01200282841755,0.1623060433873071,0.5009501192764064,0.0821917808219178,0.5491740718397976,0.22725566276884676,0.0027171605610067854,210.36713938573652,169.67766281764537,0.0,Kristian,REC_20260519_155900.csv
left,176,loose,208.128,1.184000000000026,1.0,16290.0,1.157433616241483,29370.834666382907,850.4464285714286,0.4332447727385031,0.32726150046310587,0.5013893176906452,0.21782211294331455,0.3671927198866825,0.5932092363112162,3239.0,1995.5733333333333,-5.5,421.00666666666666,0.21097028088836625,0.9324324324324325,0.0,0.9324324324324325,0.9123452429006916,-0.6997784788754351,9085213.506067703,7953465.0,2902831.0,3295007.0,4071095.2735142163,1320730.9801385342,1204837.6662192785,0.06257182564075153,0.06144265975358794,0.04657642248175963,0.07907501937621937,0.0508792794718978,0.08072533874976615,0.14931715530373896,0.11430633134671406,0.09507042253521127,0.1090480262982067,0.10351578159660048,0.04747173744554614,4.367589136876772,0.20539487927527275,0.541489288229891,0.08108108108108109,0.5230200630311879,0.21308681726534454,0.0024644066111137535,474.08965396853415,203.9455199234432,0.009237604307048402,Kristian,REC_20260519_155900.csv
left,177,loose,209.328,1.1999999999999886,0.013333333333333334,13668.0,0.8800533342562388,26618.375119454606,843.75,0.4298333965752078,0.3228228228228228,0.42042042042042044,0.22085086489013558,0.3426901756495025,0.6444622010865315,3330.0,1970.1315789473683,0.4000000000000057,421.25657894736844,0.21382154544847393,8.0,-0.5,7.5,0.9489208725613719,-0.6264265008515464,8661383.988779739,7452555.0,2494773.0,3640756.0,3610832.3439888866,1196774.5043490375,1278848.0318080096,0.0687504174180191,0.07061377145528619,0.0690643157683831,0.06961196820944367,0.05257463434181527,0.0716957189607961,0.14802644760569025,0.1171174781272958,0.07819408268216123,0.11518065851866695,0.10373338676283979,0.03543712014960262,4.636895066852561,0.18370365695832802,0.5259389055684475,0.09333333333333334,0.5264031683626976,0.19942429808639356,0.0016559282324394111,1845.1886985707822,232.63954991106382,0.01599999999999324,Kristian,REC_20260519_155900.csv
left,178,loose,210.544,1.1519999999999868,1.0,18372.0,1.3776875243624895,31507.84864125128,781.25,0.397993885717785,0.3659125188536953,0.49743589743589745,0.2226990273176054,0.3741766795736697,0.595170782880044,3315.0,2058.986301369863,21.299999999999997,443.1575342465753,0.2152309289050337,2.513888888888889,0.0,2.513888888888889,1.1371232807629585,-0.07208103513698028,9524522.696541648,8001112.0,3627317.0,3679852.0,4049656.6025420954,1097946.3105933943,1287151.4728157823,0.05977139967799023,0.06697670086357164,0.03883411174537277,0.08603781618830918,0.06110867164318124,0.07315077242425452,0.1495349487046425,0.11638923263209718,0.08690271845435311,0.11479914308144716,0.10630979468550822,0.040184689899272145,4.282803681066955,0.18408585868762806,0.5102149550921304,0.08333333333333333,0.5042303103696428,0.19426789934111238,0.001584005848999871,2357.1601557806807,38.164638700083415,0.024440403706437477,Kristian,REC_20260519_155900.csv
left,179,loose,211.712,1.2160000000000082,0.013157894736842105,17013.0,1.233919483470824,29236.26722069697,1054.6875,0.5372917457190097,0.33270423294688595,0.4230250741439741,0.2345469888572009,0.33809679267248544,0.6937273406319405,3709.0,2108.4025974025976,-1.5,479.55194805194805,0.22744799719120154,4.0,-2.12,1.88,0.9194822781857177,-0.6594530675083186,9593727.319639483,8326093.0,2907718.0,3776368.0,3877485.8224228555,1076770.8622741003,1373284.4068557017,0.06725717136750294,0.06897571251701601,0.06337043493258267,0.07248055091871114,0.0508355559388224,0.0696101560238255,0.14555242782435152,0.12194250586706251,0.07619481727411039,0.11663905092179097,0.1126044829901384,0.03453713342408544,3.5063064856612973,0.12739204279740093,0.45555654199358575,0.07894736842105263,0.4663827252722313,0.14571948225950096,0.001511691628389034,2420.864928078393,143.27650732790232,0.03330665599146804,Kristian,REC_20260519_155900.csv
left,180,loose,212.944,1.1680000000000064,1.0,20009.0,1.5508650688361147,33822.32607317244,1145.8333333333335,0.5837243657194181,0.3712962962962963,0.46574074074074073,0.23243552703404385,0.33241023046505747,0.6992430007599683,3240.0,2029.972972972973,-9.900000000000006,456.3716216216216,0.22481659987484856,1.6027397260273972,0.0,1.6027397260273972,0.9214836964677139,-0.6666514120610438,10143967.137280216,8965058.0,2577851.0,3985284.0,4239086.215708329,1214537.6840146882,1409098.4831367838,0.06497224034403334,0.05594535941098936,0.055858818517088495,0.07208190762758125,0.046765367665659245,0.07219507648883623,0.15232528724919783,0.12132367625717291,0.08542251927199138,0.12223568413905124,0.11111185077687095,0.039762212251527776,3.396131496074994,0.1400813690747029,0.46829149265214026,0.0821917808219178,0.4691638677901373,0.1511745054689154,0.001222699444911212,1500.1481037995334,189.73518224300486,0.033306655991467884,Kristian,REC_20260519_155900.csv
left,181,loose,214.128,1.1680000000000064,0.0,17831.0,1.3204553609170215,28688.040190992484,561.6319444444445,0.2861133822882299,0.3670616833789122,0.44363415375265874,0.24046872202290553,0.31618841723422175,0.7605235009111709,3291.0,2037.7432432432433,1.2999999999999972,474.4527027027027,0.23283242590836445,0.0,-1.547945205479452,-1.547945205479452,0.6030085010694476,-1.2776818545262882,9117528.406306941,8155050.0,2593733.0,3145955.0,3992733.117856016,1253887.5398030016,1235581.581648356,0.06380932801920514,0.052363173356853435,0.04926621262260184,0.07314663147493584,0.04131491514858117,0.06936661516118121,0.16384712818234268,0.12452169530415869,0.07999708209267008,0.13240004509493145,0.11594702671874688,0.03402014682379155,4.6087525842741695,0.22474071431060688,0.5498627581088588,0.0547945205479452,0.5042087751443797,0.2244631575673488,0.0010640198493909654,1548.592048711776,314.298851036697,0.027712812921104283,Kristian,REC_20260519_155900.csv
left,182,loose,215.312,1.1999999999999886,0.0,18186.0,1.3580106622536965,30384.118137606034,2000.0,1.0188643474375296,0.3309776207302709,0.4537691401648999,0.2100890782339272,0.3520074877356055,0.5968312764739633,3396.0,2038.421052631579,0.5999999999999943,413.5394736842105,0.20287245029692744,0.0,-0.16,-0.16,1.0485281253953882,-0.5152556182990895,9698820.564195473,8355414.0,2660928.0,4144109.0,4118400.1930074524,1137733.2877426283,1428726.8833338926,0.07041053446940355,0.06450426026336173,0.06638264910921766,0.07643299767621999,0.052039762458042864,0.07587787245029694,0.14819261554350632,0.11100568035114897,0.08315259488768396,0.10964368706429124,0.09908339788277822,0.043273947844048546,3.9025295392260246,0.1501247837767925,0.4891537334135803,0.13333333333333333,0.5180996733286751,0.17503864130616298,0.0012853251239627313,1168.5488151264096,723.3941549467594,0.018475208614059435,Kristian,REC_20260519_155900.csv
left,183,loose,216.528,1.1839999999999975,0.0,18607.0,1.402548075951556,29822.125980553432,1131.25,0.5762951465193527,0.33463385354141656,0.4381752701080432,0.22816208918532252,0.3472639221928923,0.6570279104843373,3332.0,1985.08,13.0,438.3066666666667,0.2208005051013897,0.0,-0.5135135135135135,-0.5135135135135135,0.8993500721223612,-0.7331211350740516,9428324.542962126,8211250.0,3001791.0,3529579.0,3969759.2288527666,1201272.654795277,1257279.5595940677,0.06555571228027754,0.06563631356586803,0.05151093826613201,0.07547638718170888,0.051322868599754164,0.07598014521664953,0.14809142872495484,0.11895406398398721,0.07884820762891169,0.11826895305646792,0.1092080252013353,0.041146956293952895,3.5844276785731544,0.14815768758383963,0.4761769770978172,0.08108108108108109,0.5009365739488506,0.17976872776629604,0.0015037841133075103,388.46750185826534,724.3495881314903,0.015999999999993204,Kristian,REC_20260519_155900.csv
left,184,loose,217.728,1.1359999999999957,0.0,17482.0,1.283534797067727,30327.84933027728,981.25,0.49988032046153796,0.3307715954503535,0.4189978481401783,0.22992651304019332,0.33219527145983163,0.6921426425771395,3253.0,1948.5694444444443,-5.299999999999997,433.55555555555554,0.22249941196176684,0.0,-0.9577464788732394,-0.9577464788732394,0.7800113745064168,-1.012727366259224,9337623.571647018,8167268.0,2913827.0,3463605.0,4011893.412187747,1244741.2850462424,1307678.6652692736,0.06762796068340735,0.06324440294518059,0.0622393921466603,0.07050756609193354,0.046786460152391005,0.07195449653235636,0.15249078740101357,0.12099332131121834,0.07970234573797016,0.1180139275964561,0.10893319172897496,0.037506147672437755,3.9300632398006474,0.14988597904159637,0.4905936785746537,0.08450704225352113,0.474495976686099,0.21296630093587504,0.0013752569030849983,568.4015599321797,550.0118369938349,0.0333066559914564,Kristian,REC_20260519_155900.csv
left,185,loose,218.88,1.1839999999999975,1.0,17434.0,1.2784568971686836,30004.93081145164,925.0,0.47122476068985747,0.3309539260220636,0.47501622323166776,0.22173274596182085,0.3534570122644827,0.6273259215906563,3082.0,1934.04,1.5,415.26666666666665,0.21471462155212231,0.05405405405405406,0.0,0.05405405405405406,0.9618358023911436,-0.6257511518753631,9435604.41633476,8238128.0,2679254.0,3739716.0,4000544.266557615,1301018.7564433175,1384448.8451119715,0.0664102086823437,0.0672581745982503,0.051284702832757684,0.07599291293527194,0.05326328996987308,0.0757033635981331,0.15042088064362683,0.11607481403349121,0.08123927116295424,0.11836363260325536,0.10565793192832965,0.03833081701171297,3.9330504076742536,0.17083148199210466,0.4927561265456072,0.08108108108108109,0.49882988543804724,0.19033206942204867,0.0018765169629439771,663.8094606135122,106.61701318269715,0.027712812921103946,Kristian,REC_20260519_155900.csv
left,186,loose,220.08,1.1839999999999975,1.0,19286.0,1.4743792016067738,32144.702487346185,906.25,0.4616729074326306,0.3570971867007673,0.5131074168797954,0.2353969214223298,0.3489345970289709,0.6746161699822659,3128.0,1983.6,7.5,452.49333333333334,0.22811722793573974,0.918918918918919,0.0,0.918918918918919,0.8161733026451736,-0.889950664931948,9872811.933689661,8572882.0,2768441.0,4039040.0,4157871.0417850455,1187329.5046750847,1346620.7035436686,0.06182025946091282,0.06841433084627278,0.05259124823553136,0.07149963030180816,0.05511863951065403,0.07182227599650468,0.15337097533104793,0.12739799690797876,0.08207972037373126,0.1124487463870404,0.10799892451435102,0.03543725213416684,3.835087494343992,0.14336154763414302,0.4832981876174256,0.10810810810810811,0.5486022817000626,0.1723050511686647,0.0015056673137481818,1055.6691400876207,39.03123748998253,0.027712812921103946,Kristian,REC_20260519_155900.csv
left,187,loose,221.28,1.1359999999999957,1.0,17788.0,1.3159064089241286,31155.580350877754,1453.125,0.7402686274350802,0.37279752704791347,0.4568778979907264,0.24015716636581774,0.3455050274388697,0.6950902224076784,3235.0,1915.875,-15.400000000000006,443.9791666666667,0.2317370218133577,1.2535211267605635,0.0,1.2535211267605635,1.0360683556865438,-0.44564470325662064,9695528.242764547,8421388.0,3204599.0,3579670.0,4082563.7449893947,1105581.2092366063,1291400.4997088,0.062402586575614566,0.06688269792595493,0.04676569307612565,0.07271119230406761,0.056791573331013534,0.07071036587576028,0.15429561485541127,0.1275526848045932,0.07840919800207333,0.11503302088543818,0.11260448156122456,0.03584089080272287,3.742073097343527,0.13343308815562627,0.4638712188189036,0.08450704225352113,0.5295682428171642,0.20660723780712903,0.0020502207277359455,983.1263058902131,310.4673476524266,0.027712812921103946,Kristian,REC_20260519_155900.csv
left,188,loose,222.432,1.184000000000026,0.0,17248.0,1.2587800350598906,29782.436804264355,2020.8333333333333,1.029477517723337,0.3720219914477703,0.47098350641417225,0.23880190334414378,0.33844170343984264,0.7055924282281562,3274.0,2006.2933333333333,-3.299999999999997,463.47333333333336,0.23100975596788773,0.0,-1.2297297297297298,-1.2297297297297298,0.7956962525054188,-0.9562637991053742,9601703.674099144,8339532.0,3227811.0,3496592.0,4079670.7731206142,1297007.407260363,1318748.3062735752,0.06441065447392205,0.06699585304907225,0.047543729065872724,0.06868387474081557,0.0500956988675634,0.07334254877983945,0.1511776277314052,0.12423573821043117,0.07932372800255198,0.11865995002392472,0.11456616513371258,0.04096443192088894,3.702208399410858,0.14826496055397817,0.47932924493512746,0.08108108108108109,0.48847489511452574,0.18902697968828747,0.0017043056440324098,1055.860470579961,557.324116396906,0.027712812921112134,Kristian,REC_20260519_155900.csv
left,189,loose,223.632,1.1999999999999886,0.0,17707.0,1.3073374528444928,30746.078172671063,1062.5,0.5412716845761876,0.35145151327980234,0.4762198888202594,0.24241231901938687,0.34334131393092227,0.7060388866217264,3238.0,1972.9868421052631,-7.200000000000003,463.6118421052632,0.2349796928247981,0.0,-0.6266666666666667,-0.6266666666666667,0.7625426242580493,-0.9954584289140609,9574291.524216348,8322428.0,3081204.0,3593109.0,4093304.609480295,1086248.8598712774,1298973.2304890528,0.059834474847779553,0.06221531607834768,0.0460496041934817,0.07300579538103463,0.051144737807358606,0.07404616297758541,0.1547946941252576,0.12625794447371405,0.08292930168659594,0.11770158789438936,0.11615437454567282,0.0358660059887827,3.4092451803814403,0.11772631160412324,0.46512310434241483,0.08,0.4854713304794555,0.1363719727395535,0.0018360434778865809,291.21641437254584,481.8857783297624,0.03330665599146093,Kristian,REC_20260519_155900.csv
left,190,loose,224.848,1.167999999999978,0.0,15869.0,1.1128962025436235,28895.422232595945,677.0833333333334,0.344928034288747,0.3375618811881188,0.43007425742574257,0.25383854249555426,0.31607171276146717,0.8031042711079615,3232.0,1952.9864864864865,10.299999999999997,481.0135135135135,0.24629638599234713,0.0,-0.0273972602739726,-0.0273972602739726,0.5093455966474348,-1.4979771144644405,9587062.376564575,8047538.0,3861890.0,3497814.0,3915082.7276880406,1408416.5883729425,1399263.4497406236,0.06248226901280783,0.06280056185606243,0.0546149002567101,0.06650244601130632,0.047584780066564726,0.06640557427640274,0.15552757038769452,0.13282498737207743,0.07277835055113098,0.1256703178084846,0.12101355512347686,0.031794687277281505,3.8603364243538683,0.14927147802200366,0.48618217216900333,0.0821917808219178,0.5177262820202457,0.1501746549636238,0.0011179684273587764,956.605631037856,691.9312161410046,0.016000000000007297,Kristian,REC_20260519_155900.csv
left,191,loose,226.032,1.1999999999999886,0.013333333333333334,15931.0,1.119455156579888,29692.961489214915,733.3333333333333,0.37358359406042746,0.32891166716912873,0.5019596020500452,0.22896857346277458,0.3541756772042825,0.6464830540307897,3317.0,1977.4605263157894,8.400000000000006,438.7105263157895,0.22185551644520152,1.0,-0.581081081081081,0.41891891891891897,0.8769282587769665,-0.7738588434104297,9141288.950888108,8057312.0,2853962.0,3240029.0,3833135.1683800337,1345239.6984108903,1267754.8291553098,0.06186829200130417,0.06502891134961773,0.044747716036649884,0.0793282186749353,0.05167446286105918,0.07397845455694771,0.15632755993532377,0.12515387225774685,0.08416562976172257,0.11906552130257442,0.10381470120502771,0.03484666005709077,3.6964929457557942,0.1380029680496576,0.4660480444555623,0.10666666666666667,0.5095255685195408,0.17078045358546745,0.001210765307256949,1043.732405041318,208.19092354890864,0.01847520861407603,Kristian,REC_20260519_155900.csv
left,192,loose,227.248,1.1839999999999975,1.0,17434.0,1.2784568971686836,31134.84840175073,1562.5,0.79598777143557,0.3294154036498608,0.49984534488091553,0.22158946254137132,0.3590293317611116,0.6171904157638597,3233.0,1990.1066666666666,20.099999999999994,426.8,0.21446086641922044,0.02702702702702703,0.0,0.02702702702702703,0.920237783379284,-0.6708405910509878,9519060.061668746,8436048.0,2649933.0,3524692.0,3998574.333559894,1200315.5804638844,1264703.8723461211,0.06474694823728042,0.06892762866982005,0.049002398531402,0.07559393801337282,0.05382626056894773,0.07350359779710301,0.1548861702555307,0.11910919347706656,0.08717790671186805,0.11504910959546558,0.10248026906430475,0.03569657907783838,3.7007870274486216,0.16120666896312985,0.4850297955824672,0.08108108108108109,0.4890106425757534,0.1758858344445041,0.0018403435729617895,886.1976829880191,495.7560047076617,0.016000000000007297,Kristian,REC_20260519_155900.csv
left,193,loose,228.448,1.1839999999999975,0.0,17200.0,1.2537021351608473,31110.090870969823,879.6875,0.4481411153182259,0.3402889245585875,0.4786516853932584,0.22556396153290145,0.34360866542297974,0.6564559751567819,3115.0,1936.8933333333334,-8.099999999999994,423.2266666666667,0.21850798873797903,0.0,-0.9459459459459459,-0.9459459459459459,0.7785235656717713,-0.981402765045349,9502758.857873539,8371297.0,2533869.0,3715282.0,4025951.9572307137,1269194.3323356486,1372331.068607914,0.06689750597176233,0.06471531731225949,0.05089249451010897,0.0775124426056847,0.051071475283443586,0.0734371880743734,0.1564773830257388,0.1184990396993123,0.07687224214721858,0.1231387720542174,0.10706492183358918,0.03342121748229123,3.6963724720750113,0.1412664325463496,0.4718560313245464,0.08108108108108109,0.5135318822119338,0.14355577700563907,0.0012598935228820677,808.7156484203831,442.56257813030464,0.009237604307032531,Kristian,REC_20260519_155900.csv
left,194,loose,229.648,1.2160000000000082,1.0,15951.0,1.1215709482044893,28945.802787278157,578.125,0.2945154754311609,0.3534109816971714,0.5321131447587354,0.25086640581330355,0.33942064248840953,0.7391017940857731,3005.0,1974.8701298701299,13.099999999999994,482.0584415584416,0.2440962746194062,0.8552631578947368,0.0,0.8552631578947368,0.6615920263434784,-1.1948452026899092,9131956.643960483,8049982.0,2069611.0,3782477.0,3590427.9249276165,1312763.2306046933,1208193.2599113162,0.06361095584125209,0.07326472232269096,0.04610528392463749,0.07057508302370696,0.057626672804392855,0.0655114589155953,0.14901522375300036,0.13125965869858283,0.07244270542202348,0.1185216848058396,0.11960674711472068,0.03245980337355736,3.6112584279464683,0.14032623149249315,0.4947045820369511,0.07894736842105263,0.5138489413010603,0.1550950230080814,0.0012286492282258896,797.2918746189094,504.34230971095684,0.018475208614076144,Kristian,REC_20260519_155900.csv
left,195,loose,230.88,1.2479999999999905,0.0,13831.0,0.8972970359967403,27618.23843042854,638.0208333333333,0.32502834000285774,0.35699933020763563,0.47622237106496984,0.24410367422597562,0.3314321638980887,0.7365117234085264,2986.0,1953.0506329113923,0.4000000000000057,463.82278481012656,0.2374863083394365,0.0,-1.1538461538461537,-1.1538461538461537,0.6526475747954754,-1.21183712375932,8877687.274247106,7277848.0,1890017.0,4719544.0,3334518.9178287615,1256430.4908734676,1420129.1934664766,0.065732933223584,0.06559034551594066,0.04854463319312209,0.07334193180418819,0.052407463818369186,0.06536350143559896,0.15593910208631742,0.12926871949757276,0.07472892132399168,0.1232411482199221,0.11483495472840283,0.031006345152990132,3.81958385153249,0.1486439650981385,0.5079353955296871,0.07692307692307693,0.5201224270427708,0.13945981874707347,0.0007851596289510074,1703.161863515425,159.6507803690703,0.0319999999999979,Kristian,REC_20260519_155900.csv
left,196,loose,232.144,1.1999999999999886,0.013333333333333334,15750.0,1.1003072423772453,28440.58209671525,968.75,0.4935124182900534,0.3314513450680837,0.5061441381600797,0.22653057033127272,0.3496607860453335,0.6478580938200087,3011.0,1922.0131578947369,-13.0,422.74342105263156,0.2199482450555544,8.0,-0.8783783783783784,7.121621621621622,0.7704381771470461,-0.9376660483315118,8956028.399721554,7771427.0,2515543.0,3672521.0,3736595.5201642914,1160475.341387345,1200933.2770687002,0.06653522553791598,0.06742519151383213,0.05749864793630582,0.072669144879615,0.05384294154292717,0.07157380214002589,0.1520951852840703,0.12207594832720625,0.08414970596893334,0.11247116167943426,0.10445462200406647,0.035208423185667435,3.720027075276432,0.12145545748446895,0.473118784454453,0.08,0.5233870466840502,0.17747746006004034,0.001338242931560876,1170.2821597090738,210.37949169683768,0.024440403706431937,Kristian,REC_20260519_155900.csv
left,197,loose,233.36,1.391999999999996,1.0,13510.0,0.8633385804218877,22432.041124249037,1343.75,0.6845494834345902,0.3223007712082262,0.45951156812339333,0.23355211312003243,0.3225632134735325,0.7240506770894927,3112.0,2018.7727272727273,20.400000000000006,460.4261363636364,0.2280722986512958,0.6781609195402298,0.0,0.6781609195402298,0.4895861684193294,-1.3549104025720942,7373116.628212726,6504493.0,2070833.0,2786767.0,2709925.365419074,884490.9625026818,1148308.8682362044,0.06539188976200662,0.059267556796433474,0.059734762344358636,0.07145993290252853,0.043996127260036474,0.06938283835813838,0.1579999099362799,0.12009434174678585,0.07845675815639565,0.12709116700065295,0.11345777137324657,0.03366694436313692,2.8375296163957935,0.09057031468389687,0.4476038213384702,0.06896551724137931,0.4474639698299042,0.05390480616684356,0.0009391788867821672,1211.2804519735857,353.095935586929,0.0999199679743789,Kristian,REC_20260519_155900.csv
left,198,loose,234.768,1.2479999999999905,1.0,9705.0,0.4608092238414701,19702.15544045879,1468.75,0.7482285051494358,0.3440920572551221,0.42829076620825146,0.2161335155941684,0.3448161472423516,0.6268079883218963,3563.0,2213.1772151898736,8.700000000000003,464.2974683544304,0.20978775001286884,2.9871794871794872,0.0,2.9871794871794872,0.8632671972984503,-0.61645535962947,6363382.540652024,5396383.0,2267531.0,2495995.0,2463425.5498090405,658814.9922782226,1104753.2144619443,0.06078665759175479,0.062210808677598504,0.07249443780349002,0.06630595798468322,0.05094342860084305,0.07822535904049965,0.1395553674481386,0.1077493265309624,0.08713059293872717,0.12287735714163152,0.10838418906320599,0.043336517178465005,3.0142481491859976,0.055897150928328816,0.41687415359647206,0.07692307692307693,0.37934356947034464,0.08713552145741514,0.0011400238966030628,3056.0772786913185,260.2082499332654,0.0999199679743789,Kristian,REC_20260519_155900.csv
left,199,loose,236.032,1.2159999999999798,1.0,16156.0,1.1432578123566537,24797.366170623845,756.25,0.3852580813748159,0.2700194258579754,0.4385927045111159,0.2280467832867143,0.30179664439581244,0.7556306126033171,4633.0,2688.2727272727275,11.400000000000006,596.9480519480519,0.22205635830470968,0.2894736842105263,0.0,0.2894736842105263,0.36722235290557115,-1.5184722027506525,7794038.099897832,6963863.0,2712241.0,2212553.0,3175709.0374295223,1032123.8972936819,1278571.0758264402,0.0624018705585105,0.06209268733363285,0.0869481200210631,0.06118446161055474,0.040792861732295634,0.06387049087667937,0.14854321560215847,0.10999676323811455,0.07385614284264988,0.13864452141818479,0.11805002004859973,0.03361884471755629,3.6698538500890616,0.14662258101207254,0.48780616576578456,0.05263157894736842,0.46615839321197816,0.19489353445774893,0.001740963343459234,3242.805935194602,380.4465577887815,0.0937514444333249,Kristian,REC_20260519_155900.csv
left,200,loose,237.264,1.2479999999999905,0.0,14228.0,0.9392954997450782,26753.84273333459,1062.5,0.5412716845761876,0.33806209850107066,0.5002676659528907,0.21870594829001522,0.35107196032586235,0.6229661522576038,3736.0,2235.9367088607596,-17.200000000000003,473.15822784810126,0.21161521521294843,0.0,-0.2692307692307692,-0.2692307692307692,0.9606374659216521,-0.5753378216074911,8375836.372911901,7357260.0,2928487.0,2729345.0,3489159.656059439,1167840.5176731858,1184166.7434066264,0.05801663279343746,0.07152440853945051,0.0638024445337666,0.07105452363294629,0.06006601033746793,0.07263967753440632,0.13987284801204716,0.10836225295659509,0.07578734028159126,0.12351745650733983,0.11034369533342013,0.04501270953753135,3.673993861756515,0.12942196156538777,0.48315416574591336,0.0641025641025641,0.5395720196687325,0.22351531316336304,0.0010133309969003875,3311.3470068840575,357.4176770017575,0.018475208614076876,Kristian,REC_20260519_155900.csv
left,230,loose,273.888,1.1520000000000437,1.0,18229.0,1.3625596142465894,31301.252850325338,465.2777777777778,0.23702746971636976,0.33474099099099097,0.4757882882882883,0.2497172890590866,0.3336952890076846,0.7483392702405964,3552.0,2132.0,-0.09999999999999432,516.6027397260274,0.2423089773574237,1.0,0.0,1.0,0.507954650816733,-1.50631359388226,9182583.617261156,8494692.0,1797165.0,2988352.0,4049122.553892461,1203118.2509404467,1285420.8931764427,0.05543062016500038,0.06520984862114164,0.05400421496311907,0.06540903132951245,0.05146624174355547,0.0726759875607186,0.1501773368629366,0.12879410933203114,0.07893417975275643,0.11959315325503098,0.12092317972705544,0.03738209668714179,3.6987170211491787,0.15161151454317534,0.4754448055258352,0.05555555555555555,0.47939233142736815,0.18457685149065617,0.0010787988096057058,1394.0438778364683,506.1652215409062,0.042332020977021455,Kristian,REC_20260519_155900.csv
left,231,loose,275.056,1.1680000000000064,0.0,18248.0,1.364569616289961,31136.370597743084,767.1875,0.3908299957748649,0.3332401453732178,0.4710651383841208,0.24445271970825416,0.33840977964969954,0.7223571374354282,3577.0,2104.7567567567567,4.599999999999994,498.8716216216216,0.23702103343777287,0.0,-0.9452054794520548,-0.9452054794520548,0.5952990465934339,-1.2900894916021677,9349205.606771145,8348084.0,2433687.0,3434284.0,3951112.4429186718,1217915.66205028,1205915.5458171351,0.06035235502593868,0.0647632133134727,0.05499768863321178,0.07551748934203092,0.053938312188607535,0.071087369664595,0.14740099645590427,0.12727284400842365,0.07310339514099339,0.11816220658482716,0.1171798756998305,0.03622425394216447,3.6322013600859653,0.1406933977596738,0.4747380788557148,0.0547945205479452,0.4870153169724443,0.17114444231893905,0.0007670119746315691,1431.5715141060903,391.65528994591233,0.04233202097703203,Kristian,REC_20260519_155900.csv
left,232,loose,276.24,1.1680000000000064,1.0,18631.0,1.405087025901078,31652.454059677584,1062.5,0.5412716845761876,0.34978274363749223,0.46741154562383613,0.25399216238597316,0.3300144102554071,0.7696396111582835,3222.0,2072.472972972973,9.099999999999994,511.19594594594594,0.2466598853700045,0.0684931506849315,0.0,0.0684931506849315,0.4657101011824298,-1.4744789262757847,9647184.142429281,8597317.0,3112969.0,3076317.0,4063216.535270729,1251510.3874756454,1123161.5996097822,0.056545581398381624,0.06101210852682851,0.05038373010439285,0.0714644340551502,0.049796887124012965,0.06744781987832789,0.15536341881679416,0.1341979486577597,0.08029316067108756,0.1210005020767721,0.11979421372821346,0.03270019496227904,3.5275722288176716,0.13121795876490852,0.45827633597719575,0.0547945205479452,0.5215121167806833,0.18921851483193855,0.0008845778462014414,226.80902392395575,298.61718407368664,0.009237604307014159,Kristian,REC_20260519_155900.csv
left,233,loose,277.424,1.1520000000000437,1.0,18712.0,1.4136559819807135,31488.05827611477,722.9166666666667,0.36827700891752374,0.3515296940611878,0.4952009598080384,0.2418001525553013,0.3476285823253787,0.6955704014252537,3334.0,2011.3972602739725,-8.0,470.54794520547944,0.23394083033671134,0.5,0.0,0.5,0.756975278784991,-1.038647911137615,9256233.673579227,8510574.0,2241875.0,2867401.0,3936202.7132011848,1235210.6202203953,1215507.526906996,0.05504249754821837,0.06607551487414189,0.046842650103519665,0.07443200392285061,0.0532104718317533,0.07475890813991501,0.14989920453307182,0.12567423994769533,0.07915168355671788,0.12044377247466492,0.11612591260760598,0.038343140459845264,3.872994740459786,0.15141924976526364,0.4810898344723306,0.05555555555555555,0.5276575391472046,0.19599141520504468,0.0013659033456919214,247.83932967416175,184.61049970954434,0.009237604307014159,Kristian,REC_20260519_155900.csv
left,234,loose,278.592,1.1999999999999886,0.013333333333333334,17846.0,1.3220422046354725,29244.35677186284,1239.5833333333335,0.6314836320055522,0.3299719887955182,0.4316526610644258,0.24381623231198468,0.33336044140278004,0.7313892172858266,3570.0,2103.342105263158,-20.200000000000003,498.0131578947368,0.23677230472806435,2.0,-1.3783783783783783,0.6216216216216217,0.5706838704671736,-1.3023894830836613,9093272.376331031,8212472.0,2428800.0,3056769.0,3860859.460409241,1182104.367563093,1158605.0728364952,0.05341749346278479,0.05952932050496078,0.06001101004666758,0.07090845396424236,0.04781237879565103,0.0741864451311822,0.14796001351233,0.12196754538516395,0.08092384300674366,0.12343763684361982,0.12184868692682072,0.037997172419833095,3.4109010883985604,0.11191001041961456,0.45887218492233667,0.05333333333333334,0.5240698511246622,0.14933766080175678,0.001052019252847777,478.32032502637554,262.5578639927648,0.024440403706405992,Kristian,REC_20260519_155900.csv
left,235,loose,279.808,1.1519999999999868,1.0,17654.0,1.3017306050392992,29881.731158016933,867.5595238095237,0.44196273404470215,0.3414783139890043,0.4599877825290165,0.23671593821799009,0.33514615456127067,0.7063065919032403,3274.0,2062.931506849315,3.700000000000003,473.3424657534247,0.229451372564644,0.6666666666666666,0.0,0.6666666666666666,0.6395378491033723,-1.234978761584822,9437371.763567917,8339532.0,2546086.0,3610213.0,3899122.9360167664,1290478.7887085904,1358860.015978946,0.05561310543580753,0.05738608443895507,0.06534788902612322,0.0680505199410335,0.048727040917964856,0.07851574431916278,0.14458079339150298,0.12157190857537485,0.08246676494415447,0.11809235427706283,0.11514402964261525,0.04450376509024264,3.693135154990562,0.13350910289155696,0.4703586296396958,0.08333333333333333,0.5002860593526671,0.17293221277972504,0.0011422631492485533,563.6464612976274,266.5419652448412,0.027712812921087307,Kristian,REC_20260519_155900.csv
left,236,loose,280.976,1.1680000000000064,1.0,18750.0,1.4176759860674562,31057.1471967404,861.9791666666666,0.4391199205752894,0.34706959706959706,0.4826007326007326,0.23869390372616867,0.3459632059212548,0.689940142883741,3276.0,2022.945945945946,-5.700000000000003,467.7635135135135,0.23122887413325494,0.5342465753424658,0.0,0.5342465753424658,0.7568484727835082,-1.050273413218679,9257901.11511054,8322428.0,2263866.0,3364645.0,3955285.861154311,1253243.484966239,1456417.5196101724,0.05986051917861294,0.0659260644764793,0.05224518697644591,0.07642720677630963,0.05177089874280217,0.07253269916765755,0.14843885689855577,0.12334166121123862,0.07930633675800611,0.11748319950834346,0.11535224251493005,0.03731512779061844,4.06563684098253,0.16477051148212635,0.49751822806481283,0.0821917808219178,0.5527972807599404,0.17328402460665202,0.0012615123583899774,585.2771423294599,216.41694400796106,0.024440403706430792,Kristian,REC_20260519_155900.csv
left,237,loose,282.16,1.1199999999999477,1.0,19894.0,1.5386992669946566,31839.131552226736,1187.5,0.6049507062910332,0.34091589344507633,0.47889853337324156,0.23770674699467267,0.3566856330014225,0.6664320763191345,3341.0,2019.887323943662,-2.0,464.11267605633805,0.22977156723286754,0.02857142857142857,0.0,0.02857142857142857,0.8526756832722943,-0.9206270220685178,9453235.127650693,8300436.0,2590068.0,3709173.0,4122326.403314692,1158184.2029315082,1420507.3074764002,0.05742894597383761,0.0734736284271888,0.04919393077287814,0.07334114300058572,0.05782640225364683,0.07401054305079073,0.1469681756059465,0.12447354475218252,0.07803391626921038,0.11433492315845256,0.11323320224249017,0.037681644492790003,3.9522906247073983,0.1601921073735807,0.49180800949354425,0.08571428571428572,0.4807723268201902,0.20767114298199563,0.0017374860395356305,1120.0857110060845,186.349519999762,0.02444040370646132,Kristian,REC_20260519_155900.csv
left,238,loose,283.296,1.1680000000000064,0.0,17922.0,1.330082212808958,30833.42579085237,642.3611111111111,0.32723941714573435,0.3348905109489051,0.4654014598540146,0.2214792675895798,0.3661521945142115,0.6048830811546232,3425.0,2039.1756756756756,4.400000000000006,436.44594594594594,0.21403057674338466,0.0,-0.6301369863013698,-0.6301369863013698,0.9515498059430725,-0.737340343730748,9398542.682912176,8235685.0,3022561.0,3371976.0,4081952.6282734247,1144665.8816199808,1292423.8036154995,0.06086190100663358,0.06913233354760469,0.05494403541441627,0.07506345303812485,0.05493078151611343,0.07831065812232023,0.1463627989582436,0.11725061133605921,0.08871496829004832,0.10999410201525524,0.10422865625352057,0.04020570050166005,3.6838325537579504,0.14414052146671824,0.47980520630261136,0.0821917808219178,0.4918389104996814,0.15766511529069674,0.0008936203154775707,990.2107519782535,274.27854194809396,0.027712812921136247,Kristian,REC_20260519_155900.csv
left,239,loose,284.48,1.183999999999969,1.0,16467.0,1.1761583721192057,30387.606766575085,1036.830357142857,0.5281947426168889,0.3382352941176471,0.5153061224489796,0.2397451364801689,0.33862413914442263,0.7079977732408036,3332.0,2121.92,-6.900000000000006,493.84,0.23273261951440202,0.2972972972972973,0.0,0.2972972972972973,0.610370084735709,-1.3214186655865052,9071591.301551122,8018217.0,2654820.0,3309667.0,3986993.885741908,1187987.4738365805,1203375.784665448,0.05730659025787965,0.06457045191776001,0.05854446287638868,0.07234957020057307,0.04908761876036796,0.07420952093701302,0.1446928567837933,0.1234856482179661,0.07840697732870859,0.11653596742572764,0.11625948826220278,0.04455084703161916,3.533526584963234,0.14485596643191498,0.4843509108060153,0.08108108108108109,0.5070523304932646,0.16403600635598314,0.0014457409194259694,1719.9873061547103,281.508950574861,0.03330665599147646,Kristian,REC_20260519_155900.csv
left,240,loose,285.68,1.1519999999999868,0.0,18411.0,1.3818133180304624,29829.360435651313,1765.625,0.8994661817221941,0.33919369505910885,0.4737799333131252,0.24610505343480413,0.33439954460128896,0.7359610902816146,3299.0,2021.4109589041095,2.799999999999997,482.24657534246575,0.23856928904942296,0.0,-0.19444444444444445,-0.19444444444444445,0.6097256386895215,-1.2977447553861359,9378636.687812308,8334645.0,2596177.0,3428175.0,3955285.655128453,1216027.812183584,1278935.327065398,0.05606418953260642,0.06544323441513117,0.05519676341630354,0.07023440835439779,0.05195746901323502,0.06885872474807371,0.15060008267655173,0.12839261874589158,0.07790570807045126,0.1201724009406152,0.11771243468891254,0.037461965397830074,3.4523943641872124,0.12374794811619098,0.46106539611459274,0.05555555555555555,0.485889528348078,0.14632972914725373,0.0011924844026675238,1011.2106605450725,569.8639284372936,0.015999999999992277,Kristian,REC_20260519_155900.csv
left,241,loose,286.848,1.183999999999969,0.0,15979.0,1.1245330564789313,29810.69482585067,631.9444444444445,0.32193283200283057,0.3503787878787879,0.4971590909090909,0.24361220616148344,0.3288867651548335,0.7407175720385917,3168.0,2009.04,-11.299999999999997,475.08,0.23647115040019112,0.0,-0.918918918918919,-0.918918918918919,0.6018679340697701,-1.3064735110876782,9263971.404218657,8213694.0,2394591.0,3552792.0,3906810.7451215247,1079234.003604462,1195224.836818628,0.06150201091068371,0.06595521575810669,0.054772428622625734,0.07214059119446768,0.04958255352473486,0.06923373020613494,0.14819681705358448,0.1237406920718353,0.07197467447138932,0.1243048089303017,0.11987151408964812,0.03872496316648748,3.471868048771118,0.13280756467490246,0.46925173340046333,0.10810810810810811,0.5110278333947735,0.14783275334280943,0.0012670199011377088,1286.5913622177534,574.5006289238862,0.018475208614058904,Kristian,REC_20260519_155900.csv
left,242,loose,288.048,1.1519999999999868,1.0,17496.0,1.285015851204948,30416.685174423594,958.3333333333334,0.4882058331471496,0.352803738317757,0.4360397196261682,0.2353960683165817,0.34605910489720443,0.6802192601930425,3424.0,2007.5753424657535,-9.0,457.0890410958904,0.22768213547317354,2.1527777777777777,0.0,2.1527777777777777,0.7527941218890436,-1.0499221501474525,9128229.147277253,8225911.0,2450791.0,3106860.0,3997326.2968904185,1339681.0697185684,1179034.332785605,0.05711926743226,0.06611260090206274,0.05371435589854865,0.07092997072731366,0.05547481116046755,0.07680497840371742,0.15079868716437056,0.12348433672459792,0.07673674370364304,0.11893308222963705,0.1119117315919838,0.03797943406139758,3.874951669933543,0.14989627803155764,0.485131679569714,0.08333333333333333,0.5419504543577168,0.23881826939544276,0.001714319151040638,1228.3551332303434,583.5924868011232,0.018475208614058634,Kristian,REC_20260519_155900.csv
left,243,loose,289.216,1.1680000000000064,0.0136986301369863,18913.0,1.4349196878079578,32384.223767136984,1132.8125,0.5770911342907883,0.34584527220630373,0.4865329512893983,0.2578053230168075,0.33120705940196926,0.7783811235241505,3490.0,2088.837837837838,11.200000000000003,522.7094594594595,0.25023936755211096,8.0,-0.9305555555555556,7.069444444444445,0.5103650941453842,-1.4533179004631296,9804365.81064543,8746368.0,3106860.0,3158173.0,4005911.4838469457,1275599.680100696,1334001.3228088652,0.05752584522623468,0.06588430137021749,0.04517577341596905,0.07259953161592506,0.05597966022746387,0.06751458848189217,0.15295586579890538,0.1340199516089381,0.06922897770647068,0.1212623080207538,0.12378537140786935,0.0340678251193603,4.124621236432909,0.1451944328554115,0.48862812390518245,0.0547945205479452,0.5681102812369151,0.1797788138076861,0.0011615611646167668,1467.283998867749,254.24446748055064,0.015999999999992277,Kristian,REC_20260519_155900.csv
left,244,loose,290.4,1.136000000000024,1.0,16549.0,1.1848331177800715,32847.110359969265,648.4375,0.33033492514576157,0.33256946433686624,0.4431395015754798,0.2252366658970215,0.3641327230499681,0.6185565087645555,3491.0,2045.1944444444443,0.0,444.625,0.21739986689665478,0.19718309859154928,0.0,0.19718309859154928,0.9230027016056377,-0.6848436497669033,9237139.905147372,8152607.0,2643824.0,3445279.0,3918066.1340294397,1303606.2454500017,1244248.4563258528,0.05783204530946528,0.06966873565403996,0.0571801105572684,0.07605905442296983,0.055529900715770034,0.07978051530009371,0.1442337729365586,0.11942629741806675,0.08309451695709455,0.10774579977453924,0.10581036847895474,0.04363888247517894,4.037020972649461,0.1604799183373524,0.49745887703193925,0.08450704225352113,0.5796743696533023,0.2483382461592409,0.0016333737783540065,1189.761460685852,245.32208344101682,0.015999999999991805,Kristian,REC_20260519_155900.csv
left,245,loose,291.552,1.1519999999999868,0.013888888888888888,18631.0,1.405087025901078,31440.39492436442,1309.8958333333335,0.667303081720153,0.3350311262026033,0.4258630447085456,0.24178901415334217,0.34218990443356906,0.7065930672421142,3534.0,2074.150684931507,8.099999999999994,485.8150684931507,0.23422361356026233,8.0,-0.971830985915493,7.028169014084507,0.850540733622062,-0.765970590926,9323790.404062824,8157494.0,2621833.0,3676187.0,3877199.874168788,1222383.9945474153,1306698.7060687586,0.0613025301658378,0.06664553241795618,0.05642844405698322,0.07299241148382238,0.055226433661574634,0.07269521111133126,0.14791332316247613,0.12854906778149827,0.07463031575888464,0.11588172746065396,0.1132399463718439,0.03449505656713756,3.996230366741655,0.16434941570377598,0.4979765384985629,0.05555555555555555,0.5296226867334972,0.2079524299957211,0.0010231618098493931,1291.171561025102,342.41903527343726,0.015999999999991805,Kristian,REC_20260519_155900.csv
left,246,loose,292.72,1.183999999999969,0.013513513513513514,18286.0,1.3685896203767036,32234.069150512165,737.5,0.375706228117589,0.32932903603867564,0.4485789627893349,0.22609077104774758,0.3566593554918171,0.6339123524060032,3413.0,1975.6666666666667,-15.200000000000003,432.38666666666666,0.21885608233507675,13.0,-1.2465753424657535,11.753424657534246,0.9185680561912063,-0.607780786958684,9612103.84918692,8398175.0,2809980.0,3737273.0,3944244.4971856014,1292634.2807532568,1274134.660705343,0.06174455879871773,0.06751476294921545,0.05628479838029357,0.07276531128732916,0.055643664585793826,0.07844103256284798,0.1476497384848996,0.1214644845621731,0.08229458410663067,0.11244137000168719,0.1046262864855745,0.03912940779483719,3.7365701014641184,0.1373787699169996,0.474197635281714,0.08108108108108109,0.5566642973286979,0.18605687882445693,0.001406846667637405,1115.8642390541954,358.95595032903276,0.024440403706405704,Kristian,REC_20260519_155900.csv
left,247,loose,293.92,1.183999999999969,1.0,18071.0,1.3458448604122384,31098.368912211456,1062.5,0.5412716845761876,0.34367612293144206,0.4598108747044917,0.2335961367260803,0.33384783875698903,0.6997083988786311,3384.0,2081.826666666667,0.09999999999999432,471.58666666666664,0.22652542318604812,1.5945945945945945,0.0,1.5945945945945945,0.7140353736331668,-1.0600318447011894,9169791.066449061,8359079.0,2526538.0,2797762.0,3962244.3185575763,1036188.8283294697,1110150.4621982614,0.06236190012617124,0.05838462375990316,0.05461229561218673,0.075190377681139,0.04940532993460871,0.07314730012745217,0.1542171298282918,0.12143181949185651,0.07772020725388601,0.12396164906460351,0.11216431723422378,0.03740304988567732,3.613695374263202,0.1416884115754143,0.4697068371735711,0.05405405405405406,0.5244923233667151,0.20554201513080708,0.0016090778338971451,282.5036872915674,287.07336123020565,0.018475208614058807,Kristian,REC_20260519_155900.csv
left,248,loose,295.12,1.183999999999969,0.0,16970.0,1.229370531477931,29861.357939651705,1135.4166666666667,0.5784177805765143,0.3560257589696412,0.46826126954921804,0.26031649782827915,0.31577282284162583,0.8243790440396196,3261.0,2022.9733333333334,9.799999999999997,511.6666666666667,0.2529280333238863,0.0,-1.0810810810810811,-1.0810810810810811,0.39833836314550647,-1.5438468684805098,9168657.691348119,8360301.0,2763554.0,2555860.0,3917752.005025449,1294240.1911401895,1148103.8734913496,0.05823770951009405,0.05618792140941057,0.04935968837948103,0.07176894735801427,0.04468010782808144,0.0683811946771419,0.1552895737627123,0.13617579404572808,0.07475465156897768,0.12534025823375494,0.12414070378255108,0.03568344944405265,3.507125276032153,0.13652535237636787,0.466195656768546,0.05405405405405406,0.48639087372847795,0.17445944093643656,0.001017711018109121,705.9605749143022,211.84881161215006,0.0,Kristian,REC_20260519_155900.csv
left,249,loose,296.32,1.1680000000000064,0.0,17152.0,1.2486242352618038,29898.305152633653,1375.0,0.7004692388633016,0.32254232254232257,0.4481734481734482,0.22807169567333008,0.3402678256000746,0.6702711173787494,3367.0,2027.337837837838,20.299999999999997,447.7905405405405,0.2208761323263766,0.0,-0.1780821917808219,-0.1780821917808219,0.8353760966572761,-0.8261189299459564,8928909.99292982,7908261.0,2125811.0,3558900.0,3782845.1539082793,1232723.582330745,1341646.201401624,0.06523666371156422,0.06488338454770269,0.058131086566726435,0.0758617012058151,0.052325310119115065,0.07209561200615905,0.15182338708064763,0.11886844017250688,0.07510181772128273,0.12110809675849703,0.1092032555008232,0.03536124460915993,3.6921552388556838,0.15156125320518785,0.4835051895320763,0.0821917808219178,0.5065214917444242,0.17584275223932347,0.001991602397937981,590.1816104669247,163.48968565268575,0.00923760430701478,Kristian,REC_20260519_155900.csv
left,250,loose,297.504,1.1680000000000064,0.0136986301369863,18166.0,1.3558948706290952,30005.489497756906,1130.2083333333335,0.5757644880050624,0.3280359820089955,0.4587706146926537,0.23950551464463032,0.3304588317616874,0.7247665718826783,3335.0,2027.7702702702702,0.5,471.0810810810811,0.2323148179001033,4.0,-0.3611111111111111,3.638888888888889,0.5997320606558216,-1.3181037541315679,9430361.118368426,8208807.0,2432465.0,3953519.0,3837327.3742366736,1208516.4620114188,1464049.8912154,0.06207723834593982,0.06184399053680317,0.054819899370230914,0.07117390290226917,0.04894871880310553,0.06976775182433108,0.15192429442537736,0.12430108960047984,0.07872446769517844,0.1253140515144447,0.11520442504415047,0.03590016993768951,3.765957962003083,0.14710084298615203,0.4840443602408613,0.0821917808219178,0.5115350398230735,0.1483987365812141,0.0008858322883455491,644.4294634274058,139.85126648018004,0.009237604307014508,Kristian,REC_20260519_155900.csv
left,251,loose,298.688,1.136000000000024,1.0,16712.0,1.2020768195205729,31173.922387149167,600.0,0.30565930423125887,0.33875338753387535,0.48569707919301414,0.22901154980727823,0.34908634341606987,0.6560312487905164,3321.0,2057.5138888888887,5.299999999999997,456.02777777777777,0.22164019413936725,0.9295774647887324,0.0,0.9295774647887324,0.6931646661335599,-1.137104335471732,9414968.616881259,8289441.0,2586403.0,3638313.0,3899963.0164099787,1324984.884053974,1378184.738050644,0.060239906575492275,0.07300477248027218,0.0648773803336011,0.07103367737493334,0.05551467858324165,0.07285626531480144,0.14501724708217173,0.11786743710384028,0.07667694966282124,0.11574783483303071,0.11114411270343795,0.036019737952356204,4.07713910531506,0.17209095251486614,0.5034244914669871,0.08450704225352113,0.4815300941897848,0.18594662275646198,0.0011533071691962038,745.6442404614509,396.1626006253721,0.018475208614058398,Kristian,REC_20260519_155900.csv
left,252,loose,299.84,1.1680000000000064,0.0,17080.0,1.2410073854132389,30091.451094953864,859.375,0.4377932742895635,0.3546583850931677,0.44285714285714284,0.23626286945010322,0.33777119300917063,0.6994760783029047,3220.0,1970.1486486486488,-3.799999999999997,450.4189189189189,0.22862179421226275,0.0,-0.7671232876712328,-0.7671232876712328,0.8802208203338613,-0.8439156264038523,8982566.122134365,7804414.0,1855808.0,4041484.0,3753583.779496635,1205931.9272267392,1448091.0965680615,0.06637583938651904,0.06548415197097214,0.0480002194922869,0.07593747213476826,0.05324059784211645,0.06909891557092,0.1516417337147012,0.12187995143733152,0.07401005549039377,0.12263445617356351,0.1143829180127717,0.037313688773655436,3.5301716333473796,0.14238411749282112,0.47042231265950335,0.0821917808219178,0.46795314712673586,0.17134983712596213,0.0008712123391957525,755.9691351724182,265.12480136894834,0.018475208614058398,Kristian,REC_20260519_155900.csv
left,253,loose,301.024,1.1519999999999868,0.0,16994.0,1.2319094814274527,31149.365386793997,726.5625,0.3701343137175401,0.3327222731439047,0.4515734799877788,0.23335106640228276,0.346838101686484,0.6727953626412001,3273.0,1982.7260273972602,-4.0,447.8493150684931,0.22587554149192685,0.0,-0.19444444444444445,-0.19444444444444445,0.7816844081744484,-0.9478307704721103,9294341.953095336,8177042.0,2119702.0,3876550.0,3921197.8505513403,1030671.0308486561,1232352.2544314414,0.060329282363426585,0.06598083446755885,0.05073269816704551,0.07487270189789898,0.05448427859802818,0.07285527743040922,0.1504501205618389,0.12027857039222324,0.07864500929258873,0.11989857605759334,0.11307249601005949,0.03840015476132901,3.6210366083198133,0.1408194325091722,0.47030764801701913,0.08333333333333333,0.462701681545395,0.20824825450856133,0.0015519637162188938,192.50281383224805,129.70004959359633,0.01599999999999169,Kristian,REC_20260519_155900.csv
left,254,loose,302.192,1.1999999999999886,1.0,16889.0,1.2208015753982953,29781.18187715189,354.16666666666663,0.18042389485872917,0.3430268918073796,0.48061288305190747,0.22968731532430692,0.341398873232038,0.6727828746167536,3198.0,2003.8684210526317,-0.9000000000000057,445.9407894736842,0.2225399556121712,0.22666666666666666,0.0,0.22666666666666666,0.6704558583455085,-1.158252547621708,9454448.255062694,8257676.0,2922379.0,3557679.0,4102329.2282111137,1198734.3355139287,1304807.6794873828,0.061709588033671714,0.05787489986473531,0.05263503486677085,0.07587954876751546,0.04975901874006855,0.07635888478863251,0.15200861491588638,0.11808738361327431,0.08152652107108618,0.1251460989927377,0.1115999317110326,0.03741447463458836,3.550025705448172,0.12844279628988547,0.4736423651782421,0.05333333333333334,0.4906788240254662,0.13850609831774516,0.0012665356017234981,95.6573746939202,261.9011508533035,0.02444040370643079,Kristian,REC_20260519_155900.csv
left,255,loose,303.408,1.1359999999999673,0.0,19095.0,1.4541733915918305,30616.475727947527,423.6111111111111,0.21580112914475452,0.33558489407430153,0.45317777095486644,0.22714326990547734,0.3542741569323482,0.6411511126636731,3257.0,2018.9166666666667,5.400000000000006,443.61805555555554,0.21973074118407834,0.0,-0.43661971830985913,-0.43661971830985913,0.7528423931891729,-1.0733412851008977,9227728.615109408,8092742.0,2632829.0,3567452.0,4130605.9377594683,1214030.7017293724,1378702.8745312316,0.056713584017831345,0.06599386359571277,0.05701627660599056,0.07109836133239773,0.05427140518154676,0.07938113124475447,0.14490031782721757,0.11710763473259861,0.08352939557793645,0.11719706663364565,0.11003563517287873,0.0427553280774893,3.793780413908855,0.14543665322762325,0.4792246552311279,0.08450704225352113,0.5168469800750006,0.17889240876656975,0.0015729038033224932,1244.4317310858537,198.02387548724042,0.033306655991467385,Kristian,REC_20260519_155900.csv
left,256,loose,304.56,1.184000000000026,1.0,18348.0,1.375148574412968,31215.127166167367,1187.5,0.6049507062910332,0.3350314653880731,0.46119268804315255,0.2297471067295328,0.34886742062052817,0.6585513382721649,3337.0,2021.9333333333334,11.299999999999997,449.8466666666667,0.22248343169903392,0.44594594594594594,0.0,0.44594594594594594,0.7818111945754042,-0.9770845096831802,9348393.912728433,8286997.0,2465452.0,3555235.0,3969115.8373417202,1155397.879133514,1468110.2273026102,0.06313429391011903,0.06258696297273236,0.05206238253816479,0.07419301658478683,0.05121171156319034,0.07581522635101717,0.15037752645982394,0.11997098486596985,0.08506050314880148,0.11708925450888588,0.10977612186356293,0.03872201523294536,3.6349100419898526,0.14791501933335202,0.47919480263244224,0.08108108108108109,0.5102589288671863,0.13945668695357158,0.0012751131655687363,1121.9867794824208,462.38389711662217,0.03330665599147665,Kristian,REC_20260519_155900.csv
left,257,loose,305.76,1.184000000000026,0.0,18655.0,1.4076259758505996,30148.120422341424,1125.0,0.5731111954336104,0.33552828494462733,0.4474708171206226,0.23883516815356035,0.3435413671544203,0.6952151647165761,3341.0,2031.08,-17.200000000000003,470.96,0.23187663706008627,0.0,-1.6486486486486487,-1.6486486486486487,0.6497412426224941,-1.1095606579261459,9128025.201502569,8135503.0,2609616.0,3213151.0,3903994.4156583897,1107031.9885484923,1437385.9549400352,0.053784193630974655,0.059718639016352555,0.05138809566010858,0.07225712428855584,0.04998326013746381,0.07468604551929679,0.15306142544852985,0.12365834925261437,0.08689629819275131,0.12014626044600246,0.11517681890094597,0.03924348950640382,3.630194523492234,0.1558267135203826,0.4851992892740046,0.05405405405405406,0.4675727114408028,0.1470401385417686,0.001663028754208916,375.4681522224402,424.14204735848466,0.027712812921136473,Kristian,REC_20260519_155900.csv
left,258,loose,306.96,1.184000000000026,1.0,17898.0,1.3275432628594364,28870.018877721574,906.25,0.4616729074326306,0.3426443202979516,0.46244568590937307,0.22927361312486122,0.35356009248011283,0.6484714140565506,3222.0,2041.52,6.5,454.03333333333336,0.2223996499340361,1.3918918918918919,0.0,1.3918918918918919,0.632474401417475,-1.0442415076599338,9022364.099062009,8232019.0,2394591.0,2811201.0,3802044.8099798714,1011332.9343396971,1165511.6746600247,0.06217589508470813,0.06725707642671473,0.04934885118277885,0.07612628499026869,0.052359679715767334,0.07255378345546457,0.1516451794088065,0.12002168319030265,0.08526326789189755,0.11806888984678082,0.10925192993455857,0.035927478871951614,3.3814999700640977,0.12462598849251687,0.45797518047542096,0.05405405405405406,0.47701161218668536,0.15701506155099346,0.00120816478035797,380.74444622782454,147.68173832039042,0.0,Kristian,REC_20260519_155900.csv
left,259,loose,308.16,1.183999999999969,1.0,17171.0,1.250634237305175,28774.570492016035,822.9166666666666,0.4192202262894002,0.3401402011581835,0.46754038402925935,0.23535492312724893,0.33894013738959766,0.6943849286765865,3281.0,2038.0,-7.400000000000006,464.81333333333333,0.2280732744520772,0.08108108108108109,0.0,0.08108108108108109,0.695110588335792,-1.0939289359836795,8677509.919935845,7805636.0,2706133.0,2654820.0,3795511.3759658453,1278424.2356208293,1383694.8772480104,0.05981027150801439,0.06663395485770364,0.05771671573438011,0.06879947661105659,0.053588485443245015,0.07094537127903174,0.1498985933922146,0.12259077526987243,0.07897284919856068,0.12112528622832842,0.11276414785737651,0.037154072620215896,3.5165463235473178,0.13598521890189294,0.47373512920832866,0.05405405405405406,0.4567063715541497,0.18230013549324495,0.001045901278236296,742.0505373625165,156.01834679625236,6.626476287343156e-09,Kristian,REC_20260519_155900.csv
left,260,loose,309.36,1.2160000000000082,1.0,14812.0,1.0010766151834392,28903.73100483742,566.40625,0.28854556714539414,0.3472816127061698,0.44654856444715946,0.2266171384654797,0.34857819905213266,0.6501185073575605,3274.0,2027.7922077922078,3.0,444.8961038961039,0.2193992570769822,0.2631578947368421,0.0,0.2631578947368421,0.8118772899218418,-0.9179505055905355,8511615.80010899,7656584.0,3055547.0,2118480.0,3690182.327912652,1330551.5982820734,1371381.2805655568,0.061188676828487255,0.0639618291277059,0.059722044319200716,0.07151914948123479,0.054861022159600356,0.07586781093890098,0.14828999615729474,0.11810554630459844,0.08236838734469067,0.11678621749711797,0.10851159216088126,0.03881772768028692,3.840561408533637,0.17059963335302789,0.5028014003642604,0.05263157894736842,0.45011741893607876,0.16148170354041685,0.0010633947288676054,1613.3198690898216,177.12322109998394,0.01847520861407564,Kristian,REC_20260519_155900.csv
left,272,loose,323.552,1.1359999999999673,0.0,17353.0,1.269887941089048,34966.737022490386,1604.1666666666665,0.8172141120071851,0.3269479121825226,0.3448127421437796,0.24343612334801762,0.3205638766519824,0.7593997361467554,4646.0,2364.5833333333335,-20.400000000000006,555.6805555555555,0.2350014684287812,0.0,-2.3380281690140845,-2.3380281690140845,1.00044143673144,-0.3486321608150371,9950003.492386824,8823337.0,2430021.0,3904650.0,4115004.670663857,1272692.3919328137,1472163.1555513998,0.062138032305433175,0.05918355359765051,0.06037591776798825,0.06478120411160057,0.04398825256975036,0.07355653450807635,0.14082819383259912,0.1205697503671072,0.07905433186490454,0.11731571218795887,0.12286637298091041,0.055342143906020554,3.9802457383306624,0.18184188830948136,0.49925370784636225,0.09859154929577464,0.48036594935851823,0.24121897907190945,0.001485319152328957,3066.436585571815,325.096946233321,0.024440403706461448,Kristian,REC_20260519_155900.csv
left,273,loose,324.704,1.1359999999999673,0.0,10093.0,0.5018555813587373,28967.64793696582,1666.6666666666665,0.849053622864608,0.3467171717171717,0.447979797979798,0.21487791249204058,0.37752914116408715,0.5691690761386311,3960.0,2137.5833333333335,6.799999999999997,441.34722222222223,0.20647018309877457,0.0,-2.2253521126760565,-2.2253521126760565,1.447287054082371,0.6445396417590383,8476858.687173687,7386582.0,2945592.0,2935818.0,3847486.528032439,1383057.7825486532,1254873.798872536,0.0670149311917664,0.07822307122529336,0.04841916494483645,0.07921068704274037,0.06382467220251321,0.07663119046690836,0.13304874403856898,0.10845581068964173,0.07963952022663183,0.11210739022520239,0.10642210180239886,0.04700271594349798,3.5644982519142503,0.16713415074441332,0.533663438968336,0.056338028169014086,0.4307634181711456,0.23182395530100633,0.00274757842615248,3821.675025430603,381.67110642280574,0.027712812921136136,Kristian,REC_20260519_155900.csv
right,0,loose,2.352,1.2320000000000002,1.0,15740.0,1.144525581417524,25920.967670980186,630.2083333333334,0.3175275593999102,0.33059266872216514,0.552243919150394,0.21332399127432428,0.38041923693676777,0.5607602627873061,2919.0,1774.8974358974358,-2.6000000000000014,366.87820512820514,0.2067038904378729,1.2597402597402598,0.0,1.2597402597402598,0.962515588317372,-0.6537365762410654,8034500.444143494,7001737.0,1831373.0,3489262.0,3468952.20185944,1197832.874266101,1267605.2076726032,0.05367590760029471,0.06878692882217824,0.04201759581629853,0.07707921006630937,0.04490689241704107,0.09551292237904682,0.15236705624015837,0.11411999248782884,0.09413328325219225,0.11100677540052875,0.09920399878649543,0.04718943673162769,3.4744048684367534,0.13395240893858168,0.4719423650976972,0.05194805194805195,0.4771246198572575,0.16565149838143553,0.001373445966000479,0.0,0.0,0.0,Kristian,REC_20260519_161001.csv
right,1,loose,3.6,1.1839999999999997,0.0,15118.0,1.0764593159835818,28167.79448235165,437.5,0.22043235528588803,0.342986741102582,0.5122121423586881,0.2587959709533849,0.3252752401030687,0.7956214892683356,2866.0,1707.6,6.700000000000003,428.94666666666666,0.2511985632857031,0.0,-0.2702702702702703,-0.2702702702702703,0.4645682152720087,-1.5163057790941854,8297394.749141082,7202101.0,2250427.0,3451388.0,3589309.9964120938,1307121.5264146724,1339229.7250417562,0.05681268056531585,0.06647146091980947,0.03244319512766456,0.06678379011478099,0.04257046927461544,0.07146872803935349,0.16924338252518156,0.1394003279456547,0.07798079175450925,0.128679628328258,0.11939564300773015,0.028749902397126572,3.7371984956611244,0.15140243457041538,0.4916050750463849,0.05405405405405406,0.47789474311785396,0.1773053075162724,0.0011368290655394196,439.8204178980326,136.26536929115767,0.033941125496954626,Kristian,REC_20260519_161001.csv
right,2,loose,4.8,1.2000000000000002,0.0,15707.0,1.140914348685498,26373.444465977514,509.82142857142856,0.256871173200494,0.33888310787374265,0.5133541449878599,0.2579940738911695,0.3302879718509831,0.7811185870465526,2883.0,1705.2105263157894,2.1000000000000014,427.2828947368421,0.25057486342171054,0.0,-0.41333333333333333,-0.41333333333333333,0.5033257684443826,-1.5194896642177924,8451235.72344607,7257079.0,2583959.0,3475823.0,3473084.633671838,1324222.4399756056,1272597.8410272936,0.055580419148739166,0.06662242661810551,0.03184511867650237,0.07076607302694528,0.041367017500540136,0.076506990956511,0.16526744652612738,0.1381678446865644,0.07502546374888115,0.12428624340257416,0.11982622920460508,0.034738726503904443,3.7982425690894224,0.15576800764748597,0.48824235162534224,0.05333333333333334,0.4832155877801946,0.18936492201863295,0.0012468875083552048,349.9747609947515,97.34808473109554,0.024440403706431364,Kristian,REC_20260519_161001.csv
right,3,loose,6.016,1.12,1.0,17784.0,1.3682031482133081,32071.058245714314,1020.8333333333333,0.5143421623337386,0.35895676046671243,0.48112560054907344,0.22671407716711386,0.35186801177650734,0.6443156796837236,2914.0,1727.0,19.1,377.5,0.2185871453387377,1.4142857142857144,0.0,1.4142857142857144,0.9027608935001826,-0.6374796068841704,9412607.767236134,8029212.0,2814867.0,4025601.0,3901494.254993453,1444459.8754430227,1501757.3926469586,0.05350807799897241,0.0624709461167701,0.04200885684692987,0.07129517114266375,0.03804529551367265,0.08803836335907744,0.17271667060848006,0.1272988247959092,0.09201823564432338,0.11547338460409243,0.09941525237120465,0.037710920997904046,4.12133413955042,0.15576856984113002,0.4902719537305218,0.05714285714285714,0.4902045956442116,0.2022257973414066,0.0022554892363586087,1400.5002677614882,317.973094673323,0.04233202097703337,Kristian,REC_20260519_161001.csv
right,4,loose,7.152,1.1680000000000001,1.0,15936.0,1.1659741152198593,28094.02874277735,911.4583333333333,0.4592340735122667,0.3386292834890966,0.5155763239875389,0.22959733188736287,0.35530019981133054,0.646206593773173,3210.0,1819.2837837837837,-12.400000000000006,403.22297297297297,0.22163830435202447,0.4246575342465753,0.0,0.4246575342465753,0.9111924679021438,-0.7145120016338762,8612572.68223694,7588167.0,1800830.0,3654195.0,3826890.547552375,1408945.1192174417,1354677.121628899,0.05570947878211652,0.07586145424023413,0.03902634686949869,0.0715755383392633,0.044114479264932,0.08339337577157628,0.1687774369183002,0.12523490830219794,0.08035535219532486,0.11507349937233988,0.10436242358516494,0.036515706359051305,4.1148880574600755,0.19609986502961999,0.5123578384790526,0.0547945205479452,0.4866663441571138,0.20471283177289837,0.0013888180587831435,1138.8205887378986,269.0750393168275,0.04026578365477733,Kristian,REC_20260519_161001.csv
right,5,loose,8.336,1.1359999999999992,0.0,17678.0,1.3566034309528614,30239.445464492233,1104.1666666666665,0.5563292776262888,0.31725740848343986,0.5662405578152238,0.22368811147346576,0.384877105304025,0.5811936028163406,3442.0,1967.5833333333333,-14.299999999999997,425.375,0.21619160560755582,0.0,-0.8450704225352113,-0.8450704225352113,0.829764009897932,-0.8509938471902152,9140813.069623183,7789753.0,1907121.0,4386012.0,3782419.3279619655,1301042.7531567847,1542386.894403735,0.059548515522425995,0.08532746036451937,0.03899312467352788,0.07989214066889727,0.05660497225869299,0.08299803763782418,0.1543771970691627,0.12427823189756187,0.08005449437409118,0.10773227168127851,0.0994098795759039,0.03078367427611424,4.016351401320298,0.16299354962657375,0.5031056313184473,0.056338028169014086,0.46738959513086004,0.15421102972718656,0.0021157742868059843,1037.6980935384495,96.64698374803345,0.024440403706431153,Kristian,REC_20260519_161001.csv
right,6,loose,9.488,1.120000000000001,0.0,17587.0,1.3466451831160628,32615.770817198234,1250.0,0.6298067293882516,0.3181818181818182,0.5637583892617449,0.22585179151920542,0.38205381405104627,0.5911517781333464,3278.0,1954.0422535211267,9.399999999999999,426.9154929577465,0.21847812768043134,0.0,-0.5714285714285714,-0.5714285714285714,0.8684344040262926,-0.7038717966202479,9608272.135181434,8346862.0,2162462.0,4239404.0,4057947.318964223,1411793.1021530011,1481142.700091767,0.05155798381109582,0.06895781226349135,0.04466004021998458,0.08051925585820653,0.04812703172189107,0.09176355262114648,0.15293685174106406,0.1260370341004923,0.0926861615863108,0.10437734706675221,0.09981475741871311,0.038562171590851756,4.0914574456868165,0.17643670651918142,0.5118764309620764,0.05714285714285714,0.4742040280532113,0.21014540250142255,0.0021121733644426056,980.5309786029201,169.8108373635533,0.024440403706430813,Kristian,REC_20260519_161001.csv
right,7,loose,10.624,1.1679999999999993,0.0,15233.0,1.0890439148982174,28758.30193179006,843.75,0.4251195423370698,0.3220125786163522,0.5726415094339623,0.21887970669985174,0.38609655953560806,0.5669040588261257,3180.0,1813.472972972973,9.700000000000003,383.5472972972973,0.2114987667384517,0.0,-0.9178082191780822,-0.9178082191780822,0.9548631119439942,-0.7060803490037464,8587400.304964768,7714006.0,1587027.0,3423288.0,3868660.734076662,1315413.3456005524,1229619.7586028199,0.0580266324880586,0.07806433824899216,0.03637935274260974,0.0850093519229193,0.05027683182187381,0.08661147417602481,0.15310327354560832,0.11934693025924574,0.08613456336579806,0.10653740396581146,0.09953277644060597,0.040977071022452065,3.636889276725829,0.1448014861591462,0.4751097600573228,0.0821917808219178,0.47850169752507,0.19169888848304045,0.0015139726601003103,1386.0989623159433,205.80057656579794,0.02444040370643039,Kristian,REC_20260519_161001.csv
right,8,loose,11.808,1.152000000000001,0.0,15898.0,1.1618157260132842,29086.355340606013,416.6666666666667,0.20993557646275052,0.3221169552433845,0.6069911793531526,0.22878295277925864,0.3716540399300211,0.6155804274911121,3061.0,1824.4246575342465,4.899999999999999,403.986301369863,0.2214321647657734,0.0,-0.19444444444444445,-0.19444444444444445,0.7548720424286974,-1.0490068151587915,8616658.703821743,7698123.0,1668883.0,3492927.0,3904135.49857063,1241663.848921241,1269055.2925486877,0.05267188755321625,0.07293723673441806,0.04409721961511605,0.07607577543680501,0.05130534677849275,0.08864494717794313,0.15819586583873319,0.12645007245669493,0.08269073380236217,0.10789665347679508,0.1023328803225637,0.03670138080685974,3.9557641891267425,0.16179169110785532,0.5033663358992227,0.05555555555555555,0.4609454687310566,0.1678595446764449,0.0018810254713924211,1213.5527731966731,416.7100671841188,0.02444040370643039,Kristian,REC_20260519_161001.csv
right,9,loose,12.976,1.1679999999999993,1.0,15123.0,1.077006472458131,30032.925315393437,407.73809523809524,0.20543695696712014,0.32841091492776886,0.5836276083467095,0.21824719101123596,0.368936329588015,0.5915578746463409,3115.0,1804.054054054054,2.700000000000003,380.1621621621622,0.21072659176029965,0.5205479452054794,0.0,0.5205479452054794,0.8637143651261743,-0.8360416222481812,8752786.686577767,7768984.0,2004859.0,3497814.0,3864689.1762688733,1349554.2527212538,1293163.052835044,0.05756554307116105,0.06808988764044945,0.04176779026217229,0.08083146067415731,0.048224719101123595,0.08311610486891385,0.1624868913857678,0.11963295880149813,0.08867415730337079,0.11308614232209739,0.09861423220973783,0.03791011235955056,3.823979335141135,0.17661184529626797,0.5025763931680344,0.0821917808219178,0.48655926893678086,0.1945908145580627,0.0015343967239751374,419.31491745465365,249.19412583130628,0.009237604307032903,Kristian,REC_20260519_161001.csv
right,10,loose,14.16,1.1679999999999993,0.0,15405.0,1.1078660976227157,28152.075127776992,878.90625,0.4428328566011143,0.3367014341590613,0.5492177314211213,0.2300632528297319,0.3547833060952727,0.6484613251999747,3068.0,1786.054054054054,-0.7000000000000028,397.1689189189189,0.22237228376006296,0.0,-0.4520547945205479,-0.4520547945205479,0.8135274988032275,-0.8849973629067738,8461878.38351397,7523416.0,1589471.0,3532022.0,3811459.1391351954,1385597.0281377903,1289550.6781813316,0.05904606258701047,0.06637764057865747,0.04022910235457902,0.07923249197990437,0.04498819684038497,0.08182767386962049,0.16679529084195874,0.12493947097633316,0.0823573028267054,0.11679831729314206,0.1051237818533987,0.03228466799830519,4.053321910908294,0.15414371705082974,0.4977704935520395,0.0821917808219178,0.5250235996209812,0.2208482457910378,0.0013017054999406473,392.25799333262336,269.48858412731505,0.009237604307032903,Kristian,REC_20260519_161001.csv
right,11,loose,15.344,1.136000000000001,0.0,15912.0,1.1633477641420225,30582.35393163842,1132.8125,0.5707623485081029,0.31774809160305345,0.522264631043257,0.22861711254972314,0.37242024803057483,0.6138686437119001,3144.0,1780.6944444444443,10.700000000000003,393.34722222222223,0.220895405974573,0.0,-0.2535211267605634,-0.2535211267605634,0.8082927679615581,-0.8617022560833321,8929243.06114348,7665137.0,2261423.0,3982841.0,3912807.535636582,1351806.6222467953,1460214.480562192,0.05519070275329537,0.07413618282505265,0.042835972233055145,0.07400358786366118,0.048506356758443184,0.08784026207004134,0.16127447157008035,0.12653459168551595,0.0879338585133765,0.10377505654785119,0.10208252086420716,0.03588643631542002,3.7774836841428643,0.14376245010531208,0.4841252929890122,0.08450704225352113,0.4768242127153007,0.18228449049248766,0.0016645414066935379,399.8112054457744,367.92225317577464,0.01847520861406694,Kristian,REC_20260519_161001.csv
right,12,loose,16.496,1.1680000000000028,0.0136986301369863,15410.0,1.108413254097265,27859.082881530754,625.0,0.3149033646941258,0.32783096731594585,0.5536480686695279,0.2346463111868677,0.351776781413273,0.6670318326405849,3029.0,1823.445945945946,-5.600000000000001,414.6621621621622,0.22740578797198652,1.0,-0.4305555555555556,0.5694444444444444,0.6822023153106391,-1.0306522762500252,8422787.483874563,7538077.0,1587027.0,3406184.0,3843796.111240267,1470624.2753245623,1253845.934655567,0.055048727164931255,0.06419387112313335,0.03917441731203913,0.07300552117686293,0.041708970986030304,0.08702708711601882,0.1623522436728795,0.12800237151220958,0.08584133101122762,0.12164375440026678,0.10664393967465816,0.035357764849742464,4.1203034481172285,0.18998091965272465,0.5245347788594444,0.0547945205479452,0.48617264441174546,0.20162825784922053,0.0012298498973910977,291.2839393673062,253.9062500000004,0.018475208614067932,Kristian,REC_20260519_161001.csv
right,13,loose,17.68,1.152000000000001,1.0,15185.0,1.0837912127425433,29288.975622237114,2093.75,1.0549262717253214,0.33154901304784207,0.5413181666109067,0.22625553745680402,0.3614912694667296,0.625894887559048,2989.0,1799.6986301369864,15.200000000000003,393.73972602739724,0.2187809222244211,0.25,0.0,0.25,0.8026009410352825,-0.9349965001678968,8531139.091523066,7638258.0,2185675.0,3108082.0,3841704.6704471563,1309874.7609945578,1241115.672396612,0.06169982797728691,0.0678119624290216,0.03679459270197445,0.0769383001720227,0.04499231225928237,0.0886830367336997,0.16374126566091735,0.12515794120781257,0.08306565787270317,0.11408302759975034,0.10109759624899145,0.035934479136537315,3.921528971083462,0.16626382726505884,0.5103652085154619,0.05555555555555555,0.4593501041357653,0.16736536245740324,0.0021530289777868636,372.1912590770191,745.9335288261838,0.016000000000000795,Kristian,REC_20260519_161001.csv
right,14,loose,18.848,1.216000000000001,0.0,14295.0,0.9863973602727547,26490.370061590307,820.3125,0.41331066616104006,0.34413096482062,0.5966562173458725,0.2561926959641783,0.3305271052225253,0.7751034390697227,2871.0,1766.3246753246754,0.20000000000000284,439.7142857142857,0.24894306910673716,0.0,-0.05263157894736842,-0.05263157894736842,0.5041474419921461,-1.4094721406035,8151871.2844589865,7452555.0,1688431.0,2839301.0,3675810.291660978,1473891.6197334959,1218503.3120945669,0.05312226576573264,0.059467527406677594,0.03405707059195483,0.0727241980192196,0.04370363290124773,0.07792245987338886,0.1726822884116259,0.13880167932532883,0.0767092870219915,0.12248634261471836,0.11739101663884947,0.030932231429264666,3.6471432388694427,0.14064578953040988,0.48058953929534937,0.05263157894736842,0.473192563723932,0.15888813617144504,0.00129314102822771,589.6255874140278,797.6023029014835,0.0333066559914578,Kristian,REC_20260519_161001.csv
right,15,loose,20.08,1.2000000000000028,0.0,16161.0,1.1905961565745813,27901.930399167726,1187.5,0.598316392918839,0.30607187112763323,0.6000619578686494,0.23586672458360333,0.3519878089595602,0.6700991300819152,3228.0,1847.7763157894738,14.5,422.9144736842105,0.22887752704175002,0.0,-0.17333333333333334,-0.17333333333333334,0.7118222074715942,-1.1855947672969382,8477051.071223943,7670023.0,1181413.0,3411071.0,3793252.5998502295,1210326.0160971049,1194997.285294692,0.05491664945774081,0.07145858108252451,0.03962088142931404,0.07291125178913488,0.04815888229806809,0.07988264699389735,0.16324743112275777,0.12834772948992743,0.07957644679593537,0.1168331778595894,0.1075189950936759,0.03752732658743439,3.7782568681852324,0.1489114565476669,0.4931761699033691,0.05333333333333334,0.4856536934480615,0.19511591904099668,0.0009219475008714242,933.3302380901081,655.458972662477,0.033306655991458385,Kristian,REC_20260519_161001.csv
right,16,loose,21.296,1.1999999999999993,0.0,14970.0,1.0602634843369203,27023.26923227462,500.0,0.2519226917553006,0.34026334026334026,0.5907830907830908,0.22592798700517386,0.3630730357357719,0.6222659486319947,2886.0,1749.6842105263158,5.399999999999999,382.7105263157895,0.21873119961496812,0.0,-0.6666666666666666,-0.6666666666666666,0.7313491197190655,-1.1101255321381867,8400682.463298026,7555181.0,2004859.0,3077539.0,3811757.6229630923,1291556.5060309684,1182739.3063815585,0.05652899771387318,0.06319937432318613,0.037021718204788834,0.07970611238118157,0.04251143063409939,0.08600048128985682,0.1715121525688846,0.1243758272169414,0.09165563710744797,0.11177956924557814,0.10155215978823245,0.03415653952592949,3.627298509175223,0.13057747459002392,0.47730773105269003,0.05333333333333334,0.5098517619690667,0.14722671163132603,0.0012199343082661346,944.8158550744184,344.0162321297501,0.009237604307033957,Kristian,REC_20260519_161001.csv
right,17,loose,22.512,1.184000000000001,1.0,16779.0,1.258224696828884,28086.644121361314,1295.3125,0.6526372233285757,0.33729301655867533,0.5943124550035997,0.2466251416489843,0.355860275160282,0.693039259685581,2778.0,1753.16,14.099999999999994,419.9266666666667,0.23952558047563638,0.0945945945945946,0.0,0.0945945945945946,0.46637886388953254,-1.5039230832594062,8496569.436984612,7448890.0,2175901.0,3459940.0,3763281.513021738,1285823.9626364047,1223842.701025109,0.05034718261120871,0.055746955972833814,0.03201076912546487,0.07436476609854967,0.03994311224683809,0.08981876535322883,0.17178884604561667,0.13520728284925504,0.0959866754888316,0.11068774859872078,0.11141785879972925,0.03268003680972263,3.662848747223095,0.14166019830718404,0.4889752913742523,0.08108108108108109,0.46238754812603217,0.13746622990901813,0.001370947264055715,919.5004078302546,431.43206452706244,0.009237604307033957,Kristian,REC_20260519_161001.csv
right,18,loose,23.712,1.120000000000001,0.9857142857142858,14185.0,0.9743599178326684,28846.156849743435,837.5,0.42197050869012853,0.33125433125433124,0.6212751212751213,0.22932082877549706,0.3557686120584261,0.6445785856383215,2886.0,1751.0985915492959,5.899999999999999,388.3380281690141,0.22176822598288398,0.37681159420289856,-8.0,-7.6231884057971016,0.7876376777501672,-1.0525680502331844,8915706.494759627,7753101.0,2515543.0,3612657.0,3879355.3615758135,1491402.406304589,1293945.9772712477,0.05898912553889711,0.07177787787143684,0.03886493790618364,0.07731162730841,0.04865356154687601,0.08129303133646484,0.1652322887845055,0.12255485489994208,0.0767325139952384,0.11494594942410397,0.10676597387555498,0.03687825751238659,4.469176233601576,0.1938350166061079,0.5483440984130188,0.08571428571428572,0.5006615380489532,0.26510324251021805,0.0016249738515771981,1330.259498493936,399.1700781647886,0.042332020977032765,Kristian,REC_20260519_161001.csv
right,19,loose,24.848,1.184000000000001,1.0,15711.0,1.1413520738651375,29980.408452854674,1159.375,0.5841457415076032,0.3411405295315682,0.5930074677528853,0.23068572193388157,0.37499070535222995,0.6151771727698016,2946.0,1793.1466666666668,8.0,400.6533333333333,0.22343589667325964,0.8108108108108109,0.0,0.8108108108108109,0.8274805142830398,-0.964927622454474,8688051.7582877,7817853.0,1450194.0,3501479.0,3764995.1491880207,1294677.424609432,1229280.9552653,0.04916496884434067,0.06211798997665184,0.030233630266347424,0.07672917627113603,0.04594530285680294,0.09701381556444537,0.16567523757119698,0.12541825914965127,0.09318442068319378,0.10803354996059068,0.10526746278423031,0.041216186071412635,3.9113805510373085,0.1653113617333684,0.4958756237852553,0.05405405405405406,0.5066045209930026,0.22519971382857665,0.0012434571813430238,1303.7213403689218,235.11515075507836,0.03695041722813602,Kristian,REC_20260519_161001.csv
right,20,loose,26.048,1.2000000000000028,0.0,15395.0,1.1067717846736171,29500.5581303134,703.125,0.3542662852808915,0.3245501285347044,0.5591259640102828,0.2476873415801902,0.35918600200755363,0.68957960553987,3112.0,1822.0657894736842,9.899999999999999,438.20394736842104,0.24049842212064096,0.0,-0.38666666666666666,-0.38666666666666666,0.6156684385681845,-1.1002064390257709,8908902.17288101,7937582.0,1340238.0,3816686.0,3973952.1268101246,1251533.6363468391,1365105.5717249284,0.05544603074878861,0.06492774973461297,0.03360124786065556,0.08344345992475284,0.049192284639326386,0.08293796081659771,0.16266239158849485,0.14049986640380713,0.0786845468922637,0.10832123746181677,0.10718747517638308,0.03309574875250042,3.4995682877776737,0.12296865352774708,0.47064498632663126,0.05333333333333334,0.48579844671850547,0.15235651979191772,0.0010019761611458767,805.4638415223898,234.45831852378393,0.04233202097703407,Kristian,REC_20260519_161001.csv
right,21,loose,27.264,1.184000000000001,0.0,15625.0,1.1319409825028883,27381.412837908858,1682.2916666666665,0.8476148899683551,0.34408979305506837,0.5962820063135742,0.24569976396775484,0.3425182302860289,0.7173333920421435,2851.0,1768.12,8.700000000000003,421.61333333333334,0.23845289535401068,0.0,-0.5405405405405406,-0.5405405405405406,0.5740677160408098,-1.3561144471753115,8638270.28143563,7761653.0,1442863.0,3506366.0,3935008.8910232782,1152201.484613339,1245227.9800241382,0.05231922418538711,0.06239395516141438,0.0329087769306759,0.07623916928715246,0.04311170433379334,0.08135948540445972,0.17887926158857995,0.13222330309405847,0.07941391609920895,0.11552006274083962,0.11347646087369635,0.032154680300733735,3.782940810815455,0.14651472089160056,0.4858630689958576,0.05405405405405406,0.48193913791529736,0.149039543202547,0.0014858939794433143,163.37686494729098,489.961437919504,0.00923760430703448,Kristian,REC_20260519_161001.csv
right,22,loose,28.464,1.1680000000000028,1.0,15194.0,1.0847760943967322,30332.751639111146,3218.75,1.6217523281747477,0.32444148049349786,0.6052017339113037,0.20864136563649363,0.38521297531564863,0.5416260069257395,2999.0,1833.418918918919,-2.299999999999997,369.52027027027026,0.2015471022237291,0.2876712328767123,0.0,0.2876712328767123,0.9208933907954476,-0.782214926832788,8665547.011564244,7816631.0,2218662.0,3011565.0,3984667.741240192,1218397.2117355869,1151110.2982406153,0.05237593331023859,0.06531144737714947,0.04294885496745852,0.07980954206069003,0.045661259056702506,0.09694633420061471,0.1615501979023092,0.11419368628982922,0.09748439262049192,0.11047150133040473,0.0944476793466644,0.03879917153744665,3.752516106855526,0.1504878125626867,0.483595627593987,0.0821917808219178,0.461079956834645,0.17294354076633198,0.002332952596512913,215.66254504048356,1268.0589307944613,0.01599999999999967,Kristian,REC_20260519_161001.csv
right,23,loose,29.648,1.1679999999999993,0.0,15711.0,1.1413520738651375,29055.22703404673,1281.25,0.6455518976229578,0.3089711417816813,0.5341907151819323,0.213079613127899,0.3596710709216745,0.5924291119148155,3188.0,1847.1081081081081,-0.3999999999999986,380.2972972972973,0.20588794755863804,0.0,-0.0547945205479452,-0.0547945205479452,0.7093337501747246,-1.1664727844302947,8561795.707738068,7715227.0,1601688.0,3348763.0,3923623.0276694684,1439780.2172650078,1279764.640296711,0.05558725838783782,0.06667837232781704,0.053304654463514914,0.07387735393529696,0.039089592204029674,0.08758029351945334,0.1672300016095284,0.1163396397582781,0.09244545893507747,0.11231581873783708,0.09673997336962088,0.0388115827517083,3.9104592419812434,0.1621083568650774,0.4877011807211279,0.0821917808219178,0.47882827316702914,0.20481139770024137,0.0018554656750513166,277.02165980299316,1022.6961815443382,0.009237604307033392,Kristian,REC_20260519_161001.csv
right,24,loose,30.832,1.1999999999999957,0.0,16429.0,1.2199237436104275,27868.979206278796,788.6904761904761,0.39737805544734917,0.34561891515994436,0.5907510431154381,0.25151862088076365,0.34390473343007777,0.7313613231540377,2876.0,1804.3552631578948,-8.200000000000003,440.92763157894734,0.24436852352859673,0.0,-0.36,-0.36,0.45668721499076764,-1.502542430409182,8585939.445869217,7731110.0,1347568.0,3483153.0,3778733.0243125632,1197925.743150413,1109670.618073188,0.051753432848881724,0.06590048931313854,0.03271324499930723,0.06854030088018026,0.04534350365708702,0.07770671839336109,0.16517053036877147,0.1359284188112097,0.08641372118631091,0.12051979494060423,0.11559020206955394,0.03441964253159388,3.639739792255046,0.12089421602464785,0.48472372902969896,0.05333333333333334,0.46470040874873686,0.14703765144214828,0.001683359847790156,620.2201222146902,1284.6342166646007,0.0184752086140647,Kristian,REC_20260519_161001.csv
right,25,loose,32.048,1.1839999999999975,1.0,16573.0,1.2356818500774496,28628.973104182412,633.9285714285714,0.3194019841897561,0.3153946510110894,0.5746901500326158,0.2383645955451348,0.3437060375146542,0.6935129719232553,3066.0,1819.7333333333333,-14.400000000000006,420.94666666666666,0.23132327080890971,0.16216216216216217,0.0,0.16216216216216217,0.5543529062927925,-1.282131153442083,8832053.450574787,8001112.0,1822821.0,3265685.0,3908087.8963787835,1310148.1801168937,1212634.8632744192,0.05741500586166472,0.05823563892145369,0.03755128956623681,0.07561547479484174,0.03985932004689332,0.08253223915592028,0.16351846424384525,0.13354337631887456,0.08746336459554513,0.12162221570926142,0.10482121922626025,0.03782239155920281,4.190355993910825,0.18887131568207488,0.5337451753463839,0.05405405405405406,0.4732994279975462,0.18318153448075633,0.0011573345069629888,461.75462459334256,338.03135050582665,0.015999999999997946,Kristian,REC_20260519_161001.csv
right,26,loose,33.248,1.1840000000000046,0.0,15482.0,1.1162923073307762,29658.337596702888,686.6319444444445,0.3459563353792409,0.3378006872852234,0.5446735395189003,0.2299606454727664,0.33803198103960325,0.6802925710317669,2910.0,1822.7466666666667,12.600000000000001,406.2,0.22285049668631954,0.0,-0.2972972972972973,-0.2972972972972973,0.6603666597428677,-1.2417664393474521,9061076.522480207,7943691.0,2397035.0,3640756.0,3820489.372010149,1455615.1835256275,1310520.87255377,0.05644960718622445,0.06641259344871475,0.05370649422849034,0.06988720319517798,0.038835164513627785,0.08107178909484587,0.1620192237356078,0.12267932643775695,0.08182523078723684,0.12284757069916462,0.10728131903500943,0.036984477638143165,4.079196887889478,0.1789344286029003,0.5127050703723517,0.08108108108108109,0.5020393952403004,0.1985941146428543,0.0016881154969269796,592.7093160507428,78.68167575209338,0.009237604307030457,Kristian,REC_20260519_161001.csv
right,27,loose,34.448,1.1679999999999993,0.0,16176.0,1.1922376259982292,29410.229138855753,1390.625,0.7006599864444298,0.3197769760577238,0.5539521154476877,0.23675052127867033,0.36455005025276394,0.649432145501439,3049.0,1801.7027027027027,-2.5999999999999943,413.39864864864865,0.22944886968783282,0.0,-0.0410958904109589,-0.0410958904109589,0.7408408804212123,-1.0056900565538327,8986381.09799807,7943691.0,2092824.0,3643200.0,3879411.9420231055,1357370.0857481547,1341528.7588630642,0.05889323912815205,0.07084139627679523,0.03606948382161019,0.08239203156173588,0.04461995409747536,0.08235452949912246,0.1580411922655746,0.13106220842146318,0.08434213881763497,0.11288120846646565,0.10568831285720715,0.03281430478676327,3.772549647734681,0.1614178978380413,0.4909298986947551,0.0821917808219178,0.47582220838032846,0.1910919517083291,0.001936333093423662,552.1965229879722,422.48734750491997,0.009237604307034623,Kristian,REC_20260519_161001.csv
right,28,loose,35.632,1.1679999999999993,0.0136986301369863,15247.0,1.0905759530269556,29400.556916493944,953.125,0.4802276311585418,0.3195548489666137,0.5465818759936407,0.21774372476222875,0.3766178058485068,0.5781556829777161,3145.0,1827.2162162162163,-0.20000000000000284,384.77027027027026,0.21057730708358602,8.0,-0.8888888888888888,7.111111111111111,0.8793445669402862,-0.7441240851283113,8779196.090756146,7886270.0,1792278.0,3415958.0,4097164.549415862,1193553.8539668664,1252468.2469524515,0.05835194580442854,0.0655701332702235,0.034338160249678285,0.08280207670803319,0.044381498957208575,0.09047140089044034,0.15758723209135148,0.11975091336695903,0.09339269602260121,0.10908633721360214,0.09799281139526972,0.04627479403020397,3.6173149489054253,0.14162743796606128,0.47407978341938417,0.0547945205479452,0.4836379586944451,0.18385411214299346,0.0019822964954909093,483.0289846375744,355.4412799440972,0.009237604307036707,Kristian,REC_20260519_161001.csv
right,29,loose,36.816,1.1839999999999975,1.0,16142.0,1.1885169619712936,30533.652663905115,560.3298611111111,0.2823196137639697,0.3505801191596112,0.5716525556600816,0.24179749862187952,0.3575023445945462,0.6763522037757429,3189.0,1862.44,13.799999999999997,436.5733333333333,0.23440934115103484,2.324324324324324,0.0,2.324324324324324,0.6714725183360583,-1.0884617088263102,8896496.83973293,8071973.0,1821600.0,3266907.0,3996542.9355993094,1465620.9198282305,1277675.7336816185,0.05011347121696985,0.06048695975888261,0.033125004474417075,0.0744041866225668,0.040985660388164626,0.09122083574951856,0.160771174731356,0.1293428692109992,0.09040470207541361,0.11666416099310581,0.11245462941088034,0.040026345367725494,3.77769292593744,0.150422443518561,0.49293393352918724,0.05405405405405406,0.4472484304270979,0.16792754138524332,0.0018327402125726561,526.8178053179354,415.348104766204,0.009237604307032637,Kristian,REC_20260519_161001.csv
right,30,loose,38.016,1.2000000000000028,0.0,15577.0,1.1266882803472142,28342.95263376771,726.5625,0.3660751614569212,0.34491315136476425,0.5586228287841191,0.23835883151304987,0.3577158936679718,0.6663355912665493,3224.0,1851.6973684210527,14.0,427.8881578947368,0.23107888210674415,0.0,-2.3333333333333335,-2.3333333333333335,0.6272768017845716,-1.1934952513798764,8493486.275590431,7562511.0,1751961.0,3446501.0,3925413.076848375,1245772.3697540076,1207134.7712821588,0.05192959517938733,0.056456025410540824,0.03192661071989426,0.0792658229647052,0.04021203874112656,0.0912534019285293,0.16440818878838048,0.13302162311961288,0.09052860462306986,0.11345920172814415,0.10533720839343702,0.04220167840317205,3.7334628385653272,0.1624552635888854,0.4952512549123503,0.08,0.4423294013351449,0.17037770161482732,0.001635081927052292,452.61278520755405,197.16823517534527,0.016000000000001558,Kristian,REC_20260519_161001.csv
right,31,loose,39.232,1.216000000000001,1.0,16018.0,1.1749474814024692,27412.514404920978,656.25,0.33064853292883206,0.3190921228304406,0.5774365821094793,0.23710384966194206,0.34367534855438603,0.6899064790619867,2996.0,1794.051948051948,-15.5,413.0,0.23020515122120716,0.07894736842105263,0.0,0.07894736842105263,0.5199536124370139,-1.4662827544437902,8425127.5822642,7661471.0,1876578.0,2960252.0,3872752.967030396,1132621.9928792822,1157541.1770703918,0.05956190007383707,0.06069841177918374,0.03501469502396085,0.08097464927393552,0.03861244226954872,0.0851008382678693,0.16668355749880556,0.12908456515759145,0.0782890069638488,0.12112898322016474,0.1080192845043506,0.03683166596690362,3.368635126078304,0.11319436294404407,0.45823313442571834,0.05263157894736842,0.4289570027028754,0.15170651260134613,0.0009260485412448098,296.9517356967951,83.44440357975321,0.016000000000001558,Kristian,REC_20260519_161001.csv
right,32,loose,40.464,1.2000000000000028,1.0,15821.0,1.1533895163052237,27799.241248638424,1166.6666666666665,0.5878196140957014,0.31923821820529374,0.5836023240800516,0.2364502076790599,0.34751146938362015,0.680409795101372,3098.0,1818.342105263158,9.700000000000003,417.07236842105266,0.22936958189212267,0.28,0.0,0.28,0.6153342628847103,-1.3380171758182857,8846804.109464671,8104959.0,1549154.0,3189938.0,3977807.674615935,1197157.406693921,1181682.9093970396,0.05684762001244627,0.0687294672706485,0.031499196781336385,0.07388888084866202,0.045175622675369405,0.08472147850123739,0.16819109367989926,0.12926031520905393,0.0749960200877028,0.122516172916335,0.10718989247000593,0.036984239547303066,3.6164774624655434,0.1390628322829942,0.4823832829438011,0.05333333333333334,0.45274536801140863,0.17133988236018058,0.0018834822453936125,220.91702816519,276.63474678859103,0.009237604307032637,Kristian,REC_20260519_161001.csv
right,33,loose,41.68,1.1839999999999975,1.0,14300.0,0.986944516747304,28309.511228560623,520.8333333333334,0.2624194705784382,0.3369091518605431,0.6225276567214214,0.22961761013991366,0.369806815050669,0.6209123271784384,2983.0,1742.0266666666666,18.0,386.6666666666667,0.22196368980191655,0.13513513513513514,0.0,0.13513513513513514,0.7980554004119945,-0.9639630263723338,8725976.924049594,7887491.0,1682322.0,3331659.0,4031240.2325316146,1234202.0491461013,1179459.4538020892,0.05610323607751891,0.07108961209931727,0.03221535070262989,0.08028197042525181,0.05037810366469706,0.08539478921103388,0.16504148424823195,0.12800416373266388,0.08266233965036893,0.11087469001622632,0.10161344640724979,0.03634081376481033,3.6249162922362568,0.1477198063805754,0.47921410900302974,0.08108108108108109,0.4690556890255108,0.16017138238705025,0.0011855880069617942,940.1927107425045,340.5788067556642,0.016000000000001558,Kristian,REC_20260519_161001.csv
right,34,loose,42.88,1.2319999999999993,1.0,13993.0,0.9533491092099725,27171.690378038686,731.7708333333333,0.36869935616270555,0.34356237491661107,0.600400266844563,0.24484987869693867,0.342116703361427,0.7156910968999872,2998.0,1828.4358974358975,11.099999999999994,434.55128205128204,0.23766284760689393,0.12987012987012986,0.0,0.12987012987012986,0.5225143262338824,-1.4437067992564385,8748335.240390025,7797083.0,2062281.0,3389080.0,3864004.4782371055,1085592.6848021392,1093019.1914089473,0.055504915228091825,0.06295138061114305,0.03645402403623666,0.07057313943541489,0.04042967928311994,0.08759062670911105,0.16152940021596152,0.1316804330449172,0.0805718773226381,0.11918551655471259,0.11316944565202149,0.0403595619066317,3.2734769524300384,0.12478895071731819,0.46254071918443485,0.07792207792207792,0.4500899981225776,0.13478131122599807,0.0006901964670662785,978.883207197538,329.32499378815106,0.024440403706431416,Kristian,REC_20260519_161001.csv
right,35,loose,44.128,1.2000000000000028,0.0,14213.0,0.9774239940901449,27655.402184745028,619.7916666666667,0.31227916998834143,0.32742241925269155,0.6133628879037365,0.23684477560013914,0.3588440797866172,0.6600214102476285,3158.0,1815.3684210526317,4.399999999999999,416.8421052631579,0.22961846225211643,0.0,-0.9866666666666667,-0.9866666666666667,0.5737004297447537,-1.3633643067793453,8692036.150604645,7899709.0,1612684.0,3247359.0,3941771.1296024844,1011948.2308838866,1129079.7436112706,0.05224399860837295,0.0684289110518381,0.033007653948741736,0.07861243186825931,0.04833004754725734,0.08362808767250376,0.1636248985271947,0.12685550272526963,0.07984460164675866,0.1145845413429201,0.10998927287486954,0.040850052186014146,3.458832926639876,0.1226243333764298,0.48112351879269555,0.08,0.42697471169953466,0.11689885844677003,0.0009042377147664547,158.22873738148093,105.53570834061298,0.024440403706431416,Kristian,REC_20260519_161001.csv
right,36,loose,45.344,1.216000000000001,0.0,14883.0,1.050742961679761,28099.02870207438,984.375,0.49597279939324806,0.3213692256563642,0.6151545363908275,0.23284662655687746,0.35813367863044865,0.65016679650726,3009.0,1815.3636363636363,10.399999999999999,410.2142857142857,0.22596810770980735,0.0,-0.14473684210526316,-0.14473684210526316,0.5634044901597928,-1.4392201870678623,8749026.82060845,8062199.0,1870469.0,2836858.0,3913390.1933949864,1112738.9864912147,1020636.6170617513,0.050571242568838846,0.06057245873961784,0.033165692537719185,0.07753446413369294,0.04058433428957742,0.09088372691958249,0.1662648533798817,0.12748331342151764,0.08855869454797795,0.1167810105663779,0.10536331313535982,0.04223689575985635,3.529041135033049,0.13545962564975864,0.47664055485307366,0.07894736842105263,0.452815575954324,0.1450091383368343,0.0013169927205909822,463.57307945997496,186.75706400257562,0.01599999999999806,Kristian,REC_20260519_161001.csv
right,37,loose,46.576,1.1839999999999975,0.0,13227.0,0.8695247373090084,29367.469911451342,471.35416666666663,0.2374896208734865,0.3268970189701897,0.6263550135501355,0.2242930542049205,0.36891352787583176,0.6079827310644556,2952.0,1741.2933333333333,-4.200000000000003,377.86,0.21699962479995713,0.0,-0.33783783783783783,-0.33783783783783783,0.7840753917375285,-1.0580720787226627,8801646.258216357,8025547.0,2004859.0,3006678.0,3943509.6200646525,1280494.031010396,1178844.4210984171,0.05434274906774275,0.06577486465998453,0.033561260978429826,0.08258229515226231,0.04372994785485118,0.09020115316584608,0.16488127598643154,0.12228458540395262,0.08662526704288767,0.11270549859491412,0.10200846880096787,0.04130263329172952,3.4545772929855127,0.13281918540305765,0.4641950338473259,0.05405405405405406,0.45775813197215903,0.1547271143151328,0.0012567062759488942,833.0098038638785,263.9902377566038,0.016000000000001586,Kristian,REC_20260519_161001.csv
right,38,loose,47.776,1.1839999999999975,1.0,14290.0,0.9858502037982053,28404.437927901337,1208.3333333333335,0.6088131717419766,0.32348111658456485,0.619376026272578,0.22846384620094284,0.36887742606991974,0.6193489491473588,3045.0,1742.1866666666667,-5.5,385.2266666666667,0.22111675748484663,0.6756756756756757,0.0,0.6756756756756757,0.7320841311120365,-1.1359172309246874,8427076.955721064,7629706.0,2090380.0,2904053.0,3873530.011224011,1339262.5802162471,1092184.2158499858,0.05224086205840935,0.06476917896283597,0.027222494336619114,0.08052715361537989,0.048429559786934424,0.08726198493846814,0.1726489316108492,0.1254821526969938,0.08788954876630135,0.11188238535480315,0.10298169350394905,0.0386640543684565,3.5102496579605864,0.13808303925185314,0.4779539108505658,0.08108108108108109,0.4419874769735849,0.16954563660618102,0.0012575720340304295,839.0425098487782,377.8196224399884,0.018475208614069934,Kristian,REC_20260519_161001.csv
right,39,loose,48.976,1.2000000000000028,0.0,16262.0,1.2016487173604786,27168.153470561814,718.75,0.36213886939824463,0.3341200269723533,0.6271072151045178,0.25229875183937495,0.3469079827005385,0.7272785995724808,2966.0,1761.5394736842106,1.9000000000000057,431.50657894736844,0.24495992590213406,0.0,-0.22666666666666666,-0.22666666666666666,0.575489452589821,-1.2816467432333474,8498572.748451589,7678576.0,1637118.0,3253468.0,3828542.9956987305,1226281.5455212588,1147610.561851315,0.05651456187395893,0.06972071378952321,0.02883243574325687,0.07197651575700083,0.04681162559662974,0.07699604861178544,0.16581638369548168,0.13602037691313668,0.08140307894559931,0.11929607027345995,0.11627837492623824,0.030333813873929052,3.5590954094273233,0.13913254662502997,0.4789902661990535,0.05333333333333334,0.4505605105739558,0.14149161016496542,0.0011239457821162538,1540.0204544096173,375.06329037669826,0.009237604307036809,Kristian,REC_20260519_161001.csv
right,40,loose,50.192,1.216000000000001,1.0,14965.0,1.059716327862371,27323.976613955736,1156.25,0.5825712246841327,0.31832107843137253,0.6001838235294118,0.24736759836869254,0.3480312051497023,0.7107626980227272,3264.0,1827.8701298701299,-7.0,439.0,0.2401702357438222,0.6842105263157895,0.0,0.6842105263157895,0.5163529348240495,-1.4715863511266252,8499338.296745813,7728667.0,1539380.0,3183829.0,3845022.33957137,1305959.6991988388,1208694.1868668953,0.05262671763318318,0.056719196282665224,0.03353558893325565,0.07399144558282296,0.04258735594617254,0.08962244042459466,0.16300285620905747,0.13281372117147203,0.08511076691344692,0.1176161311866767,0.11455387719722053,0.037819902519432166,3.4111397472715406,0.1237629902873414,0.4647517233551005,0.07894736842105263,0.4461969733948268,0.14516043761901345,0.0011466279596549361,1002.2157119768865,268.8899291187422,0.01600000000000164,Kristian,REC_20260519_161001.csv
right,41,loose,51.424,1.2000000000000028,0.0,14783.0,1.0397998321887736,27163.846211462765,516.0714285714286,0.26002020684743526,0.33899412148922276,0.5937295885042456,0.24869910682797983,0.33880080320707057,0.7340570166109575,3062.0,1828.1973684210527,8.600000000000001,441.36842105263156,0.24142274169983372,0.0,-0.72,-0.72,0.5193182848348719,-1.4064568160300495,8252099.514041624,7440338.0,1681101.0,3148399.0,3761240.3748476948,1165817.0188836032,1148989.3378857202,0.05146714839898375,0.05880828829088187,0.028349754935477138,0.07436142878734445,0.040181945114183514,0.07960818465125986,0.17078946042621795,0.13468112823244063,0.0858409563634008,0.12696573414997517,0.11401797859553917,0.03492799205429565,3.853473414359984,0.13025911867381473,0.49915686586418273,0.05333333333333334,0.45070589830825386,0.1287862481181163,0.0020384263741674707,806.5124508235052,327.1883903382115,0.009237604307032788,Kristian,REC_20260519_161001.csv
right,42,loose,52.64,1.2319999999999993,0.012987012987012988,12567.0,0.797300082668491,25736.121502666247,975.0,0.49124924892283617,0.31289111389236546,0.5657071339173968,0.2402288026228593,0.3341076348924,0.7190162017693318,3196.0,1837.8846153846155,9.299999999999997,428.88461538461536,0.23335774824735794,1.0,-0.3815789473684211,0.618421052631579,0.5897056034851794,-1.341307102635994,8451861.74361945,7560068.0,1605353.0,3420845.0,3737826.2297205785,1239322.0499269643,1115239.2900239013,0.058281887621638585,0.06837571064839036,0.033308918419308706,0.07083115343029542,0.04287258902724007,0.07654424331205748,0.17489449269296503,0.1293781172613442,0.07548393847441665,0.12053294269470893,0.11085068536151511,0.03864532105611942,3.77630534152497,0.14945479438445303,0.4904105125655617,0.07792207792207792,0.4805491783225464,0.1742649667928076,0.0010192459388817545,1335.052058910065,329.973635181611,0.015999999999998116,Kristian,REC_20260519_161001.csv
right,43,loose,53.888,1.216000000000001,1.0,14673.0,1.0277623897486874,27500.72546315824,859.375,0.4329921264544229,0.3295718552937272,0.6067042814470627,0.2418624734626318,0.35082580691590803,0.6894090135171371,3013.0,1804.6103896103896,11.0,423.6948051948052,0.23478464251016518,0.25,0.0,0.25,0.5601138787493192,-1.3997074897602064,8747152.36409044,7930252.0,1848478.0,3194825.0,3850020.1885258704,1236388.26226548,1085045.0973643197,0.060170558814004536,0.07388722967867296,0.03211831168363859,0.0764132273038034,0.045705444208556725,0.07679464574862366,0.16436975999424272,0.13049548414954482,0.07802525997625132,0.1182685041920046,0.11136698931308697,0.03238458493756972,3.689111585090949,0.14262361461975248,0.4814413425413637,0.07894736842105263,0.45574417842898135,0.16689199241025457,0.0013605294665630825,1248.865618604875,238.69154308929333,0.015999999999998116,Kristian,REC_20260519_161001.csv
right,44,loose,55.12,1.2319999999999993,1.0,15376.0,1.1046925900703295,28899.50207183508,1083.3333333333333,0.5458324988031513,0.32922697874961504,0.5894672004927626,0.23962526629883268,0.37060060887505963,0.6465862725532608,3247.0,1907.679487179487,-7.100000000000001,443.80128205128204,0.23263933225357697,0.7662337662337663,0.0,0.7662337662337663,0.5943438573441673,-1.1578696452652815,8601252.921544861,7814188.0,2208888.0,2835636.0,3763064.5999564715,1000517.7695274181,961627.3370136435,0.04711053165679877,0.06489962970181251,0.026653404928796566,0.07715777659796101,0.05070598592732478,0.08628418201735227,0.1672188657181836,0.13552510433537862,0.09155303463060908,0.10990665259847177,0.10410016196345406,0.03888466992385702,3.4561914006174113,0.09006234400860788,0.4665451045528607,0.07792207792207792,0.45564611527099996,0.11630697258460607,0.0015821372001239209,1461.729911212511,111.9989485111061,0.009237604307032786,Kristian,REC_20260519_161001.csv
right,45,loose,56.368,1.2319999999999993,0.0,13012.0,0.8459970089033853,27426.76375367681,1062.5,0.5353357199800138,0.33147113594040967,0.5875232774674115,0.2402220119667915,0.36656627710185097,0.655330364445131,3222.0,1924.128205128205,-8.099999999999994,449.2628205128205,0.23348902599912047,0.0,-1.4935064935064934,-1.4935064935064934,0.5508354652588118,-1.4697876639098768,8503890.577034725,7605272.0,1910786.0,3290120.0,3682624.109526771,1140403.131812288,1018781.588933452,0.048713370024386665,0.07218720432830053,0.03374155461680948,0.06255247131568077,0.04362281952532615,0.09027065204354952,0.16112525152916407,0.13106834930238137,0.09793312988899401,0.1044162524486614,0.10915366266441012,0.045215282312335923,3.6521165890679095,0.14180768130150592,0.4780208088715885,0.07792207792207792,0.4871644696499892,0.13291763030068976,0.0011457920396230974,1213.9210572905201,123.72760974025891,0.009237604307032786,Kristian,REC_20260519_161001.csv
right,46,loose,57.616,1.216000000000001,1.0,14276.0,0.9843181656694671,27261.265652936952,656.25,0.33064853292883206,0.34015503875968994,0.6257364341085271,0.23879312718561554,0.3676928160365669,0.6494364773271051,3225.0,1886.5974025974026,15.100000000000001,437.2142857142857,0.2317475287055649,1.9342105263157894,0.0,1.9342105263157894,0.575396235267,-1.278905366919865,8291792.368123674,7535633.0,1969429.0,2844188.0,3732958.336815605,894776.1081238136,890257.1003159473,0.05343227689511799,0.07120632210810365,0.028209929234242915,0.0836591678828097,0.05056172040642124,0.08113280281961616,0.1681994658149076,0.13227964864939284,0.08113280281961616,0.11334223641820636,0.10651347853622271,0.030330148415342678,3.49243054118072,0.09642496915282307,0.47729291099481663,0.05263157894736842,0.4321323331325062,0.10948317602065534,0.0010637158202088158,1182.947730600695,240.78803399424913,0.009237604307032786,Kristian,REC_20260519_161001.csv
right,47,loose,58.848,1.216000000000001,0.013157894736842105,14687.0,1.0292944278774256,25971.059643379976,859.375,0.4329921264544229,0.32388663967611336,0.6055523423944477,0.2423943522171766,0.35617509119332985,0.6805482983235378,3458.0,2093.4545454545455,11.700000000000003,493.7922077922078,0.2358743393136306,2.0,-1.8133333333333332,0.18666666666666676,0.5690139003366981,-1.3571003526795609,8108701.508424145,7458664.0,1765400.0,2646268.0,3673542.9328602273,1238591.3250716806,959923.8184037698,0.05394674805826447,0.07951810218615846,0.03884091416660463,0.06866175339338446,0.05912677733938807,0.07623638303679993,0.15773344251718405,0.12563587185786249,0.07263207523759894,0.1120871485644805,0.11675848035931412,0.03882230328295987,3.577806868161002,0.142194768818412,0.4957699890167267,0.07894736842105263,0.4293006281513738,0.1478549393964655,0.0010264453880245666,872.9492157813851,203.1250000000024,0.009237604307032786,Kristian,REC_20260519_161001.csv
right,48,loose,60.08,1.2000000000000028,0.0,13366.0,0.884735687301481,27798.682432806054,1843.75,0.928964925847671,0.31349968010236723,0.6337172104926424,0.23715521903731748,0.37367167058892314,0.6346620247213224,3126.0,1800.342105263158,-0.5,414.2631578947368,0.2301024659056027,0.0,-0.4,-0.4,0.7455331785860421,-1.0376075724315126,8462528.166436967,7556403.0,1696983.0,3411071.0,3811275.2494714754,1214060.7594611607,1175081.0593148523,0.051254878458772454,0.06974551620306081,0.03407247160627366,0.07583354040898659,0.050823673863154666,0.08816306842266822,0.15782819054857994,0.13095464312338298,0.08910587169105287,0.10872933506789645,0.10620057591393449,0.037288234692236855,3.826117706356614,0.15294363914767348,0.48735027159456196,0.08,0.4688984640339347,0.17722220163252392,0.00168482850994015,676.025394000355,635.1391128786936,0.009237604307032786,Kristian,REC_20260519_161001.csv
right,49,loose,61.296,1.2319999999999993,0.012987012987012988,14199.0,0.9758919559614067,28268.178682044585,843.75,0.4251195423370698,0.3007800312012481,0.5868954758190328,0.23262277273817417,0.37384140061791965,0.6222498962215831,3205.0,1817.5128205128206,14.399999999999999,410.7564102564103,0.22599918175020808,4.0,-0.6052631578947368,3.3947368421052633,0.744858767509097,-1.0479034934918545,8406620.782150995,7529524.0,1232726.0,3529579.0,3784125.640413535,1047775.54973005,1109499.5740581562,0.049285442207581506,0.06541060621023377,0.034049066772004574,0.07919388287741772,0.04949000465555915,0.08699547141063442,0.16147736410704966,0.12948802956985453,0.09275143546407459,0.10811478069494801,0.10313474316831962,0.040609172862322414,3.2653049315636324,0.11078042827388745,0.46520488274927035,0.07792207792207792,0.41520627952265665,0.11773010704213892,0.0012088615118853437,667.9663165160365,572.8929919350853,0.015999999999998116,Kristian,REC_20260519_161001.csv
right,50,loose,62.544,1.216000000000001,1.0,14917.0,1.0544636257066968,26835.371545778904,763.0208333333333,0.38444452439741184,0.3287051985792703,0.6128511462705845,0.23050676564280914,0.3622029985095128,0.6364021462853713,3097.0,1777.5064935064936,13.200000000000003,397.15584415584414,0.22343425782505769,1.3157894736842106,0.0,1.3157894736842106,0.7071350385474822,-1.1479767848368885,8654011.17622054,7628485.0,1828930.0,3654195.0,3812633.347841274,1042795.0705491692,1255872.399602981,0.053504106146067744,0.06183329923722126,0.03342636701055031,0.07849168541952829,0.0463220036823801,0.08541076073296898,0.16347137387848143,0.12731244702925446,0.09014524943741414,0.11656486541777478,0.10319431861355466,0.04032352339480375,3.4275605319754137,0.13003539472414657,0.4631967540065365,0.07894736842105263,0.44044675497223024,0.13972836715651252,0.001112327687738548,776.2102378436756,602.009514049228,0.015999999999998116,Kristian,REC_20260519_161001.csv
right,51,loose,63.776,1.2319999999999922,0.0,14036.0,0.9580546548910971,26573.38702536807,703.125,0.3542662852808915,0.35427394438722964,0.5870236869207003,0.23074808276660397,0.34920416726957026,0.6607827293999723,2913.0,1772.051282051282,-9.0,395.8333333333333,0.22337577774562292,0.0,-0.33766233766233766,-0.33766233766233766,0.7098662956201858,-1.1774525104166993,8455892.975427905,7562511.0,2470339.0,2864957.0,3779890.2812059186,1199927.9132661042,982997.5622118819,0.056019389379250474,0.056200260454348144,0.03370713355520186,0.0786572131384749,0.03856894805382723,0.08305599768485024,0.16913615974533353,0.12799884242511939,0.09272174793806975,0.1221747938069744,0.10274924034148458,0.039010273477065545,3.576279079005015,0.14423125881353935,0.4832120662846363,0.07792207792207792,0.44944084850252164,0.15472008227686732,0.0015017252083660935,468.73126629232075,70.56923293994899,0.00923760430703075,Kristian,REC_20260519_161001.csv
right,52,loose,65.024,1.2000000000000028,1.0,16372.0,1.2136861598005648,27475.120818660653,1312.5,0.6612970658576641,0.34956822107081176,0.5906735751295337,0.24446156668501193,0.3543056319941295,0.6899736967451807,2895.0,1793.092105263158,-15.5,425.05263157894734,0.23705008255365986,0.05333333333333334,0.0,0.05333333333333334,0.6909001462869163,-1.142152074270157,8721739.438841429,7782423.0,1579697.0,3606548.0,3865558.0930905994,1099351.8067696241,1234267.933057028,0.05529994496422675,0.07314621170427445,0.03035773252614199,0.07319024032287653,0.04823335167859109,0.08050632911392405,0.1630673270959457,0.1332966428178316,0.07922949917446341,0.11266923500275178,0.11116492386718033,0.03983856173179234,3.6020678110473248,0.1465224358532517,0.47467426770950283,0.08,0.43973412923362726,0.17182224289490036,0.0017678945399902022,1179.6950170842188,335.8702021308219,0.015999999999994536,Kristian,REC_20260519_161001.csv
right,53,loose,66.24,1.2160000000000082,1.0,14960.0,1.0591691713878215,27404.43852736268,881.25,0.4440137442187173,0.35011908812521264,0.6110922082340933,0.2381788861371883,0.3549933767206128,0.6709389576140405,2939.0,1803.948051948052,-28.5,416.3961038961039,0.23082488625237577,0.19736842105263158,0.0,0.19736842105263158,0.8141921570597193,-0.9164669395605021,8531082.445955144,7619932.0,2145358.0,3180164.0,3741409.671380072,1185642.2457356495,1124515.9274892646,0.05816247192305477,0.08134394977826413,0.04038760582848586,0.06740626619823763,0.04891147843114669,0.07765075159822611,0.1596498300984853,0.125,0.07968093071473824,0.11505788170247078,0.11317888613718827,0.03356994758970224,3.8777951562479998,0.18032130096112983,0.4983928048054828,0.07894736842105263,0.45403012106008866,0.16986580718369168,0.0016806714515452958,1176.4647607698817,313.32703063253405,0.015999999999994536,Kristian,REC_20260519_161001.csv
right,54,loose,67.472,1.1680000000000064,1.0,16233.0,1.1984752098080922,29306.898351753294,973.9583333333333,0.49072440998167927,0.3421905379131562,0.6130913804277381,0.22075869734523978,0.3803770046804231,0.580368146939869,3086.0,1787.2027027027027,19.4,380.43243243243245,0.21286473652771581,0.3287671232876712,0.0,0.3287671232876712,1.028932169832215,-0.49566973740767484,8849176.577326559,8085412.0,1709200.0,3164281.0,3997240.986084712,1036889.4092757326,1045339.3253674897,0.057170725805841836,0.07703416935721685,0.03691409646662079,0.08089797584931911,0.05171149236690283,0.08331758069760233,0.1569491807369209,0.12153221477017535,0.08741578640938202,0.11006177553628273,0.09922648257506446,0.03776851942867081,3.5477752268191898,0.1293414371572249,0.456287719784385,0.0547945205479452,0.45064693709567,0.17345943826738922,0.0015175830083257848,778.2024158276574,227.00288457744813,0.02444040370643149,Kristian,REC_20260519_161001.csv
right,55,loose,68.656,1.2319999999999993,0.0,13706.0,0.9219423275708384,26139.787929514652,1022.5694444444445,0.5152168939023335,0.36560595802301965,0.5531482735274205,0.26292945742551527,0.3242461851912964,0.8108945283965031,2954.0,1787.0641025641025,-7.899999999999999,456.54487179487177,0.25547201756210947,0.0,-1.051948051948052,-1.051948051948052,0.46828361230422394,-1.479172774671868,8511770.695584204,7629706.0,1671327.0,3382971.0,3685806.208047914,1091914.8636844247,1134731.7282008594,0.05445114820899484,0.06838318112360195,0.02852407974689901,0.06989690869568337,0.04218349821724502,0.07338350395649647,0.17247168038108632,0.1415155928288053,0.07039909319826962,0.12733246766290507,0.12141386459670998,0.030044981383303082,3.3873464090698033,0.11476015573517565,0.47199816669412065,0.07792207792207792,0.4388127083667662,0.14532113577168718,0.0011830097599628317,1263.5119047058229,71.79723830690736,0.033306655991455526,Kristian,REC_20260519_161001.csv
right,56,loose,69.904,1.2000000000000028,0.0,16176.0,1.1922376259982292,28557.91009510325,509.9826388888889,0.25695239827472066,0.33775059463132856,0.6085626911314985,0.23482329399994115,0.35322808463055055,0.6647922524200662,2943.0,1788.578947368421,11.5,407.04605263157896,0.22758070211576378,0.0,-0.25333333333333335,-0.25333333333333335,0.6227346765280771,-1.340681898967677,8766125.007369846,7778757.0,2239431.0,3364645.0,3859547.9800935662,1142157.6305891015,1203237.7756410993,0.049112791689962625,0.06540034723243975,0.03553247211841215,0.07372804049083366,0.046206926992908216,0.08399788129358797,0.1639422652502722,0.12615866756907865,0.08389488862078098,0.11922137539357915,0.1086646264308625,0.04413971691728217,3.76173535780485,0.15477885430128988,0.4788780254261291,0.05333333333333334,0.45337445169135615,0.1716093219276446,0.001045575211060722,1442.7911606789587,282.9551549828808,0.03199999999999641,Kristian,REC_20260519_161001.csv
right,57,loose,71.12,1.215999999999994,0.013157894736842105,15209.0,1.0864175638203803,26735.97475312991,627.2321428571429,0.31602801956803334,0.33876996262317366,0.5694869181107713,0.2398400968756155,0.3615327940007149,0.663397901532464,2943.0,1780.2987012987012,17.0,414.14935064935065,0.23262913709212668,2.0,-0.2,1.8,0.6439338537656389,-1.2039861653036699,8503657.936100794,7585724.0,2051285.0,3249803.0,3777939.9642876848,1204994.5541426043,1182890.9827898233,0.05153811924162734,0.07539957543969712,0.03653990648001575,0.07130716427273988,0.04602321221449779,0.0861157109196618,0.15769278466330616,0.13130731016975117,0.08268713115411831,0.1095030018310075,0.10853278670586433,0.04335329690771285,3.8214867987421135,0.1593475677009548,0.4903735543943973,0.07894736842105263,0.4549800359676028,0.18468580613183322,0.0013620542928214027,1244.6551061773444,268.5716110080597,0.015999999999998113,Kristian,REC_20260519_161001.csv
right,58,loose,72.352,1.215999999999994,0.0,15467.0,1.114650837907128,26604.718848354703,1187.5,0.598316392918839,0.3321070234113712,0.5558528428093645,0.22865510250056317,0.3624472236554295,0.6308645440683179,2990.0,1787.1298701298701,-1.8999999999999986,396.0844155844156,0.22163157932984034,0.0,-0.6973684210526315,-0.6973684210526315,0.7987611865331208,-0.8721120497096542,8512192.568094427,7562511.0,1644449.0,3544240.0,3689413.2470574123,1206739.675776593,1250017.0278113072,0.05625358806473414,0.07748039735773096,0.030695666707846143,0.07742952859187989,0.04691553604778757,0.07911546483151538,0.17277939669643702,0.12451220487032097,0.0815062968265157,0.11683102122680929,0.1041428976302422,0.032338001148180716,3.7468172091893432,0.14058841722767493,0.4855955631602247,0.07894736842105263,0.48799312618724,0.15874408587115227,0.0017692444633342409,500.72181232031,362.09512850797034,0.009237604307028614,Kristian,REC_20260519_161001.csv
right,59,loose,73.584,1.152000000000001,0.9722222222222222,15644.0,1.134020177106176,28060.92616076668,534.7222222222222,0.26941732312719646,0.33495652173913043,0.5568695652173913,0.23484967361285466,0.3713281446146121,0.6324585868820536,2875.0,1745.972602739726,30.799999999999997,397.013698630137,0.22738827516947027,0.22857142857142856,-4.0,-3.7714285714285714,0.8196345318626872,-0.6812746533715761,8342003.028473077,7638258.0,1452637.0,3022561.0,3854390.965838211,1257756.6668294338,1173562.2586885602,0.04475269897062516,0.06213909113733367,0.029013934220436858,0.07906257845844841,0.04620418026613106,0.09371077077579715,0.1667791237760482,0.13301060758222447,0.09021152397690184,0.1088061762490585,0.10183906603063018,0.04447024855636455,4.502363513110269,0.17175966775839852,0.5270447423366571,0.05555555555555555,0.4777979130996056,0.21345598498878593,0.001669230088860432,218.75328568961575,353.2178233337585,0.0369504172281319,Kristian,REC_20260519_161001.csv
right,60,loose,74.752,1.1840000000000117,1.0,15888.0,1.1607214130641854,30121.559869966895,1218.75,0.6140615611535453,0.3500908540278619,0.5408843125378558,0.20112831000317336,0.40882902577483166,0.49196191396079453,3302.0,1890.7333333333333,11.299999999999997,366.1533333333333,0.19365678220090968,2.608108108108108,0.0,2.608108108108108,1.2386120223012276,-0.04600386523890032,9009464.893051196,7977900.0,2323731.0,3481931.0,3958441.2779432232,1392771.1846817462,1266022.6725596772,0.046119671379711576,0.06913719544444837,0.03231197771587744,0.08600542999189027,0.04900391382532351,0.10520080392087726,0.16170797926730368,0.11113853531257713,0.09948168259229223,0.09619547970804979,0.08998977469059624,0.0537075561510525,4.033708022236044,0.16130815164743126,0.4874129067737541,0.05405405405405406,0.4782012185749043,0.23087083695647126,0.0016651642579384516,211.38669147639328,386.21871835185664,0.031999999999996386,Kristian,REC_20260519_161001.csv
right,61,loose,75.952,1.1359999999999957,0.0,16855.0,1.2665414752420343,30164.603660582048,911.4583333333333,0.4592340735122667,0.3334272036046184,0.4674739509997184,0.2422910088819381,0.3573725987783647,0.6779786970512589,3551.0,1882.7222222222222,13.5,440.80555555555554,0.23413201923928117,0.0,-2.1971830985915495,-2.1971830985915495,0.839056835851708,-0.7662589906621209,9279719.317580085,7865500.0,2723237.0,4102570.0,3867612.0522058136,1374102.7186837655,1440482.9668478493,0.053476054176871554,0.076617781581044,0.03976216471421405,0.07066452241140192,0.047080173507627845,0.08223169760099149,0.15790521998288531,0.13204874738115613,0.08077842367729943,0.11228569742394287,0.11024226150078197,0.03690725604178347,4.1525822843264235,0.17245700875178854,0.5131433802351965,0.056338028169014086,0.48181984965712704,0.21670003502586588,0.0021847436275878474,640.4615523198894,342.6009015821744,0.02444040370643918,Kristian,REC_20260519_161001.csv
right,62,loose,77.104,1.152000000000001,1.0,16348.0,1.2110598087227278,30795.319352135317,1671.875,0.8423665005567864,0.3263288009888752,0.5618046971569839,0.21536254260494653,0.3794826230081277,0.5675162169415916,3236.0,1880.9315068493152,-4.099999999999994,390.78767123287673,0.20776283974713783,0.3472222222222222,0.0,0.3472222222222222,0.874306262214451,-0.8439303075008389,9311882.197805608,8085412.0,2360383.0,3970624.0,3872339.7914593876,1545064.6349185097,1287161.7219566498,0.06194103766714248,0.07418358726367,0.037048096250764696,0.08992921024266612,0.051402685932356446,0.08344014915372738,0.16186238238121595,0.11748040900748681,0.08052699041570774,0.10675998485157456,0.09788213359745972,0.037543333236228035,4.14822777135726,0.19798739559172815,0.5259100820267947,0.08333333333333333,0.47463757343617846,0.2072695987669032,0.0015482833312491582,483.6903279303151,382.53190302078633,0.02444040370643918,Kristian,REC_20260519_161001.csv
right,63,loose,78.272,1.1199999999999903,0.0,17018.0,1.284378776312344,30527.6850252357,562.5,0.2834130282247132,0.3258766626360339,0.4743047158403869,0.22121889457386215,0.35070509345551487,0.6307832384008135,3308.0,1896.661971830986,-3.5,405.1267605633803,0.21359987524412793,0.0,-1.4857142857142858,-1.4857142857142858,0.77292529329879,-0.9738298581734921,9567649.456458624,7996225.0,3461162.0,3952298.0,3711058.5226418655,1697906.6213055898,1436001.275993687,0.06044719039379785,0.0751357091405954,0.051342982110899056,0.07385102069610806,0.040025842287785066,0.08031901858713975,0.16137320570609595,0.11631999881184885,0.08137350274388659,0.12266175564186152,0.10489889576201332,0.032250878117968555,4.278073671296559,0.19662508781395216,0.5181315862490502,0.05714285714285714,0.4724464325765244,0.23757227500427347,0.001355009687478284,349.40854788246986,567.2621845279053,0.016000000000005194,Kristian,REC_20260519_161001.csv
right,64,loose,79.408,1.1839999999999975,0.0,18722.0,1.4708497028387708,30111.53853591676,638.3928571428571,0.3216512939375713,0.280365818805373,0.5090025721634753,0.1935881543171405,0.41394141537281437,0.4676704169418419,3499.0,1946.8133333333333,-7.599999999999994,364.12,0.18703385361376884,0.0,-0.6486486486486487,-0.6486486486486487,1.1759777824652549,-0.013636824567284656,8978424.48547071,8112290.0,2008524.0,3281568.0,3733142.5990480743,1304251.2531247116,1208605.5998934568,0.05844080240529823,0.07085767510667004,0.03744923327694489,0.08986309250672894,0.05488627569155749,0.09667764757449782,0.1591044510345111,0.11090260322852388,0.10165672449336009,0.09279437850572902,0.08268555108861661,0.044681565087561895,4.319027228877222,0.19347059908223124,0.5080830541883997,0.05405405405405406,0.4360128236736422,0.17214824028622522,0.0019401299292053234,1223.9547921934595,619.7523639856628,0.03200000000000348,Kristian,REC_20260519_161001.csv
right,65,loose,80.608,1.152000000000001,1.0,17831.0,1.3733464190740723,30760.031176837256,1101.5625,0.5550171802733966,0.28292682926829266,0.49440459110473456,0.20226454303485775,0.3873137196293608,0.5222240596799492,3485.0,1924.849315068493,3.3999999999999986,376.04794520547944,0.19536487467440966,0.4583333333333333,0.0,0.4583333333333333,0.9955758685553066,-0.4303570977659912,9146559.215874897,8070751.0,2106263.0,3753156.0,3773226.38600182,1408390.6409618477,1420086.3942505352,0.05521158034074897,0.06720326800176495,0.04299927409368462,0.07888181960516391,0.04320565922256857,0.09662382396060179,0.16717195439600324,0.11206000825540516,0.10139914883926157,0.10071594289536986,0.09020453477945259,0.04432298560997481,4.003022490149723,0.18784158184788893,0.4942418149977147,0.05555555555555555,0.4132661245056311,0.20842789367361367,0.0030749530166626327,852.2974832768195,291.797367687458,0.03200000000000348,Kristian,REC_20260519_161001.csv
right,66,loose,81.776,1.2000000000000028,0.013333333333333334,16391.0,1.2157653544038525,30951.88272141131,1132.8125,0.5707623485081029,0.2871004566210046,0.4340753424657534,0.1905677434141,0.35732565986325265,0.5333167046743064,3504.0,2066.815789473684,1.7999999999999972,381.0394736842105,0.18436063611708833,9.0,-0.7162162162162162,8.283783783783784,0.7547483450546411,-0.8888996731519168,8788210.60049257,7643145.0,1998751.0,3849672.0,3764870.0371277835,1375116.1142468296,1429548.2518166944,0.04858732604183909,0.054100510574364324,0.03752275939342238,0.07721004851093087,0.031035536485058378,0.0915341422732655,0.22770216070996574,0.11545219572441717,0.10344542201963357,0.09751843033397421,0.07511554768968283,0.04077592024344593,3.95668289731034,0.15396102370651268,0.4921071671096919,0.05333333333333334,0.46692463152268343,0.1913779800826233,0.0025314817193129195,1176.225743639375,276.87345599491374,0.02444040370643136,Kristian,REC_20260519_161001.csv
right,67,loose,82.992,1.1679999999999922,0.0136986301369863,17444.0,1.3309965079439507,30510.4486201039,1145.8333333333333,0.5773228352725639,0.27889591719378953,0.5327774583093732,0.1950995718072453,0.4138856793312037,0.47138517119574874,3478.0,1988.2432432432433,-20.5,374.9256756756757,0.18857133147556582,4.0,-0.20833333333333334,3.7916666666666665,1.1371606984333147,-0.22513980854023252,8971366.171299107,7834957.0,2527760.0,3565009.0,3698692.0127098854,1394055.9061326517,1355950.1003845101,0.057031196900700055,0.07341806565622239,0.03331747434241827,0.08911846666213552,0.05319785223951607,0.09906885067627268,0.16233263100659281,0.11223407870590633,0.09908244409705702,0.0891252633725277,0.08286549310133894,0.04920818323931217,4.470534999565594,0.18991950040746547,0.5119429031941798,0.0547945205479452,0.484492067727427,0.21542094404156234,0.0016579958299505686,745.2268111118926,22.752330593910088,0.02444040370643292,Kristian,REC_20260519_161001.csv
right,68,loose,84.176,1.152000000000001,1.0,17841.0,1.374440732023171,30376.852025843626,854.1666666666666,0.4303679317486385,0.272875816993464,0.48284313725490197,0.19251632182414655,0.38175853444635727,0.5042881938529623,3672.0,2108.698630136986,-1.0,392.3972602739726,0.18608503589177253,0.3333333333333333,0.0,0.3333333333333333,0.9448645808220097,-0.6159675457027003,9062247.264799003,7944913.0,2307848.0,3698178.0,3825088.8431489067,1348969.6370188869,1321950.9857427888,0.05267807840971839,0.05855718322668659,0.03239029460486569,0.08043005164517493,0.04027674018254458,0.09611199532270115,0.1977263130542112,0.1099035307110144,0.10638256406925001,0.09861305096306884,0.08261279111313218,0.04431740669763212,3.9008701247689324,0.15422278436650375,0.49149185373052734,0.08333333333333333,0.4515271569907721,0.20856364050419057,0.003574458894850543,749.3239174971892,164.7637131263904,0.02444040370643292,Kristian,REC_20260519_161001.csv
right,69,loose,85.344,1.1200000000000045,0.0,18894.0,1.4896718855632691,31839.897455865022,1265.625,0.6376793135056047,0.3008130081300813,0.48840710629328515,0.21067586910616345,0.3633593628208217,0.5798003042232308,3321.0,1987.6338028169014,-2.5999999999999943,405.28169014084506,0.2039015886963053,0.0,-1.2285714285714286,-1.2285714285714286,0.658641084208146,-1.114588651262972,9560992.998121796,8199033.0,3489262.0,3466049.0,3876384.137530663,1425132.723391247,1337134.2614211224,0.05442099743484361,0.06514221737220277,0.034473717776108616,0.07369510069301738,0.041425149870324966,0.09149530193733083,0.18933972024206006,0.1178342143677102,0.09160159294794575,0.1079704085826448,0.09284165473845325,0.03975992403735775,4.172842705958963,0.1804773121241289,0.5047026441279333,0.05714285714285714,0.46366777195532044,0.2245299013783782,0.002042318979876415,749.3239174971892,211.6276005615652,0.024440403706425137,Kristian,REC_20260519_161001.csv
right,70,loose,86.48,1.1839999999999975,1.0,18023.0,1.3943572276967682,30713.5798304268,1781.25,0.8974745893782584,0.2927734932876321,0.5415595544130248,0.18969697357394624,0.3796946066797592,0.4996040771622025,3501.0,2084.306666666667,11.799999999999997,382.08666666666664,0.183315954785924,0.7432432432432432,0.0,0.7432432432432432,0.8971830141301658,-0.7656605795594409,8894615.280816928,8070751.0,2025629.0,3142290.0,3833118.1006040946,1288405.1881663385,1223341.0320663243,0.057918540457898064,0.06099550290104463,0.03993654164774217,0.0894366152133723,0.04334614867933701,0.09362026061424102,0.19839051195281562,0.1063375191110713,0.09229607927176423,0.09772714187931397,0.08335945446287493,0.03663568380852465,3.761792752751797,0.15940542366888125,0.48929911467328396,0.05405405405405406,0.49216567322336263,0.19422577944883238,0.0024071774734567876,562.8164295161737,464.51598602539906,0.03199999999999629,Kristian,REC_20260519_161001.csv
right,71,loose,87.68,1.1519999999999868,1.0,16932.0,1.2749676849500948,28581.171442052546,612.5,0.30860529740024323,0.3288177339901478,0.49014778325123154,0.22430989435419743,0.3703585898746639,0.6056559790601135,3248.0,1808.835616438356,5.600000000000001,391.4109589041096,0.21638835245560226,0.6111111111111112,0.0,0.6111111111111112,0.779166194127866,-0.8420718009311265,8603926.002102587,7739662.0,2031737.0,3161838.0,3850484.7124244426,1293963.7220119208,1265303.911752414,0.0565564769586126,0.06468249460411224,0.03478359650119278,0.08511492294293613,0.043083797190351776,0.09145367109697451,0.16422431746753002,0.12669165814684388,0.0860237040402893,0.11046234238327844,0.09761823620735356,0.03930478246052482,4.146614335068849,0.19090905440758704,0.5179014381091822,0.05555555555555555,0.4491336388292036,0.20639094713919748,0.0020802270986568015,983.0535760238781,585.7214879602199,0.03199999999999629,Kristian,REC_20260519_161001.csv
right,72,loose,88.848,1.152000000000001,0.013888888888888888,12916.0,0.8354916045920373,29836.953564330255,574.21875,0.28931746631272803,0.33776678008042066,0.4410763996288277,0.2491997206297471,0.3515627273520938,0.7088343025049821,3233.0,1882.9041095890411,-19.599999999999994,454.5890410958904,0.2414297354712918,4.0,-0.6197183098591549,3.380281690140845,0.5908767702213458,-1.1489507261020653,9029664.336132435,7852061.0,2503325.0,3689626.0,3785579.8646198595,1513886.493528377,1453289.7099879205,0.0494354392806216,0.05819486075138958,0.03203300061112243,0.07159590256962431,0.04269126676949044,0.08922387451619475,0.16068882227977768,0.1398597328521957,0.08985682274539475,0.11564764426854465,0.10933998777755144,0.04143264557809272,4.415792221457401,0.17572686273361296,0.5120487372709405,0.05555555555555555,0.48907037763683603,0.23332601317059262,0.001203915793383839,2689.485266737857,686.0960155204385,0.018475208614069736,Kristian,REC_20260519_161001.csv
right,73,loose,90.016,1.152000000000001,0.013888888888888888,16324.0,1.2084334576448907,30359.68599969374,931.25,0.4692060133942474,0.2949917446340121,0.4708310401761145,0.2064080032445586,0.37555089901311345,0.5496139239359937,3634.0,2026.5753424657535,14.200000000000003,403.78767123287673,0.1992463160740841,11.0,-0.19718309859154928,10.80281690140845,0.9483101695369143,-0.6506303967067866,8995446.760515956,7573507.0,2783102.0,3976732.0,3764248.705761067,1527378.435820699,1559302.9785512823,0.053258077599026635,0.06811545221035555,0.03643368933351359,0.07707854535622549,0.04207786940651616,0.09627551710152764,0.19017169122617278,0.11556712180613762,0.09200351493848857,0.10092605110179803,0.09084088143842098,0.03725158848181695,4.1908430864845245,0.1807549569809609,0.500647864087078,0.08333333333333333,0.471393099909159,0.2504374098466916,0.0015442597790157465,2164.5778649273248,196.01799665597642,0.0,Kristian,REC_20260519_161001.csv
right,74,loose,91.184,1.1680000000000064,0.0136986301369863,18162.0,1.4095681776892408,30483.459482151957,1104.1666666666667,0.5563292776262889,0.2967270760075737,0.5025696510684339,0.20941102731825062,0.3887032999273203,0.5387426022808154,3697.0,2026.662162162162,3.799999999999997,410.1283783783784,0.2023664259566722,16.0,-0.9027777777777778,15.097222222222221,0.849873515658925,-0.851214880436431,8861383.769863317,7919256.0,1475850.0,3692069.0,3821618.8400481627,1511697.364443321,1300282.698636544,0.057283644389323415,0.059837437405399645,0.032905923066151914,0.09212324885145994,0.04360784941289432,0.10003800684123143,0.16713675128189742,0.11724777126549446,0.09309675741633494,0.10754602495115788,0.09216325605275616,0.037013329065898534,4.13105616851296,0.20025552280588207,0.5168802762567617,0.0547945205479452,0.48305920584979994,0.2274581008776316,0.0025025101428942376,2661.8672644092035,270.25182129112517,0.009237604307036417,Kristian,REC_20260519_161001.csv
right,75,loose,92.368,1.152000000000001,0.0,18549.0,1.4519180888193624,27904.971331287907,1250.0,0.6298067293882516,0.2877476974602289,0.48925481440133967,0.19991630421360262,0.37059396567100694,0.5394483524613221,3583.0,1996.7945205479452,9.200000000000003,385.8082191780822,0.19321378099145206,0.0,-1.5,-1.5,0.8117269054934704,-0.8816547023695116,8598654.511043632,7836179.0,1182635.0,3336545.0,3844013.136406495,1292547.2788716918,1187798.097525325,0.058895764444383464,0.06845217677647737,0.033052975316603325,0.08578132074695059,0.0470205672104606,0.08591852695415941,0.19569035303157115,0.11273548015312213,0.083421373982959,0.10763826955531468,0.0871808240604805,0.03421236776751781,4.234253204510118,0.18926570703008005,0.5246462860434995,0.05555555555555555,0.5143213394529772,0.21705010715409967,0.0022394231458944783,1188.7414913820994,159.5666512893735,0.009237604307036417,Kristian,REC_20260519_161001.csv
right,76,loose,93.536,1.1679999999999922,1.0,16616.0,1.2403873957585743,28451.756852609295,552.0833333333334,0.27816463881314446,0.31979387693240374,0.4956047287056684,0.20358113531706354,0.3726394502260213,0.5463220150021649,3299.0,1919.2162162162163,4.5,377.1689189189189,0.19652236977369703,1.4383561643835616,0.0,1.4383561643835616,0.8413328198702328,-0.7776843302216561,8675568.10309446,7679797.0,2107485.0,3441614.0,3696126.2318491847,1366376.3057768827,1336052.692206163,0.05914576614890651,0.06204672515525764,0.03820534846713889,0.08332511864359042,0.04307079184915013,0.09092957429130698,0.18123248510794102,0.11339792426525468,0.09326724028671614,0.1030544563518328,0.09018321105180888,0.04214135838109588,3.9925221377383275,0.1810765699218691,0.508935816706276,0.0547945205479452,0.44228337960360775,0.19796948740240872,0.002945501298744608,1022.7718872423802,368.1374384806742,0.009237604307032299,Kristian,REC_20260519_161001.csv
right,77,loose,94.72,1.152000000000001,0.0,16381.0,1.2146710414547537,29199.97130135576,411.45833333333337,0.20731138175696615,0.31747919143876335,0.47889417360285375,0.2233468889186814,0.3689726058005988,0.6053210601739197,3364.0,1839.2054794520548,2.4000000000000057,396.2808219178082,0.21546304985774084,0.0,-0.2638888888888889,-0.2638888888888889,0.8081408215390818,-0.8709508656964227,9223468.298673607,7649254.0,3731164.0,3555235.0,3698102.4209777894,1645256.5757095215,1325303.7185966074,0.06056069476098971,0.08196660261280184,0.04036883109144806,0.07492067748134246,0.04348214684720919,0.08103558713560054,0.15570302840714426,0.12510613576440094,0.08756759172364481,0.11518523483934398,0.09824075315428045,0.035862716181793805,4.296707288517187,0.21252329621752164,0.5295232127334389,0.05555555555555555,0.4607842979916864,0.24407919990954557,0.0009156337527415857,1189.6734846166855,449.07593845069437,0.00923760430702818,Kristian,REC_20260519_161001.csv
right,78,loose,95.888,1.152000000000001,0.0,17343.0,1.3199439471580532,31287.863046235678,1415.1785714285713,0.7130311900574132,0.27469377117539745,0.39066979410998176,0.18925001200694344,0.3815806626460559,0.49596331924775316,3837.0,1996.5616438356165,16.1,363.6849315068493,0.18215562370925356,0.0,-0.5555555555555556,-0.5555555555555556,1.1583127099051262,-0.15686319765683931,8980845.695716858,7995004.0,1865582.0,3640756.0,3794256.499843409,1568954.5586911354,1322590.6575526774,0.05020960692697719,0.06272427255075506,0.0393690522748012,0.07401079938798895,0.038820163431653044,0.09976054724217662,0.20175781652018193,0.1042271302032947,0.10626488003348222,0.09948610282060255,0.08502288180364874,0.03834674680443777,4.014070440029527,0.18128317449626,0.4949198502366758,0.06944444444444445,0.4767115237916403,0.22603007379268775,0.003319188181896835,501.53065708888323,543.4708052584556,0.00923760430702818,Kristian,REC_20260519_161001.csv
right,79,loose,97.056,1.1359999999999957,0.014084507042253521,18004.0,1.3922780330934805,29709.80656281693,596.875,0.3007327132828901,0.26200204290091933,0.411899897854954,0.18257915970222394,0.37294506984580894,0.48956045933915465,3916.0,2069.0416666666665,-1.2999999999999972,363.68055555555554,0.17577246578193073,8.0,-0.22857142857142856,7.771428571428571,0.9341637476334046,-0.5413821548422928,8846523.900292194,7808079.0,1682322.0,3803246.0,3835045.124640561,1254321.5212570813,1483405.3413470236,0.056762725631163115,0.060622537272355025,0.04618348537634842,0.07672634271099744,0.038598116411919105,0.09344771801223058,0.2016164219881722,0.10397325653986347,0.10355035543830679,0.09199777137832196,0.07860590316236046,0.047915366077961485,3.912241917760641,0.15603014383144911,0.48721925606020916,0.056338028169014086,0.4690824946863057,0.2001405244294158,0.0036080995159533127,816.1386728573395,534.0808914469327,0.00923760430703632,Kristian,REC_20260519_161001.csv
right,80,loose,98.208,1.152000000000001,1.0,17592.0,1.3471923395906122,28841.244303947777,1312.5,0.6612970658576641,0.29437952142459656,0.4535336672231497,0.20327951282194534,0.37757695960668197,0.5383790182362427,3594.0,1961.5342465753424,-19.700000000000003,384.4109589041096,0.19597463545449467,0.3333333333333333,0.0,0.3333333333333333,1.1644745702337862,-0.013868286050064516,8683533.619420955,7765318.0,2204001.0,3200933.0,3749782.905161809,1277881.5145520482,1335965.8143012272,0.05375998659142969,0.06324375663444885,0.03306748980389966,0.078663612492318,0.045861500642493995,0.09371333594055534,0.18973126990334654,0.10850466506508744,0.09609475389686574,0.09979607799318398,0.09477484775685793,0.04278870327951283,4.601414057517947,0.18851650041002152,0.5301648299597292,0.05555555555555555,0.49554993523495483,0.23439714639343856,0.001834437933622968,333.8327924775197,445.77325414541775,0.00923760430703632,Kristian,REC_20260519_161001.csv
right,81,loose,99.376,1.1679999999999922,0.0,16788.0,1.2592095784830728,31282.802703722056,588.5416666666666,0.2965340017536351,0.28801719505642126,0.4567436861902203,0.2191332508899107,0.39669178685870066,0.5524017843295692,3722.0,1977.8783783783783,10.900000000000006,419.10135135135135,0.21189439954086758,0.0,-0.3424657534246575,-0.3424657534246575,0.818595379129546,-0.8398796324906548,8628418.61347072,7795862.0,2246762.0,2937040.0,3758115.768249751,1364713.5418425254,1287724.0785170875,0.05407787487274789,0.06880154137316126,0.03569208064879786,0.08261650827053287,0.047218217718959024,0.09449792638849984,0.14893791463689596,0.11834958288638522,0.10355759310754767,0.10809425879491401,0.10078366800352548,0.037372833298032974,3.8501940689589182,0.1658772494136411,0.4881902051357333,0.0821917808219178,0.46957277715040324,0.22399083841022968,0.0012098680244746216,618.4410508151432,415.59280020075545,0.015999999999997752,Kristian,REC_20260519_161001.csv
right,82,loose,100.56,1.1359999999999957,0.0,17717.0,1.3608712514543464,32111.13043790268,760.4166666666667,0.3831324270445197,0.29314159292035397,0.4435840707964602,0.2030646851218705,0.373766129921694,0.5432934363639209,3616.0,2014.888888888889,19.0,394.7986111111111,0.1959406363736627,0.0,-0.7464788732394366,-0.7464788732394366,0.8112684875868115,-0.8505782615173936,9312575.93435259,8334645.0,2448347.0,3356093.0,3909720.390733028,1548673.5698940433,1288206.4500575527,0.04894121539649278,0.0643404654240653,0.031949652586301974,0.0728121208779089,0.041861971986324034,0.09273326348296018,0.19895638028013676,0.11124131465754936,0.10201830815043564,0.10562341458034631,0.09182337046432117,0.0376985221131576,4.1716100071106395,0.18305877805974588,0.5114180891138609,0.056338028169014086,0.4723820357990853,0.20736495622519766,0.002937807953839772,504.1630027415118,378.25315397941046,0.015999999999997752,Kristian,REC_20260519_161001.csv
right,83,loose,101.712,1.0879999999999939,0.0,18741.0,1.4729288974420585,31428.14286590921,1312.5,0.6612970658576641,0.28504024424091035,0.4376908132112129,0.20431749453576456,0.377256804095931,0.5415873015865602,3603.0,1936.1739130434783,6.599999999999994,381.1231884057971,0.1968434683673164,0.0,-0.8382352941176471,-0.8382352941176471,0.8937848226716565,-0.619916711721217,9521973.980872033,8023104.0,3740938.0,3507588.0,3874651.498660055,1781660.0355004428,1450972.628365021,0.06548848767927183,0.07113236923261175,0.044297733465073805,0.08198598760441929,0.0437288541573101,0.09252522530614689,0.16055121410820683,0.11486122338992186,0.08788436779544297,0.10756310069163748,0.08945627114584269,0.040525165424114495,3.7785327962521835,0.17446340167294958,0.5245423514721224,0.04411764705882353,0.47542044267657946,0.2003020271755397,0.0033810228809297233,976.8850154103793,378.25315397941046,0.04026578365477644,Kristian,REC_20260519_161001.csv
right,84,loose,102.816,1.2000000000000028,1.0,17554.0,1.343033950384037,31279.112807111393,612.5,0.30860529740024323,0.28251928020565553,0.46606683804627247,0.18156141626246858,0.39324403236762756,0.4617016440634126,3890.0,2208.184210526316,3.4000000000000057,387.3486842105263,0.17541502306014706,1.8,0.0,1.8,1.0324747149469518,-0.6164179981043785,8693599.726490116,7754323.0,2563190.0,2979800.0,3645385.1801154776,1590947.2361835043,1164997.4222875072,0.06241732311615878,0.08617463741344997,0.050881290891539845,0.07798739140279581,0.05660759614353303,0.08260537950924193,0.17963079929925754,0.10184004480938136,0.08986902789860686,0.09636400471928591,0.07972137145308719,0.03590113334366174,4.245935049302458,0.1548960211336577,0.5080845646816381,0.08,0.5104332840689264,0.2266336570105822,0.002115288909586527,643.443082175885,368.9343544187388,0.05619015334855234,Kristian,REC_20260519_161001.csv
right,85,loose,104.032,1.1200000000000045,0.0,16477.0,1.2251764457661016,32091.15979518347,375.0,0.18894201881647546,0.29452418926103135,0.4468367889420521,0.19880775170072756,0.35585203322157455,0.5586809492153785,3762.0,2024.8169014084508,-4.299999999999997,387.23943661971833,0.1912466437584341,0.0,-0.6,-0.6,1.0268106030419837,-0.42167905749864243,10251652.95727655,8471479.0,3152064.0,4836830.0,3829672.991404787,1619852.2190746083,1441330.6736133643,0.06412682071757488,0.07259220099887315,0.053456407117318895,0.07643883641017793,0.03809768923637678,0.08212879620483855,0.1798319444637665,0.10838051780025319,0.08659451037130812,0.10409565810158455,0.09042723390047439,0.04382938467745301,4.010110950071126,0.16862525842215026,0.49581166361456114,0.08571428571428572,0.4928571940200921,0.2084453701889143,0.0023752674875228124,1132.4452893333687,487.3931506836496,0.05768882040742712,Kristian,REC_20260519_161001.csv
right,86,loose,105.168,1.1359999999999957,0.0,16812.0,1.2618359295609098,31273.930932967156,882.8125,0.44480100263045264,0.29199035628181086,0.4757567639967854,0.21269834453438688,0.39268102405542554,0.5416567939480725,3733.0,1940.5416666666667,11.599999999999994,398.11805555555554,0.20515821040803325,0.0,-1.028169014084507,-1.028169014084507,0.9003012550581182,-0.6260194066344984,9698355.964812078,8172155.0,3116634.0,4190535.0,3930069.2333247736,1700368.8012400905,1437557.4176403065,0.052591272482625843,0.07810677144840716,0.03459801458641988,0.0760884346438208,0.0456988670116448,0.0881841410259163,0.15163292036158288,0.11428653225402415,0.10460280992563645,0.11035721698552094,0.09841181228036273,0.04544120699403803,4.204482188725326,0.19610273121871094,0.5169986105428864,0.08450704225352113,0.48352767380367706,0.234220072002342,0.0015686502463571684,551.1681534099538,254.08287126201895,0.0423320209770339,Kristian,REC_20260519_161001.csv
right,87,loose,106.32,1.1680000000000064,1.0,16841.0,1.265009437113296,30896.507165050225,882.8125,0.44480100263045264,0.32006543075245364,0.4659214830970556,0.20984357642123277,0.37178717561254976,0.5644185442254971,3668.0,1958.472972972973,10.299999999999997,396.05405405405406,0.20222594823600848,1.917808219178082,0.0,1.917808219178082,0.8544442874281786,-0.6790437355642398,9031311.84561656,7849618.0,2432465.0,3745825.0,3822480.5842132857,1478162.5870514936,1305474.515376264,0.05695971075092978,0.06751674981197431,0.0498319843783422,0.07353357207421668,0.04129665279761535,0.09306754434991409,0.15959759051108488,0.11600322921194808,0.09637265657882935,0.10628799326557509,0.09384034720928468,0.045691969060285526,3.866459685642634,0.17261620627887567,0.4893276373750415,0.1095890410958904,0.44754627631988575,0.20566520217676748,0.00315625095428335,202.30422635230715,293.18568357285943,0.02444040370643267,Kristian,REC_20260519_161001.csv
right,88,loose,107.504,1.1679999999999922,0.0,16563.0,1.2345875371283508,29370.04130061788,1000.0,0.5038453835106012,0.32277281343081504,0.4354183590576767,0.2285538778017457,0.35633776660333427,0.6413967286712744,3693.0,1891.918918918919,13.099999999999994,417.4594594594595,0.22065399065727634,0.0,-2.356164383561644,-2.356164383561644,0.8267868716275895,-0.7187591981765427,8726453.326119954,7759210.0,1742187.0,3593109.0,3686833.064865707,1491564.2514123393,1293149.9065288536,0.05820631133840946,0.07029899572863245,0.037999457150612134,0.07621319695432922,0.04389937286610191,0.08442736532335253,0.16464050513564094,0.12671247553606377,0.08149883573091812,0.1212625533920944,0.10184140226568192,0.03299952857816317,4.023938086311058,0.17594103819628448,0.4967302543627195,0.0547945205479452,0.4800276295226938,0.2104212464711692,0.0014176515510077835,152.82124634140052,67.65823467066758,0.01847520861406953,Kristian,REC_20260519_161001.csv
right,89,loose,108.688,1.1679999999999922,0.0136986301369863,16448.0,1.2220029382137152,28540.320618381287,362.10317460317464,0.18244401287834272,0.298101445168603,0.4916406914139983,0.2063987352304876,0.3724760082099074,0.554126254257665,3529.0,1948.8648648648648,3.0,388.9662162162162,0.1995860376102513,15.0,-1.7222222222222223,13.277777777777779,0.7760338506063466,-0.8555776378618041,8767503.115452027,7667580.0,1729970.0,3883881.0,3656555.4240769334,1277980.4093684272,1369014.4457286622,0.06096410939146835,0.06495811837798858,0.04342791368502801,0.0854551506074222,0.04316442003661176,0.09416430909191768,0.1576385421867199,0.11149248349697675,0.08473401009596716,0.10547373384367893,0.09490625173351085,0.053620957452709825,4.243105007435777,0.17324692195269945,0.5025180911675295,0.0547945205479452,0.49637667299725063,0.18781832107331714,0.001947959117935711,202.05527296593607,339.5544805483659,0.0,Kristian,REC_20260519_161001.csv
right,90,loose,109.872,1.1039999999999992,1.0,16802.0,1.260741616611811,31933.898055201465,986.9791666666667,0.4972848967461403,0.3146979260595131,0.48993086865043584,0.19650935795736243,0.39754276152702034,0.4943099886972485,3327.0,1844.1142857142856,-10.100000000000001,348.15714285714284,0.18879369112543382,1.4782608695652173,0.0,1.4782608695652173,1.0895333448391795,-0.3840918641261317,9625517.68624779,8185594.0,2590068.0,4351803.0,3966154.75885165,1518853.1304461898,1437807.913343818,0.055210399107585524,0.07100582548339118,0.03746281606346059,0.0825173525037184,0.045922161626177495,0.09854517848289539,0.15709438522558256,0.10812778879524046,0.09955224343083788,0.10128749380267724,0.08838156916212198,0.05489278631631136,4.2482493905337275,0.17356602608828225,0.5107549581317004,0.057971014492753624,0.4537465559596253,0.2079441228155918,0.0029127190844165807,180.58331410553663,364.5892454551615,0.036950417228131714,Kristian,REC_20260519_161001.csv
right,91,loose,110.992,1.152000000000001,0.013888888888888888,15453.0,1.1131187997783898,28670.93993924859,1609.375,0.8108761640873738,0.3101156069364162,0.4638728323699422,0.22398010990323738,0.375866085294469,0.5959040165260915,3460.0,1834.7397260273972,1.2999999999999972,397.17808219178085,0.2164765261020189,8.0,-1.8028169014084507,6.197183098591549,0.9029108960397798,-0.6896676183339934,8969813.433938356,7850840.0,2849075.0,3271794.0,3814741.3864608305,1655797.5102552557,1381622.2729778134,0.055160673754629075,0.074767052920798,0.03490473061760841,0.07233305459323856,0.04702245848763589,0.08533926651535062,0.15844881137259587,0.12202096523712819,0.09640425277744595,0.11365876239397922,0.10195914466610918,0.037980826663481064,4.12737866707635,0.17838359318272728,0.5006874421659244,0.05555555555555555,0.46085032476012944,0.22152461627302236,0.002157490920153962,699.4214275623383,623.6363236744048,0.03330665599145529,Kristian,REC_20260519_161001.csv
right,92,loose,112.16,1.1680000000000064,1.0,16817.0,1.262383086035459,29854.961832164514,687.5,0.34639370116353835,0.29794933655006034,0.5280458383594693,0.20023052263804345,0.39645571444008215,0.5050514227561621,3316.0,1875.8783783783783,2.799999999999997,362.38513513513516,0.19318157259662141,0.2602739726027397,0.0,0.2602739726027397,1.0217098362093902,-0.5908191885769902,8553385.835478544,7528303.0,1902234.0,3587000.0,3800244.9212108096,1499876.9493697237,1294163.8505710124,0.055995389547239136,0.07129632964737241,0.04140042502611389,0.08053884666642655,0.048647480459604514,0.09854842776357023,0.15148939235673378,0.1120340020891114,0.09742462990310845,0.10667435075460145,0.08819652054893203,0.04775420523718618,3.749978899882151,0.16870900826430002,0.4920960337484796,0.0547945205479452,0.4740258461529384,0.17534231473041006,0.0017242965093334508,783.2115508171079,470.2690471497956,0.033306655991461,Kristian,REC_20260519_161001.csv
right,93,loose,113.344,1.152000000000001,0.0,17243.0,1.3090008176670658,29218.671325027768,700.0,0.35269176845742084,0.30773974714770275,0.5198889916743756,0.20110681841912917,0.3942555825713391,0.5100925067623155,3243.0,1836.6849315068494,8.299999999999997,355.73972602739724,0.19368576500246124,0.0,-0.08333333333333333,-0.08333333333333333,1.0366739901236754,-0.4157933784790999,9129011.902467867,7859392.0,978606.0,4539950.0,3995306.4936604453,1379942.6490397118,1501896.9111449588,0.04999328748937186,0.05942809409448231,0.03142946642998851,0.0842196333477528,0.04391473619833231,0.10326078849624845,0.1616447142707976,0.10982413222154269,0.10343233043452318,0.1122928444636704,0.09128268619758648,0.049277286355703394,3.910259523911737,0.16690521186917104,0.49052371853987387,0.05555555555555555,0.4694583389601161,0.19726029908948078,0.0021218079268038527,935.0643471619159,528.6732854120154,0.009237604307036093,Kristian,REC_20260519_161001.csv
right,94,loose,114.512,1.1680000000000064,1.0,16937.0,1.275514841424644,31184.562414759006,468.75,0.23617752352059432,0.3363914373088685,0.5137614678899083,0.21363996167145774,0.3644405560416059,0.5862134664473692,3270.0,1946.1891891891892,2.6000000000000014,401.56756756756755,0.2063353191962116,1.3150684931506849,0.0,1.3150684931506849,0.8747652147674623,-0.702250986433175,9144377.006890409,8046316.0,2331061.0,3666413.0,3896994.927417001,1398275.1021928063,1304594.119739466,0.05250038189670736,0.05975641933647183,0.030704495271424406,0.08065658459359247,0.04328625588468108,0.0913358052465664,0.18778902637170353,0.11796442111402743,0.08940549098029413,0.1084100598536294,0.09567554055743033,0.042515518893471646,3.8345214765733258,0.1742749438160658,0.49382689361005155,0.0547945205479452,0.46055029885753757,0.19293513421473457,0.0014892117958609952,219.66337883226618,130.054075291787,0.009237604307036093,Kristian,REC_20260519_161001.csv
right,95,loose,115.696,1.1680000000000064,0.0,15070.0,1.0712066138279077,28352.847387872705,468.75,0.23617752352059432,0.32795541214432383,0.4614256380170138,0.2364584006375051,0.3426589993754173,0.6900691389052783,3409.0,1882.337837837838,0.5,430.5472972972973,0.22873008693904215,0.0,-1.1369863013698631,-1.1369863013698631,0.5941884078997876,-1.243246952455805,9185368.566000931,7683462.0,3329215.0,3775147.0,3643678.8137220675,1652919.2428995965,1409258.1129584955,0.05493456239724896,0.06708879843208201,0.040985548448235015,0.07102295161996654,0.04149526537586239,0.07999684119087104,0.16095568334374302,0.12445707968096027,0.0830551427566353,0.12923118893268146,0.11200132095654483,0.0347756168651691,3.8326309232637827,0.17237443314987808,0.4994268191897462,0.0547945205479452,0.46748127299297465,0.18693025888792025,0.0019646380022503925,1176.2407633360367,133.51224975010834,0.009237604307036093,Kristian,REC_20260519_161001.csv
right,96,loose,116.88,1.152000000000001,1.0,16123.0,1.186437767368006,29590.394285984094,710.9375,0.35820257733956806,0.3153206650831354,0.48604513064133015,0.20873503958755293,0.369449456821948,0.5649894342322627,3368.0,1859.9315068493152,6.900000000000006,373.8150684931507,0.20098324433805928,0.2638888888888889,0.0,0.2638888888888889,1.0511830886258835,-0.3901832447996858,9152291.515177933,7920478.0,2014633.0,4119675.0,3803417.1645144927,1619170.720387722,1508178.94942959,0.0627361443564721,0.08053028908120051,0.047748112686429756,0.08052292395507273,0.048911802614619776,0.07972749033327195,0.15440250414288345,0.11228134781808138,0.07975695083778309,0.11790830417970907,0.09645369176947154,0.0390204382250046,3.7951787114080804,0.15110079196385545,0.48015503870736354,0.05555555555555555,0.4588024323989019,0.1985295261858713,0.0021202207617870535,936.0461170975198,139.82701831936947,0.009237604307036093,Kristian,REC_20260519_161001.csv
right,97,loose,118.048,1.0879999999999939,1.0,17444.0,1.3309965079439507,30370.002979914243,796.875,0.40150178998501035,0.35119047619047616,0.47534013605442177,0.21051738761662428,0.3748322923895443,0.5616308730346674,3528.0,1879.5652173913043,12.799999999999997,379.0144927536232,0.20165008867298945,2.6176470588235294,0.0,2.6176470588235294,1.1372106771836947,-0.037379586824059174,9035529.976583222,7809301.0,2059837.0,4051258.0,3911675.2983869086,1239146.4350709794,1709375.3372473451,0.056889505744467585,0.06870229007633588,0.040057059141028604,0.078764746703678,0.04262472048731591,0.09134860050890585,0.16294240111034003,0.11680931451923819,0.09339193461330866,0.1112884570899838,0.09370807309738607,0.04347289690801141,4.279987335619168,0.17424504610414315,0.511459518171571,0.058823529411764705,0.4193741865199779,0.210116792785802,0.0017772699627142197,1189.5185300504334,170.14996066583453,0.042332020977039274,Kristian,REC_20260519_161001.csv
right,98,loose,119.152,1.1839999999999975,0.0,13874.0,0.9403267851156973,27881.079283270225,1484.375,0.7478954911485487,0.3240593534711182,0.4692633810280869,0.2298011112557464,0.37061954905762495,0.6200458444238668,3774.0,1946.1466666666668,9.5,431.61333333333334,0.22177842026294695,0.0,-1.4054054054054055,-1.4054054054054055,0.9467075183117517,-0.6524904937169285,8824077.150579203,7363369.0,3808133.0,3023782.0,3697481.0115983346,1672369.4869652234,1366038.1740881265,0.05223313076780784,0.07510225334164605,0.03629051595974267,0.07341687163009296,0.054685840738279395,0.08336473441535752,0.15501401059187042,0.12303971608854421,0.08404984893224901,0.1131192578839553,0.10676139516720219,0.04292242448325237,3.838755882295943,0.17089170622916477,0.49329402274475687,0.05405405405405406,0.4433251635687241,0.2173763225959008,0.0011801268163032861,1804.9903970197022,423.9196209803036,0.0488808074128644,Kristian,REC_20260519_161001.csv
right,99,loose,120.352,1.1359999999999957,0.0,15912.0,1.1633477641420225,29917.845594226867,587.5,0.2960091628124782,0.3211615871190339,0.4787234042553192,0.2120552698055209,0.3678592080835134,0.5764576912726435,3478.0,1825.388888888889,0.3999999999999986,372.40277777777777,0.20401284353410232,0.0,-1.6901408450704225,-1.6901408450704225,0.9773526456608717,-0.6259145787316944,8907638.279984713,7993782.0,2365270.0,3138625.0,3945356.849603934,1693601.3311994902,1389164.8122437363,0.05663937669294214,0.06516115287457772,0.03973278144687585,0.08499710868308123,0.04416867029856651,0.0837188422558359,0.16158657211553093,0.1135298414340932,0.08981343397145206,0.11772225096630855,0.0985254283714277,0.04440454088930822,4.1017019427123405,0.1872106525017106,0.5157725610705325,0.056338028169014086,0.47564046561657924,0.2011617729412723,0.0019739448205927136,1790.9665919087777,469.19770286628756,0.048000000000001555,Kristian,REC_20260519_161001.csv
right,100,loose,121.504,1.1679999999999922,0.0,15462.0,1.1141036814325787,31065.508494148296,1101.5625,0.5550171802733966,0.32564185895352615,0.547611309717257,0.21769420377559,0.3794851736505734,0.5736566772322116,3077.0,1831.1081081081081,0.7000000000000028,385.3310810810811,0.21043600832460038,0.0,-0.5068493150684932,-0.5068493150684932,0.9812947535423019,-0.6040913993975114,8790091.102169648,7709119.0,1225395.0,4041484.0,3908337.977324278,1379597.110365571,1304531.777872919,0.05256748977874865,0.06343817803427255,0.03356408023497808,0.07930510250771207,0.04352703281132382,0.0974376761966613,0.1602116573925108,0.12031556729789966,0.09577718410060368,0.1090537409041933,0.09737863647769036,0.04742365426340571,3.7462935890673217,0.16535632914826356,0.49865342693307735,0.0821917808219178,0.4659506398779364,0.16594440879277603,0.0019330412522147924,1070.6452882880228,450.0352633752724,0.02444040370643103,Kristian,REC_20260519_161001.csv
right,121,loose,146.448,1.2319999999999993,0.012987012987012988,15960.0,1.1686004662976963,26179.802997730905,515.625,0.2597952758726537,0.3353623188405797,0.5463768115942029,0.2321916394497529,0.3459866687711715,0.6710999596432484,3450.0,2111.871794871795,7.0,476.8205128205128,0.2257809938928888,26.0,-2.3157894736842106,23.684210526315788,0.5181482408845858,-1.4160406539130022,8454239.667314086,7398799.0,1207069.0,3908315.0,3566466.0869679796,1147210.1996308602,1079092.5689941584,0.05824824253609023,0.07556184208928766,0.040017969233757875,0.0731092845088207,0.04807984167648094,0.07905855784757718,0.1817442298119301,0.12583320180177993,0.07017714264900501,0.11383145344390078,0.106358437647973,0.027979796753396548,3.358407561474592,0.1283042500097872,0.4607528479398764,0.07792207792207792,0.42298385570304775,0.1439173935818623,0.0009942234145544555,1400.0304758587802,934.5004096441053,0.05619015334854492,Kristian,REC_20260519_161001.csv
right,122,loose,147.696,1.1839999999999975,1.0,15238.0,1.0895910713727668,29412.544551602467,1687.5,0.8502390846741396,0.3063087991145545,0.5594908688433868,0.20493928844904025,0.37605127182173265,0.5449769853349382,3614.0,2072.0933333333332,19.400000000000006,410.48,0.19809918472140897,1.1891891891891893,0.0,1.1891891891891893,1.003052504202212,-0.5181229165228589,8556268.106934588,7441560.0,1500285.0,3947411.0,3850342.701125561,1166573.4493075577,1217024.179675505,0.056837851576827296,0.07169561216676212,0.03764952672659533,0.0838314876421268,0.05093721647030057,0.08998307669538697,0.1849659281756935,0.11498838533656786,0.07960387884715618,0.10312276795768531,0.0899509031124724,0.0364333652924257,3.979920193714223,0.19633433077380022,0.5037170575913589,0.08108108108108109,0.4864334208229257,0.192146794714638,0.0027131869526930297,1453.6946034157338,595.0506587327958,0.05619015334854492,Kristian,REC_20260519_161001.csv
right,123,loose,148.896,1.2160000000000082,0.0,16568.0,1.2351346936029002,28997.426506502263,450.5208333333333,0.22699284205034898,0.29064296915838994,0.5807631991636174,0.20393595691261987,0.38457015516866283,0.5302958489405881,3826.0,2208.7402597402597,0.0,436.1948051948052,0.19748578551563153,0.0,-0.39473684210526316,-0.39473684210526316,0.6662351856361391,-1.2178148845922432,8287670.848833826,7093367.0,1737300.0,3918089.0,3742727.3512152955,1131184.756370294,1064531.957758504,0.055440898908115925,0.07547347315564493,0.07670823705114863,0.080130296990116,0.05781634944994208,0.09231918058715963,0.14704862029834248,0.11288093936133307,0.07883085498580021,0.10088021026265191,0.0910550175512868,0.031415921398458314,3.876083731493492,0.15528851250284043,0.5043241541423812,0.07894736842105263,0.4901997884247573,0.13549102900195034,0.0014244373920005106,665.8137877815541,696.1378008830496,0.024440403706432582,Kristian,REC_20260519_161001.csv
right,124,loose,150.128,1.184000000000026,1.0,14764.0,1.037720637585486,27420.656246705694,1320.3125,0.6652333579163406,0.32087135707977626,0.5861053871062702,0.21942743236331685,0.3690740036457582,0.5945350531207656,3397.0,2033.4133333333334,-21.900000000000006,431.74666666666667,0.21232607241682294,0.1891891891891892,0.0,0.1891891891891892,0.7108269807833736,-1.175822773049023,8448482.33710138,7556403.0,1423316.0,3500257.0,3777063.873197015,1290550.1748513228,1111710.613787398,0.06026648131876779,0.08090829213276855,0.04576869106789241,0.0773149908856045,0.05382083327869067,0.08317705532897066,0.15623647594193016,0.11551676655344707,0.07385283201972381,0.11097268304197867,0.10391066580986977,0.03825423262035592,3.843744713688771,0.18012150195940646,0.5147610330465978,0.08108108108108109,0.4455188379074592,0.15939028944569886,0.0017481748486293189,935.2354427273148,635.2796841190493,0.01847520861406529,Kristian,REC_20260519_161001.csv
right,125,loose,151.328,1.1519999999999868,1.0,16238.0,1.1990223662826416,28203.694687044106,1583.3333333333333,0.7977551905584519,0.3386441736957201,0.5570134333020931,0.23193964695162006,0.359907323034323,0.644442699847951,3201.0,1939.2739726027398,6.5,434.9657534246575,0.22429309090395358,0.041666666666666664,0.0,0.041666666666666664,0.6763477327083028,-1.1318080278152214,8754149.582232302,7897265.0,1728748.0,3358537.0,3865661.397310047,1476064.4390125093,1264824.5877699899,0.055698008716720704,0.07398616909307959,0.04298318110859169,0.07602054151038024,0.04874017249782788,0.08704005877075872,0.15455579336992378,0.1228888088325669,0.07412038116227652,0.11605812088975537,0.10905083811905315,0.03885792592906539,4.131891795747894,0.19023188471743077,0.512789850747646,0.05555555555555555,0.4555966708463433,0.20091672590449794,0.0012106620408413602,960.5547008543313,592.871776795848,0.03200000000001031,Kristian,REC_20260519_161001.csv
right,126,loose,152.496,1.1839999999999975,0.0,15472.0,1.1151979943816774,27022.088316782625,829.8611111111111,0.4181216897883114,0.3415826458906202,0.5795905896730827,0.23465411396038333,0.3638236227704651,0.644966679659773,3273.0,1974.2533333333333,-2.0,448.6333333333333,0.2272420290540221,0.0,-0.5540540540540541,-0.5540540540540541,0.6917623193035897,-1.0913418976298224,8369693.02588721,7503868.0,1595580.0,3346319.0,3771723.510799862,1393411.7512204777,1243112.5132920868,0.050976234053042836,0.06781297908407566,0.03892779717564109,0.07878083866305574,0.04314880224760078,0.08882345393026225,0.15415785883608318,0.1259615449553924,0.0852575488454707,0.11705353585152868,0.10869256900499091,0.04040683735285576,3.914069708158812,0.17943449200158834,0.5073248496148155,0.05405405405405406,0.4857503763735419,0.19100592968323504,0.0012540706511654477,737.1901609037908,382.41402373407175,0.018475208614081817,Kristian,REC_20260519_161001.csv
right,127,loose,153.696,1.1999999999999886,0.0,14926.0,1.0554485073608857,27899.84123610742,434.375,0.2188578384624174,0.3472882968601332,0.582302568981922,0.22762636660755176,0.35112895883020434,0.6482699899363482,3153.0,1936.4605263157894,-0.8999999999999986,426.88157894736844,0.220444245129815,0.0,-1.0133333333333334,-1.0133333333333334,0.6343814022863364,-1.192554641142063,8604357.530773172,7703010.0,1633453.0,3468492.0,3844374.134243329,1179701.6173892934,1163828.6237558676,0.0466735973799186,0.06639895088026852,0.03650175646017219,0.07178724069279954,0.04500207241915867,0.09001093965523099,0.18786989284573727,0.1228434949820277,0.07792975518274661,0.1108982068478165,0.10478287162552406,0.03930122102859939,3.638449468360823,0.13527881288578678,0.4798467038476854,0.08,0.4901881743412463,0.1754659675299337,0.0007334779839260022,659.0670173308299,583.7001092853534,0.024440403706432655,Kristian,REC_20260519_161001.csv
right,128,loose,154.912,1.103999999999985,1.0,7958.0,0.2929312444288777,30407.57394137191,1125.0,0.5668260564494264,0.3477851083883129,0.5322023248507697,0.2223211523515608,0.36684046510575047,0.6060431536285162,3183.0,1893.2714285714285,6.700000000000003,405.65,0.21425876600593077,1.1159420289855073,0.0,1.1159420289855073,0.8860689490650003,-0.7684395802128532,9018562.926279608,8144055.0,1347568.0,3632204.0,4149761.0933218007,1469417.7204721342,1374263.3990065302,0.04615593568200168,0.06769839054093822,0.030566894792837796,0.07373480521244406,0.043756460850078095,0.09294569490451146,0.18302409284005766,0.12330886070218594,0.0887051135977786,0.10839137094522709,0.09901229164937486,0.04270008828256457,4.5498561519508485,0.2016454080674333,0.5439885217538801,0.08695652173913043,0.4908104680951644,0.25591446190860534,0.0016991075424078988,4189.497503679096,346.52540032955875,0.051432804058632764,Kristian,REC_20260519_161001.csv
right,129,loose,156.032,1.1519999999999868,0.0,15022.0,1.0659539116722336,29184.915778531897,1250.0,0.6298067293882516,0.3236151603498542,0.5370262390670554,0.21429761706382272,0.39810031661389766,0.5383005441600216,3430.0,1890.7260273972602,13.099999999999994,390.3424657534247,0.20645109872992184,0.0,-0.75,-0.75,0.9857759165653696,-0.566553206064385,8785813.68964133,7756766.0,1512502.0,3838677.0,4022616.6609467426,1452560.3758525178,1263609.179707549,0.04880346029284975,0.07569028350347407,0.03608094303123392,0.07853038986255914,0.04923817044985256,0.09719394593654682,0.152235496982387,0.11810350448838237,0.09744752686146511,0.10527230968751586,0.09619411257544033,0.045209856328293115,4.12298982932003,0.1909547612220475,0.5165386777224708,0.08333333333333333,0.4615631800430227,0.21984443301407505,0.0017201268445965045,4050.973874679196,439.28578990030445,0.04800000000000154,Kristian,REC_20260519_161001.csv
right,130,loose,157.2,1.1839999999999975,0.013513513513513514,16247.0,1.2000072479368304,28992.340281529534,1437.5,0.7242777387964893,0.32428355957767724,0.5297134238310709,0.2258878518072462,0.36539205987354295,0.6182067883059374,3315.0,1859.92,1.7999999999999972,406.37333333333333,0.2184896841441209,1.0,-1.1643835616438356,-0.1643835616438356,0.7378810464301659,-1.071368589877828,8728737.18429264,7837401.0,1776396.0,3407406.0,3994279.8995772554,1435905.2445582107,1268503.2847626887,0.05561529528151748,0.06712116650178503,0.037643196123130745,0.08282793525169542,0.04306995282951238,0.09106484866732618,0.16367729077953175,0.12202675383887479,0.08130815662322394,0.11345290836881872,0.1038610979683714,0.038331397766212166,3.674494292802533,0.15298185582924984,0.49052050133748354,0.05405405405405406,0.47706708165858214,0.17790655073666814,0.0014956442155399693,4474.152470952837,157.28821740147595,0.040265783654782894,Kristian,REC_20260519_161001.csv
right,131,loose,158.4,1.1680000000000064,1.0,17138.0,1.297510531701529,29587.942865295656,562.5,0.2834130282247132,0.3310104529616725,0.539436173582515,0.2301717948903892,0.35450372379384615,0.6492789199131012,3157.0,1863.472972972973,-0.09999999999999432,414.9662162162162,0.22268432235654148,0.3424657534246575,0.0,0.3424657534246575,0.6050701193415312,-1.304824621077247,8825398.093579745,7899709.0,1620014.0,3585778.0,3944633.360389866,1304452.0821238935,1279868.9992438683,0.0543956721320986,0.06656417471010972,0.04040697041995112,0.07575219185333981,0.04396034721567547,0.08987867756368884,0.16505797805608535,0.12585480467305307,0.0783483324510323,0.12129342915364366,0.10431699021733613,0.03417043155398595,3.8798276364006328,0.17428441593867536,0.49793070281281954,0.0547945205479452,0.48508826728485627,0.19349084381025325,0.0014665437622232093,1062.3842682068234,460.6946747395005,0.01600000000000437,Kristian,REC_20260519_161001.csv
right,132,loose,159.584,1.1680000000000064,1.0,16075.0,1.181185065212332,29608.51791292499,1093.75,0.5510808882147201,0.3383600377002828,0.528746465598492,0.23175096225268418,0.3619645710941544,0.6402586903789694,3183.0,1801.0945945945946,7.5,402.9662162162162,0.22373406562075615,0.2328767123287671,0.0,0.2328767123287671,0.7616132735952642,-0.9987721721699403,8824605.699438473,8008443.0,1544267.0,3369532.0,4022706.758185642,1332104.4691196817,1195237.3705411018,0.049241827417261276,0.06754151004269175,0.034145902266639654,0.07415160450476813,0.04416233371598353,0.08940509149841314,0.16236372776314706,0.1272874603281788,0.08670403133229793,0.11738357305242307,0.10446350192450536,0.043149436153690324,3.989605192071292,0.16921348345167722,0.5215416394621523,0.0547945205479452,0.4821972884465557,0.15029729627756416,0.0014634236958356824,570.5894612883632,440.8354993645599,0.009237604307027235,Kristian,REC_20260519_161001.csv
right,133,loose,160.768,1.1839999999999975,0.0,16104.0,1.1843585727647183,29307.460722484982,1937.5,0.9762004305517898,0.33969346262120736,0.5968095089146075,0.24328375983355635,0.351682299948862,0.6917714080821489,3197.0,1903.3466666666666,12.0,448.78,0.23578468802320124,0.0,-0.4189189189189189,-0.4189189189189189,0.6069265571829593,-1.2820755108031223,8893294.77559324,8068308.0,1871691.0,3238807.0,3976346.411676527,1395592.4628148105,1254417.6754707177,0.05504689984658601,0.07361769794957654,0.03845857472101772,0.07427618720709488,0.05113099032581208,0.07859139340530015,0.1559848967783063,0.12711644752050774,0.07406603106107838,0.12369790754530617,0.1161673123130486,0.031845661326365494,3.856909811160179,0.1766537558486492,0.49539186016371933,0.05405405405405406,0.45251083206971654,0.15626908134180834,0.00151605480507229,605.5253917054271,693.3933016934429,0.009237604307027235,Kristian,REC_20260519_161001.csv
right,134,loose,161.968,1.1839999999999975,0.0,15127.0,1.0774441976377707,28391.41570968239,890.625,0.4487372946891292,0.35877342419080066,0.6248722316865417,0.23530482521606802,0.36835322299968687,0.6388021348083038,2935.0,1831.2133333333334,5.200000000000003,417.14,0.2277943221616269,0.0,-0.581081081081081,-0.581081081081081,0.7163951213460685,-1.1491797635193308,8774882.34092589,7773871.0,2311514.0,3349984.0,3988830.6393971303,1390284.0291240285,1171295.818257296,0.04737114190227245,0.06314938729148616,0.03134533751756577,0.07768983770323502,0.04113848013339061,0.09099977428444528,0.15891831281263424,0.12613858935059452,0.09537574358712984,0.11619982379624438,0.10916623586547353,0.04250733575552821,3.947786591603333,0.18307957329053304,0.5120305247705165,0.05405405405405406,0.47293715369483225,0.18603451019057257,0.0016360307071707262,555.888777844403,555.1457907237825,0.009237604307027235,Kristian,REC_20260519_161001.csv
right,135,loose,163.168,1.2319999999999993,1.0,13984.0,0.9523642275557835,27159.301850378997,531.25,0.2676678599900069,0.3404392764857881,0.6010981912144703,0.22866059321745172,0.35539217356346114,0.6434035699896431,3096.0,1881.525641025641,-1.5,417.13461538461536,0.22170020237259722,0.8441558441558441,0.0,0.8441558441558441,0.6560844327943341,-1.1181433221350983,8145748.982486264,7169114.0,1764178.0,3441614.0,3752040.1141238967,1192432.6694273097,1117570.1297266488,0.05285536151104872,0.07064643394953632,0.0370880150450739,0.07718095653418189,0.04315237907044883,0.08235270068615894,0.16718565811977457,0.12530066299170747,0.0820597033231352,0.119563365790173,0.10335993022574425,0.039254832753016854,3.749196600329943,0.14418191429246938,0.4970977517553091,0.07792207792207792,0.4719893065525409,0.10543156374278682,0.0011108953944012777,1061.0826232359775,730.5975543747282,0.02771281292110249,Kristian,REC_20260519_161001.csv
right,136,loose,164.416,1.1839999999999975,0.0,14481.0,1.0067515811259915,27744.97370696177,2119.791666666667,1.0680472452542433,0.32796032238065714,0.5985740855548667,0.24816767033364392,0.3401040290391221,0.7296816536822522,3226.0,1917.4133333333334,0.5999999999999943,462.1,0.241001766268445,0.0,-0.7432432432432432,-0.7432432432432432,0.5856389206739938,-1.3432904204512308,8922546.790881682,7929030.0,1551597.0,3786142.0,3931001.237766862,1279015.4733076359,1394048.935399933,0.055720901770440735,0.06771622880825556,0.042717271880171895,0.0688218850395672,0.044497447950711366,0.07916220463680235,0.15940225025381416,0.1287915664158658,0.07990626260378565,0.11893801371291879,0.11937610391777811,0.034949863009888324,3.6362524579319517,0.15973396432713005,0.47186213277513667,0.08108108108108109,0.44528193784100983,0.1486651541274455,0.0012758996368388668,573.1163349036065,833.0131763469252,0.02771281292110249,Kristian,REC_20260519_161001.csv
right,137,loose,165.616,1.1999999999999886,1.0,16587.0,1.2372138882061878,28822.633224603196,1403.6458333333335,0.7072204732088908,0.3434343434343434,0.6298468556533072,0.23241438559484812,0.36008688910463715,0.6454397330944436,3069.0,1883.828947368421,-5.600000000000001,424.3486842105263,0.22525860684077081,0.7866666666666666,0.0,0.7866666666666666,0.7160756571215711,-1.0807881677980573,9368090.471112777,8181929.0,2437352.0,3857003.0,4031839.998020538,1242849.1390915883,1311055.9637201633,0.05531148067695273,0.070007194194355,0.04139106383275943,0.0748545445655894,0.046203490930425854,0.08454924530805819,0.15869833974757458,0.1246271940546619,0.08447241410620865,0.11606400737579538,0.1077871915401862,0.03603383366743265,3.475333583580931,0.1297924533226275,0.46863117116603314,0.08,0.4467681578624636,0.15344872267999168,0.0012262386992733297,1381.8980907915538,795.5505401244861,0.024440403706432412,Kristian,REC_20260519_161001.csv
right,138,loose,166.832,1.200000000000017,1.0,15955.0,1.168053309823147,28436.326573592447,853.125,0.4298430928074817,0.3435331230283912,0.6309148264984227,0.24022217564451895,0.3509187451966743,0.6845521333137151,3170.0,1883.2894736842106,4.799999999999997,438.25657894736844,0.23270802766715573,0.36,0.0,0.36,0.6273137019843388,-1.242054778534651,8929616.870266551,7965682.0,2008524.0,3500257.0,3922537.131839201,1108298.7460958543,1269762.0169834173,0.05230210298330189,0.0662893872703137,0.030021658632012855,0.07797806190176762,0.04796338992524279,0.08114301683783973,0.1643750436665968,0.12482358694892753,0.07754488926151051,0.1285544609795291,0.11539858869559141,0.03360581289736603,3.5639792222420694,0.13310238233147106,0.4804653148613261,0.05333333333333334,0.423538767327996,0.12413922081085407,0.0007575505035263624,1080.6892862119719,635.1354825257323,0.009237604307035274,Kristian,REC_20260519_161001.csv
right,139,loose,168.048,1.1999999999999886,0.0,14955.0,1.0586220149132721,27750.43893346554,885.4166666666666,0.4461130999833448,0.351875808538163,0.574385510996119,0.2537438609209862,0.3345416035878519,0.7584822282169231,3092.0,1851.2763157894738,0.7999999999999972,455.67105263157896,0.24613886578960462,0.0,-0.48,-0.48,0.5471094121487996,-1.4364628209944237,8531060.067974789,7637037.0,2307848.0,3021339.0,3855355.7128144647,1248037.6861866335,1171226.2141144401,0.05435083903707968,0.05899912578093349,0.031635358252130465,0.07784814175142328,0.04030647419632259,0.07922699133599154,0.1631804516087763,0.1317085652146101,0.07816087052318102,0.12626424159719113,0.12203529570637611,0.03628364499598428,3.5339800678512954,0.12084759497555855,0.4698121120474843,0.08,0.4870777872300793,0.14015498238953147,0.0016277135357531376,822.8859783307411,308.94374052410984,0.0,Kristian,REC_20260519_161001.csv
right,140,loose,169.264,1.1839999999999975,0.0,14922.0,1.0550107821812462,28214.399674634227,747.9166666666667,0.37683435975063717,0.35383597883597884,0.6170634920634921,0.24079495470302076,0.3575111421829939,0.6735313289324022,3024.0,1830.88,-11.299999999999997,426.88666666666666,0.23315928223950594,0.0,-0.581081081081081,-0.581081081081081,0.7175546540447987,-1.1906446394666572,8358897.152023645,7740884.0,1435533.0,2808758.0,3868200.004501678,911421.5239456226,950849.2113233424,0.05106469748609048,0.07263538116461302,0.03792711701476885,0.07105508462233097,0.04566110285764222,0.0825978036062804,0.1574033615893268,0.12923475778496316,0.08556176993212736,0.11703661627195665,0.11156019691805762,0.03826211075184246,3.6274117164487367,0.12394564187220701,0.45835098504156974,0.05405405405405406,0.4951170282073377,0.15054056610236138,0.0015048440853380066,587.1084510832231,71.90015662812685,0.009237604307035274,Kristian,REC_20260519_161001.csv
right,141,loose,170.464,1.1999999999999886,0.0,15501.0,1.1183715019340639,30014.561149548732,890.625,0.4487372946891292,0.32923368022705773,0.6152633238725954,0.21387923619473592,0.36939274040942716,0.5790022726417793,3171.0,1912.171052631579,9.399999999999999,395.42763157894734,0.2067951143987614,0.0,-0.38666666666666666,-0.38666666666666666,0.8799681218735863,-0.8382794166257805,9500423.886550378,8219802.0,3083647.0,3630982.0,4031011.102663396,1288225.3614093757,1152321.8846387872,0.05613624634440048,0.06997419576810597,0.04968862893514536,0.07880956476862205,0.045683812145191814,0.08676414932048856,0.15621537932220886,0.11543093067263031,0.08816101840701875,0.11082057457423018,0.09844830552210562,0.04386719421985206,3.6287090899348837,0.1277831778813199,0.48112647494874994,0.10666666666666667,0.4732543395557904,0.14709668941825862,0.0016834663175679795,325.17841256763717,80.93108708328639,0.009237604307027037,Kristian,REC_20260519_161001.csv
right,142,loose,171.68,1.1999999999999886,1.0,14673.0,1.0277623897486874,28695.082174477215,484.375,0.24405010763794746,0.3143283582089552,0.6083582089552239,0.2321130814416085,0.3652314696297731,0.6355232249744582,3350.0,1901.75,21.4,427.8092105263158,0.2249555464841939,0.49333333333333335,0.0,0.49333333333333335,0.6818641700318101,-1.2892427592647773,8682696.821028015,7952243.0,2258979.0,2654820.0,3973870.0061000837,1337218.4793147007,1022887.0442861626,0.04958729148360582,0.06347339361945023,0.02781371728255831,0.0845343278005715,0.04933821341838888,0.09069209107954586,0.15830986695080015,0.12494724388202003,0.07719344371181668,0.11797997689109062,0.10716583755958847,0.04896459632056347,3.7446711869401126,0.15010066596546967,0.4970285455211006,0.05333333333333334,0.4509224731340715,0.13731699079428678,0.0011713656736461525,424.8187848954051,206.09825366081654,0.009237604307027037,Kristian,REC_20260519_161001.csv
right,143,loose,172.896,1.200000000000017,0.0,14663.0,1.0266680767995886,28225.39090960478,951.5625,0.47944037274680645,0.3564290473017988,0.6215856095936043,0.2380579314310357,0.3759074247107022,0.633288718928334,3002.0,1830.657894736842,5.100000000000001,422.4144736842105,0.23074462732696038,0.0,-1.4,-1.4,0.6830091761064885,-1.2394163290902056,8532529.68922775,7775092.0,1959655.0,2917492.0,3894232.4999537566,1088353.7922146434,903457.9411264659,0.04646733271041472,0.06782864946452957,0.0292532164163013,0.0733558542370445,0.05159203622511321,0.09414935671673974,0.15906705958456122,0.13021634442607632,0.0889815280672752,0.11229066340832315,0.1078415870049594,0.038956371738661684,3.736515457958651,0.1493129234613317,0.4912417985632374,0.08,0.4433545285256314,0.1460101832210638,0.0013562529519572874,480.9587646912588,253.97394930796432,0.0,Kristian,REC_20260519_161001.csv
right,144,loose,174.112,1.2480000000000189,1.0,14103.0,0.9653865516500587,27781.32266469687,958.3333333333333,0.4828518258643261,0.34215686274509804,0.6022875816993464,0.2190508382909681,0.3800162249864792,0.5764249626406187,3060.0,1872.4050632911392,13.100000000000001,397.32278481012656,0.2121991617090319,0.8589743589743589,0.0,0.8589743589743589,0.8214894173245919,-0.9261168661346666,8536534.91859279,7729888.0,2025629.0,3003013.0,3906099.763456089,1227744.282308629,1183167.5927022295,0.05113574905354246,0.06888182801514332,0.033957544618712816,0.08088831800973499,0.04521362898864251,0.09207679826933478,0.1549283396430503,0.11803001622498649,0.09295565170362358,0.11383856138453219,0.10102082206598162,0.04707274202271498,3.406099780218519,0.131439192750307,0.4769351617930242,0.07692307692307693,0.46616299543535433,0.12602273031485023,0.0009784648018334651,326.24121954980063,271.70649178736824,0.027712812921110663,Kristian,REC_20260519_161001.csv
right,145,loose,175.376,1.1999999999999886,0.0,13663.0,0.9172367818897137,27148.08844099341,789.0625,0.3975654979263338,0.3378162023695165,0.6135126480947807,0.23813438446350907,0.35210050378364705,0.6763250319274545,3123.0,1872.671052631579,9.399999999999999,432.4144736842105,0.23090786450538564,0.0,-0.7066666666666667,-0.7066666666666667,0.6167181325566191,-1.3272880546562282,8351783.817487734,7562511.0,1541823.0,3191160.0,3904848.096008583,1111334.2925072047,1182753.6303503232,0.05628745880848493,0.07426768688124899,0.032363005276729695,0.07708522164372589,0.048516402830182055,0.07731708859425392,0.16287599333909486,0.12540488887952053,0.0749141038342362,0.1225100651335343,0.11272949558398854,0.035728589195000104,3.9079665114949056,0.1508652990799809,0.4853343192164065,0.08,0.5006308562018724,0.15289565429073831,0.0015939972931667415,501.1985634456745,95.83380510150026,0.027712812921110663,Kristian,REC_20260519_161001.csv
right,146,loose,176.592,1.2319999999999993,1.0,14539.0,1.0130985962307641,28011.80129873836,1322.9166666666665,0.6665454552692328,0.32535121328224775,0.6044061302681992,0.22984874593145702,0.37080495610076314,0.6198642767565031,3132.0,1874.923076923077,13.400000000000006,417.97435897435895,0.22292880391674189,0.18181818181818182,0.0,0.18181818181818182,0.6403167683689025,-1.2095538563671964,8426646.344062448,7689571.0,1620014.0,3042108.0,3904544.7129072193,1090282.249370901,1086417.4657068972,0.05538004977982002,0.07972292880391675,0.03410054429583436,0.07632449878285606,0.04724980170126638,0.08499493996334893,0.1597330488772189,0.1243059544323186,0.08251278684937502,0.11330379365991083,0.10554279149913842,0.036828861354995766,3.469097642219831,0.13131476819722357,0.48866280915749316,0.07792207792207792,0.43096814825228663,0.12151399123033958,0.0017524314926059207,438.00152206737977,272.8167557260032,0.024440403706444794,Kristian,REC_20260519_161001.csv
right,147,loose,177.84,1.2479999999999905,0.0,14146.0,0.9700920973311833,26988.730407338542,1126.674107142857,0.567669547604857,0.31577335375191423,0.6333843797856049,0.2587270173646578,0.34927221654749746,0.7407603728740902,3265.0,1982.7848101265822,6.600000000000001,500.0886075949367,0.25221527068437183,0.0,-0.28205128205128205,-0.28205128205128205,0.3505259824530418,-1.3742468861645778,8702292.023296678,7922922.0,1982868.0,3004235.0,3941219.4624209316,1198259.8093387703,1046209.1997032212,0.04899770173646578,0.07395939734422881,0.037040347293156285,0.07051838610827375,0.050734167517875385,0.07896450459652707,0.15296220633299284,0.13190755873340143,0.07509576098059245,0.11558988764044945,0.12681945863125638,0.037410623084780395,3.119432392703114,0.12490732129805983,0.4628419920913864,0.07692307692307693,0.4307935693908459,0.11893415508763477,0.0006360648976226365,438.7698713448862,270.02870548437465,0.024440403706432412,Kristian,REC_20260519_161001.csv
right,148,loose,179.104,1.2319999999999993,1.0,14716.0,1.032467935429812,27285.39547083751,1069.1964285714284,0.5387096846017365,0.34122607849497244,0.6185533571196886,0.2619928206243881,0.3476966169911889,0.75350983535922,3083.0,1885.7435897435898,-21.400000000000006,480.86538461538464,0.25500040791906886,0.6103896103896104,0.0,0.6103896103896104,0.47753644190898625,-1.404141744668711,8650792.679502672,7915591.0,1984090.0,2871066.0,3936723.9694178537,1076353.3350991532,956681.3644121436,0.04969813988904601,0.07526106820406832,0.03391167192429022,0.06627325138692483,0.051003480909387576,0.07744343522245187,0.15585227890786468,0.13916838899162406,0.07771538126835635,0.11750108778418361,0.12282443163276405,0.0333473838790384,3.3995068882925787,0.12389352390101215,0.4685766655050984,0.07792207792207792,0.4746351028438208,0.13082333646169936,0.0009770524363806302,291.7413237784596,133.03432196337067,0.009237604307027037,Kristian,REC_20260519_161001.csv
right,149,loose,180.352,1.1999999999999886,0.0,14309.0,0.987929398401493,27008.707984648212,1171.875,0.5904438088014858,0.334610472541507,0.5932311621966795,0.2586289615089374,0.3321773220747889,0.7785870507147449,3132.0,1919.7894736842106,27.700000000000003,482.82894736842104,0.25150098695032347,0.0,-0.21333333333333335,-0.21333333333333335,0.4663082412689037,-1.4590563740839744,8669211.90312499,7937582.0,1629788.0,3081204.0,3885561.833853214,1205246.946831522,1275281.851765082,0.05245915122272179,0.06118406623533282,0.03892970720473736,0.06999122710823555,0.04191797346200241,0.0792850093211975,0.15678117118105056,0.13637049018532732,0.0797990459480206,0.1211207369229082,0.12225847132361004,0.03990294988485579,3.3502741780480054,0.11986051336771064,0.4510327384261108,0.05333333333333334,0.43587820302801505,0.11846344593840981,0.0010490429210423511,293.57508976979193,51.46146338063434,0.024440403706432412,Kristian,REC_20260519_161001.csv
right,150,loose,181.568,1.1999999999999886,1.0,14223.0,0.9785183070392437,27088.278848978207,637.5,0.32120143198800827,0.3173848439821694,0.6083209509658246,0.24516111700627274,0.36562613332616956,0.6705240535616364,3365.0,1959.1842105263158,-15.099999999999994,466.3881578947368,0.2380522236698948,0.25333333333333335,0.0,0.25333333333333335,0.5576702562025035,-1.309636304997272,8252586.7116808295,7517307.0,1554041.0,3029891.0,3803586.2701381575,1071522.6059422267,929504.1427462692,0.04862389017985466,0.07645502290158362,0.03603137718438125,0.0714650297519107,0.05435936009885962,0.08550148423753173,0.14764469636932664,0.12792650002014802,0.0778452363362839,0.11816814194952249,0.11723461698612472,0.038744643984472596,3.601059980510565,0.12092930049844004,0.48522424652510315,0.08,0.4411336592033279,0.13926174590349455,0.001510414996156355,263.34198298032146,283.5669633134718,0.01847520861407326,Kristian,REC_20260519_161001.csv
right,151,loose,182.784,1.2319999999999993,1.0,13859.0,0.9386853156920493,26083.16156066975,1055.8035714285716,0.531961755358291,0.326619488296135,0.585465432770822,0.24759920610461175,0.3515082779620064,0.7043908255584109,3674.0,2079.974358974359,17.200000000000003,500.46794871794873,0.24061255686090807,1.7272727272727273,0.0,1.7272727272727273,0.5262698328223366,-1.3386751509791295,8224942.088764516,7566176.0,1987755.0,2539977.0,3753855.850983293,942043.4297416135,880525.7318636077,0.04855212712188267,0.06772149558056682,0.04165485274719856,0.07403321046857086,0.04971708231117248,0.08274263735992801,0.15044564158828388,0.12843476867318385,0.07729385224176827,0.11900417904559968,0.1191644374314279,0.04123571543041705,3.425664734115931,0.11824821175446941,0.47849650113290904,0.07792207792207792,0.40877899573648885,0.11256913794143326,0.0010900550515610251,238.88351415144032,281.0714900238949,0.01847520861407326,Kristian,REC_20260519_161001.csv
right,152,loose,184.032,1.2319999999999993,0.012987012987012988,14027.0,0.9570697732369082,27225.990542127205,962.5,0.4849511816289537,0.3325196636832113,0.6292378627610523,0.23276947308635906,0.36740501326213354,0.6335500733083219,3687.0,2189.576923076923,-7.0,494.72435897435895,0.2259451831813897,2.0,-1.5657894736842106,0.4342105263157894,0.6626153168163917,-1.1773736693766266,8328977.190740529,7621154.0,1547932.0,2982244.0,3833220.764849398,1107397.2734286329,1030364.4442538758,0.04777295695808229,0.07333696358622144,0.04314145690245745,0.0742211058218717,0.053218336290232864,0.07983628730523987,0.14258110980343938,0.11985689777324975,0.0867923202585677,0.11828183643954167,0.11291257531310932,0.04804815354798668,3.5072290318232433,0.13785456817629743,0.4812761523577728,0.07792207792207792,0.442151813864345,0.12818393518184656,0.0008051607013537615,182.17939876215826,219.58613887311958,0.01847520861407326,Kristian,REC_20260519_161001.csv
right,153,loose,185.28,1.1839999999999975,0.0,13725.0,0.924021522174126,27890.80604787176,802.0833333333334,0.40412598469079475,0.3584784010315925,0.5889748549323017,0.24898592221426866,0.3508428425056494,0.7096793551086507,3102.0,1899.92,-12.400000000000006,459.04,0.2416101730599183,0.0,-1.6486486486486487,-1.6486486486486487,0.6206452086874416,-1.2514883935828502,8633613.605296047,8021882.0,962723.0,3043330.0,3939106.7091458025,1241631.0628783666,1081091.5629121317,0.05151795865089056,0.07005207236795935,0.030696029306497116,0.07257147669375552,0.045665080634974105,0.08212977388521621,0.1581610453773492,0.1300616166294721,0.08042443892374417,0.12207531545187868,0.11892430558479654,0.037720886493466395,3.58691097320167,0.15389348113686585,0.4795057103447258,0.05405405405405406,0.442386459516538,0.1712294548826327,0.001316747092743914,151.31864833305121,128.3309670376301,0.02771281292110241,Kristian,REC_20260519_161001.csv
right,154,loose,186.48,1.1839999999999975,1.0,15056.0,1.0696745756991695,28576.30845648192,451.3888888888889,0.2274302078346464,0.321864247732249,0.6446668751954958,0.24222758107157252,0.37725692191033117,0.6420759090241895,3197.0,1951.7733333333333,6.700000000000003,459.25333333333333,0.2353005471946879,0.40540540540540543,0.0,0.40540540540540543,0.5188085913581704,-1.4116753441503813,8880685.820322437,8067086.0,1690874.0,3306002.0,3968140.976849188,1196845.6310441736,1190077.085202962,0.042108714809779825,0.0760812389416804,0.03192993721948587,0.07364243115662338,0.05676888709754548,0.08660841764412534,0.1608929998702035,0.12973501021293457,0.08415594707035653,0.10607789155844599,0.11249257085863795,0.03950595356018117,3.4500467270552435,0.1355556688969381,0.4770613341875332,0.08108108108108109,0.42506708181903635,0.13927573219081624,0.0010505533719643515,697.8068022979866,261.3920007096248,0.02771281292110241,Kristian,REC_20260519_161001.csv
right,155,loose,187.68,1.1999999999999886,0.0,14137.0,0.9691072156769944,29317.0013473411,614.5833333333334,0.30965497528255703,0.33833116036505867,0.6026727509778357,0.23394107829924515,0.3603385309377335,0.6492258202032956,3068.0,1884.3026315789473,3.0,427.60526315789474,0.2269302478230813,0.0,-0.9066666666666666,-0.9066666666666666,0.5661206296888638,-1.4310778601057947,9002983.030682553,8196589.0,1690874.0,3318219.0,3929257.6594334315,1334182.3991310524,1187603.509945782,0.046785422500296776,0.06802740089520763,0.03506113527970001,0.07626023867548375,0.0461639444999197,0.08669967250204251,0.16812027345032016,0.12319230205227398,0.08318727436507992,0.11663536000335178,0.11074877624697117,0.039118199529352624,3.6387093279614735,0.14315717192161567,0.4846680976950049,0.08,0.47714298857565157,0.1481577225394281,0.0015429446806381158,681.4036982582409,175.4875446965473,0.009237604307026989,Kristian,REC_20260519_161001.csv
right,156,loose,188.896,1.200000000000017,1.0,14568.0,1.0162721037831506,28746.395339242103,333.0357142857143,0.16779850718701272,0.3359571788413098,0.6114609571788413,0.23362864710123715,0.3668482334715906,0.636853678945095,3176.0,1843.1184210526317,0.8999999999999986,417.19736842105266,0.2263540766863939,1.28,0.0,1.28,0.5950128356151738,-1.3359279662936918,8894174.356791865,8071973.0,2574186.0,2706133.0,3920339.23241457,1178875.7899060072,992369.387629232,0.04563204523226511,0.06006696317025636,0.03508070561191345,0.07655075422803172,0.04294066834669503,0.0937341604974407,0.15901968203202524,0.12553095797311478,0.09355568722916681,0.11327341390806484,0.10809768912812238,0.04651727264290355,3.4384865324222713,0.09467905420412268,0.4773163875115161,0.05333333333333334,0.39863080974468706,0.1052816029586076,0.001614811357759525,459.7945193235863,141.3677016551594,0.009237604307035224,Kristian,REC_20260519_161001.csv
right,157,loose,190.112,1.200000000000017,0.0,14204.0,0.976439112435956,27761.95003957755,960.4166666666667,0.4839015037466399,0.3010659752232786,0.6248919619706137,0.23498819204123952,0.36637381184459283,0.6413891616811224,3471.0,2011.3552631578948,10.0,459.00657894736844,0.22820761073641105,0.0,-0.22666666666666666,-0.22666666666666666,0.5237018916855856,-1.4638820155626888,8984997.669225296,8210028.0,2084272.0,2996904.0,3995297.8083425914,1372071.610646106,1190502.347813944,0.047133707960723,0.06373681008484722,0.04514499911685627,0.0734055984770677,0.05123541995119813,0.08522009904293387,0.15813506211444234,0.12682598143435625,0.09277588428854595,0.11058922041304958,0.10816221060688329,0.03763500650909638,3.980243817638402,0.15926668921018386,0.512103089751547,0.08,0.44349389499246455,0.15242994719314054,0.0010880912091742057,231.9288684058278,314.23892599057655,0.0,Kristian,REC_20260519_161001.csv
right,158,loose,191.328,1.2160000000000082,0.0,13630.0,0.9136255491576879,27394.342572874422,887.5,0.44716277786565856,0.32063882063882065,0.6366707616707616,0.2204708181812138,0.39370026392942387,0.559996622761852,3256.0,1953.4935064935064,0.29999999999999716,417.73376623376623,0.21383934210438843,0.0,-1.2236842105263157,-1.2236842105263157,0.651390360108533,-1.3104065548659254,8750885.540719064,7970569.0,1981646.0,3020117.0,3880552.113959339,1206746.3628712904,1021625.2420546567,0.047048577639792845,0.06558347017331588,0.03593960869305075,0.08242309814584595,0.05282577333980415,0.09612482465645963,0.1533981744327512,0.11752504670287664,0.09674309761399823,0.1056847871611964,0.10294577147833718,0.04375776996257122,3.8677751385796695,0.14028538768417492,0.5097413093645661,0.07894736842105263,0.48189116550068795,0.15426819750394882,0.0011204406920590614,472.9016811135353,343.1118242936911,0.009237604307027084,Kristian,REC_20260519_161001.csv
right,159,loose,192.56,1.2479999999999905,1.0,13141.0,0.8601136459467592,26585.884544246408,828.125,0.41724695821971663,0.28867483946293054,0.5764740221833041,0.22275069886988436,0.357271558976669,0.6234772773617404,3426.0,1910.860759493671,8.0,413.2911392405063,0.21628532439486478,0.3333333333333333,0.0,0.3333333333333333,0.6190663416403859,-1.346475494760472,8251353.789594408,7575950.0,1988977.0,2594955.0,3745087.022176495,1175910.926299311,990403.9651454511,0.05951324209382742,0.0706421653705004,0.04985492653585766,0.07231150386200134,0.04608566621179401,0.08232753481100703,0.15654685409186658,0.12113965473840406,0.08590468872136621,0.11198479047152188,0.10161104413148028,0.04207792896037309,3.6824763015224162,0.1385411047898265,0.4891814560385893,0.07692307692307693,0.4860466141237962,0.1644667646156412,0.0014097701815011545,532.0660986506671,66.26124555151289,0.024440403706416956,Kristian,REC_20260519_161001.csv
right,160,loose,193.824,1.1839999999999975,0.0,15874.0,1.1591893749354472,29180.80552349438,1953.125,0.984073014669143,0.32204472843450477,0.6031948881789138,0.23183474030931658,0.37054003155698073,0.6256671899519834,3130.0,1833.72,7.900000000000006,411.8933333333333,0.22462171614713985,0.0,-0.43243243243243246,-0.43243243243243246,0.6236719739745955,-1.304211018022744,8539724.289147982,7746992.0,2009746.0,2978578.0,3927662.9476302685,1211575.7248778597,1226068.6382569103,0.051167390150441,0.061172552697976425,0.02693250150877269,0.0814591831540984,0.051327356412102176,0.08950839459314035,0.165514182463335,0.1256680409222782,0.08707254469966334,0.1162518450654044,0.10616669938703838,0.03775930894574962,3.7410020857770183,0.14756427417796417,0.491042897301783,0.08108108108108109,0.42838716249089215,0.1574147348100374,0.0020357079290446133,1457.3918484745304,633.0754340584806,0.03199999999999597,Kristian,REC_20260519_161001.csv
right,161,loose,195.024,1.1999999999999886,1.0,14175.0,0.9732656048835697,29276.56181999519,989.5833333333333,0.4985969940990324,0.34798927613941016,0.5037533512064343,0.23402576366921166,0.3556729218437429,0.6579802658457076,3730.0,1900.8815789473683,3.0,429.8092105263158,0.22611046121259526,4.12,0.0,4.12,0.8874631284689363,-0.6379976598597246,8930064.616255248,7998669.0,2018298.0,3419623.0,3827081.0139284474,1095649.4333331664,1256330.9945573488,0.05497449244464134,0.06169575058663917,0.03431233430472011,0.08182491503249877,0.04905618584174933,0.08032284189468875,0.165844102805485,0.12410446676403608,0.08277322848816684,0.12316999730042155,0.10992129690517558,0.032000387631777504,4.030252157548375,0.1509207084046903,0.5181419731962146,0.08,0.4378122367548008,0.18567149190077648,0.0024170050251581835,1379.9182342926488,608.2908209079981,0.033306655991455096,Kristian,REC_20260519_161001.csv
right,162,loose,196.24,1.2159999999999798,0.0,14855.0,1.0476788854222847,29249.963709379197,1180.5555555555557,0.5948174666444598,0.3187977334318798,0.5442227149544223,0.2088162365690146,0.3925796675544127,0.5319079255163445,4059.0,2121.2337662337663,-8.200000000000003,427.5,0.20153365781981816,0.0,-2.75,-2.75,1.0501345087631246,-0.2853578407893571,8678410.578217419,7668802.0,2398256.0,3279124.0,3854160.6829665904,837188.0371256971,1002191.4380502108,0.045458719808981536,0.07640738359812654,0.05237089417454924,0.08124406893807207,0.0553708635626167,0.09276027795634738,0.1455658615728411,0.10559892245997489,0.08679707349925,0.11281721615085559,0.1032173141090397,0.042391404169345205,3.3538338881327494,0.12644083545247062,0.47771077977584964,0.07894736842105263,0.3981900341811113,0.12247585500794832,0.001501337172605477,855.1181204956475,510.18729886720195,0.015999999999990036,Kristian,REC_20260519_161001.csv
right,163,loose,197.472,1.2319999999999993,0.0,13677.0,0.918768820018452,27258.35079383931,1458.3333333333333,0.7347745176196268,0.3520456707897241,0.5968918490326673,0.24761956359794665,0.3584334493640883,0.6908383244836495,3153.0,1893.1025641025642,-8.5,454.9423076923077,0.24031572103858811,0.0,-0.8181818181818182,-0.8181818181818182,0.5907662522377135,-1.3394975426877935,8308049.416231526,7600385.0,1901012.0,2764776.0,3710178.416095978,1003662.2246034342,1056283.1385312292,0.048211455892511274,0.06101772967994473,0.028436564586691228,0.07595048150505884,0.045272311088838016,0.09055816662377592,0.1536481965570018,0.12913952133927484,0.08563476046647071,0.12034917582045482,0.11848004225867183,0.043301594181305955,3.774287241858237,0.15293232735978024,0.48821865402975556,0.07792207792207792,0.4818280327217162,0.1367361012021293,0.0015522277483362335,591.3385944899436,235.71078535204114,0.01600000000000422,Kristian,REC_20260519_161001.csv
right,164,loose,198.72,1.1999999999999886,1.0,14462.0,1.0046723865227039,27191.36103618206,1166.6666666666667,0.5878196140957015,0.3446095478975656,0.5377805880493203,0.24370343331973462,0.351176289552602,0.6939632331950284,3163.0,1838.407894736842,1.1000000000000014,434.0131578947368,0.23608099113220105,0.6666666666666666,0.0,0.6666666666666666,0.6652436682314816,-1.1873018732106821,8536734.801838053,7856948.0,2015855.0,2660928.0,3782069.0930471458,1516024.3134372653,1311206.0689238939,0.04906276168595538,0.06571046171243711,0.031148233239573716,0.07032687036122502,0.045942212583828974,0.08313114179173912,0.15855395472340914,0.12646096808594393,0.08606560310337177,0.12535159856569256,0.11724246523379067,0.04100372891303259,3.759192624949493,0.15398968916117287,0.4915019354334006,0.05333333333333334,0.4183487452735693,0.19098949954839609,0.001892176104951596,599.7719010868564,164.53107077700847,0.01600000000000422,Kristian,REC_20260519_161001.csv
right,165,loose,199.936,1.2319999999999993,0.0,15912.0,1.1633477641420225,28545.160115157876,950.5208333333334,0.4789155338056496,0.33875,0.533125,0.24845331736757711,0.3438280653219646,0.722609182977936,3200.0,1862.9615384615386,-1.6000000000000014,449.4166666666667,0.24123775901342637,0.0,-0.922077922077922,-0.922077922077922,0.5840795441592542,-1.203664990013068,8745375.484925618,7962017.0,2368935.0,2734232.0,3520834.4552467144,1352275.1669455208,1032848.8720511367,0.050643103412680385,0.0675447832579777,0.037918670988431706,0.06894866871744053,0.04060945145240209,0.08206536325536264,0.1640343814301739,0.13162114361610613,0.08465979863878165,0.1198051076656275,0.11683217375147098,0.03531735381354474,3.6270822839636097,0.15142598135480642,0.5228659603822892,0.05194805194805195,0.4331631141376244,0.12687578962633392,0.0022547474907952253,1133.8687460783733,254.84047325992563,0.018475208614073205,Kristian,REC_20260519_161001.csv
right,178,loose,215.488,1.1839999999999975,1.0,17429.0,1.3293550385203026,28933.441430289622,875.0,0.44086471057177606,0.3417874396135266,0.5283816425120773,0.21736645117386866,0.37935352160598845,0.5729917841631154,3312.0,1959.3333333333333,13.700000000000003,411.4866666666667,0.2100136100714529,1.3918918918918919,0.0,1.3918918918918919,0.8973370670638364,-0.8548283616183978,9068164.509930607,8194146.0,1650557.0,3516140.0,3854791.55880781,1562731.5163106937,1156509.341133893,0.056012249064307594,0.08494726097312011,0.034487921061585575,0.07517522966995577,0.05092208234093229,0.08609050697516163,0.15934671657026198,0.11448111602585914,0.08221844164681864,0.11326301463082682,0.10288533514800953,0.04017012589316094,4.086871099444205,0.194338006962503,0.521881845417182,0.08108108108108109,0.47623708452773594,0.22044515139494228,0.001403661677706027,896.3064951975704,285.0661419345066,0.024440403706416876,Kristian,REC_20260519_161001.csv
right,179,loose,216.688,1.1680000000000064,0.0,15850.0,1.1565630238576101,30467.341941823543,735.9375,0.3707987119273331,0.3374891272832705,0.534067845752392,0.21396831399667746,0.36370696524804497,0.5882986427011617,3449.0,2001.054054054054,-2.3999999999999986,413.18918918918916,0.20648577101257445,0.0,-1.5342465753424657,-1.5342465753424657,0.7520984529087904,-0.9906738379477376,9053771.312052011,8003556.0,2156354.0,3641978.0,4012072.328864448,1044062.5594737089,1217100.5825755768,0.05143235321924932,0.05582193168465269,0.02674941584840422,0.08575210362106457,0.0410594416456192,0.09236348410972596,0.18306568160023773,0.11324437120976782,0.08871000418698254,0.11622928456624212,0.10072394278690962,0.04484798552114427,3.769545470457338,0.1562651896914625,0.48169506687422864,0.0547945205479452,0.4683307519921565,0.172984185799435,0.0015359740065299969,850.0001960784199,192.93553610921634,0.00923760430702688,Kristian,REC_20260519_161001.csv
right,180,loose,217.872,1.167999999999978,1.0,15041.0,1.0680331062755213,28178.31313262027,566.40625,0.28538117425405146,0.3588456712672522,0.5451693851944793,0.23427949603940104,0.34522572940735874,0.6786269854255318,3188.0,1912.418918918919,-6.599999999999994,433.0945945945946,0.22646429101392745,1.0410958904109588,0.0,1.0410958904109588,0.7451500329162304,-1.1158064089157091,8797373.752658289,7858170.0,1959655.0,3435506.0,3917654.0921872356,1215036.7682549942,1303285.305101421,0.056557776694295465,0.06782834813699927,0.04437566687158615,0.06868335700506646,0.04674990637299585,0.07917664765861827,0.15612037959567265,0.12319193889159759,0.08278747023367887,0.12531179558928482,0.11108755714780347,0.03812915580240109,4.124881682476923,0.15811164712574896,0.5071630184606477,0.0547945205479452,0.5146746741478911,0.20949873963900575,0.001905319586335926,1214.5140317564683,154.5473639222406,0.009237604307035116,Kristian,REC_20260519_161001.csv
right,181,loose,219.056,1.1359999999999957,0.014084507042253521,15817.0,1.1529517911255842,29040.567780262147,1753.125,0.8833039379670228,0.32370433305012747,0.5205324270744831,0.20624365079936885,0.38302701067025946,0.5384571976743455,3531.0,1927.736111111111,-20.200000000000003,382.43055555555554,0.19838325035843712,5.0,-1.4142857142857144,3.5857142857142854,1.1070751935343381,-0.3708434992832679,8664209.542641556,7585724.0,1866804.0,3747047.0,4008704.523581062,1349331.3742828325,1274392.1651346714,0.05046218578211344,0.06933867446702738,0.05035411428200898,0.0802394864442315,0.04638428784483815,0.09573693955921236,0.14416017637268816,0.10739425203714778,0.09132762235495002,0.11015367767314856,0.09884939876222108,0.05559918442041255,4.641051774891825,0.18574693697819142,0.5476718329249732,0.08450704225352113,0.5228822308734126,0.22145563329839804,0.0016087615586731381,457.84750008419934,641.8349536659689,0.018475208614065017,Kristian,REC_20260519_161001.csv
right,182,loose,220.208,1.1680000000000064,1.0,17391.0,1.3251966493137273,31811.52487700016,697.9166666666666,0.3516420905751071,0.3198237885462555,0.5386196769456681,0.20348015584758636,0.366162583371855,0.5557098542771404,3405.0,2046.3513513513512,9.200000000000003,401.81081081081084,0.19635475137027011,0.273972602739726,0.0,0.273972602739726,0.991875737254276,-0.5498299956412258,9305265.774228107,8372518.0,1815491.0,3632204.0,4005277.059896062,1271408.571205292,1365458.7580112163,0.05172687050122169,0.0725219573400251,0.037238327940302456,0.07570494617975301,0.0484712408373506,0.08659446608994256,0.2005415043254309,0.11143762794690618,0.08286997292478374,0.10407448986330319,0.09204252790068018,0.03677606815030047,3.6591436542502427,0.12751382391087573,0.4553899511983543,0.0547945205479452,0.4946911859755543,0.17872577292650116,0.0021729332674146123,1197.3687819548402,650.5204337079554,0.018475208614065017,Kristian,REC_20260519_161001.csv
right,183,loose,221.392,1.1359999999999957,1.0,16716.0,1.2513305252495617,31816.904516310195,1070.3125,0.5392720120386904,0.3222776636336953,0.506604050484297,0.22907063839594377,0.3450895943765845,0.6638004800156988,3407.0,1928.4444444444443,8.600000000000001,426.5416666666667,0.22118431666282556,0.08450704225352113,0.0,0.08450704225352113,0.6581727070428577,-1.1655840706326113,9134313.844936412,8139168.0,1921782.0,3673743.0,3968549.929071447,1268836.7657011673,1218382.6547561695,0.04694342014289007,0.06050501267573174,0.027922620419451486,0.07374971191518784,0.03976290619958516,0.0859573058308366,0.20028376353998617,0.12744151878312976,0.08511465775524314,0.11280681032495966,0.10162911961281403,0.03788315280018438,3.871175658369694,0.16078647446459765,0.4889616629653973,0.056338028169014086,0.4661332942001363,0.18777881323579046,0.0013773153188613517,789.6520330711187,535.1598193649556,0.018475208614073205,Kristian,REC_20260519_161001.csv
right,184,loose,222.544,1.167999999999978,0.0,15654.0,1.1351144900552745,28711.967208813818,781.25,0.3936292058676572,0.3134073441502989,0.5388556789069172,0.22808404958620357,0.37518469959001893,0.6079247097099885,3513.0,1948.0135135135135,-0.29999999999999716,429.5067567567568,0.22048448523443842,0.0,-0.1506849315068493,-0.1506849315068493,0.6820328391796177,-1.1715550472743752,9025852.415255748,8076860.0,2642603.0,3040887.0,3958564.0089971363,1240880.3160139818,1176511.4324151473,0.047643822882631644,0.0654929137791097,0.030890789647111058,0.07995671265946598,0.046957052576082355,0.09328976850984717,0.16891081004210803,0.12728143014713533,0.08948825206551372,0.11420504602748469,0.10080261943906821,0.03508078222444209,4.2921462151283,0.16749976268999597,0.51229454556716,0.0547945205479452,0.4989647716890923,0.19279782096805295,0.000905341827834276,875.6557542779117,195.4397733466442,0.018475208614065017,Kristian,REC_20260519_161001.csv
right,185,loose,223.728,1.1839999999999975,1.0,17157.0,1.2995897263048166,30156.119544795547,361.97916666666663,0.1823815320520145,0.3554721339878718,0.4961016459717008,0.21846211956939907,0.3669900603652693,0.5952807532488728,3463.0,1906.1733333333334,5.100000000000001,400.92,0.21032714758364052,1.837837837837838,0.0,1.837837837837838,0.8998528406449599,-0.6841855505188543,8946281.74735633,8031656.0,2276083.0,3216816.0,4053166.2129941345,1230467.0570175846,1210435.7274411188,0.05465749879339409,0.06464609724194371,0.03486216713415359,0.08329427893930598,0.04249351230738023,0.08605723159139077,0.1629162790372334,0.11857613508390283,0.09049894028524863,0.12121318103285465,0.09988598448549625,0.040898694067695834,3.5977574601292317,0.139126431634631,0.46802307444277746,0.05405405405405406,0.4771816944232377,0.17953871467796137,0.0017396238871665649,772.5859175522284,356.1556943485515,0.024440403706429293,Kristian,REC_20260519_161001.csv
right,186,loose,224.928,1.1359999999999957,1.0,16549.0,1.2330554989996125,31643.02092089186,1083.3333333333333,0.5458324988031513,0.35993111366245695,0.5011481056257175,0.25806543894153405,0.3395816198819953,0.7599511393779809,3484.0,1942.013888888889,0.20000000000000284,483.7638888888889,0.24910423743965673,0.028169014084507043,0.0,0.028169014084507043,0.6974146884376485,-1.1082560787224873,9284291.131300548,8235685.0,2544864.0,3448945.0,4180735.3143335157,1480859.8814790037,1378509.9837039327,0.05158591096012873,0.06902199177543357,0.03440729483282674,0.06862864294654031,0.041451814768460576,0.08105131414267834,0.1577185767924191,0.13692115143929912,0.07942785624888253,0.12328982656892544,0.12114428750223494,0.03535133202217056,4.405480396386129,0.19452842679616206,0.5330421237253745,0.056338028169014086,0.495241865633507,0.22161484907710696,0.0008695143588129372,756.0531286446422,362.2600828431535,0.024440403706429293,Kristian,REC_20260519_161001.csv
left,0,loose,1.68,1.28,1.0,14381.0,0.9958084516350039,22546.869960151897,469.86607142857144,0.23673985095754813,0.33145909474276075,0.4456002249086309,0.23656965568407917,0.3139648602165042,0.7534908700311308,3557.0,2196.5185185185187,8.299999999999997,505.38271604938274,0.23008352162232037,0.625,0.0,0.625,0.5674219377656667,-1.397093242777881,7240484.2173023205,6352998.0,1456302.0,3153286.0,3068463.2304641325,1084682.2166349667,1145197.5443962729,0.0641643903371216,0.060207511325442054,0.06247822030373542,0.07329219078451871,0.045150012927303584,0.06897559549905012,0.15195202284198336,0.12076349779111724,0.06633954968018975,0.1364954642026102,0.11580615789296192,0.03437538641396598,3.8842417318143543,0.14879354530746153,0.5330785419627215,0.075,0.5134531207063954,0.19624934202212227,0.0008595408252253794,0.0,0.0,0.0,Kristian,REC_20260519_161001.csv
left,1,loose,2.976,1.1840000000000002,1.0,15836.0,1.1550309857288719,27041.803841459983,585.9375,0.2952219044007429,0.3555750658472344,0.44893181153058237,0.2349322007742732,0.3246915319739941,0.7235550596149388,3417.0,1987.24,0.5,450.98,0.22693786356957388,0.6351351351351351,0.0,0.6351351351351351,0.8700385587763622,-0.860701081458227,8237042.5091987355,7346265.0,1653001.0,3338989.0,3597416.8439482753,1031587.0773128545,1363809.3999816868,0.06696725106177412,0.06159967257771247,0.05631931724401683,0.07382433257516288,0.04829478741034467,0.06767845521091229,0.15103023959528458,0.12092483377280383,0.07329428419986178,0.12962031091698367,0.11400736700146938,0.0364391484336735,3.7260973071424024,0.13384741602644923,0.47117054021687665,0.08108108108108109,0.4967353899111498,0.16727185967582198,0.0010217602191203775,1028.8403666264267,82.07489424486707,0.06788225099390854,Kristian,REC_20260519_161001.csv
left,2,loose,4.176,1.2000000000000002,1.0,16377.0,1.2142333162751142,27831.553262439378,755.2083333333333,0.38050823233873526,0.36162255466052934,0.451668584579977,0.2306520292747838,0.3286027944111776,0.7019174310058244,3476.0,1977.6315789473683,9.700000000000003,439.9013157894737,0.22243845642049237,0.6,0.0,0.6,1.0946260628797846,-0.3893131446079683,8609466.522075221,7588167.0,1837482.0,3628539.0,3665902.9788184506,949836.4664354842,1244886.7115594705,0.0643313373253493,0.05795741849634065,0.05683965402528277,0.07199600798403194,0.04729873586161011,0.07405189620758483,0.15030605455755158,0.11706586826347307,0.07729873586161012,0.12806387225548904,0.11358616101131071,0.04120425815036594,3.3927295063378144,0.11892904513349277,0.45663461191724825,0.08,0.4535095229378708,0.14317619126658346,0.0020089721183905677,1032.2888807564154,143.4952949152567,0.0514328040586291,Kristian,REC_20260519_161001.csv
left,3,loose,5.392,1.1679999999999993,1.0,17023.0,1.2849259327868934,27947.68078034383,1687.5,0.8502390846741396,0.35271842034081685,0.40627535839870166,0.25384892641985485,0.30818443952422636,0.8236915751209024,3697.0,2099.5675675675675,-18.400000000000006,515.5945945945946,0.24557180371762524,0.4931506849315068,0.0,0.4931506849315068,0.7866028641734061,-0.9485519778149571,8720214.022661658,7711562.0,2291966.0,3364645.0,3645675.4903098578,1175177.4176028396,1286393.141921606,0.06221358323464291,0.0610292981823799,0.05141985479635446,0.06720817671592606,0.0493731012821173,0.0632112146645384,0.15061660058699347,0.1292222336645899,0.06736264867926471,0.13446784408629833,0.12462669275526493,0.03924875135162968,3.7821669356431906,0.15472725900081588,0.4804824876765431,0.0821917808219178,0.4899187526368848,0.22780055465880747,0.001012791143648927,594.273506055923,593.191974007252,0.016000000000001225,Kristian,REC_20260519_161001.csv
left,4,loose,6.576,1.1360000000000001,1.0,18430.0,1.4388957647250873,31191.283301589243,1187.5,0.598316392918839,0.34383066597831696,0.4256582343830666,0.2259027275890682,0.3381648331058112,0.6680254877894467,3874.0,2075.5,-8.799999999999997,450.6041666666667,0.2171063197623063,0.49295774647887325,0.0,0.49295774647887325,1.1180639516166149,-0.334907490903519,9312700.06554388,8189259.0,2437352.0,3704286.0,4039692.789801111,1164151.335105229,1379051.2403719656,0.0639604914478439,0.05998554565165021,0.05255761663856099,0.07854867635643352,0.0503894643860917,0.0751960705586338,0.1477221017693193,0.11585561712037261,0.07404507615300195,0.12777376268101395,0.11004711046869563,0.04391846676838245,3.529980271406498,0.13383879291898798,0.46624841609846784,0.08450704225352113,0.4931579666216447,0.17845646266427048,0.0012003532661885202,1049.7439370309942,466.5554337920907,0.03200000000000044,Kristian,REC_20260519_161001.csv
left,5,loose,7.728,1.136000000000001,0.0,18047.0,1.3969835787746052,31716.72405845219,500.0,0.2519226917553006,0.3675424192665572,0.3828680897646415,0.25122956450061823,0.30982277785410084,0.8108815182675952,3654.0,2021.9444444444443,-5.900000000000006,489.49305555555554,0.24209025965105097,0.0,-0.352112676056338,-0.352112676056338,0.8921918798810947,-0.8217517168126398,9073074.407099614,8200254.0,2152689.0,3231477.0,3899647.7284489144,1031616.0462698636,1373286.8984300205,0.06076384118697624,0.05736364885286441,0.04567935155928012,0.06714521225443056,0.04448413243577415,0.066094243714796,0.15660805055639512,0.12861656820991896,0.07473554059623576,0.13384393460640198,0.12261299629069927,0.0420524797362275,3.973060709048425,0.15007396820828317,0.4803119647618763,0.08450704225352113,0.4907390020000281,0.18598070285522647,0.0010019763189577104,727.4285761044385,596.212000885591,0.018475208614068015,Kristian,REC_20260519_161001.csv
left,6,loose,8.88,1.1199999999999992,1.0,17592.0,1.3471923395906122,29377.360994480085,1039.0625,0.5235268438039841,0.3636839351125065,0.3793825222396651,0.2356735117503151,0.34215084344819685,0.6888000315149523,3822.0,2089.845070422535,12.700000000000003,473.3380281690141,0.22649431523328772,0.8,0.0,0.8,1.136414512901106,-0.2572742661500391,8971487.770627176,7685906.0,2189341.0,4076914.0,3928101.2720005442,1039940.5600698022,1526150.686400364,0.06497550192412674,0.07594740495622697,0.05126062313400145,0.06978750362248026,0.06170684530829835,0.06655254449753673,0.14265495791183389,0.11988219357186664,0.06815654506365457,0.12631841433086893,0.11579131817844844,0.0369661475006571,3.9894423823762017,0.15032088739490704,0.4898875642402774,0.08571428571428572,0.46756166374408153,0.1681196410687907,0.0014821248109009976,419.5151963874471,361.77302283625755,0.009237604307036185,Kristian,REC_20260519_161001.csv
left,7,loose,10.016,1.1679999999999993,0.0,17812.0,1.3712672244707846,30686.84048578478,1343.75,0.6770422340923704,0.36500129433083095,0.3921822417809992,0.22540543005883543,0.3331074609555705,0.6766748166249374,3863.0,2074.0405405405404,8.799999999999997,449.56081081081084,0.21675603828536805,0.0,-2.26027397260274,-2.26027397260274,1.1233895303068646,-0.31116399728783417,9341446.706485992,8087855.0,2444682.0,3984063.0,3984856.2843205268,1139037.156203075,1404585.83794923,0.06663452328983119,0.06113539963121991,0.05566233817004281,0.072140162497801,0.044944259475237655,0.07573674574371739,0.14788993934023548,0.11616572951348393,0.07915089360759453,0.1294379035568384,0.1092397005453515,0.041862404628646266,3.5707547672416036,0.13349260538866692,0.4629704045114904,0.0821917808219178,0.48440828828114013,0.18574542400203245,0.0010663237394582588,227.54120505965136,427.26590355860367,0.024440403706431527,Kristian,REC_20260519_161001.csv
left,8,loose,11.2,1.168000000000001,0.0,18324.0,1.4272960474646406,30593.373743345142,1984.375,0.9998181829038493,0.36488460414840784,0.44609991235758106,0.22900823984910154,0.3214136801350144,0.712503088706599,3423.0,2041.8243243243244,-3.700000000000003,451.1621621621622,0.22096032297561138,0.0,-0.9041095890410958,-0.9041095890410958,0.8644490737480163,-0.8382214720310821,9318332.304096587,8048760.0,2902831.0,3690847.0,4106770.095112388,1182892.1617396695,1367246.3049090537,0.06773883980277308,0.05342996128263675,0.05574638472484199,0.07134584201992124,0.04325093484231774,0.07118038320262086,0.1552202256858268,0.11877957576359244,0.08220655878751779,0.13122869717727256,0.11022866408550912,0.039643932625169596,3.682958945568139,0.15179553686072558,0.48857479362364037,0.0821917808219178,0.4770671771146705,0.15425814754492922,0.0016947995470142933,375.5813271893746,482.5022600875392,0.02771281292110305,Kristian,REC_20260519_161001.csv
left,9,loose,12.384,1.1519999999999992,1.0,17731.0,1.3624032895830847,28542.118246549257,595.9821428571429,0.30028285133332705,0.3662860576923077,0.4951923076923077,0.23956555780851618,0.3294252273594186,0.7272228654995615,3328.0,2047.027397260274,1.2000000000000028,474.3013698630137,0.231702502124698,1.2222222222222223,0.0,1.2222222222222223,0.7259888346306574,-1.121106049320898,8657977.998183178,7704232.0,2381152.0,3152064.0,3961716.6088558403,1081005.5342047466,1336033.252835604,0.061251530786372486,0.05852790213674356,0.051541493512142565,0.0755388702629272,0.0495874405251852,0.07154376877931916,0.15117142799783181,0.12256328923330188,0.07422724565524348,0.1276893323429229,0.11700226857521431,0.03935543019279543,3.763181698473916,0.16317543109635346,0.48791235037714187,0.08333333333333333,0.46585491050277367,0.18045061596361073,0.0010798394786034398,321.54678249569304,694.885108557082,0.009237604307035865,Kristian,REC_20260519_161001.csv
left,10,loose,13.552,1.168000000000001,0.0,17401.0,1.326290962262826,30470.681351095514,1578.125,0.7951309958526676,0.346164732521936,0.4296631757712992,0.23711736759704152,0.32027749284673107,0.7403497682247201,3533.0,2002.4864864864865,5.799999999999997,458.5,0.2289653403876262,0.0,-0.410958904109589,-0.410958904109589,0.8651002661815169,-0.8181383677496052,9246048.686301084,8020660.0,2395813.0,3926641.0,3929810.967919529,1218457.420514223,1409965.9341461773,0.06906953517248826,0.06186227932840253,0.05395319332721482,0.06954192085515305,0.04679992441829077,0.06952167575446742,0.15110943151757275,0.1210184635318253,0.07255169249041732,0.1305336608540733,0.11609890406521622,0.03793931868487826,3.688163672134504,0.1416702517746145,0.47822180926358043,0.1095890410958904,0.49292784698270137,0.16538402435483854,0.0016051378199971617,467.70325349876794,713.8251863612501,0.009237604307036362,Kristian,REC_20260519_161001.csv
left,11,loose,14.736,1.1519999999999992,0.0,17353.0,1.321038260107152,31076.22594524631,732.6388888888889,0.369136721947003,0.35261466549810105,0.4186386210926088,0.25085066293042163,0.3136582302069889,0.7997579491680409,3423.0,1984.7534246575342,10.700000000000003,481.4657534246575,0.2425821502274186,0.0,-0.25,-0.25,0.7396894783175327,-1.1034057459002111,9342776.20134433,8137946.0,2151467.0,4053701.0,3992588.532376918,1183534.029632304,1390253.615127916,0.06340803522745313,0.061530710139626056,0.04925907776405061,0.0674456645523753,0.04787869167006012,0.06459516726828494,0.15491382939808265,0.12911441330140042,0.07220799657664248,0.13161291213152318,0.12173624962902124,0.03629725234147991,3.6678693422680757,0.146191003005769,0.4748504980641587,0.08333333333333333,0.49209044637433463,0.18808934370367994,0.0010653664437069146,205.78629691988704,531.9972465709619,0.009237604307036362,Kristian,REC_20260519_161001.csv
left,12,loose,15.904,1.1679999999999993,0.0,16841.0,1.265009437113296,30016.6399518667,631.25,0.318052398341067,0.35575221238938054,0.4424778761061947,0.23593352172574913,0.32649478190313647,0.7226257043071861,3390.0,1931.945945945946,5.299999999999997,439.93243243243245,0.2277146694272684,0.0,-0.8493150684931506,-0.8493150684931506,0.9266321663499175,-0.7451692898005686,9067281.679132616,7991339.0,2087937.0,3740938.0,4091852.5332460166,1078290.361182323,1434461.9665662805,0.06771634817156766,0.06017598836070619,0.051173722055902184,0.07223496824375367,0.05011751210094849,0.06906633837889257,0.1541506952799306,0.12419909907389272,0.07489997481883551,0.1261296550180465,0.1117344226518564,0.03840127584566744,3.7157974883405327,0.144238132768336,0.48312415848677404,0.0821917808219178,0.5211673274004915,0.14211807728398698,0.0011281999672819029,310.3890032416305,519.8876058817766,0.009237604307035865,Kristian,REC_20260519_161001.csv
left,13,loose,17.088,1.1359999999999992,0.0,17209.0,1.3052801536401302,31078.762427098027,854.1666666666666,0.4303679317486385,0.3474550441938433,0.46418774763791526,0.23502872077457554,0.3345562976761316,0.7025087329300185,3281.0,1960.9305555555557,-8.400000000000006,445.2361111111111,0.22705348226111466,0.0,-0.39436619718309857,-0.39436619718309857,0.7616715448460724,-1.1202891739806176,9449768.135134162,8266228.0,2575407.0,3786142.0,4037396.0754636046,1195125.8865315563,1428456.1111101243,0.06479350081806398,0.059991358977809564,0.04769560936913455,0.0776771232478911,0.048495966342510285,0.0715363312486277,0.15475929086955598,0.12171092239370479,0.076855517859293,0.1273630008428538,0.11331779838087076,0.035803579649684454,3.6629929511619563,0.13973559266571903,0.4696374173726646,0.056338028169014086,0.47503627890818,0.18239496689363754,0.0010131959382966133,264.0404009490457,111.60984711597263,0.016000000000000784,Kristian,REC_20260519_161001.csv
left,14,loose,18.24,1.2000000000000028,0.0,17161.0,1.300027451484456,28132.441397788425,635.4166666666667,0.3201517541056946,0.3579853363085751,0.46318138348740834,0.24212930643007705,0.32688540812384353,0.7407161666205748,3137.0,1941.328947368421,5.799999999999997,455.7631578947368,0.23476864058126215,0.0,-0.9866666666666667,-0.9866666666666667,0.6707735825563952,-1.1938699242625512,8858785.452009209,7781201.0,2250427.0,3587000.0,3837525.125793244,1148000.7966282475,1321001.9048695853,0.06599521488942058,0.0628774374580625,0.04983699446255617,0.07456910282565525,0.05072488325279075,0.06863177015202554,0.1525880941568784,0.1235385418290509,0.07008221443530951,0.128303319077409,0.11859076460102616,0.03426166285981523,3.5310168756524654,0.1339065591020837,0.4809500050249088,0.08,0.5180077547488352,0.1357383010158983,0.0011222303585630962,200.05332622411626,127.51520424958959,0.03200000000000222,Kristian,REC_20260519_161001.csv
left,15,loose,19.456,1.184000000000001,1.0,17674.0,1.356165705773222,28602.368188665776,767.8571428571429,0.3868812766242117,0.3535014005602241,0.42633053221288514,0.24246839627096234,0.3314647670700611,0.731505789933149,3570.0,1976.56,16.1,463.8466666666667,0.23467370920521852,2.8783783783783785,0.0,2.8783783783783785,0.7981986460472256,-0.930774260859899,8768356.038754871,7891157.0,2546086.0,2851518.0,3905386.4289744636,1071934.1566449455,1209462.3406880726,0.062094413189244614,0.05644149431335249,0.04740222069319086,0.07324509922963802,0.050498509194425334,0.07234117186762187,0.15402517505160482,0.12747399522402558,0.07893849246502341,0.12325117038356202,0.11499440104693677,0.03929385734137424,3.8424712186931376,0.16477591471546943,0.4923642854559284,0.08108108108108109,0.4900238948234987,0.19626306016292888,0.0013971705356592555,283.34254886973747,110.18270896847152,0.03330665599146025,Kristian,REC_20260519_161001.csv
left,16,loose,20.656,1.2000000000000028,0.0,17114.0,1.294884180623692,28638.43047375327,1250.0,0.6298067293882516,0.33631578947368423,0.49447368421052634,0.23536124804404862,0.3357883219407744,0.7009214813767339,3800.0,2236.7631578947367,4.700000000000003,510.5855263157895,0.22826982128781018,0.0,-1.9333333333333333,-1.9333333333333333,0.7138570133305577,-1.015207347161006,8660943.558906559,7743327.0,2309070.0,3117856.0,3910059.8466638625,1133429.7483977946,1193149.64930531,0.06250220596021036,0.06160217419438333,0.07006717884160618,0.07180841676765064,0.05211948657011425,0.07370260126828007,0.13936962481028745,0.1191159687988988,0.07655564314034613,0.11825123239643753,0.11624527924514982,0.03866018800663553,3.6508261198674616,0.13715743724593912,0.4927730552968348,0.08,0.4635992274329727,0.14410749534703088,0.0011067246802835863,310.6385895753017,323.44883367609253,0.009237604307036322,Kristian,REC_20260519_161001.csv
left,17,loose,21.872,1.1999999999999993,0.0,16927.0,1.2744205284755454,28204.914908575774,417.3611111111111,0.21028546909018841,0.3515243902439024,0.5314024390243902,0.2348529112895031,0.3243318768417844,0.724112947441548,3280.0,2071.7894736842104,7.200000000000003,471.5131578947368,0.22758738949293772,0.0,-0.24,-0.24,0.6406783470839936,-1.2510118395509267,8631473.674183859,7711562.0,2021963.0,3308446.0,3830187.506757112,1167650.405174413,1277405.5134005786,0.06601209226704603,0.05907047048064221,0.059076821461233615,0.0711055787013515,0.0429453307590692,0.07338558073366527,0.15115333807539885,0.1217482979372015,0.0778249161670562,0.1271085255563459,0.1131046133523016,0.037464434508688145,3.656215565341989,0.13852860413005968,0.485856667510004,0.08,0.48995314172723425,0.14505627930240214,0.0011434831169966934,388.71111809843126,418.0503801883442,0.009237604307035328,Kristian,REC_20260519_161001.csv
left,18,loose,23.088,1.1679999999999993,1.0,15869.0,1.1586422184608978,27780.85508043264,661.4583333333334,0.33327272763461646,0.3586187376167563,0.4627795075007076,0.2553870976344774,0.3227391524655306,0.79131117400255,3533.0,2026.8648648648648,2.5999999999999943,501.38513513513516,0.2473697895831667,1.7671232876712328,0.0,1.7671232876712328,0.7033360742761542,-1.135771647925555,8508130.897569513,7586946.0,2034181.0,3269350.0,3854020.1340980628,913068.2194417055,1269456.0353289067,0.05945808998053178,0.059438088380403764,0.04455689788516415,0.06973891244632904,0.05013734432087901,0.07022561804944395,0.1512387657679281,0.13063045043603488,0.07319918926847482,0.12906365842600742,0.12475664719844255,0.03755633784036057,4.009022667231338,0.181145716871205,0.5076892340054929,0.0821917808219178,0.49721842278426076,0.1871556626772077,0.0017128767142513413,671.3615518730074,428.0288671319386,0.018475208614069736,Kristian,REC_20260519_161001.csv
left,19,loose,24.272,1.152000000000001,0.0,17329.0,1.3184119090293152,31591.903614692168,640.1785714285714,0.3225510178366974,0.3428107229894395,0.4164635797454644,0.2312899984132861,0.3213955148886656,0.7196428938750431,3693.0,2072.0,-1.0999999999999943,462.35616438356163,0.22314486698048341,0.0,-0.9444444444444444,-0.9444444444444444,0.9287933779377788,-0.78018326737691,8791967.45042934,7907039.0,1830152.0,3380528.0,3889149.482728893,1125309.6503934255,1401067.0329464884,0.06253636219389645,0.05190537896017348,0.059647220606124714,0.07213598138255672,0.04247104247104247,0.07370286137409425,0.15678055746548897,0.11783334214841064,0.08118025070079864,0.13003120537367113,0.11345665626487544,0.038319141058867086,3.897638249450593,0.15798204880240352,0.489943251258731,0.08333333333333333,0.4408557710655589,0.16822631976267802,0.001281581500733506,754.16267033932,135.20595572782625,0.02444040370643088,Kristian,REC_20260519_161001.csv
left,20,loose,25.44,1.1679999999999993,1.0,17712.0,1.3603240949797972,30423.343899052255,1630.2083333333335,0.8213729429105114,0.3548762736535662,0.43435225618631734,0.23778957692177619,0.3318204876729007,0.716621142320253,3435.0,1997.9054054054054,19.200000000000003,458.72972972972974,0.22960532990632082,0.2465753424657534,0.0,0.2465753424657534,0.9291390099359135,-0.7078731694532321,9247521.709132127,8115955.0,2629163.0,3568674.0,4056337.732921235,1144766.4417054253,1312784.020083566,0.0686394534816869,0.06135479725388075,0.05015387737157158,0.07254218945517264,0.04890933071798167,0.07267070242483682,0.15184145557847745,0.12367005985998851,0.07634346782102878,0.12149886705671481,0.11411951706178768,0.0382562819168724,3.683084938617847,0.14552332106764007,0.474015568900604,0.0821917808219178,0.5107373496315482,0.17799179037886498,0.0019503253696424448,972.5343181605472,565.5511058875702,0.009237604307034195,Kristian,REC_20260519_161001.csv
left,21,loose,26.624,1.216000000000001,0.013157894736842105,17831.0,1.3733464190740723,29521.999017681712,437.5,0.22043235528588803,0.3723404255319149,0.4875886524822695,0.2524977407370218,0.31811050306255645,0.7937422320412493,3384.0,2069.4025974025976,-1.0,507.07142857142856,0.24503275931318402,13.0,-1.7066666666666668,11.293333333333333,0.6122426405820861,-1.2027557656036052,9244349.460853154,8112290.0,2652376.0,3551570.0,4012121.7571265325,1149519.7921099016,1214053.456162589,0.0661273722261271,0.06299578270910734,0.04669771061351541,0.07178808113264383,0.051655537704588805,0.06463374836831005,0.15232453057535894,0.12906667336077918,0.0670373531479064,0.1286650266090973,0.12343106737624257,0.03557711617632292,3.391601199933652,0.12116206143308546,0.4656121495790307,0.10526315789473684,0.4970772885234177,0.13856682525349517,0.0011955501506720966,262.3146965002161,638.1993812250607,0.03330665599145874,Kristian,REC_20260519_161001.csv
left,22,loose,27.856,1.1679999999999993,0.0,15003.0,1.063874717068946,27736.002127199226,1437.5,0.7242777387964893,0.3559216661485856,0.5013988187752565,0.2475890195456318,0.3242644774501444,0.7635403714035408,3217.0,2044.418918918919,20.400000000000006,490.8581081081081,0.24009663751677277,0.0,-0.3150684931506849,-0.3150684931506849,0.620984531486017,-1.331402063736439,8582762.53942919,7595498.0,2394591.0,3199712.0,3839915.161673201,1200641.7578697603,1209052.107824065,0.07105699762702677,0.07002584491727644,0.049435840488607746,0.0709314085149418,0.0535141816547357,0.06343572150944893,0.147739065484807,0.12593943960816195,0.06635732085374156,0.12523878456179313,0.12164957993746985,0.03467581484198906,4.187130437197833,0.1798547504321097,0.5198527012272088,0.0821917808219178,0.505334473983285,0.18797410880276835,0.0014655221577685217,1599.5012764400456,640.2720346512733,0.027712812921103436,Kristian,REC_20260519_161001.csv
left,23,loose,29.04,1.152000000000001,0.0,17094.0,1.2926955547254944,29440.72575532064,687.5,0.34639370116353835,0.35636136292591436,0.5045326664582682,0.23165707151279738,0.3463688700839287,0.6688160845872952,3199.0,1974.9315068493152,-7.599999999999994,442.1095890410959,0.22386071998335297,0.0,-0.4444444444444444,-0.4444444444444444,0.8856256936000535,-0.848148967119855,8959122.61315493,7721336.0,2879618.0,3514918.0,3942793.9026824315,1202487.0614004568,1252239.9787842717,0.06275924256086564,0.06178123049178053,0.04623708122355553,0.08423389054588332,0.05005895817437747,0.07481445515710619,0.15028785461607824,0.11881806201012693,0.07548033571478116,0.12129430533398072,0.11283900950267045,0.04139557466879379,3.9217321346410525,0.15910051950678278,0.492142387095443,0.08333333333333333,0.4943472280398156,0.19346007308604862,0.0010640006399124087,1467.0284023608185,520.4164998665327,0.03330665599145874,Kristian,REC_20260519_161001.csv
left,24,loose,30.208,1.2000000000000028,1.0,17875.0,1.3781613960501067,31052.99344668723,801.0416666666667,0.4036011457496379,0.35271432809255415,0.4704835360427173,0.24377337599217205,0.32795591633889315,0.7433114142691826,3371.0,2043.9605263157894,26.0,483.04605263157896,0.23632846447492936,0.8666666666666667,0.0,0.8666666666666667,0.6592300337328729,-1.1594345730496933,9070383.945554566,7962017.0,2741563.0,3370754.0,3919085.6473902115,1138533.7277462876,1215080.5730582702,0.06518562388551638,0.05661093980340027,0.045931209403827715,0.07595547859225833,0.04961343109674845,0.06685936101866218,0.15247745282958136,0.12472560367192177,0.07891670582782395,0.12753233209519704,0.1190477723202503,0.03714408945481232,3.7654469245533453,0.12690780400277918,0.49032264676354587,0.08,0.4789809579666523,0.17525583822316235,0.001222474548686334,1484.9593709369071,404.2422788664588,0.024440403706432755,Kristian,REC_20260519_161001.csv
left,25,loose,31.424,1.2000000000000028,0.013333333333333334,16558.0,1.2340403806538016,26568.939798192925,845.4861111111111,0.4259942739056645,0.35283635283635284,0.4743094743094743,0.23267758119883813,0.3374108793240032,0.6895971512971295,3367.0,1993.157894736842,4.900000000000006,449.0657894736842,0.22530367045154476,9.0,-1.7972972972972974,7.202702702702703,0.7806508506579148,-1.0211012023575505,8578264.290083047,7556403.0,2271196.0,3365867.0,3807466.3753658123,1158743.0097328322,1343269.9134643672,0.0678703459202535,0.06733562186427251,0.05169659360971745,0.07488117243200422,0.05505017163982044,0.06925006601531555,0.14829680485872723,0.11876815421177714,0.07089384737259044,0.12391734882492739,0.113909426987061,0.03813044626353314,3.934234005783018,0.15408248934554863,0.4942762020501143,0.08,0.5273060138246788,0.15662536205267294,0.0013052200247329131,662.2871985274444,81.47252094564274,0.027712812921103468,Kristian,REC_20260519_161001.csv
left,26,loose,32.64,1.1679999999999993,1.0,18181.0,1.4116473722925285,29312.33161998547,593.75,0.2991581964594195,0.35454545454545455,0.4536363636363636,0.2177736162543473,0.35516959772461665,0.6131538781730981,3300.0,1919.4864864864865,-10.599999999999994,402.88513513513516,0.20989214457695612,1.3835616438356164,0.0,1.3835616438356164,1.129056336468705,-0.2718102033592049,9077754.347117959,8045095.0,2405587.0,3448945.0,3922239.3094623145,1140464.3232336782,1333993.5700607235,0.06675490347925261,0.06586784190591516,0.047155066811224854,0.07791357485814056,0.05563847312766646,0.07116909083228903,0.15668605060475072,0.11701468579715858,0.08458061700060546,0.11959842863378438,0.10075893045718873,0.03686233649202349,4.498198909631789,0.17001562701894243,0.5154028510153766,0.0958904109589041,0.558437495207835,0.2046953346800625,0.002593430220163993,862.3856445929496,134.36034468843002,0.018475208614070683,Kristian,REC_20260519_161001.csv
left,27,loose,33.824,1.1840000000000046,1.0,18190.0,1.4126322539467173,30839.50312505051,545.1388888888889,0.27466571253876526,0.3508318990246701,0.4087779690189329,0.23649053360764602,0.3277884840751061,0.7214729775348261,3486.0,2047.9466666666667,2.9000000000000057,468.34,0.22868759603114663,0.6621621621621622,0.0,0.6621621621621622,0.7625418621313779,-0.9865040206069065,9223778.677145392,8192924.0,2216219.0,3611435.0,3986346.081407693,1127437.1768651525,1415026.0422957626,0.06581551602906326,0.058569233573790985,0.05165499101539102,0.07358264538139013,0.04728638766634548,0.06946795489465872,0.15489335659782805,0.12402666736112919,0.0788822625589208,0.12734706632985235,0.11246386624651683,0.036010052345113154,3.650454703714716,0.1483514297590921,0.48135336705593734,0.08108108108108109,0.45827757106268646,0.16508753004426452,0.001161457241731104,939.648338475622,161.21546847692375,0.016000000000002453,Kristian,REC_20260519_161001.csv
left,28,loose,35.024,1.1679999999999993,0.0,17578.0,1.345660301461874,32533.947946721742,916.6666666666666,0.4618582682180511,0.3548854740504494,0.4586836764279501,0.23715262790929315,0.3308011554168465,0.7169038681563914,3449.0,2035.0675675675675,4.900000000000006,466.35135135135135,0.22915767455758823,0.0,-0.547945205479452,-0.547945205479452,0.8418395227889933,-0.9269332602474365,9548018.938832285,8394510.0,2535090.0,3777590.0,4108653.6157446196,1172455.08099322,1444613.2849378563,0.06679504631627876,0.06641654769414655,0.052305853447989645,0.07464391248049405,0.05067897340549155,0.06993592084730568,0.14937414920814107,0.1217171884856735,0.06912580098940868,0.12473189680932302,0.11543543942361964,0.038839270892127895,3.7016444630167165,0.14081984395967143,0.47955852675175087,0.0821917808219178,0.5148697207830035,0.15640531852586603,0.0013052935540428276,350.7691548582874,201.93691399174577,0.009237604307038213,Kristian,REC_20260519_161001.csv
left,29,loose,36.208,1.1679999999999993,0.0136986301369863,15970.0,1.169694779246795,28790.31601077001,1195.3125,0.6022526849775155,0.3601938806422296,0.4704634959103302,0.24779519761808236,0.3199638458931194,0.7744474908595608,3301.0,2033.337837837838,20.4,487.8783783783784,0.23993965454219196,3.0,-0.1527777777777778,2.8472222222222223,0.7042490049308477,-1.1239830963467532,8564659.947775451,7611380.0,1899790.0,3436727.0,3851978.620779838,1235163.969834777,1274043.3742367497,0.06632018980906113,0.06425993739491051,0.049771710740561054,0.07040081878418523,0.04978500269162008,0.06747658955119727,0.1502522147713452,0.12382781606598124,0.06804149747120632,0.1310121156133903,0.12396738155210113,0.034884725554440506,3.9459159373824106,0.1669547107910218,0.501614507565128,0.0821917808219178,0.4912816147228123,0.19693028995294623,0.0012843005301987904,1146.633332848822,326.19066885278954,0.009237604307038213,Kristian,REC_20260519_161001.csv
left,30,loose,37.392,1.1839999999999975,0.0,16697.0,1.249251330646274,29774.123496754695,921.875,0.4644824629238355,0.34760926958052213,0.44353182751540043,0.24313866581585897,0.3320254427707367,0.7322892600835207,3409.0,1964.1466666666668,-13.0,462.0466666666667,0.23524040974536864,0.0,-0.581081081081081,-0.581081081081081,0.860617026344961,-0.858770330016636,8997629.267618721,7937582.0,2367713.0,3513696.0,3996379.3825957,1123674.1139740113,1203756.0818561763,0.061020561940384625,0.05872609648973939,0.05162547263951776,0.07142032842082396,0.04811589087033554,0.07604998947804305,0.15355268785087334,0.12698304946677436,0.07771313751179476,0.12069024037580357,0.11615561634908458,0.03794692860682501,3.728248147940899,0.16091306246172035,0.4833991802782227,0.08108108108108109,0.4942671717836508,0.18987780106383706,0.0012221585716528957,805.228125026275,159.3940053119871,0.009237604307034143,Kristian,REC_20260519_161001.csv
left,31,loose,38.592,1.2319999999999993,0.0,15496.0,1.1178243454595145,27477.73929929462,708.3333333333333,0.35689047998667583,0.36074354127284186,0.5220541902961563,0.23782720436589777,0.3398673731636894,0.6997647410273987,3174.0,2020.320512820513,-0.4000000000000057,466.31410256410254,0.23081194276104958,0.0,-1.025974025974026,-1.025974025974026,0.5975321788697059,-1.3476754572983451,8532247.75527809,7750658.0,1963320.0,2978578.0,3883822.625387436,1088444.6344623286,1111246.107672477,0.06179522162642383,0.06565980264619094,0.05051876764920519,0.07448678490973125,0.048361201891042926,0.07517212932702985,0.14691119078592504,0.12157883047244344,0.07618745438969445,0.12413618047402988,0.11624837389345433,0.03894406193482882,3.560332989951412,0.12890529547126128,0.48247077889545453,0.07792207792207792,0.4886661108899861,0.16129184666863214,0.0008370075880991138,604.9250642297176,244.10271696439133,0.033306655991458725,Kristian,REC_20260519_161001.csv
left,32,loose,39.84,1.1999999999999957,0.013333333333333334,18119.0,1.4048626320081161,27692.12749140087,401.7857142857143,0.20243787730336654,0.34832904884318766,0.5491645244215938,0.2454093267012495,0.3292482897491632,0.7453624949360744,3112.0,1973.3947368421052,-1.9000000000000057,470.1578947368421,0.23824827641387403,6.0,-0.1891891891891892,5.8108108108108105,0.563940668296769,-1.4314819501198297,9143752.524057997,7778757.0,3051882.0,3712838.0,3943893.8881356255,1066178.9497418774,1288265.7213636944,0.06408273213404633,0.06050887463494646,0.04414647481630639,0.07504433983650935,0.047520302977770074,0.0680966541759458,0.1525090346584166,0.12459827441358065,0.07807811812399151,0.1267985971275787,0.12081105228766886,0.03780554481323928,3.619434734142454,0.1291835137977315,0.4797858716296317,0.08,0.4932931839729732,0.15491743973220418,0.0008778078441336379,1313.0507733265044,261.4269659839164,0.0244404037064327,Kristian,REC_20260519_161001.csv
left,33,loose,41.056,1.2000000000000028,1.0,16247.0,1.2000072479368304,29303.116199476124,613.7152777777778,0.3092176094982596,0.34631083202511775,0.5067503924646782,0.2405792331742636,0.328438374197795,0.7324942883471147,3185.0,1999.0131578947369,9.0,466.5592105263158,0.23339476715484614,0.30666666666666664,0.0,0.30666666666666664,0.6009963159181422,-1.3181244579432152,9082663.945733322,7900930.0,2183232.0,3911980.0,3976388.8026732113,1068873.4269891186,1361209.8300475716,0.0626230047720915,0.06312325160441007,0.0562514398551917,0.07179858482804015,0.05039328616093467,0.069126213592233,0.15183149580385058,0.12301464538423565,0.07399703801217707,0.12431133783116669,0.11756458779002797,0.03596511436564094,3.5311130700864197,0.10942038245923594,0.4690798114963902,0.08,0.5258890755310524,0.144095257356862,0.0011254885626800681,1350.8339399546232,156.9703576384256,0.01847520861406848,Kristian,REC_20260519_161001.csv
left,34,loose,42.272,1.216000000000001,0.0,17358.0,1.3215854165817014,30383.172875787677,911.4583333333333,0.4592340735122667,0.3621943159286186,0.5237937871777925,0.24672554176797556,0.3186476835319761,0.774289456721633,3026.0,1960.2727272727273,-2.0,469.5,0.2395074896813987,0.0,-0.17105263157894737,-0.17105263157894737,0.5648413243946887,-1.3239240312629506,9488764.601805916,8388401.0,2527760.0,3644422.0,4033473.6840891372,1053807.8894002994,1239468.8864238204,0.0645152741799776,0.06197123379333647,0.0521925785571846,0.06992798510676357,0.04747550367362082,0.06785432718744411,0.15427882417633382,0.1266521356026527,0.07141863377081112,0.1293419283031118,0.12007340616532287,0.03429816948344055,3.335735987387234,0.12158348330853512,0.47528400931714215,0.07894736842105263,0.49843739481359445,0.11327531678504708,0.0009750715620498696,941.437376214337,256.03751210201966,0.009237604307035888,Kristian,REC_20260519_161001.csv
left,35,loose,43.504,1.2000000000000028,1.0,16022.0,1.1753852065821087,28238.83156223005,795.1388888888889,0.40062705841641555,0.36957888120678817,0.5317410433689503,0.2441226971688248,0.32553350804941966,0.7499157264369735,3182.0,2038.3947368421052,0.0,482.7894736842105,0.2368478808143663,1.3066666666666666,0.0,1.3066666666666666,0.5579762270050628,-1.328777860000627,8955788.241112895,7821518.0,2899166.0,3259576.0,3997087.306989658,1031576.0430911358,1113754.0606709165,0.06528615138331245,0.06477620418544004,0.04997482539149744,0.0717992744548729,0.050523502756296884,0.0658348287481119,0.14920796808634246,0.12366542299797312,0.07259969790469797,0.13048193237712855,0.12045727417085168,0.03539291754347461,3.337463344970454,0.10144057734882851,0.46733093089425953,0.08,0.4875819049390053,0.13974763200632745,0.0007514837538967525,715.2903839234341,150.053138896423,0.009237604307033853,Kristian,REC_20260519_161001.csv
left,36,loose,44.72,1.2000000000000028,0.0,15606.0,1.1298617878996007,28019.375760355546,483.0729166666667,0.24339405896150137,0.36981602743997505,0.49423136888057373,0.25041233604733354,0.3157119669083959,0.793167070919413,3207.0,2010.3684210526317,3.200000000000003,488.3881578947368,0.24293465455402255,0.0,-1.16,-1.16,0.6334264625899318,-1.2752183408869253,9106012.880673407,7688349.0,3607770.0,3285233.0,3926796.0711173606,1222334.5941415366,1124482.2471127962,0.06287142969343142,0.0646974893316229,0.048308767704269964,0.07022148336256774,0.048066602089169304,0.0657054218917716,0.15068591774223106,0.12718930806084247,0.06702097023326438,0.13407466554965047,0.12322302798649108,0.037934916354687535,3.660458871604925,0.13328887612381585,0.48828228773240945,0.10666666666666667,0.4954694510223615,0.12787615775852001,0.0009173217452027373,915.3738762567641,221.5210484308941,0.009237604307033853,Kristian,REC_20260519_161001.csv
left,37,loose,45.936,1.2000000000000028,0.0,15391.0,1.1063340594939775,28255.0031498848,1031.25,0.5195905517453074,0.35765239948119326,0.5252918287937743,0.240373125953115,0.33057823960073146,0.727129306039835,3084.0,1993.1184210526317,8.099999999999994,464.7763157894737,0.23319051737227434,0.0,-0.4,-0.4,0.6619078384022654,-1.218347153836524,8705888.374930268,7717671.0,2155132.0,3403741.0,3873144.1879205485,1071617.464529314,1135359.8311943342,0.06598361467417496,0.06211504056721482,0.04763759514645788,0.0725918786350403,0.05047630993484159,0.07181948414610799,0.15233335753942842,0.12491005235118202,0.07357552631752674,0.12556361691874013,0.11546307360193296,0.03753045016735214,3.5538176877759984,0.1255083645109622,0.4827752154883099,0.08,0.48994691739828067,0.16962556677898177,0.0013261036265784937,320.7912093558671,274.9641620590343,0.0,Kristian,REC_20260519_161001.csv
left,38,loose,47.152,1.1999999999999957,1.0,16415.0,1.2183917054816895,29003.276383884633,937.5,0.47235504704118864,0.34498094027954257,0.5336721728081322,0.24013743870300563,0.3356506655102245,0.7154385895157055,3148.0,1972.171052631579,12.099999999999994,459.3421052631579,0.23291189912266072,0.08,0.0,0.08,0.5829725497182564,-1.3719110555753824,8967597.265419874,7771427.0,2394591.0,3780034.0,3942749.8015380637,1097942.3973169497,1347304.1732647838,0.06379557660873336,0.05845815124929112,0.04503452647029389,0.08212963271841746,0.04685592287420356,0.0707876038296027,0.15212329452580312,0.12414851386062647,0.07741935483870967,0.12362811488808087,0.11598892484237916,0.03963038329385863,3.382197558020485,0.11317597115900922,0.46406882596856797,0.08,0.4997311782041872,0.12804061167758732,0.0017681528660155633,539.9509236958482,293.1982126078641,3.982016671564431e-09,Kristian,REC_20260519_161001.csv
left,39,loose,48.368,1.1839999999999975,0.0,16042.0,1.177573832480306,28806.456863002088,760.4166666666667,0.3831324270445197,0.33150015276504735,0.5050412465627865,0.24494856481359678,0.3210094977505328,0.7630570638242551,3273.0,2027.1466666666668,5.200000000000003,482.20666666666665,0.23787458233576256,0.0,-0.25675675675675674,-0.25675675675675674,0.4363725786041562,-1.446544003295243,9051189.828708379,7990117.0,2693915.0,3290120.0,3877103.1566878,918004.0046041823,1186433.4519156984,0.06424794127706596,0.062103712278670835,0.04792943776473993,0.07173958799231761,0.046712620695098524,0.06900997132258149,0.15254939619563787,0.12474019311215764,0.07144360546186429,0.1285550790602226,0.12020837170143914,0.0407600831382041,3.464958161655779,0.11312899963853716,0.46972075963318133,0.08108108108108109,0.49644291350458897,0.13475728248652213,0.0009242213254851359,518.251226079913,137.53682166901484,0.009237604307035937,Kristian,REC_20260519_161001.csv
left,40,loose,49.568,1.2000000000000028,1.0,16185.0,1.193222507652418,28363.11162407961,1906.25,0.9604552623170836,0.32473444613050073,0.528679817905918,0.22531836681108047,0.3392214782722857,0.6642219943098384,3295.0,2004.4736842105262,8.299999999999997,437.63157894736844,0.21832742549560197,0.13333333333333333,0.0,0.13333333333333333,0.7725990130160997,-1.0767974904266908,9241572.437014114,8170933.0,2476447.0,3536909.0,3977040.7467474313,941514.8567585981,1145108.8528003509,0.06950242877773402,0.06658133123276881,0.05157542339503742,0.07441249835893397,0.047899435473283444,0.07560063016935802,0.14242483917552845,0.11334514900879612,0.07472758303794144,0.12197715636077196,0.11197321780228436,0.04998030720756204,3.3373902269809776,0.11653006048297183,0.4640697156915347,0.08,0.43532407304638093,0.13091392171616467,0.0012242329034130917,188.18342116137518,616.8156257778361,0.009237604307035937,Kristian,REC_20260519_161001.csv
left,41,loose,50.784,1.2319999999999993,1.0,16788.0,1.2592095784830728,28720.341310646014,1750.0,0.8817294211435521,0.33900928792569657,0.5256965944272446,0.23441999912917452,0.32621744512244427,0.7186004385536076,3230.0,2061.1153846153848,15.0,469.29487179487177,0.22768976220244203,0.33766233766233766,0.0,0.33766233766233766,0.615602997143854,-1.367968454401133,8722506.139282506,7776314.0,2719572.0,2866179.0,3869104.7263303953,1156869.6269051528,1109499.9304806383,0.0645219479121959,0.050993052056703174,0.04791406196545311,0.0788967885200321,0.03998332991223323,0.07333594580977439,0.15654332045755656,0.11923466880640926,0.08300832882370138,0.12894437291235142,0.11518533032276523,0.04143885250082417,3.456984901630727,0.127246162382755,0.47585884675561363,0.07792207792207792,0.49414300588428234,0.132563140073217,0.0012005287680858813,395.9322332588402,621.3725752837944,0.02444040370643193,Kristian,REC_20260519_161001.csv
left,42,loose,52.032,1.2000000000000028,0.0,15707.0,1.140914348685498,28733.401678186314,781.25,0.3936292058676572,0.3404122423485322,0.5455965021861336,0.24183572568813863,0.33579354872066647,0.7201916969791416,3202.0,2035.907894736842,-6.900000000000006,478.3881578947368,0.23497534398852185,0.0,-0.76,-0.76,0.5350031882292133,-1.433696534605613,9312551.117550818,8056090.0,3018896.0,3565009.0,4078830.765970547,1035691.4738805813,1145498.8888146195,0.05802402910895824,0.05585249048336124,0.05097945440092032,0.07215195600049118,0.04447130143670546,0.07890569964260094,0.14560942034137106,0.12460495446878089,0.08441210115750765,0.12276948729714533,0.11723077121935772,0.04498833444279999,3.33197451003779,0.1031783110936811,0.4596550598284631,0.08,0.47535798412977204,0.11312470232742201,0.0011436820510766616,541.7031782566281,609.441769846253,0.018475208614066516,Kristian,REC_20260519_161001.csv
left,43,loose,53.248,1.2319999999999993,1.0,15372.0,1.1042548648906898,30052.624078439472,632.8125,0.31883965675280235,0.34458819816976965,0.5828337014831177,0.22000306775912978,0.35396827425766625,0.6215332948135115,3169.0,2005.974358974359,-0.29999999999999716,427.6730769230769,0.2131996727723595,0.7142857142857143,0.0,0.7142857142857143,0.7946119019868925,-1.032196357905415,8859057.592461232,7811744.0,2794097.0,3106860.0,3943543.1209885366,1124288.7992301066,1162003.5554970047,0.06494701724336277,0.05988521467922744,0.04994056216686053,0.08048393900272265,0.04845142075594698,0.0801324249357688,0.15122774276839698,0.11382025487965437,0.08501527488400036,0.12171973463883527,0.10618281287947541,0.03819360116574847,3.4322940483903004,0.12110316326777876,0.4781116542033896,0.07792207792207792,0.4832492707016372,0.12233144268232764,0.0008796201797398551,740.0272517504555,606.7149473548097,0.018475208614066516,Kristian,REC_20260519_161001.csv
left,44,loose,54.496,1.216000000000001,0.0,18176.0,1.411100215817979,28997.89166474004,828.125,0.41724695821971663,0.3230633802816901,0.5231807511737089,0.23714957751160085,0.32693315607143314,0.7253763440849295,3408.0,2031.8701298701299,4.200000000000003,467.73376623376623,0.23019865263911438,0.0,-0.35526315789473684,-0.35526315789473684,0.608479897099442,-1.3472790144763331,9220667.126032097,8177042.0,2642603.0,3342654.0,3974506.5353241586,1174316.465814123,1294845.082847229,0.06743196083193782,0.057064696332468336,0.04798854615414116,0.07627801142827924,0.05016170887289555,0.07070448822017973,0.14573612691270277,0.1193449831899472,0.0727242512176103,0.12704053587635983,0.11780459432165366,0.04772009664182444,3.8111264526967985,0.13673186607210047,0.4886599108647201,0.10526315789473684,0.5344717489639965,0.1327788155850353,0.0010811022647164337,1531.3720427555588,101.96235390860002,0.015999999999998845,Kristian,REC_20260519_161001.csv
left,45,loose,55.728,1.216000000000001,0.013157894736842105,13845.0,0.937153277563311,27707.237772827517,1287.5,0.648700931269899,0.3221196784757368,0.5852932420363204,0.20969431069633704,0.36086582018057545,0.5810866504096448,3359.0,2095.753246753247,0.0,425.87012987012986,0.2032062364831787,3.0,-0.8933333333333333,2.1066666666666665,0.7144550028864356,-1.1274464644767876,9223869.720107988,8091520.0,2845410.0,3392745.0,3890030.790210839,1195782.2262051555,1065346.1445654135,0.06331294578399113,0.05940894697378124,0.06268706660965588,0.08145104819269641,0.051545177941787035,0.08111022289974158,0.14462146703599732,0.10829568763052058,0.08735042417256914,0.11521134266574953,0.10139862306581646,0.04360704702769361,3.6311262852456214,0.10179402778943898,0.49146787517955176,0.05263157894736842,0.4862231345393031,0.1394151060344125,0.0012645194312002768,2196.652984277064,336.10218831418325,0.009237604307034044,Kristian,REC_20260519_161001.csv
left,46,loose,56.96,1.2479999999999976,0.9871794871794872,14907.0,1.053369312757598,28298.947171228825,665.1785714285714,0.3351471524244624,0.3207040572792363,0.5808472553699284,0.22532393000288484,0.3563935895311225,0.6322333976293409,3352.0,2062.2911392405063,-2.4000000000000057,451.4493670886076,0.218906709386758,0.7272727272727273,-3.0,-2.2727272727272725,0.6647030880607058,-1.272973432628438,9261721.828356972,8177042.0,3036000.0,3114190.0,3892405.063985052,1050518.0070468276,1104660.9149835352,0.0623062711375452,0.06210985692452171,0.04853272444927296,0.08081831071500911,0.05533970451936828,0.07754064853517963,0.14788148857421696,0.11632017971900492,0.08058506883704372,0.11611762756182445,0.10900375028387992,0.04344436874313318,3.341279582865439,0.12504960739099102,0.49742893301577695,0.07692307692307693,0.42763453715647554,0.12015302906633388,0.0018550485771517246,2257.275865580752,322.7126920519147,0.018475208614066516,Kristian,REC_20260519_161001.csv
left,47,loose,58.224,1.2000000000000028,0.0,14606.0,1.0204304929897257,27451.897475402315,2234.375,1.1257795287814996,0.33488084184463013,0.5827917053543794,0.23014218377706416,0.3565083393763597,0.6455450219743369,3231.0,2032.2105263157894,5.5,453.94736842105266,0.22337615249145346,0.0,-0.9866666666666667,-0.9866666666666667,0.6475378853175211,-1.292368878145595,8654181.590067428,7765318.0,2511877.0,2878397.0,3815817.944547462,1130624.4331412206,898016.3755595111,0.05799362892365068,0.06163239407438102,0.04863125453226976,0.0791399046928416,0.052011032839531755,0.08051900963431058,0.14823111985911117,0.11814332331917539,0.08320599813529472,0.11627214337511654,0.11199886045788875,0.04222133015642806,3.4502027461323546,0.10422877387116146,0.48769816175709946,0.05333333333333334,0.4182222111501129,0.13586317877933407,0.0019858818074361155,547.3521109243404,790.1723079520386,0.024440403706428852,Kristian,REC_20260519_161001.csv
left,48,loose,59.44,1.216000000000001,1.0,15510.0,1.1193563835882527,28192.91935930013,2401.0416666666665,1.2097537593665997,0.32028898254063815,0.5421432871763998,0.21989705510083538,0.3648117977710417,0.6027684862279123,3322.0,2000.8181818181818,-10.299999999999997,426.53246753246754,0.21317902416543882,0.7631578947368421,0.0,0.7631578947368421,0.9296904269070058,-0.6985129432270947,8761574.589009272,7674910.0,2900388.0,3073873.0,3867150.848918911,1136222.7120182442,1021533.3126711273,0.05922252584981468,0.058657821800172656,0.04450127545225005,0.07992834100335577,0.055717466231346914,0.08017499334687758,0.1527881451094682,0.11529049804300838,0.0903331753892888,0.11602396422242849,0.104606557057827,0.042755236494161485,3.5747856248969208,0.10680883479067083,0.48872093611262085,0.07894736842105263,0.4435307159584862,0.14201442776340975,0.002156469701703071,460.33067824481566,957.7208965932858,0.024440403706428852,Kristian,REC_20260519_161001.csv
left,49,loose,60.672,1.2000000000000028,0.0,18492.0,1.4456805050094996,30425.745085371367,781.25,0.3936292058676572,0.33948685857321653,0.5588235294117647,0.22626405917519504,0.3462627081433445,0.6534462240767541,3196.0,1947.828947368421,-4.0,426.45394736842104,0.21893808896544736,0.0,-0.013333333333333334,-0.013333333333333334,0.8892992711666957,-0.8256575769958205,9062105.454752224,8057312.0,2849075.0,3014009.0,3997782.4542652946,1175952.2289235631,1105711.7015607755,0.06713952781436822,0.05732428141993448,0.04344918431452022,0.08380450569122166,0.04907623197216874,0.07370554260816699,0.1540446516026615,0.11820853176613638,0.08235214645185261,0.12268720235079543,0.10805552740905867,0.04015266659911508,3.784005924063878,0.13191929651862905,0.4890812381727046,0.10666666666666667,0.5064026129564914,0.16756075938798107,0.001703356309997542,2033.4919063850077,890.9802735195241,0.009237604307034047,Kristian,REC_20260519_161001.csv
left,50,loose,61.888,1.2319999999999993,1.0,14888.0,1.0512901181543104,28228.297770145477,483.0729166666667,0.24339405896150137,0.34085290482076636,0.4901112484548826,0.22616463464221148,0.34156777619997875,0.6621369180606637,3236.0,2049.448717948718,-0.5,449.46794871794873,0.2193116347735789,0.19480519480519481,0.0,0.19480519480519481,0.5848248233731838,-1.3047181297486516,8907645.746500587,7685906.0,2992017.0,3364645.0,3832182.1634717737,1027089.2060301357,1160204.053839474,0.06700989008926729,0.06203043970548678,0.05199021625577861,0.07387227334430146,0.04955053579136354,0.07450408802867563,0.1481261377356012,0.11657293706249962,0.08161043933015133,0.12352915418154976,0.10959169757971188,0.04161219089561296,3.4429684903065327,0.10985288694436925,0.4797104623409246,0.12987012987012986,0.46105820435080624,0.137251342758906,0.0015504348367260889,1926.4831515830429,1032.0883959561886,0.015999999999998845,Kristian,REC_20260519_161001.csv
left,51,loose,63.136,1.2479999999999976,0.0,15142.0,1.0790856670614186,28257.301658155542,580.7291666666667,0.2925977096949586,0.3601818772328678,0.5417343293277038,0.24885146942017472,0.3257442414614774,0.7639474094869625,3079.0,1992.0886075949368,2.200000000000003,482.03164556962025,0.24197299444003176,0.0,-0.6794871794871795,-0.6794871794871795,0.5136237578299432,-1.4650493602004093,9015513.495366417,7787310.0,3165503.0,3258355.0,3774203.611402347,1165567.161285935,1140519.8123016704,0.06424146147736298,0.06597617156473393,0.04679269261318507,0.06940746624305004,0.051158061953931695,0.06729785544082605,0.15098332009531373,0.1292772041302621,0.07190468625893566,0.12615091342335186,0.11957426528991262,0.03723590150913424,3.392472600493434,0.13464114342817673,0.48797510971099023,0.10256410256410256,0.4729918238191425,0.1382165693683479,0.0009128170888266663,2011.4601661479653,152.01695124224656,0.024440403706428856,Kristian,REC_20260519_161001.csv
left,52,loose,64.4,1.1839999999999975,1.0,16932.0,1.2749676849500948,29712.872849995503,885.4166666666667,0.44611309998334486,0.3579507651363939,0.49434464404524286,0.23980314353416243,0.3303655304889163,0.7258721670474823,3006.0,1901.8933333333334,-7.099999999999994,441.8666666666667,0.2323298888125517,0.2702702702702703,0.0,0.2702702702702703,0.7113749264323239,-1.1699142922150096,9155595.24390135,8036543.0,2681698.0,3470936.0,3951562.4442896815,1186369.347391166,1202703.5013687918,0.06176301510074172,0.058573211256151766,0.042778424307006346,0.07786626659749582,0.04980300332300444,0.07051920191808864,0.1583264396180648,0.12355407243308422,0.07360384739417564,0.1305996831227829,0.11624907110107822,0.03636376382832546,3.955782386987659,0.1524511499722399,0.4868038684864119,0.10810810810810811,0.53883870831164,0.17686113653274077,0.00131006330470507,1114.0430871380156,209.8617437681175,0.0333066559914587,Kristian,REC_20260519_161001.csv
left,53,loose,65.6,1.2319999999999993,0.012987012987012988,17286.0,1.3137063633481905,29161.200318231073,1187.5,0.598316392918839,0.3458741700916851,0.4533670565918432,0.22852470643864767,0.3370701657603699,0.6779736970277082,3163.0,1952.1538461538462,-2.200000000000003,432.19871794871796,0.22139582840780728,2.0,-0.19736842105263158,1.8026315789473684,0.8858817605135009,-0.7815827360149372,9068647.576273873,7973013.0,2538755.0,3496592.0,3805145.9389916384,1051589.2417188475,1132774.0331633082,0.0703759161478446,0.06512202169858407,0.0470223553208816,0.07906454409330917,0.051809966637770245,0.06783434470801482,0.15412956103711875,0.11781201565660546,0.07323928862269156,0.12806367720072503,0.1107126907820422,0.03481361809441248,3.584364063440729,0.11957064891620421,0.47445002227932764,0.07792207792207792,0.5162629942712071,0.18458726814040333,0.0018627252766972465,1149.3586617472085,303.3863480553169,0.0333066559914587,Kristian,REC_20260519_161001.csv
left,54,loose,66.848,1.1839999999999975,1.0,17233.0,1.307906504717967,30903.25791886674,769.6428571428571,0.3877810005233377,0.34963985594237695,0.44687875150060025,0.25142220552270583,0.3239728149451882,0.7760595763717378,3332.0,2022.68,5.399999999999999,493.67333333333335,0.24406892505652567,1.337837837837838,0.0,1.337837837837838,0.5611907648607335,-1.3859986249930578,9573363.807592658,8286997.0,3127630.0,3632204.0,4000600.832783597,1282728.279498552,1278026.5403961358,0.06212879282272365,0.05491064660087936,0.047086044258113,0.07629481677774042,0.04802209609692751,0.06793626937198831,0.1572039736059749,0.13185147098568895,0.07680898609765262,0.12625493569587543,0.11957073453701689,0.031931233149418925,4.031574370325367,0.1716239749828887,0.4986056274191851,0.05405405405405406,0.5249336379042059,0.18497153916249465,0.0014392310694686253,190.93017921045188,215.74000829940496,0.027712812921103388,Kristian,REC_20260519_161001.csv
left,55,loose,68.048,1.2000000000000028,0.0,17406.0,1.3268381187373754,29219.80829848136,1250.0,0.6298067293882516,0.3449704142011834,0.46568047337278107,0.2367075698698252,0.3353418339121103,0.7058694917601789,3380.0,1974.0657894736842,8.200000000000003,452.8092105263158,0.22937898672923235,0.0,-1.7733333333333334,-1.7733333333333334,0.6665896911910919,-1.143404869421061,9321374.391418038,8174598.0,2917492.0,3398854.0,3939587.3036974585,1168964.7081223535,1151527.109713295,0.06100820508035114,0.0604549787041172,0.044651367402302224,0.07491884902252231,0.050590219224283306,0.07390571156243127,0.15400355931186638,0.12067000379926549,0.07547207539875624,0.12882176112618227,0.1160375660705597,0.039465703297362514,3.694165884185434,0.11833830926682386,0.48135069774822187,0.10666666666666667,0.4891785012404465,0.14912129421614553,0.001241732473864496,88.63595959505128,261.16847261573287,0.024440403706431874,Kristian,REC_20260519_161001.csv
left,56,loose,69.264,1.2160000000000082,1.0,14448.0,1.0031403483939656,26392.53132990468,618.75,0.3117543310471845,0.362475442043222,0.5212835625409299,0.22863530805214163,0.3416088313382086,0.6692898048219343,3054.0,1951.7272727272727,5.5,432.2597402597403,0.22147548292222008,0.8157894736842105,0.0,0.8157894736842105,0.7463212668983313,-1.1156149400350965,8426666.884671483,7534411.0,2452013.0,2868623.0,3773894.08379023,1123957.2158296164,1041780.5414976422,0.06622838245177431,0.0653833101548412,0.048634908805387164,0.07463918074565985,0.05167583825183154,0.07290911147634796,0.1535369935388567,0.11777113845212034,0.07700139070952802,0.12525036098560716,0.1108641696000213,0.03610521482802446,3.8371548448447808,0.1378563010445169,0.48891946255716034,0.10526315789473684,0.5540676763654722,0.20156768241777095,0.001473804151582365,1660.1163613835438,329.64329244670114,0.016000000000005784,Kristian,REC_20260519_161001.csv
left,57,loose,70.496,1.2319999999999993,0.0,16917.0,1.2733262155264466,29829.198732114815,1500.0,0.7557680752659018,0.34552102376599636,0.44911639244363194,0.2440611885394539,0.3217126055644785,0.7586311021628752,3282.0,1979.5897435897436,0.7999999999999972,468.71153846153845,0.23677205844256774,0.0,-0.22077922077922077,-0.22077922077922077,0.5560253961321948,-1.346141354870135,8713118.153128592,7699345.0,2594955.0,3147177.0,3715796.561057552,1132056.9846300308,1223340.4506780913,0.06342935599191751,0.06191389047199627,0.050567328117714104,0.07234081135692451,0.04487461789544583,0.0684938604217398,0.1568247759183462,0.12533029376716232,0.0740894254183721,0.13078337909952853,0.1187308947722916,0.032621366768561214,3.455712477834739,0.12765897676583174,0.4709474521211974,0.07792207792207792,0.48594020556354167,0.15146802581436017,0.0006463284019908026,1585.6043012050654,454.16188835406797,0.015999999999998654,Kristian,REC_20260519_161001.csv
left,58,loose,71.744,1.2000000000000028,0.0,18880.0,1.4881398474345309,30391.848265612276,1054.6875,0.5313994279213372,0.32857567647933394,0.42105263157894735,0.26398710653553925,0.31692925040292075,0.8329528000318961,3363.0,2000.1973684210527,-7.900000000000006,513.9078947368421,0.2569285925731013,0.0,-0.8533333333333334,-0.8533333333333334,0.44320646897129734,-1.4612520734105954,9104524.45695496,8107403.0,2442239.0,3346319.0,3885463.1949596624,1177424.1068232337,1153993.2437947239,0.05817189093181594,0.05614577508798474,0.04470611452817156,0.07103904219978291,0.04865309344472585,0.06742755649113574,0.15647140084860045,0.13839423741078183,0.07366378317929151,0.12741505772456665,0.12559286912475742,0.03231917902838535,3.43084687870049,0.11447062910871056,0.4602644619983819,0.08,0.5067749849443038,0.16060741953114321,0.001063986232483779,2220.808936701521,440.63331109183,0.015999999999998654,Kristian,REC_20260519_161001.csv
left,59,loose,72.96,1.1840000000000117,1.0,17219.0,1.3063744665892287,28791.772679013706,816.40625,0.41134252013170175,0.3525662529352566,0.5035223079503522,0.24668268728450526,0.3186709852679971,0.7740983606544687,2981.0,1914.2,11.0,458.2266666666667,0.2393828579389127,0.08108108108108109,0.0,0.08108108108108109,0.5567376251786376,-1.3736034475102519,9095442.585720059,8060977.0,2652376.0,3273015.0,3834541.670611408,1318857.4152014619,1233058.3293917214,0.06470936509594956,0.05823842858635461,0.04761606241075471,0.07138230070003133,0.04774840664507366,0.06787169574757078,0.15783791314038936,0.12889631874064011,0.07343015358896667,0.13000383101730922,0.11778636854386515,0.03447915578309477,3.795601994995748,0.1642603171957809,0.4892796323532687,0.08108108108108109,0.4810221049236902,0.17614506845250372,0.0014361968296520333,1057.0000000000039,346.98261046649776,0.02444040370642565,Kristian,REC_20260519_161001.csv
left,60,loose,74.16,1.1839999999999975,1.0,17214.0,1.3058273101146793,30862.320084530264,1239.5833333333335,0.6245583399766829,0.35703479576399394,0.5307110438729198,0.23153016548184033,0.35230368313608107,0.6571891710598035,3305.0,2031.24,-10.400000000000006,455.38666666666666,0.22419146268617526,1.6756756756756757,0.0,1.6756756756756757,0.7840565443687965,-0.9830372122941662,9208010.876198778,7718893.0,3067765.0,3974289.0,3832943.5911614527,1319480.0284884032,1386541.5081473545,0.060481938782878115,0.0674661782950316,0.04746525931614842,0.0748245734953362,0.05977301221585501,0.07302600053825907,0.14904524658172677,0.12221106319292649,0.07721391859159922,0.11910622739476051,0.10931910228891384,0.04006747930656479,4.173286282017487,0.17275684009198344,0.5073774473565573,0.0945945945945946,0.5671231164565104,0.2016981235819899,0.0011482655687374435,960.4254265688764,212.14903061452412,0.009237604307033855,Kristian,REC_20260519_161001.csv
left,61,loose,75.36,1.1359999999999957,1.0,17851.0,1.3755350449722696,31405.638617929744,1562.5,0.7872584117353144,0.3421576999715343,0.3896954170224879,0.23617417707542612,0.33737492236560623,0.700034772647213,3513.0,2012.638888888889,4.900000000000006,458.80555555555554,0.22796218342419433,0.3380281690140845,0.0,0.3380281690140845,0.8492046640193758,-0.8993141886483489,9346347.599330394,8128172.0,2509434.0,3871663.0,4034980.167717678,1190980.7398434225,1331205.056355972,0.06252156510937823,0.05870540335380581,0.05143882409771582,0.0736319094610448,0.049727417017459107,0.0720447174108067,0.1537920088330688,0.12364226071354634,0.08326547512248983,0.12055758746808364,0.11253191636187979,0.03814091505072113,4.4033287351705965,0.15868681622186362,0.5090000605016525,0.08450704225352113,0.5663970528532186,0.2114105353969492,0.0015477261918160718,366.3372762905904,374.1679438564716,0.02771281292110751,Kristian,REC_20260519_161001.csv
left,62,loose,76.512,1.1359999999999957,1.0,18367.0,1.4320015931457653,31788.225414451812,1554.6875,0.7833221196766378,0.3507798043880518,0.4062913031985197,0.21794495588144974,0.3648293605028082,0.5973887506772598,3783.0,2035.236111111111,-4.599999999999994,426.00694444444446,0.2093157359574715,1.7605633802816902,0.0,1.7605633802816902,1.2690889243944312,0.041114904395278984,9347800.674609777,8299215.0,1833817.0,3891211.0,3987388.6467099576,1008397.4300730899,1433991.2909984067,0.06718439711472188,0.06435234787118613,0.0467731699161304,0.0868586090884896,0.05085405051283976,0.0738107099230911,0.1499894224666808,0.11150767382981773,0.0889536431072016,0.11765629158506044,0.10643728205163201,0.03562240253314863,3.9851258042190043,0.14694131265709998,0.4802707980732034,0.08450704225352113,0.5264048046723978,0.19814178734075172,0.002025594061418507,577.557212173254,184.2221686886311,0.027712812921103436,Kristian,REC_20260519_161001.csv
left,63,loose,77.664,1.152000000000001,1.0,17133.0,1.2969633752269796,30596.097136726443,2750.0,1.3855748046541534,0.34924242424242424,0.3717171717171717,0.23169829443680068,0.3309104125022715,0.7001843571026297,3960.0,2110.7397260273974,0.7000000000000028,470.4109589041096,0.2228654500142779,0.6111111111111112,0.0,0.6111111111111112,1.0638628685858604,-0.3938217437090592,8832723.495403556,7860613.0,1744631.0,3630982.0,3727616.5204046364,1052256.041152896,1527846.4964550033,0.058980815658991194,0.05663144778172944,0.061855870823706555,0.07129228213182419,0.044839178629838265,0.07510189247423484,0.15031411437916978,0.11666363801562783,0.08304561148464473,0.12470470652371432,0.11503465642117286,0.04153578567534591,3.9717972127202215,0.16736463792585915,0.4902553356917517,0.08333333333333333,0.45295526387953994,0.18868912511265284,0.0014684731225257665,619.7494117248851,687.8698105761611,0.009237604307038214,Kristian,REC_20260519_161001.csv
left,64,loose,78.832,1.13600000000001,0.0,17635.0,1.3518978852717367,31435.16858551899,1473.9583333333335,0.74264710173698,0.34024179620034545,0.3298791018998273,0.23288787051998622,0.31619692193584276,0.7365279493988516,4053.0,2097.277777777778,10.299999999999997,469.59722222222223,0.22390797594765702,0.0,-0.647887323943662,-0.647887323943662,1.101021058133719,-0.18166243350104905,9294283.590656893,8223467.0,2155132.0,3756821.0,3835421.258957561,1346124.261931914,1511820.1550343917,0.07122990119467033,0.06154141612142725,0.060859314985033504,0.0712232788535403,0.041767105507138885,0.06713067203517788,0.15431379301210565,0.12026171492145904,0.07453444941855845,0.12944027972768934,0.11262615559852719,0.035071918624672196,3.7971163240696946,0.14884362492976488,0.4654533825857199,0.07042253521126761,0.42791969894122267,0.20177364016700364,0.001471532926119364,620.5621107780763,714.5594803882542,0.009237604307034096,Kristian,REC_20260519_161001.csv
left,65,loose,79.984,1.1680000000000064,0.0,15893.0,1.1612685695387348,29848.507450122193,504.16666666666663,0.2540220475199281,0.3571808510638298,0.3547872340425532,0.25916202007328343,0.3035462800700972,0.8537809127920565,3760.0,2120.608108108108,20.799999999999997,532.5067567567568,0.25111040305878607,0.0,-2.1780821917808217,-2.1780821917808217,0.5890626887090811,-1.1907536704054065,9950647.83265321,8101294.0,3937637.0,4228409.0,3607107.5355739114,1343517.2176489704,1563038.3068733078,0.06102915405448463,0.055950294726780314,0.04911900589453561,0.07000159311773141,0.04086665604588179,0.06636928469013861,0.15709415325792578,0.13148956507885934,0.07035845148956509,0.13517285327385695,0.1276724549944241,0.034876533375816476,4.03529912984882,0.19183066420276473,0.5048964571913265,0.0547945205479452,0.4473113172547485,0.21379287846157036,0.0014780327964555122,896.6760842132506,1126.3914042135227,0.0159999999999989,Kristian,REC_20260519_161001.csv
left,66,loose,81.168,1.1999999999999886,1.0,16367.0,1.2131390033260154,28795.899465028004,898.4375,0.4526735867478058,0.34403919433859553,0.4227000544365814,0.21066384859256412,0.3607455086943991,0.5839680426090655,3674.0,2054.407894736842,-6.900000000000006,416.6842105263158,0.2028244788164089,1.0666666666666667,0.0,1.0666666666666667,1.2471517608800842,0.04607556777174482,8920308.04661386,7640702.0,2728124.0,3707952.0,3603280.0222974895,1206304.7589028685,1393730.773532117,0.06358599929548148,0.06186953597848016,0.052781246997790375,0.0781439139206456,0.050289813302590705,0.08056489576328178,0.1522272392480866,0.10976398629391232,0.08987734972940084,0.1180260671854485,0.1008998622986518,0.041970089986229864,3.887484552655527,0.1422712420045357,0.48285548742216383,0.08,0.4811154844461634,0.16677929123400542,0.0011282678090781294,900.6538365728212,487.71056928506397,0.031999999999989676,Kristian,REC_20260519_161001.csv
left,67,loose,82.384,1.152000000000001,1.0,18128.0,1.405847513662305,30923.511912459104,1171.875,0.5904438088014858,0.3453912111468382,0.37272240085744907,0.23807670629914918,0.3216269894522129,0.7402261442805933,3732.0,2041.5890410958905,-7.599999999999994,468.43150684931504,0.22944456372956867,0.06944444444444445,0.0,0.06944444444444445,0.983264799998037,-0.4710790476792157,9119071.430932209,7948578.0,2283414.0,3842342.0,3762940.4453668483,1341993.9078539608,1548963.143348073,0.06284387664725301,0.055718081537346684,0.04982017767519257,0.07395528597117475,0.04427789258970987,0.06608470436673018,0.1610684666791916,0.12401701602297431,0.0815910249872514,0.1324042513218283,0.11405969027617488,0.03415953192517244,3.989352939001055,0.166473019986123,0.4933228062900693,0.09722222222222222,0.46659104205231583,0.18670142278904925,0.0022130058440779717,1177.6404374850626,335.6714601179722,0.024440403706424165,Kristian,REC_20260519_161001.csv
left,68,loose,83.552,1.1839999999999975,1.0,16735.0,1.2534097198528493,29966.68426769969,1656.25,0.8344939164394333,0.3425974025974026,0.3511688311688312,0.23705655440557047,0.30812400276322466,0.769354390697637,3850.0,2181.0266666666666,31.700000000000003,499.58,0.22905726355172182,0.28378378378378377,0.0,0.28378378378378377,0.9173884525510153,-0.5382646146959531,8858697.218293501,7782423.0,2382374.0,3497814.0,3698608.765879463,1331541.0608528883,1479144.916558176,0.0701321090373341,0.06285113432817573,0.07486993892784438,0.06541873246238775,0.045104140557657865,0.06338299394169107,0.1502717374692041,0.12414948311804226,0.07136700147331226,0.12534158225178357,0.1129070712875282,0.034204075145038725,3.9837242055229383,0.17122344952451193,0.4989186702687842,0.10810810810810811,0.5028984836858625,0.20411590607180535,0.0015990712626648414,928.8876860704652,383.76794033797313,0.024440403706425723,Kristian,REC_20260519_161001.csv
left,69,loose,84.752,1.13600000000001,1.0,16515.0,1.229334834972677,28858.801378435663,1429.6875,0.7203414467378126,0.3582887700534759,0.3592610597958191,0.243667281938499,0.3324824254801084,0.732872667138106,4114.0,2121.9166666666665,22.5,497.7291666666667,0.23456584063150457,2.352112676056338,0.0,2.352112676056338,1.300822449278905,0.306829592911551,9019394.816512303,7937582.0,1792278.0,3889989.0,3793906.3361085765,1181004.7038027896,1474656.2244367423,0.06678972103313305,0.07071698804801739,0.05320137716163322,0.07087407872861276,0.05252065087905327,0.06588644961970964,0.14566887902708506,0.12465145505242903,0.07248425820471534,0.1181125554726466,0.11901582688606999,0.040077759886894715,3.8769202974043053,0.1668852147342006,0.4872718004787344,0.08450704225352113,0.4367094201153632,0.2027162726132662,0.0017606121716227385,874.7016634258845,242.35545251671888,0.024440403706425723,Kristian,REC_20260519_161001.csv
left,70,loose,85.904,1.152000000000001,0.0,17281.0,1.313159206873641,29437.414866118932,1145.8333333333333,0.5773228352725639,0.34041559654447817,0.3278076114872753,0.22930281850066866,0.32562892685019307,0.7041844246406159,4283.0,2171.5616438356165,-0.5999999999999943,478.7260273972603,0.22045242360778178,0.0,-1.5277777777777777,-1.5277777777777777,1.2039314987290786,-0.006117747096611836,8665475.317957405,7505090.0,2111150.0,3782477.0,3716469.2219121726,1348183.2230820104,1557840.2740001413,0.07005879235951654,0.06903686508036638,0.06233756402815977,0.0639461532638591,0.0450972723373117,0.06930180918977567,0.1448613459160758,0.11483434684968837,0.07824682697888018,0.1276778279629583,0.1144684716509803,0.040132724382427896,3.7059964286796143,0.15695082757136938,0.48043665200810315,0.08333333333333333,0.43390133735877223,0.17033556819967594,0.0018543742388045731,394.3923596285077,255.74366331393574,0.024440403706425723,Kristian,REC_20260519_161001.csv
left,71,loose,87.072,1.1679999999999922,0.0,17205.0,1.3048424284604905,29671.357939939317,1047.6190476190477,0.5278380208206299,0.3471010774756285,0.3473576192919446,0.2313295108991915,0.3170715688399372,0.7295813741522053,3898.0,2057.554054054054,15.100000000000001,458.80405405405406,0.22298517657412698,0.0,-2.26027397260274,-2.26027397260274,1.0662385477957286,-0.2621949769222014,8876416.934879525,7839844.0,1910786.0,3698178.0,3762649.0325853117,1222870.2610705085,1376056.426811847,0.06980211350396363,0.05814434614702579,0.053862169067181574,0.06959851305998331,0.04439803230022527,0.06967075837881505,0.15281198484161854,0.11985498394183594,0.07525991895388778,0.13443540283333005,0.11147452695735556,0.040687250014777444,3.733701251140046,0.15298905568128318,0.4894808856878219,0.1095890410958904,0.4758166874228239,0.14971412404861562,0.002169496529770189,422.0252757043614,198.4084743473974,0.01599999999999174,Kristian,REC_20260519_161001.csv
left,72,loose,88.256,1.1680000000000064,1.0,17429.0,1.3293550385203026,28343.31254458448,1244.7916666666665,0.6271825346824671,0.35443037974683544,0.37066593285635663,0.2338372356573281,0.33429260218273726,0.6994986850745447,3634.0,1967.527027027027,15.799999999999997,443.2837837837838,0.22529997184007913,1.2328767123287672,0.0,1.2328767123287672,1.1006941607417116,-0.2836861348757873,8822735.87897864,7804414.0,2365270.0,3367089.0,3703382.853547827,1170238.2300842383,1391499.8932671517,0.06309195931234847,0.061629017081395905,0.04612732405200656,0.07239846974868987,0.04995982060069919,0.07232291874145758,0.15371882662417494,0.12109452804659436,0.07798237601049471,0.1305177991304766,0.11274270761073374,0.03841425304092804,4.352618960104805,0.18572363991066274,0.5141445484331058,0.0958904109589041,0.4911744294647416,0.20050142565644677,0.001478946858228938,113.91224692722602,98.58654350077009,0.00923760430703405,Kristian,REC_20260519_161001.csv
left,73,loose,89.44,1.1359999999999957,1.0,20315.0,1.6451737556302015,32428.0534414263,1703.125,0.8581116687914927,0.34420471650777723,0.3760662318113397,0.22495579104978508,0.36117098860248087,0.6228512204702326,3986.0,2152.027777777778,-21.400000000000006,465.7083333333333,0.2164044247673383,1.323943661971831,0.0,1.323943661971831,1.217736397129932,-0.012984117416973362,9747539.29195533,8483696.0,2679254.0,3982841.0,4139348.044539924,1200717.5853226725,1433950.235963852,0.05880758457785293,0.06777199798639526,0.04755205039174938,0.07432266725181677,0.06133749822518813,0.07475507596194803,0.14996192221806307,0.11886076439533773,0.08298374917713268,0.11915118815587367,0.10609502665444735,0.03840047500419501,3.947559421362547,0.15516742211867263,0.47252059705812605,0.056338028169014086,0.4861730210135398,0.2137064006124048,0.00264328811545422,1734.5158786627883,336.3119929850362,0.018475208614070586,Kristian,REC_20260519_161001.csv
left,74,loose,90.592,1.152000000000001,0.0,18722.0,1.4708497028387708,31573.605749106326,765.625,0.38575662175030406,0.3500640204865557,0.3613316261203585,0.22809642779451414,0.3426456337879617,0.6656919140412745,3905.0,2078.068493150685,-9.0,455.43835616438355,0.2191642660795391,0.0,-0.3333333333333333,-0.3333333333333333,1.2104086567749184,-0.09926509909215131,9081023.373118361,8151385.0,2669481.0,2982244.0,3869732.5171645987,1235055.9688519274,1359866.744605527,0.06236033197318375,0.05714605897204333,0.04738989709886025,0.08009281537782055,0.046961417016592066,0.07015866947046455,0.16174793505560356,0.121490583326192,0.0882866729510412,0.12313858364260806,0.10660584446832215,0.03462119064726861,4.0873456933496115,0.16522900676017535,0.4935946330747114,0.05555555555555555,0.5239355960440855,0.22258908129887514,0.002122499093139779,1445.5964167083469,468.7885786593798,0.0160000000000059,Kristian,REC_20260519_161001.csv
left,75,loose,91.76,1.152000000000001,0.0,17525.0,1.3398604428316505,30459.439013218875,1104.1666666666665,0.5563292776262888,0.35130208333333335,0.36328125,0.23525482284195112,0.3390058096773976,0.6939551362422989,3840.0,2030.150684931507,7.700000000000003,460.21232876712327,0.22668875378708644,0.0,-2.2083333333333335,-2.2083333333333335,1.0767622082687152,-0.2629170255134623,9020453.875668896,8049982.0,2331061.0,3336545.0,3859734.664655081,1211728.4581759165,1386245.776055001,0.061173676290983185,0.05980391495334039,0.05128170525165147,0.07127482270699928,0.04661911862942895,0.07435172502209836,0.1515171962402413,0.12273196537135377,0.0869562283655306,0.12302885945438964,0.11252285747059736,0.03873793024338567,3.7513438134955495,0.13687259681575634,0.47699906187798746,0.08333333333333333,0.4607180072450124,0.1895548886207866,0.0017207315246571123,1399.6760339450027,474.7398928428929,0.009237604307038072,Kristian,REC_20260519_161001.csv
left,76,loose,92.928,1.1680000000000064,0.0,15941.0,1.1665212716944087,28019.28493020477,2067.708333333333,1.0418052981963992,0.32918245804006496,0.41499729290741744,0.2246891823227873,0.3339593637644154,0.6728039597086111,3694.0,2101.0405405405404,2.200000000000003,455.77702702702703,0.21692919209915296,0.0,-0.2602739726027397,-0.2602739726027397,0.9601362544092605,-0.6083758838466746,8906453.864078227,7545407.0,2915048.0,3727499.0,3596563.3252991433,1423881.7875710058,1497379.9184951521,0.06853103674498479,0.0666722409102311,0.05746830720942648,0.0700682416048676,0.05174398785672479,0.07327128771458158,0.14101764248088144,0.11439634158106987,0.07220360567801026,0.1265267531531995,0.11029284074171744,0.04780771432430521,3.7727799856699904,0.17223190688301085,0.4908204141651535,0.0821917808219178,0.4410446735415211,0.20044335696824572,0.002145441088084259,1394.9806450270241,675.5792589100441,0.009237604307038072,Kristian,REC_20260519_161001.csv
left,77,loose,94.112,1.1680000000000064,1.0,16645.0,1.2435609033109607,29208.653820400556,1916.6666666666665,0.9657036517286522,0.34771033013844516,0.3604898828541001,0.2251590406984482,0.33598844792248933,0.6701392327335646,3756.0,2030.7567567567567,8.900000000000006,440.22297297297297,0.21677779552290452,1.273972602739726,0.0,1.273972602739726,1.1957913455410447,-0.04822767908810377,8789632.175175648,7771427.0,1887573.0,3646865.0,3730125.54274058,1162590.1142463116,1380807.3774115997,0.06613830551784716,0.06174638664856664,0.0566224813010727,0.07299901514546568,0.04865048311107562,0.07175463813250287,0.15533418509941707,0.11954670073731001,0.0808379248848785,0.12251457318533898,0.10561233996113817,0.038242966275386626,3.8575639090462692,0.16655674993351882,0.4920038109590122,0.1095890410958904,0.520694103463276,0.21940875289414752,0.0017851023872287302,793.6279564968372,518.2313477061871,0.009237604307038072,Kristian,REC_20260519_161001.csv
left,78,loose,95.296,1.1039999999999992,0.0,16578.0,1.236229006551999,30803.120686060367,953.125,0.4802276311585418,0.3457015939378103,0.3754899399007055,0.2297783124731773,0.33524698002631265,0.6854000965342181,3827.0,2030.5285714285715,0.5999999999999943,448.45,0.22085382412742635,0.0,-1.5797101449275361,-1.5797101449275361,1.087808304975769,-0.15408292722716732,9101673.990392152,7775092.0,2791654.0,3820351.0,3647791.5047959154,1498834.068605927,1657467.746986502,0.06719573369354918,0.06386795837818443,0.04868542321844418,0.07719313057120947,0.04877688427362333,0.07184617657612022,0.15377417561929688,0.1181113995652082,0.07356283022717519,0.13128179151100697,0.11166691290796907,0.03403758345821285,3.904391142485207,0.1686658506790113,0.5110032399461905,0.07246376811594203,0.4234632914959846,0.17395622274201422,0.002121068190017344,388.56016265182626,604.6379268367515,0.03695041722814047,Kristian,REC_20260519_161001.csv
left,79,loose,96.416,1.1839999999999975,1.0,20191.0,1.6316042750613768,33197.011522123496,1343.75,0.6770422340923704,0.30884768833607135,0.37362121567707113,0.2132396891811118,0.37360430364614466,0.5707634711371623,4261.0,2230.6666666666665,15.599999999999994,458.52,0.20555289898386134,0.8108108108108109,0.0,0.8108108108108109,1.2218312512299185,-0.04015864333469166,9643529.013675077,8466592.0,2725680.0,3726277.0,3761933.0892739776,1347114.7194282783,1507344.5786388982,0.057830245068738795,0.06953377166766288,0.050083682008368206,0.07728631201434549,0.05812910938433951,0.07627615062761507,0.14805140466228334,0.1143335325762104,0.09237895995218172,0.11824267782426778,0.09890615660490137,0.038947997609085475,3.9484686652645395,0.1690417959463136,0.4870208583151311,0.05405405405405406,0.46440722875528967,0.21859503820238235,0.0021284897920286487,2066.8967882633483,484.6362795905508,0.042332020977034424,Kristian,REC_20260519_161001.csv
left,80,loose,97.616,1.1359999999999957,0.0,17071.0,1.2901786349425672,30722.19570603638,1019.53125,0.5136861136572927,0.3172749391727494,0.3532846715328467,0.24919116931954483,0.34343696307582583,0.7255805172729424,4110.0,2142.152777777778,-2.0,515.9166666666666,0.24084027620189968,0.0,-0.4507042253521127,-0.4507042253521127,0.83453858849729,-0.6810965671791531,9150035.255058255,7856948.0,1872912.0,4299269.0,3644331.32346627,1514446.1473180174,1785362.2980496543,0.05715952928972023,0.07018510714169936,0.049619087755697476,0.0693292702693941,0.05935747398450416,0.07066489447920381,0.14722339287450967,0.12958796641488637,0.07390021720102441,0.11798229973741368,0.11960320290465846,0.03538755794728823,3.7690890516182116,0.15543944940001414,0.4823788213899447,0.11267605633802817,0.4468289406439276,0.16253077440812483,0.0014845908988443772,1959.2182964982094,209.01175346362095,0.04026578365477694,Kristian,REC_20260519_161001.csv
left,81,loose,98.768,1.152000000000001,0.013888888888888888,17884.0,1.3791462777042955,29488.87254541957,868.75,0.4377156769248348,0.3502428494333513,0.3850512682137075,0.24146296684851026,0.32287295425933693,0.7478575200021406,3706.0,2089.205479452055,0.0,487.3424657534247,0.2332668904741922,2.0,-1.323943661971831,0.676056338028169,0.8223926616139762,-0.8115584636074211,8917874.179244122,7793418.0,2267531.0,3694512.0,3659042.2397033307,1532956.2242864124,1387278.6035433563,0.06418511330255978,0.0661849559378934,0.05207459085186739,0.07152224087284934,0.04715038816617708,0.06605381871590432,0.1514700482584977,0.12271165547629038,0.0719615505665128,0.132127308015107,0.11875131137221988,0.035807018464120856,4.193399288908743,0.19181256197145372,0.5144777195325433,0.08333333333333333,0.46275634563587653,0.22086434746198927,0.0011284069205123536,1618.5187672683967,242.719928862851,0.024440403706431968,Kristian,REC_20260519_161001.csv
left,82,loose,99.936,1.1519999999999868,1.0,16865.0,1.267635788191133,30464.696092362385,1296.875,0.653424481740311,0.33521809369951533,0.3861066235864297,0.2310303302985391,0.3371731420707178,0.6851979041965105,3714.0,2070.3561643835615,17.700000000000003,461.44520547945206,0.2228820400169384,0.375,0.0,0.375,1.0609866938333574,-0.3558625043816308,8990032.979592957,7612602.0,2035402.0,4327369.0,3624366.453950871,1412687.3216456475,1686042.2711612198,0.0635057167054838,0.07564048274401865,0.052608246876984975,0.07076408003387678,0.04996162396781707,0.06417398899004871,0.1518235231844167,0.11872088714799917,0.0766329663349566,0.12764662290916792,0.11230944315053992,0.03621241795468982,4.096715560772141,0.17708320878093234,0.5043867160039553,0.08333333333333333,0.4721461337651259,0.16609939889759417,0.0018246720507981086,538.789693046687,217.15799035135095,0.009237604307034004,Kristian,REC_20260519_161001.csv
left,83,loose,101.104,1.152000000000001,1.0,17640.0,1.352445041746286,29295.84066040775,1229.1666666666665,0.619309950565114,0.3502443565278101,0.28903886432394693,0.21683601467682756,0.3136979447309676,0.6912254871878931,4297.0,2135.5068493150684,5.099999999999994,444.1027397260274,0.20796128088676777,3.375,0.0,3.375,1.3326659970451582,0.3089489175364366,8946961.543906456,7875274.0,1328021.0,4032932.0,3670558.8706957763,1172293.4857284962,1588818.9857838561,0.07230646858081236,0.055730890616580715,0.0818900264285531,0.07734842070151131,0.037519564826931466,0.0661162856336438,0.15395273650989147,0.11335411695276218,0.07698278295230031,0.1259397531624458,0.10348189772406538,0.03537705591050214,4.276029756648711,0.19906913796367184,0.5313373590995527,0.08333333333333333,0.48054536252586116,0.20620474843781372,0.0013957412199388916,532.059207231686,230.13604948627264,4.318365126615308e-09,Kristian,REC_20260519_161001.csv
left,84,loose,102.272,1.1199999999999903,0.0,17602.0,1.3482866525397108,34225.9518348285,1427.0833333333333,0.7190293493849205,0.33615127919911014,0.3132369299221357,0.23579074325342983,0.310907583295643,0.7583949569633927,4495.0,2242.1408450704225,4.900000000000006,508.13380281690144,0.22662885069601488,0.0,-1.5,-1.5,1.0969493949228215,-0.23711007885846724,9542292.443973985,8415279.0,1907121.0,4074471.0,3852214.6610374465,1316518.0412205989,1561321.6967441004,0.06060606060606061,0.06053696165636464,0.0686969194431881,0.0651163375043972,0.038312226745062565,0.06931252826775215,0.1511759384893713,0.11597316448062715,0.07762952912206644,0.13423413236846074,0.11981757877280266,0.03858862254384642,3.9687099673098993,0.17453938307110692,0.494026829928528,0.07142857142857142,0.4738349312091055,0.21641155048488536,0.0021387760752842495,436.89014637550486,100.58962456160451,0.018475208614070565,Kristian,REC_20260519_161001.csv
left,85,loose,103.408,1.152000000000001,0.0,18621.0,1.4597971420528735,30794.59631169079,2468.75,1.2438682905417968,0.3356261859582543,0.29364326375711575,0.22754434873923318,0.29860859346676505,0.7620154065131117,4216.0,2191.5342465753424,3.0999999999999943,480.36301369863014,0.21919028390693954,0.0,-2.1805555555555554,-2.1805555555555554,1.100082593991174,-0.19817142194999526,9332570.819217768,8316319.0,2043955.0,3709173.0,3816640.010784963,1222336.1465936417,1430100.3631795396,0.06746383968196422,0.05133702541535923,0.08420322286257205,0.06442599792476654,0.035547749121776204,0.06730757210186147,0.16177444962558288,0.12139490692702931,0.07999024890300159,0.12973334500131267,0.10614944181220388,0.030672200622570037,3.9084738185629733,0.16199345239818436,0.4859749441511601,0.08333333333333333,0.4730489710801168,0.26719955321206385,0.0011624846480819456,577.6628197602336,665.9338420176924,0.018475208614074635,Kristian,REC_20260519_161001.csv
left,86,loose,104.576,1.13600000000001,1.0,18200.0,1.413726566895816,32409.905846824055,1111.9791666666665,0.5602655696849653,0.3175,0.42075,0.21562483915795974,0.3698015852591487,0.5830825170924688,4000.0,2158.777777777778,-7.299999999999997,447.90277777777777,0.20747979823974472,0.11267605633802817,0.0,0.11267605633802817,1.1802505855042567,-0.15120353779061757,9730049.513275202,8658403.0,2423913.0,3718947.0,3933502.333802665,1296999.8224655113,1399017.4562569084,0.057182562149364353,0.06756652426784704,0.05303927119254722,0.07444412990889906,0.05446111482834937,0.0812316640074116,0.14536903597714756,0.11386329713315146,0.09209815224664163,0.11435869061711874,0.10176154202480826,0.04462401564671367,4.239801288053839,0.15622753975520529,0.49325083112436213,0.08450704225352113,0.5413415545985519,0.23525449074084684,0.0017674116855518254,512.0556610369725,710.0689138479412,0.01600000000000587,Kristian,REC_20260519_161001.csv
left,87,loose,105.728,1.152000000000001,1.0,18056.0,1.397968460428794,31899.606204465912,1414.0625,0.7124688626204595,0.32210208700025145,0.3759114910736736,0.22477733112634982,0.3355337484564252,0.6699097547119609,3977.0,2085.5342465753424,-5.399999999999999,451.25342465753425,0.21637305903680934,0.041666666666666664,0.0,0.041666666666666664,1.0749097736014899,-0.33811937238832046,9440521.185313128,8453153.0,2125811.0,3626096.0,3914914.3727840316,1351924.1914334807,1370599.9843710584,0.06185465437061559,0.0587412311815244,0.060429310843120254,0.07297496124642022,0.044842489687606735,0.0749257770421166,0.1550668663461286,0.11587977194503561,0.08404928929875725,0.12167967210530464,0.1088975591813142,0.04065841675205591,3.842579213791772,0.15520073125879016,0.48192493154465615,0.08333333333333333,0.5430586992946393,0.22139695815850427,0.0016080570682862438,293.59893278645285,712.3256695639126,0.009237604307029836,Kristian,REC_20260519_161001.csv
left,88,loose,106.896,1.1679999999999922,0.0,20521.0,1.6677166023816357,31558.70201703486,1067.7083333333333,0.5379599146857982,0.33602711157455684,0.439259645464025,0.2373576815022919,0.3287002809404111,0.7221097615824442,3836.0,2193.4054054054054,-8.900000000000006,503.2027027027027,0.2294161861107004,0.0,0.0,0.0,0.8450771274149983,-0.7539316158801301,10028488.401182054,8940623.0,2658485.0,3683517.0,4080040.7474662606,1118149.5595603604,1261839.1467028859,0.061024446744541376,0.054734092365321105,0.051431810340578636,0.0811338656414806,0.054653999704273246,0.06744418157622356,0.1517078219724974,0.12292375178668244,0.07073414165311252,0.12771082852777366,0.11443392971560944,0.04206712997190596,3.613938635428792,0.13709774972162955,0.46047450665221745,0.0821917808219178,0.5233455137980263,0.1822294009595198,0.0016670355769655644,1383.4740089113861,188.49202269997525,0.015999999999991688,Kristian,REC_20260519_161001.csv
left,89,loose,108.08,1.1680000000000064,0.0,20038.0,1.6148612869401662,31750.72110992127,1218.75,0.6140615611535453,0.35726027397260274,0.38,0.26129803674513685,0.30050527777420644,0.8695289436515563,3650.0,2102.135135135135,2.200000000000003,531.9797297297297,0.2530663803854511,0.0,-0.6438356164383562,-0.6438356164383562,0.59090720933864,-1.2366537831939048,9176417.766680744,8208807.0,2147802.0,3494149.0,3999647.379952785,1257147.0455777382,1402275.7626697707,0.057464096992761546,0.053664870980598876,0.0533884467529796,0.06456112832512632,0.04436287429768961,0.06611038969387624,0.15441828771262167,0.13397575180961444,0.07180601447691537,0.13387932475346817,0.12732228493552245,0.03904652926882578,3.703279552305843,0.14234045308424884,0.4645966911428075,0.1095890410958904,0.49186495514097445,0.17462742145483945,0.001637447285401483,1306.25661082857,173.6479995532422,0.009237604307033956,Kristian,REC_20260519_161001.csv
left,90,loose,109.264,1.13600000000001,0.0,18880.0,1.4881398474345309,32389.466513050196,1179.6875,0.5943801008601624,0.34652377026655673,0.41027754877713657,0.252397947044628,0.32213045103837395,0.7835271276920587,3639.0,2043.125,-6.5,498.2291666666667,0.24385642908126848,0.0,-0.1267605633802817,-0.1267605633802817,0.7321045462517893,-1.0071025681498602,9332123.115074618,8329758.0,2630385.0,3284011.0,3960212.6735783946,1351941.5563257816,1340450.8029263818,0.05848203664049489,0.05468202984262942,0.04858434451582203,0.07294789436117059,0.04682369735902927,0.06830495224499507,0.16032085925019543,0.13227286631997554,0.0793718772305496,0.12722885014105573,0.12012508072465246,0.03085551136943,3.9000149167536335,0.16377681773265323,0.4847242182052479,0.07042253521126761,0.49626334868289335,0.23169209910845068,0.0009648259056231769,843.3202238770335,78.399402360665,0.018475208614062398,Kristian,REC_20260519_161001.csv
left,91,loose,110.416,1.13600000000001,0.0,17717.0,1.3608712514543464,31158.206719899656,703.125,0.3542662852808915,0.3303191489361702,0.40638297872340423,0.21918608204369056,0.3657334157256066,0.5993055942360024,3760.0,2045.3194444444443,1.9000000000000057,431.15972222222223,0.21080312094687736,0.0,-0.2112676056338028,-0.2112676056338028,1.1355661399819523,-0.24320214351991654,9208382.561006628,8225911.0,2357939.0,3401297.0,3883087.47618613,1321726.1897248228,1342241.9015282742,0.06129849317207989,0.07000400643746223,0.04910941648615063,0.07962624691877797,0.05550613528177478,0.07907621058921793,0.1509612054623361,0.11630212612808377,0.08152081649837366,0.11603729382125857,0.10288395591560677,0.037674093288877726,3.8979778168915016,0.15172279570783348,0.48546978168243127,0.08450704225352113,0.5137471309376843,0.231901857424214,0.0017052940493985135,1160.5008976012653,287.08501526478796,0.018475208614066516,Kristian,REC_20260519_161001.csv
left,92,loose,111.568,1.1359999999999957,1.0,20004.0,1.6111406229132303,32466.03311154598,674.1071428571429,0.3396457719200928,0.3452855245683931,0.3891102257636122,0.2279500604107934,0.3407437239897973,0.6689780159158426,3765.0,2069.1666666666665,-2.4000000000000057,454.0763888888889,0.2194489193180293,0.9436619718309859,0.0,0.9436619718309859,1.0998177074005973,-0.24078047895908217,9420787.059362557,8356636.0,2585181.0,3497814.0,4052166.452110074,1291208.421804178,1508520.9139966392,0.062149281782789646,0.05942408376963351,0.05642368103101088,0.07439253591086052,0.0455094643576319,0.07187541951939859,0.15786682776211572,0.1191166599543563,0.08954222043227279,0.12191569338166197,0.10883340045643712,0.03295073164183112,3.9878646461281866,0.16094475860893728,0.4879884703022846,0.08450704225352113,0.48903199808423853,0.21645430844340374,0.002047514297251583,1143.5554206071554,283.8912203550607,4.411510965211653e-09,Kristian,REC_20260519_161001.csv
left,93,loose,112.72,1.1680000000000064,0.0,18114.0,1.4043154755335667,29999.906499854296,843.75,0.4251195423370698,0.3547351524879615,0.41492776886035315,0.24008202590977148,0.3377839984376017,0.7107560660656312,3738.0,2075.810810810811,7.599999999999994,481.5405405405405,0.23197708482520668,0.0,-2.219178082191781,-2.219178082191781,0.8152432836772832,-0.8324475315368214,9428025.260138998,8163603.0,2878397.0,3736051.0,4000885.3361915615,1395134.4617149914,1322768.2957217852,0.06843955471648981,0.06965692337738427,0.043571382071479724,0.07547685697545732,0.0521515526332921,0.07233904042705552,0.15055660438773516,0.12336436429919928,0.06815962502441247,0.12505696243734132,0.11671766161057222,0.034509472039580755,3.7862115893518715,0.16535738934161412,0.4874102958263567,0.0821917808219178,0.4669100679869144,0.1772750308134407,0.0013945257895629243,1222.0255043710592,90.73415898267194,0.018475208614070586,Kristian,REC_20260519_161001.csv
left,94,loose,113.904,1.1680000000000064,1.0,16941.0,1.2759525666042837,30719.83334915735,989.5833333333334,0.49859699409903246,0.35196629213483144,0.4303370786516854,0.23511588453134594,0.34693406034841273,0.6776961717016107,3560.0,2047.1216216216217,6.799999999999997,465.02027027027026,0.22715810597609035,1.3013698630136987,0.0,1.3013698630136987,1.009702402130084,-0.5101927995099107,9174249.232273724,7997447.0,2548529.0,3703065.0,3833789.828145294,1348730.6933984135,1397867.3934452485,0.062361786819991154,0.0722240192227716,0.05043337052024266,0.0747984975608468,0.056638523437654714,0.06923366361469961,0.1461775597906091,0.12098727943651931,0.07403935651244002,0.12180583152349707,0.11412860509482661,0.037171506465901366,3.746288116719213,0.16098503644631343,0.4743610478849778,0.1095890410958904,0.4751825055874015,0.2024975809566327,0.001426809639592966,1545.4232429985022,157.88776965937654,0.01847520861407466,Kristian,REC_20260519_161001.csv
left,95,loose,115.088,1.152000000000001,0.0,18090.0,1.40168912445573,30470.38191424584,1604.1666666666665,0.8082519693815894,0.3490304709141274,0.3706371191135734,0.23315222244355455,0.33523144872684313,0.6954962707964354,3610.0,1994.2876712328766,20.0,447.9931506849315,0.22463817890825166,0.0,-0.5694444444444444,-0.5694444444444444,1.0960412068272456,-0.19388012205419214,9373211.02251907,8257676.0,2449569.0,3696956.0,3871415.142527913,1231242.791979655,1355669.6981650072,0.06675916830948668,0.06778263945652996,0.047931420564214226,0.07594980183125777,0.0517642856652219,0.06690341592081493,0.15461283254226113,0.12061847880590455,0.07283130585301856,0.12878564118063235,0.11253374363765,0.03352726623300798,3.7901857505628906,0.1569887519301896,0.4825636960428595,0.08333333333333333,0.5033883024695155,0.2017592325475406,0.0019036190024370634,670.411067927736,403.57022141271926,0.009237604307037928,Kristian,REC_20260519_161001.csv
left,96,loose,116.256,1.1839999999999975,1.0,17099.0,1.2932427112000437,30270.527332704332,994.7916666666666,0.5012211888048168,0.35214827295703455,0.3718056725638865,0.24668679751719508,0.32453899061850744,0.7601145151979759,3561.0,2066.48,13.799999999999997,493.1066666666667,0.2386215529144568,0.10810810810810811,0.0,0.10810810810810811,0.7770279751077837,-0.9545845855917956,9344229.374796886,8041430.0,2796541.0,3850894.0,3884255.8974598576,1179412.4844983383,1363677.6933279114,0.06472842708373659,0.06322506548978618,0.045539597124901604,0.07310337707922006,0.051398190804330716,0.06600596182881034,0.15174273805375968,0.12571458067180263,0.07080639541636018,0.13018595227956073,0.12097221684539249,0.036577497322338795,3.8928677553452498,0.16000020779939025,0.4885102755716791,0.10810810810810811,0.5044578192315476,0.20270079359744667,0.0013649616104373478,622.7955790894321,353.3359333958321,0.01599999999999868,Kristian,REC_20260519_161001.csv
left,97,loose,117.456,1.1359999999999957,0.0,18942.0,1.4949245877189432,32711.38671777765,1290.625,0.6502754480933697,0.3447899618112384,0.37424986361156576,0.23183812942205811,0.34228710395238127,0.6773206666120126,3666.0,2016.013888888889,-2.0,450.2916666666667,0.22335742285726096,0.0,-0.9295774647887324,-0.9295774647887324,1.097005413255576,-0.3180645670562505,9758045.196441242,8549669.0,2566855.0,3941302.0,4022805.9485473284,1264786.5596443133,1542343.9086043923,0.05849689637830427,0.06515883240442844,0.058772467672042604,0.06894104841098703,0.0524481064807479,0.07452136710918823,0.1515779901207691,0.11857143841326048,0.08121774954702969,0.11834409209592638,0.11326669100879762,0.03868332035851826,3.815558148177859,0.13791118702795876,0.4718032654515096,0.08450704225352113,0.4756602746825338,0.18786172971418777,0.001797373327224308,922.3732071853236,304.7303804108979,0.024440403706431822,Kristian,REC_20260519_161001.csv
left,98,loose,118.608,1.1199999999999903,0.0,19066.0,1.5084940682877677,30244.05959853935,1157.2916666666665,0.5830960636252894,0.3259935553168636,0.38721804511278196,0.23088577683566738,0.3481391388956458,0.6631997125280068,3724.0,2026.5492957746478,18.799999999999997,451.17605633802816,0.2226326580255065,0.0,-0.7571428571428571,-0.7571428571428571,1.195642261936228,-0.11925679247250986,9313996.827299975,7885048.0,1805717.0,4616919.0,3689584.5842641043,1558554.4576855963,1528050.2797543854,0.0638009521492859,0.06372450220662335,0.04530701601973799,0.08022378983215762,0.052222260833304376,0.0744969941272544,0.15508913368314972,0.11942176043367968,0.07747159189630608,0.11933141050144212,0.1114640164019877,0.037446571915071065,3.8554883611518433,0.16372220893820108,0.5018704945897245,0.11428571428571428,0.49720289616493946,0.17985673805350627,0.0020367012579875087,1101.5983841673,148.1561051103928,0.03330665599146148,Kristian,REC_20260519_161001.csv
left,99,loose,119.744,1.1680000000000064,1.0,17994.0,1.3911837201443817,30643.942109330517,1075.5208333333335,0.5418962067444748,0.33694104243805184,0.44374821988037594,0.2262200543989957,0.34102678104404227,0.663349821694676,3511.0,2066.810810810811,-11.700000000000003,451.7094594594595,0.21855384977508108,0.2876712328767123,0.0,0.2876712328767123,0.9148440005952249,-0.6922042954079091,9113359.968594953,7957130.0,2225992.0,3844785.0,3809199.605335519,1439773.6623425377,1533103.107244913,0.06304268228894236,0.06523302646720368,0.050861753321477146,0.07821163301600585,0.053431321267915055,0.07009755204519301,0.15601135055968196,0.11786667015378177,0.07405324824772466,0.1279684067371064,0.10835338424521393,0.03486897164975416,3.742565502937618,0.1596137650968491,0.48313030153032854,0.0821917808219178,0.4833224107744165,0.1946694762938436,0.0011016915332445947,586.4105501552127,108.57719947819623,0.02444040370643955,Kristian,REC_20260519_161001.csv
left,100,loose,120.928,1.1200000000000045,1.0,17339.0,1.3195062219784137,30851.993306754102,591.6666666666667,0.29810851857710574,0.3561605388717373,0.39966320516418746,0.23321839244239895,0.33900200909077954,0.6879557825263467,3563.0,1976.9295774647887,-4.599999999999994,443.72535211267603,0.22445177469685526,1.1,0.0,1.1,1.0843243630470454,-0.23563130287662526,9204198.986342374,8162381.0,2268753.0,3597996.0,4086582.2639741893,1285276.327489326,1368613.3776428143,0.06671321297787151,0.0640557985779627,0.051588036648095636,0.07789857653780938,0.05045525142132486,0.06929225858850686,0.15227055755831348,0.12094441515509896,0.07730012396517577,0.12317436343169803,0.11227397728729999,0.034033427850842825,4.168924274550081,0.17573049032476412,0.5048503053597388,0.08571428571428572,0.5183289991749028,0.23782737310150512,0.001986753132907148,871.8503311922326,305.7049133859108,0.02771281292110738,Kristian,REC_20260519_161001.csv
left,101,loose,122.064,1.1680000000000064,0.0,16305.0,1.206354263041603,30413.467197937167,1375.0,0.6927874023270767,0.34243641231593036,0.41124497991967873,0.2472871452420701,0.3333485496661102,0.7418275720395388,3735.0,2072.2162162162163,12.700000000000003,495.43243243243245,0.23908336811352254,0.0,-0.5753424657534246,-0.5753424657534246,0.8062446367614945,-0.9109224201207993,8957125.96695363,8233241.0,1804495.0,3031113.0,3958532.9349701013,1177541.36702429,1240001.7552326173,0.06217393572621035,0.06148920075125209,0.044057804674457426,0.07429700542570951,0.04934656719532554,0.07313621661101836,0.1536284432387312,0.12544996869782973,0.07507955968280468,0.12481740400667779,0.1218371765442404,0.0346867174457429,3.9963043346030442,0.16912747349894525,0.5017374162879372,0.1095890410958904,0.5139723489233804,0.22026587826847532,0.0010546373968133302,851.5575924935082,395.2665212611123,0.02771281292110331,Kristian,REC_20260519_161001.csv
left,121,loose,145.792,1.2479999999999905,0.0,15544.0,1.1230770476151883,27247.58811344593,1257.8125,0.6337430214469281,0.3416666666666667,0.4530092592592593,0.23614008705137302,0.3377794486746376,0.6990954836880559,4320.0,2390.5569620253164,-7.700000000000003,547.7278481012659,0.2291214377243797,0.0,-3.858974358974359,-3.858974358974359,0.7096889268327736,-1.0229540955678655,8123945.648402259,7497759.0,2590068.0,1753183.0,3743685.567954036,1257295.412929078,1161488.5604475583,0.06032702510934373,0.059760449871329176,0.057393542101305775,0.07508975187181632,0.049509144630243467,0.07515858811568725,0.13885329407902403,0.1187266353903015,0.07826151418556133,0.11879547163417245,0.11741345166107152,0.0507111313501435,3.3765596676437637,0.122691808492427,0.484675405007605,0.10256410256410256,0.45572217722729064,0.18288811219550546,0.0011933754226619543,835.1933907784461,304.9693022556325,0.016000000000005784,Kristian,REC_20260519_161001.csv
left,122,loose,147.056,1.1839999999999975,0.972972972972973,15324.0,1.099002162735016,26939.31873674611,713.5416666666667,0.3595146746924603,0.3480278422273782,0.48897911832946633,0.23664068128023052,0.3343045693115159,0.7078595478585264,3448.0,2072.96,-11.099999999999994,474.86,0.22907340228465575,0.4027777777777778,-9.0,-8.597222222222221,0.7465382766176267,-1.096290744673345,8803934.370093066,7695680.0,3484375.0,2478891.0,3902514.7668854943,1289110.3609691693,1215009.9059791337,0.061728156838530404,0.06480266543171762,0.06446820006174744,0.0668544818359576,0.0509416486569929,0.0741226716064629,0.142745960687455,0.12172609859009982,0.07758310178038488,0.1160015951425337,0.1149145826901307,0.04411083667798703,5.151793569760396,0.22066540976503174,0.5662666631990841,0.08108108108108109,0.528972887624318,0.17672455648016513,0.0014954638655750448,142.9032306609315,280.2394718861166,0.03330665599145585,Kristian,REC_20260519_161001.csv
left,123,loose,148.256,1.2319999999999993,0.012987012987012988,18899.0,1.4902190420378185,32600.830495556398,1812.5,0.9132197576129647,0.3422594142259414,0.49735006973500695,0.22876173101763708,0.35600462812750616,0.6425807782908858,3585.0,2094.2179487179487,8.0,464.2307692307692,0.22167261507569683,29.0,-1.4342105263157894,27.565789473684212,0.8378809375308972,-0.851072885611881,9450110.617084913,8685281.0,1912008.0,3196046.0,4100300.176712685,1214606.2472081105,1237039.3485639915,0.0596942742226766,0.06093089030235875,0.04822802710760397,0.07777213206080233,0.053462218930021004,0.07803537211736834,0.14880409430115887,0.11837844125155342,0.08580401471695571,0.11794378906513049,0.11038328976608365,0.040563456158286854,3.613881783643161,0.13257819993558387,0.47617337642227064,0.05194805194805195,0.5029890221472738,0.16996512883281878,0.001510283502869375,2003.5406160095677,549.4873946198084,0.03330665599145585,Kristian,REC_20260519_161001.csv
left,124,loose,149.504,1.1839999999999975,0.0,16994.0,1.281752425234507,29565.42609197439,1864.5833333333333,0.9394617046708085,0.34124809741248097,0.5573820395738204,0.25236199642236273,0.34183442090146376,0.7382580015099157,3285.0,2116.8533333333335,10.099999999999994,519.3666666666667,0.24534844171222694,0.0,-0.20270270270270271,-0.20270270270270271,0.528324553318104,-1.3172369931427252,8809699.883324573,7827627.0,2861292.0,2855184.0,3953330.7488897624,1101840.9614156454,1204923.6350631942,0.061430802952810455,0.07179209392557506,0.052291451462548176,0.07501070771711471,0.057380766420599125,0.06621778236879898,0.14377944622206545,0.1294185079740999,0.07143307046937593,0.11677080446448816,0.12294348844826282,0.031531077574261164,3.993315713700949,0.182434181737338,0.5190760994427744,0.08108108108108109,0.47333835216833553,0.1765608579685873,0.0012165681282854184,1788.7868328376446,650.0408974847489,0.027712812921103436,Kristian,REC_20260519_161001.csv
left,125,loose,150.704,1.1999999999999886,1.0,17104.0,1.2937898676745931,28370.906735598,617.1875,0.3109670726354492,0.3573697585768742,0.48538754764930114,0.24479560876404347,0.32837520320654995,0.745475317177627,3148.0,1999.1973684210527,11.899999999999999,474.70394736842104,0.23744726502083072,0.22666666666666666,0.0,0.22666666666666666,0.6180144152423633,-1.3159861238969763,9043762.669275936,7981565.0,2824640.0,3178942.0,3824161.004291112,1187355.733790576,1296131.915491154,0.06513798300633808,0.06347284107437853,0.053073930985461266,0.07257517819651307,0.05247500641704895,0.06650695344842338,0.15086975694193064,0.12736690382324484,0.07334522407018605,0.12283877082250112,0.11742870494079861,0.03490874627317542,3.676134216032037,0.12887783201719688,0.48271578569121193,0.08,0.47897838213081656,0.15921756490879202,0.0008782643634144905,1069.5131291075083,705.629861811975,0.024440403706433488,Kristian,REC_20260519_161001.csv
left,126,loose,151.92,1.1520000000000152,0.0,18717.0,1.4703025463642214,31151.11505227381,781.25,0.3936292058676572,0.35106382978723405,0.4671464330413016,0.24295822126336855,0.3292976318049238,0.7378073748398987,3196.0,1930.2602739726028,-6.900000000000006,454.0342465753425,0.2352191840123768,0.0,-0.875,-0.875,0.6874896452545847,-1.094072385207457,9388117.769503906,8307767.0,2641381.0,3484375.0,4079574.172240875,1157631.0717528444,1339984.601180864,0.06183423344144093,0.05809423102853614,0.046994869028947756,0.07795811481168696,0.048556160358813126,0.07091101349097645,0.15564655203003355,0.1256839520541626,0.07377811211491103,0.12509491941607703,0.11727426920920593,0.03817357301520839,3.513041563538567,0.1300759797187649,0.46554681165257256,0.08333333333333333,0.47874622196048816,0.15684441776386113,0.0009899806074465437,964.5895500159648,677.8057711019584,0.02444040370641801,Kristian,REC_20260519_161001.csv
left,127,loose,153.088,1.1839999999999975,1.0,19282.0,1.5321312279883006,32013.020725948372,937.5,0.47235504704118864,0.3605375286791216,0.5037692559816453,0.2476999865101848,0.321037366788075,0.7715612328495941,3051.0,1976.8,15.299999999999997,475.16,0.24036827195467425,0.35135135135135137,0.0,0.35135135135135137,0.5186684434683988,-1.423439519345624,9577079.905006588,8436048.0,3014009.0,3386636.0,3983482.018519182,1391803.2235350977,1319604.2558121905,0.06171590449210846,0.058829084041548636,0.04961554026709834,0.07070686631593148,0.04958181572912451,0.0687575880210441,0.15389181168217994,0.12662215027654122,0.07316201268042628,0.1278564683663834,0.1210778362336436,0.03818292189397005,3.4757385074933684,0.13109705800181948,0.46738499434878505,0.08108108108108109,0.47204737434796445,0.14443108869893384,0.0016417584216595698,1130.2417145607988,160.1721282779352,0.02444040370641801,Kristian,REC_20260519_161001.csv
left,128,loose,154.288,1.167999999999978,1.0,18540.0,1.4509332071651735,31641.729709356914,787.5,0.39677823951459845,0.36837029893924783,0.5081967213114754,0.2551974877972026,0.32217393924379484,0.7921108963555789,3111.0,2018.2567567567567,11.0,499.80405405405406,0.24764146205917606,0.4794520547945205,0.0,0.4794520547945205,0.5648553189975181,-1.3961767187595246,9229989.098786032,8093964.0,2345722.0,3765373.0,3945497.4773026155,1253409.3503075675,1466758.9509789583,0.060260728083507985,0.06118472591412177,0.045624066795669264,0.06923957656795067,0.050371273041358945,0.06752549363579755,0.15470268026327244,0.1322388199610314,0.0738528700845659,0.12703631043648853,0.12295866783617117,0.03500478738006441,3.664781768840214,0.14343816110142585,0.47012694720216264,0.1095890410958904,0.47721787487674,0.18191737492209625,0.0013802891395789045,387.5388152602689,88.46197393984221,0.015999999999991795,Kristian,REC_20260519_161001.csv
left,129,loose,155.472,1.1200000000000045,1.0,20033.0,1.6143141304656168,36129.47896109214,843.75,0.4251195423370698,0.36472760849492153,0.47399199753770394,0.23878016134283545,0.3489563361429657,0.6842694532551972,3249.0,1946.6901408450703,-11.0,448.40140845070425,0.23034041167745906,0.5285714285714286,0.0,0.5285714285714286,0.8880653448892293,-0.8428486736633052,10133106.93366166,8642521.0,2668259.0,4568050.0,4305341.3915388575,1322645.7956891307,1573010.2249735354,0.06016713091922006,0.062229135766740225,0.04131244799768476,0.07961509242846292,0.05484932894403646,0.07371848207502804,0.15300075968599647,0.1234236515573563,0.07854429692869805,0.11887277068335564,0.11535650978547915,0.03891039322794198,3.749592417822677,0.12269896391698508,0.4644662181612943,0.08571428571428572,0.5342521840265385,0.16257522078464348,0.0015137438039381772,746.5045210847685,75.7772228311383,0.03330665599145138,Kristian,REC_20260519_161001.csv
left,130,loose,156.608,1.1680000000000064,0.0,20105.0,1.6221931836991277,34340.777000528105,773.4375,0.38969291380898063,0.3562704795948764,0.46380697050938335,0.23848006890426077,0.3326447393211854,0.7169212096681895,3357.0,2008.2702702702702,12.5,463.1621621621622,0.23062740559308806,0.0,-0.7945205479452054,-0.7945205479452054,0.8285391283478201,-0.9596281226483274,9955219.45731655,8936958.0,2593733.0,3536909.0,4200830.903858138,1220802.2795838956,1340524.1285620958,0.06191962963959842,0.06199364788846123,0.047270745296476735,0.07766532985223266,0.052330901946007057,0.06852071165181815,0.15687831399886956,0.12019890722148953,0.07213414798266628,0.12650391623825802,0.11828116168277125,0.03630258660135117,3.6780070552674022,0.14435298567180246,0.4780077699518042,0.0547945205479452,0.4964751945781048,0.15335195296157375,0.0012506635368909713,883.5023108817165,37.20587781184566,0.027712812921095266,Kristian,REC_20260519_161001.csv
left,131,loose,157.792,1.1839999999999975,1.0,18018.0,1.3938100712222188,28407.48494675303,973.9583333333334,0.4907244099816793,0.34509246088193457,0.4953058321479374,0.24342641529278747,0.34771633667271434,0.7000718390794672,3515.0,2028.32,5.0,478.1,0.23571231363887357,1.0675675675675675,0.0,1.0675675675675675,0.7205476411954507,-1.0939038084416408,9104096.10685086,8092742.0,2853962.0,3040887.0,4042075.9167820946,1235454.414709022,1123270.2055124792,0.057965869948200154,0.06476295653545792,0.04745470800136731,0.07376876758433909,0.05404143987799427,0.07212537140753596,0.1511069916646946,0.1284675659330546,0.08301780126738713,0.11573453235518394,0.11495884935973286,0.0365951460650522,3.817147056680959,0.15954324903230027,0.4840476855823012,0.10810810810810811,0.5267378162530016,0.20684955493876425,0.0015279993485490038,1184.6925058146242,101.74040685849192,0.0333066559914559,Kristian,REC_20260519_161001.csv
left,132,loose,158.992,1.1359999999999957,0.0,17640.0,1.352445041746286,30891.749626720724,710.7142857142858,0.3580901118521773,0.3450127154563436,0.4187623622492229,0.24385728594618863,0.33980589230822367,0.7176370141475917,3539.0,2010.625,4.0,474.0208333333333,0.23575795254377785,0.0,-1.3661971830985915,-1.3661971830985915,0.8039477201091365,-0.9569605865784498,9464156.560021395,8300436.0,2971248.0,3441614.0,4015332.43286962,1374251.6560149956,1293973.2680383897,0.060953959865989706,0.06992712326874591,0.05106206610713916,0.0717369529927814,0.055987289745449524,0.06990640002763099,0.14833695990052845,0.12376610368528305,0.07224812627361586,0.1194694850274583,0.12009118226090561,0.03651435084447208,3.9507681859828585,0.16637769436734065,0.4949075499046265,0.056338028169014086,0.5010528179081774,0.21338396144924984,0.0013207100249709113,1327.571592545326,137.50165745539545,0.024440403706433488,Kristian,REC_20260519_161001.csv
left,133,loose,160.144,1.1999999999999886,1.0,15295.0,1.0958286551826295,28976.742898400433,1354.1666666666665,0.6822906235039391,0.3549677022454629,0.47093202091664105,0.2305708755369359,0.3467412631913878,0.6649652060860569,3251.0,1984.9473684210527,6.299999999999997,442.5855263157895,0.22297091265842922,0.2,0.0,0.2,0.8779493046446256,-0.8906862071790904,9047798.185581395,7963239.0,3032335.0,3042108.0,3920171.088572895,1335845.954158822,1109201.668623764,0.06636792702975022,0.06612928885824892,0.0444596171183115,0.08687092326457017,0.05345495041629103,0.0710942885930954,0.15526727475208146,0.11935222994113591,0.06919181205918226,0.12187118841809408,0.11121864559579997,0.03472185395343904,3.6108771224127083,0.13217701710817248,0.4762690044249863,0.08,0.5065511619146774,0.1685597074075974,0.0018367920779234174,1475.1631548182502,323.49311478923784,0.03330665599145585,Kristian,REC_20260519_161001.csv
left,134,loose,161.36,1.1839999999999975,0.0,18707.0,1.4692082334151226,32079.420786541643,947.65625,0.4774722267174682,0.3665605095541401,0.5226114649681529,0.2605648402650991,0.3317951701676598,0.7853183641372443,3140.0,1993.72,10.599999999999994,504.6333333333333,0.25311143657752005,0.0,-0.9864864864864865,-0.9864864864864865,0.6252203058789546,-1.2109002041462364,9591306.245791186,8664512.0,2691472.0,3110525.0,4056109.331720928,1351002.5229789035,1199664.5464169488,0.05515318098830327,0.06461622829016445,0.042480054036340774,0.07450059854610143,0.051675594700693515,0.06707728935524213,0.15812986109717847,0.13754522534090377,0.07392545927545827,0.12013723090504183,0.12301961492419532,0.03173966254037678,3.586032069756404,0.1528746558670601,0.48026142712735165,0.10810810810810811,0.4970653767490361,0.1580799774307973,0.0011209134745287946,1745.4349028250806,325.4287376808649,0.03330665599145585,Kristian,REC_20260519_161001.csv
left,135,loose,162.56,1.2160000000000082,0.0,18339.0,1.4289375168882887,30029.605042357784,703.125,0.3542662852808915,0.3463758819756254,0.514432328415651,0.2268819147700133,0.34849149894785764,0.6510400266711713,3118.0,2011.974025974026,4.400000000000006,442.7987012987013,0.22008171854223416,0.0,-0.6973684210526315,-0.6973684210526315,0.7090146502011215,-1.1520019427280614,9492602.256024636,8211250.0,3099530.0,3616322.0,3932953.795861874,1221293.3595349365,1231793.8380412092,0.0604045906972541,0.06025612889066756,0.04859864964304617,0.07693549011760757,0.04896657672893456,0.07671602483830572,0.1543421850995985,0.11991841055498896,0.0856172783723422,0.12160958417784433,0.10696350421502433,0.03967157666438594,3.245029944336197,0.11064319136907223,0.4628542156645333,0.10526315789473684,0.49523688338052385,0.13019816279239396,0.0010900362068029367,1872.747713921979,328.8620538617928,0.016000000000005784,Kristian,REC_20260519_161001.csv
left,136,loose,163.792,1.1839999999999975,0.9864864864864865,15836.0,1.1550309857288719,28039.838301958876,970.2380952380952,0.48884998519183326,0.34971956450016495,0.5245793467502474,0.24121413327009722,0.3400521697889495,0.709344490933389,3031.0,1967.9333333333334,1.2000000000000028,460.88,0.23419492530234762,0.4794520547945205,-13.0,-12.520547945205479,0.6263134908204321,-1.3007469108878469,8935796.834468318,7892378.0,2657263.0,3240029.0,3949052.6807332872,1162640.0293924524,1134488.6253621294,0.05993427961651818,0.06729225244757614,0.048470476642162676,0.07152681323893086,0.05164809105999526,0.07125580134828415,0.15360276432128459,0.12600697855618415,0.07832921169416308,0.12051898777058843,0.11520715471391307,0.036207188590399404,3.6044884489088838,0.14138734656130306,0.4795097252124896,0.10810810810810811,0.5031827302989669,0.1908461188949578,0.001219672338916771,1562.2139204773878,148.12994161017065,0.018475208614074562,Kristian,REC_20260519_161001.csv
left,137,loose,164.992,1.200000000000017,1.0,18085.0,1.4011419679811805,31492.436504659338,700.0,0.35269176845742084,0.30911722141823444,0.5490593342981187,0.2379814908252486,0.34491061563124714,0.6899801862849761,3455.0,2060.1447368421054,9.900000000000006,476.3486842105263,0.23122097961946975,0.25333333333333335,0.0,0.25333333333333335,0.5429111631731545,-1.476482160230037,9493563.217694977,8340753.0,3255911.0,3155729.0,4100151.5411154088,1358010.891751503,1098158.6203278434,0.06498010487254983,0.07222282542744185,0.04696910666726277,0.07286151330706196,0.05664522804350741,0.06745182696667965,0.14893562664861307,0.12519559816313366,0.07572922188655626,0.11330961672340342,0.11278589266211494,0.042913438631675085,3.7221516038536406,0.14319707525755934,0.5011997567430273,0.10666666666666667,0.50663738280993,0.16134682212126814,0.0010392157729762544,1377.6505362391422,155.12779645107096,0.016000000000005784,Kristian,REC_20260519_161001.csv
left,138,loose,166.208,1.1999999999999886,1.0,16731.0,1.2529719946732099,29259.953691009152,395.83333333333337,0.199438797639613,0.3513776337115073,0.5189627228525121,0.24605199548799483,0.3290339474673685,0.7478012447697819,3085.0,1959.6842105263158,11.700000000000003,468.0394736842105,0.23883413009614868,0.24,0.0,0.24,0.5706359418959775,-1.36818227152668,9522684.444529809,8326093.0,2682920.0,3762929.0,4102714.8385984115,1141181.7069736233,1260233.6872560235,0.06634393296449483,0.06490707417951334,0.04396519310307783,0.0771808024923457,0.05179405919321051,0.06553821775796315,0.15843718107106408,0.12738357415265616,0.06961379384433583,0.12322071225224258,0.11866842133533867,0.03294703765375732,3.5469826988556785,0.12504259930222786,0.4736226681669421,0.08,0.5075967696448345,0.15696046272421443,0.000901515959689382,1132.2795591195647,287.36933834582135,0.009237604307037831,Kristian,REC_20260519_161001.csv
left,139,loose,167.424,1.2159999999999798,0.0,16941.0,1.2759525666042837,30188.7398875806,758.9285714285714,0.38238265712858127,0.34963010614345447,0.5670633644258604,0.24369232775767063,0.32991620202810656,0.7386491668467341,3109.0,1991.4935064935064,-10.5,471.37012987012986,0.23669177345201997,0.0,-0.35526315789473684,-0.35526315789473684,0.5572394038545623,-1.4142556086628528,9657355.213138636,8356636.0,3287676.0,3552792.0,4120814.3484881055,1225507.880898326,1283966.8570822023,0.06487984609866641,0.06182138315562947,0.04328801069483844,0.075320356059865,0.050376601780299325,0.06619713717434543,0.15785320682122014,0.1293097264338583,0.07620072385796732,0.124262284391405,0.11438260132381232,0.03610812220809286,3.9176810905412585,0.14420482582303168,0.4944471602421031,0.07894736842105263,0.5498868584281134,0.09482229953861063,0.0010589183920820587,728.7148504959459,194.86238287962811,0.009237604307021453,Kristian,REC_20260519_161001.csv
left,140,loose,168.656,1.1680000000000064,1.0,17429.0,1.3293550385203026,28419.35337054663,1484.375,0.7478954911485487,0.354598947042428,0.5608547537937442,0.23964748137938527,0.34449325448286633,0.6956521739120289,3229.0,1990.3108108108108,16.400000000000006,462.10135135135135,0.23217547171092387,1.2191780821917808,0.0,1.2191780821917808,0.6859731866117176,-1.1417183210736228,9285878.73246151,8002334.0,3005456.0,3627317.0,4014066.0680387253,1224093.4490413622,1130713.3610095903,0.06420292905494863,0.06227466849534569,0.04524622665209155,0.083431217452116,0.056646048763265275,0.0683310361684648,0.15187767766816265,0.12574431536565658,0.07381028360367456,0.12013606458314945,0.11390316601372867,0.03439636617939613,3.6403272859869933,0.15023373015405023,0.49207805154057804,0.0821917808219178,0.4780366939513179,0.15989848166132348,0.001535535713946211,358.1079911609454,554.2312442660137,0.02444040370641792,Kristian,REC_20260519_161001.csv
left,141,loose,169.84,1.1839999999999975,0.0,14338.0,0.9911029059538793,26135.9626759758,458.3333333333333,0.23092913410902555,0.3201459034792368,0.49270482603815935,0.2255259761512193,0.3398173363715519,0.6636682476503338,3564.0,2159.16,-7.799999999999997,472.14,0.21866837103317957,0.0,-0.8243243243243243,-0.8243243243243243,0.6242312576944207,-1.341358840721886,8731226.43008833,7222870.0,3263242.0,3662747.0,3716267.634397011,1353437.360106721,1265902.8561392883,0.06442628923593743,0.07060153022471702,0.05828192445210175,0.07354712017636489,0.05366284419249461,0.07200948517015876,0.13555271494470073,0.11340830075893713,0.06999635660781663,0.12284406898979235,0.11211767539228219,0.053551689854696584,4.232178125508188,0.17855714990186466,0.5336377243171085,0.08108108108108109,0.5476164459489045,0.20010580770972985,0.0010792452531816028,1661.7277153613327,527.4769378258297,0.02444040370641792,Kristian,REC_20260519_161001.csv
left,142,loose,171.04,1.2160000000000082,1.0,14769.0,1.0382677940600353,30073.87055235824,520.8333333333334,0.2624194705784382,0.35145506875599614,0.5753118004477135,0.23106518632516215,0.35535955615619885,0.6502292743276428,3127.0,2008.4285714285713,9.200000000000003,449.8376623376623,0.22397493679234912,0.06578947368421052,0.0,0.06578947368421052,0.8963071195706848,-0.8302739479831169,9438121.552371426,8302880.0,2603507.0,3655417.0,4046828.3943167944,1234661.6563402012,1066241.1831078378,0.06082160246752323,0.06488241113747906,0.04168148516964222,0.08130023472508713,0.05681899010016231,0.07299756222154685,0.1523837852168459,0.12057627272080647,0.07936035797192352,0.11819669057025911,0.11048891360435567,0.04049169409436854,4.300432338446841,0.18241329297334538,0.5452031978315133,0.10526315789473684,0.519309561722137,0.19014226046191757,0.001790469106985501,1674.0988620747562,575.1927640856425,0.024440403706433397,Kristian,REC_20260519_161001.csv
left,143,loose,172.272,1.200000000000017,0.0,16798.0,1.2603038914321716,30835.1487915982,710.9375,0.35820257733956806,0.34065934065934067,0.5369352869352869,0.2484039199201303,0.3437746308654301,0.7225778100449967,3276.0,2003.2631578947369,-9.700000000000003,483.01973684210526,0.241116467868215,0.0,-0.17333333333333334,-0.17333333333333334,0.6508565044148839,-1.1698194769565189,9487258.996469,8360301.0,3132516.0,3209485.0,4042880.116966466,1313285.0798360156,1110724.7829791505,0.058339025800010505,0.06395486311807053,0.03445037044821606,0.0776956019126688,0.05462797540854396,0.06737034312437602,0.1566785770584835,0.13039908570227524,0.0801258473017708,0.12326598707372181,0.11800483421785507,0.03508748883400767,3.541836647270286,0.14776051797672013,0.5081317773436275,0.08,0.4377611211933364,0.12975528053953456,0.0012000316522182408,1313.6591389448513,131.56412200988362,0.016000000000005787,Kristian,REC_20260519_161001.csv
left,144,loose,173.488,1.2160000000000082,0.0,15328.0,1.0994398879146554,27781.145062793938,1317.7083333333335,0.6639212605634486,0.3669845445577113,0.561657349556067,0.2575197889182058,0.3256457865077038,0.7907972391705334,3041.0,1993.4415584415585,14.299999999999997,499.24675324675326,0.25044463989055016,0.0,-0.7894736842105263,-0.7894736842105263,0.46138540619746254,-1.5403980940978674,8798049.457387244,7937582.0,2543642.0,2816088.0,3979300.886452154,1199133.9079933278,982957.0905116213,0.0555262386396951,0.06094661063878302,0.0395257174500798,0.0738134792664256,0.052223199452750904,0.06749405518095052,0.1560832600410437,0.1337698296361445,0.07116844196879377,0.12879246881005893,0.12374995928206131,0.0369067396332128,3.9020219383629224,0.14681644599873872,0.5292011877743897,0.10526315789473684,0.5043953456689817,0.18128249732276622,0.0021082197836456095,1048.0316471048611,416.19710955128306,0.009237604307029692,Kristian,REC_20260519_161001.csv
left,145,loose,174.72,1.2319999999999993,1.0,16812.0,1.2618359295609098,29671.31001489486,630.2083333333333,0.3175275593999101,0.3454317897371715,0.5944931163954944,0.2450475265300099,0.3428611831831093,0.7147135299909307,3196.0,2085.2051282051284,14.0,497.10897435897436,0.23839811615410153,0.5844155844155844,0.0,0.5844155844155844,0.4329533574753648,-1.5197462001304067,9217729.56873969,8036543.0,3293785.0,3087312.0,3978957.0821312875,1205174.219547982,1051896.7344704305,0.05464628702826998,0.05635552057843414,0.042429570970082264,0.07824969565805491,0.050944997110288597,0.07361386077739385,0.15504223897298425,0.12831548270476983,0.0836971090589378,0.12240694514467002,0.11673204382524008,0.037566248170874166,3.748805712701991,0.13564267562916077,0.506161129609209,0.1038961038961039,0.4838377378215351,0.16922404839528535,0.0012895086836279992,852.7750778096935,375.79788285165637,0.0159999999999916,Kristian,REC_20260519_161001.csv
left,146,loose,175.968,1.2160000000000082,1.0,16027.0,1.175932363056658,28816.463506127882,500.0,0.2519226917553006,0.3402884320343664,0.5299171525007671,0.24720049518879073,0.32260424286759326,0.7662654805500513,3259.0,2077.12987012987,-2.299999999999997,499.14285714285717,0.24030411594420373,0.15789473684210525,0.0,0.15789473684210525,0.43965828662096645,-1.5733338971391964,8892184.087711634,7822740.0,2552194.0,3370754.0,3788728.4780844147,1154770.6847805907,1250715.6937187929,0.06119833186402316,0.06513108122471692,0.055752505642776305,0.06768205378300476,0.050719336747134844,0.06666916762015519,0.14875046111329943,0.12818637105396433,0.07240260349258155,0.12697340861203332,0.1190141241348264,0.03752055471148375,3.6270487578680672,0.1468796086945477,0.49617332266902425,0.07894736842105263,0.4800664045401699,0.15289796113508886,0.000979958990538392,742.4152027897386,439.36647165212463,0.00923760430702969,Kristian,REC_20260519_161001.csv
left,147,loose,177.2,1.2319999999999993,0.0,15563.0,1.125156242218476,27297.571796773427,1076.388888888889,0.5423335725287721,0.34223449969306324,0.5303867403314917,0.2341424458856337,0.3409736399760422,0.6866878210929744,3258.0,1990.679487179487,-15.900000000000006,452.53205128205127,0.22732542038860587,0.0,-1.4675324675324675,-1.4675324675324675,0.6810838874382962,-1.1661013685427362,8930806.61806407,7955908.0,2547308.0,3158173.0,4023795.707577828,1084577.0073387674,1088760.9235995605,0.06314040432013293,0.06051921454470514,0.04736818377953669,0.07711578960926885,0.05110354021626426,0.06927154109214094,0.15452139135586998,0.12162449363379339,0.08296355451366304,0.12505071712403315,0.1125179522518403,0.03480321755875136,3.63192817396217,0.14096861885543466,0.5010907960574715,0.07792207792207792,0.5091981465389577,0.13159850833896317,0.001955776240762539,631.3374691874352,302.2844823065069,0.00923760430702969,Kristian,REC_20260519_161001.csv
left,148,loose,178.448,1.2479999999999905,0.0,16123.0,1.186437767368006,27097.16466717505,928.5714285714286,0.46785642754555823,0.3152678847940539,0.5574481263549086,0.24209049456331114,0.33776346417524955,0.7167456526243486,3229.0,1984.873417721519,3.799999999999997,467.7721518987342,0.23566850546857562,0.0,-0.28205128205128205,-0.28205128205128205,0.4238837583216541,-1.6031914983385613,8695254.407583829,7798305.0,2320066.0,3067765.0,3913289.4235179224,1030693.0331549018,1075964.8934259934,0.061107745288734416,0.06351200535697203,0.045234526960237234,0.0760052294250821,0.05348681483371066,0.06921973151366347,0.15330506042536907,0.12690284110838304,0.07553968304582125,0.12304454577341284,0.1151876534549281,0.03745416281368579,3.7820323344356206,0.15812312125469033,0.5174797285136253,0.07692307692307693,0.5156639209381865,0.13616878128075136,0.0011811153857049735,299.4750963491437,299.3736857165382,0.0159999999999916,Kristian,REC_20260519_161001.csv
left,149,loose,179.712,1.200000000000017,0.013333333333333334,14788.0,1.040346988663323,28887.816220683766,2296.875,1.1572698652509121,0.3287671232876712,0.5528375733855186,0.2283421233662004,0.3350214564156321,0.6815746245296503,3066.0,2008.3552631578948,4.400000000000006,445.5328947368421,0.22183968290365905,2.0,-0.3918918918918919,1.6081081081081081,0.5527789465210998,-1.4733386341236026,9549724.69067491,8244237.0,2886949.0,3859446.0,4240042.805882379,1181574.9827595018,1347168.0477258482,0.0654895666131621,0.05961935335932126,0.04664723032069971,0.07721688996625937,0.047538244832443406,0.06755986503750777,0.15811576637075375,0.11800045861041045,0.08308710322010024,0.13060569332066693,0.11034166475578995,0.035778163592884986,3.750981443331539,0.1348844662464984,0.5015246449870917,0.10666666666666667,0.459763644395948,0.13977067965950746,0.0012892882523386482,670.379245899908,750.9650471863978,0.02444040370641794,Kristian,REC_20260519_161001.csv
left,150,loose,180.928,1.1999999999999886,1.0,17104.0,1.2937898676745931,30058.809041610413,378.47222222222223,0.19069148195366503,0.316012084592145,0.5791540785498489,0.22854471128633802,0.3602491928401287,0.6344072820378446,3310.0,2082.5131578947367,5.299999999999997,462.60526315789474,0.2221379785304952,0.8533333333333334,0.0,0.8533333333333334,0.6803441555567251,-1.1189801934357475,8905111.618084133,7875274.0,2817310.0,3056769.0,4039561.4914741153,1029283.9680298714,1125024.2559825755,0.056877128469523794,0.06831952789835156,0.05018607325410214,0.07529490557335204,0.05723727025165697,0.07448616613277229,0.1479740445185789,0.11964289099076901,0.08491132298399581,0.11458195121026596,0.108901820295569,0.04158689842106261,3.5550369239045945,0.11332546265824377,0.4865700078688299,0.10666666666666667,0.4413048252309509,0.1449939022265794,0.0012383748390154537,1162.5003225805988,987.8539887213178,0.02771281292109517,Kristian,REC_20260519_161001.csv
left,151,loose,182.144,1.2319999999999993,0.0,13969.0,0.9507227581321355,28462.754838560515,578.125,0.29128561234206635,0.3082111436950147,0.6211143695014663,0.1870421911937674,0.3853396373630213,0.48539566932051165,3410.0,2201.8205128205127,0.09999999999999432,398.6923076923077,0.18107393648612455,0.0,-0.6753246753246753,-0.6753246753246753,0.8454597069865277,-0.9428293460852748,8694008.917042183,7754323.0,2663372.0,2891836.0,3882735.356029042,1211934.906697241,966659.3373237526,0.05845396000978212,0.057207904880576685,0.0691793504209803,0.08292089296735801,0.05408112168252379,0.09503208300823329,0.13820148827893003,0.09727964039081878,0.09609763482432952,0.11201103981553727,0.0897625508029486,0.049772332917981624,3.408107757223193,0.09325277292128882,0.4747166767621695,0.07792207792207792,0.4277143914188614,0.13321870170253938,0.0018468815534181927,1625.9787821493846,1054.6904768667027,0.01847520861406637,Kristian,REC_20260519_161001.csv
left,152,loose,183.392,1.2319999999999993,1.0,15644.0,1.134020177106176,27130.262475693078,553.125,0.2786894777543013,0.2885044642857143,0.6107700892857143,0.21743112032943374,0.3670711812188806,0.5923404817756632,3584.0,2113.9615384615386,2.799999999999997,446.6666666666667,0.2112936581579123,0.5714285714285714,0.0,0.5714285714285714,0.5574019529313183,-1.4496409405508837,8603003.286885923,7531968.0,2938261.0,2940705.0,3723435.711194186,1047094.018500988,1054032.0857089777,0.06099861118691968,0.06523176197320621,0.04533352740328342,0.08273444559673476,0.06311518658006296,0.07362528731449641,0.14819666563567005,0.11531393846769644,0.08236449975438022,0.12303428366962016,0.10211718186173728,0.03793461055619235,3.4360131545477413,0.11407775654810363,0.4906535959062686,0.1038961038961039,0.4476305452993053,0.153599585609299,0.0011588997471158385,1568.728253501329,108.7733304168803,0.018475208614074562,Kristian,REC_20260519_161001.csv
left,153,loose,184.64,1.200000000000017,1.0,17492.0,1.3362492100996246,29553.826334334444,518.75,0.26136979269612437,0.3279473369239976,0.5436864153201676,0.23396043456903537,0.33506854733242747,0.6982464824923734,3342.0,2062.5394736842104,8.400000000000006,468.48026315789474,0.22713759864245023,0.7066666666666667,0.0,0.7066666666666667,0.5129807496132885,-1.459686323020475,9183718.095061988,8148942.0,3172834.0,2805093.0,4020691.3195544323,1195581.654938269,1178423.0722958206,0.06238477094537267,0.05870382066052963,0.05083794249551843,0.07458230464488717,0.04864340714372293,0.07204327827856565,0.1534579880448859,0.12164360490708312,0.0810957366047221,0.1252480016331426,0.11231682966195225,0.03904231497961762,3.570536316079215,0.1027016533514952,0.47575964030002077,0.10666666666666667,0.4660152203449254,0.16037521237757144,0.0009736518825036016,1762.207800837725,29.81060004428579,0.018475208614058086,Kristian,REC_20260519_161001.csv
left,154,loose,185.856,1.200000000000017,0.0,17252.0,1.3099856993212546,29835.419102134296,484.375,0.24405010763794746,0.34207279457125234,0.5237507711289328,0.22655802571978964,0.3383727286926641,0.6695516704161928,3242.0,2021.7894736842106,0.5999999999999943,444.07236842105266,0.2196432290310824,0.0,-1.24,-1.24,0.5806878997696362,-1.269948998878156,9007964.79724338,8003556.0,2597398.0,3215594.0,3943287.1570278117,1180339.475495433,1271904.5884700243,0.06549044619149269,0.06092830738793148,0.04230228562503254,0.07926146717342634,0.056014734211485395,0.06608918623418546,0.16095694278127765,0.11858957671682199,0.07607903368563544,0.13387697193731452,0.10796844900296766,0.0324425990524288,3.5350804367494426,0.1185777899833104,0.47491287364034757,0.08,0.4705360917841469,0.137522864136022,0.0013650264475238998,1004.8522279419988,34.37500000000559,0.018475208614058086,Kristian,REC_20260519_161001.csv
left,155,loose,187.072,1.1680000000000064,1.0,15328.0,1.0994398879146554,28581.0210279479,1135.4166666666667,0.5720744458609952,0.3187960687960688,0.5531326781326781,0.22786714663366894,0.3542803307272625,0.6431831712631951,3256.0,1922.054054054054,-1.0,424.1081081081081,0.22065358006637045,0.3287671232876712,0.0,0.3287671232876712,0.6810761795628951,-1.2087808517101815,9333641.553215658,8151385.0,3126408.0,3301115.0,4077965.045677448,1208168.8791690895,1182275.8482158189,0.06518926823780866,0.06351594577872771,0.038837954890601274,0.08272400022498454,0.0503613814050284,0.07771106361437652,0.15313009730581023,0.1189324483941729,0.07996793970414534,0.12155492434895102,0.10893469823949604,0.03914027785589741,3.7812744267491234,0.1402757882020134,0.48930586760962236,0.0821917808219178,0.5179505899125623,0.14727029642412373,0.001459968519304038,1186.1894171393258,366.3592658713781,0.018475208614074562,Kristian,REC_20260519_161001.csv
left,156,loose,188.256,1.2160000000000082,0.0,16903.0,1.2717941773977084,30544.439248413124,1007.8125,0.5077816755692778,0.32158317872603587,0.5834879406307978,0.23211821007958927,0.3521084065374147,0.6592237099985206,3234.0,2013.5844155844156,-17.299999999999997,454.0844155844156,0.22551049365994608,0.0,-0.40789473684210525,-0.40789473684210525,0.663044852899716,-1.23483405197527,9452625.504819283,8412836.0,2591290.0,3444058.0,3989653.6588116465,1399159.9621580297,1372033.0884735864,0.0630006578692775,0.06086580756678663,0.04390309972524283,0.08238200276047108,0.05503527985243089,0.07335242444177857,0.15232253653754368,0.12371812236368561,0.08047289191594753,0.12073191181971801,0.10840008771590366,0.035815177431213964,3.6007851909003223,0.12421079610105717,0.4847291312398289,0.10526315789473684,0.5040064823077837,0.1413355843214233,0.0017670515294748211,1025.0367473087654,344.99393508994154,0.024440403706433397,Kristian,REC_20260519_161001.csv
left,157,loose,189.488,1.2160000000000082,0.0,15797.0,1.1507631652273866,27229.587235211628,610.6770833333333,0.30768682925321866,0.3170731707317073,0.5653533458411507,0.22598950758362768,0.3492494286307916,0.6470719464575233,3198.0,2000.2077922077922,5.299999999999997,439.14285714285717,0.21954861832536882,0.0,-0.5789473684210527,-0.5789473684210527,0.6117695678862394,-1.3512012521448118,8497630.103962516,7480655.0,2124589.0,3425732.0,3866500.7038754616,1073718.156445809,1139133.102740948,0.06559708082277166,0.06639569914814046,0.048865052981508415,0.07700498649490962,0.05318927903594432,0.0726223249532516,0.15229586536463743,0.11890323083316019,0.0800371389985456,0.12137050696031582,0.10708627675046747,0.03663255765634739,3.696134358546626,0.1441882989496002,0.5022707891057588,0.10526315789473684,0.48786308854369437,0.1442810926617027,0.0011954364963627459,808.6843224233652,273.6637209053425,0.027712812921103357,Kristian,REC_20260519_161001.csv
left,158,loose,190.72,1.1999999999999886,1.0,16286.0,1.2042750684383154,31422.80455338129,947.9166666666666,0.4776034364527574,0.3393188854489164,0.5442724458204334,0.21025924960917144,0.3627279833246483,0.5796609560743444,3230.0,2020.0,7.400000000000006,410.86842105263156,0.20340020844189682,1.1466666666666667,0.0,1.1466666666666667,0.9195207787715974,-0.7985341521672358,9416798.3989374,8211250.0,2720793.0,3721391.0,4138646.846185303,1227647.278726145,1192678.4210057843,0.06328165711307973,0.05911281917665451,0.0550156331422616,0.07636789994788953,0.05194111516414799,0.08205445544554456,0.14798723293381968,0.11035044293903075,0.09325169359041167,0.1185383011985409,0.09990880667014071,0.04218994267847837,3.7678052720625836,0.1367331029185345,0.48837748628941524,0.10666666666666667,0.5262049335883411,0.1390083961234123,0.0016223969525285373,554.2331037869669,214.10067203247445,0.009237604307046211,Kristian,REC_20260519_161001.csv
left,159,loose,191.936,1.2159999999999798,0.0,14663.0,1.0266680767995886,29148.013054065967,550.78125,0.2775085901366983,0.3295589988081049,0.5318831942789034,0.2227668777809452,0.356524918508236,0.62482835340863,3356.0,2095.6623376623374,6.900000000000006,453.02597402597405,0.21617317154790974,0.0,-1.105263157894737,-1.105263157894737,0.7028089963901107,-1.128091630984155,9027760.29018981,7705454.0,2608394.0,3914424.0,3889634.762907458,1116363.7761774403,1168829.3391376943,0.061431776210601995,0.07330540510392525,0.061431776210601995,0.071979227346529,0.056957475552470785,0.07385074922846202,0.1422356630269078,0.1143735359369384,0.0804320612768489,0.11589182355638734,0.10839334184400681,0.0397171647063198,3.5334778306176435,0.11496159429960359,0.4922169234540096,0.10526315789473684,0.443618946818195,0.14498666463530357,0.0015661091148220178,832.586932398057,214.10067203247468,0.009237604307038023,Kristian,REC_20260519_161001.csv
left,160,loose,193.168,1.2159999999999798,0.02631578947368421,15185.0,1.0837912127425433,28106.016740192837,743.0555555555555,0.3743851113585717,0.29834569309754705,0.5387906446092413,0.2070687895973234,0.3591818332819211,0.5765012882333951,3506.0,2189.246753246753,4.200000000000003,439.9805194805195,0.20097347127636858,6.0,-0.33783783783783783,5.662162162162162,0.6676404153867198,-1.229332013164897,8876813.741709184,7804414.0,2195449.0,3615100.0,3960163.8537763264,1108450.3177381977,1178815.8456135187,0.06985145813065041,0.06620909759627934,0.07131670740099187,0.07762261822841279,0.0456184894288494,0.08076667536720215,0.13356310656574047,0.10631658875732625,0.08896495266117743,0.11136487672923144,0.10075220083999717,0.04765322829414138,3.8808773144781914,0.14049333824445254,0.5125190109818923,0.07894736842105263,0.4634529800064973,0.16784474226412405,0.001963128363639269,828.534247934271,198.60094939079846,0.009237604307029787,Kristian,REC_20260519_161001.csv
left,161,loose,194.4,1.1999999999999886,1.0,14395.0,0.9973404897637421,28192.91238946413,843.75,0.4251195423370698,0.33227445997458704,0.51143583227446,0.21329605345199887,0.35975085487756053,0.5928993651017103,3148.0,2004.75,1.4000000000000057,413.92105263157896,0.20647015968653396,0.16,0.0,0.16,0.8647018378290161,-0.8706351958202121,8700425.678116731,7448890.0,2373822.0,3817907.0,3823408.08519004,1132330.0320140636,1335205.9695575193,0.07022794547161018,0.06819330406075046,0.05610359606460971,0.07534736579570887,0.053878617231443736,0.0780449065049455,0.14285808047991283,0.11215468525410045,0.08428666128471198,0.11496380307296487,0.10114136819789842,0.042799666581342995,4.067865265919199,0.14733420665406302,0.5055564254018112,0.08,0.5253500951350553,0.16257388065723313,0.001516225456066713,401.7478479511069,148.85085835348247,0.009237604307029787,Kristian,REC_20260519_161001.csv
left,162,loose,195.616,1.1999999999999886,1.0,18047.0,1.3969835787746052,32680.731234169165,2406.25,1.2123779540723842,0.33986928104575165,0.4702769996887644,0.21090066016975795,0.36976710677983865,0.5703607927869189,3213.0,2009.0526315789473,19.099999999999994,409.5,0.203827412763282,0.32,0.0,0.32,1.1048303608373709,-0.47862961541580606,9543727.46676617,8217359.0,3120299.0,3717725.0,3828255.4235860007,1326638.9738218065,1133570.712912491,0.06927197946138532,0.07098789688777114,0.04980090118411401,0.07631248035209054,0.05360604631667191,0.0771180446400503,0.14366551398931154,0.10921617939851201,0.09174263858325475,0.11298857801529917,0.10168448077124594,0.04360526040029341,3.76556320035089,0.13310685049312063,0.5032402643298884,0.08,0.46451510242453636,0.17050449016344493,0.0025936574256882274,1921.4685356084644,932.5378795856712,0.009237604307029787,Kristian,REC_20260519_161001.csv
left,163,loose,196.832,1.2160000000000082,1.0,13854.0,0.9381381592174999,25965.029963394998,610.1190476190476,0.3074056655347418,0.3416075650118203,0.4872931442080378,0.2336410502337849,0.3237261719218319,0.7217243167162511,3384.0,2166.4935064935066,0.7999999999999972,491.57142857142856,0.2268972545258362,0.8157894736842105,0.0,0.8157894736842105,0.4909885767275293,-1.3739198121022422,8519082.045003088,7214318.0,2748893.0,3601661.0,3458843.5988733536,1243426.8484772802,1034797.505918527,0.06939815369859728,0.06617312072892939,0.055754705670782875,0.06929624745234385,0.050317707708907804,0.06351756384126603,0.14558206450065939,0.11788154897494305,0.07442153219038485,0.13054789593573912,0.11575950125884185,0.04134995803860448,3.7193298379355038,0.09011483674166486,0.504725559740426,0.07894736842105263,0.46902177139895607,0.11387433201433005,0.0020682944641884663,2280.754041978224,976.5650746375736,0.009237604307046164,Kristian,REC_20260519_161001.csv
left,164,loose,198.064,1.2319999999999993,0.0,14290.0,0.9858502037982053,26209.78448976641,1343.75,0.6770422340923704,0.329516175207558,0.5379330088748926,0.23026702356858392,0.34063162143073356,0.6760001393913311,3493.0,2160.0897435897436,26.5,483.19871794871796,0.22369381614011763,0.0,-1.12987012987013,-1.12987012987013,0.6867612456653656,-1.1823339167335625,7871315.536948129,6802595.0,2090380.0,3363424.0,3483880.247950558,1300062.1463543775,1225269.8489043296,0.06659267480577136,0.07067014072302315,0.053594639349029895,0.06845632007217173,0.0493272477995335,0.07372082119095241,0.13896621104298848,0.11458450800358484,0.07845709164505274,0.12462682580851936,0.11568251556499907,0.04532100399437345,4.114190229731253,0.14879743409712043,0.5166231233354331,0.07792207792207792,0.5391476508702339,0.21210533743554777,0.0013547874717892562,2305.2980284553246,903.0694899796185,0.016000000000005867,Kristian,REC_20260519_161001.csv
left,165,loose,199.312,1.1839999999999975,0.0,18463.0,1.4425069974571132,31044.814929388773,1708.3333333333335,0.8607358634972772,0.32162325863113267,0.49273167777104787,0.21985810873884806,0.3744182324936322,0.5871992591661346,3302.0,1999.6533333333334,-8.0,426.06,0.21306693160147758,0.0,-1.1756756756756757,-1.1756756756756757,0.9125918056322274,-0.6685485088181164,9304433.471125955,7970569.0,2960252.0,3778812.0,3869433.3126974516,1364576.5784834442,1354642.2038209399,0.05647645591902596,0.06957205915692054,0.04108045394535052,0.07573312707535973,0.06289090108952218,0.07630655980369931,0.14609865710056408,0.11489324816301492,0.08991558536813048,0.11436649019163321,0.10496486057583315,0.047701601610945894,4.020765824506654,0.158158970501788,0.49407183463611837,0.08108108108108109,0.531623916528685,0.18955329366509852,0.0017570862919470398,2544.500802384101,559.346344492505,0.024440403706433467,Kristian,REC_20260519_161001.csv
left,179,loose,216.064,1.1839999999999975,1.0,17836.0,1.3738935755486217,28638.94977124685,992.1875,0.49990909145192464,0.3461984910040627,0.4686593151479977,0.23298063619167297,0.34369590064768835,0.6778685336435075,3446.0,1994.7866666666666,-4.599999999999994,448.8933333333333,0.22503325334705798,0.10810810810810811,0.0,0.10810810810810811,0.8847363037089746,-0.8209545034110226,9049374.816775134,8031656.0,2978578.0,2917492.0,3932386.8940467187,1274263.3171491397,1220464.5603597786,0.06284381287222025,0.0661925418925332,0.048132131088370354,0.0756438449558516,0.0544218596474811,0.07319078397689979,0.1490217834488567,0.12104218329111217,0.07424687017492262,0.12281346710425176,0.11193845290056079,0.040512268646939686,3.6968383909429323,0.15208339049181163,0.4790263830390914,0.05405405405405406,0.49782272876094114,0.20098816622355456,0.0010154703310272547,2574.8287321684215,161.61304689225375,0.0244404037064333,Kristian,REC_20260519_161001.csv
left,180,loose,217.264,1.1839999999999975,0.0,17027.0,1.2853636579665328,29515.6858128013,468.75,0.23617752352059432,0.3525791324736225,0.45545134818288396,0.23519260926335406,0.34003031356827446,0.6916812998079641,3412.0,2032.0933333333332,25.0,462.26666666666665,0.22748298962646074,0.0,-0.7567567567567568,-0.7567567567567568,0.9772251487694728,-0.575670104053672,9525358.620785099,8157494.0,3567452.0,3385415.0,4005456.8233525106,1216083.9851312188,1188029.6153444028,0.06124390611979765,0.06629616749886816,0.05521399935698492,0.07187990052950324,0.052812534857322825,0.07266070456081414,0.1467911578864488,0.12074904695978532,0.07638100612176607,0.12019789117297762,0.11444356230356874,0.04133012263216256,3.713531885651242,0.13417028765324066,0.4715046957751786,0.08108108108108109,0.5502301306847127,0.19063693015406147,0.0014192406394038233,2763.802995873626,261.72846685942255,0.009237604307029385,Kristian,REC_20260519_161001.csv
left,181,loose,218.464,1.1520000000000152,1.0,16755.0,1.255598345751047,32599.92696310837,927.0833333333334,0.4671066576296199,0.35306682941714984,0.4940494354592615,0.2357899532976421,0.3484652546518095,0.6766526939189825,3277.0,2044.4246575342465,8.0,466.25342465753425,0.22806094758213116,0.09722222222222222,0.0,0.09722222222222222,0.7640149142650545,-1.0266712865859622,9674072.79654619,8227133.0,3321885.0,3855781.0,4008756.422736054,1203449.1109912158,1240449.2301164847,0.06029763539998526,0.06550390973110967,0.05328223099240836,0.07507889817277862,0.05420019699416388,0.07426143939749269,0.15226844810141849,0.1246088593769892,0.07942081035626461,0.11607244560883927,0.1111810939206529,0.03382403194789705,3.924085066373201,0.1625338110745419,0.49508351923979577,0.08333333333333333,0.5361812159982666,0.21859681196508388,0.001428019225473733,562.2908500055896,285.2761274531685,0.01847520861405798,Kristian,REC_20260519_161001.csv
left,182,loose,219.632,1.1519999999999868,1.0,16501.0,1.2278027968439387,32801.79277112762,2218.75,1.1179069446641465,0.36270435023552233,0.42532557495151013,0.23443860411808878,0.3320291401546589,0.7060784002529054,3609.0,2079.698630136986,15.900000000000006,470.56849315068496,0.2262676362486662,1.9027777777777777,0.0,1.9027777777777777,0.9466247730037314,-0.6488942122957511,9956513.700915849,8166046.0,4119675.0,3933972.0,4152760.8914738856,1420442.2836866716,1305259.874520242,0.06472882003451502,0.06522941943643047,0.05700246347600417,0.0721521822181823,0.04859766299121317,0.06966894571131224,0.14785466808942285,0.12061810852468088,0.07638092979752073,0.12343727357757314,0.11382049559340791,0.04050903054973719,3.7133913550399793,0.15562612991772154,0.47531100766414713,0.1111111111111111,0.5151904521343939,0.20499070124239707,0.0013050586143678181,263.0513257902613,907.4664568844244,0.01847520861406617,Kristian,REC_20260519_161001.csv
left,183,loose,220.8,1.1359999999999957,0.0,17219.0,1.3063744665892287,31461.858209584505,1739.5833333333335,0.8764810317319834,0.36016597510373444,0.4243430152143845,0.2435304352629253,0.3356026292532037,0.7256511541774215,3615.0,2011.5555555555557,-9.900000000000006,473.03472222222223,0.2351586665930181,0.0,-2.5211267605633805,-2.5211267605633805,0.8317426486921695,-0.7974759698532949,9492421.906269442,8255232.0,2770884.0,3778812.0,4030202.048258423,1378629.509073977,1458858.3910586715,0.0630592686699072,0.06910765576668139,0.05112129916040654,0.07001215201060539,0.052585064074237735,0.06904551480335837,0.1515134776844896,0.1257940234202386,0.07485224259832081,0.12106440565620856,0.1177364118426867,0.03410848431285904,3.6677789353092747,0.1431786172766521,0.4725950588686414,0.08450704225352113,0.5080786295812305,0.1865721555873243,0.0017550737527236779,364.08240825397394,652.9624443286951,0.009237604307037425,Kristian,REC_20260519_161001.csv
left,184,loose,221.952,1.1680000000000064,0.0,16927.0,1.2744205284755454,30454.96512885871,1198.4375,0.6038272018009861,0.3309248554913295,0.4777456647398844,0.2236511636892879,0.33751497275923803,0.6626407174194041,3460.0,2098.4054054054054,4.0,454.3581081081081,0.2165254182712742,0.0,-1.0547945205479452,-1.0547945205479452,0.7633781579790333,-1.0626106063911804,9881770.494886227,8211250.0,3544240.0,4202752.0,3863345.517424104,1283296.9090272223,1422249.1244881486,0.058281062840509525,0.06340078051544931,0.068906891977177,0.06654988987777076,0.04658621089372883,0.08101389729653147,0.13651292487216807,0.11182880179286717,0.07996419417575765,0.11609201324042709,0.1118223618964207,0.05904097062119241,3.800438560342791,0.1261221563578517,0.46782504817822085,0.0821917808219178,0.5410756866300435,0.15487580448191746,0.0014251008918796156,361.07801557744534,510.4698987264456,0.016000000000005496,Kristian,REC_20260519_161001.csv
left,185,loose,223.136,1.1520000000000152,1.0,18918.0,1.4922982366411062,30833.76697713077,390.625,0.1968146029338286,0.35087153001936733,0.47934151065203356,0.24453780918228052,0.33201066621398917,0.7365360034074613,3098.0,1936.7260273972602,-12.200000000000003,458.78767123287673,0.23688826645730335,0.1527777777777778,0.0,0.1527777777777778,0.6809314758154107,-1.1896774848093772,9211735.42906254,8115955.0,2489886.0,3576005.0,3932463.8354339106,1315994.6467825295,1233934.0640091752,0.06476117724446709,0.06391947998670261,0.04424215417913298,0.07774029042091937,0.054943733599281376,0.066303110036002,0.15545228849703993,0.12702555506043953,0.06910405217108381,0.12610605385447832,0.11751225412184099,0.03288985082861205,3.8605085576399736,0.15973467168050137,0.4950503974135142,0.1111111111111111,0.5385588268862023,0.17698307058439308,0.0013894218109942592,1075.170219081612,678.8579175300879,0.016000000000005496,Kristian,REC_20260519_161001.csv
left,186,loose,224.304,1.1680000000000064,1.0,17257.0,1.310532855795804,30088.33915323343,3406.25,1.7162233375829854,0.3633162612035851,0.5064020486555698,0.24555971973276847,0.33443321927108793,0.7342563644473115,3124.0,1990.3783783783783,-5.799999999999997,473.6689189189189,0.2379793330074412,0.5068493150684932,0.0,0.5068493150684932,0.6256367341083705,-1.2856269895928238,9220396.51035952,7966904.0,2558303.0,3872885.0,3845786.7267031725,1223502.7915441976,1391408.0197588562,0.060677040899462284,0.07132285046982782,0.05091385584704796,0.0676905111074901,0.05571397534082885,0.0673238824615719,0.14842349682255174,0.12870702297539516,0.0723819998913693,0.12258975612405627,0.11685269675737332,0.037402911303025366,4.727356423045914,0.19429704352759103,0.5396306438761698,0.0821917808219178,0.5582416894100212,0.16165259405788943,0.001614875109451209,1067.0755986964255,1561.0355116042633,0.00923760430702919,Kristian,REC_20260519_161001.csv
left,187,loose,225.488,1.1839999999999975,0.02702702702702703,18990.0,1.5001772898746173,33735.863261520375,703.125,0.3542662852808915,0.34062684801892373,0.47338852749852156,0.22693148341727645,0.3503685803885367,0.6476935893204064,3382.0,1964.2933333333333,-10.200000000000003,430.6666666666667,0.21924763443341796,7.0,-0.3611111111111111,6.638888888888889,0.9578007549031805,-0.6210089294738217,9931275.556885378,8465370.0,3078760.0,4181983.0,4263560.415219476,1284811.4899908297,1334031.1796315317,0.06583538100215854,0.0664191363136531,0.04661897069005309,0.07656018788775606,0.053848033559142555,0.07123851155971274,0.15564545689034903,0.11946620328260545,0.08230271106827222,0.11880778159405928,0.10746528013467099,0.035792346017566964,3.4491882825590467,0.13590671319648304,0.46965755915052937,0.10810810810810811,0.46743756756142735,0.1755947130120269,0.0015242691906620393,980.4245678956257,1658.2387823757472,0.015999999999991313,Kristian,REC_20260519_161001.csv
