sole_id,timestamp,accel_x,accel_y,accel_z,gyro_x,gyro_y,gyro_z,magn_x,magn_y,magn_z,pressure_01,pressure_02,pressure_03,pressure_04,pressure_05,pressure_06,pressure_07,pressure_08,pressure_09,pressure_10,pressure_11,pressure_12,corrupt
1,1773244354720,-1679,-646,9992,14660,-17104,-6108,0,0,0,258,361,259,306,194,323,408,304,294,308,351,169,0
2,1773244354720,1880,129,9801,46425,-48869,-31764,0,0,0,276,461,224,369,377,373,396,390,262,180,215,178,0
1,1773244354736,-1732,-626,9992,26878,-7330,12217,0,0,0,259,362,260,308,193,323,408,304,295,306,349,166,0
2,1773244354736,1895,157,9825,9773,-52534,-23212,0,0,0,275,461,224,369,376,373,391,386,259,179,215,177,0
1,1773244354752,-1804,-512,9940,34208,0,37873,0,0,0,260,362,259,306,192,321,411,307,296,307,349,166,0
2,1773244354752,1914,47,9810,-8552,-57421,-17104,0,0,0,274,459,221,368,376,373,393,387,260,177,213,177,0
1,1773244354768,-1842,-406,9873,31764,-1221,46425,0,0,0,260,362,259,307,195,323,411,307,297,307,350,168,0
2,1773244354768,1943,-67,9834,0,-53756,-8552,0,0,0,274,458,221,370,377,375,391,385,261,181,214,178,0
1,1773244354784,-1880,-373,9825,28099,-8552,34208,0,0,0,258,363,260,304,210,322,412,306,295,308,351,168,0
2,1773244354784,1938,-105,9897,13439,-43982,2443,0,0,0,273,457,219,369,377,373,388,384,260,178,212,176,0
1,1773244354800,-1909,-373,9806,34208,-20769,14660,0,0,0,260,363,261,309,197,324,411,304,296,310,351,168,0
2,1773244354800,1876,-100,9920,2443,-43982,4886,0,0,0,274,458,222,371,382,376,392,387,261,178,213,178,0
1,1773244354816,-1890,-311,9815,40317,-31764,9773,0,0,0,260,362,261,308,191,323,411,304,297,309,351,170,0
2,1773244354816,1842,-157,9892,-3665,-54977,-1221,0,0,0,274,458,222,370,379,375,395,388,261,178,214,178,0
1,1773244354832,-1832,-229,9796,29321,-30543,15882,0,0,0,258,360,259,307,192,322,410,305,298,307,350,168,0
2,1773244354832,1871,-253,9863,6108,-62308,-4886,0,0,0,275,458,221,371,379,375,396,389,261,180,214,178,0
1,1773244354848,-1813,-172,9739,20769,-28099,20769,0,0,0,258,361,259,309,194,324,410,305,298,306,349,165,0
2,1773244354848,1928,-339,9882,26878,-59864,2443,0,0,0,276,458,221,372,381,376,396,390,262,225,232,179,0
1,1773244354864,-1852,-119,9676,24434,-31764,18325,0,0,0,258,361,260,310,195,326,411,305,297,306,348,167,0
2,1773244354864,1981,-363,9935,40317,-47647,14660,0,0,0,275,457,219,371,379,375,395,389,261,244,240,177,0
1,1773244354880,-1871,-95,9657,28099,-42760,10995,0,0,0,257,360,260,310,196,326,410,305,297,308,350,171,0
2,1773244354880,1995,-344,9944,41538,-37873,14660,0,0,0,274,455,216,371,376,373,395,388,259,180,212,176,0
1,1773244354896,-1818,-114,9681,24434,-50090,2443,0,0,0,258,361,260,310,197,325,410,307,296,307,350,171,0
2,1773244354896,1957,-344,9892,40317,-36651,0,0,0,0,274,458,215,370,377,372,395,388,259,177,211,175,0
1,1773244354912,-1746,-172,9724,17104,-50090,2443,0,0,0,257,361,259,309,199,323,410,307,295,307,348,172,0
2,1773244354912,1909,-272,9853,46425,-37873,-13439,0,0,0,275,459,218,370,377,374,396,389,262,177,211,174,0
1,1773244354928,-1698,-263,9777,14660,-45204,3665,0,0,0,256,360,258,307,199,323,409,306,297,308,350,173,0
2,1773244354928,1866,-191,9839,39095,-40317,-19547,0,0,0,274,457,216,370,378,374,393,385,258,183,212,174,0
1,1773244354944,-1694,-325,9825,18325,-43982,0,0,0,0,255,357,260,306,199,322,409,304,296,308,350,173,0
2,1773244354944,1832,-210,9791,24434,-42760,-20769,0,0,0,275,461,221,369,375,372,393,386,257,178,211,174,0
1,1773244354960,-1703,-358,9882,19547,-42760,-6108,0,0,0,255,357,260,303,194,320,410,305,295,308,350,170,0
2,1773244354960,1789,-229,9763,31764,-39095,-17104,0,0,0,278,461,221,373,379,376,397,390,263,176,210,173,0
1,1773244354976,-1694,-445,9944,14660,-36651,-1221,0,0,0,254,356,256,307,198,323,410,305,296,307,349,170,0
2,1773244354976,1751,-172,9791,42760,-39095,-13439,0,0,0,278,461,221,372,379,375,400,394,262,267,250,174,0
1,1773244354992,-1655,-521,9992,12217,-29321,12217,0,0,0,254,355,256,306,200,321,411,307,297,308,350,174,0
2,1773244354992,1727,-129,9844,39095,-46425,-9773,0,0,0,276,460,219,371,378,373,396,391,262,190,219,176,0
1,1773244355008,-1641,-540,9968,15882,-21991,14660,0,0,0,257,357,259,306,200,322,410,307,296,311,353,176,0
2,1773244355008,1722,-177,9844,26878,-58643,-9773,0,0,0,276,460,219,373,381,376,397,391,262,178,213,175,0
1,1773244355024,-1679,-526,9892,24434,-18325,7330,0,0,0,256,356,258,307,201,323,411,308,297,308,352,174,0
2,1773244355024,1751,-229,9825,28099,-67195,-10995,0,0,0,278,461,221,372,380,375,397,392,260,179,215,176,0
1,1773244355040,-1770,-440,9786,35430,-18325,-1221,0,0,0,254,356,257,306,202,323,409,307,297,307,352,175,0
2,1773244355040,1847,-210,9825,41538,-68416,-10995,0,0,0,277,461,221,373,380,377,395,389,258,178,215,174,0
1,1773244355056,-1847,-296,9691,39095,-24434,0,0,0,0,255,357,259,308,204,324,410,307,298,309,353,176,0
2,1773244355056,1928,-153,9863,48869,-63529,-13439,0,0,0,277,460,221,375,381,379,394,389,258,178,216,174,0
1,1773244355072,-1866,-205,9633,36651,-32986,8552,0,0,0,254,356,259,308,207,326,410,309,299,308,352,176,0
2,1773244355072,1928,-124,9911,43982,-59864,-20769,0,0,0,278,461,222,375,384,378,393,389,259,178,215,175,0
1,1773244355088,-1799,-220,9652,30543,-42760,19547,0,0,0,253,355,258,306,210,325,408,309,297,307,351,175,0
2,1773244355088,1880,-138,9940,35430,-63529,-26878,0,0,0,276,459,220,373,382,376,394,388,260,177,213,175,0
1,1773244355104,-1694,-296,9739,30543,-43982,17104,0,0,0,254,357,259,306,211,324,409,309,298,308,353,175,0
2,1773244355104,1866,-167,9944,37873,-67195,-21991,0,0,0,275,456,218,371,376,374,398,390,262,179,212,177,0
1,1773244355120,-1636,-344,9820,30543,-37873,9773,0,0,0,253,355,258,308,209,324,410,309,300,308,352,175,0
2,1773244355120,1904,-167,9954,46425,-67195,-14660,0,0,0,275,454,218,370,375,373,396,388,261,181,214,178,0
1,1773244355136,-1655,-349,9825,24434,-31764,9773,0,0,0,255,354,258,309,206,325,411,310,299,307,351,174,0
2,1773244355136,1947,-114,9978,41538,-65973,-13439,0,0,0,276,458,218,368,374,372,393,385,259,180,215,177,0
1,1773244355152,-1684,-363,9825,21991,-28099,15882,0,0,0,255,350,258,311,203,327,413,311,301,310,353,177,0
2,1773244355152,1990,-81,9968,24434,-65973,-15882,0,0,0,277,458,222,374,378,378,392,384,259,177,212,175,0
1,1773244355168,-1689,-335,9863,24434,-23212,24434,0,0,0,255,351,259,311,203,327,410,309,299,307,352,173,0
2,1773244355168,2024,-57,9925,14660,-64751,-15882,0,0,0,280,459,221,377,381,380,392,382,256,179,212,175,0
1,1773244355184,-1689,-244,9906,24434,-15882,26878,0,0,0,254,349,258,308,200,324,412,311,301,307,351,174,0
2,1773244355184,2024,-9,9887,10995,-62308,-15882,0,0,0,277,457,220,373,377,376,397,389,262,180,212,176,0
1,1773244355200,-1694,-153,9916,18325,-8552,18325,0,0,0,253,349,258,305,199,323,413,310,302,309,352,179,0
2,1773244355200,2010,0,9868,2443,-57421,-9773,0,0,0,276,456,217,372,377,374,397,390,261,196,217,172,0
1,1773244355216,-1742,-224,9897,13439,-6108,1221,0,0,0,253,349,256,306,200,323,410,307,298,307,349,178,0
2,1773244355216,2019,-38,9834,-1221,-51312,0,0,0,0,278,459,220,371,377,374,393,386,258,182,214,175,0
1,1773244355232,-1837,-339,9911,20769,-10995,-12217,0,0,0,252,348,256,307,200,323,411,308,300,303,347,173,0
2,1773244355232,2033,-114,9791,0,-41538,9773,0,0,0,277,458,221,371,378,374,393,386,258,178,213,176,0
1,1773244355248,-1909,-325,9930,29321,-15882,-3665,0,0,0,252,349,257,304,201,322,409,310,300,307,347,176,0
2,1773244355248,1976,-196,9767,7330,-34208,7330,0,0,0,277,458,221,374,378,375,395,388,259,180,215,177,0
1,1773244355264,-1928,-234,9911,21991,-18325,10995,0,0,0,251,349,258,303,200,322,406,308,298,306,346,177,0
2,1773244355264,1880,-248,9820,10995,-32986,1221,0,0,0,277,458,222,371,379,372,396,390,261,181,217,178,0
1,1773244355280,-1909,-220,9858,4886,-18325,23212,0,0,0,251,349,258,303,198,322,407,308,299,305,347,179,0
2,1773244355280,1818,-311,9897,6108,-37873,1221,0,0,0,277,459,222,371,378,372,394,389,260,181,216,178,0
1,1773244355296,-1904,-363,9834,8552,-29321,7330,0,0,0,250,348,256,301,197,320,409,308,301,308,349,183,0
2,1773244355296,1828,-425,9901,6108,-41538,2443,0,0,0,277,459,221,372,378,374,393,388,259,180,215,178,0
1,1773244355312,-1904,-445,9834,21991,-43982,-8552,0,0,0,248,346,255,299,197,319,409,309,303,307,347,183,0
2,1773244355312,1823,-440,9882,17104,-42760,-1221,0,0,0,276,459,221,372,378,374,396,389,259,181,215,178,0
1,1773244355328,-1871,-421,9830,30543,-53756,-9773,0,0,0,247,346,253,299,198,320,409,309,301,307,347,180,0
2,1773244355328,1770,-344,9882,18325,-46425,-13439,0,0,0,276,459,220,371,377,373,396,389,261,181,214,177,0
1,1773244355344,-1789,-368,9806,25656,-51312,3665,0,0,0,248,347,255,295,205,319,413,312,305,306,348,175,0
2,1773244355344,1722,-306,9868,13439,-54977,-18325,0,0,0,275,458,219,371,376,373,394,387,259,178,213,176,0
1,1773244355360,-1727,-358,9767,24434,-48869,15882,0,0,0,248,345,255,273,258,312,412,312,305,304,348,174,0
2,1773244355360,1761,-301,9849,23212,-63529,-12217,0,0,0,275,457,219,372,377,374,396,389,261,181,216,176,0
1,1773244355376,-1703,-344,9715,24434,-47647,15882,0,0,0,249,348,255,297,204,321,412,311,305,304,348,173,0
2,1773244355376,1842,-239,9839,35430,-67195,-4886,0,0,0,279,458,222,371,375,373,396,389,261,182,216,176,0
1,1773244355392,-1675,-306,9676,20769,-47647,8552,0,0,0,250,350,256,299,201,322,412,312,306,305,349,173,0
2,1773244355392,1899,-148,9834,36651,-69638,-8552,0,0,0,275,456,220,371,375,372,398,390,263,182,217,179,0
1,1773244355408,-1651,-306,9700,13439,-45204,1221,0,0,0,250,351,257,299,204,321,412,313,306,304,348,173,0
2,1773244355408,1880,-134,9839,31764,-72082,-10995,0,0,0,278,457,222,371,375,372,392,384,255,179,215,176,0
1,1773244355424,-1636,-363,9758,10995,-41538,0,0,0,0,251,350,256,291,198,315,379,292,304,298,344,171,0
2,1773244355424,1890,-167,9853,31764,-72082,-3665,0,0,0,279,456,220,371,375,372,395,388,258,179,215,175,0
1,1773244355440,-1631,-406,9810,14660,-35430,7330,0,0,0,251,350,256,295,201,318,396,303,304,301,349,171,0
2,1773244355440,1943,-201,9868,36651,-65973,4886,0,0,0,279,458,222,369,374,370,394,387,259,180,216,176,0
1,1773244355456,-1646,-382,9825,14660,-28099,13439,0,0,0,249,349,257,293,216,321,409,310,304,304,352,171,0
2,1773244355456,1957,-177,9853,36651,-57421,0,0,0,0,279,459,224,372,375,373,395,387,259,181,216,177,0
1,1773244355472,-1660,-382,9834,13439,-25656,10995,0,0,0,250,349,258,293,211,321,409,308,305,302,350,166,0
2,1773244355472,1933,-129,9853,30543,-53756,-8552,0,0,0,277,455,219,374,377,375,395,387,260,180,215,176,0
1,1773244355488,-1679,-473,9853,17104,-25656,2443,0,0,0,249,349,256,296,207,322,409,308,305,304,350,163,0
2,1773244355488,1909,-124,9858,17104,-54977,-18325,0,0,0,277,454,218,371,375,372,394,387,259,180,215,176,0
1,1773244355504,-1694,-583,9887,32986,-25656,-1221,0,0,0,249,349,255,298,209,322,410,309,305,307,352,165,0
2,1773244355504,1880,-162,9868,15882,-54977,-24434,0,0,0,278,456,219,371,375,372,393,387,260,179,214,174,0
1,1773244355520,-1703,-622,9925,50090,-26878,-1221,0,0,0,251,351,256,301,204,323,410,308,305,306,350,164,0
2,1773244355520,1842,-134,9897,19547,-52534,-25656,0,0,0,276,456,219,374,377,375,394,387,261,178,213,173,0
1,1773244355536,-1722,-516,9920,56199,-19547,7330,0,0,0,250,351,256,298,207,322,408,308,302,305,352,164,0
2,1773244355536,1818,-114,9925,15882,-51312,-13439,0,0,0,275,454,218,375,379,375,396,388,260,179,213,175,0
1,1773244355552,-1775,-392,9882,52534,-12217,18325,0,0,0,247,349,256,298,202,322,408,308,303,306,352,164,0
2,1773244355552,1823,-177,9935,15882,-51312,0,0,0,0,276,454,219,372,376,373,396,389,262,180,213,175,0
1,1773244355568,-1842,-325,9830,46425,-13439,24434,0,0,0,251,355,257,298,210,322,408,309,306,306,353,163,0
2,1773244355568,1861,-239,9916,21991,-56199,3665,0,0,0,276,455,221,371,374,373,396,389,261,179,212,175,0
1,1773244355584,-1856,-306,9791,47647,-23212,14660,0,0,0,251,355,257,300,216,322,411,311,306,306,353,165,0
2,1773244355584,1909,-263,9892,31764,-62308,3665,0,0,0,278,456,220,373,377,374,396,389,259,181,215,179,0
1,1773244355600,-1837,-277,9796,48869,-32986,3665,0,0,0,250,354,255,299,213,322,411,312,305,304,351,161,0
2,1773244355600,1952,-244,9887,34208,-65973,1221,0,0,0,276,455,218,371,378,373,397,389,260,180,213,176,0
1,1773244355616,-1809,-220,9806,43982,-34208,7330,0,0,0,250,358,256,298,218,322,411,315,306,304,351,161,0
2,1773244355616,2024,-215,9901,17104,-63529,1221,0,0,0,278,456,221,364,389,371,400,392,262,181,215,176,0
1,1773244355632,-1789,-177,9796,34208,-29321,21991,0,0,0,248,357,255,298,217,321,409,311,304,301,351,159,0
2,1773244355632,2043,-277,9892,2443,-57421,0,0,0,0,277,454,219,371,375,373,395,388,259,181,214,177,0
1,1773244355648,-1785,-167,9782,28099,-30543,29321,0,0,0,249,356,255,298,213,322,410,311,305,303,353,160,0
2,1773244355648,2000,-373,9887,8552,-52534,-7330,0,0,0,278,457,222,376,380,377,396,388,262,178,209,173,0
1,1773244355664,-1785,-186,9786,24434,-39095,9773,0,0,0,250,356,256,299,211,323,410,311,304,303,353,162,0
2,1773244355664,1943,-392,9916,29321,-47647,-2443,0,0,0,278,455,218,369,374,371,394,386,258,179,213,173,0
1,1773244355680,-1765,-253,9825,19547,-45204,-4886,0,0,0,250,356,257,298,213,322,409,311,304,303,353,161,0
2,1773244355680,1899,-363,9930,41538,-45204,1221,0,0,0,280,457,221,373,376,375,398,389,262,179,212,174,0
1,1773244355696,-1713,-339,9858,15882,-42760,-3665,0,0,0,249,356,257,297,212,322,409,310,304,303,352,161,0
2,1773244355696,1861,-306,9901,45204,-48869,-2443,0,0,0,282,459,224,373,376,375,398,388,262,179,213,174,0
1,1773244355712,-1660,-397,9901,13439,-36651,1221,0,0,0,249,356,257,297,210,323,410,310,305,302,352,161,0
2,1773244355712,1818,-258,9853,50090,-54977,-13439,0,0,0,279,457,222,372,376,374,395,385,259,179,215,175,0
1,1773244355728,-1675,-421,9925,8552,-26878,4886,0,0,0,248,355,257,297,211,322,413,313,307,303,352,161,0
2,1773244355728,1809,-191,9825,62308,-59864,-19547,0,0,0,276,455,219,372,376,374,395,385,259,181,215,177,0
1,1773244355744,-1713,-435,9892,6108,-20769,6108,0,0,0,248,355,254,297,209,321,409,310,303,302,352,159,0
2,1773244355744,1809,-43,9825,54977,-59864,-13439,0,0,0,276,456,220,372,376,376,396,387,261,181,216,175,0
1,1773244355760,-1746,-464,9825,8552,-20769,6108,0,0,0,251,355,257,300,207,323,408,308,301,303,351,160,0
2,1773244355760,1799,9,9796,29321,-62308,-8552,0,0,0,276,456,220,372,377,374,394,386,261,179,215,174,0
1,1773244355776,-1746,-483,9796,19547,-26878,2443,0,0,0,250,355,257,298,211,322,410,311,305,305,349,161,0
2,1773244355776,1794,-90,9748,8552,-67195,-3665,0,0,0,278,455,219,371,376,371,395,387,261,180,216,177,0
1,1773244355792,-1746,-459,9791,29321,-30543,0,0,0,0,250,353,258,299,206,323,410,309,304,304,351,160,0
2,1773244355792,1818,-220,9782,18325,-64751,8552,0,0,0,278,458,221,371,377,374,398,389,263,180,215,176,0
1,1773244355808,-1751,-416,9791,29321,-29321,7330,0,0,0,251,353,257,299,205,324,411,310,304,305,351,161,0
2,1773244355808,1890,-287,9916,24434,-65973,24434,0,0,0,277,457,219,371,377,374,396,388,261,180,218,177,0
1,1773244355824,-1742,-445,9753,19547,-24434,17104,0,0,0,249,350,257,297,201,324,410,307,304,305,351,161,0
2,1773244355824,2005,-296,10026,17104,-69638,25656,0,0,0,277,457,218,374,377,374,396,388,261,182,218,176,0
1,1773244355840,-1742,-516,9729,21991,-28099,15882,0,0,0,249,350,258,297,202,324,411,309,305,304,350,161,0
2,1773244355840,2000,-253,10011,7330,-64751,8552,0,0,0,278,457,219,371,375,372,395,387,260,182,216,175,0
1,1773244355856,-1756,-526,9748,34208,-36651,9773,0,0,0,250,354,259,297,208,324,410,312,306,303,352,161,0
2,1773244355856,1895,-191,9964,12217,-62308,0,0,0,0,276,455,216,371,375,372,394,387,260,178,214,175,0
1,1773244355872,-1746,-425,9820,35430,-35430,14660,0,0,0,251,354,260,298,207,324,409,310,305,303,353,161,0
2,1773244355872,1856,-143,9954,24434,-61086,0,0,0,0,276,454,217,372,376,374,394,386,260,180,216,176,0
1,1773244355888,-1713,-435,9853,29321,-28099,20769,0,0,0,251,353,260,296,205,322,407,308,304,303,350,161,0
2,1773244355888,1895,-162,9954,25656,-57421,0,0,0,0,278,456,219,365,390,374,395,388,261,181,217,177,0
1,1773244355904,-1703,-497,9863,31764,-26878,15882,0,0,0,250,354,259,296,211,322,407,309,304,303,350,161,0
2,1773244355904,1895,-239,9911,21991,-52534,-4886,0,0,0,280,457,220,369,380,374,396,387,262,181,214,175,0
1,1773244355920,-1713,-488,9868,46425,-30543,8552,0,0,0,249,353,257,299,215,326,406,309,304,304,351,161,0
2,1773244355920,1852,-272,9863,25656,-54977,-1221,0,0,0,277,455,217,371,376,374,395,387,259,180,215,175,0
1,1773244355936,-1713,-330,9868,47647,-29321,13439,0,0,0,250,353,260,296,211,325,406,308,303,305,352,162,0
2,1773244355936,1828,-272,9825,31764,-59864,4886,0,0,0,277,455,217,372,376,375,396,388,260,183,218,175,0
1,1773244355952,-1742,-196,9873,36651,-24434,19547,0,0,0,249,351,260,296,206,324,408,308,304,305,352,164,0
2,1773244355952,1861,-239,9830,31764,-64751,10995,0,0,0,278,455,220,373,381,377,397,389,261,184,219,176,0
1,1773244355968,-1789,-191,9873,21991,-21991,19547,0,0,0,255,351,264,296,200,324,410,311,308,303,348,160,0
2,1773244355968,1919,-196,9853,21991,-62308,8552,0,0,0,277,454,219,372,380,375,397,388,260,180,217,177,0
1,1773244355984,-1809,-220,9873,12217,-21991,19547,0,0,0,250,350,260,296,202,323,408,308,303,304,351,161,0
2,1773244355984,1947,-186,9877,12217,-58643,-1221,0,0,0,278,454,218,371,375,373,397,387,260,179,215,176,0
1,1773244356000,-1794,-215,9887,9773,-26878,17104,0,0,0,250,350,259,295,203,323,377,289,306,301,344,157,0
2,1773244356000,1952,-177,9901,9773,-56199,-10995,0,0,0,277,454,217,372,376,373,398,389,262,179,217,173,0
1,1773244356016,-1785,-229,9901,2443,-30543,6108,0,0,0,252,352,261,296,203,324,399,304,307,302,345,160,0
2,1773244356016,1933,-181,9930,10995,-56199,-14660,0,0,0,276,455,217,372,377,373,398,389,262,180,218,176,0
1,1773244356032,-1799,-311,9911,0,-32986,-1221,0,0,0,254,353,263,296,202,323,408,308,304,301,347,158,0
2,1773244356032,1876,-201,9949,13439,-53756,-19547,0,0,0,276,454,215,375,379,376,398,389,261,180,218,175,0
1,1773244356048,-1799,-411,9949,0,-34208,0,0,0,0,253,351,261,296,198,322,409,308,305,301,347,159,0
2,1773244356048,1832,-191,9949,17104,-51312,-21991,0,0,0,276,454,215,375,380,375,397,389,261,180,217,175,0
1,1773244356064,-1775,-454,9978,0,-35430,7330,0,0,0,251,350,261,296,200,323,408,308,305,303,348,162,0
2,1773244356064,1837,-181,9925,21991,-50090,-18325,0,0,0,280,457,219,373,379,375,398,390,262,180,219,177,0
1,1773244356080,-1761,-416,9954,2443,-32986,14660,0,0,0,252,351,262,297,203,325,407,307,304,304,349,162,0
2,1773244356080,1876,-224,9897,24434,-50090,-9773,0,0,0,278,456,217,367,390,372,399,391,262,181,221,177,0
1,1773244356096,-1780,-358,9882,1221,-30543,10995,0,0,0,253,351,262,299,205,327,408,307,304,303,349,161,0
2,1773244356096,1904,-258,9892,25656,-51312,-7330,0,0,0,278,456,219,369,375,372,395,386,257,180,218,176,0
1,1773244356112,-1813,-325,9796,3665,-34208,0,0,0,0,251,349,260,298,205,329,408,308,306,303,349,161,0
2,1773244356112,1919,-244,9877,17104,-47647,-12217,0,0,0,279,455,218,372,377,374,393,384,256,179,216,174,0
1,1773244356128,-1794,-277,9748,4886,-41538,-4886,0,0,0,251,352,262,297,206,330,408,308,307,305,350,162,0
2,1773244356128,1899,-224,9873,10995,-47647,-15882,0,0,0,279,455,217,368,374,370,393,385,258,179,217,175,0
1,1773244356144,-1756,-234,9743,-2443,-42760,-3665,0,0,0,251,352,261,298,210,330,411,308,308,305,348,161,0
2,1773244356144,1890,-224,9882,13439,-47647,-9773,0,0,0,279,455,218,368,374,371,395,387,260,179,218,176,0
1,1773244356160,-1732,-263,9748,-17104,-36651,3665,0,0,0,253,352,263,298,200,325,411,309,305,302,347,159,0
2,1773244356160,1904,-229,9911,20769,-46425,1221,0,0,0,279,454,217,370,374,372,396,388,259,180,216,176,0
1,1773244356176,-1732,-363,9734,-21991,-34208,7330,0,0,0,253,352,262,301,205,327,412,309,307,306,348,160,0
2,1773244356176,1923,-215,9930,17104,-46425,2443,0,0,0,277,453,217,372,376,374,393,385,257,181,216,177,0
1,1773244356192,-1727,-464,9748,-17104,-36651,2443,0,0,0,252,349,262,299,200,326,409,307,304,303,345,161,0
2,1773244356192,1923,-253,9906,10995,-51312,-3665,0,0,0,277,454,218,374,377,374,394,385,258,180,216,176,0
1,1773244356208,-1732,-550,9806,-6108,-42760,-6108,0,0,0,253,353,262,298,204,325,409,307,304,303,348,162,0
2,1773244356208,1899,-258,9877,18325,-52534,-10995,0,0,0,279,455,220,372,376,374,396,386,260,178,216,174,0
1,1773244356224,-1737,-603,9873,0,-42760,-6108,0,0,0,251,351,260,299,202,326,409,307,303,303,346,158,0
2,1773244356224,1880,-172,9882,30543,-48869,-9773,0,0,0,280,455,221,372,376,376,396,386,261,178,216,175,0
1,1773244356240,-1708,-617,9877,4886,-37873,7330,0,0,0,250,351,260,300,202,327,410,307,305,304,348,161,0
2,1773244356240,1866,-119,9892,25656,-46425,-2443,0,0,0,279,455,221,373,378,374,400,390,263,180,216,174,0
1,1773244356256,-1670,-593,9863,14660,-35430,17104,0,0,0,252,352,262,297,201,325,409,307,306,302,347,161,0
2,1773244356256,1885,-119,9873,15882,-48869,0,0,0,0,279,455,222,374,378,378,398,389,264,180,216,175,0
1,1773244356272,-1665,-512,9863,25656,-34208,13439,0,0,0,252,351,261,296,201,324,408,307,304,302,348,162,0
2,1773244356272,1909,-143,9830,8552,-53756,-1221,0,0,0,280,456,221,376,379,378,397,387,261,181,217,178,0
1,1773244356288,-1722,-402,9901,29321,-34208,1221,0,0,0,250,351,259,297,201,324,408,307,304,304,349,163,0
2,1773244356288,1904,-148,9801,10995,-52534,-3665,0,0,0,281,456,220,373,376,374,398,389,260,180,215,175,0
1,1773244356304,-1756,-349,9911,20769,-34208,0,0,0,0,251,353,262,296,202,324,409,307,305,303,348,162,0
2,1773244356304,1895,-157,9830,19547,-50090,-2443,0,0,0,280,456,220,373,376,374,398,389,261,186,216,175,0
1,1773244356320,-1713,-354,9863,13439,-32986,10995,0,0,0,251,352,261,298,203,326,409,306,304,303,349,162,0
2,1773244356320,1899,-162,9868,20769,-50090,0,0,0,0,278,454,218,370,374,373,397,390,260,180,216,174,0
1,1773244356336,-1641,-335,9825,14660,-28099,17104,0,0,0,251,351,260,298,201,325,410,308,306,304,348,164,0
2,1773244356336,1909,-167,9873,13439,-51312,-1221,0,0,0,279,455,219,370,374,372,395,387,259,180,216,175,0
1,1773244356352,-1660,-311,9806,19547,-23212,13439,0,0,0,251,353,261,300,205,327,410,309,305,306,351,165,0
2,1773244356352,1914,-191,9849,2443,-52534,-2443,0,0,0,281,458,223,371,375,374,397,387,260,178,214,174,0
1,1773244356368,-1737,-282,9782,19547,-19547,8552,0,0,0,254,354,263,297,201,324,409,309,305,307,353,165,0
2,1773244356368,1919,-239,9868,0,-45204,2443,0,0,0,282,459,222,369,373,372,396,388,261,179,215,176,0
1,1773244356384,-1804,-244,9753,18325,-23212,8552,0,0,0,250,350,259,296,199,324,409,307,303,305,349,165,0
2,1773244356384,1914,-291,9916,1221,-40317,3665,0,0,0,281,457,219,371,374,373,396,388,260,180,217,178,0
1,1773244356400,-1813,-244,9748,18325,-32986,3665,0,0,0,250,351,259,300,202,328,409,307,303,306,349,165,0
2,1773244356400,1890,-320,9949,7330,-42760,0,0,0,0,280,455,219,373,376,375,389,384,261,180,218,177,0
1,1773244356416,-1789,-272,9791,15882,-40317,0,0,0,0,250,352,260,299,203,326,409,308,304,306,349,169,0
2,1773244356416,1856,-296,9949,7330,-48869,-3665,0,0,0,280,455,220,372,382,375,383,380,261,179,216,175,0
1,1773244356432,-1765,-296,9873,8552,-42760,0,0,0,0,250,352,260,299,205,325,408,307,302,307,347,171,0
2,1773244356432,1856,-339,9911,7330,-52534,-3665,0,0,0,281,456,220,369,381,373,388,382,258,179,216,175,0
1,1773244356448,-1751,-315,9892,0,-34208,18325,0,0,0,250,352,260,297,210,325,410,308,304,308,349,171,0
2,1773244356448,1880,-387,9887,20769,-53756,0,0,0,0,280,455,220,370,372,372,394,386,258,181,217,176,0
1,1773244356464,-1737,-339,9858,-1221,-28099,30543,0,0,0,249,350,259,298,210,327,410,309,305,308,351,168,0
2,1773244356464,1909,-344,9882,40317,-53756,1221,0,0,0,279,455,220,370,373,371,390,385,260,180,216,176,0
1,1773244356480,-1732,-373,9810,2443,-30543,19547,0,0,0,250,350,259,300,206,327,409,309,303,308,350,168,0
2,1773244356480,1928,-268,9873,52534,-53756,2443,0,0,0,281,456,223,367,371,372,375,376,266,177,214,176,0
1,1773244356496,-1756,-425,9801,8552,-35430,-2443,0,0,0,252,351,261,299,205,326,409,309,303,308,350,171,0
2,1773244356496,1914,-224,9858,42760,-54977,-1221,0,0,0,280,455,224,370,374,374,396,389,261,179,216,176,0
1,1773244356512,-1794,-483,9810,10995,-36651,-8552,0,0,0,253,353,263,300,211,328,409,310,303,310,350,176,0
2,1773244356512,1895,-277,9849,32986,-57421,-4886,0,0,0,278,455,220,370,372,371,400,392,266,179,216,176,0
1,1773244356528,-1785,-502,9815,15882,-32986,4886,0,0,0,254,353,264,301,220,331,409,311,302,310,352,176,0
2,1773244356528,1899,-311,9830,39095,-56199,-8552,0,0,0,278,456,221,370,374,372,394,387,257,178,215,174,0
1,1773244356544,-1756,-512,9834,25656,-32986,14660,0,0,0,251,351,263,304,209,331,406,310,299,309,351,177,0
2,1773244356544,1899,-248,9815,50090,-52534,-9773,0,0,0,276,453,221,362,390,371,397,388,260,177,215,174,0
1,1773244356560,-1761,-507,9868,28099,-34208,6108,0,0,0,255,351,265,303,208,331,405,308,299,308,349,173,0
2,1773244356560,1866,-153,9815,51312,-50090,-7330,0,0,0,277,453,220,368,377,373,394,388,260,180,216,175,0
1,1773244356576,-1785,-521,9839,21991,-35430,0,0,0,0,255,355,266,290,236,325,407,311,300,313,354,175,0
2,1773244356576,1852,-124,9820,40317,-51312,-1221,0,0,0,278,455,224,370,374,375,397,389,263,181,216,178,0
1,1773244356592,-1756,-526,9806,25656,-35430,13439,0,0,0,253,351,264,299,206,327,407,311,301,310,352,168,0
2,1773244356592,1852,-138,9825,26878,-51312,-1221,0,0,0,279,456,224,370,373,374,398,389,263,186,216,178,0
1,1773244356608,-1694,-459,9796,35430,-34208,20769,0,0,0,251,351,263,302,209,330,408,311,302,310,353,170,0
2,1773244356608,1832,-153,9863,21991,-57421,-7330,0,0,0,279,456,222,371,374,374,398,388,264,183,215,178,0
1,1773244356624,-1675,-368,9796,40317,-34208,10995,0,0,0,251,351,263,302,209,330,407,312,302,307,352,168,0
2,1773244356624,1880,-105,9920,18325,-65973,-6108,0,0,0,281,457,224,372,375,376,397,389,263,178,214,177,0
1,1773244356640,-1713,-330,9791,36651,-34208,-1221,0,0,0,252,351,263,302,205,329,407,312,303,309,352,168,0
2,1773244356640,1966,-138,9968,12217,-65973,0,0,0,0,280,457,224,372,375,377,397,390,263,178,215,176,0
1,1773244356656,-1732,-330,9796,32986,-35430,0,0,0,0,254,353,265,302,206,330,407,312,303,310,350,169,0
2,1773244356656,1976,-248,9987,12217,-61086,0,0,0,0,279,456,222,371,373,376,398,389,263,180,217,177,0
1,1773244356672,-1718,-320,9834,32986,-36651,12217,0,0,0,255,353,265,304,208,331,407,313,303,309,350,169,0
2,1773244356672,1923,-306,9992,19547,-61086,-1221,0,0,0,281,458,223,370,373,374,398,388,263,179,216,177,0
1,1773244356688,-1703,-263,9863,30543,-34208,20769,0,0,0,255,353,264,304,207,331,407,313,303,309,352,169,0
2,1773244356688,1852,-263,9987,29321,-61086,0,0,0,0,281,458,224,372,377,378,397,388,262,181,217,178,0
1,1773244356704,-1703,-196,9858,26878,-31764,23212,0,0,0,254,354,264,303,206,330,406,311,302,310,354,170,0
2,1773244356704,1832,-215,9944,31764,-54977,3665,0,0,0,281,455,226,371,374,376,395,387,261,180,217,180,0
1,1773244356720,-1727,-191,9839,21991,-29321,21991,0,0,0,253,353,263,303,205,328,408,313,304,310,353,170,0
2,1773244356720,1861,-220,9882,32986,-52534,6108,0,0,0,281,459,227,372,375,376,394,386,259,179,216,177,0
1,1773244356736,-1751,-244,9839,21991,-29321,13439,0,0,0,253,352,263,302,205,327,407,312,303,308,351,167,0
2,1773244356736,1904,-258,9834,32986,-57421,7330,0,0,0,278,456,225,372,375,376,394,388,261,179,216,177,0
1,1773244356752,-1761,-263,9858,17104,-30543,6108,0,0,0,254,353,264,303,207,329,405,311,302,308,351,169,0
2,1773244356752,1947,-263,9815,32986,-62308,8552,0,0,0,280,454,223,371,374,377,389,384,260,179,216,177,0
1,1773244356768,-1732,-349,9858,2443,-29321,2443,0,0,0,250,353,261,302,204,328,399,307,303,310,355,171,0
2,1773244356768,1995,-201,9810,30543,-64751,1221,0,0,0,278,454,220,371,375,377,394,387,259,178,216,177,0
1,1773244356784,-1708,-483,9858,0,-25656,3665,0,0,0,252,352,262,302,205,329,406,311,302,311,347,171,0
2,1773244356784,1995,-148,9791,20769,-61086,-10995,0,0,0,281,457,225,373,376,378,396,387,261,180,216,177,0
1,1773244356800,-1737,-564,9873,6108,-23212,3665,0,0,0,253,351,263,303,202,330,407,311,301,310,351,171,0
2,1773244356800,1947,-167,9806,12217,-59864,-21991,0,0,0,280,456,225,374,377,380,396,388,262,180,217,178,0
1,1773244356816,-1809,-588,9920,18325,-24434,-1221,0,0,0,252,351,262,304,206,330,406,310,299,312,353,173,0
2,1773244356816,1890,-244,9849,7330,-61086,-26878,0,0,0,280,456,225,363,384,372,397,388,261,179,216,178,0
1,1773244356832,-1861,-559,9949,25656,-28099,0,0,0,0,252,351,262,306,207,331,407,311,302,312,354,174,0
2,1773244356832,1847,-320,9925,7330,-64751,-20769,0,0,0,279,456,224,363,381,371,397,388,262,177,213,176,0
1,1773244356848,-1818,-464,9920,23212,-28099,18325,0,0,0,253,351,264,305,205,331,405,309,301,312,354,174,0
2,1773244356848,1823,-344,10007,9773,-65973,-8552,0,0,0,278,455,223,371,374,375,397,387,263,177,213,176,0
1,1773244356864,-1761,-382,9839,19547,-23212,32986,0,0,0,254,351,263,305,206,330,406,310,301,331,336,187,0
2,1773244356864,1804,-253,9987,9773,-58643,-1221,0,0,0,280,455,225,372,374,377,396,386,262,180,214,177,0
1,1773244356880,-1770,-320,9777,20769,-23212,25656,0,0,0,253,350,262,304,205,329,409,312,302,329,337,188,0
2,1773244356880,1818,-177,9935,17104,-52534,3665,0,0,0,281,455,225,372,374,377,396,386,261,183,215,176,0
1,1773244356896,-1832,-291,9763,25656,-32986,4886,0,0,0,253,350,262,304,205,329,409,312,302,313,355,177,0
2,1773244356896,1914,-162,9911,29321,-53756,8552,0,0,0,282,457,225,372,374,376,397,388,262,185,216,175,0
1,1773244356912,-1866,-282,9758,29321,-45204,-6108,0,0,0,253,353,262,304,207,330,409,312,302,314,356,171,0
2,1773244356912,2024,-215,9906,32986,-54977,0,0,0,0,280,456,224,371,373,375,397,389,262,178,215,176,0
1,1773244356928,-1770,-248,9763,21991,-46425,6108,0,0,0,254,354,264,302,205,329,408,312,302,310,353,167,0
2,1773244356928,2038,-253,9901,29321,-56199,-10995,0,0,0,282,457,228,363,379,372,397,387,262,181,215,178,0
1,1773244356944,-1675,-229,9772,12217,-40317,18325,0,0,0,251,349,261,304,206,331,407,310,301,312,354,174,0
2,1773244356944,1947,-244,9858,23212,-54977,-21991,0,0,0,281,456,224,335,417,360,397,387,262,181,215,177,0
1,1773244356960,-1636,-253,9796,7330,-32986,21991,0,0,0,252,353,262,303,208,330,406,310,301,308,353,166,0
2,1773244356960,1852,-201,9815,23212,-54977,-23212,0,0,0,284,458,227,371,374,377,397,388,262,182,218,183,0
1,1773244356976,-1694,-277,9825,7330,-30543,9773,0,0,0,252,352,261,302,207,329,408,312,303,310,354,172,0
2,1773244356976,1828,-215,9810,21991,-58643,-17104,0,0,0,284,458,227,374,375,378,397,386,262,180,214,180,0
1,1773244356992,-1746,-335,9863,3665,-31764,0,0,0,0,254,357,262,302,207,329,407,312,302,307,353,168,0
2,1773244356992,1823,-315,9844,20769,-59864,-4886,0,0,0,280,456,225,374,376,380,397,387,263,179,215,176,0
1,1773244357008,-1742,-421,9897,1221,-29321,0,0,0,0,251,356,263,301,212,329,407,313,304,308,355,170,0
2,1773244357008,1823,-354,9882,20769,-65973,7330,0,0,0,280,455,224,370,372,376,397,389,264,179,215,177,0
1,1773244357024,-1746,-488,9954,4886,-26878,1221,0,0,0,251,351,263,302,206,329,406,313,303,307,353,168,0
2,1773244357024,1866,-263,9887,19547,-69638,17104,0,0,0,283,457,227,372,375,378,397,388,263,179,213,178,0
1,1773244357040,-1794,-469,9954,9773,-24434,4886,0,0,0,251,352,262,302,205,330,405,312,302,307,353,169,0
2,1773244357040,1976,-129,9868,12217,-63529,4886,0,0,0,282,457,226,372,375,378,397,387,262,177,214,178,0
1,1773244357056,-1823,-425,9916,13439,-25656,12217,0,0,0,251,353,262,303,206,331,406,312,303,306,354,169,0
2,1773244357056,2029,-138,9882,6108,-57421,-12217,0,0,0,280,455,224,372,374,378,397,388,263,177,215,177,0
1,1773244357072,-1818,-425,9863,12217,-30543,12217,0,0,0,252,351,264,302,203,329,406,311,304,305,353,166,0
2,1773244357072,1976,-229,9906,6108,-57421,-24434,0,0,0,280,455,223,371,374,378,397,388,263,179,214,176,0
1,1773244357088,-1799,-464,9844,8552,-35430,2443,0,0,0,253,352,264,302,202,329,406,311,304,307,354,167,0
2,1773244357088,1885,-272,9901,13439,-62308,-28099,0,0,0,280,455,223,371,373,378,396,387,262,179,213,177,0
1,1773244357104,-1789,-478,9820,8552,-40317,0,0,0,0,253,354,263,302,204,329,407,312,304,309,355,170,0
2,1773244357104,1809,-244,9877,20769,-67195,-19547,0,0,0,282,456,224,366,380,376,396,387,262,177,212,176,0
1,1773244357120,-1761,-416,9806,13439,-40317,10995,0,0,0,253,353,264,299,207,328,407,312,304,308,352,168,0
2,1773244357120,1809,-201,9882,25656,-68416,-9773,0,0,0,282,456,224,359,394,372,398,388,264,180,212,178,0
1,1773244357136,-1713,-354,9796,12217,-36651,18325,0,0,0,253,353,265,293,225,326,407,312,304,308,352,169,0
2,1773244357136,1832,-224,9920,24434,-64751,-7330,0,0,0,282,455,224,371,374,377,397,387,264,179,211,177,0
1,1773244357152,-1694,-368,9791,9773,-35430,12217,0,0,0,253,353,264,278,252,320,406,312,305,307,355,169,0
2,1773244357152,1832,-287,9940,20769,-59864,-2443,0,0,0,280,455,225,371,372,377,396,387,263,177,210,177,0
1,1773244357168,-1703,-425,9796,13439,-35430,0,0,0,0,253,353,264,302,206,330,405,311,303,306,355,172,0
2,1773244357168,1823,-291,9920,19547,-58643,2443,0,0,0,281,456,224,375,376,381,397,388,265,179,210,178,0
1,1773244357184,-1732,-440,9815,18325,-35430,-1221,0,0,0,255,355,266,301,206,328,405,311,303,309,356,170,0
2,1773244357184,1842,-248,9887,18325,-56199,9773,0,0,0,280,455,224,371,372,378,398,389,266,181,212,181,0
1,1773244357200,-1742,-382,9820,18325,-36651,8552,0,0,0,253,351,265,302,205,328,406,311,308,342,325,192,0
2,1773244357200,1876,-220,9877,19547,-53756,12217,0,0,0,282,457,228,372,375,380,395,386,262,180,213,181,0
1,1773244357216,-1732,-282,9806,10995,-32986,23212,0,0,0,254,352,266,303,205,330,406,309,304,314,352,174,0
2,1773244357216,1909,-177,9868,23212,-54977,13439,0,0,0,280,456,225,373,375,379,395,386,261,179,212,178,0
1,1773244357232,-1722,-186,9796,3665,-29321,26878,0,0,0,252,352,265,302,205,330,405,310,304,308,352,171,0
2,1773244357232,1947,-177,9863,24434,-56199,7330,0,0,0,280,456,222,374,376,381,394,384,261,179,212,179,0
1,1773244357248,-1746,-224,9815,0,-29321,10995,0,0,0,252,350,265,302,205,330,404,308,302,309,354,171,0
2,1773244357248,1952,-253,9877,21991,-58643,1221,0,0,0,282,457,225,374,377,382,395,386,262,180,213,180,0
1,1773244357264,-1770,-363,9849,4886,-35430,-7330,0,0,0,252,350,264,303,205,330,403,308,302,309,354,169,0
2,1773244357264,1919,-268,9887,21991,-62308,-1221,0,0,0,284,458,228,373,375,379,399,387,264,197,217,179,0
1,1773244357280,-1756,-478,9882,14660,-40317,-13439,0,0,0,254,351,265,304,205,331,403,308,303,308,354,170,0
2,1773244357280,1909,-181,9882,18325,-58643,-7330,0,0,0,283,457,227,373,376,378,398,386,264,193,216,177,0
1,1773244357296,-1718,-502,9887,20769,-39095,-1221,0,0,0,256,352,267,305,205,331,404,308,303,308,353,168,0
2,1773244357296,1914,-172,9897,13439,-53756,-15882,0,0,0,282,456,226,372,375,378,396,386,263,180,212,177,0
1,1773244357312,-1684,-459,9863,23212,-32986,12217,0,0,0,255,352,266,304,204,329,405,310,303,308,352,166,0
2,1773244357312,1880,-258,9925,13439,-50090,-20769,0,0,0,280,454,224,371,373,377,395,385,262,179,211,177,0
1,1773244357328,-1708,-449,9849,23212,-28099,10995,0,0,0,254,352,265,302,204,328,404,309,302,309,353,168,0
2,1773244357328,1809,-282,9901,18325,-51312,-10995,0,0,0,279,454,223,373,375,379,391,383,262,178,210,177,0
1,1773244357344,-1761,-473,9849,18325,-28099,1221,0,0,0,256,352,266,302,206,329,401,306,302,311,355,171,0
2,1773244357344,1799,-234,9853,23212,-53756,0,0,0,0,282,455,227,372,373,378,387,380,264,177,211,178,0
1,1773244357360,-1785,-459,9844,18325,-29321,3665,0,0,0,256,352,267,302,203,329,394,302,304,309,353,170,0
2,1773244357360,1861,-196,9830,25656,-57421,7330,0,0,0,283,457,228,369,369,375,392,382,261,178,210,179,0
1,1773244357376,-1770,-406,9834,20769,-29321,15882,0,0,0,255,349,266,305,206,330,401,304,299,308,351,166,0
2,1773244357376,1923,-234,9853,23212,-61086,6108,0,0,0,281,455,226,372,374,379,397,386,264,186,212,180,0
1,1773244357392,-1746,-358,9830,23212,-28099,25656,0,0,0,252,349,263,303,202,330,402,309,303,308,352,168,0
2,1773244357392,1933,-263,9873,20769,-64751,2443,0,0,0,282,455,225,372,375,379,401,389,265,224,226,179,0
1,1773244357408,-1742,-344,9791,23212,-28099,17104,0,0,0,256,351,266,306,208,332,407,310,305,313,355,171,0
2,1773244357408,1914,-248,9877,17104,-67195,0,0,0,0,284,455,227,372,373,379,398,388,264,183,214,179,0
1,1773244357424,-1746,-354,9748,24434,-31764,6108,0,0,0,254,352,267,302,206,328,406,311,304,311,352,168,0
2,1773244357424,1880,-220,9882,17104,-68416,-1221,0,0,0,283,458,226,369,372,375,396,386,261,180,210,179,0
1,1773244357440,-1761,-373,9758,28099,-36651,0,0,0,0,257,349,271,303,204,328,405,309,304,310,350,165,0
2,1773244357440,1866,-186,9906,20769,-68416,-1221,0,0,0,283,455,226,374,376,380,394,385,260,180,210,179,0
1,1773244357456,-1761,-373,9815,26878,-40317,2443,0,0,0,252,350,265,304,212,331,404,311,305,312,353,168,0
2,1773244357456,1876,-196,9930,15882,-62308,-7330,0,0,0,280,455,225,372,374,378,394,385,262,251,239,180,0
1,1773244357472,-1742,-392,9853,18325,-40317,13439,0,0,0,252,351,264,303,211,331,403,310,303,311,354,168,0
2,1773244357472,1876,-248,9944,14660,-58643,-10995,0,0,0,281,456,225,371,373,376,397,386,265,211,224,181,0
1,1773244357488,-1694,-387,9810,10995,-31764,31764,0,0,0,252,352,264,303,210,329,404,310,304,309,354,168,0
2,1773244357488,1847,-282,9954,18325,-59864,-7330,0,0,0,283,457,227,372,374,378,396,386,263,180,211,179,0
1,1773244357504,-1670,-330,9729,9773,-23212,39095,0,0,0,252,352,264,302,211,329,404,310,304,310,353,168,0
2,1773244357504,1818,-244,9916,26878,-59864,0,0,0,0,282,456,227,372,373,378,395,385,262,180,211,178,0
1,1773244357520,-1703,-258,9705,14660,-23212,24434,0,0,0,254,351,266,302,207,330,403,307,302,312,353,169,0
2,1773244357520,1842,-181,9868,30543,-58643,3665,0,0,0,280,454,225,372,374,379,396,386,263,181,212,180,0
1,1773244357536,-1756,-210,9739,15882,-28099,3665,0,0,0,254,349,265,304,203,330,403,306,303,312,353,171,0
2,1773244357536,1914,-186,9830,24434,-56199,-1221,0,0,0,280,454,223,372,374,379,397,388,263,181,212,181,0
1,1773244357552,-1809,-224,9820,9773,-35430,-6108,0,0,0,255,349,266,306,200,330,404,308,304,311,352,169,0
2,1773244357552,1971,-272,9825,15882,-57421,-7330,0,0,0,281,454,223,372,373,376,396,387,262,179,210,178,0
1,1773244357568,-1770,-311,9930,0,-32986,4886,0,0,0,258,351,265,311,204,331,404,307,302,312,353,169,0
2,1773244357568,1947,-287,9834,14660,-62308,-8552,0,0,0,282,455,225,365,386,374,397,386,261,179,210,179,0
1,1773244357584,-1732,-397,10031,0,-25656,14660,0,0,0,258,350,265,310,205,330,405,307,304,313,352,169,0
2,1773244357584,1895,-201,9853,14660,-63529,-10995,0,0,0,281,455,224,340,410,362,400,389,263,181,213,179,0
1,1773244357600,-1765,-445,10102,0,-19547,4886,0,0,0,258,352,265,300,229,327,411,311,307,317,356,172,0
2,1773244357600,1866,-196,9911,9773,-61086,-18325,0,0,0,280,455,224,371,372,376,396,386,261,178,210,176,0
1,1773244357616,-1856,-469,10112,0,-18325,-2443,0,0,0,259,353,266,309,204,330,405,305,303,316,352,172,0
2,1773244357616,1823,-263,9949,8552,-58643,-18325,0,0,0,277,453,220,369,372,375,396,386,260,178,212,176,0
1,1773244357632,-1923,-473,10050,0,-19547,2443,0,0,0,261,354,266,311,204,331,408,309,305,316,352,168,0
2,1773244357632,1804,-268,9935,10995,-58643,-9773,0,0,0,281,455,225,371,373,376,395,384,259,178,212,178,0
1,1773244357648,-1909,-411,9954,8552,-24434,14660,0,0,0,257,350,264,309,204,331,408,310,307,313,350,169,0
2,1773244357648,1813,-224,9916,18325,-58643,-1221,0,0,0,280,454,225,373,375,377,400,389,266,179,211,177,0
1,1773244357664,-1876,-320,9877,18325,-34208,12217,0,0,0,256,350,263,309,204,330,408,307,306,316,352,170,0
2,1773244357664,1842,-215,9940,24434,-56199,1221,0,0,0,280,454,225,368,369,373,400,388,263,179,211,178,0
1,1773244357680,-1837,-234,9810,25656,-47647,-1221,0,0,0,258,352,264,310,205,331,409,308,307,319,353,172,0
2,1773244357680,1866,-239,9954,25656,-53756,1221,0,0,0,282,455,228,368,370,375,397,387,262,179,212,180,0
1,1773244357696,-1794,-201,9729,17104,-51312,-10995,0,0,0,260,354,266,309,204,330,411,311,308,318,353,171,0
2,1773244357696,1876,-239,9940,26878,-51312,0,0,0,0,282,455,229,371,373,379,396,387,263,180,213,181,0
1,1773244357712,-1756,-239,9624,3665,-48869,-7330,0,0,0,261,354,267,308,203,330,410,311,307,317,353,170,0
2,1773244357712,1885,-181,9887,29321,-50090,0,0,0,0,281,454,227,373,374,379,395,386,262,179,212,179,0
1,1773244357728,-1722,-349,9571,2443,-47647,0,0,0,0,262,354,268,307,204,330,408,308,305,318,353,172,0
2,1773244357728,1909,-167,9849,30543,-48869,-2443,0,0,0,281,454,226,373,374,378,395,386,261,179,211,178,0
1,1773244357744,-1694,-449,9614,8552,-51312,2443,0,0,0,260,353,267,307,204,330,408,307,305,318,353,173,0
2,1773244357744,1928,-244,9834,29321,-48869,-9773,0,0,0,281,454,224,371,373,377,397,386,263,179,211,178,0
1,1773244357760,-1679,-483,9705,12217,-51312,2443,0,0,0,259,354,266,309,205,331,410,309,308,319,348,173,0
2,1773244357760,1904,-306,9834,24434,-52534,-10995,0,0,0,280,453,223,370,372,376,398,388,263,181,212,178,0
1,1773244357776,-1665,-464,9782,13439,-46425,9773,0,0,0,259,354,266,308,207,330,410,309,307,322,342,177,0
2,1773244357776,1856,-291,9825,19547,-58643,-10995,0,0,0,280,454,224,372,373,378,398,388,263,181,212,180,0
1,1773244357792,-1631,-449,9820,12217,-40317,18325,0,0,0,259,353,266,306,207,329,407,308,306,318,353,176,0
2,1773244357792,1847,-229,9844,19547,-62308,-4886,0,0,0,282,455,226,364,380,373,400,391,264,181,212,179,0
1,1773244357808,-1593,-526,9877,10995,-34208,12217,0,0,0,259,353,267,307,207,330,407,308,305,318,352,175,0
2,1773244357808,1885,-215,9906,24434,-64751,-1221,0,0,0,283,456,226,349,402,366,400,390,264,180,212,178,0
1,1773244357824,-1622,-617,9954,21991,-31764,1221,0,0,0,259,352,267,308,207,330,407,307,304,318,352,174,0
2,1773244357824,1919,-215,9954,24434,-63529,-3665,0,0,0,283,456,227,374,376,378,400,389,264,179,212,178,0
1,1773244357840,-1675,-607,9992,32986,-30543,0,0,0,0,258,351,267,304,205,328,407,308,305,318,350,174,0
2,1773244357840,1928,-205,9959,23212,-59864,-13439,0,0,0,283,455,227,374,375,378,398,388,263,180,210,176,0
1,1773244357856,-1694,-502,9973,34208,-21991,12217,0,0,0,258,353,267,302,205,328,407,308,305,318,350,174,0
2,1773244357856,1871,-239,9944,23212,-57421,-19547,0,0,0,281,455,224,371,373,376,396,385,260,181,211,177,0
1,1773244357872,-1722,-435,9925,32986,-18325,20769,0,0,0,257,354,265,302,206,329,404,305,302,316,351,173,0
2,1773244357872,1809,-272,9925,26878,-58643,-14660,0,0,0,282,455,224,371,374,376,397,386,260,181,213,178,0
1,1773244357888,-1775,-406,9873,37873,-20769,12217,0,0,0,257,353,265,303,207,329,404,304,301,319,346,174,0
2,1773244357888,1789,-253,9901,34208,-62308,-3665,0,0,0,283,455,222,374,375,377,397,387,261,180,213,178,0
1,1773244357904,-1828,-330,9853,42760,-28099,2443,0,0,0,258,354,266,303,206,329,405,304,302,319,346,175,0
2,1773244357904,1823,-239,9892,32986,-59864,1221,0,0,0,281,454,222,373,373,376,396,387,260,181,212,178,0
1,1773244357920,-1828,-239,9858,36651,-32986,8552,0,0,0,257,354,267,303,206,329,406,305,303,318,349,174,0
2,1773244357920,1852,-268,9868,28099,-56199,1221,0,0,0,282,455,224,373,374,376,397,388,261,180,212,176,0
1,1773244357936,-1799,-191,9858,24434,-30543,25656,0,0,0,255,353,267,303,207,328,407,307,305,316,350,172,0
2,1773244357936,1856,-272,9834,23212,-56199,1221,0,0,0,283,455,225,374,375,377,398,388,261,179,212,176,0
1,1773244357952,-1775,-191,9844,18325,-26878,36651,0,0,0,256,353,267,304,208,328,406,307,304,315,349,172,0
2,1773244357952,1895,-220,9810,18325,-57421,2443,0,0,0,282,455,224,373,374,376,390,383,259,178,209,175,0
1,1773244357968,-1775,-220,9810,18325,-29321,24434,0,0,0,257,354,268,298,221,328,407,308,306,316,349,175,0
2,1773244357968,1943,-215,9839,12217,-61086,-1221,0,0,0,283,456,224,370,372,373,388,382,257,178,209,175,0
1,1773244357984,-1785,-268,9782,21991,-35430,6108,0,0,0,257,353,267,281,254,321,406,307,306,319,352,176,0
2,1773244357984,1914,-268,9877,6108,-65973,-6108,0,0,0,280,454,223,368,371,372,395,386,256,179,211,175,0
1,1773244358000,-1770,-287,9777,20769,-37873,1221,0,0,0,257,352,268,304,208,331,393,300,308,317,348,175,0
2,1773244358000,1852,-268,9887,6108,-70860,-4886,0,0,0,279,452,219,371,373,374,394,385,254,178,210,174,0
1,1773244358016,-1737,-306,9810,13439,-34208,8552,0,0,0,258,356,267,306,211,332,405,307,305,319,352,178,0
2,1773244358016,1832,-201,9892,13439,-75747,0,0,0,0,282,455,221,371,374,374,396,388,256,176,212,172,0
1,1773244358032,-1737,-397,9844,8552,-31764,7330,0,0,0,260,355,270,305,211,329,408,307,307,319,350,174,0
2,1773244358032,1880,-172,9920,18325,-75747,-1221,0,0,0,283,455,224,371,374,375,398,389,258,180,213,176,0
1,1773244358048,-1751,-473,9844,9773,-31764,4886,0,0,0,257,355,269,304,213,329,405,306,303,319,350,175,0
2,1773244358048,1914,-248,9968,14660,-70860,-12217,0,0,0,283,457,224,372,374,375,398,389,259,179,213,174,0
1,1773244358064,-1756,-488,9820,12217,-29321,8552,0,0,0,258,356,268,305,214,329,407,308,304,319,352,174,0
2,1773244358064,1818,-296,9949,10995,-65973,-12217,0,0,0,283,455,221,373,376,376,399,389,259,179,213,176,0
1,1773244358080,-1775,-454,9786,15882,-24434,15882,0,0,0,259,353,268,306,213,329,407,305,302,320,349,172,0
2,1773244358080,1732,-244,9892,15882,-63529,-2443,0,0,0,283,456,220,374,375,374,397,388,258,180,213,176,0
1,1773244358096,-1828,-387,9767,23212,-26878,14660,0,0,0,257,350,265,307,214,330,407,305,303,319,347,170,0
2,1773244358096,1780,-191,9877,24434,-61086,6108,0,0,0,284,458,220,371,375,373,396,387,256,181,214,176,0
1,1773244358112,-1861,-349,9791,26878,-40317,4886,0,0,0,256,349,263,307,215,330,407,305,304,319,347,170,0
2,1773244358112,1885,-234,9897,28099,-59864,6108,0,0,0,285,458,222,371,374,372,396,387,253,180,214,175,0
1,1773244358128,-1799,-406,9830,20769,-48869,3665,0,0,0,256,350,263,309,217,331,407,304,303,320,346,170,0
2,1773244358128,1923,-248,9897,29321,-59864,1221,0,0,0,285,455,220,372,373,372,396,387,253,177,211,172,0
1,1773244358144,-1698,-483,9849,17104,-45204,15882,0,0,0,256,351,262,309,220,332,406,302,302,318,346,168,0
2,1773244358144,1899,-224,9901,28099,-62308,-2443,0,0,0,289,456,221,370,370,371,381,377,254,175,207,170,0
1,1773244358160,-1651,-464,9844,18325,-35430,25656,0,0,0,254,351,261,306,219,330,405,302,303,316,345,167,0
2,1773244358160,1856,-234,9940,20769,-52534,-8552,0,0,0,292,458,223,370,370,372,385,379,254,175,207,170,0
1,1773244358176,-1679,-402,9844,20769,-30543,21991,0,0,0,254,350,262,306,219,330,403,302,302,314,344,168,0
2,1773244358176,1809,-253,9954,17104,-46425,-12217,0,0,0,291,457,223,370,370,371,394,385,253,176,209,171,0
1,1773244358192,-1751,-373,9853,20769,-30543,10995,0,0,0,253,347,259,303,230,329,403,301,300,316,345,170,0
2,1773244358192,1794,-248,9920,21991,-47647,-4886,0,0,0,286,454,220,369,370,371,395,386,253,212,224,172,0
1,1773244358208,-1746,-363,9873,20769,-30543,7330,0,0,0,252,348,259,277,271,319,406,303,304,316,343,170,0
2,1773244358208,1832,-248,9882,25656,-51312,0,0,0,0,282,453,219,371,373,374,397,388,255,236,235,174,0
1,1773244358224,-1708,-349,9901,18325,-26878,10995,0,0,0,255,348,263,304,221,328,409,304,304,316,341,169,0
2,1773244358224,1904,-258,9863,24434,-54977,0,0,0,0,284,456,222,374,375,376,396,387,255,181,214,175,0
1,1773244358240,-1727,-349,9911,12217,-19547,13439,0,0,0,253,349,259,292,250,327,408,303,304,348,313,195,0
2,1773244358240,1919,-253,9863,15882,-56199,-4886,0,0,0,282,454,220,373,375,375,395,386,255,180,212,174,0
1,1773244358256,-1799,-373,9897,9773,-15882,13439,0,0,0,253,349,259,308,226,334,409,303,304,324,339,174,0
2,1773244358256,1899,-224,9863,12217,-57421,-8552,0,0,0,285,456,222,372,375,373,396,386,254,178,210,171,0
1,1773244358272,-1880,-392,9863,12217,-18325,9773,0,0,0,253,348,259,307,222,333,407,302,302,319,343,171,0
2,1773244358272,1880,-205,9877,9773,-57421,-15882,0,0,0,283,454,220,369,377,372,400,389,256,180,213,175,0
1,1773244358288,-1890,-368,9834,18325,-29321,8552,0,0,0,253,350,259,306,220,332,407,301,302,320,342,171,0
2,1773244358288,1852,-234,9911,8552,-53756,-20769,0,0,0,284,455,222,370,371,373,398,388,257,178,212,175,0
1,1773244358304,-1871,-349,9853,24434,-41538,6108,0,0,0,253,350,258,306,219,332,405,301,301,322,342,171,0
2,1773244358304,1818,-268,9925,4886,-52534,-19547,0,0,0,284,455,222,371,373,374,398,388,257,180,212,176,0
1,1773244358320,-1847,-325,9882,24434,-51312,3665,0,0,0,252,348,257,307,219,331,405,300,299,321,340,169,0
2,1773244358320,1789,-268,9901,0,-47647,-13439,0,0,0,284,456,223,372,374,373,395,385,253,180,212,177,0
1,1773244358336,-1794,-272,9834,13439,-51312,14660,0,0,0,252,349,258,307,219,332,407,300,300,323,342,170,0
2,1773244358336,1765,-268,9892,1221,-47647,-3665,0,0,0,287,458,224,372,375,376,396,387,256,180,213,177,0
1,1773244358352,-1722,-224,9767,3665,-46425,31764,0,0,0,253,351,259,308,218,333,410,302,303,326,343,172,0
2,1773244358352,1780,-215,9916,15882,-54977,10995,0,0,0,283,456,222,373,376,377,398,388,258,181,213,177,0
1,1773244358368,-1651,-196,9763,0,-41538,31764,0,0,0,253,353,259,307,218,331,409,302,302,324,341,171,0
2,1773244358368,1866,-138,9930,24434,-58643,17104,0,0,0,283,455,222,373,375,375,398,388,257,180,214,177,0
1,1773244358384,-1636,-196,9806,-1221,-37873,14660,0,0,0,256,354,261,306,217,329,407,302,302,325,342,171,0
2,1773244358384,1981,-153,9925,20769,-53756,1221,0,0,0,284,456,224,372,374,375,395,386,255,181,213,178,0
1,1773244358400,-1665,-277,9853,-9773,-30543,0,0,0,0,255,353,261,305,212,329,406,302,302,324,342,171,0
2,1773244358400,1990,-229,9877,18325,-54977,-15882,0,0,0,283,456,224,373,374,375,394,386,256,180,212,177,0
1,1773244358416,-1718,-411,9873,-14660,-24434,-7330,0,0,0,256,353,262,305,212,329,407,303,303,324,342,173,0
2,1773244358416,1933,-224,9844,20769,-63529,-24434,0,0,0,282,454,223,372,373,376,397,388,259,177,211,175,0
1,1773244358432,-1770,-502,9873,-10995,-23212,-7330,0,0,0,259,354,263,306,213,332,407,303,303,325,345,175,0
2,1773244358432,1876,-191,9849,24434,-68416,-28099,0,0,0,283,454,223,371,373,377,398,389,259,178,211,174,0
1,1773244358448,-1809,-483,9858,-4886,-23212,2443,0,0,0,258,355,261,306,216,327,407,302,301,326,345,173,0
2,1773244358448,1847,-205,9897,21991,-65973,-34208,0,0,0,283,455,222,372,374,377,396,387,256,181,213,176,0
1,1773244358464,-1818,-469,9849,-3665,-23212,14660,0,0,0,258,356,261,303,217,326,406,302,300,326,344,170,0
2,1773244358464,1785,-268,9911,12217,-54977,-37873,0,0,0,284,455,223,372,373,375,395,386,255,181,213,177,0
1,1773244358480,-1823,-497,9849,-1221,-24434,18325,0,0,0,258,358,261,304,219,324,409,303,301,326,343,170,0
2,1773244358480,1703,-311,9897,12217,-53756,-21991,0,0,0,286,456,225,374,376,378,396,388,257,180,212,177,0
1,1773244358496,-1828,-497,9839,3665,-30543,12217,0,0,0,257,358,260,305,220,325,410,304,302,325,343,170,0
2,1773244358496,1689,-296,9897,20769,-58643,3665,0,0,0,283,456,222,374,376,378,398,388,260,180,212,177,0
1,1773244358512,-1813,-469,9820,8552,-39095,3665,0,0,0,257,357,261,302,225,324,411,306,301,325,344,171,0
2,1773244358512,1780,-248,9925,25656,-61086,20769,0,0,0,284,457,222,374,376,378,396,388,258,182,213,180,0
1,1773244358528,-1780,-464,9810,9773,-42760,0,0,0,0,257,356,263,289,250,320,410,304,300,326,344,171,0
2,1773244358528,1890,-215,9925,18325,-53756,14660,0,0,0,285,457,225,374,374,378,395,388,257,180,211,177,0
1,1773244358544,-1761,-469,9810,13439,-41538,4886,0,0,0,260,354,263,291,246,321,411,302,299,326,343,169,0
2,1773244358544,1943,-186,9897,10995,-50090,2443,0,0,0,285,457,224,369,370,372,390,382,257,177,211,177,0
1,1773244358560,-1746,-406,9815,19547,-37873,19547,0,0,0,261,351,262,312,202,328,413,302,299,327,342,169,0
2,1773244358560,1971,-167,9863,14660,-52534,-6108,0,0,0,288,458,228,372,372,375,397,387,260,177,210,176,0
1,1773244358576,-1718,-311,9834,20769,-36651,26878,0,0,0,259,348,261,313,203,328,414,302,299,327,341,169,0
2,1773244358576,1971,-172,9863,20769,-61086,-15882,0,0,0,285,456,225,372,373,375,398,388,261,180,211,176,0
1,1773244358592,-1684,-258,9820,18325,-36651,20769,0,0,0,261,347,260,314,205,328,413,302,298,326,340,168,0
2,1773244358592,1904,-224,9911,23212,-65973,-25656,0,0,0,284,454,223,371,373,374,398,388,261,181,213,178,0
1,1773244358608,-1679,-244,9796,14660,-35430,14660,0,0,0,259,346,258,310,202,324,412,299,293,329,340,168,0
2,1773244358608,1756,-287,9949,17104,-62308,-25656,0,0,0,285,454,224,372,373,376,394,386,258,178,212,176,0
1,1773244358624,-1708,-210,9777,12217,-34208,12217,0,0,0,259,347,260,312,203,325,408,296,292,328,339,164,0
2,1773244358624,1631,-301,9959,20769,-61086,-7330,0,0,0,285,455,225,371,372,376,395,387,260,178,211,175,0
1,1773244358640,-1742,-186,9763,6108,-32986,10995,0,0,0,257,345,256,312,203,324,363,271,302,323,336,164,0
2,1773244358640,1665,-248,9949,34208,-61086,17104,0,0,0,285,456,225,369,371,374,397,389,260,179,212,178,0
1,1773244358656,-1761,-224,9782,1221,-32986,7330,0,0,0,257,345,253,316,206,325,405,293,289,326,339,164,0
2,1773244358656,1842,-191,9940,41538,-54977,25656,0,0,0,287,457,226,372,373,376,395,386,257,180,212,179,0
1,1773244358672,-1770,-330,9820,-1221,-34208,3665,0,0,0,258,344,253,317,208,325,409,295,283,328,337,170,0
2,1773244358672,1952,-205,9920,39095,-48869,15882,0,0,0,285,455,223,373,373,377,394,384,258,179,212,177,0
1,1773244358688,-1765,-430,9853,0,-32986,6108,0,0,0,259,344,254,317,209,325,410,296,284,331,338,172,0
2,1773244358688,1943,-244,9897,36651,-48869,4886,0,0,0,284,454,220,371,371,373,394,384,256,181,212,176,0
1,1773244358704,-1770,-459,9887,7330,-29321,12217,0,0,0,258,344,252,317,207,325,412,297,286,332,339,175,0
2,1773244358704,1914,-234,9858,32986,-54977,0,0,0,0,286,455,223,373,374,376,395,385,256,180,211,175,0
1,1773244358720,-1804,-416,9901,8552,-28099,13439,0,0,0,258,345,252,318,207,325,412,297,287,331,338,176,0
2,1773244358720,1914,-210,9820,28099,-58643,-7330,0,0,0,285,456,222,371,371,372,396,386,259,182,214,175,0
1,1773244358736,-1856,-387,9906,8552,-28099,13439,0,0,0,260,347,254,318,208,325,411,296,286,330,336,173,0
2,1773244358736,1899,-224,9810,20769,-58643,-14660,0,0,0,285,454,222,369,369,370,397,386,259,205,219,177,0
1,1773244358752,-1861,-392,9901,9773,-32986,13439,0,0,0,261,347,255,317,207,324,413,296,287,331,338,168,0
2,1773244358752,1852,-258,9849,10995,-58643,-20769,0,0,0,286,457,225,372,372,374,395,384,258,178,212,177,0
1,1773244358768,-1828,-406,9892,13439,-35430,9773,0,0,0,262,348,256,317,207,324,416,299,289,331,339,163,0
2,1773244358768,1780,-277,9906,8552,-58643,-17104,0,0,0,286,457,224,375,376,377,395,384,256,180,212,175,0
1,1773244358784,-1804,-406,9887,20769,-39095,0,0,0,0,260,347,256,318,206,325,413,296,286,330,337,163,0
2,1773244358784,1742,-258,9944,13439,-61086,-2443,0,0,0,286,455,224,372,373,375,398,385,260,183,212,179,0
1,1773244358800,-1828,-354,9858,20769,-39095,-3665,0,0,0,260,348,255,317,206,324,412,296,283,329,337,158,0
2,1773244358800,1780,-224,9968,21991,-61086,6108,0,0,0,286,454,223,373,373,375,394,382,256,182,213,177,0
1,1773244358816,-1837,-306,9825,15882,-36651,3665,0,0,0,260,347,255,317,206,324,417,301,287,332,339,160,0
2,1773244358816,1837,-201,9987,28099,-57421,7330,0,0,0,286,455,222,374,374,376,395,384,258,182,213,176,0
1,1773244358832,-1823,-282,9820,6108,-36651,14660,0,0,0,260,347,256,317,206,324,416,300,286,327,338,156,0
2,1773244358832,1861,-196,9973,30543,-51312,2443,0,0,0,286,454,223,369,370,372,397,386,260,180,210,176,0
1,1773244358848,-1818,-263,9815,1221,-39095,17104,0,0,0,260,347,256,317,206,324,417,300,286,331,341,160,0
2,1773244358848,1876,-205,9944,35430,-50090,0,0,0,0,286,455,224,320,351,366,400,388,262,181,212,177,0
1,1773244358864,-1818,-215,9801,1221,-42760,14660,0,0,0,259,345,253,318,208,324,416,298,280,333,332,158,0
2,1773244358864,1909,-205,9906,40317,-53756,-1221,0,0,0,286,454,223,321,351,367,400,388,262,180,213,177,0
1,1773244358880,-1794,-196,9791,3665,-47647,12217,0,0,0,260,347,254,317,208,321,416,298,279,330,337,156,0
2,1773244358880,1943,-224,9882,37873,-51312,-10995,0,0,0,286,454,224,370,370,373,396,386,261,178,210,176,0
1,1773244358896,-1727,-282,9815,3665,-47647,2443,0,0,0,263,348,256,318,208,322,415,298,279,341,322,164,0
2,1773244358896,1856,-287,9844,23212,-42760,-23212,0,0,0,287,455,226,371,371,374,394,384,262,178,211,175,0
1,1773244358912,-1694,-368,9863,4886,-46425,-4886,0,0,0,262,347,255,320,208,322,415,298,278,337,331,160,0
2,1773244358912,1761,-306,9791,19547,-46425,-15882,0,0,0,287,455,222,368,368,371,392,380,259,177,209,172,0
1,1773244358928,-1689,-378,9877,3665,-40317,-1221,0,0,0,262,347,256,318,206,320,415,299,279,332,339,156,0
2,1773244358928,1799,-258,9796,23212,-58643,0,0,0,0,289,455,224,370,371,372,395,383,258,176,209,171,0
1,1773244358944,-1684,-311,9844,2443,-31764,10995,0,0,0,263,348,258,317,206,320,415,300,281,331,339,157,0
2,1773244358944,1876,-253,9873,25656,-64751,1221,0,0,0,288,454,224,373,371,373,395,384,258,179,209,175,0
1,1773244358960,-1703,-306,9806,2443,-28099,6108,0,0,0,261,349,257,318,207,322,416,300,282,331,336,160,0
2,1773244358960,1909,-248,9954,26878,-68416,0,0,0,0,286,453,228,376,373,379,395,384,262,176,209,175,0
1,1773244358976,-1732,-378,9810,1221,-28099,-2443,0,0,0,261,348,256,318,206,322,416,299,281,334,332,161,0
2,1773244358976,1895,-215,9954,21991,-64751,-12217,0,0,0,287,453,228,370,370,377,396,384,262,176,209,175,0
1,1773244358992,-1756,-497,9820,1221,-29321,-6108,0,0,0,261,348,256,319,205,322,416,300,282,332,340,159,0
2,1773244358992,1856,-215,9906,19547,-57421,-21991,0,0,0,288,452,231,372,371,381,397,385,263,176,210,176,0
1,1773244359008,-1756,-540,9825,7330,-30543,2443,0,0,0,261,349,257,318,208,321,416,300,279,332,340,156,0
2,1773244359008,1818,-263,9901,26878,-61086,-20769,0,0,0,289,453,229,373,372,378,398,385,263,178,210,177,0
1,1773244359024,-1742,-502,9810,19547,-31764,15882,0,0,0,261,349,257,316,202,319,417,300,281,331,340,156,0
2,1773244359024,1794,-296,9925,37873,-70860,-8552,0,0,0,289,454,231,374,373,379,395,385,263,176,208,178,0
1,1773244359040,-1742,-411,9786,30543,-31764,18325,0,0,0,261,350,258,315,201,318,417,300,279,331,337,156,0
2,1773244359040,1794,-263,9935,47647,-79412,2443,0,0,0,301,452,228,380,374,380,396,384,263,178,209,175,0
1,1773244359056,-1746,-335,9786,34208,-32986,17104,0,0,0,263,353,259,316,202,318,417,301,282,333,340,161,0
2,1773244359056,1832,-239,9930,51312,-79412,6108,0,0,0,305,451,225,378,371,375,393,382,262,177,207,171,0
1,1773244359072,-1751,-335,9815,28099,-29321,13439,0,0,0,263,352,258,317,203,318,415,301,283,333,339,158,0
2,1773244359072,1852,-258,9906,40317,-69638,-1221,0,0,0,299,451,225,376,373,374,390,381,262,175,207,169,0
1,1773244359088,-1756,-392,9858,21991,-28099,8552,0,0,0,262,352,255,317,211,318,417,302,277,330,337,153,0
2,1773244359088,1847,-263,9853,26878,-59864,-8552,0,0,0,294,452,227,375,374,376,394,384,265,173,208,170,0
1,1773244359104,-1746,-449,9920,24434,-34208,4886,0,0,0,262,352,254,317,212,318,418,302,276,330,337,153,0
2,1773244359104,1856,-263,9834,21991,-59864,-10995,0,0,0,293,453,228,373,371,377,398,387,265,172,207,174,0
1,1773244359120,-1732,-449,9925,31764,-35430,10995,0,0,0,261,350,253,317,208,318,417,301,278,331,339,155,0
2,1773244359120,1861,-287,9849,21991,-64751,-10995,0,0,0,293,452,226,375,372,377,396,386,255,199,219,174,0
1,1773244359136,-1722,-368,9873,40317,-31764,25656,0,0,0,261,349,254,317,206,318,418,301,279,331,338,156,0
2,1773244359136,1847,-301,9877,26878,-73303,-8552,0,0,0,294,450,225,372,369,370,396,386,251,255,243,175,0
1,1773244359152,-1732,-239,9810,37873,-21991,30543,0,0,0,260,348,254,319,205,320,418,300,279,330,337,154,0
2,1773244359152,1780,-268,9916,35430,-80634,-2443,0,0,0,290,453,227,372,371,373,396,387,255,175,210,175,0
1,1773244359168,-1789,-162,9767,31764,-17104,18325,0,0,0,259,347,251,319,203,320,416,299,277,331,337,154,0
2,1773244359168,1742,-253,9978,40317,-83077,3665,0,0,0,289,451,228,374,370,376,396,387,255,180,209,179,0
1,1773244359184,-1876,-148,9782,26878,-21991,2443,0,0,0,260,347,254,317,201,320,417,299,281,331,338,158,0
2,1773244359184,1765,-272,10031,37873,-69638,4886,0,0,0,289,450,224,371,368,369,396,387,254,176,207,170,0
1,1773244359200,-1899,-138,9834,18325,-29321,0,0,0,0,261,351,256,318,201,323,416,299,279,332,338,158,0
2,1773244359200,1804,-287,10002,26878,-50090,1221,0,0,0,292,452,226,373,370,369,394,384,249,181,211,176,0
1,1773244359216,-1861,-138,9863,2443,-35430,6108,0,0,0,263,351,255,318,197,318,419,302,282,334,340,158,0
2,1773244359216,1837,-272,9935,21991,-40317,0,0,0,0,291,452,228,374,370,371,394,384,249,179,212,173,0
1,1773244359232,-1813,-186,9830,-6108,-32986,17104,0,0,0,263,351,256,318,197,319,417,300,281,332,337,157,0
2,1773244359232,1876,-248,9863,25656,-41538,-3665,0,0,0,293,454,231,371,369,370,391,383,250,176,209,170,0
1,1773244359248,-1818,-229,9815,-7330,-30543,20769,0,0,0,261,349,254,317,197,319,417,300,281,330,335,157,0
2,1773244359248,1914,-239,9810,26878,-47647,-12217,0,0,0,291,453,228,374,370,372,392,383,251,176,207,170,0
1,1773244359264,-1876,-272,9853,-4886,-34208,13439,0,0,0,261,349,255,317,198,318,418,300,282,334,339,161,0
2,1773244359264,1909,-268,9801,26878,-54977,-23212,0,0,0,291,453,224,373,370,370,394,385,252,178,208,173,0
1,1773244359280,-1876,-335,9906,-4886,-41538,3665,0,0,0,262,350,256,318,196,319,416,301,279,331,336,156,0
2,1773244359280,1823,-306,9839,30543,-64751,-21991,0,0,0,294,455,227,369,366,365,394,384,250,180,209,177,0
1,1773244359296,-1823,-392,9916,0,-43982,1221,0,0,0,260,348,254,317,196,318,416,299,280,337,327,163,0
2,1773244359296,1746,-315,9906,40317,-76969,-8552,0,0,0,292,453,228,368,366,367,394,385,251,191,212,179,0
1,1773244359312,-1761,-402,9887,10995,-45204,0,0,0,0,262,349,256,316,196,319,416,300,282,335,332,162,0
2,1773244359312,1770,-272,9987,48869,-79412,0,0,0,0,289,451,225,369,368,371,395,386,254,195,213,179,0
1,1773244359328,-1727,-387,9863,14660,-43982,-1221,0,0,0,265,352,260,315,195,320,416,301,284,332,340,160,0
2,1773244359328,1866,-239,10040,40317,-63529,-7330,0,0,0,289,451,224,372,370,370,394,385,252,180,208,178,0
1,1773244359344,-1732,-397,9853,7330,-37873,-2443,0,0,0,263,350,259,315,195,320,416,301,284,332,340,160,0
2,1773244359344,1890,-268,9992,23212,-37873,-34208,0,0,0,289,451,222,371,369,367,394,386,252,188,210,179,0
1,1773244359360,-1761,-421,9825,0,-31764,2443,0,0,0,261,349,257,317,195,321,417,301,283,331,339,159,0
2,1773244359360,1837,-301,9887,19547,-34208,-40317,0,0,0,290,451,221,369,368,366,396,385,255,206,217,177,0
1,1773244359376,-1780,-406,9801,0,-29321,12217,0,0,0,261,350,258,318,196,323,417,300,284,332,339,162,0
2,1773244359376,1818,-311,9815,26878,-45204,-32986,0,0,0,290,451,221,372,370,368,394,384,254,183,211,180,0
1,1773244359392,-1785,-354,9791,4886,-29321,18325,0,0,0,262,351,259,315,194,320,408,294,285,331,339,160,0
2,1773244359392,1794,-330,9815,34208,-56199,-23212,0,0,0,290,451,224,372,370,372,393,382,253,182,210,181,0
1,1773244359408,-1804,-301,9772,12217,-32986,10995,0,0,0,262,350,258,311,191,318,373,272,292,331,338,160,0
2,1773244359408,1761,-349,9849,39095,-67195,-12217,0,0,0,289,450,224,370,368,372,395,386,258,181,208,184,0
1,1773244359424,-1818,-282,9763,18325,-41538,3665,0,0,0,262,350,257,314,197,319,414,298,280,329,337,159,0
2,1773244359424,1756,-335,9897,40317,-70860,-1221,0,0,0,290,451,226,370,366,371,393,385,255,183,212,188,0
1,1773244359440,-1761,-301,9786,18325,-47647,0,0,0,0,262,350,256,314,197,316,413,298,287,331,340,159,0
2,1773244359440,1770,-301,9949,35430,-65973,0,0,0,0,289,451,226,370,368,370,394,388,258,182,211,187,0
1,1773244359456,-1689,-335,9830,15882,-47647,-1221,0,0,0,260,350,256,314,198,318,416,299,280,332,342,163,0
2,1773244359456,1813,-282,9959,30543,-54977,0,0,0,0,287,449,221,365,379,368,396,390,261,183,212,186,0
1,1773244359472,-1651,-368,9853,9773,-40317,3665,0,0,0,263,351,259,315,199,321,417,300,281,330,339,161,0
2,1773244359472,1852,-287,9911,25656,-45204,-7330,0,0,0,286,449,220,366,374,369,393,387,263,180,210,185,0
1,1773244359488,-1660,-382,9844,4886,-28099,18325,0,0,0,262,352,259,318,199,322,418,300,282,330,339,161,0
2,1773244359488,1861,-301,9873,26878,-47647,-9773,0,0,0,287,450,224,369,369,375,393,385,263,178,210,186,0
1,1773244359504,-1713,-382,9830,7330,-23212,24434,0,0,0,261,351,257,319,198,322,422,301,284,331,338,159,0
2,1773244359504,1852,-311,9868,28099,-53756,-12217,0,0,0,288,451,227,369,369,378,394,384,261,180,210,189,0
1,1773244359520,-1751,-335,9834,15882,-25656,15882,0,0,0,261,351,258,317,198,320,420,300,283,329,337,159,0
2,1773244359520,1809,-330,9877,20769,-53756,-14660,0,0,0,287,451,229,368,368,379,393,384,261,220,226,193,0
1,1773244359536,-1770,-277,9858,21991,-28099,7330,0,0,0,261,352,259,315,199,320,417,301,282,327,337,158,0
2,1773244359536,1756,-335,9853,14660,-54977,-9773,0,0,0,287,451,231,370,369,382,393,384,263,252,241,194,0
1,1773244359552,-1785,-258,9873,20769,-25656,4886,0,0,0,260,351,259,314,200,321,416,301,282,328,338,158,0
2,1773244359552,1785,-325,9834,17104,-62308,0,0,0,0,290,452,233,368,367,380,394,385,260,180,209,193,0
1,1773244359568,-1799,-272,9858,14660,-21991,4886,0,0,0,261,351,261,313,198,320,417,301,284,328,337,159,0
2,1773244359568,1823,-315,9853,19547,-68416,2443,0,0,0,290,452,234,369,370,382,384,380,262,178,208,194,0
1,1773244359584,-1828,-306,9839,10995,-21991,6108,0,0,0,263,351,261,315,197,321,419,302,286,329,338,158,0
2,1773244359584,1809,-325,9882,18325,-69638,1221,0,0,0,289,452,236,367,368,381,356,364,271,174,205,191,0
1,1773244359600,-1856,-335,9815,10995,-25656,4886,0,0,0,262,349,259,317,196,321,416,299,284,330,337,159,0
2,1773244359600,1780,-330,9925,17104,-73303,4886,0,0,0,288,452,236,368,368,385,394,389,262,174,209,196,0
1,1773244359616,-1871,-368,9801,12217,-30543,4886,0,0,0,261,349,259,316,198,319,417,299,284,330,336,158,0
2,1773244359616,1832,-277,9959,21991,-73303,6108,0,0,0,292,454,238,371,372,388,395,389,261,174,205,196,0
1,1773244359632,-1847,-392,9801,15882,-35430,6108,0,0,0,261,349,257,318,199,321,418,301,285,329,336,159,0
2,1773244359632,1909,-224,9978,28099,-72082,0,0,0,0,289,453,239,370,372,389,394,388,261,177,208,197,0
1,1773244359648,-1809,-387,9820,19547,-37873,7330,0,0,0,265,350,261,314,194,320,418,301,287,329,338,159,0
2,1773244359648,1919,-253,9954,25656,-62308,-20769,0,0,0,292,453,239,368,370,388,395,389,264,174,207,195,0
1,1773244359664,-1799,-339,9858,23212,-40317,6108,0,0,0,263,351,260,315,201,320,418,302,287,335,330,165,0
2,1773244359664,1813,-339,9892,18325,-52534,-37873,0,0,0,291,453,239,367,369,388,394,389,263,176,209,199,0
1,1773244359680,-1809,-277,9882,23212,-40317,8552,0,0,0,263,351,260,316,197,320,419,302,287,330,335,159,0
2,1773244359680,1675,-411,9853,18325,-57421,-28099,0,0,0,292,453,239,368,369,387,395,390,264,176,210,200,0
1,1773244359696,-1799,-239,9887,20769,-40317,13439,0,0,0,261,351,260,314,196,320,415,297,284,329,337,161,0
2,1773244359696,1670,-382,9858,24434,-65973,0,0,0,0,293,454,239,368,368,386,395,388,263,175,209,199,0
1,1773244359712,-1761,-263,9853,19547,-41538,10995,0,0,0,261,351,261,315,197,321,417,298,285,330,338,162,0
2,1773244359712,1761,-315,9882,25656,-68416,14660,0,0,0,291,455,240,367,368,387,395,387,263,175,210,199,0
1,1773244359728,-1713,-291,9830,19547,-41538,3665,0,0,0,263,352,261,315,196,320,417,300,286,330,338,161,0
2,1773244359728,1837,-282,9897,23212,-65973,13439,0,0,0,290,455,239,369,372,389,397,391,264,178,213,195,0
1,1773244359744,-1708,-296,9839,13439,-37873,3665,0,0,0,264,352,262,315,195,320,417,300,286,330,337,160,0
2,1773244359744,1837,-291,9897,21991,-64751,6108,0,0,0,292,456,238,370,374,389,397,391,263,212,225,192,0
1,1773244359760,-1737,-282,9839,7330,-31764,9773,0,0,0,263,351,262,315,194,321,417,300,287,330,334,162,0
2,1773244359760,1837,-311,9925,20769,-64751,1221,0,0,0,292,456,240,369,372,389,395,388,263,253,243,196,0
1,1773244359776,-1770,-263,9806,4886,-28099,21991,0,0,0,262,352,261,314,194,321,416,298,288,331,334,165,0
2,1773244359776,1837,-315,9944,15882,-61086,-1221,0,0,0,295,459,242,371,372,391,397,389,266,174,211,197,0
1,1773244359792,-1770,-277,9786,13439,-29321,9773,0,0,0,262,352,261,314,195,322,415,297,288,331,338,165,0
2,1773244359792,1799,-306,9940,15882,-59864,-2443,0,0,0,294,458,242,371,374,392,399,391,268,172,209,197,0
1,1773244359808,-1780,-301,9796,20769,-32986,-6108,0,0,0,262,352,263,312,194,322,414,297,288,330,338,164,0
2,1773244359808,1780,-282,9916,21991,-63529,0,0,0,0,293,457,242,368,372,390,392,386,264,174,211,202,0
1,1773244359824,-1823,-306,9820,23212,-32986,-14660,0,0,0,262,353,264,313,193,323,414,298,287,328,336,162,0
2,1773244359824,1818,-287,9925,28099,-65973,0,0,0,0,293,457,242,370,372,395,395,387,265,176,215,203,0
1,1773244359840,-1852,-320,9849,14660,-30543,0,0,0,0,262,353,264,313,193,323,413,297,287,329,337,163,0
2,1773244359840,1828,-335,9944,25656,-62308,-3665,0,0,0,289,453,240,366,369,392,397,390,267,174,211,203,0
1,1773244359856,-1852,-339,9877,10995,-30543,14660,0,0,0,262,351,264,313,191,322,416,296,287,331,338,162,0
2,1773244359856,1785,-330,9892,19547,-56199,-6108,0,0,0,287,453,241,366,370,394,396,387,266,172,211,204,0
1,1773244359872,-1832,-344,9901,9773,-36651,9773,0,0,0,259,351,262,307,210,322,418,300,288,332,338,160,0
2,1773244359872,1765,-311,9868,21991,-58643,-2443,0,0,0,291,455,243,362,379,393,399,391,270,173,211,208,0
1,1773244359888,-1809,-358,9901,8552,-41538,1221,0,0,0,260,351,263,309,198,323,416,298,288,329,336,160,0
2,1773244359888,1789,-315,9906,29321,-65973,1221,0,0,0,290,453,244,366,373,396,400,392,273,173,209,208,0
1,1773244359904,-1780,-397,9868,12217,-41538,1221,0,0,0,260,351,266,311,193,323,416,298,290,329,336,161,0
2,1773244359904,1828,-296,9944,31764,-68416,0,0,0,0,292,457,250,366,370,398,400,393,275,173,210,209,0
1,1773244359920,-1765,-402,9834,19547,-40317,3665,0,0,0,260,351,265,312,196,324,414,298,289,328,335,159,0
2,1773244359920,1847,-287,9935,28099,-62308,-7330,0,0,0,292,457,252,367,371,401,399,394,274,224,232,207,0
1,1773244359936,-1751,-368,9810,24434,-40317,8552,0,0,0,262,353,263,310,204,322,414,298,289,330,337,161,0
2,1773244359936,1813,-320,9916,23212,-53756,-17104,0,0,0,289,455,251,368,370,403,397,392,273,216,228,208,0
1,1773244359952,-1722,-320,9810,23212,-36651,17104,0,0,0,265,354,262,312,204,322,416,299,290,331,339,162,0
2,1773244359952,1765,-344,9916,26878,-54977,-14660,0,0,0,289,454,250,367,369,402,397,391,273,171,211,211,0
1,1773244359968,-1703,-296,9801,18325,-31764,20769,0,0,0,265,354,261,316,195,323,416,299,290,330,337,161,0
2,1773244359968,1761,-344,9916,29321,-58643,-7330,0,0,0,292,454,252,369,370,402,400,392,276,172,210,212,0
1,1773244359984,-1708,-277,9772,17104,-26878,19547,0,0,0,262,353,261,314,194,321,414,297,288,331,337,161,0
2,1773244359984,1770,-349,9901,24434,-54977,-4886,0,0,0,291,456,252,365,376,401,401,393,276,172,210,211,0
1,1773244360000,-1732,-239,9772,17104,-21991,14660,0,0,0,259,353,261,313,196,324,413,296,290,331,336,163,0
2,1773244360000,1775,-339,9887,24434,-56199,-2443,0,0,0,290,456,250,361,382,400,402,394,277,171,210,211,0
1,1773244360016,-1789,-220,9806,13439,-19547,8552,0,0,0,264,354,266,313,192,321,412,294,288,328,335,159,0
2,1773244360016,1794,-320,9882,24434,-61086,0,0,0,0,291,456,253,367,369,404,401,393,279,172,210,213,0
1,1773244360032,-1852,-248,9830,4886,-19547,4886,0,0,0,264,353,265,314,194,321,416,297,289,333,338,161,0
2,1773244360032,1813,-320,9882,20769,-62308,0,0,0,0,291,456,254,367,370,405,400,392,280,172,211,212,0
1,1773244360048,-1880,-315,9839,0,-21991,4886,0,0,0,261,353,263,314,194,321,415,297,289,330,333,161,0
2,1773244360048,1818,-315,9887,17104,-62308,-4886,0,0,0,292,455,254,368,370,404,360,368,293,168,207,210,0
1,1773244360064,-1885,-363,9830,3665,-25656,6108,0,0,0,261,353,263,313,195,322,415,298,290,330,334,164,0
2,1773244360064,1785,-325,9892,14660,-61086,-6108,0,0,0,292,455,254,368,367,403,398,392,277,170,208,213,0
1,1773244360080,-1909,-373,9834,14660,-34208,3665,0,0,0,263,354,265,312,192,321,414,295,289,331,335,162,0
2,1773244360080,1756,-335,9901,14660,-59864,-4886,0,0,0,289,455,253,368,369,405,400,392,278,171,208,214,0
1,1773244360096,-1919,-339,9853,21991,-43982,4886,0,0,0,262,353,264,310,198,321,415,296,290,330,336,162,0
2,1773244360096,1770,-325,9911,17104,-58643,-3665,0,0,0,289,455,253,367,369,404,399,392,276,172,210,215,0
1,1773244360112,-1847,-320,9863,23212,-48869,15882,0,0,0,261,353,264,313,199,324,416,297,293,337,327,169,0
2,1773244360112,1785,-325,9911,17104,-56199,-3665,0,0,0,290,455,252,366,368,403,401,394,276,172,213,215,0
1,1773244360128,-1742,-315,9858,20769,-45204,17104,0,0,0,262,355,265,313,194,323,417,296,292,334,330,166,0
2,1773244360128,1780,-339,9911,19547,-58643,-2443,0,0,0,291,454,250,366,367,402,401,393,276,170,212,213,0
1,1773244360144,-1689,-315,9853,18325,-39095,8552,0,0,0,264,355,265,313,192,323,418,296,291,328,335,161,0
2,1773244360144,1775,-330,9906,20769,-63529,0,0,0,0,292,456,252,366,368,402,401,393,276,170,209,213,0
1,1773244360160,-1732,-315,9844,15882,-35430,0,0,0,0,265,355,265,315,193,323,420,295,290,328,335,160,0
2,1773244360160,1804,-315,9873,13439,-59864,0,0,0,0,291,457,252,366,369,403,402,395,276,172,209,215,0
1,1773244360176,-1785,-306,9844,14660,-34208,0,0,0,0,267,357,266,315,194,322,423,296,292,329,337,162,0
2,1773244360176,1828,-315,9839,4886,-57421,-8552,0,0,0,289,455,251,366,369,405,402,396,277,173,211,217,0
1,1773244360192,-1765,-263,9844,10995,-31764,17104,0,0,0,266,356,265,316,193,323,425,297,295,329,337,163,0
2,1773244360192,1818,-320,9849,7330,-64751,-7330,0,0,0,288,454,250,366,369,405,402,396,276,173,212,216,0
1,1773244360208,-1727,-248,9820,9773,-28099,23212,0,0,0,264,353,262,316,191,323,423,295,293,329,338,162,0
2,1773244360208,1818,-315,9897,12217,-74525,-6108,0,0,0,288,455,249,367,373,405,403,397,276,201,223,212,0
1,1773244360224,-1732,-277,9791,13439,-28099,12217,0,0,0,265,356,264,317,193,324,424,297,295,328,337,161,0
2,1773244360224,1813,-311,9930,8552,-74525,-12217,0,0,0,288,455,248,368,377,406,406,399,278,262,247,210,0
1,1773244360240,-1785,-301,9777,19547,-31764,-4886,0,0,0,263,354,264,313,193,323,424,298,295,328,337,161,0
2,1773244360240,1746,-335,9930,0,-64751,-18325,0,0,0,286,454,245,366,371,403,402,395,275,172,211,215,0
1,1773244360256,-1818,-315,9801,19547,-35430,-8552,0,0,0,265,356,268,313,194,324,425,299,297,328,339,162,0
2,1773244360256,1689,-335,9935,1221,-64751,-12217,0,0,0,288,456,245,364,368,400,402,395,274,171,211,215,0
1,1773244360272,-1780,-344,9839,12217,-34208,3665,0,0,0,261,351,264,313,193,326,425,298,299,329,340,165,0
2,1773244360272,1727,-291,9959,15882,-70860,2443,0,0,0,290,456,246,367,372,403,404,396,277,173,215,217,0
1,1773244360288,-1746,-387,9858,10995,-32986,13439,0,0,0,261,355,265,311,192,324,421,297,299,325,336,163,0
2,1773244360288,1794,-272,9992,26878,-73303,7330,0,0,0,290,458,249,366,370,403,402,395,275,172,211,217,0
1,1773244360304,-1751,-402,9863,13439,-31764,19547,0,0,0,259,354,263,311,193,324,419,297,298,325,338,164,0
2,1773244360304,1823,-291,9987,28099,-65973,0,0,0,0,286,454,242,364,365,399,401,394,274,170,211,215,0
1,1773244360320,-1751,-387,9863,14660,-28099,19547,0,0,0,258,353,263,313,195,326,420,297,299,325,339,164,0
2,1773244360320,1756,-320,9940,21991,-56199,-7330,0,0,0,288,455,247,367,369,402,399,392,272,171,211,215,0
1,1773244360336,-1756,-411,9873,17104,-26878,13439,0,0,0,259,352,264,310,194,326,417,297,299,325,339,164,0
2,1773244360336,1718,-330,9911,24434,-56199,-2443,0,0,0,289,456,246,366,368,402,402,395,274,187,213,214,0
1,1773244360352,-1775,-416,9877,25656,-28099,8552,0,0,0,258,352,265,307,192,326,412,296,298,324,338,165,0
2,1773244360352,1751,-306,9906,26878,-57421,1221,0,0,0,288,455,245,366,370,404,402,396,276,180,213,216,0
1,1773244360368,-1775,-363,9858,30543,-29321,10995,0,0,0,258,355,266,309,192,328,409,295,297,322,338,166,0
2,1773244360368,1785,-296,9901,23212,-53756,0,0,0,0,289,456,247,367,370,406,403,396,277,172,211,218,0
1,1773244360384,-1765,-258,9810,29321,-24434,19547,0,0,0,258,355,266,309,194,329,407,296,298,321,334,166,0
2,1773244360384,1775,-320,9873,17104,-51312,-2443,0,0,0,290,456,247,367,369,406,400,395,276,172,211,216,0
1,1773244360400,-1785,-191,9734,23212,-21991,21991,0,0,0,257,352,265,307,195,330,406,296,299,324,329,168,0
2,1773244360400,1737,-344,9853,14660,-54977,0,0,0,0,289,455,246,367,370,406,399,394,276,170,211,214,0
1,1773244360416,-1818,-205,9729,20769,-23212,17104,0,0,0,257,353,268,304,190,327,401,294,302,319,337,164,0
2,1773244360416,1746,-330,9858,17104,-62308,6108,0,0,0,289,456,247,366,370,406,402,397,278,170,211,215,0
1,1773244360432,-1847,-282,9786,20769,-29321,6108,0,0,0,255,351,266,307,194,329,363,270,307,318,337,165,0
2,1773244360432,1785,-306,9916,18325,-67195,7330,0,0,0,288,455,246,366,370,406,401,397,277,172,211,216,0
1,1773244360448,-1847,-320,9849,19547,-34208,0,0,0,0,256,353,266,307,194,330,409,297,297,321,338,167,0
2,1773244360448,1789,-291,9954,17104,-65973,2443,0,0,0,289,456,247,368,371,405,403,397,276,173,211,216,0
1,1773244360464,-1813,-335,9882,14660,-32986,6108,0,0,0,255,351,266,306,194,328,409,297,297,320,338,164,0
2,1773244360464,1794,-282,9949,13439,-59864,-2443,0,0,0,288,456,247,366,370,404,400,395,276,172,212,217,0
1,1773244360480,-1775,-335,9863,12217,-28099,20769,0,0,0,255,351,266,306,194,327,409,298,297,320,339,165,0
2,1773244360480,1775,-291,9935,12217,-53756,-7330,0,0,0,288,456,247,366,369,403,403,398,279,170,210,216,0
1,1773244360496,-1770,-349,9853,17104,-26878,24434,0,0,0,258,353,268,305,193,327,409,297,298,319,339,166,0
2,1773244360496,1737,-306,9920,15882,-56199,-4886,0,0,0,289,457,246,367,370,405,403,395,278,171,212,218,0
1,1773244360512,-1799,-354,9868,24434,-30543,12217,0,0,0,255,348,265,305,195,328,410,299,300,339,321,182,0
2,1773244360512,1722,-311,9906,20769,-61086,0,0,0,0,288,456,246,368,373,406,403,395,278,171,211,217,0
1,1773244360528,-1809,-320,9877,26878,-32986,6108,0,0,0,255,347,264,307,196,327,410,299,299,332,330,176,0
2,1773244360528,1765,-301,9892,23212,-62308,1221,0,0,0,289,456,248,368,370,405,404,396,279,172,211,216,0
1,1773244360544,-1775,-282,9853,19547,-30543,12217,0,0,0,255,348,264,308,194,327,409,298,296,318,341,165,0
2,1773244360544,1823,-296,9868,18325,-59864,-1221,0,0,0,287,455,245,369,373,405,403,396,278,173,211,218,0
1,1773244360560,-1761,-272,9810,14660,-25656,13439,0,0,0,254,348,264,306,193,326,408,297,296,316,338,164,0
2,1773244360560,1794,-320,9873,14660,-59864,-6108,0,0,0,290,457,248,368,371,404,371,377,289,169,208,215,0
1,1773244360576,-1799,-320,9782,18325,-29321,4886,0,0,0,255,347,265,305,194,328,408,297,298,315,337,162,0
2,1773244360576,1727,-335,9920,14660,-63529,-3665,0,0,0,289,456,248,367,370,404,383,383,284,168,208,214,0
1,1773244360592,-1809,-349,9763,23212,-34208,0,0,0,0,254,347,265,307,198,330,410,299,298,314,338,161,0
2,1773244360592,1698,-311,9959,14660,-63529,0,0,0,0,288,455,246,367,371,403,403,395,275,170,209,214,0
1,1773244360608,-1789,-339,9763,24434,-35430,0,0,0,0,254,349,266,305,200,325,410,301,298,317,340,164,0
2,1773244360608,1746,-258,9959,17104,-59864,1221,0,0,0,290,457,247,354,388,396,403,396,276,172,211,214,0
1,1773244360624,-1780,-287,9815,21991,-32986,8552,0,0,0,255,348,264,305,200,325,410,300,297,321,342,168,0
2,1773244360624,1813,-239,9954,24434,-58643,0,0,0,0,290,457,248,349,396,392,405,397,278,171,210,214,0
1,1773244360640,-1770,-258,9892,15882,-30543,19547,0,0,0,257,349,266,309,199,325,415,300,297,318,339,162,0
2,1773244360640,1818,-277,9935,28099,-54977,-7330,0,0,0,287,455,247,366,370,401,403,395,276,171,209,214,0
1,1773244360656,-1765,-282,9940,9773,-29321,21991,0,0,0,258,348,265,309,194,326,415,301,297,318,339,164,0
2,1773244360656,1761,-339,9911,24434,-51312,-12217,0,0,0,289,455,246,365,368,400,401,394,274,170,211,214,0
1,1773244360672,-1785,-339,9916,10995,-30543,8552,0,0,0,258,348,265,306,194,323,414,301,292,318,339,161,0
2,1773244360672,1703,-358,9882,20769,-52534,-8552,0,0,0,287,455,245,368,371,402,404,397,278,169,210,215,0
1,1773244360688,-1804,-354,9853,20769,-32986,0,0,0,0,257,345,264,306,195,324,413,299,292,314,339,162,0
2,1773244360688,1737,-306,9863,20769,-56199,-1221,0,0,0,290,457,246,368,374,402,402,395,275,173,212,215,0
1,1773244360704,-1799,-315,9834,25656,-35430,1221,0,0,0,257,349,266,307,197,324,412,300,291,314,339,163,0
2,1773244360704,1794,-272,9882,19547,-57421,0,0,0,0,290,457,246,369,374,403,400,391,273,173,212,214,0
1,1773244360720,-1799,-330,9873,18325,-35430,7330,0,0,0,254,346,264,314,198,326,410,299,288,315,342,164,0
2,1773244360720,1813,-291,9920,17104,-57421,-6108,0,0,0,290,457,246,367,371,400,404,396,279,173,212,214,0
1,1773244360736,-1818,-358,9906,18325,-35430,13439,0,0,0,256,346,267,313,196,324,413,300,288,317,342,163,0
2,1773244360736,1742,-311,9930,15882,-54977,-9773,0,0,0,288,457,250,364,373,402,405,397,279,173,211,214,0
1,1773244360752,-1813,-301,9906,18325,-36651,13439,0,0,0,259,347,269,308,193,321,414,300,288,317,342,163,0
2,1773244360752,1703,-311,9920,17104,-54977,-6108,0,0,0,292,457,251,364,369,402,403,393,277,173,209,214,0
1,1773244360768,-1785,-248,9882,14660,-37873,14660,0,0,0,260,347,269,308,192,321,414,300,288,317,341,161,0
2,1773244360768,1737,-301,9920,20769,-59864,0,0,0,0,289,456,252,365,369,402,403,394,278,169,209,212,0
1,1773244360784,-1746,-239,9844,4886,-35430,15882,0,0,0,260,347,270,311,193,322,414,299,287,317,341,159,0
2,1773244360784,1770,-301,9935,21991,-61086,1221,0,0,0,290,456,252,365,369,403,403,395,281,170,209,214,0
1,1773244360800,-1751,-248,9806,3665,-30543,12217,0,0,0,261,346,270,311,194,321,415,300,286,317,340,160,0
2,1773244360800,1785,-296,9944,19547,-59864,0,0,0,0,287,455,248,365,369,401,402,395,280,171,210,214,0
1,1773244360816,-1809,-248,9786,8552,-30543,3665,0,0,0,262,346,271,309,191,320,417,302,289,316,338,159,0
2,1773244360816,1780,-282,9920,17104,-57421,-1221,0,0,0,288,455,246,366,370,401,403,396,280,171,209,214,0
1,1773244360832,-1837,-263,9796,7330,-32986,0,0,0,0,262,347,271,312,191,323,417,299,289,316,339,160,0
2,1773244360832,1780,-287,9892,15882,-57421,-4886,0,0,0,291,456,247,368,371,401,405,398,281,171,208,213,0
1,1773244360848,-1832,-277,9810,4886,-35430,6108,0,0,0,261,346,270,308,190,319,417,300,289,318,340,162,0
2,1773244360848,1756,-315,9882,13439,-57421,-7330,0,0,0,289,456,245,367,370,400,404,397,280,170,208,212,0
1,1773244360864,-1799,-268,9801,3665,-37873,13439,0,0,0,262,350,272,308,192,319,417,303,290,314,339,160,0
2,1773244360864,1718,-320,9887,13439,-61086,-3665,0,0,0,288,453,243,366,369,400,402,395,279,172,210,213,0
1,1773244360880,-1794,-253,9801,4886,-37873,3665,0,0,0,258,350,270,308,199,319,417,304,289,315,340,160,0
2,1773244360880,1727,-282,9916,19547,-67195,2443,0,0,0,290,454,244,367,370,401,402,395,278,171,210,214,0
1,1773244360896,-1837,-296,9815,7330,-42760,-8552,0,0,0,259,350,269,308,199,320,412,297,286,316,340,162,0
2,1773244360896,1809,-244,9940,19547,-62308,-3665,0,0,0,292,456,247,370,373,403,402,394,278,171,207,212,0
1,1773244360912,-1852,-358,9873,15882,-46425,0,0,0,0,260,350,270,309,197,321,415,300,288,316,338,160,0
2,1773244360912,1837,-263,9954,13439,-51312,-20769,0,0,0,290,455,243,369,380,403,402,394,278,172,210,213,0
1,1773244360928,-1794,-325,9964,13439,-41538,19547,0,0,0,262,347,270,312,193,321,417,301,289,316,338,160,0
2,1773244360928,1765,-320,9944,7330,-41538,-32986,0,0,0,292,455,247,370,373,404,404,397,280,171,211,212,0
1,1773244360944,-1761,-339,9973,-1221,-34208,14660,0,0,0,264,346,269,312,190,318,387,282,294,315,337,159,0
2,1773244360944,1675,-330,9925,10995,-41538,-23212,0,0,0,291,456,246,366,370,401,403,396,277,173,211,215,0
1,1773244360960,-1794,-406,9911,-6108,-32986,0,0,0,0,264,347,269,311,190,316,391,285,294,315,337,159,0
2,1773244360960,1679,-311,9935,19547,-45204,-7330,0,0,0,291,456,246,370,375,404,404,396,278,174,211,215,0
1,1773244360976,-1847,-449,9839,1221,-36651,-1221,0,0,0,262,349,270,311,194,318,415,301,291,315,338,159,0
2,1773244360976,1746,-282,9959,23212,-42760,-3665,0,0,0,291,456,246,367,370,403,402,393,277,171,208,213,0
1,1773244360992,-1823,-425,9810,7330,-35430,9773,0,0,0,258,347,269,309,195,322,412,299,291,279,323,156,0
2,1773244360992,1775,-277,9968,24434,-37873,-6108,0,0,0,291,456,246,369,371,405,401,393,277,172,210,214,0
1,1773244361008,-1789,-387,9801,9773,-34208,8552,0,0,0,258,347,269,303,195,321,411,299,294,243,309,154,0
2,1773244361008,1761,-291,9944,24434,-34208,-10995,0,0,0,290,454,245,367,369,401,402,394,277,173,211,213,0
1,1773244361024,-1804,-344,9748,9773,-34208,-1221,0,0,0,257,353,269,301,208,320,409,302,292,312,338,159,0
2,1773244361024,1761,-291,9892,26878,-40317,-6108,0,0,0,289,453,244,367,369,400,404,394,279,173,211,213,0
1,1773244361040,-1842,-282,9691,13439,-34208,0,0,0,0,253,355,266,300,219,319,409,304,290,312,338,155,0
2,1773244361040,1809,-291,9849,28099,-48869,-3665,0,0,0,290,453,244,369,370,402,404,395,280,173,211,213,0
1,1773244361056,-1871,-224,9681,15882,-37873,7330,0,0,0,258,354,271,300,211,320,411,304,293,314,338,160,0
2,1773244361056,1856,-296,9825,21991,-54977,-10995,0,0,0,290,453,245,367,368,400,403,394,278,175,212,215,0
1,1773244361072,-1842,-205,9724,10995,-43982,12217,0,0,0,256,349,269,300,200,318,358,272,301,312,336,160,0
2,1773244361072,1842,-301,9796,10995,-57421,-23212,0,0,0,290,453,244,364,366,398,401,391,275,174,211,215,0
1,1773244361088,-1780,-215,9763,7330,-48869,13439,0,0,0,256,349,271,301,197,319,402,297,293,314,338,160,0
2,1773244361088,1794,-306,9806,7330,-65973,-28099,0,0,0,290,453,245,367,369,401,401,392,275,173,209,215,0
1,1773244361104,-1703,-210,9772,4886,-47647,15882,0,0,0,259,349,272,302,196,319,410,300,290,314,337,160,0
2,1773244361104,1742,-320,9877,8552,-74525,-20769,0,0,0,289,453,246,366,366,399,404,396,278,174,212,214,0
1,1773244361120,-1679,-186,9777,0,-39095,18325,0,0,0,257,348,271,301,195,319,411,300,290,314,337,160,0
2,1773244361120,1713,-325,9944,9773,-78190,-13439,0,0,0,289,453,250,366,368,402,404,396,282,184,216,213,0
1,1773244361136,-1703,-234,9815,-3665,-34208,15882,0,0,0,257,347,271,302,195,321,410,299,288,312,335,159,0
2,1773244361136,1713,-306,9997,10995,-75747,-7330,0,0,0,290,454,247,366,371,400,408,397,281,270,249,210,0
1,1773244361152,-1742,-349,9887,0,-34208,7330,0,0,0,257,347,271,301,193,320,409,299,289,310,335,160,0
2,1773244361152,1708,-287,9997,12217,-67195,-2443,0,0,0,290,454,250,366,368,400,403,394,279,180,211,212,0
1,1773244361168,-1746,-387,9940,2443,-35430,4886,0,0,0,255,346,271,299,192,319,410,298,291,310,336,160,0
2,1773244361168,1718,-282,9992,19547,-59864,0,0,0,0,291,453,250,366,367,400,405,394,281,175,210,215,0
1,1773244361184,-1727,-397,9949,3665,-32986,6108,0,0,0,255,345,272,300,193,319,409,298,291,318,327,164,0
2,1773244361184,1746,-291,9973,25656,-54977,0,0,0,0,291,453,249,367,367,401,403,393,281,175,211,215,0
1,1773244361200,-1727,-411,9935,6108,-29321,10995,0,0,0,256,347,274,300,195,320,409,299,293,326,318,170,0
2,1773244361200,1765,-301,9940,28099,-53756,1221,0,0,0,289,453,249,371,371,404,403,393,279,175,208,214,0
1,1773244361216,-1761,-449,9925,13439,-29321,12217,0,0,0,256,348,273,301,196,321,409,299,294,309,334,160,0
2,1773244361216,1789,-287,9868,26878,-56199,0,0,0,0,290,453,250,371,372,405,403,394,279,172,206,213,0
1,1773244361232,-1799,-464,9935,23212,-31764,7330,0,0,0,258,350,277,300,194,320,408,298,290,309,334,156,0
2,1773244361232,1818,-277,9815,20769,-58643,-4886,0,0,0,291,454,249,367,370,401,401,392,278,172,206,213,0
1,1773244361248,-1804,-430,9935,23212,-32986,7330,0,0,0,257,349,276,299,195,320,406,298,288,310,333,159,0
2,1773244361248,1809,-306,9839,18325,-65973,-9773,0,0,0,291,455,249,366,369,400,402,392,279,173,208,214,0
1,1773244361264,-1804,-349,9877,20769,-26878,18325,0,0,0,256,349,274,300,202,321,405,298,288,308,333,157,0
2,1773244361264,1732,-315,9897,18325,-69638,-7330,0,0,0,291,455,250,367,368,400,404,394,279,173,209,215,0
1,1773244361280,-1818,-229,9806,21991,-21991,30543,0,0,0,257,349,274,300,201,320,407,298,289,309,333,155,0
2,1773244361280,1684,-301,9949,17104,-68416,-1221,0,0,0,291,455,249,368,367,400,402,393,277,173,209,215,0
1,1773244361296,-1861,-110,9753,21991,-24434,35430,0,0,0,257,347,274,300,200,322,404,297,290,306,334,157,0
2,1773244361296,1708,-291,9968,13439,-58643,-1221,0,0,0,291,454,248,368,369,400,400,392,277,174,209,214,0
1,1773244361312,-1880,-52,9705,10995,-29321,24434,0,0,0,256,348,273,298,195,318,391,292,291,306,334,158,0
2,1773244361312,1727,-301,9930,12217,-50090,-1221,0,0,0,290,453,248,366,367,401,400,393,280,174,209,214,0
1,1773244361328,-1876,-71,9667,1221,-30543,14660,0,0,0,257,349,274,297,195,317,400,296,287,309,336,157,0
2,1773244361328,1722,-306,9906,17104,-52534,1221,0,0,0,290,453,250,363,364,397,403,395,280,174,208,213,0
1,1773244361344,-1871,-129,9643,0,-34208,9773,0,0,0,256,347,274,298,195,317,405,299,286,308,335,155,0
2,1773244361344,1746,-282,9916,24434,-59864,7330,0,0,0,291,455,248,369,370,403,403,395,280,174,207,210,0
1,1773244361360,-1876,-167,9691,0,-36651,1221,0,0,0,255,347,274,299,196,317,406,299,284,305,333,155,0
2,1773244361360,1804,-258,9911,26878,-62308,4886,0,0,0,292,455,248,368,368,401,405,395,280,190,214,210,0
1,1773244361376,-1899,-186,9786,-1221,-39095,0,0,0,0,256,346,275,298,195,317,405,298,284,307,328,157,0
2,1773244361376,1847,-263,9877,23212,-59864,-6108,0,0,0,287,451,245,365,376,399,405,396,279,203,218,213,0
1,1773244361392,-1914,-229,9882,-10995,-39095,2443,0,0,0,256,346,275,296,193,316,402,297,286,309,328,160,0
2,1773244361392,1794,-301,9897,20769,-59864,-14660,0,0,0,287,451,245,369,372,401,403,393,278,177,212,215,0
1,1773244361408,-1909,-378,9968,-15882,-40317,6108,0,0,0,256,348,276,296,193,318,402,297,287,306,332,158,0
2,1773244361408,1698,-344,9944,19547,-58643,-13439,0,0,0,290,454,247,369,370,402,403,394,278,173,210,213,0
1,1773244361424,-1842,-540,10011,-2443,-46425,0,0,0,0,256,347,276,299,194,318,406,297,285,305,327,156,0
2,1773244361424,1641,-325,9978,21991,-56199,-3665,0,0,0,290,453,247,365,380,400,402,394,276,173,209,213,0
1,1773244361440,-1770,-641,10031,13439,-48869,-2443,0,0,0,256,346,276,299,193,318,405,298,287,305,333,158,0
2,1773244361440,1698,-263,9949,24434,-48869,2443,0,0,0,288,451,243,369,375,401,402,395,277,173,209,213,0
1,1773244361456,-1742,-626,10016,29321,-46425,0,0,0,0,257,347,273,298,192,318,405,296,284,307,336,158,0
2,1773244361456,1789,-253,9906,26878,-43982,0,0,0,0,289,452,244,372,372,402,403,395,278,174,210,213,0
1,1773244361472,-1742,-526,9959,36651,-36651,9773,0,0,0,257,347,273,300,195,318,407,299,284,307,336,157,0
2,1773244361472,1818,-301,9897,25656,-42760,-4886,0,0,0,292,455,245,371,372,402,398,391,276,172,209,212,0
1,1773244361488,-1742,-449,9882,37873,-29321,19547,0,0,0,256,348,273,301,197,319,407,300,285,307,336,156,0
2,1773244361488,1775,-335,9897,21991,-46425,-8552,0,0,0,292,454,245,367,377,400,398,391,275,173,209,213,0
1,1773244361504,-1737,-406,9825,40317,-29321,21991,0,0,0,258,348,273,299,196,314,404,298,277,307,336,158,0
2,1773244361504,1742,-315,9887,19547,-52534,-7330,0,0,0,289,453,244,365,377,398,402,395,275,174,211,214,0
1,1773244361520,-1742,-349,9763,46425,-30543,17104,0,0,0,259,350,274,299,196,317,404,298,280,307,336,157,0
2,1773244361520,1756,-287,9868,14660,-54977,-6108,0,0,0,288,453,242,367,368,398,401,394,275,174,211,213,0
1,1773244361536,-1765,-229,9700,48869,-34208,13439,0,0,0,257,350,276,298,196,318,404,300,282,308,337,158,0
2,1773244361536,1770,-282,9877,13439,-56199,-6108,0,0,0,291,456,245,368,373,400,402,395,278,174,211,212,0
1,1773244361552,-1765,-100,9657,36651,-32986,20769,0,0,0,256,350,275,298,194,317,405,300,283,308,337,158,0
2,1773244361552,1775,-282,9916,12217,-57421,-10995,0,0,0,292,455,247,364,381,398,405,396,279,174,211,211,0
1,1773244361568,-1746,-57,9667,23212,-29321,28099,0,0,0,254,349,273,298,194,317,405,299,284,307,336,158,0
2,1773244361568,1746,-315,9935,12217,-57421,-12217,0,0,0,289,454,246,368,370,403,405,396,280,172,210,211,0
1,1773244361584,-1742,-105,9729,17104,-29321,18325,0,0,0,254,347,272,298,196,319,404,298,283,305,334,156,0
2,1773244361584,1694,-354,9935,13439,-59864,-6108,0,0,0,290,455,246,368,371,403,404,395,279,171,210,210,0
1,1773244361600,-1775,-191,9777,14660,-30543,1221,0,0,0,255,347,270,299,199,319,401,296,280,304,333,153,0
2,1773244361600,1675,-325,9916,17104,-62308,4886,0,0,0,293,457,251,368,370,404,402,393,279,171,210,210,0
1,1773244361616,-1823,-248,9786,15882,-32986,0,0,0,0,254,345,268,288,215,313,399,295,280,307,335,154,0
2,1773244361616,1732,-272,9920,21991,-63529,14660,0,0,0,290,453,246,368,370,402,404,396,280,242,235,207,0
1,1773244361632,-1804,-172,9786,15882,-30543,19547,0,0,0,254,344,268,277,246,311,406,298,285,310,339,155,0
2,1773244361632,1823,-244,9944,26878,-64751,12217,0,0,0,290,456,247,368,370,403,402,394,278,179,213,210,0
1,1773244361648,-1794,-105,9810,12217,-29321,28099,0,0,0,253,344,269,298,200,317,404,298,283,301,330,152,0
2,1773244361648,1861,-248,9944,26878,-61086,0,0,0,0,290,454,245,369,370,404,403,395,278,170,209,208,0
1,1773244361664,-1818,-148,9853,6108,-32986,12217,0,0,0,252,342,267,298,199,317,405,298,284,302,332,153,0
2,1773244361664,1837,-272,9920,21991,-57421,-14660,0,0,0,292,455,246,370,371,403,404,395,279,172,210,211,0
1,1773244361680,-1832,-220,9887,2443,-34208,0,0,0,0,253,343,269,300,201,318,405,296,284,302,332,152,0
2,1773244361680,1761,-306,9897,18325,-57421,-23212,0,0,0,291,455,247,369,369,401,402,393,278,172,209,209,0
1,1773244361696,-1828,-277,9911,1221,-30543,3665,0,0,0,255,343,270,301,199,319,405,295,284,304,331,155,0
2,1773244361696,1713,-311,9892,15882,-58643,-18325,0,0,0,291,455,246,369,368,399,389,385,280,171,209,209,0
1,1773244361712,-1828,-291,9920,0,-25656,9773,0,0,0,256,347,272,299,208,320,405,298,286,304,331,154,0
2,1773244361712,1718,-320,9911,15882,-61086,-10995,0,0,0,293,456,246,369,368,399,391,386,279,171,210,209,0
1,1773244361728,-1861,-296,9906,0,-25656,8552,0,0,0,255,345,271,300,203,319,405,297,284,304,332,154,0
2,1773244361728,1727,-320,9925,18325,-61086,-3665,0,0,0,293,456,246,370,368,400,403,394,276,173,212,209,0
1,1773244361744,-1914,-315,9873,0,-29321,6108,0,0,0,254,343,269,299,199,319,405,295,287,327,310,166,0
2,1773244361744,1722,-315,9940,19547,-62308,0,0,0,0,293,456,245,371,370,400,404,395,277,174,212,209,0
1,1773244361760,-1933,-325,9849,3665,-35430,3665,0,0,0,255,344,270,298,202,320,404,296,287,321,317,164,0
2,1773244361760,1722,-301,9954,23212,-61086,3665,0,0,0,293,456,244,370,370,401,390,386,280,172,210,207,0
1,1773244361776,-1904,-349,9863,4886,-40317,1221,0,0,0,256,346,271,298,203,320,403,297,287,307,334,157,0
2,1773244361776,1746,-277,9954,24434,-58643,3665,0,0,0,290,453,244,369,368,400,365,371,289,170,210,207,0
1,1773244361792,-1861,-378,9868,6108,-42760,1221,0,0,0,255,345,272,298,201,320,403,297,287,308,334,156,0
2,1773244361792,1785,-268,9959,26878,-56199,0,0,0,0,289,452,243,368,369,399,402,394,276,173,211,210,0
1,1773244361808,-1842,-363,9839,6108,-39095,8552,0,0,0,256,345,272,298,199,321,404,297,288,307,333,154,0
2,1773244361808,1799,-268,9935,21991,-50090,-8552,0,0,0,290,455,244,368,367,399,404,394,279,173,211,209,0
1,1773244361824,-1847,-277,9767,8552,-37873,17104,0,0,0,258,348,276,295,195,320,404,297,291,307,334,156,0
2,1773244361824,1780,-282,9897,19547,-46425,-17104,0,0,0,290,455,244,368,368,399,404,394,279,173,211,208,0
1,1773244361840,-1837,-196,9715,9773,-41538,17104,0,0,0,257,348,277,294,194,320,403,297,290,306,333,156,0
2,1773244361840,1746,-315,9844,17104,-46425,-18325,0,0,0,295,458,247,369,369,400,403,392,275,173,212,208,0
1,1773244361856,-1804,-215,9729,4886,-46425,2443,0,0,0,256,349,278,293,193,318,404,301,291,307,333,159,0
2,1773244361856,1713,-335,9825,13439,-52534,-10995,0,0,0,293,455,245,368,368,399,403,394,277,173,212,208,0
1,1773244361872,-1780,-282,9777,6108,-47647,-3665,0,0,0,256,349,278,296,196,322,406,301,295,308,336,159,0
2,1773244361872,1708,-335,9834,12217,-61086,0,0,0,0,293,455,245,370,372,399,403,394,277,174,214,209,0
1,1773244361888,-1770,-291,9820,9773,-46425,0,0,0,0,255,349,278,296,194,321,403,300,293,306,336,157,0
2,1773244361888,1708,-320,9887,12217,-69638,7330,0,0,0,293,454,242,372,372,398,404,394,277,175,213,208,0
1,1773244361904,-1737,-248,9834,7330,-37873,15882,0,0,0,254,347,276,296,194,320,403,300,293,305,336,157,0
2,1773244361904,1708,-311,9959,13439,-75747,15882,0,0,0,292,454,242,374,372,399,406,395,276,175,212,207,0
1,1773244361920,-1732,-215,9863,1221,-29321,20769,0,0,0,254,348,279,295,195,320,403,299,292,306,335,160,0
2,1773244361920,1737,-291,10007,18325,-78190,19547,0,0,0,290,453,241,372,370,397,405,394,275,174,210,205,0
1,1773244361936,-1789,-215,9901,0,-25656,8552,0,0,0,251,346,277,294,195,321,404,300,294,313,326,165,0
2,1773244361936,1775,-253,10011,23212,-72082,14660,0,0,0,292,454,243,372,370,397,405,395,277,173,210,204,0
1,1773244361952,-1852,-253,9906,0,-29321,0,0,0,0,251,346,276,294,195,322,405,300,296,309,329,161,0
2,1773244361952,1818,-224,9997,23212,-61086,0,0,0,0,294,456,246,372,371,398,408,397,280,173,210,205,0
1,1773244361968,-1861,-296,9892,2443,-32986,0,0,0,0,252,346,277,294,196,322,404,299,295,305,334,159,0
2,1773244361968,1789,-258,9954,20769,-48869,-15882,0,0,0,293,455,244,370,369,395,408,397,281,173,212,206,0
1,1773244361984,-1842,-291,9853,4886,-36651,1221,0,0,0,253,346,277,294,194,321,404,298,295,306,335,160,0
2,1773244361984,1727,-315,9906,20769,-46425,-20769,0,0,0,293,455,243,369,368,394,407,397,282,172,210,204,0
1,1773244362000,-1828,-282,9806,6108,-37873,6108,0,0,0,255,347,278,293,193,320,404,299,296,304,336,159,0
2,1773244362000,1660,-354,9853,20769,-50090,-10995,0,0,0,292,453,242,368,369,394,405,393,280,171,208,203,0
1,1773244362016,-1794,-272,9763,8552,-40317,12217,0,0,0,255,349,279,293,195,320,403,299,296,304,335,159,0
2,1773244362016,1679,-320,9830,23212,-56199,0,0,0,0,292,454,243,370,368,396,408,396,280,175,212,207,0
1,1773244362032,-1742,-287,9748,10995,-42760,9773,0,0,0,257,351,278,292,195,319,406,302,298,304,334,158,0
2,1773244362032,1746,-282,9844,21991,-58643,3665,0,0,0,291,452,240,369,367,396,406,394,277,175,212,208,0
1,1773244362048,-1718,-315,9782,13439,-42760,7330,0,0,0,255,347,276,291,192,318,408,302,299,307,335,158,0
2,1773244362048,1770,-296,9873,10995,-53756,-1221,0,0,0,294,455,245,367,367,395,408,396,280,175,212,206,0
1,1773244362064,-1727,-320,9834,12217,-36651,14660,0,0,0,255,347,278,291,195,319,406,300,299,306,334,158,0
2,1773244362064,1732,-325,9916,4886,-53756,-3665,0,0,0,294,455,245,366,375,395,408,396,279,197,214,205,0
1,1773244362080,-1722,-291,9853,9773,-29321,24434,0,0,0,257,349,280,293,195,321,406,300,300,305,334,158,0
2,1773244362080,1713,-301,9968,9773,-61086,2443,0,0,0,290,453,243,367,370,397,407,395,276,173,210,206,0
1,1773244362096,-1713,-282,9834,9773,-25656,19547,0,0,0,255,350,280,292,200,321,405,300,300,306,335,162,0
2,1773244362096,1751,-253,9997,15882,-58643,1221,0,0,0,293,455,244,371,371,402,407,395,279,170,207,207,0
1,1773244362112,-1737,-335,9834,15882,-25656,3665,0,0,0,255,347,280,279,185,310,393,291,298,299,329,160,0
2,1773244362112,1775,-248,9987,20769,-53756,-2443,0,0,0,290,453,243,367,368,397,407,394,278,170,209,207,0
1,1773244362128,-1794,-406,9877,25656,-23212,0,0,0,0,256,348,281,291,193,320,403,298,301,304,334,161,0
2,1773244362128,1751,-291,9940,23212,-50090,-6108,0,0,0,290,453,243,368,369,398,406,394,278,174,211,209,0
1,1773244362144,-1861,-392,9887,31764,-17104,8552,0,0,0,256,348,280,295,191,323,407,300,302,310,338,164,0
2,1773244362144,1713,-330,9906,26878,-53756,-1221,0,0,0,293,454,245,369,371,400,407,396,280,174,210,209,0
1,1773244362160,-1923,-315,9834,37873,-17104,15882,0,0,0,259,348,281,297,191,323,407,299,302,308,337,161,0
2,1773244362160,1718,-306,9897,28099,-58643,3665,0,0,0,293,456,245,369,371,400,407,396,279,175,210,207,0
1,1773244362176,-1947,-220,9758,39095,-23212,20769,0,0,0,258,348,278,299,192,323,407,299,302,309,337,161,0
2,1773244362176,1785,-263,9877,21991,-56199,0,0,0,0,293,456,245,368,368,398,402,392,278,173,209,206,0
1,1773244362192,-1933,-134,9696,28099,-28099,25656,0,0,0,256,349,276,300,194,326,409,300,304,311,339,164,0
2,1773244362192,1818,-263,9863,17104,-56199,-8552,0,0,0,293,455,246,368,367,397,399,391,278,171,207,206,0
1,1773244362208,-1909,-114,9681,14660,-31764,28099,0,0,0,255,348,276,298,194,327,408,299,305,311,339,166,0
2,1773244362208,1785,-291,9873,14660,-61086,-15882,0,0,0,292,454,245,369,369,398,404,395,277,172,209,207,0
1,1773244362224,-1871,-143,9705,10995,-37873,21991,0,0,0,255,348,275,298,194,328,408,299,305,312,339,168,0
2,1773244362224,1703,-311,9906,17104,-67195,-9773,0,0,0,290,453,242,369,368,397,406,395,278,172,211,206,0
1,1773244362240,-1823,-162,9758,15882,-45204,10995,0,0,0,258,349,276,300,195,329,411,300,306,315,342,169,0
2,1773244362240,1665,-301,9944,18325,-68416,-1221,0,0,0,291,454,243,369,370,399,406,395,275,174,211,206,0
1,1773244362256,-1785,-181,9834,20769,-47647,1221,0,0,0,257,348,275,299,195,328,411,299,306,314,340,167,0
2,1773244362256,1698,-282,9964,17104,-61086,0,0,0,0,291,453,242,369,370,398,409,397,281,174,209,206,0
1,1773244362272,-1746,-186,9901,17104,-42760,0,0,0,0,257,348,275,299,195,327,413,300,308,312,337,165,0
2,1773244362272,1746,-277,9954,17104,-54977,0,0,0,0,292,454,242,369,370,397,406,395,277,175,212,208,0
1,1773244362288,-1746,-191,9925,7330,-32986,8552,0,0,0,259,351,275,299,193,327,410,299,308,311,338,167,0
2,1773244362288,1765,-277,9930,19547,-54977,-1221,0,0,0,291,454,242,368,369,393,406,395,275,174,209,206,0
1,1773244362304,-1770,-196,9901,0,-25656,15882,0,0,0,256,349,277,295,187,324,408,299,306,341,312,190,0
2,1773244362304,1785,-277,9906,24434,-59864,-2443,0,0,0,291,455,244,372,373,397,406,396,276,174,211,206,0
1,1773244362320,-1813,-239,9887,-1221,-24434,12217,0,0,0,256,346,277,296,190,324,406,299,306,314,332,169,0
2,1773244362320,1794,-268,9906,24434,-59864,-9773,0,0,0,294,457,245,369,370,395,407,396,276,172,210,206,0
1,1773244362336,-1866,-315,9930,3665,-28099,0,0,0,0,254,347,274,297,191,326,406,298,305,310,337,166,0
2,1773244362336,1761,-287,9940,20769,-57421,-19547,0,0,0,292,455,244,367,367,394,396,390,275,169,208,203,0
1,1773244362352,-1880,-358,9983,8552,-32986,-4886,0,0,0,255,350,274,294,189,324,404,298,305,308,338,166,0
2,1773244362352,1732,-291,9959,19547,-52534,-23212,0,0,0,291,453,242,370,371,398,400,393,276,171,210,206,0
1,1773244362368,-1856,-368,9992,9773,-32986,0,0,0,0,257,351,279,294,190,324,404,299,305,305,336,164,0
2,1773244362368,1708,-296,9964,19547,-47647,-23212,0,0,0,291,454,242,370,371,398,408,398,279,173,212,208,0
1,1773244362384,-1842,-320,9901,9773,-28099,12217,0,0,0,259,350,281,294,189,322,405,298,304,304,335,162,0
2,1773244362384,1665,-315,9940,18325,-40317,-18325,0,0,0,291,455,243,369,369,397,409,398,279,173,212,208,0
1,1773244362400,-1871,-263,9801,10995,-28099,18325,0,0,0,257,350,279,291,189,319,405,298,302,306,335,164,0
2,1773244362400,1622,-349,9892,17104,-36651,-4886,0,0,0,291,455,244,367,368,395,407,396,278,173,210,206,0
1,1773244362416,-1904,-224,9748,12217,-35430,23212,0,0,0,256,349,276,292,192,321,404,298,303,307,336,168,0
2,1773244362416,1660,-339,9863,19547,-43982,12217,0,0,0,291,455,244,368,368,396,410,399,279,177,212,207,0
1,1773244362432,-1852,-196,9748,9773,-40317,23212,0,0,0,255,349,275,297,193,327,407,299,306,307,335,166,0
2,1773244362432,1765,-282,9868,23212,-51312,18325,0,0,0,293,456,245,372,372,400,416,402,282,179,216,212,0
1,1773244362448,-1756,-210,9753,8552,-40317,17104,0,0,0,255,350,275,296,194,327,408,301,308,311,340,169,0
2,1773244362448,1871,-239,9897,23212,-57421,9773,0,0,0,293,456,245,369,370,397,406,394,279,173,211,209,0
1,1773244362464,-1742,-234,9753,13439,-36651,3665,0,0,0,256,350,275,296,194,326,408,300,308,309,338,165,0
2,1773244362464,1856,-244,9911,19547,-59864,-8552,0,0,0,292,456,244,364,366,393,402,391,277,169,208,206,0
1,1773244362480,-1799,-244,9734,17104,-35430,-3665,0,0,0,256,352,274,297,192,325,408,301,309,310,338,166,0
2,1773244362480,1780,-287,9906,17104,-63529,-17104,0,0,0,295,456,246,369,369,397,412,400,284,172,210,207,0
1,1773244362496,-1861,-282,9710,14660,-35430,-1221,0,0,0,256,351,274,296,191,325,408,301,307,307,337,166,0
2,1773244362496,1708,-306,9901,17104,-65973,-18325,0,0,0,294,457,248,369,370,398,407,396,280,171,210,206,0
1,1773244362512,-1866,-344,9724,13439,-39095,3665,0,0,0,254,349,272,298,195,325,411,305,311,311,341,174,0
2,1773244362512,1689,-296,9920,14660,-64751,-12217,0,0,0,291,454,244,371,373,398,405,394,277,171,210,205,0
1,1773244362528,-1813,-378,9791,17104,-41538,9773,0,0,0,256,350,272,299,193,326,409,301,307,311,338,171,0
2,1773244362528,1675,-296,9944,13439,-62308,-4886,0,0,0,292,454,244,370,369,395,405,394,278,172,210,204,0
1,1773244362544,-1751,-330,9834,20769,-37873,18325,0,0,0,257,352,274,299,194,327,410,302,308,311,337,171,0
2,1773244362544,1679,-301,9940,15882,-59864,0,0,0,0,293,455,244,368,369,395,407,395,279,176,210,208,0
1,1773244362560,-1722,-239,9825,21991,-31764,26878,0,0,0,256,353,275,299,197,329,408,302,308,310,339,174,0
2,1773244362560,1698,-301,9940,20769,-59864,3665,0,0,0,292,455,245,368,371,395,409,396,280,176,212,208,0
1,1773244362576,-1742,-177,9820,17104,-26878,26878,0,0,0,256,354,273,299,198,327,408,300,306,310,338,174,0
2,1773244362576,1742,-291,9930,25656,-59864,7330,0,0,0,292,456,245,368,370,395,409,397,278,175,213,209,0
1,1773244362592,-1780,-201,9844,10995,-25656,19547,0,0,0,254,353,271,299,198,327,409,300,306,310,337,174,0
2,1773244362592,1761,-291,9911,24434,-57421,4886,0,0,0,293,455,245,366,370,394,405,395,276,175,214,208,0
1,1773244362608,-1794,-301,9901,15882,-29321,8552,0,0,0,253,352,271,299,200,327,411,302,309,315,333,178,0
2,1773244362608,1770,-287,9897,20769,-57421,0,0,0,0,292,454,244,366,371,395,405,395,276,173,212,207,0
1,1773244362624,-1780,-378,9949,23212,-30543,2443,0,0,0,255,354,272,298,200,326,412,302,308,318,331,179,0
2,1773244362624,1765,-282,9892,18325,-57421,0,0,0,0,291,454,242,368,374,398,407,397,278,173,212,208,0
1,1773244362640,-1765,-392,9964,28099,-24434,6108,0,0,0,255,354,273,300,199,326,409,300,306,312,338,176,0
2,1773244362640,1746,-282,9892,17104,-58643,-1221,0,0,0,291,456,242,370,373,397,406,396,277,174,214,208,0
1,1773244362656,-1799,-339,9930,30543,-15882,15882,0,0,0,257,352,273,303,198,327,407,298,305,312,336,176,0
2,1773244362656,1722,-287,9901,17104,-59864,-1221,0,0,0,291,456,244,370,371,397,407,397,278,173,213,205,0
1,1773244362672,-1866,-263,9863,31764,-14660,18325,0,0,0,256,352,272,302,197,326,411,302,308,312,336,178,0
2,1773244362672,1727,-291,9930,18325,-63529,0,0,0,0,291,454,243,371,371,399,406,396,277,173,212,206,0
1,1773244362688,-1923,-201,9801,30543,-19547,9773,0,0,0,256,353,276,300,197,325,412,306,310,312,339,179,0
2,1773244362688,1727,-282,9954,18325,-62308,0,0,0,0,293,455,243,369,369,397,406,395,276,174,211,206,0
1,1773244362704,-1928,-177,9782,26878,-26878,9773,0,0,0,254,353,272,298,200,326,407,299,306,312,339,178,0
2,1773244362704,1718,-291,9968,19547,-61086,0,0,0,0,290,456,243,370,371,400,404,394,275,177,214,212,0
1,1773244362720,-1909,-181,9791,23212,-29321,14660,0,0,0,255,352,274,298,196,324,409,299,306,313,339,175,0
2,1773244362720,1713,-291,9954,21991,-56199,0,0,0,0,292,456,246,370,371,401,404,395,275,177,213,211,0
1,1773244362736,-1899,-234,9782,23212,-34208,9773,0,0,0,259,354,277,301,198,325,410,300,306,314,335,173,0
2,1773244362736,1727,-282,9935,23212,-51312,0,0,0,0,292,455,245,373,372,401,406,395,279,176,212,209,0
1,1773244362752,-1885,-263,9753,28099,-40317,2443,0,0,0,260,352,275,302,200,326,407,298,305,314,338,173,0
2,1773244362752,1751,-282,9906,21991,-48869,-1221,0,0,0,295,459,247,373,372,402,404,396,278,176,214,210,0
1,1773244362768,-1842,-229,9729,28099,-43982,8552,0,0,0,258,351,276,301,197,326,407,297,305,311,338,169,0
2,1773244362768,1761,-282,9882,20769,-52534,-1221,0,0,0,296,458,248,371,371,400,405,396,278,173,211,210,0
1,1773244362784,-1785,-172,9739,18325,-36651,21991,0,0,0,257,351,278,300,195,328,407,299,307,312,338,169,0
2,1773244362784,1765,-287,9882,20769,-58643,0,0,0,0,296,458,248,373,372,400,405,395,277,174,213,210,0
1,1773244362800,-1770,-157,9753,10995,-32986,20769,0,0,0,257,351,278,300,195,329,406,298,308,313,339,171,0
2,1773244362800,1742,-287,9901,20769,-64751,0,0,0,0,292,456,245,372,372,399,405,395,277,176,214,211,0
1,1773244362816,-1780,-191,9777,10995,-32986,4886,0,0,0,257,350,277,300,195,328,404,295,306,313,338,169,0
2,1773244362816,1718,-287,9916,19547,-67195,0,0,0,0,292,455,244,371,371,399,403,394,277,176,213,210,0
1,1773244362832,-1785,-229,9820,12217,-34208,-1221,0,0,0,256,351,275,300,196,326,407,298,307,312,339,168,0
2,1773244362832,1713,-287,9930,17104,-63529,0,0,0,0,293,455,244,372,372,401,404,395,280,175,212,209,0
1,1773244362848,-1789,-253,9868,9773,-32986,6108,0,0,0,256,351,274,301,198,325,409,301,309,312,338,171,0
2,1773244362848,1718,-287,9935,13439,-58643,-1221,0,0,0,293,456,244,372,371,400,405,396,281,176,212,210,0
1,1773244362864,-1785,-268,9897,3665,-26878,18325,0,0,0,255,354,274,300,204,326,408,301,307,312,340,173,0
2,1773244362864,1727,-291,9925,12217,-57421,0,0,0,0,293,456,245,370,369,398,398,391,279,175,212,209,0
1,1773244362880,-1775,-335,9901,3665,-25656,19547,0,0,0,255,355,272,297,206,325,407,301,308,311,340,172,0
2,1773244362880,1751,-287,9916,15882,-62308,1221,0,0,0,295,458,246,371,370,398,393,388,278,175,212,209,0
1,1773244362896,-1789,-411,9920,12217,-25656,8552,0,0,0,255,350,273,297,197,325,411,300,309,311,337,172,0
2,1773244362896,1775,-258,9906,18325,-65973,0,0,0,0,296,458,245,371,370,398,404,394,277,176,214,210,0
1,1773244362912,-1823,-421,9935,20769,-26878,4886,0,0,0,257,351,277,297,196,327,409,298,307,313,339,172,0
2,1773244362912,1761,-258,9911,19547,-65973,-4886,0,0,0,296,456,243,375,372,399,407,396,277,180,214,211,0
1,1773244362928,-1856,-373,9935,24434,-25656,9773,0,0,0,255,350,276,297,196,327,407,296,306,310,336,170,0
2,1773244362928,1708,-282,9944,19547,-63529,-6108,0,0,0,295,455,243,373,371,397,409,398,279,179,214,206,0
1,1773244362944,-1856,-296,9911,23212,-25656,14660,0,0,0,255,350,274,298,194,326,409,298,306,308,334,167,0
2,1773244362944,1694,-296,9968,20769,-59864,-3665,0,0,0,294,455,243,373,371,397,408,398,279,178,214,207,0
1,1773244362960,-1842,-196,9887,20769,-28099,14660,0,0,0,256,351,275,298,196,325,404,296,305,312,336,169,0
2,1773244362960,1703,-291,9959,23212,-56199,-1221,0,0,0,292,454,240,373,371,397,408,397,277,178,214,208,0
1,1773244362976,-1842,-138,9849,15882,-28099,10995,0,0,0,256,352,274,298,199,325,407,300,309,312,337,170,0
2,1773244362976,1722,-272,9906,20769,-53756,0,0,0,0,292,454,241,376,375,401,407,397,277,175,213,207,0
1,1773244362992,-1871,-119,9791,12217,-28099,8552,0,0,0,257,353,274,299,200,326,406,299,307,312,338,169,0
2,1773244362992,1756,-263,9863,18325,-53756,-2443,0,0,0,294,456,243,376,374,399,409,398,279,177,214,209,0
1,1773244363008,-1914,-95,9734,9773,-34208,9773,0,0,0,256,351,274,299,199,326,405,299,307,311,338,168,0
2,1773244363008,1775,-268,9877,13439,-56199,-10995,0,0,0,295,457,244,375,373,398,409,398,280,178,213,208,0
1,1773244363024,-1880,-67,9719,4886,-40317,15882,0,0,0,255,350,274,296,197,325,405,300,307,309,336,167,0
2,1773244363024,1751,-282,9935,9773,-57421,-18325,0,0,0,296,457,245,375,374,399,406,396,277,176,212,207,0
1,1773244363040,-1818,-47,9753,0,-41538,14660,0,0,0,255,350,274,295,197,325,403,299,305,309,335,167,0
2,1773244363040,1679,-301,9968,9773,-56199,-17104,0,0,0,296,456,245,375,374,400,405,395,276,176,213,208,0
1,1773244363056,-1789,-71,9777,-4886,-39095,8552,0,0,0,256,351,275,298,198,327,403,299,307,310,333,169,0
2,1773244363056,1660,-272,9940,14660,-54977,-7330,0,0,0,293,455,244,374,372,399,406,395,277,177,214,210,0
1,1773244363072,-1794,-143,9782,-10995,-36651,7330,0,0,0,258,354,276,298,201,325,404,299,305,310,334,167,0
2,1773244363072,1713,-248,9935,23212,-54977,0,0,0,0,293,455,244,372,371,399,406,395,276,177,213,210,0
1,1773244363088,-1809,-239,9786,-13439,-36651,17104,0,0,0,256,354,273,298,202,326,402,298,305,313,338,170,0
2,1773244363088,1770,-239,9959,29321,-57421,-1221,0,0,0,296,457,245,372,371,398,406,396,276,178,214,210,0
1,1773244363104,-1770,-301,9825,-13439,-36651,19547,0,0,0,256,351,271,298,199,324,404,300,307,312,337,170,0
2,1773244363104,1765,-263,9959,25656,-51312,-12217,0,0,0,295,456,243,372,371,396,406,396,278,180,216,209,0
1,1773244363120,-1727,-358,9858,-13439,-34208,13439,0,0,0,258,351,273,300,200,327,403,299,306,310,336,165,0
2,1773244363120,1703,-306,9911,18325,-46425,-18325,0,0,0,295,456,247,373,374,400,404,394,277,178,216,209,0
1,1773244363136,-1722,-402,9863,-8552,-30543,3665,0,0,0,256,351,273,300,200,325,403,299,306,311,336,165,0
2,1773244363136,1670,-306,9858,17104,-51312,-8552,0,0,0,296,457,247,377,376,401,407,397,279,177,216,209,0
1,1773244363152,-1789,-425,9858,1221,-25656,0,0,0,0,257,351,273,297,200,324,404,299,306,313,329,169,0
2,1773244363152,1703,-287,9858,18325,-59864,0,0,0,0,294,457,245,373,373,399,408,398,279,175,211,205,0
1,1773244363168,-1861,-445,9853,10995,-24434,2443,0,0,0,257,352,274,295,200,323,403,299,305,329,318,181,0
2,1773244363168,1756,-263,9916,19547,-65973,2443,0,0,0,290,454,242,372,372,399,407,399,277,174,215,209,0
1,1773244363184,-1899,-397,9834,17104,-28099,8552,0,0,0,256,352,274,295,200,324,403,299,306,316,332,173,0
2,1773244363184,1756,-263,9959,15882,-63529,-3665,0,0,0,295,456,247,369,369,398,406,397,276,176,215,212,0
1,1773244363200,-1895,-330,9830,18325,-32986,18325,0,0,0,256,350,274,297,200,325,406,300,306,311,337,167,0
2,1773244363200,1727,-282,9968,13439,-57421,-8552,0,0,0,291,453,243,369,370,398,405,397,275,174,212,208,0
1,1773244363216,-1837,-291,9839,13439,-35430,25656,0,0,0,256,351,274,297,198,324,408,302,307,312,339,168,0
2,1773244363216,1684,-287,9935,17104,-54977,-6108,0,0,0,292,456,245,373,374,401,404,397,276,174,212,206,0
1,1773244363232,-1785,-287,9863,10995,-36651,28099,0,0,0,257,351,276,297,196,325,408,302,308,313,341,170,0
2,1773244363232,1698,-282,9906,20769,-54977,-1221,0,0,0,293,456,246,372,374,401,405,398,278,172,213,206,0
1,1773244363248,-1785,-320,9887,15882,-35430,18325,0,0,0,256,351,276,297,197,327,405,300,306,313,340,170,0
2,1773244363248,1751,-268,9892,20769,-57421,0,0,0,0,294,457,245,373,374,399,404,397,276,176,216,208,0
1,1773244363264,-1804,-335,9901,23212,-35430,9773,0,0,0,256,350,274,297,199,326,396,295,305,313,338,168,0
2,1773244363264,1794,-258,9877,15882,-58643,-7330,0,0,0,295,456,244,370,384,397,403,396,273,180,217,210,0
1,1773244363280,-1813,-291,9887,28099,-34208,4886,0,0,0,256,348,275,296,196,325,386,289,307,313,338,168,0
2,1773244363280,1765,-277,9882,10995,-59864,-14660,0,0,0,294,457,243,368,380,395,404,397,274,179,217,210,0
1,1773244363296,-1799,-186,9853,26878,-32986,10995,0,0,0,256,348,274,296,194,323,406,299,304,313,338,168,0
2,1773244363296,1689,-311,9935,12217,-64751,-14660,0,0,0,294,458,244,368,372,395,402,397,275,177,217,209,0
1,1773244363312,-1785,-105,9849,23212,-30543,19547,0,0,0,256,351,275,298,196,325,408,302,306,314,339,170,0
2,1773244363312,1660,-277,9983,15882,-64751,-3665,0,0,0,294,457,246,371,373,396,402,396,274,179,217,208,0
1,1773244363328,-1794,-81,9868,17104,-29321,18325,0,0,0,255,348,274,300,196,327,403,298,303,313,339,168,0
2,1773244363328,1708,-239,9992,19547,-56199,-2443,0,0,0,294,456,244,366,385,393,405,397,275,185,219,209,0
1,1773244363344,-1832,-95,9849,9773,-29321,10995,0,0,0,256,349,275,300,196,327,405,298,302,312,338,167,0
2,1773244363344,1742,-258,9959,19547,-46425,-8552,0,0,0,294,456,244,345,407,380,406,399,277,178,217,210,0
1,1773244363360,-1861,-100,9786,6108,-29321,10995,0,0,0,258,350,277,300,197,326,406,299,302,314,338,168,0
2,1773244363360,1732,-287,9925,20769,-45204,-10995,0,0,0,296,460,248,370,373,397,403,397,275,177,216,210,0
1,1773244363376,-1856,-71,9729,4886,-29321,18325,0,0,0,258,350,278,298,194,326,404,299,303,311,338,168,0
2,1773244363376,1722,-287,9901,24434,-52534,-8552,0,0,0,294,460,247,371,373,399,401,395,275,174,215,206,0
1,1773244363392,-1842,-38,9715,2443,-30543,18325,0,0,0,258,350,279,298,194,327,404,299,305,310,337,168,0
2,1773244363392,1722,-282,9897,21991,-52534,-8552,0,0,0,291,456,242,371,373,399,361,371,291,173,213,206,0
1,1773244363408,-1852,-47,9763,-1221,-34208,9773,0,0,0,258,350,280,297,191,326,405,299,305,312,337,169,0
2,1773244363408,1722,-282,9877,15882,-51312,-8552,0,0,0,293,457,244,372,374,397,396,393,277,174,216,208,0
1,1773244363424,-1876,-110,9806,-4886,-36651,2443,0,0,0,256,349,279,295,193,327,403,298,306,314,339,169,0
2,1773244363424,1718,-287,9877,12217,-53756,-7330,0,0,0,294,458,248,373,376,400,402,397,279,176,217,210,0
1,1773244363440,-1880,-172,9820,-7330,-39095,4886,0,0,0,256,350,279,295,197,327,404,299,306,313,340,169,0
2,1773244363440,1746,-258,9916,14660,-61086,-3665,0,0,0,297,459,246,371,373,398,403,397,278,177,217,211,0
1,1773244363456,-1842,-220,9839,-14660,-39095,13439,0,0,0,258,352,279,295,195,325,404,299,303,311,338,168,0
2,1773244363456,1770,-248,9959,19547,-63529,-8552,0,0,0,298,460,247,372,374,397,403,397,276,176,217,210,0
1,1773244363472,-1794,-296,9868,-19547,-37873,20769,0,0,0,257,351,276,295,194,324,401,297,300,308,337,166,0
2,1773244363472,1727,-258,9959,19547,-58643,-14660,0,0,0,296,460,247,371,375,398,403,397,277,176,216,209,0
1,1773244363488,-1785,-368,9887,-12217,-34208,19547,0,0,0,258,351,275,298,193,323,402,298,299,309,335,165,0
2,1773244363488,1665,-277,9944,20769,-56199,-14660,0,0,0,295,458,247,371,375,397,402,397,277,177,216,209,0
1,1773244363504,-1789,-435,9906,-1221,-34208,10995,0,0,0,257,352,274,297,193,321,402,298,297,308,332,163,0
2,1773244363504,1646,-296,9944,20769,-52534,-7330,0,0,0,294,458,245,371,375,397,402,396,276,178,217,209,0
1,1773244363520,-1794,-502,9930,14660,-36651,-1221,0,0,0,260,353,276,299,196,322,402,298,296,309,337,164,0
2,1773244363520,1675,-291,9916,20769,-51312,0,0,0,0,294,458,244,370,373,396,403,396,276,179,218,210,0
1,1773244363536,-1794,-497,9920,21991,-35430,-6108,0,0,0,259,353,278,299,193,322,405,298,298,311,337,166,0
2,1773244363536,1756,-268,9882,20769,-53756,0,0,0,0,294,457,245,369,374,395,403,398,276,177,218,209,0
1,1773244363552,-1813,-435,9868,25656,-32986,0,0,0,0,259,354,278,297,191,321,401,296,293,308,335,163,0
2,1773244363552,1794,-263,9873,18325,-58643,-4886,0,0,0,293,456,242,371,376,398,403,397,277,177,218,209,0
1,1773244363568,-1828,-325,9796,28099,-30543,20769,0,0,0,259,355,276,301,194,322,402,295,292,310,336,163,0
2,1773244363568,1756,-268,9897,15882,-62308,-12217,0,0,0,293,457,244,373,378,401,406,399,280,179,219,211,0
1,1773244363584,-1823,-220,9772,30543,-29321,30543,0,0,0,259,354,274,301,195,322,405,298,294,310,337,163,0
2,1773244363584,1689,-287,9935,12217,-63529,-13439,0,0,0,291,455,242,374,382,401,407,399,280,177,218,209,0
1,1773244363600,-1823,-100,9777,32986,-30543,26878,0,0,0,258,351,272,301,194,321,405,297,292,310,335,160,0
2,1773244363600,1641,-296,9959,12217,-58643,-4886,0,0,0,297,459,248,374,376,401,402,397,280,177,217,211,0
1,1773244363616,-1842,-47,9777,28099,-34208,10995,0,0,0,258,351,272,294,220,321,405,299,292,310,338,161,0
2,1773244363616,1636,-287,9973,17104,-58643,3665,0,0,0,297,459,248,375,376,401,406,398,280,177,217,211,0
1,1773244363632,-1842,-47,9777,18325,-36651,3665,0,0,0,259,353,272,298,213,321,408,299,292,310,337,161,0
2,1773244363632,1698,-253,9983,25656,-56199,12217,0,0,0,295,457,248,374,376,401,402,395,279,178,217,211,0
1,1773244363648,-1794,-100,9777,7330,-36651,4886,0,0,0,261,354,272,306,196,321,409,298,289,311,336,161,0
2,1773244363648,1780,-229,9949,25656,-50090,2443,0,0,0,295,457,247,372,374,399,402,396,279,182,222,215,0
1,1773244363664,-1756,-157,9782,4886,-31764,9773,0,0,0,261,354,271,296,222,317,409,298,286,312,338,159,0
2,1773244363664,1813,-244,9887,21991,-45204,-10995,0,0,0,294,456,247,372,374,400,403,397,278,178,218,212,0
1,1773244363680,-1780,-201,9786,8552,-29321,10995,0,0,0,263,355,270,292,238,313,411,298,284,311,337,156,0
2,1773244363680,1746,-287,9834,14660,-48869,-18325,0,0,0,296,458,249,375,377,402,401,395,277,177,215,210,0
1,1773244363696,-1828,-201,9806,15882,-30543,10995,0,0,0,264,357,268,314,196,319,412,297,282,312,335,156,0
2,1773244363696,1675,-311,9834,14660,-58643,-13439,0,0,0,302,458,252,374,376,401,404,396,278,177,216,210,0
1,1773244363712,-1828,-153,9834,17104,-31764,17104,0,0,0,263,356,265,316,194,319,417,298,282,314,335,156,0
2,1773244363712,1675,-296,9906,17104,-69638,-2443,0,0,0,301,459,251,374,374,398,407,398,280,179,217,212,0
1,1773244363728,-1789,-138,9863,12217,-31764,19547,0,0,0,263,357,267,316,194,319,418,297,281,315,337,155,0
2,1773244363728,1708,-268,9978,17104,-67195,0,0,0,0,297,460,249,372,374,398,407,398,280,177,216,210,0
1,1773244363744,-1794,-162,9858,8552,-30543,12217,0,0,0,266,357,269,316,194,316,418,296,276,315,338,154,0
2,1773244363744,1732,-248,10002,18325,-58643,-2443,0,0,0,296,458,248,372,374,399,404,397,278,175,215,208,0
1,1773244363760,-1809,-191,9858,6108,-30543,7330,0,0,0,265,357,268,318,195,315,420,297,278,313,336,153,0
2,1773244363760,1722,-248,9964,21991,-51312,-4886,0,0,0,294,457,246,373,375,400,404,396,278,177,216,210,0
1,1773244363776,-1813,-244,9858,3665,-28099,7330,0,0,0,264,355,265,317,193,315,422,298,280,316,338,156,0
2,1773244363776,1713,-268,9935,25656,-50090,-3665,0,0,0,294,458,246,373,376,401,406,398,280,177,218,212,0
1,1773244363792,-1823,-291,9873,3665,-26878,7330,0,0,0,266,355,265,317,193,312,422,295,275,318,339,157,0
2,1773244363792,1713,-282,9925,26878,-52534,0,0,0,0,296,460,250,373,375,402,403,396,280,176,216,211,0
1,1773244363808,-1856,-325,9892,8552,-26878,6108,0,0,0,267,355,263,318,194,311,423,297,271,318,339,154,0
2,1773244363808,1732,-272,9897,23212,-53756,0,0,0,0,296,459,249,373,375,402,397,392,281,174,214,210,0
1,1773244363824,-1871,-296,9892,12217,-28099,8552,0,0,0,267,354,263,319,195,313,423,296,269,317,338,152,0
2,1773244363824,1770,-268,9849,18325,-54977,-4886,0,0,0,296,459,248,374,375,401,406,398,280,178,216,211,0
1,1773244363840,-1871,-277,9868,13439,-29321,13439,0,0,0,268,356,264,317,198,311,423,297,266,318,339,150,0
2,1773244363840,1761,-277,9849,14660,-61086,-7330,0,0,0,296,460,248,376,376,403,407,397,279,178,217,211,0
1,1773244363856,-1866,-272,9830,15882,-29321,14660,0,0,0,270,357,265,316,198,308,424,298,264,320,341,149,0
2,1773244363856,1713,-291,9892,13439,-67195,-7330,0,0,0,295,460,248,372,375,401,403,396,277,178,216,212,0
1,1773244363872,-1866,-263,9801,19547,-31764,12217,0,0,0,270,354,265,318,194,309,424,298,264,318,339,148,0
2,1773244363872,1660,-296,9959,13439,-67195,-3665,0,0,0,294,459,245,372,375,401,402,396,277,178,216,211,0
1,1773244363888,-1880,-224,9801,26878,-39095,6108,0,0,0,268,352,264,318,191,309,423,297,262,316,336,147,0
2,1773244363888,1651,-272,9987,17104,-61086,1221,0,0,0,291,457,244,370,375,398,403,396,278,179,219,211,0
1,1773244363904,-1847,-162,9801,26878,-41538,4886,0,0,0,268,351,263,318,187,307,423,294,258,320,338,151,0
2,1773244363904,1698,-234,9992,24434,-53756,2443,0,0,0,294,459,247,373,378,401,405,398,282,177,218,212,0
1,1773244363920,-1775,-119,9791,21991,-37873,13439,0,0,0,270,350,267,319,190,307,423,297,261,317,336,148,0
2,1773244363920,1761,-229,9959,29321,-48869,0,0,0,0,294,459,247,373,377,402,405,397,281,177,218,212,0
1,1773244363936,-1727,-114,9782,13439,-29321,20769,0,0,0,270,349,269,317,189,306,420,295,258,315,335,146,0
2,1773244363936,1765,-263,9911,30543,-48869,-6108,0,0,0,295,459,247,372,375,400,403,395,278,178,217,212,0
1,1773244363952,-1761,-138,9782,9773,-25656,14660,0,0,0,263,347,272,302,189,305,404,297,257,315,322,149,0
2,1773244363952,1727,-296,9873,24434,-48869,-8552,0,0,0,296,461,248,372,374,400,404,395,278,192,219,211,0
1,1773244363968,-1847,-172,9796,9773,-26878,0,0,0,0,255,345,264,304,195,309,402,297,258,309,334,147,0
2,1773244363968,1722,-291,9858,18325,-51312,-8552,0,0,0,295,460,248,372,375,400,403,394,276,193,219,210,0
1,1773244363984,-1895,-172,9796,9773,-32986,-2443,0,0,0,258,348,265,303,195,307,404,298,261,305,332,144,0
2,1773244363984,1742,-263,9873,17104,-57421,-6108,0,0,0,293,459,246,371,375,399,402,393,275,178,217,213,0
1,1773244364000,-1861,-153,9801,9773,-34208,6108,0,0,0,258,346,266,303,194,307,402,299,259,307,334,145,0
2,1773244364000,1751,-248,9906,18325,-63529,-7330,0,0,0,292,457,244,371,374,400,403,394,278,178,216,212,0
1,1773244364016,-1804,-153,9844,7330,-32986,14660,0,0,0,262,349,272,302,192,305,401,296,257,307,334,147,0
2,1773244364016,1708,-277,9920,15882,-63529,-9773,0,0,0,292,457,244,374,378,402,403,395,277,174,215,210,0
1,1773244364032,-1804,-196,9882,7330,-31764,12217,0,0,0,263,349,272,300,190,303,401,295,255,308,334,148,0
2,1773244364032,1665,-306,9930,12217,-64751,-7330,0,0,0,292,458,244,373,376,401,403,394,277,178,215,213,0
1,1773244364048,-1832,-248,9901,7330,-32986,8552,0,0,0,262,348,271,300,189,302,401,296,254,308,333,146,0
2,1773244364048,1675,-282,9959,14660,-64751,0,0,0,0,295,458,244,372,374,400,402,394,276,179,217,214,0
1,1773244364064,-1813,-282,9897,7330,-34208,9773,0,0,0,264,348,271,301,191,301,402,296,254,308,333,145,0
2,1773244364064,1713,-244,9997,21991,-64751,2443,0,0,0,295,458,244,373,376,400,406,395,277,178,216,213,0
1,1773244364080,-1765,-277,9868,9773,-30543,10995,0,0,0,264,349,270,300,191,299,405,297,257,311,335,148,0
2,1773244364080,1761,-229,10016,28099,-58643,-1221,0,0,0,294,459,245,367,370,396,406,396,278,176,215,213,0
1,1773244364096,-1785,-244,9834,13439,-25656,4886,0,0,0,263,348,267,300,191,299,409,300,259,310,334,147,0
2,1773244364096,1732,-258,9954,21991,-45204,-12217,0,0,0,296,461,246,371,374,398,404,394,277,177,216,213,0
1,1773244364112,-1866,-244,9815,14660,-24434,1221,0,0,0,261,348,267,301,194,302,407,299,257,309,334,144,0
2,1773244364112,1689,-301,9892,18325,-41538,-14660,0,0,0,294,460,245,374,377,402,405,395,277,177,216,212,0
1,1773244364128,-1909,-258,9806,14660,-26878,6108,0,0,0,262,348,267,301,194,301,407,298,257,308,334,144,0
2,1773244364128,1684,-306,9868,19547,-50090,-6108,0,0,0,293,458,244,371,373,399,404,394,277,175,214,210,0
1,1773244364144,-1904,-253,9796,15882,-30543,13439,0,0,0,262,348,267,301,194,301,407,298,256,307,333,142,0
2,1773244364144,1732,-277,9877,20769,-59864,0,0,0,0,293,458,243,371,373,399,404,393,275,173,213,210,0
1,1773244364160,-1871,-220,9786,18325,-35430,14660,0,0,0,261,349,265,300,194,299,407,298,257,308,333,143,0
2,1773244364160,1780,-253,9897,17104,-65973,-2443,0,0,0,294,459,243,372,376,399,404,395,277,175,214,212,0
1,1773244364176,-1852,-186,9782,20769,-40317,12217,0,0,0,260,347,264,300,195,299,407,296,254,306,332,141,0
2,1773244364176,1746,-258,9897,10995,-64751,-10995,0,0,0,293,458,243,372,375,399,404,395,278,178,216,212,0
1,1773244364192,-1813,-148,9782,17104,-40317,12217,0,0,0,260,348,266,302,197,305,406,298,257,306,332,144,0
2,1773244364192,1684,-277,9916,9773,-63529,-14660,0,0,0,291,455,241,370,373,397,403,394,276,177,215,211,0
1,1773244364208,-1765,-186,9806,10995,-39095,7330,0,0,0,262,349,267,301,196,303,404,297,256,307,333,146,0
2,1773244364208,1651,-282,9959,12217,-63529,-7330,0,0,0,291,455,242,369,373,398,402,395,276,175,213,211,0
1,1773244364224,-1756,-301,9849,12217,-37873,0,0,0,0,260,350,272,299,197,306,405,298,260,307,335,149,0
2,1773244364224,1665,-263,9983,18325,-64751,0,0,0,0,294,459,245,374,377,401,403,395,276,176,214,212,0
1,1773244364240,-1761,-406,9887,24434,-35430,0,0,0,0,258,349,274,298,198,308,406,301,263,307,335,152,0
2,1773244364240,1732,-248,9964,23212,-61086,0,0,0,0,292,458,243,372,376,399,401,393,275,180,216,213,0
1,1773244364256,-1746,-402,9858,36651,-30543,10995,0,0,0,258,348,273,300,200,308,405,300,263,308,336,152,0
2,1773244364256,1746,-253,9916,24434,-57421,-4886,0,0,0,292,456,243,375,376,399,404,393,276,178,214,213,0
1,1773244364272,-1732,-315,9801,42760,-24434,19547,0,0,0,258,348,273,301,201,307,404,299,260,308,337,151,0
2,1773244364272,1713,-277,9901,24434,-57421,-7330,0,0,0,295,457,244,376,379,403,405,397,281,178,214,213,0
1,1773244364288,-1756,-215,9767,41538,-20769,19547,0,0,0,260,349,271,299,194,303,406,298,259,304,333,147,0
2,1773244364288,1665,-296,9901,24434,-59864,-3665,0,0,0,295,460,247,374,377,402,404,395,277,179,215,213,0
1,1773244364304,-1818,-157,9767,30543,-18325,14660,0,0,0,258,349,268,299,194,303,404,297,260,302,331,146,0
2,1773244364304,1675,-291,9906,21991,-59864,2443,0,0,0,295,459,247,374,377,400,404,395,277,179,217,213,0
1,1773244364320,-1861,-143,9791,28099,-21991,14660,0,0,0,258,349,271,299,194,307,407,299,267,306,336,153,0
2,1773244364320,1722,-263,9906,19547,-59864,3665,0,0,0,296,460,247,373,376,400,399,392,276,174,213,210,0
1,1773244364336,-1876,-105,9810,28099,-28099,17104,0,0,0,258,350,277,299,198,315,404,300,280,303,336,155,0
2,1773244364336,1761,-248,9916,17104,-57421,-1221,0,0,0,296,461,246,373,376,400,401,393,277,176,213,212,0
1,1773244364352,-1847,-43,9820,25656,-32986,21991,0,0,0,256,349,277,297,196,315,405,301,286,304,336,159,0
2,1773244364352,1737,-272,9930,17104,-57421,-3665,0,0,0,295,460,246,371,374,398,404,395,278,174,212,209,0
1,1773244364368,-1809,-57,9849,18325,-31764,18325,0,0,0,252,348,285,296,195,319,405,300,286,305,335,160,0
2,1773244364368,1703,-277,9935,18325,-58643,-4886,0,0,0,295,458,245,373,375,400,405,396,279,175,213,211,0
1,1773244364384,-1809,-119,9887,14660,-31764,7330,0,0,0,255,351,293,295,197,320,399,295,286,307,337,165,0
2,1773244364384,1694,-263,9925,19547,-57421,-3665,0,0,0,296,458,245,374,375,399,404,395,278,178,215,211,0
1,1773244364400,-1832,-191,9930,14660,-31764,0,0,0,0,253,348,302,296,195,326,408,296,290,309,338,171,0
2,1773244364400,1713,-253,9906,18325,-57421,-3665,0,0,0,296,460,246,374,376,399,404,394,277,178,216,211,0
1,1773244364416,-1856,-210,9959,10995,-32986,2443,0,0,0,253,347,308,297,193,330,411,297,298,308,337,173,0
2,1773244364416,1732,-263,9901,17104,-61086,-7330,0,0,0,297,460,247,375,376,399,404,395,277,179,216,213,0
1,1773244364432,-1861,-205,9944,4886,-30543,13439,0,0,0,253,347,309,296,192,330,412,299,295,310,339,173,0
2,1773244364432,1708,-277,9925,15882,-63529,-8552,0,0,0,296,459,245,373,374,398,404,395,277,179,216,213,0
1,1773244364448,-1852,-186,9873,4886,-25656,20769,0,0,0,251,346,307,296,192,327,412,300,287,309,338,170,0
2,1773244364448,1675,-268,9949,17104,-64751,-6108,0,0,0,295,459,245,375,376,400,406,396,277,175,213,211,0
1,1773244364464,-1866,-162,9796,7330,-25656,15882,0,0,0,251,345,307,297,192,327,411,300,284,308,336,169,0
2,1773244364464,1675,-258,9959,18325,-58643,-2443,0,0,0,296,459,246,372,373,399,405,395,277,175,212,211,0
1,1773244364480,-1904,-167,9753,10995,-32986,1221,0,0,0,253,347,309,297,193,328,412,300,284,308,335,169,0
2,1773244364480,1679,-263,9964,19547,-54977,-2443,0,0,0,296,459,246,368,373,398,404,393,275,176,212,211,0
1,1773244364496,-1904,-224,9772,8552,-39095,-1221,0,0,0,252,347,312,297,193,328,409,300,282,308,334,170,0
2,1773244364496,1689,-268,9954,23212,-52534,-1221,0,0,0,298,460,249,280,338,386,412,401,281,181,216,215,0
1,1773244364512,-1871,-272,9806,7330,-41538,4886,0,0,0,252,347,317,295,194,331,406,301,282,306,335,172,0
2,1773244364512,1694,-263,9930,26878,-51312,0,0,0,0,295,457,246,360,368,394,409,397,278,179,213,213,0
1,1773244364528,-1804,-296,9825,7330,-41538,14660,0,0,0,251,346,317,297,196,333,405,301,285,305,335,172,0
2,1773244364528,1718,-258,9897,28099,-52534,0,0,0,0,298,458,248,373,374,398,404,394,276,178,213,213,0
1,1773244364544,-1756,-311,9820,12217,-39095,13439,0,0,0,250,346,318,296,196,330,404,301,284,308,337,171,0
2,1773244364544,1737,-258,9858,23212,-56199,-4886,0,0,0,294,459,248,377,377,401,406,395,278,179,213,213,0
1,1773244364560,-1746,-335,9796,18325,-37873,3665,0,0,0,250,346,316,296,196,330,407,301,284,307,334,171,0
2,1773244364560,1746,-258,9853,19547,-62308,-10995,0,0,0,293,456,243,373,374,398,408,396,281,179,213,214,0
