sole_id,timestamp,accel_x,accel_y,accel_z,gyro_x,gyro_y,gyro_z,magn_x,magn_y,magn_z,pressure_01,pressure_02,pressure_03,pressure_04,pressure_05,pressure_06,pressure_07,pressure_08,pressure_09,pressure_10,pressure_11,pressure_12,corrupt
2,1769098504112,1062,181,10016,41538,-58643,-20769,0,0,0,453,536,288,450,413,458,557,411,371,288,231,471,0
2,1769098504128,1072,181,10021,45204,-61086,-21991,0,0,0,451,535,287,453,416,460,557,411,377,289,234,472,0
2,1769098504144,1067,181,10021,47647,-62308,-23212,0,0,0,449,534,282,455,417,461,556,413,381,292,238,475,0
2,1769098504160,1052,172,10007,48869,-62308,-24434,0,0,0,446,532,280,451,413,458,558,416,383,288,234,471,0
2,1769098504176,1043,157,10002,48869,-62308,-24434,0,0,0,444,530,280,448,413,457,560,415,383,283,230,468,0
2,1769098504192,1048,148,10002,46425,-62308,-23212,0,0,0,444,531,279,452,418,461,558,408,384,287,234,472,0
2,1769098504208,1052,153,10002,45204,-62308,-23212,0,0,0,444,534,278,452,415,458,559,409,386,284,229,472,0
2,1769098504224,1052,162,10002,41538,-62308,-23212,0,0,0,446,534,280,453,416,460,558,405,385,290,231,473,0
2,1769098504240,1052,153,10002,37873,-62308,-21991,0,0,0,445,535,278,453,416,460,555,398,378,291,231,473,0
2,1769098504256,1048,153,10002,37873,-62308,-19547,0,0,0,442,533,275,453,417,464,560,405,386,287,229,470,0
2,1769098504272,1048,153,10016,37873,-63529,-19547,0,0,0,443,533,274,452,418,464,559,401,380,287,229,470,0
2,1769098504288,1048,143,10016,37873,-63529,-19547,0,0,0,448,537,283,458,420,471,553,399,377,288,230,469,0
2,1769098504304,1043,134,10021,37873,-64751,-19547,0,0,0,444,534,278,456,417,470,561,404,383,290,234,471,0
2,1769098504320,1038,134,10021,35430,-65973,-19547,0,0,0,446,536,280,458,423,471,507,398,392,286,229,470,0
2,1769098504336,1038,129,10026,35430,-65973,-18325,0,0,0,443,535,277,455,421,469,527,403,390,284,228,468,0
2,1769098504352,1033,124,10021,34208,-65973,-17104,0,0,0,442,534,276,449,413,462,561,406,385,285,227,469,0
2,1769098504368,1038,124,10016,32986,-63529,-17104,0,0,0,443,535,280,447,412,463,559,403,384,287,227,470,0
2,1769098504384,1043,124,10011,32986,-62308,-17104,0,0,0,444,535,281,452,418,468,556,400,384,290,229,471,0
2,1769098504400,1043,119,10007,32986,-62308,-18325,0,0,0,445,534,279,454,419,468,553,397,380,290,228,473,0
2,1769098504416,1038,119,10007,30543,-62308,-18325,0,0,0,444,533,277,451,419,462,550,398,379,292,230,476,0
2,1769098504432,1038,119,10011,26878,-61086,-18325,0,0,0,448,536,279,454,431,459,552,403,383,292,229,476,0
2,1769098504448,1028,119,10016,24434,-61086,-18325,0,0,0,447,535,277,452,414,465,545,398,376,293,231,475,0
2,1769098504464,1019,119,10021,23212,-59864,-18325,0,0,0,446,535,275,457,420,470,552,404,385,289,228,473,0
2,1769098504480,1014,119,10016,21991,-58643,-18325,0,0,0,446,536,274,451,415,463,552,405,383,293,232,477,0
2,1769098504496,1014,119,10007,15882,-56199,-15882,0,0,0,446,535,276,453,417,467,552,404,383,291,231,473,0
2,1769098504512,1024,119,10011,10995,-53756,-15882,0,0,0,446,536,278,455,419,468,552,404,382,292,232,475,0
2,1769098504528,1028,124,10031,10995,-53756,-15882,0,0,0,446,535,276,459,423,472,552,404,384,290,228,476,0
2,1769098504544,1033,129,10035,13439,-54977,-17104,0,0,0,446,536,278,454,419,470,552,406,384,292,231,477,0
2,1769098504560,1043,134,10026,19547,-57421,-17104,0,0,0,448,538,281,456,419,473,548,401,383,291,229,478,0
2,1769098504576,1043,129,10026,23212,-57421,-17104,0,0,0,448,538,279,459,421,476,549,402,384,291,230,479,0
2,1769098504592,1038,124,10026,25656,-56199,-17104,0,0,0,449,539,281,458,420,474,553,406,386,290,230,480,0
2,1769098504608,1033,124,10031,26878,-54977,-18325,0,0,0,447,538,282,453,416,470,550,404,386,289,228,481,0
2,1769098504624,1033,124,10035,26878,-54977,-18325,0,0,0,443,534,278,452,415,468,547,403,385,288,228,482,0
2,1769098504640,1033,129,10040,26878,-56199,-18325,0,0,0,444,534,276,456,417,471,552,407,388,286,227,480,0
2,1769098504656,1038,114,10026,28099,-58643,-17104,0,0,0,447,536,277,458,418,474,547,403,383,288,228,484,0
2,1769098504672,1043,110,10026,29321,-59864,-17104,0,0,0,446,535,277,454,415,470,549,408,389,289,228,484,0
2,1769098504688,1038,114,10035,31764,-59864,-17104,0,0,0,445,533,276,457,419,474,549,407,389,288,227,484,0
2,1769098504704,1038,114,10035,31764,-59864,-17104,0,0,0,448,536,276,452,412,468,542,402,384,288,226,482,0
2,1769098504720,1033,114,10035,29321,-59864,-17104,0,0,0,448,536,279,460,420,474,549,405,385,288,226,484,0
2,1769098504736,1028,110,10026,28099,-59864,-15882,0,0,0,448,535,279,459,419,475,476,388,389,284,221,481,0
2,1769098504752,1028,105,10026,25656,-58643,-14660,0,0,0,445,532,276,457,421,474,533,401,387,288,227,486,0
2,1769098504768,1038,110,10040,23212,-58643,-14660,0,0,0,450,536,282,456,423,470,547,402,385,289,224,486,0
2,1769098504784,1038,110,10054,24434,-58643,-14660,0,0,0,448,535,280,456,425,471,547,401,386,290,226,487,0
2,1769098504800,1043,114,10059,30543,-59864,-14660,0,0,0,447,535,280,456,427,472,548,399,387,292,228,488,0
2,1769098504816,1028,100,10050,34208,-61086,-15882,0,0,0,447,535,279,455,426,471,551,397,386,290,229,486,0
2,1769098504832,1014,95,10031,34208,-61086,-17104,0,0,0,443,532,276,455,425,469,551,395,386,290,226,486,0
2,1769098504848,1019,95,10031,30543,-59864,-15882,0,0,0,440,531,273,455,425,469,549,394,387,290,225,488,0
2,1769098504864,1033,95,10031,26878,-58643,-15882,0,0,0,443,533,273,455,426,470,550,398,389,291,228,489,0
2,1769098504880,1038,95,10035,26878,-57421,-15882,0,0,0,443,532,274,454,422,469,552,401,392,288,226,488,0
2,1769098504896,1033,95,10035,26878,-57421,-15882,0,0,0,449,540,281,453,414,468,540,401,393,288,228,486,0
2,1769098504912,1033,100,10035,25656,-57421,-15882,0,0,0,449,540,282,441,403,458,472,382,392,290,230,489,0
2,1769098504928,1028,100,10040,24434,-58643,-14660,0,0,0,445,536,277,452,415,469,548,400,391,290,230,489,0
2,1769098504944,1019,95,10040,21991,-58643,-14660,0,0,0,445,534,275,456,417,470,559,399,391,291,230,489,0
2,1769098504960,1019,95,10031,21991,-57421,-14660,0,0,0,447,537,279,452,414,468,552,398,387,290,228,490,0
2,1769098504976,1024,90,10026,19547,-57421,-14660,0,0,0,449,539,283,451,417,470,551,396,386,288,228,489,0
2,1769098504992,1028,90,10026,18325,-56199,-14660,0,0,0,447,539,279,448,415,468,555,399,389,289,229,490,0
2,1769098505008,1033,95,10035,17104,-56199,-14660,0,0,0,446,538,278,450,415,469,554,398,389,288,227,487,0
2,1769098505024,1038,100,10050,17104,-54977,-13439,0,0,0,446,538,279,452,416,469,559,403,392,380,257,473,0
2,1769098505040,1038,100,10050,15882,-54977,-13439,0,0,0,447,538,282,453,417,470,559,404,391,356,252,481,0
2,1769098505056,1043,100,10050,15882,-54977,-13439,0,0,0,448,539,283,453,417,472,557,401,390,290,229,490,0
2,1769098505072,1033,100,10054,15882,-53756,-13439,0,0,0,448,538,281,450,415,469,558,400,390,289,228,488,0
2,1769098505088,1028,105,10059,17104,-53756,-14660,0,0,0,447,538,280,450,415,468,557,400,388,290,230,489,0
2,1769098505104,1028,100,10050,18325,-54977,-14660,0,0,0,448,539,279,455,419,473,559,402,391,287,227,487,0
2,1769098505120,1028,95,10040,19547,-54977,-14660,0,0,0,446,537,277,452,417,468,556,400,390,290,229,490,0
2,1769098505136,1033,95,10035,19547,-53756,-14660,0,0,0,448,538,280,453,418,470,554,399,389,289,229,491,0
2,1769098505152,1028,95,10031,18325,-52534,-14660,0,0,0,447,537,280,460,423,477,560,403,393,292,231,491,0
2,1769098505168,1028,90,10035,17104,-52534,-13439,0,0,0,447,538,280,449,415,467,560,403,392,288,227,489,0
2,1769098505184,1033,95,10050,14660,-52534,-13439,0,0,0,448,539,281,451,416,468,561,405,392,295,234,494,0
2,1769098505200,1033,105,10045,13439,-52534,-13439,0,0,0,444,536,281,456,421,476,562,405,393,289,229,490,0
2,1769098505216,1028,110,10045,14660,-53756,-14660,0,0,0,447,539,279,452,415,470,561,405,390,289,232,490,0
2,1769098505232,1028,105,10045,15882,-53756,-14660,0,0,0,449,541,280,453,415,470,560,403,389,289,230,491,0
2,1769098505248,1024,100,10050,17104,-54977,-14660,0,0,0,447,538,279,453,416,469,548,397,385,289,228,490,0
2,1769098505264,1028,100,10050,19547,-54977,-14660,0,0,0,446,537,277,453,415,468,549,397,385,291,229,490,0
2,1769098505280,1033,105,10054,20769,-54977,-14660,0,0,0,448,538,279,453,415,468,559,402,388,292,230,490,0
2,1769098505296,1033,110,10059,21991,-56199,-15882,0,0,0,449,539,280,452,414,467,560,403,389,292,229,490,0
2,1769098505312,1033,114,10050,24434,-57421,-17104,0,0,0,448,538,279,457,440,460,561,404,389,293,230,493,0
2,1769098505328,1033,110,10050,25656,-57421,-17104,0,0,0,448,539,280,463,468,454,563,406,391,293,232,492,0
2,1769098505344,1038,105,10050,26878,-57421,-17104,0,0,0,449,538,280,453,417,468,560,403,388,292,232,492,0
2,1769098505360,1028,105,10045,28099,-57421,-18325,0,0,0,456,539,281,456,418,468,561,404,388,307,236,491,0
2,1769098505376,1019,105,10045,30543,-57421,-17104,0,0,0,450,538,282,452,416,467,561,404,388,416,269,472,0
2,1769098505392,1028,114,10050,32986,-58643,-17104,0,0,0,454,538,284,458,419,471,556,401,386,297,230,494,0
2,1769098505408,1028,100,10050,32986,-58643,-17104,0,0,0,450,538,282,458,421,471,554,394,383,289,225,493,0
2,1769098505424,1033,90,10050,31764,-59864,-17104,0,0,0,454,541,287,455,420,468,557,401,388,293,228,496,0
2,1769098505440,1019,86,10040,28099,-59864,-17104,0,0,0,465,539,285,458,419,467,558,403,389,298,229,500,0
2,1769098505456,1019,81,10040,24434,-58643,-15882,0,0,0,463,538,284,456,418,465,554,399,383,296,225,500,0
2,1769098505472,1028,81,10045,23212,-57421,-15882,0,0,0,456,539,285,455,418,465,554,400,382,291,223,500,0
2,1769098505488,1033,90,10050,23212,-56199,-17104,0,0,0,451,539,283,458,420,467,556,403,383,293,227,503,0
2,1769098505504,1033,95,10050,24434,-57421,-17104,0,0,0,450,537,283,457,419,468,556,403,383,297,230,504,0
2,1769098505520,1028,95,10045,23212,-57421,-17104,0,0,0,452,538,285,454,417,467,555,400,383,296,229,500,0
2,1769098505536,1033,95,10045,23212,-57421,-15882,0,0,0,455,540,289,454,417,468,530,395,385,292,226,495,0
2,1769098505552,1043,95,10045,24434,-58643,-15882,0,0,0,457,542,293,452,416,467,491,392,391,289,220,492,0
2,1769098505568,1028,90,10045,24434,-58643,-15882,0,0,0,455,539,286,454,418,467,557,412,386,292,224,495,0
2,1769098505584,1019,86,10040,24434,-57421,-15882,0,0,0,447,533,281,455,419,467,557,415,386,289,224,493,0
2,1769098505600,1019,81,10040,21991,-56199,-15882,0,0,0,456,542,291,458,421,469,561,417,390,292,226,497,0
2,1769098505616,1024,81,10045,18325,-56199,-14660,0,0,0,455,538,286,460,423,473,554,406,380,299,230,498,0
2,1769098505632,1019,86,10050,17104,-57421,-13439,0,0,0,454,536,284,457,420,470,555,407,382,297,229,498,0
2,1769098505648,1024,81,10045,14660,-57421,-13439,0,0,0,454,536,287,458,420,471,557,410,385,293,230,497,0
2,1769098505664,1033,81,10045,13439,-56199,-14660,0,0,0,457,539,288,457,421,470,561,415,389,315,237,496,0
2,1769098505680,1038,90,10054,13439,-56199,-14660,0,0,0,452,535,283,457,420,470,560,413,387,305,232,497,0
2,1769098505696,1038,95,10059,14660,-56199,-14660,0,0,0,451,534,282,456,416,467,561,414,388,300,231,499,0
2,1769098505712,1028,90,10054,17104,-56199,-14660,0,0,0,453,535,283,452,415,464,560,413,387,298,228,497,0
2,1769098505728,1024,90,10054,19547,-56199,-14660,0,0,0,452,536,283,452,416,464,559,412,385,297,228,497,0
2,1769098505744,1019,90,10050,19547,-56199,-14660,0,0,0,453,537,283,454,418,466,560,414,387,299,230,499,0
2,1769098505760,1019,100,10054,20769,-56199,-14660,0,0,0,455,539,284,453,418,465,559,412,387,298,229,497,0
2,1769098505776,1019,95,10054,20769,-56199,-14660,0,0,0,453,538,283,453,418,465,556,409,383,298,230,497,0
2,1769098505792,1028,90,10050,20769,-56199,-14660,0,0,0,456,540,287,459,424,471,556,410,382,298,230,497,0
2,1769098505808,1033,86,10045,20769,-57421,-14660,0,0,0,454,539,283,455,421,467,563,415,387,300,234,498,0
2,1769098505824,1028,90,10050,20769,-57421,-14660,0,0,0,454,538,283,460,423,471,563,415,387,304,231,496,0
2,1769098505840,1028,95,10050,20769,-57421,-14660,0,0,0,455,539,283,463,473,444,561,415,386,297,230,496,0
2,1769098505856,1028,95,10035,18325,-56199,-14660,0,0,0,452,537,281,459,426,467,561,414,386,297,231,497,0
2,1769098505872,1033,86,10035,15882,-56199,-15882,0,0,0,452,537,278,456,419,471,558,411,384,296,227,495,0
2,1769098505888,1028,81,10050,14660,-56199,-15882,0,0,0,453,539,283,453,417,465,559,411,385,297,231,495,0
2,1769098505904,1028,81,10050,14660,-54977,-15882,0,0,0,452,537,283,452,416,465,559,411,385,295,230,493,0
2,1769098505920,1028,86,10050,15882,-54977,-15882,0,0,0,455,539,285,456,419,469,559,410,385,293,226,493,0
2,1769098505936,1024,90,10054,17104,-54977,-14660,0,0,0,457,542,287,459,422,472,559,409,383,293,228,494,0
2,1769098505952,1024,95,10059,18325,-56199,-14660,0,0,0,456,541,285,461,452,457,560,409,384,297,231,496,0
2,1769098505968,1024,95,10054,17104,-57421,-14660,0,0,0,455,539,285,460,454,453,562,411,386,297,229,493,0
2,1769098505984,1019,95,10050,15882,-56199,-13439,0,0,0,455,540,286,458,422,471,563,411,387,293,224,489,0
2,1769098506000,1014,100,10050,14660,-54977,-13439,0,0,0,457,542,288,460,425,473,564,412,388,292,222,488,0
2,1769098506016,1014,95,10045,14660,-54977,-13439,0,0,0,462,545,292,458,421,470,563,411,388,294,226,490,0
2,1769098506032,1019,90,10045,12217,-54977,-13439,0,0,0,458,542,288,459,422,470,560,409,384,298,231,493,0
2,1769098506048,1024,100,10054,9773,-54977,-13439,0,0,0,457,541,287,459,422,473,562,409,386,297,232,493,0
2,1769098506064,1019,100,10050,6108,-53756,-13439,0,0,0,452,535,279,452,415,466,559,406,383,301,233,496,0
2,1769098506080,1014,100,10050,1221,-52534,-10995,0,0,0,450,535,280,455,414,466,560,407,384,292,226,488,0
2,1769098506096,1019,100,10040,0,-51312,-9773,0,0,0,455,540,289,458,418,471,561,410,383,293,226,489,0
2,1769098506112,1019,105,10035,0,-48869,-9773,0,0,0,454,539,291,454,417,468,558,409,380,292,228,487,0
2,1769098506128,1024,110,10035,0,-48869,-9773,0,0,0,452,539,288,459,421,472,558,412,381,291,228,485,0
2,1769098506144,1028,119,10050,-1221,-48869,-10995,0,0,0,452,539,287,458,420,471,560,415,383,291,231,485,0
2,1769098506160,1033,119,10059,0,-48869,-10995,0,0,0,453,540,287,456,417,468,561,415,385,294,235,487,0
2,1769098506176,1038,124,10064,0,-50090,-10995,0,0,0,454,541,289,457,419,471,562,417,386,294,236,487,0
2,1769098506192,1043,129,10064,3665,-51312,-13439,0,0,0,453,541,289,458,421,472,559,415,382,293,235,485,0
2,1769098506208,1038,129,10064,8552,-52534,-14660,0,0,0,452,540,287,457,420,471,557,411,379,295,235,485,0
2,1769098506224,1033,138,10069,14660,-53756,-15882,0,0,0,452,540,286,453,415,467,556,411,381,294,234,484,0
2,1769098506240,1024,138,10059,19547,-54977,-15882,0,0,0,454,541,289,446,409,460,557,413,384,294,236,484,0
2,1769098506256,1024,134,10050,20769,-56199,-15882,0,0,0,453,541,288,457,418,471,562,417,386,293,233,482,0
2,1769098506272,1028,129,10040,18325,-56199,-15882,0,0,0,451,538,285,458,418,471,562,418,388,291,232,479,0
2,1769098506288,1033,129,10035,15882,-56199,-14660,0,0,0,453,539,289,466,426,479,562,418,388,291,232,477,0
2,1769098506304,1028,138,10040,13439,-54977,-14660,0,0,0,454,540,291,467,465,461,563,418,387,290,233,477,0
2,1769098506320,1028,138,10045,13439,-54977,-13439,0,0,0,449,540,305,459,429,473,563,419,390,292,234,478,0
2,1769098506336,1033,134,10050,12217,-53756,-13439,0,0,0,447,539,292,456,416,470,562,418,388,296,239,483,0
2,1769098506352,1028,134,10045,10995,-53756,-13439,0,0,0,449,540,288,455,414,467,560,418,383,299,237,481,0
2,1769098506368,1033,138,10045,10995,-53756,-14660,0,0,0,448,540,287,453,414,467,560,418,383,294,235,478,0
2,1769098506384,1038,148,10050,13439,-53756,-14660,0,0,0,447,540,292,455,416,470,561,422,384,290,233,476,0
2,1769098506400,1028,138,10050,14660,-53756,-14660,0,0,0,446,540,298,456,417,473,562,423,387,291,233,477,0
2,1769098506416,1028,138,10050,15882,-54977,-14660,0,0,0,443,536,298,457,419,474,563,422,390,291,235,477,0
2,1769098506432,1033,143,10045,13439,-53756,-14660,0,0,0,441,534,293,457,419,473,564,423,389,290,235,475,0
2,1769098506448,1033,148,10045,13439,-53756,-14660,0,0,0,443,538,284,453,416,468,561,422,384,289,233,474,0
2,1769098506464,1033,148,10050,13439,-53756,-14660,0,0,0,447,543,288,455,419,469,561,422,384,289,234,475,0
2,1769098506480,1033,148,10050,13439,-53756,-14660,0,0,0,444,540,285,457,419,468,559,420,381,290,238,478,0
2,1769098506496,1033,153,10054,14660,-54977,-14660,0,0,0,442,536,281,458,419,472,560,421,383,295,239,479,0
2,1769098506512,1038,148,10050,18325,-54977,-14660,0,0,0,442,536,282,458,419,471,565,427,390,294,239,478,0
2,1769098506528,1038,148,10040,18325,-54977,-14660,0,0,0,443,537,283,455,417,470,560,423,385,293,237,478,0
2,1769098506544,1043,153,10040,19547,-54977,-14660,0,0,0,447,541,287,460,421,472,564,426,386,291,237,477,0
2,1769098506560,1033,157,10050,20769,-56199,-14660,0,0,0,444,538,284,457,419,469,568,432,391,293,237,477,0
2,1769098506576,1028,153,10045,20769,-56199,-14660,0,0,0,439,534,278,453,415,467,561,425,383,289,234,475,0
2,1769098506592,1028,157,10045,19547,-54977,-14660,0,0,0,437,534,278,456,417,470,561,424,384,288,235,476,0
2,1769098506608,1028,153,10045,19547,-54977,-14660,0,0,0,439,536,282,457,419,470,563,424,386,290,238,477,0
2,1769098506624,1033,148,10050,19547,-54977,-14660,0,0,0,444,542,288,455,416,468,562,424,385,289,237,477,0
2,1769098506640,1038,153,10050,21991,-54977,-14660,0,0,0,448,545,290,453,413,467,559,425,386,285,233,475,0
2,1769098506656,1028,157,10050,23212,-54977,-14660,0,0,0,445,541,285,455,417,468,556,423,386,285,232,473,0
2,1769098506672,1028,153,10054,24434,-56199,-15882,0,0,0,443,540,284,462,423,474,561,423,384,293,238,478,0
2,1769098506688,1038,148,10054,25656,-56199,-15882,0,0,0,445,542,287,462,424,476,561,425,385,293,240,478,0
2,1769098506704,1043,143,10054,25656,-56199,-15882,0,0,0,443,540,284,461,421,474,557,423,386,293,237,479,0
2,1769098506720,1038,143,10054,25656,-56199,-15882,0,0,0,442,540,284,458,418,471,560,423,382,295,239,481,0
2,1769098506736,1038,148,10059,28099,-57421,-15882,0,0,0,445,543,287,458,419,472,567,429,390,291,236,478,0
2,1769098506752,1043,148,10064,31764,-57421,-15882,0,0,0,443,540,283,458,418,468,567,428,388,293,239,480,0
2,1769098506768,1052,138,10069,36651,-57421,-18325,0,0,0,440,535,283,456,417,468,569,428,388,437,293,457,0
2,1769098506784,1048,138,10050,37873,-57421,-17104,0,0,0,445,538,288,456,417,469,565,424,384,329,251,476,0
2,1769098506800,1038,148,10045,39095,-58643,-17104,0,0,0,444,536,285,460,420,472,564,424,384,295,237,484,0
2,1769098506816,1028,153,10045,37873,-59864,-17104,0,0,0,449,539,286,458,417,471,567,424,386,293,234,483,0
2,1769098506832,1028,134,10045,35430,-59864,-17104,0,0,0,452,541,290,461,419,473,569,425,389,293,235,482,0
2,1769098506848,1038,129,10035,31764,-57421,-17104,0,0,0,452,541,289,463,421,474,569,424,390,294,237,481,0
2,1769098506864,1043,129,10035,28099,-57421,-15882,0,0,0,452,540,288,461,418,473,569,423,389,293,236,481,0
2,1769098506880,1038,134,10054,26878,-57421,-15882,0,0,0,452,540,288,462,420,476,569,424,388,292,234,481,0
2,1769098506896,1033,124,10050,25656,-57421,-15882,0,0,0,453,540,290,465,423,479,565,421,383,293,234,482,0
2,1769098506912,1028,124,10045,24434,-56199,-15882,0,0,0,455,541,289,464,421,477,564,419,381,295,236,483,0
2,1769098506928,1028,124,10050,23212,-56199,-15882,0,0,0,450,537,284,460,420,472,573,428,392,293,234,482,0
2,1769098506944,1028,124,10054,21991,-56199,-14660,0,0,0,452,539,289,470,468,461,570,427,391,295,237,483,0
2,1769098506960,1038,129,10054,20769,-56199,-14660,0,0,0,452,539,289,465,427,476,572,427,391,290,232,479,0
2,1769098506976,1038,138,10045,20769,-56199,-14660,0,0,0,453,538,289,460,420,473,569,423,387,295,237,484,0
2,1769098506992,1033,129,10045,19547,-56199,-14660,0,0,0,457,542,290,460,420,471,569,424,387,294,238,485,0
2,1769098507008,1033,124,10054,18325,-54977,-14660,0,0,0,458,544,293,461,420,475,569,425,387,294,238,483,0
2,1769098507024,1038,119,10059,18325,-54977,-14660,0,0,0,458,543,292,460,420,474,570,425,388,294,236,484,0
2,1769098507040,1038,119,10050,18325,-54977,-14660,0,0,0,456,542,292,457,418,471,568,425,388,295,237,485,0
2,1769098507056,1038,124,10050,18325,-54977,-14660,0,0,0,457,543,292,458,417,472,570,427,390,294,237,483,0
2,1769098507072,1033,129,10054,19547,-56199,-14660,0,0,0,454,540,288,460,418,474,570,425,390,293,236,482,0
2,1769098507088,1033,129,10059,18325,-56199,-14660,0,0,0,449,535,285,461,420,474,569,423,388,294,234,481,0
2,1769098507104,1033,129,10050,15882,-53756,-14660,0,0,0,451,538,289,461,420,474,571,426,390,293,234,481,0
2,1769098507120,1038,129,10050,15882,-53756,-14660,0,0,0,455,540,290,463,422,476,568,424,387,293,236,483,0
2,1769098507136,1028,129,10050,17104,-53756,-14660,0,0,0,455,539,289,464,423,478,568,424,386,292,236,483,0
2,1769098507152,1028,129,10050,18325,-54977,-14660,0,0,0,455,540,288,458,416,471,570,427,389,295,236,483,0
2,1769098507168,1028,134,10045,19547,-54977,-14660,0,0,0,456,542,292,463,422,476,570,427,389,290,232,477,0
2,1769098507184,1038,134,10050,19547,-56199,-15882,0,0,0,461,546,295,462,420,475,571,428,389,293,236,482,0
2,1769098507200,1038,124,10054,19547,-56199,-15882,0,0,0,457,542,291,463,422,478,570,425,388,293,234,482,0
2,1769098507216,1038,124,10059,19547,-56199,-15882,0,0,0,456,541,292,460,419,473,572,427,388,300,236,482,0
2,1769098507232,1038,129,10059,19547,-54977,-15882,0,0,0,457,541,291,456,414,471,571,427,389,297,236,482,0
2,1769098507248,1038,134,10054,20769,-54977,-15882,0,0,0,455,540,291,459,418,474,572,427,387,295,236,483,0
2,1769098507264,1043,129,10054,21991,-54977,-15882,0,0,0,453,537,288,461,419,475,574,429,388,295,235,484,0
2,1769098507280,1038,129,10050,23212,-56199,-15882,0,0,0,455,539,289,461,418,475,574,429,390,294,235,483,0
2,1769098507296,1033,134,10054,24434,-57421,-15882,0,0,0,456,540,289,460,419,474,573,427,388,293,235,482,0
2,1769098507312,1033,134,10050,23212,-56199,-15882,0,0,0,453,538,286,461,427,471,574,428,388,293,237,483,0
2,1769098507328,1038,129,10040,20769,-54977,-15882,0,0,0,455,539,289,463,434,468,578,432,392,297,239,485,0
2,1769098507344,1038,129,10040,19547,-54977,-14660,0,0,0,453,536,290,461,417,473,575,430,391,296,237,484,0
2,1769098507360,1038,129,10040,19547,-54977,-14660,0,0,0,457,541,293,464,422,477,575,430,391,293,235,482,0
2,1769098507376,1048,129,10045,19547,-56199,-14660,0,0,0,458,543,293,460,419,474,575,432,393,298,236,485,0
2,1769098507392,1048,134,10045,18325,-56199,-14660,0,0,0,454,538,289,457,415,473,573,431,393,291,232,480,0
2,1769098507408,1043,138,10050,18325,-56199,-14660,0,0,0,457,540,293,462,419,476,573,429,391,296,236,484,0
2,1769098507424,1028,138,10050,18325,-56199,-14660,0,0,0,455,538,292,464,422,480,570,428,388,296,237,485,0
2,1769098507440,1028,138,10050,18325,-54977,-14660,0,0,0,459,542,296,460,419,475,568,425,386,305,239,482,0
2,1769098507456,1043,138,10059,19547,-54977,-14660,0,0,0,459,542,296,456,416,470,568,426,388,296,234,481,0
2,1769098507472,1043,134,10064,19547,-56199,-14660,0,0,0,458,541,295,455,415,470,569,427,389,290,233,482,0
2,1769098507488,1038,134,10050,17104,-54977,-14660,0,0,0,457,542,296,457,416,472,570,428,389,292,235,483,0
2,1769098507504,1038,138,10040,14660,-54977,-14660,0,0,0,456,541,295,460,418,474,572,432,391,293,236,483,0
2,1769098507520,1038,138,10045,13439,-54977,-14660,0,0,0,456,540,292,462,419,477,572,433,391,293,236,482,0
2,1769098507536,1038,138,10050,13439,-56199,-13439,0,0,0,456,541,291,462,420,477,569,429,389,291,234,480,0
2,1769098507552,1038,138,10050,13439,-54977,-13439,0,0,0,457,544,293,464,425,476,572,433,392,296,238,484,0
2,1769098507568,1033,134,10050,12217,-54977,-13439,0,0,0,455,542,292,460,420,475,570,434,392,295,237,486,0
2,1769098507584,1033,134,10050,10995,-53756,-13439,0,0,0,450,538,286,458,417,471,568,432,392,294,237,484,0
2,1769098507600,1033,138,10050,10995,-53756,-13439,0,0,0,457,542,291,459,419,473,563,428,387,293,233,482,0
2,1769098507616,1038,143,10054,10995,-53756,-13439,0,0,0,454,543,290,466,430,477,572,435,393,293,237,482,0
2,1769098507632,1038,153,10054,13439,-54977,-13439,0,0,0,456,545,294,460,422,474,567,430,389,294,239,484,0
2,1769098507648,1038,153,10054,13439,-54977,-13439,0,0,0,454,542,290,460,421,474,567,432,390,295,240,485,0
2,1769098507664,1043,148,10050,14660,-56199,-13439,0,0,0,451,540,289,463,423,478,569,435,392,293,238,483,0
2,1769098507680,1038,148,10045,15882,-56199,-13439,0,0,0,451,541,290,463,422,478,569,434,391,293,237,483,0
2,1769098507696,1033,153,10045,15882,-54977,-13439,0,0,0,452,542,290,460,421,475,569,433,391,294,237,483,0
2,1769098507712,1033,148,10050,14660,-54977,-13439,0,0,0,451,542,289,458,420,472,569,432,392,294,238,482,0
2,1769098507728,1033,143,10054,12217,-53756,-13439,0,0,0,450,541,287,459,419,472,566,430,389,295,237,482,0
2,1769098507744,1033,143,10054,10995,-53756,-12217,0,0,0,449,540,288,461,421,475,566,428,388,294,236,481,0
2,1769098507760,1043,148,10059,9773,-53756,-12217,0,0,0,452,543,290,461,422,475,562,424,383,292,237,480,0
2,1769098507776,1043,148,10050,9773,-53756,-12217,0,0,0,449,540,289,462,422,475,563,423,383,293,233,478,0
2,1769098507792,1038,153,10045,10995,-54977,-12217,0,0,0,445,539,287,458,419,471,566,426,387,293,235,480,0
2,1769098507808,1038,153,10045,9773,-54977,-12217,0,0,0,446,541,291,458,419,471,567,428,390,293,235,478,0
2,1769098507824,1038,153,10050,7330,-54977,-12217,0,0,0,446,542,291,459,420,471,566,422,384,293,235,478,0
2,1769098507840,1038,162,10050,4886,-53756,-10995,0,0,0,440,539,283,455,418,469,566,427,389,293,234,477,0
2,1769098507856,1038,172,10045,2443,-53756,-9773,0,0,0,443,539,281,455,414,466,563,423,383,293,231,477,0
2,1769098507872,1038,177,10040,2443,-53756,-9773,0,0,0,447,541,283,455,415,468,563,425,384,289,233,475,0
2,1769098507888,1048,172,10040,3665,-52534,-10995,0,0,0,443,539,282,455,417,467,563,431,386,286,235,473,0
2,1769098507904,1043,177,10045,2443,-52534,-10995,0,0,0,442,538,280,452,415,465,563,432,385,285,234,472,0
2,1769098507920,1038,186,10054,1221,-52534,-10995,0,0,0,443,540,281,449,413,464,561,428,384,285,233,472,0
2,1769098507936,1038,186,10054,1221,-52534,-10995,0,0,0,438,539,282,451,415,466,559,426,382,287,233,471,0
2,1769098507952,1038,186,10054,2443,-52534,-10995,0,0,0,433,538,281,455,416,468,557,425,380,288,235,468,0
2,1769098507968,1043,186,10050,3665,-53756,-10995,0,0,0,432,536,279,453,414,466,558,426,380,287,235,466,0
2,1769098507984,1043,191,10050,4886,-53756,-12217,0,0,0,429,532,277,452,412,465,561,429,382,289,236,465,0
2,1769098508000,1043,201,10045,7330,-53756,-13439,0,0,0,427,530,274,453,413,465,561,428,380,290,236,466,0
2,1769098508016,1038,196,10045,7330,-53756,-12217,0,0,0,432,534,279,459,419,470,565,432,385,289,235,464,0
2,1769098508032,1038,196,10050,9773,-54977,-12217,0,0,0,431,534,278,459,421,469,561,430,380,288,233,464,0
2,1769098508048,1038,196,10059,13439,-53756,-14660,0,0,0,430,534,279,452,413,466,562,430,382,290,237,467,0
2,1769098508064,1033,196,10050,13439,-50090,-14660,0,0,0,430,533,277,449,409,464,565,433,386,291,238,467,0
2,1769098508080,1038,196,10050,15882,-45204,-14660,0,0,0,434,534,285,452,410,465,562,433,382,384,270,453,0
2,1769098508096,1057,196,10054,20769,-45204,-14660,0,0,0,434,534,283,452,410,462,563,432,384,316,244,463,0
2,1769098508112,1057,205,10050,21991,-47647,-15882,0,0,0,433,531,283,448,407,461,562,432,382,285,231,463,0
2,1769098508128,1048,210,10045,23212,-50090,-15882,0,0,0,434,531,284,450,408,463,560,431,380,284,231,462,0
2,1769098508144,1048,205,10054,21991,-50090,-14660,0,0,0,435,533,286,450,409,462,559,430,379,285,232,463,0
2,1769098508160,1052,205,10059,21991,-50090,-14660,0,0,0,433,532,283,450,410,462,560,431,380,287,235,462,0
2,1769098508176,1052,196,10054,25656,-51312,-15882,0,0,0,428,530,278,454,414,465,562,435,381,288,236,461,0
2,1769098508192,1043,196,10050,25656,-48869,-15882,0,0,0,427,533,276,458,418,467,562,436,381,287,237,461,0
2,1769098508208,1043,196,10050,26878,-43982,-14660,0,0,0,428,537,276,460,420,470,562,437,381,288,238,461,0
2,1769098508224,1057,196,10050,30543,-41538,-14660,0,0,0,422,539,272,460,422,471,565,440,384,287,237,461,0
2,1769098508240,1072,196,10050,32986,-42760,-14660,0,0,0,419,540,272,453,416,462,562,437,384,291,241,464,0
2,1769098508256,1072,191,10045,34208,-47647,-17104,0,0,0,420,541,273,457,420,466,565,440,385,291,240,462,0
2,1769098508272,1057,191,10040,34208,-48869,-17104,0,0,0,420,539,271,454,416,459,559,434,378,296,244,469,0
2,1769098508288,1057,191,10045,32986,-48869,-15882,0,0,0,414,533,270,453,412,459,563,435,386,292,240,466,0
2,1769098508304,1062,186,10045,30543,-47647,-15882,0,0,0,408,538,275,457,421,465,558,428,379,285,238,456,0
2,1769098508320,1067,167,10026,23212,-47647,-14660,0,0,0,397,535,271,456,420,464,561,429,380,286,241,444,0
2,1769098508336,1072,167,10021,15882,-48869,-14660,0,0,0,381,532,262,457,421,463,565,435,379,284,243,437,0
2,1769098508352,1072,196,10035,8552,-51312,-14660,0,0,0,370,531,253,461,424,463,565,437,378,289,245,432,0
2,1769098508368,1072,205,10054,7330,-50090,-13439,0,0,0,353,531,251,460,425,463,545,432,383,286,247,420,0
2,1769098508384,1076,201,10054,7330,-50090,-13439,0,0,0,345,531,258,460,428,465,547,431,384,282,249,410,0
2,1769098508400,1081,201,10035,6108,-56199,-13439,0,0,0,343,532,255,463,433,468,569,438,382,280,250,407,0
2,1769098508416,1081,215,10050,9773,-61086,-14660,0,0,0,334,532,247,465,436,470,571,441,383,279,250,403,0
2,1769098508432,1067,215,10074,20769,-57421,-14660,0,0,0,335,538,253,466,440,470,569,441,381,278,252,396,0
2,1769098508448,1067,205,10069,28099,-53756,-15882,0,0,0,330,541,244,465,438,468,566,434,381,277,252,395,0
2,1769098508464,1067,201,10050,30543,-53756,-14660,0,0,0,330,541,244,461,434,463,572,442,381,279,253,394,0
2,1769098508480,1067,205,10045,34208,-53756,-14660,0,0,0,343,544,248,465,438,471,572,443,385,283,255,400,0
2,1769098508496,1072,220,10059,41538,-54977,-14660,0,0,0,334,545,247,465,438,472,572,443,386,282,255,402,0
2,1769098508512,1081,205,10059,46425,-54977,-14660,0,0,0,339,544,249,465,437,473,567,438,379,287,257,408,0
2,1769098508528,1086,186,10045,50090,-54977,-15882,0,0,0,348,544,246,465,436,473,566,436,379,284,253,410,0
2,1769098508544,1086,181,10040,50090,-58643,-19547,0,0,0,359,542,247,465,435,475,566,438,382,286,249,424,0
2,1769098508560,1072,181,10040,50090,-58643,-19547,0,0,0,368,536,237,464,430,474,568,440,383,287,246,430,0
2,1769098508576,1062,181,10050,53756,-56199,-20769,0,0,0,382,531,233,465,429,472,570,442,380,286,244,432,0
2,1769098508592,1062,167,10050,58643,-51312,-20769,0,0,0,394,528,235,468,427,472,568,438,377,316,250,432,0
2,1769098508608,1072,153,10040,59864,-51312,-21991,0,0,0,399,523,232,468,423,473,567,435,376,320,250,436,0
2,1769098508624,1076,143,10035,56199,-53756,-21991,0,0,0,405,519,236,465,419,472,570,436,378,289,240,443,0
2,1769098508640,1081,134,10031,47647,-58643,-20769,0,0,0,409,523,247,463,417,472,571,435,381,287,237,447,0
2,1769098508656,1086,129,10026,39095,-64751,-19547,0,0,0,409,522,246,462,416,469,564,429,381,288,236,450,0
2,1769098508672,1086,138,10045,30543,-72082,-18325,0,0,0,412,522,249,462,416,468,554,428,381,285,233,448,0
2,1769098508688,1076,138,10054,21991,-78190,-18325,0,0,0,414,526,251,465,419,471,568,434,383,291,236,454,0
2,1769098508704,1062,138,10050,17104,-83077,-17104,0,0,0,419,529,259,461,415,466,569,436,385,292,240,454,0
2,1769098508720,1052,138,10050,17104,-81855,-17104,0,0,0,411,524,247,468,422,473,568,432,383,298,243,460,0
2,1769098508736,1048,148,10059,18325,-75747,-15882,0,0,0,417,525,256,461,414,466,571,435,383,290,235,455,0
2,1769098508752,1048,148,10059,20769,-68416,-15882,0,0,0,418,526,261,465,418,473,565,434,384,291,237,464,0
2,1769098508768,1048,134,10050,20769,-63529,-14660,0,0,0,418,527,264,463,415,471,561,430,381,292,241,464,0
2,1769098508784,1052,134,10045,20769,-62308,-14660,0,0,0,415,525,257,469,421,476,564,434,383,289,238,464,0
2,1769098508800,1052,134,10045,19547,-61086,-14660,0,0,0,415,526,258,468,420,475,564,435,383,291,236,469,0
2,1769098508816,1052,138,10045,18325,-61086,-14660,0,0,0,414,526,260,463,417,471,562,433,380,293,237,472,0
2,1769098508832,1057,138,10040,17104,-61086,-14660,0,0,0,414,526,257,464,417,470,562,432,380,293,240,470,0
2,1769098508848,1048,138,10031,12217,-59864,-13439,0,0,0,416,528,254,464,416,466,563,434,380,294,240,467,0
2,1769098508864,1038,143,10031,9773,-58643,-13439,0,0,0,417,529,256,462,414,465,562,435,380,293,239,466,0
2,1769098508880,1038,148,10045,9773,-57421,-13439,0,0,0,415,527,254,464,416,468,559,433,380,294,241,465,0
2,1769098508896,1052,153,10054,12217,-57421,-13439,0,0,0,412,525,251,468,418,471,561,434,382,296,241,464,0
2,1769098508912,1057,148,10059,15882,-57421,-13439,0,0,0,416,527,257,469,419,475,562,436,382,295,240,462,0
2,1769098508928,1043,148,10050,17104,-57421,-14660,0,0,0,416,527,254,472,423,477,561,437,385,292,239,459,0
2,1769098508944,1043,148,10050,17104,-57421,-14660,0,0,0,417,529,261,468,420,477,538,428,387,290,239,459,0
2,1769098508960,1052,153,10059,17104,-58643,-14660,0,0,0,415,528,258,470,423,480,562,438,390,291,241,459,0
2,1769098508976,1048,153,10059,19547,-58643,-14660,0,0,0,416,528,258,469,421,475,565,439,388,292,242,460,0
2,1769098508992,1043,153,10054,24434,-59864,-14660,0,0,0,419,531,259,470,422,475,559,435,384,293,241,462,0
2,1769098509008,1043,148,10050,29321,-59864,-15882,0,0,0,420,531,259,462,465,458,561,437,386,296,244,463,0
2,1769098509024,1043,143,10040,29321,-59864,-15882,0,0,0,424,532,258,463,448,463,563,437,386,295,241,462,0
2,1769098509040,1043,143,10040,30543,-61086,-15882,0,0,0,425,531,254,468,422,474,560,434,383,293,237,461,0
2,1769098509056,1048,153,10054,32986,-62308,-17104,0,0,0,422,530,252,466,421,473,558,430,381,290,237,461,0
2,1769098509072,1048,153,10054,34208,-62308,-17104,0,0,0,421,532,252,463,419,470,557,427,380,290,239,463,0
2,1769098509088,1043,143,10050,36651,-63529,-18325,0,0,0,425,534,252,464,420,469,557,427,380,294,240,464,0
2,1769098509104,1043,134,10050,34208,-61086,-17104,0,0,0,428,535,253,467,423,471,555,427,380,294,238,464,0
2,1769098509120,1043,129,10050,31764,-59864,-17104,0,0,0,429,534,255,464,422,469,556,428,381,293,238,465,0
2,1769098509136,1043,124,10050,29321,-59864,-17104,0,0,0,427,532,255,466,423,473,562,431,385,292,236,465,0
2,1769098509152,1043,129,10050,28099,-61086,-15882,0,0,0,432,533,256,466,421,472,563,431,388,290,235,461,0
2,1769098509168,1048,134,10050,26878,-61086,-17104,0,0,0,424,531,254,467,424,477,561,426,383,286,232,460,0
2,1769098509184,1048,129,10050,25656,-59864,-17104,0,0,0,423,531,253,469,427,478,562,427,386,292,238,463,0
2,1769098509200,1043,129,10050,25656,-59864,-17104,0,0,0,426,534,260,466,423,476,557,423,383,289,237,464,0
2,1769098509216,1043,129,10054,30543,-59864,-17104,0,0,0,426,533,257,466,422,476,548,421,384,289,236,465,0
2,1769098509232,1048,129,10059,31764,-61086,-17104,0,0,0,429,534,258,466,422,475,552,422,383,293,238,468,0
2,1769098509248,1043,129,10050,32986,-61086,-18325,0,0,0,427,532,256,466,423,475,557,424,382,294,237,469,0
2,1769098509264,1038,129,10040,31764,-59864,-18325,0,0,0,427,532,255,466,423,475,558,423,383,292,235,467,0
2,1769098509280,1038,124,10040,29321,-58643,-18325,0,0,0,431,533,257,465,421,475,560,423,383,300,236,464,0
2,1769098509296,1038,119,10054,29321,-58643,-17104,0,0,0,430,532,256,465,418,475,563,423,384,305,238,464,0
2,1769098509312,1033,119,10059,31764,-58643,-17104,0,0,0,429,534,257,464,419,474,563,423,387,291,235,468,0
2,1769098509328,1033,124,10059,34208,-58643,-17104,0,0,0,426,532,251,468,423,476,560,423,389,291,234,468,0
2,1769098509344,1038,119,10059,35430,-59864,-18325,0,0,0,421,528,239,464,419,471,555,419,385,290,233,472,0
2,1769098509360,1038,114,10059,35430,-59864,-18325,0,0,0,426,532,248,464,418,472,543,412,381,290,229,472,0
2,1769098509376,1024,110,10054,36651,-61086,-18325,0,0,0,420,528,243,465,424,475,561,420,386,297,236,476,0
2,1769098509392,1019,110,10040,32986,-59864,-18325,0,0,0,422,533,247,469,427,478,565,422,391,296,237,477,0
2,1769098509408,1024,110,10045,30543,-59864,-17104,0,0,0,420,529,243,467,427,477,565,421,391,293,235,475,0
2,1769098509424,1038,110,10054,30543,-59864,-17104,0,0,0,423,531,247,465,424,474,561,418,387,292,233,475,0
2,1769098509440,1033,110,10054,30543,-59864,-15882,0,0,0,422,529,246,461,421,472,561,417,386,298,236,479,0
2,1769098509456,1019,110,10059,30543,-58643,-15882,0,0,0,421,530,247,466,426,477,563,418,387,292,233,476,0
2,1769098509472,1024,110,10054,29321,-58643,-17104,0,0,0,423,533,250,464,424,477,565,416,387,293,233,476,0
2,1769098509488,1033,105,10054,29321,-58643,-17104,0,0,0,427,535,253,459,423,476,563,413,387,293,233,476,0
2,1769098509504,1038,105,10064,31764,-59864,-18325,0,0,0,430,537,257,458,424,476,562,413,388,295,232,474,0
2,1769098509520,1033,100,10064,32986,-61086,-19547,0,0,0,433,540,260,461,423,476,562,411,389,296,232,474,0
2,1769098509536,1033,100,10050,34208,-61086,-18325,0,0,0,434,540,261,463,424,478,560,410,390,291,230,473,0
2,1769098509552,1033,100,10045,31764,-59864,-18325,0,0,0,432,539,261,463,426,477,561,413,391,292,233,472,0
2,1769098509568,1028,95,10045,30543,-59864,-18325,0,0,0,433,539,261,460,425,475,557,407,388,311,250,471,0
2,1769098509584,1024,86,10050,30543,-59864,-17104,0,0,0,424,534,253,463,427,477,555,406,386,366,254,469,0
2,1769098509600,1024,86,10054,29321,-59864,-17104,0,0,0,434,542,264,464,428,480,554,406,386,292,234,476,0
2,1769098509616,1024,95,10050,28099,-59864,-17104,0,0,0,429,539,259,458,421,475,556,408,391,288,228,474,0
2,1769098509632,1024,90,10045,25656,-58643,-17104,0,0,0,426,538,257,458,422,475,557,410,390,288,230,474,0
2,1769098509648,1019,90,10045,24434,-58643,-15882,0,0,0,426,539,257,459,423,477,559,414,393,289,231,474,0
2,1769098509664,1024,90,10054,23212,-57421,-15882,0,0,0,429,539,257,463,427,480,557,413,393,291,232,477,0
2,1769098509680,1024,90,10054,23212,-57421,-15882,0,0,0,437,539,259,464,428,481,554,411,390,289,228,477,0
2,1769098509696,1019,95,10059,24434,-58643,-15882,0,0,0,441,539,258,463,427,479,551,409,390,286,226,474,0
2,1769098509712,1019,90,10059,25656,-58643,-15882,0,0,0,439,537,258,464,428,479,549,409,387,289,229,475,0
2,1769098509728,1009,81,10054,24434,-58643,-17104,0,0,0,433,535,257,465,429,481,548,409,387,294,232,477,0
2,1769098509744,1014,81,10054,23212,-58643,-17104,0,0,0,429,534,254,463,426,478,550,408,388,294,232,477,0
2,1769098509760,1024,81,10050,21991,-58643,-15882,0,0,0,430,536,254,461,424,474,549,408,387,293,231,476,0
2,1769098509776,1019,86,10045,20769,-57421,-14660,0,0,0,433,538,259,464,424,477,548,409,389,293,232,476,0
2,1769098509792,1014,81,10050,20769,-57421,-14660,0,0,0,434,540,262,465,426,479,546,413,391,292,234,476,0
2,1769098509808,1014,76,10054,20769,-57421,-14660,0,0,0,431,538,257,466,426,478,524,403,385,288,230,472,0
2,1769098509824,1014,81,10064,20769,-57421,-15882,0,0,0,432,539,258,466,427,478,551,417,392,294,233,476,0
2,1769098509840,1009,86,10064,20769,-57421,-14660,0,0,0,431,537,256,461,425,476,550,414,390,294,233,476,0
2,1769098509856,1009,90,10059,18325,-57421,-14660,0,0,0,430,536,256,464,425,478,550,414,389,293,233,475,0
2,1769098509872,1014,81,10054,17104,-56199,-14660,0,0,0,431,536,256,462,424,476,550,412,389,300,233,476,0
2,1769098509888,1019,76,10054,17104,-56199,-14660,0,0,0,429,534,257,466,429,481,549,411,389,295,231,476,0
2,1769098509904,1024,81,10054,17104,-56199,-15882,0,0,0,430,536,257,466,429,481,549,411,387,292,230,474,0
2,1769098509920,1028,90,10050,18325,-56199,-15882,0,0,0,429,535,256,462,425,478,550,413,388,293,233,475,0
2,1769098509936,1019,90,10050,17104,-56199,-15882,0,0,0,430,536,257,461,424,477,551,414,391,295,236,477,0
2,1769098509952,1014,90,10054,14660,-54977,-14660,0,0,0,433,538,259,464,427,479,551,413,390,295,233,478,0
2,1769098509968,1019,90,10059,14660,-54977,-14660,0,0,0,434,539,259,464,427,479,552,416,390,293,231,477,0
2,1769098509984,1024,90,10059,14660,-54977,-14660,0,0,0,435,540,259,462,426,477,553,417,391,293,233,477,0
2,1769098510000,1014,100,10054,14660,-54977,-14660,0,0,0,433,539,258,465,427,480,552,415,390,293,233,477,0
2,1769098510016,1009,100,10054,14660,-54977,-14660,0,0,0,433,539,261,468,430,482,550,413,389,297,236,479,0
2,1769098510032,1014,95,10064,14660,-54977,-14660,0,0,0,437,542,265,467,427,481,551,415,390,296,236,478,0
2,1769098510048,1014,86,10059,14660,-54977,-14660,0,0,0,431,536,258,465,426,482,554,418,394,295,236,476,0
2,1769098510064,1014,86,10054,14660,-53756,-14660,0,0,0,434,540,261,461,424,479,549,416,390,298,237,480,0
2,1769098510080,1014,90,10050,13439,-53756,-15882,0,0,0,436,542,261,462,424,480,552,417,392,292,232,474,0
2,1769098510096,1033,100,10059,13439,-53756,-13439,0,0,0,433,539,260,466,443,478,555,421,395,298,238,482,0
2,1769098510112,1038,105,10074,17104,-56199,-13439,0,0,0,432,537,260,464,432,481,553,419,393,296,236,479,0
2,1769098510128,1033,95,10074,20769,-57421,-13439,0,0,0,431,537,260,461,426,479,553,419,393,294,237,478,0
2,1769098510144,1019,81,10054,21991,-57421,-13439,0,0,0,431,537,260,463,426,479,554,422,394,294,237,479,0
2,1769098510160,1019,81,10040,19547,-57421,-14660,0,0,0,433,538,262,461,460,463,553,420,392,295,237,478,0
2,1769098510176,1019,90,10040,15882,-56199,-13439,0,0,0,432,538,262,459,459,461,550,417,388,294,235,477,0
2,1769098510192,1019,100,10050,14660,-57421,-13439,0,0,0,431,538,262,460,425,475,551,419,388,294,233,475,0
2,1769098510208,1014,100,10059,15882,-57421,-13439,0,0,0,433,540,264,459,424,473,554,423,392,294,234,473,0
2,1769098510224,1009,100,10045,12217,-57421,-13439,0,0,0,431,537,260,461,427,476,552,422,391,291,237,470,0
2,1769098510240,1009,100,10035,7330,-56199,-12217,0,0,0,434,542,265,461,427,476,549,421,388,292,238,469,0
2,1769098510256,1005,100,10040,1221,-54977,-8552,0,0,0,435,543,267,466,431,481,549,421,384,298,241,472,0
2,1769098510272,1005,100,10045,0,-54977,-7330,0,0,0,432,540,267,463,424,476,556,430,390,297,244,470,0
2,1769098510288,1005,100,10040,-7330,-54977,-7330,0,0,0,432,536,267,458,422,474,550,427,382,292,239,463,0
2,1769098510304,1005,100,10016,-20769,-51312,-4886,0,0,0,425,532,262,459,424,474,550,428,375,292,237,455,0
2,1769098510320,1005,110,10016,-40317,-48869,-1221,0,0,0,425,533,261,457,420,465,544,429,369,289,233,450,0
2,1769098510336,1028,138,10040,-53756,-47647,0,0,0,0,425,534,264,452,415,457,543,434,368,290,238,447,0
2,1769098510352,1024,153,10064,-53756,-47647,0,0,0,0,424,532,264,452,415,456,546,437,366,287,238,439,0
2,1769098510368,1024,167,10083,-48869,-47647,0,0,0,0,420,530,263,450,415,456,535,436,366,283,237,432,0
2,1769098510384,1043,177,10098,-39095,-47647,0,0,0,0,414,526,259,445,413,455,530,438,362,283,239,426,0
2,1769098510400,1057,196,10112,-25656,-50090,0,0,0,0,416,525,255,444,413,452,537,442,350,287,245,419,0
2,1769098510416,1067,210,10131,-6108,-54977,-4886,0,0,0,419,524,254,444,412,446,531,444,342,287,250,411,0
2,1769098510432,1072,220,10141,20769,-64751,-13439,0,0,0,401,518,255,435,409,437,524,444,339,308,261,402,0
2,1769098510448,1057,234,10136,58643,-76969,-21991,0,0,0,392,514,249,431,406,430,519,448,339,385,301,384,0
2,1769098510464,1009,210,10074,89186,-89186,-26878,0,0,0,390,511,250,435,409,438,520,452,342,283,255,404,0
2,1769098510480,981,148,9992,94073,-90408,-25656,0,0,0,377,505,240,425,404,428,517,452,339,278,256,391,0
2,1769098510496,981,95,9959,68416,-79412,-23212,0,0,0,373,500,232,427,405,428,520,457,340,279,258,383,0
2,1769098510512,1005,114,10035,48869,-65973,-23212,0,0,0,363,499,230,433,406,429,521,454,335,284,262,377,0
2,1769098510528,1009,172,10107,58643,-65973,-24434,0,0,0,365,501,230,432,404,426,528,461,336,287,259,377,0
2,1769098510544,985,191,10026,76969,-81855,-25656,0,0,0,370,505,233,432,403,425,531,458,340,288,258,379,0
2,1769098510560,957,114,9853,37873,-92851,-17104,0,0,0,373,506,236,432,404,428,532,454,341,290,261,382,0
2,1769098510576,961,52,9897,-20769,-87964,-13439,0,0,0,376,508,240,432,408,432,532,457,342,287,261,385,0
2,1769098510592,1019,162,10193,-2443,-85521,-19547,0,0,0,389,516,249,437,414,439,537,459,346,284,257,394,0
2,1769098510608,1048,301,10332,119729,-122173,-36651,0,0,0,406,524,255,444,420,446,541,457,350,289,256,411,0
2,1769098510624,981,153,9997,194255,-185703,-51312,0,0,0,418,528,256,450,425,449,542,455,353,298,259,429,0
2,1769098510640,894,-28,9810,150272,-217468,-53756,0,0,0,434,540,259,457,438,456,552,455,364,297,259,449,0
2,1769098510656,918,67,10160,103847,-212581,-51312,0,0,0,456,557,268,466,463,463,556,456,366,302,263,480,0
2,1769098510672,1057,229,10504,228463,-287106,-70860,0,0,0,487,562,297,476,466,473,559,456,371,303,249,499,0
2,1769098510688,942,110,10279,370184,-419053,-101403,0,0,0,490,568,281,470,460,468,552,462,387,308,254,513,0
2,1769098510704,435,-229,9322,324980,-444709,-95294,0,0,0,509,576,332,491,472,493,561,460,400,310,259,520,0
2,1769098510720,306,-311,9131,63529,-270002,-34208,0,0,0,517,584,370,491,493,501,585,462,382,320,268,549,0
2,1769098510736,626,-95,10078,-94073,-135612,2443,0,0,0,530,601,374,490,482,512,592,462,390,317,257,565,0
2,1769098510752,947,167,11184,17104,-125838,-19547,0,0,0,535,602,352,498,484,511,578,463,390,317,250,572,0
2,1769098510768,961,153,11347,287106,-162490,-75747,0,0,0,538,603,311,503,498,504,558,445,387,362,262,573,0
2,1769098510784,823,-28,11222,513126,-196698,-114842,0,0,0,533,600,270,512,524,487,537,432,388,345,247,584,0
2,1769098510800,655,-14,12189,761138,-206472,-105068,0,0,0,534,600,250,507,525,491,487,389,388,318,230,590,0
2,1769098510816,339,253,14457,1248608,-106290,-68416,0,0,0,540,596,242,484,504,491,411,327,379,319,231,587,0
2,1769098510832,445,713,17870,2208888,197920,0,0,0,0,535,576,232,462,486,472,339,262,366,306,221,575,0
2,1769098510848,1349,1143,20732,3481931,415388,-2443,0,0,0,501,549,223,452,469,461,301,193,366,270,186,527,0
2,1769098510864,2493,1445,22316,4885700,361632,-191811,0,0,0,428,527,209,434,440,446,311,168,363,249,166,439,0
2,1769098510880,2943,579,23594,5671272,174707,-448375,0,0,0,331,470,190,395,387,407,330,176,330,216,149,358,0
2,1769098510896,5154,-2981,21603,5181358,430049,-643851,0,0,0,253,466,190,372,382,402,343,195,332,188,147,296,0
2,1769098510912,6934,-9868,11715,3182607,1069014,-1158200,0,0,0,268,467,194,381,381,405,347,203,333,192,147,290,0
2,1769098510928,3632,-13409,1584,543670,974940,-1881464,0,0,0,252,458,198,369,373,400,347,210,333,176,141,272,0
2,1769098510944,110,-12998,-287,-775798,458148,-1461189,0,0,0,249,454,192,370,375,397,347,225,326,176,145,263,0
2,1769098510960,-617,-6709,1474,45204,171042,266337,0,0,0,242,452,188,367,369,390,345,225,322,174,146,252,0
2,1769098510976,-1000,890,1167,480140,96516,1488067,0,0,0,243,448,186,364,360,381,346,229,321,171,141,236,0
2,1769098510992,-1387,6977,-564,-96516,101403,1645670,0,0,0,241,448,182,361,361,377,343,245,310,164,140,225,0
2,1769098511008,-1943,9107,-923,-1213178,163711,1001818,0,0,0,241,445,183,356,364,375,335,266,294,159,143,217,0
2,1769098511024,-2579,8078,258,-2597398,56199,184481,0,0,0,241,440,182,348,363,367,327,281,281,153,145,209,0
2,1769098511040,-2340,5096,871,-3577226,-226020,-335975,0,0,0,240,441,182,342,363,360,320,293,270,152,151,202,0
2,1769098511056,-1646,1296,622,-3792251,-414166,-634078,0,0,0,239,446,182,341,363,360,317,297,264,160,162,202,0
2,1769098511072,-2139,-2641,469,-3354871,-375071,-883311,0,0,0,236,448,180,344,369,363,315,295,265,172,177,208,0
2,1769098511088,-3369,-7365,789,-2310292,-357967,-1061683,0,0,0,230,449,181,347,381,368,307,294,267,185,199,212,0
2,1769098511104,-3689,-11409,1426,-515570,-576656,-1273043,0,0,0,230,455,181,344,371,365,302,287,270,198,215,212,0
2,1769098511120,-3034,-8949,2325,1031140,-812450,-1271821,0,0,0,232,457,181,351,378,371,305,288,270,209,228,217,0
2,1769098511136,-2546,-4407,2943,1463633,-869872,-608421,0,0,0,238,457,185,354,382,375,316,296,277,192,204,219,0
2,1769098511152,-1325,-4082,2187,973719,-725707,750142,0,0,0,240,456,186,355,382,378,322,298,284,197,202,226,0
2,1769098511168,1000,-6992,440,1347568,-537561,1966986,0,0,0,402,520,199,426,441,439,321,265,319,251,187,457,0
2,1769098511184,3531,-2909,1545,1904677,-202807,2357939,0,0,0,468,549,201,459,465,456,394,309,337,274,194,515,0
2,1769098511200,4158,3082,17798,-1210734,559552,1584584,0,0,0,464,572,315,458,461,455,540,409,363,335,294,458,0
2,1769098511216,5144,5269,35180,-7590611,586430,831998,0,0,0,462,587,410,464,458,459,614,471,369,502,480,413,0
2,1769098511232,5029,6704,43144,-8630304,-140499,480140,0,0,0,477,600,409,462,457,468,585,469,372,563,553,437,0
2,1769098511248,3723,6944,32600,-3850894,-601091,197920,0,0,0,492,609,376,468,467,484,566,453,378,539,519,484,0
2,1769098511264,1689,2392,13405,1187522,-299323,-215024,0,0,0,496,610,367,475,476,496,571,461,388,511,486,510,0
2,1769098511280,57,-1368,5881,1521054,-194255,-301767,0,0,0,501,613,376,474,480,499,567,467,395,504,487,515,0
2,1769098511296,-215,-1454,7279,197920,-204028,-152716,0,0,0,512,621,398,474,482,501,568,465,397,533,515,511,0
2,1769098511312,617,603,11442,-525344,-155159,21991,0,0,0,515,623,415,472,479,501,568,468,397,541,525,510,0
2,1769098511328,1081,732,11323,-64751,-91629,6108,0,0,0,509,618,409,469,479,500,569,473,398,530,513,505,0
2,1769098511344,732,110,10069,139277,-81855,-46425,0,0,0,503,617,397,474,480,502,567,480,400,479,469,485,0
2,1769098511360,607,95,10088,75747,-46425,-46425,0,0,0,500,624,361,470,479,493,557,477,389,470,468,481,0
2,1769098511376,626,114,10031,45204,-20769,-35430,0,0,0,499,613,353,460,469,475,550,461,385,463,454,477,0
2,1769098511392,545,47,9767,-4886,17104,-17104,0,0,0,482,598,309,464,473,472,557,473,387,318,312,481,0
2,1769098511408,583,71,9839,-76969,80634,4886,0,0,0,470,583,296,463,469,468,550,471,375,308,306,474,0
2,1769098511424,732,153,10088,-92851,123394,13439,0,0,0,448,566,273,465,459,465,543,468,360,295,286,459,0
2,1769098511440,794,172,10126,-74525,138055,13439,0,0,0,427,550,252,456,445,455,537,463,349,294,272,448,0
2,1769098511456,832,181,10083,-62308,139277,12217,0,0,0,417,541,256,441,425,439,517,448,353,386,375,425,0
2,1769098511472,899,229,10102,-43982,131946,9773,0,0,0,402,535,265,437,419,443,513,447,354,360,348,415,0
2,1769098511488,976,272,10160,-4886,103847,4886,0,0,0,388,533,252,437,420,441,517,453,341,280,262,412,0
2,1769098511504,981,272,10131,40317,63529,0,0,0,0,381,529,246,432,414,434,508,449,332,273,256,399,0
2,1769098511520,961,248,10035,67195,26878,0,0,0,0,379,525,249,429,411,437,507,449,333,273,255,393,0
2,1769098511536,938,196,9911,50090,4886,1221,0,0,0,383,525,233,431,411,428,503,450,332,272,257,393,0
2,1769098511552,918,191,9810,-9773,-1221,4886,0,0,0,387,523,225,433,414,420,482,442,330,269,257,386,0
2,1769098511568,971,234,9892,-56199,-10995,8552,0,0,0,390,529,230,431,416,422,517,465,332,272,264,396,0
2,1769098511584,1009,287,10040,-50090,-34208,3665,0,0,0,388,527,230,442,421,437,520,465,332,271,262,399,0
2,1769098511600,1000,287,10083,-26878,-56199,0,0,0,0,397,533,242,445,424,445,530,475,344,270,262,400,0
2,1769098511616,990,291,10059,-7330,-69638,-1221,0,0,0,410,539,246,444,423,439,551,472,352,279,264,414,0
2,1769098511632,990,335,10002,8552,-85521,-1221,0,0,0,426,545,268,448,429,444,541,468,348,281,262,420,0
2,1769098511648,957,296,9944,12217,-109955,-1221,0,0,0,444,553,286,449,432,450,542,469,353,287,270,432,0
2,1769098511664,894,220,9978,-8552,-122173,0,0,0,0,450,557,286,451,433,456,545,468,352,290,270,438,0
2,1769098511680,918,248,10122,-29321,-103847,2443,0,0,0,462,562,293,454,435,458,551,469,352,296,271,450,0
2,1769098511696,1000,325,10256,0,-84299,-4886,0,0,0,467,566,298,457,438,460,551,467,355,296,271,452,0
2,1769098511712,1024,358,10289,58643,-69638,-20769,0,0,0,466,568,295,461,441,465,552,466,363,298,273,454,0
2,1769098511728,981,325,10227,119729,-58643,-36651,0,0,0,468,568,294,461,443,468,552,468,368,299,271,460,0
2,1769098511744,961,282,10203,155159,-52534,-42760,0,0,0,472,571,293,459,445,470,543,457,369,294,257,462,0
2,1769098511760,995,253,10279,194255,-56199,-51312,0,0,0,469,572,279,466,454,474,523,423,377,295,239,471,0
2,1769098511776,1110,268,10509,284663,-90408,-68416,0,0,0,459,569,262,472,459,472,473,391,373,295,231,478,0
2,1769098511792,1292,263,10892,474031,-172263,-106290,0,0,0,457,570,236,471,465,463,476,366,368,355,296,482,0
2,1769098511808,1612,229,11753,792903,-335975,-167377,0,0,0,469,561,228,464,472,462,449,358,371,286,218,490,0
2,1769098511824,1818,287,13529,1295034,-560774,-255341,0,0,0,474,544,215,464,491,454,410,328,347,284,208,497,0
2,1769098511840,1579,464,15300,1892460,-594982,-326202,0,0,0,470,529,212,443,465,450,367,320,336,270,205,485,0
2,1769098511856,1670,430,16161,2511877,-537561,-375071,0,0,0,453,524,212,444,454,437,358,303,324,267,195,459,0
2,1769098511872,2206,157,16329,3060434,-507018,-437379,0,0,0,396,511,195,434,441,418,348,307,309,259,192,421,0
2,1769098511888,3149,-119,16247,3457497,-575435,-561996,0,0,0,342,495,186,409,417,393,334,312,282,248,191,385,0
2,1769098511904,4312,-425,15429,3582113,-624304,-775798,0,0,0,291,473,176,383,401,375,340,334,275,225,193,316,0
2,1769098511920,5250,-497,13452,3378084,-621860,-1071457,0,0,0,250,449,172,361,382,361,341,357,268,196,198,249,0
2,1769098511936,5503,3254,10782,2733011,-558330,-1459967,0,0,0,236,440,175,348,372,351,337,369,261,180,200,217,0
2,1769098511952,6245,10887,8518,1644449,-433714,-1800830,0,0,0,241,441,177,346,373,348,335,368,257,177,199,210,0
2,1769098511968,6264,16549,6939,251676,-219911,-1996307,0,0,0,244,438,178,343,371,348,332,365,251,174,198,204,0
2,1769098511984,5403,16630,5886,-939510,-51312,-1756848,0,0,0,244,439,180,339,369,348,330,365,245,172,197,201,0
2,1769098512000,5790,14649,4862,-1378111,207694,-1169196,0,0,0,248,446,186,341,370,342,333,364,242,173,198,196,0
2,1769098512016,5934,13893,4900,-1645670,678060,-607200,0,0,0,257,456,195,337,365,338,329,360,238,169,191,191,0
2,1769098512032,4895,13620,6231,-2020742,1133765,-157603,0,0,0,259,451,194,339,367,336,336,360,239,173,195,191,0
2,1769098512048,3594,12299,7762,-2474004,1326799,188146,0,0,0,260,451,192,341,367,337,337,359,239,175,190,192,0
2,1769098512064,2450,10610,9265,-2869844,1412320,482583,0,0,0,250,451,187,339,367,339,335,363,240,175,196,194,0
2,1769098512080,1545,9026,10710,-3158173,1417207,701273,0,0,0,242,447,183,337,370,340,329,368,243,169,198,192,0
2,1769098512096,703,7327,12376,-3386636,1376890,890641,0,0,0,241,445,182,343,377,344,332,367,246,171,196,192,0
2,1769098512112,-57,5728,13993,-3554013,1308473,1056796,0,0,0,240,444,179,343,372,343,334,364,247,185,226,195,0
2,1769098512128,-464,3938,15472,-3699399,1171639,1246165,0,0,0,241,445,181,340,373,342,330,367,246,177,215,195,0
2,1769098512144,33,1091,16266,-3813020,963945,1486845,0,0,0,242,444,181,341,375,343,332,371,248,171,201,196,0
2,1769098512160,818,-1914,16099,-3748269,828333,1633453,0,0,0,242,444,179,344,378,344,333,370,249,174,202,197,0
2,1769098512176,1564,-4819,15501,-3461162,734260,1615127,0,0,0,242,448,179,346,383,347,333,368,249,173,202,196,0
2,1769098512192,2335,-8054,14706,-3039665,632856,1453859,0,0,0,243,450,183,344,383,346,335,369,250,172,200,196,0
2,1769098512208,2689,-11237,13754,-2563190,593761,1221730,0,0,0,243,450,183,343,378,344,335,368,250,171,195,196,0
2,1769098512224,2517,-14697,12711,-1905899,598647,999375,0,0,0,241,451,183,343,377,344,334,364,253,170,194,195,0
2,1769098512240,1837,-16932,11921,-1045801,585208,779464,0,0,0,241,450,182,343,376,345,313,351,257,167,197,193,0
2,1769098512256,1287,-17630,11438,-224798,520457,524122,0,0,0,241,454,185,343,376,345,336,367,250,170,200,197,0
2,1769098512272,397,-17525,11663,412944,386066,244346,0,0,0,238,426,179,339,351,335,354,421,239,186,230,194,0
2,1769098512288,-5312,-21435,15300,1458746,-401949,373849,0,0,0,236,410,165,339,348,327,375,461,231,236,305,175,0
2,1769098512304,-7250,-16228,16649,3343876,-1696983,1042136,0,0,0,239,412,159,347,355,334,408,464,238,219,308,176,0
2,1769098512320,-3417,-301,15386,4238183,-1589471,1508837,0,0,0,237,410,165,344,344,341,402,497,237,318,431,171,0
2,1769098512336,-2881,3780,15309,3650530,-533896,839328,0,0,0,241,421,175,354,353,355,449,501,251,278,408,188,0
2,1769098512352,-1287,1340,15424,2897944,-175929,-193033,0,0,0,246,436,186,361,369,367,501,510,270,260,397,207,0
2,1769098512368,2167,-1095,14300,2178345,-469144,-540004,0,0,0,252,442,199,367,365,369,527,546,277,375,486,230,0
2,1769098512384,2167,-291,12596,1469741,-511905,-57421,0,0,0,268,458,215,376,366,374,542,563,278,473,560,252,0
2,1769098512400,713,148,11337,616973,-388510,222354,0,0,0,295,479,231,393,378,388,554,557,282,495,580,277,0
2,1769098512416,526,119,10815,158824,-305432,90408,0,0,0,321,488,252,409,382,401,562,559,288,511,589,311,0
2,1769098512432,789,459,10299,-54977,-243124,-20769,0,0,0,342,496,276,408,380,406,570,564,295,528,590,333,0
2,1769098512448,947,780,10150,23212,-183259,-14660,0,0,0,363,508,268,413,389,405,577,572,299,532,593,327,0
2,1769098512464,894,760,10145,103847,-133168,3665,0,0,0,390,519,283,415,392,414,582,573,300,534,590,346,0
2,1769098512480,856,674,10136,130725,-116064,0,0,0,0,400,523,305,423,393,418,585,569,300,517,563,351,0
2,1769098512496,832,650,10136,131946,-101403,-6108,0,0,0,405,530,296,440,409,433,600,580,305,370,427,367,0
2,1769098512512,818,665,10131,142942,-65973,-8552,0,0,0,411,528,302,440,411,438,597,571,319,336,394,381,0
2,1769098512528,823,670,10131,167377,-25656,-9773,0,0,0,421,533,315,437,407,434,593,556,339,341,385,389,0
2,1769098512544,856,660,10136,202807,1221,-19547,0,0,0,425,535,323,436,409,433,591,540,336,326,352,398,0
2,1769098512560,885,622,10141,252898,19547,-31764,0,0,0,426,536,314,440,416,436,580,530,342,419,422,395,0
2,1769098512576,914,583,10136,295658,30543,-43982,0,0,0,428,542,301,445,431,439,580,520,350,386,379,409,0
2,1769098512592,952,526,10131,313984,28099,-52534,0,0,0,430,553,298,447,437,445,586,498,349,309,285,434,0
2,1769098512608,957,459,10126,328645,20769,-64751,0,0,0,431,559,294,446,435,450,586,471,353,296,254,451,0
2,1769098512624,938,411,10117,337197,7330,-74525,0,0,0,433,563,288,446,438,453,579,448,360,295,245,460,0
2,1769098512640,933,358,10102,340862,-17104,-78190,0,0,0,442,574,294,451,445,458,566,424,359,301,240,467,0
2,1769098512656,938,311,10102,348193,-48869,-79412,0,0,0,453,572,295,459,456,462,554,412,360,290,225,478,0
2,1769098512672,942,263,10131,366519,-70860,-80634,0,0,0,458,565,286,468,468,468,542,401,357,295,221,486,0
2,1769098512688,938,205,10169,398284,-97738,-80634,0,0,0,468,577,294,470,477,474,551,385,367,296,221,502,0
2,1769098512704,914,114,10126,422718,-114842,-75747,0,0,0,473,582,295,463,466,469,530,374,361,296,218,519,0
2,1769098512720,938,28,10098,443488,-116064,-75747,0,0,0,481,591,291,482,478,493,522,372,372,294,217,531,0
2,1769098512736,985,-9,10198,472809,-118507,-89186,0,0,0,490,593,280,483,484,491,519,376,376,300,218,538,0
2,1769098512752,1100,-47,10399,544891,-138055,-113620,0,0,0,497,601,273,486,495,495,524,379,385,296,214,545,0
2,1769098512768,1215,-114,10605,646295,-136833,-160046,0,0,0,497,603,257,492,500,492,523,375,404,297,214,555,0
2,1769098512784,1148,-143,10859,768468,-111177,-222354,0,0,0,494,607,241,508,518,510,518,375,407,300,223,567,0
2,1769098512800,918,-181,11323,956614,-78190,-255341,0,0,0,503,605,231,520,524,520,483,378,412,302,222,589,0
2,1769098512816,751,-253,11988,1230282,-39095,-250454,0,0,0,511,598,223,530,527,535,461,372,425,307,220,610,0
2,1769098512832,464,-263,12677,1604132,8552,-199142,0,0,0,515,598,220,537,541,554,459,364,433,309,221,618,0
2,1769098512848,205,-306,13299,2096489,69638,-87964,0,0,0,529,604,220,535,549,546,434,361,438,305,219,624,0
2,1769098512864,574,-454,13864,2572964,123394,6108,0,0,0,542,604,219,530,542,530,405,354,438,321,240,636,0
2,1769098512880,1617,-650,14649,3160616,96516,-17104,0,0,0,539,591,220,520,544,529,369,341,414,346,272,640,0
2,1769098512896,2584,-784,15577,3777590,-14660,-171042,0,0,0,540,588,228,522,549,554,340,323,420,297,217,623,0
2,1769098512912,3000,-899,17439,4462981,-151494,-390953,0,0,0,534,584,226,509,541,535,307,299,424,284,212,600,0
2,1769098512928,3814,-1215,20148,5324301,-317649,-630412,0,0,0,522,576,218,504,533,523,285,245,412,275,202,542,0
2,1769098512944,4580,-1966,24139,6301685,-474031,-880867,0,0,0,484,559,205,487,522,511,275,202,386,266,187,479,0
2,1769098512960,5010,-2440,27829,7184996,-469144,-1070235,0,0,0,448,532,192,467,493,488,272,179,368,257,180,451,0
2,1769098512976,5163,-1943,29810,7909483,-326202,-1264491,0,0,0,392,499,178,430,461,434,277,194,324,245,178,424,0
2,1769098512992,4929,378,31734,8437270,-141720,-1496619,0,0,0,313,460,185,387,418,393,298,228,295,212,168,340,0
2,1769098513008,7441,5451,31193,8483696,-223576,-1784948,0,0,0,252,436,172,359,390,363,317,264,294,175,156,248,0
2,1769098513024,10275,14505,23469,7876496,-328645,-2247984,0,0,0,238,435,161,348,384,349,312,282,283,156,151,209,0
2,1769098513040,9686,23436,13338,5845980,-326202,-2305405,0,0,0,242,436,164,343,376,345,306,282,264,152,149,203,0
2,1769098513056,7016,29605,9236,1142317,-271224,-1403768,0,0,0,240,430,159,339,362,338,311,280,255,152,147,195,0
2,1769098513072,4627,23340,12218,-3506366,-485026,37873,0,0,0,236,427,159,335,360,329,307,286,249,148,145,183,0
2,1769098513088,6044,12859,10222,-4951673,-808785,608421,0,0,0,231,426,162,332,359,329,303,294,246,147,150,183,0
2,1769098513104,7891,7887,6642,-5042081,-460592,285884,0,0,0,227,424,161,332,358,329,298,299,241,155,165,187,0
2,1769098513120,6350,8121,7336,-5545434,511905,-348193,0,0,0,233,431,163,325,352,317,295,307,238,158,175,180,0
2,1769098513136,3254,7843,10289,-6429967,1175304,-663399,0,0,0,223,425,153,329,361,321,293,314,235,172,223,179,0
2,1769098513152,1158,5876,12596,-6998072,1275486,-576656,0,0,0,218,423,153,329,362,322,288,315,229,169,234,175,0
2,1769098513168,1143,3685,13031,-6856351,1326799,-331088,0,0,0,224,421,159,330,366,327,295,338,239,158,194,182,0
2,1769098513184,971,2383,14051,-6561914,1576032,-91629,0,0,0,221,419,156,327,365,323,298,343,238,153,181,180,0
2,1769098513200,378,2459,16386,-6426302,1803274,163711,0,0,0,221,422,157,328,367,325,300,348,238,151,181,178,0
2,1769098513216,105,2914,18612,-6537479,1894903,425162,0,0,0,222,424,159,330,366,326,303,352,240,153,183,180,0
2,1769098513232,105,3010,20689,-6783047,1942551,737925,0,0,0,224,423,159,329,363,325,302,352,239,152,183,180,0
2,1769098513248,516,2469,22928,-6886894,1986533,1122770,0,0,0,224,422,160,329,362,327,302,349,240,152,182,179,0
2,1769098513264,1119,1684,25934,-6891781,2024407,1578475,0,0,0,226,423,163,331,361,329,303,345,242,156,181,181,0
2,1769098513280,1789,-741,29193,-6913772,1963320,2145358,0,0,0,231,424,166,331,360,327,306,343,241,153,175,178,0
2,1769098513296,2866,-5900,31662,-6903998,1861917,2581516,0,0,0,229,422,164,335,360,328,317,344,247,156,175,179,0
2,1769098513312,3163,-15175,32773,-6615670,1738522,2613281,0,0,0,231,424,162,341,366,330,322,343,252,162,176,178,0
2,1769098513328,3192,-26154,29327,-5747020,1275486,2052507,0,0,0,228,423,159,329,376,326,328,348,256,168,180,184,0
2,1769098513344,3402,-36142,21593,-4329812,884532,1071457,0,0,0,231,424,162,347,359,338,328,349,260,168,180,187,0
2,1769098513360,-1349,-40617,14993,-2613281,962723,-201585,0,0,0,232,428,166,346,361,337,329,351,264,168,182,189,0
2,1769098513376,-7255,-42009,13060,-1170417,730594,-1119105,0,0,0,231,423,163,349,361,338,324,348,260,166,173,185,0
2,1769098513392,-9126,-41138,14505,145385,-32986,-1459967,0,0,0,229,379,153,332,323,329,391,438,246,198,268,180,0
2,1769098513408,-8633,-31409,21421,2288301,-1751961,-1071457,0,0,0,231,346,157,318,297,328,428,463,251,222,354,182,0
2,1769098513424,-4115,-9873,22187,4856378,-3864333,-164933,0,0,0,232,346,157,323,298,338,446,487,250,276,424,176,0
2,1769098513440,1186,6781,19138,6753726,-3655417,963945,0,0,0,237,357,161,335,302,352,475,500,260,293,438,191,0
2,1769098513456,-2368,1536,22861,5834984,-1143539,978606,0,0,0,246,371,163,348,307,356,492,524,261,346,472,194,0
2,1769098513472,-3201,-2230,22679,4080579,23212,202807,0,0,0,255,395,176,362,322,369,519,552,265,377,496,201,0
2,1769098513488,957,-531,15601,2547308,-282219,-317649,0,0,0,269,426,217,378,344,398,568,569,299,345,477,240,0
2,1769098513504,2129,890,11055,1705535,-536339,18325,0,0,0,287,457,250,396,365,412,589,593,324,368,490,282,0
2,1769098513520,957,23,10892,769690,-507018,229685,0,0,0,306,474,254,404,379,412,595,613,307,388,497,321,0
2,1769098513536,330,-71,11165,201585,-340862,100181,0,0,0,323,495,297,411,388,429,594,619,314,449,533,328,0
2,1769098513552,536,670,10433,-7330,-191811,-15882,0,0,0,335,498,269,417,397,427,593,625,306,457,552,329,0
2,1769098513568,890,1124,9944,48869,-124616,-17104,0,0,0,350,501,268,424,398,424,598,636,318,461,556,346,0
2,1769098513584,837,995,10117,72082,-87964,2443,0,0,0,360,503,280,419,394,425,592,634,316,485,572,338,0
2,1769098513600,732,909,10232,81855,-53756,-3665,0,0,0,366,506,291,402,441,416,592,620,311,450,521,345,0
2,1769098513616,713,961,10165,125838,-23212,-19547,0,0,0,376,514,301,410,410,424,596,619,319,374,441,363,0
2,1769098513632,737,990,10098,186924,-6108,-24434,0,0,0,380,517,298,416,396,420,589,603,320,363,421,381,0
2,1769098513648,760,933,10093,248011,0,-24434,0,0,0,388,522,291,417,399,417,576,584,316,352,407,381,0
2,1769098513664,760,851,10093,265115,3665,-29321,0,0,0,389,525,282,421,402,424,571,561,315,330,382,380,0
2,1769098513680,765,799,10074,262672,13439,-37873,0,0,0,385,523,273,430,404,434,566,533,315,379,397,381,0
2,1769098513696,799,770,10040,248011,23212,-45204,0,0,0,390,522,271,435,405,437,556,516,320,415,401,387,0
2,1769098513712,837,741,10007,243124,8552,-52534,0,0,0,397,526,270,432,408,431,554,510,329,324,321,405,0
2,1769098513728,871,722,10002,251676,-20769,-59864,0,0,0,400,533,270,431,412,435,553,495,331,295,282,415,0
2,1769098513744,875,684,10021,271224,-63529,-67195,0,0,0,419,541,274,435,420,437,552,476,349,297,276,428,0
2,1769098513760,847,641,10050,295658,-103847,-76969,0,0,0,431,549,283,443,433,440,541,459,348,296,268,437,0
2,1769098513776,799,603,10088,327423,-131946,-85521,0,0,0,436,564,305,447,438,457,539,439,347,294,255,459,0
2,1769098513792,804,531,10150,355523,-147829,-87964,0,0,0,450,577,296,455,451,465,537,429,366,294,247,483,0
2,1769098513808,871,464,10256,397062,-173485,-102625,0,0,0,461,587,293,473,467,477,526,408,362,295,239,499,0
2,1769098513824,947,406,10390,486248,-211359,-135612,0,0,0,485,595,302,485,484,490,515,391,366,290,233,522,0
2,1769098513840,1038,315,10605,619417,-260228,-182037,0,0,0,497,602,298,488,487,503,522,384,381,295,226,540,0
2,1769098513856,1119,205,11002,839328,-338419,-248011,0,0,0,505,610,268,501,510,502,517,378,386,305,220,571,0
2,1769098513872,875,191,11634,1116661,-382401,-296880,0,0,0,518,623,248,512,525,507,498,380,392,313,227,595,0
2,1769098513888,306,282,12505,1441641,-326202,-280998,0,0,0,529,632,236,517,533,513,476,378,393,314,231,606,0
2,1769098513904,-95,330,13486,1897347,-160046,-167377,0,0,0,533,635,225,522,537,519,448,372,396,311,227,614,0
2,1769098513920,215,234,14386,2425134,-62308,-37873,0,0,0,541,637,222,529,538,524,416,370,386,313,225,621,0
2,1769098513936,1153,100,15520,3064100,-105068,3665,0,0,0,556,637,228,523,536,517,385,364,364,319,230,625,0
2,1769098513952,2072,81,16999,3813020,-222354,-119729,0,0,0,560,622,231,490,526,505,339,348,384,314,235,619,0
2,1769098513968,3043,90,18741,4659680,-375071,-353080,0,0,0,551,620,225,483,536,508,299,319,387,283,213,595,0
2,1769098513984,3795,81,21320,5584530,-598647,-653625,0,0,0,536,612,231,486,554,503,267,264,383,265,199,542,0
2,1769098514000,4804,-861,26173,6710965,-878424,-943175,0,0,0,497,580,202,473,531,491,255,221,362,257,187,490,0
2,1769098514016,7389,-1957,30203,7745771,-1075122,-1266934,0,0,0,443,543,193,457,502,462,253,194,336,259,184,470,0
2,1769098514032,7767,-851,31557,8404283,-1004262,-1749518,0,0,0,372,504,181,421,456,419,268,217,298,239,177,426,0
2,1769098514048,7159,1311,33232,8679173,-973719,-2118480,0,0,0,254,455,166,367,396,371,296,262,265,187,164,288,0
2,1769098514064,9451,6929,31840,8337088,-1033583,-2432465,0,0,0,226,443,167,349,373,361,307,288,263,168,163,240,0
2,1769098514080,10007,18774,20454,6873455,-1072679,-2574186,0,0,0,230,439,166,344,372,353,304,294,260,163,162,224,0
2,1769098514096,7796,27863,11184,3984063,-1428202,-1778839,0,0,0,230,432,163,342,374,345,299,297,249,159,163,212,0
2,1769098514112,6819,25307,9901,-144164,-1710422,97738,0,0,0,223,429,160,313,393,328,293,298,242,167,185,202,0
2,1769098514128,8021,17793,8705,-2989574,-1552819,1398881,0,0,0,217,432,157,305,394,321,287,296,237,180,216,193,0
2,1769098514144,9447,10782,5723,-3962071,-773355,1494176,0,0,0,216,433,156,334,372,330,281,299,231,185,228,189,0
2,1769098514160,7164,8801,4891,-4116009,240680,777020,0,0,0,216,432,155,332,373,326,279,305,228,185,229,186,0
2,1769098514176,3991,8298,6618,-4544837,724486,320093,0,0,0,217,432,152,331,373,320,279,313,225,186,235,181,0
2,1769098514192,2479,7250,8959,-5172806,758694,191811,0,0,0,217,431,149,330,372,319,278,317,224,183,240,176,0
2,1769098514208,2904,5719,10217,-5551543,916297,166155,0,0,0,217,429,152,329,370,317,277,320,224,186,243,176,0
2,1769098514224,2680,4704,11572,-5783672,1271821,147829,0,0,0,217,431,152,330,370,316,279,320,230,190,244,178,0
2,1769098514240,1785,4316,13424,-6030461,1561371,245567,0,0,0,217,430,152,331,373,319,280,328,231,190,246,176,0
2,1769098514256,1172,3895,15472,-6338337,1715309,437379,0,0,0,211,431,150,333,369,320,275,328,229,184,245,173,0
2,1769098514272,1052,3287,17535,-6605896,1777617,681725,0,0,0,210,432,149,329,383,316,275,332,225,188,246,176,0
2,1769098514288,1378,2785,19679,-6743952,1819156,926071,0,0,0,212,428,149,331,378,317,280,334,231,186,246,169,0
2,1769098514304,2096,2412,22072,-6878342,1861917,1186300,0,0,0,213,426,148,331,372,318,285,337,236,188,249,169,0
2,1769098514320,3441,1856,25345,-7067710,1931555,1499063,0,0,0,213,425,149,332,370,319,289,343,232,189,249,171,0
2,1769098514336,5135,105,29442,-7261965,2039068,1877799,0,0,0,215,425,151,333,370,324,293,342,231,189,247,172,0
2,1769098514352,6575,-5010,32462,-7337713,2227214,2320066,0,0,0,218,423,153,336,369,329,300,339,235,191,248,175,0
2,1769098514368,4809,-15606,33232,-6945537,2459343,2442239,0,0,0,218,422,152,341,369,334,308,338,239,197,247,177,0
2,1769098514384,2412,-26317,31428,-6219829,2163684,2112371,0,0,0,218,423,149,345,371,335,316,336,241,201,247,177,0
2,1769098514400,1445,-36927,24579,-4878369,1463633,1122770,0,0,0,223,425,153,341,364,330,320,335,237,206,247,177,0
2,1769098514416,-1387,-42029,17185,-2988352,1246165,-492357,0,0,0,228,427,160,341,364,332,314,336,240,199,245,175,0
2,1769098514432,-6767,-44067,14189,-1306029,1017701,-1927890,0,0,0,224,422,156,345,368,335,320,344,240,200,249,174,0
2,1769098514448,-9882,-43364,14711,34208,271224,-2410474,0,0,0,212,390,152,339,349,334,359,448,232,226,311,169,0
2,1769098514464,-11284,-33835,19822,1736079,-1050688,-2089159,0,0,0,218,329,148,323,300,330,420,476,247,258,392,177,0
2,1769098514480,-7992,-7255,23909,3733608,-3811799,-703716,0,0,0,224,332,151,325,302,336,464,480,258,244,410,178,0
2,1769098514496,-574,8499,17946,5508782,-4769635,973719,0,0,0,230,335,153,335,291,347,488,510,261,299,447,177,0
2,1769098514512,-2306,3149,19325,6112317,-2301740,1552819,0,0,0,239,350,163,343,296,353,512,548,259,375,494,178,0
2,1769098514528,-4331,-2459,22866,4763527,-430049,447153,0,0,0,253,378,173,359,315,372,546,563,276,360,489,202,0
2,1769098514544,-229,-1177,18635,3037221,-194255,-339641,0,0,0,264,404,185,380,332,388,575,577,284,349,478,229,0
2,1769098514560,3005,1478,11414,1727526,-538783,-98960,0,0,0,273,434,208,388,351,394,594,597,303,370,482,253,0
2,1769098514576,1536,564,10490,897971,-472809,195476,0,0,0,287,457,233,390,375,400,603,618,328,408,505,280,0
2,1769098514592,402,-23,10993,333532,-321315,172263,0,0,0,298,461,246,384,402,400,599,632,321,500,573,306,0
2,1769098514608,488,540,10667,129503,-207694,34208,0,0,0,302,462,258,371,409,400,591,623,305,596,646,320,0
2,1769098514624,885,1124,10083,86742,-128281,-20769,0,0,0,315,471,275,410,377,422,592,620,302,597,644,323,0
2,1769098514640,971,1148,9978,98960,-89186,-2443,0,0,0,327,480,297,409,377,426,598,616,298,602,640,331,0
2,1769098514656,842,1048,10136,112399,-59864,-4886,0,0,0,338,488,273,412,383,416,600,608,298,608,638,329,0
2,1769098514672,775,1043,10174,152716,-18325,-20769,0,0,0,331,496,269,406,386,412,592,592,298,581,626,340,0
2,1769098514688,813,1072,10098,212581,25656,-28099,0,0,0,337,499,270,417,401,423,594,582,302,511,560,340,0
2,1769098514704,861,1019,10045,255341,45204,-25656,0,0,0,347,500,277,421,398,421,597,575,303,347,406,362,0
2,1769098514720,904,952,10021,285884,42760,-29321,0,0,0,350,502,269,427,401,429,591,564,307,313,363,373,0
2,1769098514736,942,890,10026,307876,23212,-41538,0,0,0,353,506,268,425,403,429,592,556,320,309,344,383,0
2,1769098514752,957,842,10021,307876,3665,-53756,0,0,0,362,509,271,425,405,430,585,536,326,307,331,397,0
2,1769098514768,961,813,10021,299323,-10995,-64751,0,0,0,369,507,269,433,408,442,578,521,333,307,314,408,0
2,1769098514784,976,789,10035,304210,-36651,-70860,0,0,0,379,512,292,440,411,459,571,498,343,303,296,417,0
2,1769098514800,985,741,10050,318871,-64751,-76969,0,0,0,395,526,297,448,424,464,565,469,347,300,281,432,0
2,1769098514816,957,684,10069,342084,-90408,-84299,0,0,0,413,539,287,454,439,466,565,455,350,297,264,447,0
2,1769098514832,894,646,10117,371406,-101403,-90408,0,0,0,427,545,295,458,453,479,567,444,357,286,245,461,0
2,1769098514848,904,598,10227,425162,-103847,-95294,0,0,0,435,554,292,470,475,486,561,419,364,282,232,480,0
2,1769098514864,1019,502,10394,531452,-123394,-111177,0,0,0,450,557,286,474,485,490,548,397,377,290,224,511,0
2,1769098514880,1105,402,10547,665843,-149051,-136833,0,0,0,477,567,283,489,490,496,543,386,394,295,224,540,0
2,1769098514896,1143,272,10815,873537,-172263,-178372,0,0,0,492,575,275,496,497,505,543,380,385,299,224,568,0
2,1769098514912,1191,177,11246,1114218,-149051,-223576,0,0,0,503,580,244,513,513,521,543,384,399,305,224,578,0
2,1769098514928,1028,191,11988,1369559,-74525,-273667,0,0,0,500,583,222,522,515,528,527,383,393,305,219,599,0
2,1769098514944,789,172,12778,1659109,-7330,-282219,0,0,0,504,584,214,528,529,530,497,376,412,330,268,611,0
2,1769098514960,459,143,13491,2086715,34208,-217468,0,0,0,518,594,220,532,534,540,475,378,410,324,245,623,0
2,1769098514976,588,105,14390,2616946,63529,-116064,0,0,0,531,598,218,529,532,526,435,369,407,328,232,629,0
2,1769098514992,1684,33,15721,3316998,50090,-120951,0,0,0,544,598,221,522,528,533,399,358,425,328,233,630,0
2,1769098515008,2660,9,16793,4058588,-8552,-276111,0,0,0,543,597,224,521,544,544,361,331,435,308,222,618,0
2,1769098515024,2713,19,18243,4921130,-56199,-540004,0,0,0,529,587,217,517,553,544,324,294,432,289,209,586,0
2,1769098515040,2402,-47,21119,5985257,-61086,-744033,0,0,0,508,568,213,508,540,540,294,246,434,277,197,536,0
2,1769098515056,3436,-856,25474,7100697,-67195,-811229,0,0,0,481,545,207,498,525,524,276,194,423,264,181,485,0
2,1769098515072,5604,-1981,29839,8007221,-40317,-948062,0,0,0,441,516,188,474,503,483,272,175,377,253,172,447,0
2,1769098515088,6441,-1880,32883,8654738,12217,-1215621,0,0,0,376,485,179,432,450,430,280,200,325,234,171,412,0
2,1769098515104,6307,995,34706,8950397,81855,-1583362,0,0,0,280,442,166,376,396,377,306,236,281,195,160,323,0
2,1769098515120,8245,8609,31758,8613199,46425,-1976759,0,0,0,242,425,167,355,369,357,331,265,277,172,156,238,0
2,1769098515136,10715,17884,21493,7546629,-9773,-2526538,0,0,0,240,428,169,352,369,361,326,271,279,165,153,226,0
2,1769098515152,9428,23464,12318,4729318,14660,-2878397,0,0,0,246,428,167,345,365,342,316,282,263,161,150,217,0
2,1769098515168,3881,24517,10619,232128,-284663,-2364048,0,0,0,246,426,160,345,363,336,315,286,249,159,151,204,0
2,1769098515184,81,17898,11974,-3914424,-1390329,-956614,0,0,0,241,425,159,344,367,334,306,291,243,154,150,196,0
2,1769098515200,4647,9853,7963,-4883256,-2194227,-68416,0,0,0,231,425,158,337,365,328,304,299,236,154,156,193,0
2,1769098515216,9341,6231,3967,-4800179,-1711644,-10995,0,0,0,228,423,158,337,368,328,302,306,233,152,159,187,0
2,1769098515232,8600,6379,4331,-4869817,-229685,-384845,0,0,0,225,422,157,334,365,324,299,314,235,153,166,186,0
2,1769098515248,5369,6633,6972,-5242445,632856,-443488,0,0,0,224,421,157,333,365,322,297,318,239,156,172,185,0
2,1769098515264,3675,5924,9231,-5657833,753807,-96516,0,0,0,224,422,157,334,368,321,296,322,240,155,174,181,0
2,1769098515280,4465,4819,10337,-5959601,933402,313984,0,0,0,226,424,157,332,367,317,291,326,238,153,176,178,0
2,1769098515296,4551,4034,11964,-6243042,1329242,581543,0,0,0,229,424,159,332,366,317,292,328,238,153,178,177,0
2,1769098515312,3900,3541,14108,-6511823,1629788,752585,0,0,0,230,424,158,335,368,322,296,334,237,156,178,178,0
2,1769098515328,3680,3005,16386,-6797708,1751961,895528,0,0,0,228,423,157,335,367,322,295,339,238,153,177,176,0
2,1769098515344,3828,2316,18793,-7059158,1853365,996932,0,0,0,224,419,155,335,363,322,297,344,237,152,175,176,0
2,1769098515360,4206,1646,21593,-7247305,1986533,1102000,0,0,0,222,417,156,333,360,321,299,345,240,152,178,177,0
2,1769098515376,4718,1062,25436,-7401243,2156354,1312138,0,0,0,223,420,157,336,365,328,302,346,245,155,177,179,0
2,1769098515392,5589,-186,30040,-7524638,2323731,1747074,0,0,0,226,414,160,333,361,326,302,339,247,155,173,179,0
2,1769098515408,6015,-5259,33515,-7549072,2629163,2491108,0,0,0,223,416,156,296,401,309,314,346,246,161,180,182,0
2,1769098515424,3742,-13730,35639,-7266852,2932153,3046995,0,0,0,223,419,154,325,385,324,319,346,246,161,180,182,0
2,1769098515440,28,-25723,35214,-6503271,2515543,3109304,0,0,0,224,418,154,342,379,337,330,345,255,161,182,185,0
2,1769098515456,1435,-37592,27126,-5198463,1420872,2161241,0,0,0,225,419,156,346,382,341,338,345,259,163,184,187,0
2,1769098515472,2010,-46656,16984,-3385415,994488,349414,0,0,0,227,422,158,346,382,339,339,347,257,163,184,184,0
2,1769098515488,-4331,-48523,12864,-1342681,1067792,-1674992,0,0,0,222,409,156,342,370,340,347,388,252,168,201,186,0
2,1769098515504,-10093,-45345,14194,345749,535117,-2619390,0,0,0,217,368,151,332,331,335,387,444,249,188,258,189,0
2,1769098515520,-12720,-26982,21923,2367713,-1709200,-1931555,0,0,0,226,334,150,325,294,329,439,469,254,220,341,186,0
2,1769098515536,-7097,-1139,22282,4547280,-4541172,-328645,0,0,0,238,339,156,334,297,343,463,489,264,271,418,180,0
2,1769098515552,296,9255,16946,6317568,-4521624,1310916,0,0,0,247,347,162,346,299,354,498,510,269,351,459,185,0
2,1769098515568,-3531,641,21445,6001140,-1523497,1292590,0,0,0,248,353,168,349,296,365,529,553,280,366,485,194,0
2,1769098515584,-4666,-3728,24010,4315152,17104,168598,0,0,0,264,391,183,354,302,376,553,569,298,381,493,220,0
2,1769098515600,851,-454,17315,2382374,-280998,-497244,0,0,0,271,408,197,380,323,392,574,594,294,461,542,251,0
2,1769098515616,2584,1239,10672,1307251,-486248,0,0,0,0,278,441,209,388,359,401,593,611,310,457,540,276,0
2,1769098515632,1244,311,9916,597426,-409279,257785,0,0,0,292,459,224,399,368,406,593,622,322,468,548,294,0
2,1769098515648,320,129,10859,153938,-298102,112399,0,0,0,312,473,241,409,375,411,605,633,314,476,553,311,0
2,1769098515664,516,856,10595,6108,-223576,-23212,0,0,0,326,478,249,411,379,415,616,637,309,477,553,318,0
2,1769098515680,880,1273,10016,31764,-151494,-25656,0,0,0,329,480,253,412,382,419,614,633,308,477,553,318,0
2,1769098515696,837,1153,10035,46425,-89186,-2443,0,0,0,324,482,256,412,383,421,608,630,308,474,552,319,0
2,1769098515712,713,1062,10179,57421,-36651,-9773,0,0,0,322,484,253,409,382,416,603,630,306,475,553,320,0
2,1769098515728,679,1095,10174,85521,12217,-31764,0,0,0,326,485,249,408,381,408,599,626,304,473,550,317,0
2,1769098515744,741,1115,10059,120951,42760,-31764,0,0,0,326,486,246,407,378,407,591,611,307,454,526,317,0
2,1769098515760,799,1100,9997,151494,50090,-28099,0,0,0,325,494,245,412,384,407,579,588,315,433,490,326,0
2,1769098515776,818,1072,9997,178372,36651,-28099,0,0,0,324,499,242,415,386,410,580,588,304,343,408,341,0
2,1769098515792,842,1038,10002,207694,17104,-28099,0,0,0,324,497,244,422,394,419,572,573,302,328,391,349,0
2,1769098515808,871,981,9978,217468,-3665,-34208,0,0,0,326,501,244,422,393,415,582,570,313,296,357,358,0
2,1769098515824,875,938,9954,199142,-26878,-45204,0,0,0,339,505,252,426,396,422,581,561,319,301,362,362,0
2,1769098515840,875,933,9954,184481,-47647,-53756,0,0,0,347,510,254,428,401,423,575,552,321,300,349,375,0
2,1769098515856,871,933,9959,195476,-70860,-59864,0,0,0,362,515,260,431,410,431,575,541,337,286,318,379,0
2,1769098515872,842,904,9973,224798,-94073,-62308,0,0,0,379,522,266,437,411,441,576,521,348,285,293,400,0
2,1769098515888,823,871,10040,268780,-107512,-63529,0,0,0,402,530,274,444,421,448,574,506,352,298,292,431,0
2,1769098515904,880,842,10136,327423,-109955,-68416,0,0,0,423,550,285,453,434,461,571,488,356,292,265,457,0
2,1769098515920,952,799,10217,399505,-119729,-87964,0,0,0,441,567,316,463,451,482,566,464,364,286,239,491,0
2,1769098515936,990,708,10337,488692,-139277,-128281,0,0,0,459,575,331,470,466,496,560,440,383,293,233,525,0
2,1769098515952,985,617,10557,596204,-164933,-168598,0,0,0,478,581,311,476,474,499,553,413,410,299,229,547,0
2,1769098515968,1014,512,10849,768468,-196698,-210137,0,0,0,490,591,291,493,487,504,547,389,429,321,230,563,0
2,1769098515984,1076,397,11495,1086118,-207694,-254119,0,0,0,494,604,250,510,509,510,537,387,426,362,243,577,0
2,1769098516000,827,440,12601,1497841,-144164,-280998,0,0,0,515,606,232,521,524,523,513,381,426,311,223,604,0
2,1769098516016,320,521,13797,1998751,12217,-245567,0,0,0,522,604,220,527,527,542,494,380,432,313,231,621,0
2,1769098516032,277,464,14367,2515543,111177,-133168,0,0,0,533,608,212,527,534,526,456,373,425,319,232,627,0
2,1769098516048,885,330,14903,3068986,94073,-43982,0,0,0,543,608,215,529,539,526,428,373,416,321,228,627,0
2,1769098516064,1962,186,15774,3643200,0,-95294,0,0,0,546,597,216,513,536,527,390,360,411,326,232,624,0
2,1769098516080,2574,239,17420,4395786,-136833,-320093,0,0,0,540,591,212,522,552,521,363,335,414,309,221,611,0
2,1769098516096,3326,119,19372,5215567,-270002,-554665,0,0,0,529,590,212,511,554,520,310,290,416,284,205,563,0
2,1769098516112,3967,-224,22909,6238155,-441044,-824668,0,0,0,506,580,205,495,556,512,278,244,409,262,193,503,0
2,1769098516128,4809,-1110,27317,7264409,-618195,-1027475,0,0,0,468,561,198,479,531,493,264,208,380,256,187,468,0
2,1769098516144,6063,-1670,30385,8113512,-635299,-1222952,0,0,0,405,525,185,445,494,446,264,201,335,252,185,445,0
2,1769098516160,5484,-67,31935,8594873,-530231,-1508837,0,0,0,321,477,171,396,448,390,280,230,294,222,174,378,0
2,1769098516176,5709,3316,32615,8713381,-592539,-1744631,0,0,0,259,442,165,362,389,366,298,258,274,186,160,282,0
2,1769098516192,8265,10859,27073,8189259,-768468,-2014633,0,0,0,252,434,162,357,380,358,310,277,277,174,162,238,0
2,1769098516208,9873,18870,16525,6889338,-836885,-2328618,0,0,0,253,434,160,348,387,352,310,288,268,167,159,220,0
2,1769098516224,7791,24010,9308,3738495,-736703,-2174680,0,0,0,248,429,155,349,372,339,313,296,253,164,158,208,0
2,1769098516240,3732,21885,9892,-1039692,-811229,-1069014,0,0,0,237,428,148,342,368,329,308,304,243,158,158,195,0
2,1769098516256,2991,14467,9279,-4174653,-1209513,105068,0,0,0,228,425,150,340,369,329,302,306,239,173,171,190,0
2,1769098516272,6135,7729,5518,-4576602,-1318247,547335,0,0,0,227,423,152,334,377,325,296,326,236,157,173,191,0
2,1769098516288,8049,5891,3139,-4169766,-469144,196698,0,0,0,228,423,157,334,375,324,294,327,236,157,174,192,0
2,1769098516304,6594,6298,4178,-4300491,533896,-200363,0,0,0,229,419,153,339,375,324,295,328,237,157,175,186,0
2,1769098516320,4015,6518,6910,-4877148,919963,-251676,0,0,0,227,422,154,336,373,324,292,329,237,157,178,186,0
2,1769098516336,3196,5613,8695,-5349957,1037249,-105068,0,0,0,226,422,154,338,373,325,292,331,238,156,179,190,0
2,1769098516352,3421,4522,9619,-5527108,1299921,39095,0,0,0,227,420,159,336,375,328,291,339,245,152,182,188,0
2,1769098516368,2498,4240,11529,-5718920,1683544,156381,0,0,0,227,420,160,334,375,327,290,343,244,152,184,182,0
2,1769098516384,1588,4278,13893,-6087882,1882686,333532,0,0,0,225,420,152,337,374,321,295,342,235,155,184,178,0
2,1769098516400,1560,3900,16070,-6542366,1943773,546113,0,0,0,225,418,152,338,373,321,302,346,238,157,184,178,0
2,1769098516416,1785,3125,18152,-6840468,2023185,733038,0,0,0,227,419,154,338,371,321,304,348,241,158,186,179,0
2,1769098516432,2077,2287,20890,-6956533,2133141,939510,0,0,0,223,416,150,340,370,322,305,347,240,161,187,179,0
2,1769098516448,2459,2000,24924,-7024950,2207666,1258382,0,0,0,224,418,151,340,373,324,305,344,239,168,190,177,0
2,1769098516464,3005,1517,29619,-7141014,2228436,1726305,0,0,0,224,417,154,342,369,327,305,339,245,160,180,183,0
2,1769098516480,3991,-2560,33414,-7260744,2246762,2459343,0,0,0,225,418,160,343,370,330,314,339,250,164,179,187,0
2,1769098516496,3838,-10978,35448,-7144679,2357939,2921157,0,0,0,221,417,156,341,366,333,316,338,250,161,178,183,0
2,1769098516512,2239,-22756,34850,-6608340,2102598,2797762,0,0,0,223,417,154,345,368,338,326,338,253,162,176,184,0
2,1769098516528,3823,-36668,26412,-5368283,1208291,1612684,0,0,0,223,417,152,345,369,339,332,338,258,163,176,185,0
2,1769098516544,3618,-46111,16348,-3674965,1050688,-338419,0,0,0,225,418,154,347,370,339,334,341,260,162,179,182,0
2,1769098516560,-5135,-48949,11710,-1611462,1401324,-2474004,0,0,0,223,414,156,344,367,341,330,344,255,160,180,182,0
2,1769098516576,-12543,-45024,13974,116064,581543,-2989574,0,0,0,217,397,151,340,356,338,364,403,252,173,227,178,0
2,1769098516592,-11653,-33773,18659,1912008,-981049,-2482556,0,0,0,220,356,148,332,323,335,419,455,253,201,301,178,0
2,1769098516608,-4240,-2708,23440,3467271,-3720169,-704938,0,0,0,232,329,153,325,296,339,460,468,264,227,368,183,0
2,1769098516624,1880,14046,17583,4752531,-5249775,1132544,0,0,0,240,337,160,329,294,349,489,489,276,258,418,184,0
2,1769098516640,-1229,5455,14228,5938831,-3163060,2206445,0,0,0,245,343,164,342,290,356,515,520,274,317,453,191,0
2,1769098516656,-7465,-3565,21497,5457470,-656069,1150870,0,0,0,246,363,169,355,304,364,539,560,273,384,489,205,0
2,1769098516672,-3244,-2689,21976,3986506,-266337,-277332,0,0,0,262,399,182,369,328,376,572,585,284,455,494,232,0
2,1769098516688,3302,708,15539,2416582,-714712,-372627,0,0,0,268,433,196,393,353,398,585,613,298,465,546,258,0
2,1769098516704,2182,134,11083,1075122,-602313,235793,0,0,0,292,456,214,411,381,409,596,619,298,440,514,314,0
2,1769098516720,-90,-574,10366,284663,-331088,301767,0,0,0,311,472,241,415,381,422,604,622,298,442,500,345,0
2,1769098516736,90,100,10485,123394,-245567,61086,0,0,0,325,482,254,416,385,421,613,630,310,478,520,355,0
2,1769098516752,703,703,10303,89186,-216246,-43982,0,0,0,335,491,265,420,390,431,612,625,302,478,521,361,0
2,1769098516768,890,756,10112,81855,-163711,-9773,0,0,0,344,500,273,421,391,435,618,622,310,487,520,359,0
2,1769098516784,679,650,10160,74525,-101403,2443,0,0,0,357,508,281,419,392,435,615,612,312,485,509,365,0
2,1769098516800,574,679,10212,106290,-51312,-13439,0,0,0,363,512,282,418,395,436,614,608,319,444,472,376,0
2,1769098516816,622,727,10184,173485,-7330,-28099,0,0,0,365,513,280,421,398,440,611,596,324,384,417,390,0
2,1769098516832,670,693,10145,245567,29321,-29321,0,0,0,369,514,275,426,401,446,601,574,325,346,380,399,0
2,1769098516848,693,612,10112,287106,45204,-29321,0,0,0,371,515,271,430,403,451,589,560,329,330,358,405,0
2,1769098516864,717,559,10078,293215,42760,-30543,0,0,0,375,518,271,437,407,450,586,551,328,305,326,417,0
2,1769098516880,756,536,10074,294437,30543,-36651,0,0,0,376,521,267,437,411,446,579,530,326,298,311,424,0
2,1769098516896,804,507,10074,299323,8552,-46425,0,0,0,382,522,260,439,430,446,574,516,331,299,299,431,0
2,1769098516912,837,454,10064,304210,-24434,-58643,0,0,0,385,521,255,453,419,462,576,494,335,288,264,446,0
2,1769098516928,861,406,10088,317649,-70860,-78190,0,0,0,400,526,257,453,428,463,566,478,344,290,249,457,0
2,1769098516944,813,373,10126,349414,-114842,-96516,0,0,0,423,542,272,459,435,456,567,459,348,290,241,468,0
2,1769098516960,751,335,10184,393397,-141720,-107512,0,0,0,426,547,270,465,448,469,544,442,356,282,231,481,0
2,1769098516976,727,277,10284,455705,-152716,-111177,0,0,0,441,560,266,478,461,488,554,425,364,285,223,503,0
2,1769098516992,741,148,10361,536339,-152716,-117286,0,0,0,458,565,262,492,478,505,551,404,366,287,222,523,0
2,1769098517008,775,33,10514,637743,-166155,-127059,0,0,0,471,575,259,504,500,504,546,391,370,293,221,547,0
2,1769098517024,871,-33,10839,811229,-185703,-141720,0,0,0,487,580,249,508,504,503,534,392,379,297,221,573,0
2,1769098517040,885,-28,11462,1073901,-111177,-186924,0,0,0,495,580,233,519,511,514,527,391,388,299,220,591,0
2,1769098517056,693,-28,12060,1324355,-13439,-219911,0,0,0,498,583,223,531,528,523,519,393,395,305,225,600,0
2,1769098517072,483,-148,12811,1703092,72082,-206472,0,0,0,508,589,222,538,554,513,498,396,403,315,236,608,0
2,1769098517088,325,-191,13610,2171015,120951,-144164,0,0,0,521,594,223,545,570,507,465,383,408,321,239,616,0
2,1769098517104,823,-268,14496,2752558,119729,-80634,0,0,0,538,594,231,526,534,530,425,373,404,326,238,622,0
2,1769098517120,1742,-287,15850,3378084,69638,-123394,0,0,0,551,587,237,523,532,538,395,347,405,321,231,627,0
2,1769098517136,2660,-162,17951,4195422,-42760,-315206,0,0,0,549,582,229,519,541,538,353,323,408,291,211,620,0
2,1769098517152,3134,-9,20842,5272988,-135612,-586430,0,0,0,531,584,217,525,553,543,316,288,440,285,211,573,0
2,1769098517168,3675,-67,24713,6488610,-222354,-828333,0,0,0,502,569,215,501,541,524,278,228,413,261,188,502,0
2,1769098517184,4785,-885,29916,7776314,-263893,-993266,0,0,0,472,535,200,481,512,494,261,185,385,254,181,470,0
2,1769098517200,5991,-1330,34424,8940623,-130725,-1182635,0,0,0,410,506,184,452,479,452,268,191,336,246,176,438,0
2,1769098517216,5714,990,37080,9562484,30543,-1481959,0,0,0,315,466,172,399,428,399,292,228,292,214,167,362,0
2,1769098517232,7322,7465,35587,9429315,-216246,-1817934,0,0,0,260,436,168,366,383,370,319,265,282,182,158,273,0
2,1769098517248,10538,16788,27456,8699942,-472809,-2238210,0,0,0,252,431,167,358,371,362,322,279,281,169,157,235,0
2,1769098517264,11935,25905,14132,6668204,-423940,-2659707,0,0,0,250,432,158,357,373,353,318,285,269,163,156,217,0
2,1769098517280,6633,29298,9715,1718974,-266337,-2045176,0,0,0,242,432,153,353,372,344,317,293,257,156,151,203,0
2,1769098517296,1832,23469,11366,-3273015,-757472,-467922,0,0,0,236,430,154,347,370,338,312,298,252,150,147,193,0
2,1769098517312,4498,13271,9088,-4988325,-1458746,757472,0,0,0,233,428,155,343,371,336,305,299,251,149,150,189,0
2,1769098517328,8461,7508,5044,-5106833,-1192408,966388,0,0,0,226,425,160,340,373,337,304,306,249,151,160,191,0
2,1769098517344,7997,7102,4498,-5123937,-29321,442266,0,0,0,227,422,160,337,371,334,298,316,243,153,167,188,0
2,1769098517360,3728,7418,7982,-5756794,780685,64751,0,0,0,228,419,162,335,373,336,296,322,248,156,181,189,0
2,1769098517376,1454,6628,10667,-6282138,934623,0,0,0,0,223,421,154,335,373,329,288,319,249,155,187,181,0
2,1769098517392,1397,5254,12117,-6576575,957836,41538,0,0,0,227,423,157,336,372,328,293,330,243,160,196,181,0
2,1769098517408,1679,4307,13716,-6762278,1244943,-13439,0,0,0,228,423,159,335,370,325,293,334,243,160,195,181,0
2,1769098517424,1545,3814,15841,-7010289,1539380,-114842,0,0,0,229,423,159,335,369,325,293,336,240,157,196,178,0
2,1769098517440,1210,3345,18348,-7309613,1773952,-205250,0,0,0,234,426,162,335,368,325,293,339,241,159,199,180,0
2,1769098517456,631,2713,21363,-7500203,1973094,-158824,0,0,0,231,422,160,338,371,330,296,342,245,158,198,178,0
2,1769098517472,110,2416,24737,-7551516,2098932,141720,0,0,0,230,421,160,339,372,334,299,343,249,158,198,178,0
2,1769098517488,646,2325,29753,-7573507,2118480,873537,0,0,0,229,420,161,339,371,337,300,342,253,159,197,183,0
2,1769098517504,1464,890,34276,-7655363,2171015,1786169,0,0,0,225,418,160,341,371,340,304,339,254,161,194,186,0
2,1769098517520,2048,-6968,37018,-7703010,2217440,2761110,0,0,0,224,419,156,344,371,338,312,337,254,164,194,183,0
2,1769098517536,2962,-19100,37372,-7343821,1982868,3100751,0,0,0,222,419,150,346,373,337,321,339,257,167,196,180,0
2,1769098517552,5575,-33845,32131,-6269920,1361007,2502104,0,0,0,220,422,149,349,374,340,324,337,256,167,196,179,0
2,1769098517568,4699,-44996,20770,-4461759,1321912,963945,0,0,0,219,422,148,349,373,344,332,344,260,168,199,180,0
2,1769098517584,-4316,-50490,13204,-2345722,1546710,-475253,0,0,0,222,421,148,350,372,341,334,343,259,167,198,178,0
2,1769098517600,-11246,-48815,12959,-344527,669508,-857654,0,0,0,225,413,153,346,366,338,320,340,255,166,195,178,0
2,1769098517616,-9045,-42584,14745,1425759,-471587,-730594,0,0,0,211,379,145,334,344,335,390,440,255,195,277,178,0
2,1769098517632,-2593,-24173,21239,3147177,-1555262,-337197,0,0,0,227,329,152,326,302,338,439,461,257,219,358,188,0
2,1769098517648,1148,5833,21153,4809952,-3315776,529009,0,0,0,239,337,159,325,292,347,446,507,260,267,435,176,0
2,1769098517664,-392,11170,17362,6190508,-3221703,1244943,0,0,0,242,337,162,339,294,359,487,519,264,320,462,186,0
2,1769098517680,-5738,-1383,21914,6331007,-877202,1148426,0,0,0,251,353,168,351,297,366,523,550,267,413,507,197,0
2,1769098517696,-2962,-4082,23675,4366464,75747,-30543,0,0,0,263,381,186,363,306,384,552,578,282,465,537,225,0
2,1769098517712,2115,-110,16616,2610838,-252898,-359188,0,0,0,275,413,201,381,330,394,567,595,316,486,555,251,0
2,1769098517728,2120,1124,10887,1473406,-557109,57421,0,0,0,292,446,213,403,357,401,585,613,327,515,575,282,0
2,1769098517744,579,-76,10452,671951,-489913,223576,0,0,0,312,468,232,421,376,417,610,625,310,543,586,318,0
2,1769098517760,-28,-253,11136,157603,-262672,90408,0,0,0,327,477,248,425,388,425,616,629,312,557,594,331,0
2,1769098517776,521,746,10466,75747,-129503,-8552,0,0,0,337,487,253,419,389,422,616,626,310,551,597,341,0
2,1769098517792,813,1124,9968,89186,-83077,-10995,0,0,0,347,493,263,424,396,428,616,624,312,551,600,350,0
2,1769098517808,703,976,10083,98960,-78190,2443,0,0,0,362,495,268,434,399,445,615,616,313,549,595,354,0
2,1769098517824,603,933,10232,133168,-53756,-8552,0,0,0,374,512,277,431,404,438,611,609,320,527,568,379,0
2,1769098517840,603,976,10212,206472,-14660,-25656,0,0,0,371,511,267,431,403,431,607,586,315,535,545,362,0
2,1769098517856,636,938,10136,277332,19547,-29321,0,0,0,371,515,267,431,403,435,603,565,317,478,516,381,0
2,1769098517872,665,856,10112,316428,50090,-31764,0,0,0,379,516,271,435,407,439,593,563,324,352,380,407,0
2,1769098517888,693,780,10098,326202,67195,-39095,0,0,0,384,519,285,435,408,446,596,543,333,310,333,415,0
2,1769098517904,722,737,10074,316428,67195,-50090,0,0,0,385,521,284,435,410,449,590,525,337,302,313,418,0
2,1769098517920,751,703,10040,304210,56199,-59864,0,0,0,385,521,272,437,413,447,577,511,336,304,301,424,0
2,1769098517936,765,660,10011,287106,29321,-64751,0,0,0,388,522,262,441,417,447,572,499,342,307,292,434,0
2,1769098517952,794,617,10007,274889,-4886,-69638,0,0,0,398,524,261,446,422,449,570,485,345,303,281,441,0
2,1769098517968,832,583,10021,277332,-51312,-76969,0,0,0,411,529,263,451,429,455,566,470,347,298,269,449,0
2,1769098517984,818,555,10045,296880,-98960,-85521,0,0,0,421,537,260,453,440,466,568,458,359,322,267,464,0
2,1769098518000,775,512,10102,326202,-130725,-94073,0,0,0,430,544,255,460,448,474,573,450,362,354,270,480,0
2,1769098518016,775,454,10212,376292,-141720,-103847,0,0,0,440,553,259,475,463,481,559,439,372,307,253,507,0
2,1769098518032,808,402,10318,455705,-158824,-120951,0,0,0,463,561,260,488,477,491,558,416,375,307,241,530,0
2,1769098518048,885,320,10380,553443,-182037,-145385,0,0,0,495,569,262,489,482,493,549,397,376,307,227,561,0
2,1769098518064,990,215,10643,691499,-211359,-184481,0,0,0,496,575,259,502,495,505,543,392,395,298,218,564,0
2,1769098518080,1162,100,11208,918741,-248011,-243124,0,0,0,502,588,244,514,519,521,531,392,406,307,229,580,0
2,1769098518096,760,181,12222,1242499,-194255,-300545,0,0,0,507,594,236,526,528,532,523,384,399,322,237,603,0
2,1769098518112,119,253,13122,1617571,-58643,-284663,0,0,0,520,600,234,533,534,537,503,381,399,327,242,625,0
2,1769098518128,-138,205,13663,2046398,80634,-177150,0,0,0,528,602,228,538,550,529,476,379,417,334,245,621,0
2,1769098518144,402,114,14529,2602285,134390,-54977,0,0,0,541,596,223,533,550,526,430,372,420,332,238,624,0
2,1769098518160,1440,52,15735,3253468,98960,-39095,0,0,0,550,594,223,525,544,532,384,351,427,322,230,630,0
2,1769098518176,2373,38,17027,4020715,-17104,-204028,0,0,0,545,598,226,521,550,536,343,329,437,307,228,620,0
2,1769098518192,2373,153,18731,4922352,-101403,-441044,0,0,0,533,593,224,524,564,538,300,295,433,290,221,587,0
2,1769098518208,3077,57,21603,5995031,-164933,-660956,0,0,0,517,572,218,522,559,537,269,243,421,278,206,536,0
2,1769098518224,4120,-670,26790,7170336,-233350,-868650,0,0,0,485,550,213,490,525,520,266,201,401,272,190,489,0
2,1769098518240,5125,-1541,31658,8252789,-200363,-1047023,0,0,0,435,526,191,464,497,485,266,180,367,264,184,454,0
2,1769098518256,5001,-1119,34271,8983384,-30543,-1238834,0,0,0,353,487,162,425,452,417,274,196,310,245,182,418,0
2,1769098518272,4426,2703,35309,9181304,8552,-1452637,0,0,0,251,443,163,362,381,365,306,239,287,186,162,282,0
2,1769098518288,6231,10351,32198,8797681,-151494,-1695761,0,0,0,254,439,171,364,373,374,317,255,290,176,156,250,0
2,1769098518304,8954,18755,20933,7500203,-276111,-2114815,0,0,0,248,440,170,354,375,364,311,275,281,167,161,226,0
2,1769098518320,7097,22813,11710,4234517,-268780,-2280970,0,0,0,270,434,164,348,371,353,307,281,266,166,156,213,0
2,1769098518336,2589,22364,10571,-285884,-591317,-1668883,0,0,0,253,430,161,345,372,344,304,287,258,164,161,202,0
2,1769098518352,1785,14735,10878,-3756821,-1502728,-514348,0,0,0,238,427,162,347,375,342,300,291,252,160,164,198,0
2,1769098518368,5479,7604,7264,-4728096,-1930334,50090,0,0,0,231,426,161,344,376,341,294,295,244,156,167,194,0
2,1769098518384,8681,5235,3354,-4398229,-1192408,-219911,0,0,0,225,425,171,339,375,346,289,303,244,155,171,193,0
2,1769098518400,6791,6092,4201,-4654793,-106290,-631634,0,0,0,224,423,172,338,375,343,289,313,248,160,177,194,0
2,1769098518416,4412,6250,6355,-5164254,422718,-724486,0,0,0,227,423,157,338,375,328,291,321,246,162,183,190,0
2,1769098518432,4316,5288,7676,-5522221,566882,-456927,0,0,0,228,422,159,334,373,327,288,324,243,157,184,183,0
2,1769098518448,4781,4570,8676,-5728694,879645,-168598,0,0,0,222,421,156,334,373,327,285,330,241,159,192,183,0
2,1769098518464,4532,4130,10447,-5971818,1335351,147829,0,0,0,227,419,158,335,379,330,287,345,246,158,208,182,0
2,1769098518480,4039,3675,12778,-6301685,1601688,485026,0,0,0,226,421,156,342,380,332,287,336,240,156,192,177,0
2,1769098518496,4245,3086,14926,-6629109,1759291,752585,0,0,0,227,425,156,344,380,331,289,340,243,156,193,177,0
2,1769098518512,4603,2512,17195,-6895446,1943773,900415,0,0,0,227,419,155,337,373,326,292,341,244,161,196,179,0
2,1769098518528,4580,2005,20320,-7111693,2158797,1042136,0,0,0,229,419,157,335,371,325,294,349,243,158,198,175,0
2,1769098518544,4613,1464,24072,-7312056,2328618,1264491,0,0,0,230,421,159,337,370,326,297,345,245,156,191,174,0
2,1769098518560,5139,143,28968,-7542963,2467895,1736079,0,0,0,227,423,161,338,364,333,295,335,247,154,182,176,0
2,1769098518576,5451,-3455,32854,-7677354,2686585,2393370,0,0,0,225,419,159,341,363,335,302,332,245,159,180,177,0
2,1769098518592,3163,-11447,35606,-7450112,3050661,2994461,0,0,0,225,415,155,344,367,335,316,334,245,164,182,177,0
2,1769098518608,-1378,-23268,35807,-6648657,2614503,3054326,0,0,0,225,415,154,349,370,339,326,335,250,167,183,178,0
2,1769098518624,-842,-36343,29375,-5380501,1352455,2398256,0,0,0,229,417,156,350,369,341,329,336,252,193,198,179,0
2,1769098518640,2010,-46101,17272,-3444058,792903,285884,0,0,0,234,419,158,347,366,336,330,337,252,225,217,180,0
2,1769098518656,-3354,-49126,11892,-1611462,1004262,-1870469,0,0,0,230,414,156,345,363,335,330,342,249,168,188,175,0
2,1769098518672,-12749,-46140,13620,158824,660956,-2928487,0,0,0,217,398,146,348,358,336,354,369,241,185,216,179,0
2,1769098518688,-11524,-33577,19133,1951103,-823446,-2261423,0,0,0,217,345,146,328,317,332,430,459,250,212,324,179,0
2,1769098518704,-3752,-2603,24958,3683517,-3148399,-941954,0,0,0,240,330,153,345,296,348,457,466,253,230,382,181,0
2,1769098518720,3445,18521,18712,5098281,-4762305,445931,0,0,0,243,338,163,338,290,362,481,494,271,276,426,180,0
2,1769098518736,-804,4800,16951,6203947,-2701246,1132544,0,0,0,244,353,167,348,299,368,507,508,290,286,433,195,0
2,1769098518752,-5479,-5312,22928,5542991,-605978,623082,0,0,0,255,368,173,360,309,371,527,526,289,294,439,205,0
2,1769098518768,-1402,-2383,20952,3641978,-318871,-196698,0,0,0,264,395,184,371,322,378,554,554,293,311,447,230,0
2,1769098518784,2517,1378,14032,2074498,-508239,-219911,0,0,0,272,426,197,386,340,394,570,584,301,345,459,262,0
2,1769098518800,2005,1210,9686,1131322,-535117,169820,0,0,0,290,454,214,406,366,411,588,599,308,383,474,302,0
2,1769098518816,488,-162,10533,492357,-390953,177150,0,0,0,313,473,237,417,384,418,605,610,310,403,483,333,0
2,1769098518832,234,95,10926,102625,-285884,48869,0,0,0,328,480,257,421,388,423,614,623,309,410,487,344,0
2,1769098518848,670,890,10332,40317,-211359,-8552,0,0,0,337,488,264,424,391,428,618,626,308,424,501,349,0
2,1769098518864,837,1100,9997,46425,-145385,-4886,0,0,0,351,495,264,424,394,422,617,624,299,443,517,349,0
2,1769098518880,741,952,10083,51312,-101403,2443,0,0,0,352,496,269,426,395,427,615,621,305,449,518,356,0
2,1769098518896,674,957,10179,64751,-62308,-10995,0,0,0,356,496,283,429,399,436,615,615,313,438,501,361,0
2,1769098518912,684,1028,10141,111177,-25656,-24434,0,0,0,366,512,270,419,390,422,614,609,311,367,426,375,0
2,1769098518928,698,1048,10083,178372,-1221,-24434,0,0,0,375,517,276,426,398,431,610,585,314,423,470,369,0
2,1769098518944,703,961,10074,232128,10995,-20769,0,0,0,376,514,269,427,398,430,605,569,316,422,453,373,0
2,1769098518960,751,885,10069,254119,15882,-23212,0,0,0,380,518,271,432,409,435,599,566,320,343,380,396,0
2,1769098518976,799,847,10050,257785,15882,-31764,0,0,0,386,520,272,431,410,437,591,555,325,335,361,403,0
2,1769098518992,823,823,10031,260228,6108,-41538,0,0,0,389,522,273,432,412,438,582,541,331,320,338,411,0
2,1769098519008,827,799,10026,265115,-9773,-51312,0,0,0,404,531,278,436,414,441,576,525,336,306,315,419,0
2,1769098519024,847,760,10031,277332,-39095,-62308,0,0,0,415,540,288,434,449,435,579,516,344,306,309,431,0
2,1769098519040,851,703,10059,295658,-68416,-73303,0,0,0,416,543,297,438,470,440,576,501,355,307,301,447,0
2,1769098519056,804,674,10112,326202,-89186,-85521,0,0,0,423,549,304,454,446,465,561,475,362,304,284,459,0
2,1769098519072,775,650,10174,365297,-102625,-91629,0,0,0,431,559,309,462,457,471,550,455,370,299,270,479,0
2,1769098519088,837,574,10289,428827,-123394,-96516,0,0,0,445,565,303,467,464,480,546,428,396,302,262,502,0
2,1769098519104,894,488,10428,518013,-157603,-109955,0,0,0,465,588,295,481,483,497,536,407,380,298,242,523,0
2,1769098519120,923,411,10624,654847,-200363,-136833,0,0,0,477,593,296,482,504,501,539,409,387,300,240,555,0
2,1769098519136,894,282,10921,891863,-248011,-164933,0,0,0,486,594,257,493,505,500,532,395,387,308,234,579,0
2,1769098519152,789,196,11371,1143539,-239459,-183259,0,0,0,500,604,249,511,521,518,519,388,394,307,228,588,0
2,1769098519168,665,224,12084,1392772,-149051,-190589,0,0,0,521,604,237,507,524,511,508,397,390,319,238,604,0
2,1769098519184,579,224,12940,1693318,-43982,-186924,0,0,0,532,610,224,518,535,518,484,385,397,321,235,615,0
2,1769098519200,320,181,13677,2178345,1221,-129503,0,0,0,546,612,224,523,542,525,442,382,413,332,241,615,0
2,1769098519216,378,81,14357,2720793,17104,-39095,0,0,0,554,617,232,524,551,527,405,375,408,331,238,616,0
2,1769098519232,1411,19,15711,3330437,-8552,-41538,0,0,0,556,616,233,520,548,525,380,364,408,318,227,617,0
2,1769098519248,2383,67,17587,4123340,-111177,-197920,0,0,0,552,607,231,509,549,522,339,338,423,300,218,611,0
2,1769098519264,3311,-4,19674,5064072,-280998,-458148,0,0,0,541,596,226,502,558,525,292,295,424,281,206,579,0
2,1769098519280,4034,-181,22837,6098878,-474031,-753807,0,0,0,518,585,213,495,549,521,269,242,407,266,190,525,0
2,1769098519296,4766,-1153,27800,7244861,-700051,-1014036,0,0,0,480,565,200,473,521,493,250,194,382,259,183,485,0
2,1769098519312,6307,-1713,31050,8169711,-724486,-1258382,0,0,0,422,530,192,454,482,457,252,189,340,253,178,461,0
2,1769098519328,6054,-344,32658,8812341,-591317,-1577254,0,0,0,342,490,171,411,439,411,276,229,296,233,173,416,0
2,1769098519344,5192,3263,33515,8976053,-547335,-1814269,0,0,0,245,447,169,362,384,373,293,241,274,187,162,290,0
2,1769098519360,7824,10892,28868,8533787,-739146,-2029294,0,0,0,258,439,169,361,377,365,300,261,275,173,152,241,0
2,1769098519376,10284,18865,19104,7575950,-746477,-2398256,0,0,0,250,437,161,359,377,364,301,274,274,165,158,224,0
2,1769098519392,7925,24843,11284,4503298,-571769,-2304183,0,0,0,243,430,160,347,377,347,296,278,259,164,160,218,0
2,1769098519408,3455,25613,9667,-558330,-663399,-1275486,0,0,0,241,431,161,345,376,340,296,284,250,158,160,208,0
2,1769098519424,2081,17678,11079,-4576602,-1211956,191811,0,0,0,236,431,159,346,378,338,291,289,242,154,156,199,0
2,1769098519440,5972,8413,7968,-5175250,-1447750,888198,0,0,0,230,426,160,340,376,337,290,300,241,201,192,196,0
2,1769098519456,8810,4948,4647,-4602258,-759916,718377,0,0,0,229,425,159,339,378,334,289,310,242,178,182,191,0
2,1769098519472,7427,5910,5226,-4605923,213802,333532,0,0,0,228,423,158,336,377,330,287,320,241,149,168,187,0
2,1769098519488,4503,6479,8513,-5446474,656069,305432,0,0,0,224,421,156,333,375,326,285,328,239,149,171,184,0
2,1769098519504,4254,5092,10346,-6091548,671951,538783,0,0,0,224,423,157,332,376,323,283,332,235,149,175,181,0
2,1769098519520,4982,3182,11141,-6233268,963945,734260,0,0,0,226,427,161,333,377,324,283,335,233,149,176,179,0
2,1769098519536,4417,2263,12605,-6283359,1324355,851546,0,0,0,225,424,159,336,380,330,286,338,237,147,175,178,0
2,1769098519552,3651,1904,14859,-6491054,1499063,998153,0,0,0,227,426,162,339,382,333,290,344,242,148,175,179,0
2,1769098519568,3551,1426,16841,-6742730,1591914,1111774,0,0,0,225,424,159,335,380,327,290,343,243,150,180,179,0
2,1769098519584,3445,765,18875,-6896668,1727526,1159422,0,0,0,229,428,160,333,377,323,286,340,239,150,181,174,0
2,1769098519600,3086,406,21478,-6857573,1848478,1186300,0,0,0,229,428,164,333,377,325,291,344,244,164,187,174,0
2,1769098519616,3077,349,24766,-6830695,1938886,1258382,0,0,0,226,427,157,338,379,328,291,343,243,151,175,175,0
2,1769098519632,3196,-86,29313,-6962641,2018298,1426981,0,0,0,228,425,160,339,380,329,293,343,242,149,174,177,0
2,1769098519648,2790,-3680,33400,-7265631,2020742,1704314,0,0,0,226,427,160,342,383,334,299,343,245,150,171,180,0
2,1769098519664,1971,-11227,35400,-7375586,1924225,1846034,0,0,0,226,429,159,344,381,337,307,341,249,154,171,182,0
2,1769098519680,2627,-23278,32050,-6758613,1508837,1462411,0,0,0,224,435,156,345,378,344,312,337,251,153,171,181,0
2,1769098519696,3723,-35788,23924,-5406157,1229060,498466,0,0,0,225,439,154,346,377,350,317,334,251,153,171,179,0
2,1769098519712,-1076,-43890,14989,-3369532,1512502,-897971,0,0,0,227,438,155,350,377,352,323,333,250,156,171,179,0
2,1769098519728,-10997,-45393,13050,-1452637,1270599,-1639562,0,0,0,224,422,155,351,370,347,335,350,248,196,204,179,0
2,1769098519744,-13563,-43646,13764,235793,160046,-1632231,0,0,0,219,388,149,342,349,332,375,400,246,246,275,178,0
2,1769098519760,-9265,-33964,18750,1920560,-1181413,-1208291,0,0,0,223,361,144,338,328,329,429,457,245,235,333,176,0
2,1769098519776,-3967,-4240,22311,4289495,-3760486,-230907,0,0,0,237,351,150,348,304,343,464,473,256,287,422,179,0
2,1769098519792,291,9911,17185,6203947,-4598593,722042,0,0,0,237,358,160,344,307,361,476,493,270,261,428,190,0
2,1769098519808,-2469,1464,19339,6398202,-1974316,1067792,0,0,0,240,364,166,349,314,366,497,522,278,300,445,191,0
2,1769098519824,-4379,-3957,23704,5048190,-118507,386066,0,0,0,255,390,176,359,311,374,534,533,279,316,453,211,0
2,1769098519840,-196,-1478,20617,3375641,-239459,-337197,0,0,0,269,416,190,382,332,391,565,565,300,348,461,243,0
2,1769098519856,2354,760,13558,2131919,-634078,-69638,0,0,0,280,452,204,401,371,408,588,589,310,357,443,289,0
2,1769098519872,1545,234,10567,1121548,-593761,224798,0,0,0,295,470,220,418,390,424,602,605,318,359,437,342,0
2,1769098519888,143,-617,10744,289550,-355523,196698,0,0,0,318,488,244,419,394,430,605,611,312,363,436,368,0
2,1769098519904,373,220,10667,21991,-250454,10995,0,0,0,332,496,255,420,395,430,598,621,316,367,432,373,0
2,1769098519920,722,760,10246,25656,-197920,-20769,0,0,0,339,497,254,428,398,431,605,624,320,371,433,375,0
2,1769098519936,813,837,10074,42760,-130725,0,0,0,0,343,499,251,433,404,434,615,621,317,384,443,377,0
2,1769098519952,717,751,10160,29321,-74525,1221,0,0,0,342,499,253,431,405,434,612,620,314,389,445,375,0
2,1769098519968,684,780,10174,42760,-39095,-17104,0,0,0,340,498,258,429,403,433,607,616,313,374,431,374,0
2,1769098519984,708,799,10122,69638,-7330,-28099,0,0,0,340,497,266,427,401,432,603,606,312,365,423,369,0
2,1769098520000,732,789,10078,92851,17104,-28099,0,0,0,348,501,246,427,404,419,600,606,308,359,425,357,0
2,1769098520016,741,780,10069,97738,26878,-24434,0,0,0,340,501,247,426,404,420,592,610,302,368,466,356,0
2,1769098520032,760,775,10059,103847,28099,-24434,0,0,0,333,496,242,426,402,418,583,606,296,344,394,357,0
2,1769098520048,789,780,10035,118507,21991,-26878,0,0,0,341,503,254,427,404,418,589,599,307,345,392,358,0
2,1769098520064,827,780,10002,140499,6108,-29321,0,0,0,339,502,259,426,404,423,582,592,316,340,383,362,0
2,1769098520080,861,765,10002,162490,-13439,-34208,0,0,0,346,504,250,425,402,423,583,590,314,331,373,370,0
2,1769098520096,861,732,10021,183259,-39095,-41538,0,0,0,356,512,248,425,406,421,577,567,314,309,342,386,0
2,1769098520112,842,660,10031,197920,-61086,-47647,0,0,0,368,527,252,427,412,427,580,564,323,302,325,394,0
2,1769098520128,823,607,10026,197920,-79412,-48869,0,0,0,383,527,261,432,413,433,574,556,332,302,313,403,0
2,1769098520144,804,607,10021,194255,-91629,-50090,0,0,0,399,529,266,440,422,443,572,537,342,304,301,428,0
2,1769098520160,813,646,10083,233350,-100181,-51312,0,0,0,414,538,267,453,438,454,572,516,349,302,281,455,0
2,1769098520176,847,622,10174,310319,-107512,-61086,0,0,0,427,549,274,459,448,462,570,495,356,302,262,476,0
2,1769098520192,856,540,10246,392175,-116064,-78190,0,0,0,445,561,282,465,456,477,568,471,365,304,250,497,0
2,1769098520208,885,459,10332,471587,-130725,-102625,0,0,0,470,571,289,477,469,497,558,446,373,296,236,522,0
2,1769098520224,985,402,10595,585208,-163711,-139277,0,0,0,486,585,291,484,483,493,549,419,390,306,233,552,0
2,1769098520240,1024,320,11074,781907,-207694,-185703,0,0,0,500,592,274,501,501,507,543,405,394,330,238,578,0
2,1769098520256,875,229,11959,1137431,-216246,-223576,0,0,0,507,605,251,521,516,517,544,406,407,441,286,567,0
2,1769098520272,593,291,13022,1622458,-91629,-215024,0,0,0,510,605,222,532,528,529,507,394,394,317,235,615,0
2,1769098520288,636,291,13941,2122145,24434,-177150,0,0,0,531,613,224,530,536,523,491,402,406,317,237,620,0
2,1769098520304,1158,287,15051,2649933,7330,-160046,0,0,0,540,609,219,527,543,522,444,388,402,327,239,621,0
2,1769098520320,1770,301,16467,3386636,-136833,-234572,0,0,0,549,602,224,522,538,528,402,374,399,327,231,620,0
2,1769098520336,1732,430,17750,4162435,-218689,-346971,0,0,0,548,599,234,518,536,539,362,354,398,315,221,619,0
2,1769098520352,2062,583,19291,5044525,-221133,-466701,0,0,0,538,591,223,514,548,539,320,319,409,299,210,593,0
2,1769098520368,3555,588,22675,6306572,-271224,-719599,0,0,0,513,570,209,503,545,532,285,262,406,276,196,536,0
2,1769098520384,4484,-157,27226,7487986,-401949,-954171,0,0,0,473,550,201,485,521,515,264,209,381,264,190,492,0
2,1769098520400,5340,-909,30815,8425053,-340862,-1142317,0,0,0,421,528,187,464,489,471,262,194,346,258,187,462,0
2,1769098520416,5049,-105,33203,9129991,-180816,-1407433,0,0,0,349,487,172,425,449,414,276,223,305,232,175,401,0
2,1769098520432,5384,3795,32974,9129991,-169820,-1660331,0,0,0,267,447,166,367,404,375,297,275,278,195,164,307,0
2,1769098520448,7743,10792,28245,8603426,-272445,-1942551,0,0,0,251,433,162,365,380,366,314,267,277,175,158,240,0
2,1769098520464,9380,17736,17339,7159340,-335975,-2361605,0,0,0,246,429,156,359,375,360,312,282,275,162,151,217,0
2,1769098520480,7508,22880,9399,4109901,-304210,-2373822,0,0,0,247,434,162,356,380,355,307,290,267,162,156,218,0
2,1769098520496,2345,23077,9246,-921184,-508239,-1352455,0,0,0,243,430,163,347,374,349,304,292,255,160,156,208,0
2,1769098520512,2019,15419,9700,-3881437,-1254717,-92851,0,0,0,235,426,160,345,374,344,295,296,247,153,156,201,0
2,1769098520528,5704,7240,6613,-4910134,-1699427,591317,0,0,0,226,429,157,341,374,340,290,301,241,170,192,196,0
2,1769098520544,9289,4273,2924,-4390899,-970053,222354,0,0,0,224,425,156,341,378,338,290,315,240,158,178,192,0
2,1769098520560,7030,5599,4101,-4514294,228463,-342084,0,0,0,225,423,156,338,378,332,288,325,242,150,169,186,0
2,1769098520576,3737,6326,6771,-5026199,796568,-526565,0,0,0,228,423,158,339,377,330,284,328,237,152,173,183,0
2,1769098520592,3129,5451,8217,-5435478,819781,-320093,0,0,0,230,423,159,340,379,331,283,337,235,152,178,181,0
2,1769098520608,3565,4407,9107,-5639507,1047023,-78190,0,0,0,228,422,159,338,382,330,284,351,238,149,182,179,0
2,1769098520624,3287,3962,10552,-5765346,1461189,134390,0,0,0,229,422,159,337,383,328,283,356,236,150,185,177,0
2,1769098520640,2321,3953,13117,-6081774,1727526,434936,0,0,0,230,422,158,337,384,327,285,358,236,150,185,175,0
2,1769098520656,2230,3689,15271,-6444628,1781283,713490,0,0,0,228,421,155,336,384,327,290,360,237,151,187,176,0
2,1769098520672,2842,2995,17458,-6758613,1860695,906524,0,0,0,227,423,154,338,381,332,289,360,233,147,187,173,0
2,1769098520688,3316,2249,20052,-6994406,2004859,1029918,0,0,0,232,423,161,336,380,327,292,370,238,147,188,170,0
2,1769098520704,3618,1541,23455,-7152010,2155132,1152091,0,0,0,232,423,160,339,383,328,291,368,238,147,190,169,0
2,1769098520720,4178,488,27896,-7231422,2269975,1414763,0,0,0,224,418,154,339,381,328,295,352,247,147,186,172,0
2,1769098520736,4321,-2392,31974,-7255857,2452013,1880243,0,0,0,229,425,161,338,376,328,299,362,245,150,181,177,0
2,1769098520752,2225,-8858,35142,-7144679,2730567,2414139,0,0,0,230,429,161,342,373,333,306,356,247,155,178,178,0
2,1769098520768,-1593,-21019,35912,-6677978,2342057,2696359,0,0,0,224,427,154,347,377,344,312,353,248,154,175,176,0
2,1769098520784,650,-35840,29317,-5660277,1161865,2262644,0,0,0,222,428,151,350,379,353,320,355,253,155,176,177,0
2,1769098520800,3469,-46101,17717,-3784921,944397,502131,0,0,0,222,429,150,350,379,355,320,357,254,155,178,177,0
2,1769098520816,-2928,-49791,11954,-1762957,1299921,-1413542,0,0,0,213,408,150,344,366,350,353,411,255,169,221,180,0
2,1769098520832,-15419,-46762,15501,277332,768468,-2399478,0,0,0,215,364,152,331,329,341,375,448,267,195,287,186,0
2,1769098520848,-15017,-29475,23929,2701246,-2383596,-1343903,0,0,0,231,342,156,332,303,343,412,461,276,232,362,185,0
2,1769098520864,-3335,-569,21622,5726250,-5393940,127059,0,0,0,243,356,160,350,310,356,478,485,275,269,418,183,0
2,1769098520880,2517,7729,18042,7112914,-3844785,1051909,0,0,0,249,365,162,354,316,363,503,504,277,287,430,191,0
2,1769098520896,-3421,-952,24139,5764124,-627969,698829,0,0,0,257,383,172,362,318,368,529,534,279,312,449,206,0
2,1769098520912,-2895,-3316,22947,3535688,20769,-240680,0,0,0,260,411,185,374,336,374,548,560,293,326,455,235,0
2,1769098520928,1574,114,13993,1962099,-475253,-235793,0,0,0,264,435,209,389,352,401,573,574,320,328,444,272,0
2,1769098520944,2239,1076,9432,1003040,-542448,89186,0,0,0,296,457,230,392,365,400,596,608,329,442,526,283,0
2,1769098520960,765,14,10016,321315,-377514,218689,0,0,0,309,473,243,412,382,416,601,610,321,440,520,316,0
2,1769098520976,330,172,10820,37873,-317649,68416,0,0,0,330,485,266,424,385,415,617,623,314,420,492,336,0
2,1769098520992,536,794,10490,-15882,-279776,-12217,0,0,0,348,493,289,417,385,417,615,621,302,479,545,340,0
2,1769098521008,770,1143,10021,14660,-195476,-3665,0,0,0,360,496,288,415,383,417,617,624,307,499,561,341,0
2,1769098521024,722,1048,10117,32986,-98960,9773,0,0,0,364,496,292,415,382,418,623,631,312,431,495,353,0
2,1769098521040,650,995,10203,59864,-40317,-2443,0,0,0,364,496,295,417,385,421,621,626,309,386,450,361,0
2,1769098521056,650,1028,10165,107512,0,-18325,0,0,0,367,500,293,422,391,424,613,612,307,400,453,360,0
2,1769098521072,684,1052,10093,166155,31764,-18325,0,0,0,371,505,294,422,393,424,608,596,312,403,443,361,0
2,1769098521088,722,1033,10088,217468,48869,-14660,0,0,0,369,505,290,426,393,426,604,584,318,361,398,374,0
2,1769098521104,775,961,10078,255341,40317,-18325,0,0,0,372,505,287,442,398,430,600,574,323,305,337,392,0
2,1769098521120,813,899,10035,265115,21991,-26878,0,0,0,375,509,280,445,403,436,592,564,325,300,322,393,0
2,1769098521136,823,851,10011,256563,0,-36651,0,0,0,374,511,274,434,409,438,583,544,329,285,313,401,0
2,1769098521152,813,818,10016,254119,-17104,-46425,0,0,0,379,513,274,434,409,438,576,526,333,283,283,410,0
2,1769098521168,818,804,10059,266337,-29321,-58643,0,0,0,390,521,275,438,413,443,566,497,337,380,377,402,0
2,1769098521184,832,789,10078,290771,-42760,-68416,0,0,0,406,536,289,441,418,440,572,480,348,299,271,427,0
2,1769098521200,827,751,10078,328645,-65973,-76969,0,0,0,414,543,289,449,436,450,572,464,360,280,244,445,0
2,1769098521216,823,689,10107,368962,-95294,-83077,0,0,0,428,551,287,457,448,459,560,447,361,284,233,467,0
2,1769098521232,837,593,10179,419053,-117286,-95294,0,0,0,446,561,299,466,457,467,555,425,362,287,227,490,0
2,1769098521248,866,531,10313,487470,-134390,-113620,0,0,0,463,568,300,478,463,483,554,408,364,288,219,512,0
2,1769098521264,871,473,10500,609643,-160046,-136833,0,0,0,477,571,291,489,473,504,548,396,372,288,214,537,0
2,1769098521280,827,368,10753,775798,-177150,-157603,0,0,0,489,578,290,501,507,506,546,388,398,294,217,557,0
2,1769098521296,856,239,11155,1003040,-134390,-175929,0,0,0,501,588,279,513,533,500,541,384,415,300,220,573,0
2,1769098521312,866,177,11643,1248608,-52534,-204028,0,0,0,512,597,247,518,516,527,522,378,403,304,222,594,0
2,1769098521328,689,177,12294,1550375,9773,-213802,0,0,0,518,608,233,531,528,533,513,376,422,314,227,608,0
2,1769098521344,502,119,13194,2004859,40317,-162490,0,0,0,528,607,230,537,535,534,478,368,416,315,229,612,0
2,1769098521360,368,95,13974,2497217,75747,-87964,0,0,0,545,602,234,538,535,531,436,365,427,316,225,624,0
2,1769098521376,794,33,14855,3034778,83077,-17104,0,0,0,549,599,213,524,542,539,404,364,420,321,233,638,0
2,1769098521392,2067,-81,16156,3698178,2443,-101403,0,0,0,565,603,233,525,551,536,357,346,422,313,222,637,0
2,1769098521408,2756,-52,17764,4478863,-119729,-331088,0,0,0,553,602,222,526,557,547,327,311,430,305,219,624,0
2,1769098521424,3220,-90,19669,5358509,-233350,-580321,0,0,0,545,602,222,522,564,555,283,273,428,288,204,581,0
2,1769098521440,3981,-789,23349,6519153,-371406,-873537,0,0,0,510,586,215,520,558,543,262,218,409,270,189,531,0
2,1769098521456,4977,-3421,27944,7657806,-444709,-1082453,0,0,0,468,556,202,491,525,510,256,186,380,264,182,500,0
2,1769098521472,5867,-5072,32667,8338310,-34208,-1247386,0,0,0,403,519,183,450,481,458,263,187,337,252,179,463,0
2,1769098521488,3709,-478,36075,8560665,41538,-1512502,0,0,0,310,475,172,397,426,403,285,213,297,216,168,375,0
2,1769098521504,5417,7461,33941,8585100,-395840,-1729970,0,0,0,250,445,166,359,385,370,306,243,279,186,167,281,0
2,1769098521520,9160,14989,26676,8188037,-421497,-2091602,0,0,0,242,439,159,355,376,363,309,261,276,180,180,237,0
2,1769098521536,9361,20401,15764,6685309,-361632,-2537534,0,0,0,234,433,157,350,375,362,299,272,267,172,181,224,0
2,1769098521552,5403,24000,10069,2495995,-532674,-2276083,0,0,0,230,431,158,342,375,351,293,280,258,167,177,218,0
2,1769098521568,1909,21708,10227,-2146580,-995710,-1266934,0,0,0,231,425,156,342,380,343,297,291,248,157,162,206,0
2,1769098521584,3531,13275,8959,-4690223,-1560149,-128281,0,0,0,229,427,160,343,380,342,289,299,240,156,164,201,0
2,1769098521600,7686,6666,4766,-5028642,-1292590,234572,0,0,0,227,427,158,340,385,336,291,310,240,159,172,200,0
2,1769098521616,8260,5498,3134,-4692666,-207694,-80634,0,0,0,217,425,177,339,382,351,285,314,245,160,180,202,0
2,1769098521632,4891,6073,5331,-4868595,616973,-263893,0,0,0,220,427,159,337,380,333,289,324,239,158,179,193,0
2,1769098521648,2574,6039,7724,-5248554,805120,-145385,0,0,0,220,428,156,333,376,325,285,331,237,159,186,193,0
2,1769098521664,3043,5092,8844,-5579643,801455,97738,0,0,0,220,427,156,335,382,328,284,338,236,159,190,192,0
2,1769098521680,3589,4335,9710,-5748241,1128878,191811,0,0,0,220,427,155,337,382,329,286,340,236,156,185,186,0
2,1769098521696,2507,4053,11892,-5979148,1557706,270002,0,0,0,223,428,155,336,381,325,288,344,236,155,184,183,0
2,1769098521712,1890,3838,13965,-6263812,1662775,415388,0,0,0,223,429,155,335,380,323,290,346,235,156,185,182,0
2,1769098521728,1852,3402,16209,-6574131,1717753,601091,0,0,0,220,426,153,337,379,324,291,346,235,156,185,180,0
2,1769098521744,2244,2842,18655,-6828251,1797165,795346,0,0,0,219,424,152,336,378,323,291,349,236,177,201,179,0
2,1769098521760,2857,2206,21258,-7012732,1907121,1007927,0,0,0,219,425,151,336,377,322,293,347,235,202,221,178,0
2,1769098521776,3742,1273,25345,-7187440,2076941,1325577,0,0,0,219,424,151,336,378,324,292,342,235,153,180,177,0
2,1769098521792,4623,-86,30179,-7272961,2213775,1760513,0,0,0,219,422,152,336,374,324,296,339,237,153,175,177,0
2,1769098521808,5240,-4742,34103,-7342600,2395813,2406809,0,0,0,223,427,157,344,376,331,304,341,243,156,174,180,0
2,1769098521824,3680,-13888,36606,-7257079,2601064,2878397,0,0,0,225,427,158,344,376,343,310,338,265,155,174,185,0
2,1769098521840,1550,-27642,34022,-6586349,2018298,2662150,0,0,0,226,427,163,345,374,350,316,338,278,160,176,197,0
2,1769098521856,2608,-41483,24938,-5161811,1180191,1585806,0,0,0,226,426,162,349,377,355,321,339,284,162,178,199,0
2,1769098521872,1392,-49327,15046,-3114190,1089783,-428827,0,0,0,223,427,161,348,376,354,323,345,283,164,181,197,0
2,1769098521888,-7882,-49868,12787,-1047023,1044579,-2360383,0,0,0,221,422,162,348,374,354,319,346,280,161,181,196,0
2,1769098521904,-13318,-45752,14840,730594,107512,-2911383,0,0,0,215,391,145,345,355,338,381,416,259,189,247,181,0
2,1769098521920,-9045,-25608,21540,2432465,-1521054,-2086715,0,0,0,217,350,143,331,322,333,440,466,253,215,329,179,0
2,1769098521936,-114,10634,23555,3971845,-4009719,-503352,0,0,0,230,332,155,324,296,344,462,477,265,237,387,185,0
2,1769098521952,4436,19923,14242,5365840,-4708549,1147204,0,0,0,240,341,159,335,291,359,485,506,273,299,437,182,0
2,1769098521968,-3268,531,17745,6104987,-1804495,1532050,0,0,0,249,351,166,346,294,373,515,538,280,380,482,188,0
2,1769098521984,-6771,-6609,24005,5149593,-53756,542448,0,0,0,260,380,177,361,310,371,540,575,290,406,508,209,0
2,1769098522000,-358,-1229,19593,3298672,-346971,-262672,0,0,0,270,413,195,376,334,391,588,602,299,423,519,240,0
2,1769098522016,3091,1488,12802,1748296,-615752,-108734,0,0,0,285,452,204,400,369,407,595,596,308,382,479,295,0
2,1769098522032,1387,119,10064,684169,-441044,268780,0,0,0,301,468,222,418,386,414,602,619,308,450,532,323,0
2,1769098522048,157,-138,10552,232128,-228463,145385,0,0,0,325,487,246,420,384,417,616,625,316,470,551,345,0
2,1769098522064,387,545,10528,100181,-173485,-3665,0,0,0,343,500,261,423,398,424,620,630,315,481,559,347,0
2,1769098522080,875,1014,10165,97738,-173485,-35430,0,0,0,363,501,276,422,401,426,618,625,310,483,566,353,0
2,1769098522096,890,942,10021,85521,-145385,0,0,0,0,367,505,277,422,406,432,619,620,315,484,559,358,0
2,1769098522112,693,871,10141,102625,-106290,-1221,0,0,0,370,512,276,422,408,435,624,618,328,458,524,369,0
2,1769098522128,636,914,10174,166155,-68416,-20769,0,0,0,379,515,276,423,408,436,616,605,330,437,493,377,0
2,1769098522144,646,894,10141,227241,-13439,-28099,0,0,0,384,515,277,429,413,440,603,587,326,410,453,387,0
2,1769098522160,717,818,10098,249233,32986,-20769,0,0,0,386,514,275,435,417,441,598,576,326,381,410,399,0
2,1769098522176,760,775,10078,249233,41538,-20769,0,0,0,392,517,274,438,417,441,594,565,328,356,381,406,0
2,1769098522192,784,751,10064,256563,36651,-28099,0,0,0,394,520,274,444,419,443,591,550,333,301,314,420,0
2,1769098522208,818,732,10069,272445,26878,-37873,0,0,0,394,519,269,439,416,439,587,530,329,300,293,427,0
2,1769098522224,851,674,10054,284663,12217,-48869,0,0,0,398,523,268,445,427,449,581,518,337,294,279,436,0
2,1769098522240,871,612,10045,288328,-4886,-62308,0,0,0,406,529,268,449,438,453,576,510,355,290,265,443,0
2,1769098522256,861,574,10064,289550,-29321,-72082,0,0,0,411,534,268,449,438,455,568,482,359,287,249,451,0
2,1769098522272,842,555,10083,301767,-56199,-83077,0,0,0,419,540,267,457,450,456,568,463,369,293,241,467,0
2,1769098522288,832,540,10112,326202,-76969,-85521,0,0,0,428,548,268,465,469,473,564,443,364,288,236,485,0
2,1769098522304,856,492,10227,383623,-94073,-92851,0,0,0,438,558,266,467,478,475,561,417,363,290,228,511,0
2,1769098522320,904,416,10380,482583,-119729,-107512,0,0,0,454,566,267,479,483,490,554,405,365,296,225,539,0
2,1769098522336,909,330,10562,629191,-157603,-127059,0,0,0,470,571,264,494,489,504,548,397,374,297,221,556,0
2,1769098522352,890,215,10758,811229,-178372,-142942,0,0,0,484,579,255,505,501,514,541,395,382,296,219,570,0
2,1769098522368,894,100,11031,1009149,-125838,-163711,0,0,0,499,587,242,517,519,521,531,396,385,299,221,586,0
2,1769098522384,799,90,11615,1193630,-26878,-186924,0,0,0,513,590,232,528,528,523,521,390,388,308,226,600,0
2,1769098522400,808,62,12481,1445307,13439,-191811,0,0,0,517,594,227,535,528,530,504,379,399,320,234,616,0
2,1769098522416,727,52,13491,1872912,9773,-172263,0,0,0,524,598,217,545,544,527,472,374,418,326,236,627,0
2,1769098522432,617,43,14209,2461786,0,-105068,0,0,0,534,603,217,525,544,525,438,367,416,332,242,631,0
2,1769098522448,1167,-23,15156,3079982,1221,-70860,0,0,0,544,599,222,521,547,531,400,359,412,334,239,630,0
2,1769098522464,2010,-47,16343,3749490,-40317,-184481,0,0,0,545,607,223,521,555,541,363,351,422,330,251,624,0
2,1769098522480,2258,9,17750,4552167,-100181,-373849,0,0,0,545,589,216,532,570,559,315,312,412,297,210,612,0
2,1769098522496,2785,-57,19861,5528330,-151494,-574213,0,0,0,534,581,218,526,564,560,277,255,422,287,202,563,0
2,1769098522512,3828,-411,23273,6524040,-208915,-778242,0,0,0,495,560,217,505,544,543,268,201,413,271,179,509,0
2,1769098522528,4938,-1584,28360,7649254,-224798,-995710,0,0,0,451,538,199,479,516,511,265,175,385,263,177,478,0
2,1769098522544,5149,-1962,31423,8480031,-8552,-1205847,0,0,0,388,510,180,447,477,454,272,181,337,248,177,449,0
2,1769098522560,4651,-124,33108,8913745,289550,-1434311,0,0,0,302,470,166,394,423,395,294,222,294,210,168,359,0
2,1769098522576,5049,5020,32787,8761029,371406,-1671327,0,0,0,261,443,163,366,385,368,310,246,279,181,158,273,0
2,1769098522592,6910,13515,25206,7909483,74525,-2063502,0,0,0,259,435,162,359,382,360,315,255,279,171,153,235,0
2,1769098522608,7465,18951,14816,6289468,-276111,-2392148,0,0,0,253,435,161,351,387,352,309,267,271,164,152,221,0
2,1769098522624,4178,22029,9959,2302961,-616973,-1765400,0,0,0,247,433,160,350,380,347,301,272,259,160,152,216,0
2,1769098522640,1143,19267,10189,-2638937,-1218065,-326202,0,0,0,244,427,160,349,378,345,302,278,256,159,152,210,0
2,1769098522656,2632,11170,9657,-4979773,-1897347,757472,0,0,0,239,427,159,345,376,342,297,286,251,156,154,200,0
2,1769098522672,6671,5809,5556,-4786740,-1858252,662177,0,0,0,230,427,158,341,376,338,293,297,244,153,159,197,0
2,1769098522688,8293,4685,3283,-4541172,-1094670,68416,0,0,0,227,427,156,341,378,336,286,302,236,156,169,193,0
2,1769098522704,6427,5628,4340,-4842939,-59864,-583987,0,0,0,230,430,158,342,380,333,281,312,233,157,174,192,0
2,1769098522720,3943,5575,6609,-5319414,362853,-785572,0,0,0,227,426,155,340,379,330,277,316,237,153,174,187,0
2,1769098522736,3101,4943,8001,-5579643,553443,-736703,0,0,0,228,426,155,337,378,328,282,324,238,153,178,186,0
2,1769098522752,3278,4417,9030,-5704259,824668,-541226,0,0,0,225,426,154,338,380,330,284,325,238,154,179,186,0
2,1769098522768,2919,4082,10911,-5909510,1227839,-259006,0,0,0,225,425,155,338,379,328,286,327,240,157,182,185,0
2,1769098522784,2364,3709,13290,-6197838,1544267,94073,0,0,0,225,423,154,338,380,328,287,331,241,154,184,179,0
2,1769098522800,2407,3321,15453,-6488610,1688431,393397,0,0,0,223,425,154,337,377,327,288,340,239,153,182,178,0
2,1769098522816,2775,2833,18143,-6803817,1854586,664621,0,0,0,220,428,155,337,375,326,289,345,236,153,181,178,0
2,1769098522832,3216,2278,21177,-7062823,2020742,869872,0,0,0,220,424,152,337,375,326,289,342,235,153,182,175,0
2,1769098522848,3809,1517,25369,-7308391,2185675,1125213,0,0,0,222,418,151,337,376,328,289,339,238,153,183,174,0
2,1769098522864,4508,277,30078,-7472103,2309070,1488067,0,0,0,222,420,150,338,374,328,294,340,240,153,181,174,0
2,1769098522880,4589,-4197,33591,-7519751,2514321,2095267,0,0,0,222,420,149,340,374,330,301,342,245,156,181,178,0
2,1769098522896,2435,-13294,35879,-7280291,2762332,2703689,0,0,0,226,425,156,347,374,339,309,333,251,159,177,181,0
2,1769098522912,-588,-25718,34142,-6445850,2186897,2831971,0,0,0,223,426,152,352,376,342,320,332,251,162,177,182,0
2,1769098522928,449,-38186,26470,-5143485,1147204,2309070,0,0,0,226,426,149,352,375,342,325,334,254,162,177,182,0
2,1769098522944,2215,-48762,14108,-3064100,697608,603534,0,0,0,227,427,152,350,374,341,325,335,254,163,178,183,0
2,1769098522960,-5446,-49825,11533,-1106887,971275,-1077566,0,0,0,222,412,149,353,370,340,350,409,251,172,209,180,0
2,1769098522976,-12720,-44608,15860,825889,315206,-1776396,0,0,0,219,378,146,335,348,331,402,450,255,199,290,182,0
2,1769098522992,-10681,-24383,23555,3077539,-1898569,-1127657,0,0,0,225,358,148,333,324,336,431,460,253,213,334,184,0
2,1769098523008,23,3981,20143,5634620,-4111123,-89186,0,0,0,237,362,159,338,318,349,436,493,261,281,412,178,0
2,1769098523024,3378,6283,16688,6989520,-2670702,823446,0,0,0,243,368,163,351,320,361,463,512,267,324,448,181,0
2,1769098523040,-2172,-1387,21928,5799554,-680503,707381,0,0,0,249,383,170,360,323,373,506,521,279,305,430,205,0
2,1769098523056,-3177,-3263,22531,4034154,-61086,50090,0,0,0,258,405,184,367,328,383,536,550,289,315,435,231,0
2,1769098523072,1708,507,15070,2230879,-509461,-367740,0,0,0,267,427,197,378,342,390,557,584,288,350,449,265,0
2,1769098523088,2234,842,11131,1422094,-513126,-7330,0,0,0,281,456,209,390,367,403,583,596,304,327,414,326,0
2,1769098523104,909,-244,10327,553443,-390953,223576,0,0,0,303,480,223,405,382,422,599,606,321,347,428,362,0
2,1769098523120,105,-253,10854,64751,-335975,108734,0,0,0,331,489,240,414,386,423,594,609,311,394,468,366,0
2,1769098523136,516,646,10356,-40317,-315206,-10995,0,0,0,345,503,253,417,391,431,610,630,316,358,421,388,0
2,1769098523152,789,966,10050,-18325,-245567,-12217,0,0,0,367,506,265,417,392,432,614,630,322,376,439,392,0
2,1769098523168,751,866,10136,3665,-157603,12217,0,0,0,364,507,265,418,394,431,612,624,312,411,481,376,0
2,1769098523184,670,818,10212,17104,-89186,1221,0,0,0,366,510,265,421,395,431,618,623,317,420,494,374,0
2,1769098523200,660,861,10179,41538,-47647,-15882,0,0,0,374,517,274,415,394,428,611,613,312,379,439,386,0
2,1769098523216,684,890,10122,89186,-12217,-23212,0,0,0,376,518,288,422,396,432,607,608,320,406,455,385,0
2,1769098523232,684,880,10098,141720,12217,-25656,0,0,0,375,518,279,420,400,431,600,600,320,400,443,384,0
2,1769098523248,698,851,10098,184481,28099,-23212,0,0,0,375,522,267,408,439,417,596,594,322,363,400,391,0
2,1769098523264,741,813,10078,206472,25656,-21991,0,0,0,377,526,266,411,439,421,590,583,324,362,398,394,0
2,1769098523280,804,770,10045,212581,12217,-26878,0,0,0,381,531,265,422,409,434,585,568,328,347,380,399,0
2,1769098523296,813,741,10045,212581,-7330,-35430,0,0,0,386,539,264,423,413,436,582,555,334,294,317,413,0
2,1769098523312,794,717,10059,219911,-29321,-46425,0,0,0,393,537,273,426,413,449,571,542,336,292,311,422,0
2,1769098523328,770,693,10050,230907,-42760,-53756,0,0,0,400,537,281,426,419,462,572,541,350,294,300,432,0
2,1769098523344,784,655,10031,245567,-58643,-56199,0,0,0,405,543,284,430,421,461,571,521,360,317,306,438,0
2,1769098523360,818,626,10045,270002,-81855,-63529,0,0,0,423,553,295,440,433,456,566,503,353,288,262,452,0
2,1769098523376,808,598,10102,311541,-105068,-74525,0,0,0,432,561,287,453,449,465,560,479,355,298,263,469,0
2,1769098523392,784,550,10203,368962,-124616,-85521,0,0,0,449,570,287,464,457,469,555,462,374,294,245,490,0
2,1769098523408,827,483,10342,444709,-144164,-100181,0,0,0,459,578,290,480,476,484,551,436,377,296,236,519,0
2,1769098523424,890,416,10528,566882,-183259,-129503,0,0,0,473,586,277,490,489,502,537,409,373,297,226,546,0
2,1769098523440,928,335,10777,736703,-233350,-166155,0,0,0,485,590,263,491,494,510,534,393,394,318,244,566,0
2,1769098523456,890,205,11232,995710,-273667,-197920,0,0,0,499,599,255,503,512,522,525,394,407,317,240,586,0
2,1769098523472,722,177,12151,1348790,-239459,-218689,0,0,0,511,607,245,522,533,533,486,402,405,311,227,602,0
2,1769098523488,545,239,13170,1712866,-109955,-215024,0,0,0,519,612,233,530,544,533,466,399,401,312,233,610,0
2,1769098523504,469,172,13759,2135584,-31764,-178372,0,0,0,529,615,224,528,545,527,461,385,395,313,240,617,0
2,1769098523520,636,71,14314,2638937,-40317,-122173,0,0,0,538,613,218,520,541,527,426,378,391,318,239,625,0
2,1769098523536,1512,-4,15424,3260798,-133168,-133168,0,0,0,543,607,217,512,543,538,393,370,393,327,247,622,0
2,1769098523552,2340,-38,16630,3899763,-224798,-267558,0,0,0,542,606,214,526,554,531,348,349,395,322,234,624,0
2,1769098523568,2445,23,18497,4774522,-283441,-524122,0,0,0,534,622,219,518,557,527,317,312,417,292,211,602,0
2,1769098523584,2943,47,21320,5861862,-313984,-744033,0,0,0,520,590,221,511,568,527,276,256,417,278,200,556,0
2,1769098523600,4469,-909,25508,7094588,-399505,-974940,0,0,0,496,568,208,495,542,510,270,211,399,273,186,504,0
2,1769098523616,6159,-2187,29619,8071973,-357967,-1216843,0,0,0,443,544,197,471,505,485,264,188,368,274,191,477,0
2,1769098523632,5886,-1411,32629,8751255,-194255,-1525941,0,0,0,370,506,180,430,461,440,267,190,322,252,180,443,0
2,1769098523648,5412,1430,33826,9056688,-140499,-1820378,0,0,0,273,456,166,379,401,385,291,222,281,199,159,323,0
2,1769098523664,6733,7135,31758,8836776,-180816,-2084272,0,0,0,248,444,168,364,387,371,305,246,276,177,154,261,0
2,1769098523680,8662,14668,22545,7942469,-304210,-2500882,0,0,0,242,444,163,358,387,366,305,268,276,171,157,239,0
2,1769098523696,8298,20267,11921,5988922,-470366,-2769662,0,0,0,237,443,162,349,384,357,299,282,265,166,161,228,0
2,1769098523712,4087,23876,8619,1275486,-613308,-1832595,0,0,0,232,439,161,340,382,349,296,292,255,161,158,220,0
2,1769098523728,1541,19865,9384,-3659082,-1023810,-193033,0,0,0,225,435,157,337,382,343,294,298,248,156,155,212,0
2,1769098523744,3857,10189,8375,-5672494,-1513724,962723,0,0,0,221,432,156,337,381,341,287,295,240,154,162,205,0
2,1769098523760,7977,4221,4245,-5020090,-1218065,818559,0,0,0,218,431,155,335,379,337,283,301,236,154,167,198,0
2,1769098523776,7997,4259,3436,-4636467,-316428,208915,0,0,0,218,435,155,333,380,333,276,304,233,162,183,197,0
2,1769098523792,6001,5379,5096,-4838052,397062,-202807,0,0,0,218,432,152,336,385,329,282,315,235,158,176,194,0
2,1769098523808,4235,5455,7628,-5384166,674395,-219911,0,0,0,220,432,152,337,384,328,281,321,232,157,178,190,0
2,1769098523824,4503,4556,8882,-5681046,810007,-10995,0,0,0,220,434,152,334,382,326,280,329,232,153,174,184,0
2,1769098523840,4723,3852,10284,-5832541,1181413,249233,0,0,0,219,431,159,332,382,337,280,335,243,153,182,194,0
2,1769098523856,4321,3484,12309,-6045122,1550375,544891,0,0,0,216,431,160,330,382,337,277,333,239,154,185,195,0
2,1769098523872,4024,3316,14477,-6351776,1775174,845437,0,0,0,216,432,154,328,381,324,279,340,234,154,188,183,0
2,1769098523888,4120,2952,16874,-6719517,1958433,1102000,0,0,0,219,433,152,331,385,322,280,346,233,155,193,182,0
2,1769098523904,4111,2187,19851,-7046941,2145358,1286482,0,0,0,219,432,151,333,386,325,283,348,234,155,191,180,0
2,1769098523920,4111,1282,22742,-7195992,2251649,1364672,0,0,0,219,429,152,335,385,327,286,349,236,155,185,180,0
2,1769098523936,4704,301,27604,-7283957,2375044,1451415,0,0,0,219,428,153,336,382,328,287,342,237,154,179,180,0
2,1769098523952,5202,-1550,32323,-7375586,2546086,1673770,0,0,0,217,429,151,336,380,330,293,336,240,153,177,181,0
2,1769098523968,4096,-6479,36223,-7422012,2820975,2034181,0,0,0,217,431,151,340,381,337,302,336,246,155,177,184,0
2,1769098523984,258,-16381,38157,-7180110,2875953,2350609,0,0,0,218,431,151,345,379,344,315,334,255,158,178,186,0
2,1769098524000,-411,-31208,32366,-6239377,1915673,2026850,0,0,0,218,430,149,348,381,346,321,334,255,159,178,186,0
2,1769098524016,2435,-45316,20081,-4603480,1186300,588874,0,0,0,219,430,149,349,383,348,323,336,258,159,180,186,0
2,1769098524032,-2100,-51868,11194,-2497217,1503950,-1676214,0,0,0,220,427,150,350,382,347,327,342,258,163,181,187,0
2,1769098524048,-13998,-48628,12763,-373849,1132544,-2949257,0,0,0,218,422,148,343,381,343,323,342,254,160,180,181,0
2,1769098524064,-15864,-39540,16764,1535715,-368962,-2745228,0,0,0,208,379,139,337,352,332,407,447,254,190,277,177,0
2,1769098524080,-6479,-10509,23972,3131295,-2796541,-1385442,0,0,0,219,335,148,326,303,336,450,468,260,211,346,187,0
2,1769098524096,2024,16137,21019,4240626,-5283984,243124,0,0,0,234,332,154,330,298,347,487,491,269,264,416,194,0
2,1769098524112,1837,12318,13146,5597969,-4988325,1633453,0,0,0,245,334,162,346,290,365,523,534,276,342,471,193,0
2,1769098524128,-6384,-2555,20354,5828876,-1899790,1372003,0,0,0,257,358,172,359,298,373,553,561,280,373,490,208,0
2,1769098524144,-5474,-4690,24493,4467868,-390953,124616,0,0,0,261,386,179,372,316,382,578,586,283,415,519,234,0
2,1769098524160,1550,134,18071,2649933,-474031,-376292,0,0,0,270,418,186,391,338,402,602,614,298,465,553,273,0
2,1769098524176,2335,885,11576,1508837,-537561,37873,0,0,0,287,451,194,408,369,422,617,626,309,495,572,317,0
2,1769098524192,536,-607,9987,590095,-376292,241902,0,0,0,304,475,203,419,396,429,622,630,315,503,574,349,0
2,1769098524208,268,-282,10734,245567,-219911,79412,0,0,0,321,490,213,427,401,432,628,639,331,495,569,373,0
2,1769098524224,765,684,10485,79412,-139277,-36651,0,0,0,335,498,219,427,401,432,625,636,323,500,572,386,0
2,1769098524240,1019,947,9968,80634,-133168,-18325,0,0,0,346,507,222,427,405,427,621,635,325,498,568,383,0
2,1769098524256,847,703,10045,68416,-108734,1221,0,0,0,359,502,229,437,401,427,624,637,324,504,568,390,0
2,1769098524272,713,650,10212,67195,-67195,-8552,0,0,0,357,502,227,443,404,433,621,625,326,478,545,406,0
2,1769098524288,717,746,10208,111177,-17104,-26878,0,0,0,363,500,227,436,400,430,614,619,323,467,525,399,0
2,1769098524304,780,756,10093,189368,24434,-28099,0,0,0,361,504,225,440,402,430,606,607,324,350,387,436,0
2,1769098524320,808,679,10040,248011,47647,-26878,0,0,0,364,505,222,442,402,434,600,595,322,326,348,447,0
2,1769098524336,832,598,10040,268780,47647,-31764,0,0,0,366,502,218,446,403,439,595,579,323,316,329,442,0
2,1769098524352,866,555,10040,283441,47647,-42760,0,0,0,363,500,212,453,404,442,593,571,326,307,309,439,0
2,1769098524368,914,531,10026,291993,34208,-52534,0,0,0,367,506,210,454,406,441,586,559,328,350,347,441,0
2,1769098524384,952,497,10021,289550,8552,-58643,0,0,0,380,506,214,461,413,450,582,547,328,344,330,450,0
2,1769098524400,961,454,10031,284663,-30543,-62308,0,0,0,395,505,218,469,417,458,580,532,328,307,273,464,0
2,1769098524416,914,435,10050,299323,-53756,-65973,0,0,0,405,512,217,464,423,456,579,513,341,303,262,482,0
2,1769098524432,851,406,10074,333532,-65973,-67195,0,0,0,410,523,215,461,435,463,578,496,357,298,253,503,0
2,1769098524448,856,335,10112,378736,-59864,-69638,0,0,0,420,535,213,477,445,477,566,470,358,289,233,516,0
2,1769098524464,885,272,10179,426383,-52534,-73303,0,0,0,439,544,216,492,459,485,546,433,381,292,225,531,0
2,1769098524480,928,196,10251,489913,-43982,-79412,0,0,0,450,554,219,504,481,517,560,417,397,289,217,553,0
2,1769098524496,947,100,10380,576656,-37873,-90408,0,0,0,476,561,220,507,487,526,556,402,405,294,217,569,0
2,1769098524512,904,0,10586,709825,-35430,-94073,0,0,0,488,569,226,516,511,520,542,387,408,296,209,584,0
2,1769098524528,933,-153,10892,919963,-1221,-87964,0,0,0,497,572,218,532,515,521,529,391,413,313,216,605,0
2,1769098524544,1057,-196,11552,1165530,112399,-101403,0,0,0,502,579,220,539,519,540,514,384,409,310,218,615,0
2,1769098524560,1541,-201,12701,1506393,357967,-188146,0,0,0,517,594,221,537,527,542,493,380,416,324,229,622,0
2,1769098524576,1296,-47,13864,1896125,482583,-291993,0,0,0,525,591,223,535,531,538,464,373,429,330,234,632,0
2,1769098524592,837,-47,14558,2339613,233350,-213802,0,0,0,531,585,221,536,535,540,438,365,424,330,233,641,0
2,1769098524608,1598,-234,15199,2880840,-14660,-140499,0,0,0,538,587,218,536,548,552,413,360,421,328,236,645,0
2,1769098524624,2680,-287,16180,3576005,-107512,-276111,0,0,0,541,587,220,531,554,557,379,341,430,314,229,642,0
2,1769098524640,2857,-186,17707,4454429,-141720,-531452,0,0,0,540,579,219,525,549,559,335,304,436,294,208,625,0
2,1769098524656,2689,-224,20421,5564982,-140499,-724486,0,0,0,521,564,210,516,554,570,292,254,435,280,199,575,0
2,1769098524672,3445,-574,23847,6635218,-140499,-846659,0,0,0,481,545,203,507,527,550,270,200,419,272,188,511,0
2,1769098524688,4776,-1569,28303,7717671,-68416,-962723,0,0,0,445,523,193,475,499,512,282,207,384,260,177,466,0
2,1769098524704,5125,-1943,31505,8492248,193033,-1116661,0,0,0,397,491,171,457,471,455,273,188,338,241,168,445,0
2,1769098524720,4364,-205,33921,8908858,412944,-1325577,0,0,0,295,461,166,390,417,393,288,210,291,214,166,374,0
2,1769098524736,4891,5551,33677,8800124,293215,-1576032,0,0,0,260,432,159,368,379,364,318,241,277,183,152,258,0
2,1769098524752,6905,14764,25254,7992560,-183259,-1969429,0,0,0,251,427,154,357,369,357,307,269,277,173,154,232,0
2,1769098524768,7432,20330,15687,6469062,-707381,-2367713,0,0,0,246,431,152,353,377,349,305,278,268,167,157,221,0
2,1769098524784,5795,23517,9863,2321287,-979827,-2185675,0,0,0,241,433,152,347,378,343,299,284,257,160,161,213,0
2,1769098524800,3508,21105,9274,-2348165,-1033583,-1406211,0,0,0,238,433,156,345,376,342,291,290,247,156,161,207,0
2,1769098524816,2493,13017,9581,-5330410,-1308473,-432492,0,0,0,227,431,154,339,370,335,283,286,237,179,202,201,0
2,1769098524832,4718,7398,6939,-5459913,-1605353,-112399,0,0,0,214,426,148,331,365,326,274,281,229,216,269,197,0
2,1769098524848,7714,4962,4379,-5158146,-1279151,-254119,0,0,0,214,425,147,335,370,324,274,295,227,215,268,194,0
2,1769098524864,7887,5336,5015,-5304753,-320093,-599869,0,0,0,223,427,149,341,377,325,287,324,230,166,181,189,0
2,1769098524880,5398,5384,7642,-5744576,432492,-687834,0,0,0,224,428,147,332,374,319,282,331,227,161,188,190,0
2,1769098524896,4058,4761,9447,-6026796,676838,-460592,0,0,0,217,429,142,331,377,316,280,334,222,160,192,185,0
2,1769098524912,4704,3852,10342,-6106208,882089,-116064,0,0,0,216,425,142,331,376,319,281,340,226,158,190,183,0
2,1769098524928,5072,3196,11777,-6184399,1277930,180816,0,0,0,220,425,144,333,375,319,286,347,229,154,187,176,0
2,1769098524944,4675,3000,14036,-6374989,1681101,411723,0,0,0,221,426,146,334,377,319,289,348,231,156,189,181,0
2,1769098524960,4422,2756,16673,-6713408,1888795,593761,0,0,0,220,423,144,335,378,320,289,348,231,171,202,182,0
2,1769098524976,4536,2201,19377,-6987076,2062281,751364,0,0,0,221,425,146,333,374,318,290,348,230,162,196,178,0
2,1769098524992,4718,1517,22766,-7133684,2288301,928515,0,0,0,220,424,147,335,373,321,292,347,230,157,190,176,0
2,1769098525008,4661,890,27551,-7193549,2532647,1237612,0,0,0,218,420,146,337,375,324,294,347,231,157,187,177,0
2,1769098525024,4139,-1167,32610,-7299839,2757445,1820378,0,0,0,218,417,148,337,373,326,300,346,235,160,186,181,0
2,1769098525040,1832,-7293,35304,-7319387,2916270,2487443,0,0,0,220,415,149,339,371,330,308,343,240,162,184,183,0
2,1769098525056,-2120,-18588,36936,-6991963,2637716,3045774,0,0,0,220,413,145,342,374,335,314,341,245,161,184,182,0
2,1769098525072,-1206,-32146,32663,-6078109,1407433,2822197,0,0,0,220,414,145,344,377,337,319,344,247,162,188,183,0
2,1769098525088,4393,-44709,20559,-4311486,701273,1142317,0,0,0,223,419,147,342,376,337,322,344,247,160,186,180,0
2,1769098525104,205,-51126,12419,-2217440,1188743,-1099557,0,0,0,223,415,147,345,373,336,329,361,247,164,195,178,0
2,1769098525120,-12055,-48609,13754,-259006,966388,-2085493,0,0,0,211,385,140,337,351,328,368,456,240,189,252,176,0
2,1769098525136,-15238,-36539,20445,1841147,-808785,-1643227,0,0,0,229,326,148,326,295,328,439,464,248,213,314,186,0
2,1769098525152,-4379,-6312,23254,4362799,-3841120,-278554,0,0,0,236,337,153,325,298,336,465,479,261,231,384,186,0
2,1769098525168,3402,7748,17525,6229603,-4043927,772133,0,0,0,244,337,157,332,287,345,461,522,259,286,445,185,0
2,1769098525184,-622,2038,19827,6422637,-1670105,1265712,0,0,0,253,352,159,348,293,352,505,540,266,344,472,197,0
2,1769098525200,-4680,-3129,23268,4684114,-202807,400727,0,0,0,260,374,172,360,302,366,532,565,276,401,507,215,0
2,1769098525216,-727,-1206,18836,3049439,-279776,-301767,0,0,0,268,408,185,373,326,382,563,583,288,410,501,258,0
2,1769098525232,3144,1320,11768,1824043,-572991,-156381,0,0,0,281,438,201,388,353,396,588,599,296,422,504,287,0
2,1769098525248,1694,220,10504,894306,-452040,168598,0,0,0,295,459,218,402,374,407,598,612,307,474,528,312,0
2,1769098525264,253,-296,10897,222354,-316428,172263,0,0,0,308,473,228,412,385,414,605,617,313,505,535,346,0
2,1769098525280,421,430,10571,63529,-261450,26878,0,0,0,325,483,242,418,389,420,608,625,305,487,535,358,0
2,1769098525296,794,928,10136,54977,-217468,-23212,0,0,0,342,493,255,422,393,421,613,625,304,496,537,364,0
2,1769098525312,880,942,10059,58643,-141720,-1221,0,0,0,344,492,258,423,398,424,612,626,305,497,537,361,0
2,1769098525328,746,861,10174,46425,-76969,-1221,0,0,0,342,493,264,420,393,427,604,620,303,480,531,358,0
2,1769098525344,713,880,10189,59864,-24434,-17104,0,0,0,347,499,281,420,393,427,604,620,310,480,529,355,0
2,1769098525360,760,942,10112,107512,9773,-30543,0,0,0,341,498,263,419,391,420,597,608,303,439,483,356,0
2,1769098525376,780,942,10059,158824,20769,-29321,0,0,0,340,496,260,418,394,416,493,543,306,411,454,364,0
2,1769098525392,780,909,10040,199142,20769,-26878,0,0,0,347,502,261,422,398,419,563,567,308,428,458,372,0
2,1769098525408,808,837,10035,221133,17104,-26878,0,0,0,349,506,266,420,399,425,580,569,311,370,395,386,0
2,1769098525424,837,784,10016,226020,12217,-31764,0,0,0,355,510,259,421,403,427,576,559,312,319,345,392,0
2,1769098525440,866,746,9997,218689,-3665,-39095,0,0,0,361,514,254,421,407,428,573,547,315,308,337,395,0
2,1769098525456,880,713,9997,212581,-28099,-45204,0,0,0,370,518,258,424,410,431,570,538,323,307,324,401,0
2,1769098525472,885,689,9992,210137,-56199,-52534,0,0,0,383,525,261,432,418,434,568,527,329,303,301,412,0
2,1769098525488,856,684,9992,218689,-84299,-56199,0,0,0,397,535,264,440,431,439,568,515,332,303,290,430,0
2,1769098525504,837,670,10050,252898,-97738,-57421,0,0,0,413,542,273,446,441,445,563,500,339,298,271,452,0
2,1769098525520,866,655,10150,312763,-103847,-64751,0,0,0,428,554,276,449,447,453,563,480,346,292,253,470,0
2,1769098525536,880,598,10208,387288,-111177,-79412,0,0,0,443,570,281,465,467,477,565,448,360,295,245,486,0
2,1769098525552,885,507,10275,455705,-120951,-97738,0,0,0,467,573,299,469,475,485,548,422,391,299,239,514,0
2,1769098525568,894,416,10404,536339,-138055,-117286,0,0,0,477,585,292,489,490,506,548,401,376,297,225,535,0
2,1769098525584,990,344,10720,678060,-168598,-146607,0,0,0,484,590,278,501,515,510,545,385,406,321,251,551,0
2,1769098525600,1153,282,11385,935845,-222354,-193033,0,0,0,505,597,259,510,520,529,533,383,414,316,236,583,0
2,1769098525616,933,320,12505,1351233,-241902,-233350,0,0,0,518,608,248,521,529,526,511,388,404,315,228,602,0
2,1769098525632,492,406,13658,1839926,-174707,-224798,0,0,0,523,609,228,526,533,527,487,384,407,311,226,610,0
2,1769098525648,263,378,14328,2366491,-74525,-141720,0,0,0,536,609,216,526,538,534,449,377,401,320,235,623,0
2,1769098525664,708,229,14845,2897944,-75747,-53756,0,0,0,547,619,219,521,544,532,410,374,385,326,242,625,0
2,1769098525680,1445,157,15831,3489262,-139277,-50090,0,0,0,552,622,225,515,544,527,371,366,388,320,237,619,0
2,1769098525696,2230,224,17372,4255287,-254119,-191811,0,0,0,552,613,221,509,547,536,321,353,400,303,226,610,0
2,1769098525712,3297,162,19114,5094616,-382401,-423940,0,0,0,536,605,212,502,555,541,280,318,400,282,213,584,0
2,1769098525728,4225,90,22608,6273586,-560774,-808785,0,0,0,505,586,209,491,544,516,265,243,399,273,202,534,0
2,1769098525744,4982,-1076,27456,7407351,-722042,-1082453,0,0,0,467,562,198,477,516,494,254,200,373,266,191,496,0
2,1769098525760,6226,-1885,30887,8296771,-724486,-1335351,0,0,0,414,534,188,453,485,466,250,181,326,254,181,463,0
2,1769098525776,6278,-330,31801,8695055,-576656,-1629788,0,0,0,334,489,174,411,452,412,267,210,290,237,181,417,0
2,1769098525792,6365,3292,31706,8742703,-471587,-1894903,0,0,0,241,442,158,352,385,357,294,245,261,174,160,256,0
2,1769098525808,8571,10361,27408,8300436,-478918,-2212553,0,0,0,243,438,161,353,377,360,300,266,273,174,162,240,0
2,1769098525824,10782,17932,16688,6977302,-293215,-2700024,0,0,0,240,441,158,347,377,352,292,274,263,168,164,226,0
2,1769098525840,8518,23905,9136,3893655,20769,-2678033,0,0,0,235,438,158,344,380,345,293,289,255,162,164,218,0
2,1769098525856,2301,23708,9485,-1132544,-139277,-1334129,0,0,0,234,431,159,342,382,341,294,293,251,157,162,210,0
2,1769098525872,2191,14989,9887,-4235739,-1050688,491135,0,0,0,230,428,158,342,383,342,292,298,247,156,163,203,0
2,1769098525888,6192,8178,6724,-4894252,-1298699,1268156,0,0,0,222,432,158,339,382,342,283,305,240,152,168,198,0
2,1769098525904,9394,5154,3244,-4440990,-338419,959058,0,0,0,219,432,159,337,383,339,282,315,237,151,172,195,0
2,1769098525920,6130,6034,4809,-4609589,726929,394618,0,0,0,220,429,158,336,386,333,286,326,237,152,176,190,0
2,1769098525936,2158,6503,7776,-5202128,1138652,156381,0,0,0,223,429,156,335,388,329,286,334,237,151,180,184,0
2,1769098525952,1976,5546,8997,-5574756,1012814,294437,0,0,0,228,428,159,334,388,328,286,342,239,150,184,180,0
2,1769098525968,2325,4623,10016,-5764124,1149648,411723,0,0,0,230,430,158,331,383,323,285,344,238,149,184,178,0
2,1769098525984,1895,4326,11768,-5909510,1481959,498466,0,0,0,225,426,156,332,386,326,286,348,239,150,188,180,0
2,1769098526000,1153,4407,14252,-6238155,1635897,630412,0,0,0,229,424,156,339,391,325,301,350,240,154,192,177,0
2,1769098526016,947,4154,16750,-6638883,1688431,786794,0,0,0,231,421,155,342,389,329,306,351,240,155,188,173,0
2,1769098526032,1115,3345,19071,-6927211,1729970,918741,0,0,0,230,423,156,338,389,324,306,351,237,155,190,173,0
2,1769098526048,1407,2349,22053,-7051828,1798387,1051909,0,0,0,227,424,156,341,390,325,307,352,237,159,193,176,0
2,1769098526064,1938,1722,26049,-7132462,1854586,1269377,0,0,0,228,423,156,342,393,327,310,351,237,157,188,174,0
2,1769098526080,2751,526,30126,-7214318,1876578,1598023,0,0,0,227,423,154,343,392,328,312,351,239,156,186,173,0
2,1769098526096,3991,-3795,33290,-7243640,1923003,2039068,0,0,0,224,424,152,343,392,332,311,352,241,153,185,176,0
2,1769098526112,3551,-13223,34410,-6955311,2058615,2218662,0,0,0,222,424,152,344,393,337,311,349,247,165,190,179,0
2,1769098526128,2115,-25144,32270,-6269920,1871691,1973094,0,0,0,223,425,153,345,392,339,318,349,257,169,192,181,0
2,1769098526144,1100,-36415,24833,-5044525,1436755,1139874,0,0,0,225,429,154,345,390,340,324,351,266,158,187,179,0
2,1769098526160,-2823,-43512,16597,-3227811,1279151,-257785,0,0,0,223,429,153,347,388,341,327,350,266,158,188,177,0
2,1769098526176,-8801,-46542,12644,-1381777,919963,-1489289,0,0,0,219,423,149,345,383,341,322,351,258,157,188,177,0
2,1769098526192,-11208,-43732,13290,432492,-26878,-1951103,0,0,0,215,407,148,341,367,339,338,373,247,165,210,178,0
2,1769098526208,-6259,-31404,16975,2216219,-1073901,-1613905,0,0,0,212,365,141,335,341,326,414,452,238,199,305,173,0
2,1769098526224,-928,-6015,22689,3660304,-2612059,-724486,0,0,0,227,338,154,324,304,334,449,464,253,217,356,177,0
2,1769098526240,2512,10591,17339,4855156,-3753156,616973,0,0,0,239,345,154,333,302,346,484,485,268,246,416,177,0
2,1769098526256,-153,5819,15381,5929058,-2497217,1540602,0,0,0,249,349,162,348,296,356,498,533,265,365,481,183,0
2,1769098526272,-5900,-4714,22191,5593082,-331088,1138652,0,0,0,260,375,180,355,300,370,533,569,274,418,516,206,0
2,1769098526288,-2129,-2732,21526,3794694,-263893,0,0,0,0,262,401,186,367,322,380,572,594,287,469,549,231,0
2,1769098526304,2144,296,15443,2171015,-540004,-227241,0,0,0,278,434,208,384,354,395,592,607,315,450,542,259,0
2,1769098526320,2340,588,10447,962723,-503352,138055,0,0,0,292,462,224,397,380,412,604,616,321,442,532,303,0
2,1769098526336,684,-143,10241,398284,-277332,196698,0,0,0,310,478,237,414,392,428,612,620,316,457,535,332,0
2,1769098526352,330,157,10504,140499,-184481,48869,0,0,0,330,488,253,427,395,438,618,619,318,474,549,345,0
2,1769098526368,837,693,10284,101403,-168598,-19547,0,0,0,346,494,262,427,395,441,620,619,324,489,559,357,0
2,1769098526384,1019,794,10078,85521,-127059,-9773,0,0,0,356,494,267,428,394,443,619,615,320,500,558,367,0
2,1769098526400,918,698,10093,90408,-101403,2443,0,0,0,364,497,266,428,398,438,616,608,317,501,553,369,0
2,1769098526416,823,722,10179,128281,-85521,-12217,0,0,0,370,499,266,436,403,437,621,606,321,485,534,370,0
2,1769098526432,808,780,10193,186924,-48869,-25656,0,0,0,378,503,266,440,415,439,608,583,322,472,513,377,0
2,1769098526448,837,756,10145,244346,-2443,-25656,0,0,0,391,508,275,440,415,441,606,568,330,447,467,396,0
2,1769098526464,880,670,10107,276111,23212,-24434,0,0,0,386,505,267,435,422,434,600,565,333,315,323,424,0
2,1769098526480,899,607,10069,288328,31764,-28099,0,0,0,395,513,268,435,419,433,584,535,329,306,311,424,0
2,1769098526496,923,579,10045,284663,19547,-37873,0,0,0,394,517,262,436,418,441,579,520,339,295,293,429,0
2,1769098526512,952,545,10040,282219,1221,-47647,0,0,0,407,524,277,436,418,443,567,504,342,295,277,440,0
2,1769098526528,985,497,10045,284663,-25656,-57421,0,0,0,418,531,283,435,463,424,566,492,347,295,261,451,0
2,1769098526544,1014,440,10069,299323,-59864,-72082,0,0,0,424,537,283,440,454,439,561,478,356,291,249,462,0
2,1769098526560,990,392,10078,320093,-101403,-87964,0,0,0,429,545,276,454,444,459,555,463,356,290,242,478,0
2,1769098526576,904,344,10093,338419,-129503,-94073,0,0,0,432,550,263,464,456,466,553,447,356,360,268,483,0
2,1769098526592,890,311,10179,371406,-147829,-96516,0,0,0,440,553,268,467,467,478,553,431,369,387,274,496,0
2,1769098526608,971,277,10289,442266,-168598,-108734,0,0,0,458,563,288,471,477,495,549,412,382,291,224,534,0
2,1769098526624,1024,181,10370,537561,-194255,-133168,0,0,0,473,573,288,478,478,496,538,397,379,296,221,547,0
2,1769098526640,1043,76,10547,658512,-232128,-162490,0,0,0,484,578,271,493,500,503,529,388,383,299,218,558,0
2,1769098526656,1052,-9,10902,850324,-268780,-191811,0,0,0,500,588,248,499,515,508,517,385,383,303,225,581,0
2,1769098526672,1095,-81,11442,1102000,-267558,-228463,0,0,0,502,594,232,508,519,508,519,382,395,311,225,595,0
2,1769098526688,894,-76,12213,1389107,-200363,-266337,0,0,0,519,598,229,518,531,519,489,380,401,315,229,600,0
2,1769098526704,363,-19,12936,1709200,-98960,-235793,0,0,0,536,603,227,529,543,530,459,379,407,320,233,606,0
2,1769098526720,196,-71,13567,2127032,-41538,-131946,0,0,0,543,611,228,525,540,528,432,377,411,321,231,611,0
2,1769098526736,746,-229,14381,2642603,-26878,-42760,0,0,0,549,606,229,527,535,530,401,367,407,323,232,621,0
2,1769098526752,1593,-291,15707,3308446,-46425,-86742,0,0,0,543,603,226,515,537,523,363,352,415,321,230,623,0
2,1769098526768,2201,-268,17205,4039040,-98960,-226020,0,0,0,539,595,229,526,550,539,324,346,419,306,223,612,0
2,1769098526784,3196,-330,19315,4990769,-200363,-478918,0,0,0,529,584,224,527,557,542,288,295,416,287,209,572,0
2,1769098526800,3790,-435,22651,6024352,-337197,-752585,0,0,0,502,571,213,510,555,520,267,230,405,274,194,522,0
2,1769098526816,4972,-1378,27417,7172779,-463035,-976162,0,0,0,459,550,198,484,532,489,259,194,376,267,186,482,0
2,1769098526832,6121,-1943,30873,8097629,-409279,-1210734,0,0,0,404,522,178,450,493,453,260,191,333,254,183,453,0
2,1769098526848,5594,-454,32830,8761029,-204028,-1563815,0,0,0,324,490,161,408,452,405,274,219,290,224,177,394,0
2,1769098526864,5958,3235,32620,8764694,-218689,-1804495,0,0,0,237,444,160,361,388,366,300,257,272,177,158,257,0
2,1769098526880,7748,9987,27685,8238128,-304210,-2103819,0,0,0,244,441,166,367,385,371,304,276,278,169,156,237,0
2,1769098526896,8413,17678,15989,6644992,-426383,-2434908,0,0,0,245,439,164,358,390,372,301,283,276,161,159,222,0
2,1769098526912,5278,21258,10165,3109304,-580321,-1935221,0,0,0,245,436,162,356,378,352,300,283,257,158,154,207,0
2,1769098526928,2038,19243,9959,-1174082,-921184,-658512,0,0,0,243,430,162,349,379,347,300,291,258,154,154,200,0
2,1769098526944,2565,12289,9183,-3623652,-1445307,572991,0,0,0,240,427,159,348,381,343,299,302,254,155,162,197,0
2,1769098526960,6211,6934,4828,-3839898,-1425759,800233,0,0,0,233,427,159,342,379,343,293,307,245,153,166,194,0
2,1769098526976,7475,5719,2550,-3820351,-669508,324980,0,0,0,231,426,160,337,379,338,285,318,238,149,173,189,0
2,1769098526992,5125,6259,3986,-4272391,162490,-211359,0,0,0,229,424,158,338,379,337,284,323,239,148,172,188,0
2,1769098527008,2933,6159,5766,-4730540,555887,-460592,0,0,0,227,423,158,340,381,334,285,327,240,148,171,185,0
2,1769098527024,2048,5580,6949,-5037194,682947,-459370,0,0,0,227,423,158,338,380,331,288,337,241,182,201,183,0
2,1769098527040,1928,4986,8092,-5269323,923628,-328645,0,0,0,228,423,156,338,379,329,287,338,239,187,208,181,0
2,1769098527056,1631,4498,9815,-5538104,1248608,-141720,0,0,0,228,421,154,338,380,328,283,333,234,150,181,177,0
2,1769098527072,1273,4192,11940,-5855754,1492954,102625,0,0,0,225,420,154,335,378,326,286,338,235,150,180,173,0
2,1769098527088,1095,3996,13898,-6148969,1622458,354301,0,0,0,226,422,156,335,379,325,287,342,237,149,183,173,0
2,1769098527104,1287,3713,16276,-6470284,1672549,649960,0,0,0,229,422,157,335,377,325,288,342,237,149,183,173,0
2,1769098527120,2249,3220,18975,-6813590,1704314,904080,0,0,0,226,420,156,336,381,327,292,346,238,151,187,173,0
2,1769098527136,3445,2435,22191,-7171557,1826487,1121548,0,0,0,226,420,157,336,381,326,290,346,238,150,184,172,0
2,1769098527152,4388,1225,26752,-7415904,2020742,1378111,0,0,0,229,419,156,342,378,328,304,340,238,150,177,170,0
2,1769098527168,5197,-1296,31438,-7534411,2210110,1814269,0,0,0,225,417,155,341,375,333,303,344,243,150,177,174,0
2,1769098527184,4953,-6829,34366,-7484320,2466673,2355496,0,0,0,224,418,155,344,375,339,304,341,245,151,174,176,0
2,1769098527200,1799,-17898,35840,-7082371,2542421,2757445,0,0,0,225,420,156,344,372,346,315,341,255,155,175,180,0
2,1769098527216,301,-31198,32567,-6191730,1811826,2642603,0,0,0,226,421,158,345,371,353,320,343,261,166,180,186,0
2,1769098527232,2287,-42823,21502,-4345695,1084896,1339016,0,0,0,228,423,161,348,371,357,322,342,263,165,178,187,0
2,1769098527248,-1081,-48772,13610,-2333505,1144761,-477696,0,0,0,222,411,158,343,363,352,341,390,261,163,197,183,0
2,1769098527264,-10672,-49025,13117,-433714,981049,-1937664,0,0,0,211,372,150,332,339,340,388,454,257,183,260,180,0
2,1769098527280,-13960,-35740,21167,2085493,-1361007,-1693318,0,0,0,217,338,151,325,310,336,443,464,261,210,338,180,0
2,1769098527296,-4982,-8322,21182,5028642,-4129449,-640186,0,0,0,235,350,160,330,307,348,465,474,267,225,388,182,0
2,1769098527312,2680,4991,18377,6740287,-3513696,541226,0,0,0,248,359,165,345,305,362,493,494,286,251,416,190,0
2,1769098527328,-311,1445,21603,6349333,-1177748,968832,0,0,0,253,370,168,358,314,371,513,513,284,289,435,206,0
2,1769098527344,-4297,-3799,23857,4399451,80634,239459,0,0,0,258,395,174,362,317,376,542,550,295,344,470,234,0
2,1769098527360,-33,-1119,17252,2803871,-394618,-199142,0,0,0,271,417,192,382,333,398,576,588,305,415,513,266,0
2,1769098527376,2416,559,11509,1518610,-587652,-46425,0,0,0,281,449,200,399,365,412,592,605,318,443,527,306,0
2,1769098527392,1488,-47,10251,607200,-434936,205250,0,0,0,309,476,224,416,389,428,594,603,310,458,530,339,0
2,1769098527408,311,-124,10658,114842,-318871,114842,0,0,0,332,492,242,416,388,431,599,606,319,498,561,340,0
2,1769098527424,354,430,10500,-3665,-282219,-4886,0,0,0,351,499,263,419,389,431,608,613,320,504,555,349,0
2,1769098527440,698,770,10203,14660,-213802,-15882,0,0,0,364,503,277,414,386,426,610,614,319,499,547,354,0
2,1769098527456,746,784,10145,24434,-127059,1221,0,0,0,365,503,281,403,424,420,612,613,324,496,547,356,0
2,1769098527472,650,732,10198,37873,-58643,0,0,0,0,372,507,278,407,424,422,611,609,326,495,549,357,0
2,1769098527488,650,784,10184,90408,-30543,-19547,0,0,0,381,512,276,417,393,426,603,596,320,489,538,362,0
2,1769098527504,670,813,10145,162490,-10995,-29321,0,0,0,382,514,279,417,395,428,596,582,317,480,519,368,0
2,1769098527520,670,770,10122,218689,2443,-25656,0,0,0,387,519,281,419,399,429,590,573,318,447,479,377,0
2,1769098527536,693,693,10093,232128,10995,-18325,0,0,0,396,525,280,429,410,433,588,566,322,369,385,397,0
2,1769098527552,741,641,10074,234572,9773,-21991,0,0,0,395,525,275,429,411,437,576,560,328,333,345,403,0
2,1769098527568,775,622,10069,232128,-1221,-31764,0,0,0,395,527,266,436,420,442,573,550,336,302,319,412,0
2,1769098527584,770,588,10050,232128,-18325,-42760,0,0,0,407,534,272,432,422,442,570,534,342,299,308,417,0
2,1769098527600,770,555,10040,233350,-36651,-51312,0,0,0,407,535,271,431,426,442,561,520,335,369,375,423,0
2,1769098527616,770,536,10059,243124,-54977,-56199,0,0,0,410,540,272,437,428,446,560,507,344,306,281,442,0
2,1769098527632,765,516,10098,268780,-74525,-64751,0,0,0,425,551,277,449,444,456,556,493,350,295,255,457,0
2,1769098527648,765,507,10160,312763,-95294,-74525,0,0,0,433,560,271,461,453,460,555,480,354,296,244,482,0
2,1769098527664,780,454,10217,366519,-114842,-84299,0,0,0,442,567,273,469,462,472,549,458,365,294,239,499,0
2,1769098527680,842,368,10313,437379,-145385,-98960,0,0,0,459,575,277,485,477,482,538,433,379,308,244,516,0
2,1769098527696,851,268,10399,536339,-182037,-127059,0,0,0,478,584,278,498,491,490,528,410,382,311,233,537,0
2,1769098527712,890,186,10595,658512,-211359,-156381,0,0,0,490,594,270,503,507,500,524,393,381,308,224,559,0
2,1769098527728,995,105,11036,862541,-248011,-196698,0,0,0,497,601,254,504,518,509,522,387,385,311,229,580,0
2,1769098527744,780,105,11749,1163087,-230907,-237015,0,0,0,504,604,238,507,520,513,516,388,396,311,231,596,0
2,1769098527760,416,100,12567,1494176,-123394,-241902,0,0,0,517,610,226,519,532,516,497,381,412,322,237,603,0
2,1769098527776,224,86,13371,1891238,-9773,-177150,0,0,0,531,618,224,519,544,517,460,381,415,334,254,615,0
2,1769098527792,354,14,14008,2356718,18325,-91629,0,0,0,544,609,225,532,559,529,423,373,436,320,231,618,0
2,1769098527808,861,-76,14859,2908940,-14660,-42760,0,0,0,547,615,229,535,566,513,390,367,420,331,238,618,0
2,1769098527824,1947,-81,16348,3632204,-91629,-134390,0,0,0,548,600,221,503,555,515,350,337,429,331,267,633,0
2,1769098527840,2584,-9,18238,4517959,-185703,-370184,0,0,0,547,610,224,504,567,535,304,314,417,298,226,613,0
2,1769098527856,2976,47,20516,5489235,-283441,-618195,0,0,0,529,596,222,505,566,538,275,264,431,278,200,564,0
2,1769098527872,4125,-421,24259,6652322,-456927,-872315,0,0,0,495,578,211,498,551,526,262,211,412,274,189,519,0
2,1769098527888,5671,-1545,28389,7683462,-575435,-1108109,0,0,0,454,554,199,474,515,489,255,176,367,267,184,487,0
2,1769098527904,6030,-1588,32198,8560665,-496022,-1414763,0,0,0,388,519,180,440,474,439,261,187,320,254,185,453,0
2,1769098527920,5369,540,33931,9007818,-427605,-1681101,0,0,0,297,477,165,391,438,390,281,222,289,215,177,362,0
2,1769098527936,6255,6360,32093,8861211,-505796,-1916895,0,0,0,246,445,160,356,402,361,301,256,277,177,163,265,0
2,1769098527952,8317,13792,24847,8118399,-634078,-2216219,0,0,0,253,440,159,355,381,359,306,270,276,167,157,231,0
2,1769098527968,9083,20100,13563,6290690,-673173,-2526538,0,0,0,249,440,159,351,381,356,301,275,272,160,155,222,0
2,1769098527984,5015,23704,8571,1755626,-690277,-1916895,0,0,0,244,433,163,342,378,349,297,279,263,155,153,220,0
2,1769098528000,1722,20220,9093,-2780658,-1091005,-580321,0,0,0,239,432,160,344,378,344,300,286,255,153,157,205,0
2,1769098528016,3675,11112,8030,-5175250,-1645670,675616,0,0,0,235,430,160,339,377,340,292,300,246,152,158,199,0
2,1769098528032,8159,5910,3986,-4921130,-1104444,648738,0,0,0,227,431,164,337,380,341,292,311,246,150,164,197,0
2,1769098528048,8418,5063,2914,-4673119,63529,105068,0,0,0,226,429,158,339,382,337,288,315,238,151,167,190,0
2,1769098528064,4881,5967,5302,-4966334,850324,-289550,0,0,0,220,425,153,337,382,331,284,323,237,148,169,184,0
2,1769098528080,2703,5623,7671,-5430591,910189,-221133,0,0,0,221,425,157,334,382,331,283,328,237,149,173,184,0
2,1769098528096,2675,4795,8767,-5667607,1003040,-30543,0,0,0,224,426,157,334,381,328,283,333,238,147,176,179,0
2,1769098528112,2555,4163,10107,-5791002,1363451,150272,0,0,0,225,427,157,333,380,325,284,338,238,147,177,176,0
2,1769098528128,1785,3823,11974,-5942497,1707979,349414,0,0,0,228,429,161,332,380,326,286,343,238,148,178,176,0
2,1769098528144,985,3728,14170,-6190508,1890017,599869,0,0,0,226,428,159,318,394,323,286,348,239,148,180,175,0
2,1769098528160,957,3584,16563,-6525262,1946216,846659,0,0,0,223,425,156,314,397,319,289,352,239,147,181,173,0
2,1769098528176,1129,3105,19100,-6834360,2008524,1026253,0,0,0,226,424,158,333,381,324,291,352,239,146,181,172,0
2,1769098528192,1340,2163,22139,-7040832,2070833,1170417,0,0,0,226,424,158,338,385,328,290,349,240,147,179,169,0
2,1769098528208,1809,1148,26231,-7128797,2105041,1385442,0,0,0,227,425,158,339,384,331,290,346,241,145,175,169,0
2,1769098528224,2469,-71,31074,-7144679,2083050,1783726,0,0,0,226,422,159,337,381,333,294,345,244,147,177,173,0
2,1769098528240,3091,-4742,34773,-7205766,2074498,2360383,0,0,0,226,429,158,344,387,334,301,345,242,151,178,174,0
2,1769098528256,2282,-13907,36726,-7119023,2090380,2722015,0,0,0,226,431,156,344,382,339,310,351,250,149,173,174,0
2,1769098528272,1761,-27221,33859,-6560692,1633453,2504547,0,0,0,227,427,155,346,382,341,321,348,258,154,177,179,0
2,1769098528288,3957,-41765,22684,-4973664,1111774,1163087,0,0,0,229,427,157,350,383,347,322,344,262,156,176,181,0
2,1769098528304,-62,-49930,12959,-2775771,1299921,-913854,0,0,0,226,428,155,351,385,348,321,346,257,158,179,178,0
2,1769098528320,-10059,-48571,12352,-747699,908967,-2373822,0,0,0,218,402,147,344,362,333,364,419,245,177,234,170,0
2,1769098528336,-14027,-40018,18492,1310916,-736703,-2555860,0,0,0,216,367,140,328,340,329,417,455,245,197,300,171,0
2,1769098528352,-7528,-15266,23761,3767816,-3433062,-1359786,0,0,0,222,362,143,325,340,334,450,466,256,214,360,172,0
2,1769098528368,3077,5297,17788,6098878,-4148996,254119,0,0,0,233,375,149,338,349,347,471,479,270,228,396,174,0
2,1769098528384,2445,4077,18071,6731734,-1962099,1393994,0,0,0,239,383,156,347,348,359,487,514,276,323,457,181,0
2,1769098528400,-4067,-2440,22651,5166698,-300545,835663,0,0,0,244,398,166,357,350,367,508,548,280,395,497,197,0
2,1769098528416,-2727,-2378,20631,3458718,-243124,-108734,0,0,0,261,422,178,380,361,383,551,551,298,322,457,225,0
2,1769098528432,2651,832,13261,2056172,-660956,-312763,0,0,0,276,435,190,394,355,397,571,575,310,370,491,263,0
2,1769098528448,2172,378,10452,1137431,-504574,153938,0,0,0,295,464,211,407,374,412,581,599,320,451,532,304,0
2,1769098528464,492,-507,10681,415388,-361632,234572,0,0,0,327,484,239,434,390,430,593,607,319,433,513,343,0
2,1769098528480,62,-100,10839,35430,-305432,53756,0,0,0,336,490,269,429,397,444,597,607,323,475,544,354,0
2,1769098528496,684,722,10260,3665,-248011,-35430,0,0,0,362,495,273,423,397,440,603,610,334,483,558,365,0
2,1769098528512,918,875,10040,34208,-175929,-13439,0,0,0,373,499,274,420,397,430,605,613,327,483,567,366,0
2,1769098528528,813,737,10141,53756,-122173,3665,0,0,0,385,504,288,423,397,430,611,615,330,486,559,370,0
2,1769098528544,722,722,10193,83077,-91629,-7330,0,0,0,393,512,281,426,402,433,606,600,329,482,549,377,0
2,1769098528560,717,780,10174,140499,-61086,-24434,0,0,0,398,517,278,430,407,436,604,587,333,473,534,382,0
2,1769098528576,737,770,10145,201585,-23212,-21991,0,0,0,403,523,275,430,409,436,602,572,334,454,504,391,0
2,1769098528592,765,708,10126,250454,6108,-19547,0,0,0,410,526,277,433,412,440,601,560,336,389,416,414,0
2,1769098528608,804,641,10102,260228,17104,-24434,0,0,0,413,524,276,441,417,448,597,550,341,327,334,435,0
2,1769098528624,842,617,10088,262672,18325,-35430,0,0,0,416,524,272,445,421,454,590,537,346,311,308,444,0
2,1769098528640,866,603,10102,278554,10995,-48869,0,0,0,419,530,272,444,428,454,588,521,351,299,285,453,0
2,1769098528656,871,574,10126,310319,-1221,-57421,0,0,0,421,534,270,451,441,456,580,498,351,299,267,466,0
2,1769098528672,899,507,10141,342084,-19547,-67195,0,0,0,431,540,275,459,454,465,575,486,358,298,252,484,0
2,1769098528688,885,416,10145,366519,-50090,-81855,0,0,0,433,548,272,466,470,468,572,469,361,296,244,493,0
2,1769098528704,832,368,10155,384845,-72082,-90408,0,0,0,444,554,272,464,464,476,556,445,360,296,241,506,0
2,1769098528720,837,339,10222,415388,-92851,-91629,0,0,0,451,558,276,471,466,481,549,427,366,296,231,514,0
2,1769098528736,918,268,10294,481361,-130725,-97738,0,0,0,461,562,279,476,471,490,544,416,373,300,229,531,0
2,1769098528752,938,172,10385,568104,-171042,-114842,0,0,0,477,574,275,495,481,508,530,402,370,297,220,540,0
2,1769098528768,866,81,10567,689055,-197920,-128281,0,0,0,483,574,247,500,497,515,523,400,375,300,222,551,0
2,1769098528784,837,23,10935,880867,-169820,-134390,0,0,0,490,578,229,503,511,511,521,397,385,303,224,567,0
2,1769098528800,789,14,11294,1060462,-83077,-150272,0,0,0,497,586,227,513,522,515,504,384,406,304,220,582,0
2,1769098528816,799,-129,11476,1240056,8552,-164933,0,0,0,506,587,222,519,527,523,490,377,433,306,221,595,0
2,1769098528832,746,-248,11811,1453859,50090,-166155,0,0,0,516,590,219,527,537,533,474,371,443,309,223,614,0
2,1769098528848,646,-287,12691,1827708,62308,-130725,0,0,0,522,597,218,533,548,539,450,366,432,312,228,632,0
2,1769098528864,660,-358,13462,2272418,91629,-92851,0,0,0,528,596,217,526,544,536,425,366,420,320,234,635,0
2,1769098528880,861,-445,14185,2767219,128281,-70860,0,0,0,541,595,226,521,544,538,401,360,414,333,239,631,0
2,1769098528896,1813,-492,15630,3434284,96516,-141720,0,0,0,539,592,221,518,553,544,372,351,414,327,241,638,0
2,1769098528912,2598,-526,17348,4168544,18325,-316428,0,0,0,541,585,232,520,558,556,359,350,410,301,220,625,0
2,1769098528928,3172,-655,19593,5115385,-69638,-561996,0,0,0,541,585,241,526,566,556,314,270,431,290,207,592,0
2,1769098528944,3699,-1019,23637,6222273,-172263,-794124,0,0,0,495,556,211,510,542,542,280,213,418,277,201,516,0
2,1769098528960,4417,-1761,28231,7271739,-257785,-948062,0,0,0,461,541,200,480,537,510,270,177,393,265,186,480,0
2,1769098528976,5484,-2258,31452,8222246,-173485,-1119105,0,0,0,396,508,173,449,484,451,273,179,345,252,179,444,0
2,1769098528992,5331,-976,33644,8801346,-18325,-1358564,0,0,0,310,473,166,401,431,397,291,209,302,218,168,383,0
2,1769098529008,5795,3608,34443,8879537,-19547,-1635897,0,0,0,269,438,162,366,390,368,317,244,284,186,157,288,0
2,1769098529024,8513,12404,27504,8188037,-206472,-2018298,0,0,0,258,426,158,355,375,358,324,262,279,171,153,237,0
2,1769098529040,10011,19057,16156,6791599,-320093,-2477669,0,0,0,253,429,159,355,374,358,315,269,272,172,150,223,0
2,1769098529056,7437,23287,8423,3514918,-307876,-2476447,0,0,0,256,429,156,356,374,354,308,275,263,170,146,213,0
2,1769098529072,2574,21402,9471,-1436755,-658512,-1393994,0,0,0,255,427,151,336,386,335,305,283,258,158,146,204,0
2,1769098529088,1799,13883,9609,-4691445,-1419650,-244346,0,0,0,237,429,153,313,400,324,300,293,251,151,151,193,0
2,1769098529104,5987,7341,5661,-4902804,-1560149,-20769,0,0,0,233,428,154,342,376,338,295,302,245,147,157,189,0
2,1769098529120,8566,5230,2871,-4588819,-692721,-387288,0,0,0,228,427,156,341,377,336,292,306,239,149,160,193,0
2,1769098529136,6369,6436,4283,-4775744,607200,-840550,0,0,0,217,431,147,329,371,321,285,318,232,152,166,210,0
2,1769098529152,2847,6767,7470,-5411044,988379,-755029,0,0,0,216,427,152,333,376,330,286,327,237,151,169,203,0
2,1769098529168,2067,5742,9155,-5843536,972497,-408057,0,0,0,215,431,150,327,372,318,281,322,227,160,175,225,0
2,1769098529184,3062,4412,9810,-5943718,1155757,-70860,0,0,0,222,431,152,331,373,322,288,332,236,153,176,200,0
2,1769098529200,2713,3876,11686,-5982814,1616349,179594,0,0,0,224,426,153,331,378,323,293,338,238,149,176,181,0
2,1769098529216,1990,3833,14070,-6157521,1828930,423940,0,0,0,230,423,160,336,376,336,296,341,245,153,176,185,0
2,1769098529232,2292,3651,16654,-6482501,1863138,706160,0,0,0,231,425,158,339,378,330,296,342,240,151,176,177,0
2,1769098529248,3062,3196,19224,-6789156,1955990,917519,0,0,0,228,424,151,338,376,324,299,345,239,150,177,172,0
2,1769098529264,3804,2402,22469,-7077484,2128254,1100779,0,0,0,227,422,152,337,373,324,299,345,239,147,172,169,0
2,1769098529280,4388,1373,26915,-7283957,2285857,1372003,0,0,0,224,422,155,336,373,327,296,341,237,145,169,169,0
2,1769098529296,5058,-397,31911,-7450112,2427578,1869247,0,0,0,221,420,154,337,372,331,299,339,240,147,171,174,0
2,1769098529312,4733,-6379,35209,-7529524,2703689,2671924,0,0,0,222,418,154,338,371,332,306,336,246,150,170,177,0
2,1769098529328,1832,-16176,36845,-7302283,2860071,3249803,0,0,0,226,418,154,344,373,340,311,332,252,154,171,177,0
2,1769098529344,-717,-30045,34376,-6486167,2083050,3282789,0,0,0,227,420,153,349,375,348,324,334,258,156,173,181,0
2,1769098529360,3019,-43278,22895,-4781853,1017701,1997529,0,0,0,229,422,154,348,373,348,330,336,265,157,170,185,0
2,1769098529376,1880,-50629,13290,-2751337,1071457,-129503,0,0,0,228,420,153,351,375,350,333,342,261,158,178,181,0
2,1769098529392,-8327,-50744,11251,-725707,1282817,-2171015,0,0,0,219,392,149,345,360,340,361,400,255,170,210,181,0
2,1769098529408,-14309,-41717,17650,1193630,-182037,-2323731,0,0,0,218,344,150,327,320,339,425,453,261,194,304,182,0
2,1769098529424,-9638,-18061,24168,3389080,-2939483,-1197295,0,0,0,233,340,154,329,310,342,460,475,262,218,373,174,0
2,1769098529440,1033,5226,19124,5667607,-4511850,441044,0,0,0,252,346,159,343,303,352,492,495,277,305,421,172,0
2,1769098529456,655,5245,18808,6539923,-2794097,1286482,0,0,0,254,352,166,347,297,359,521,538,278,346,465,181,0
2,1769098529472,-5020,-2574,23886,5530773,-623082,757472,0,0,0,271,382,184,358,303,373,559,569,287,382,490,208,0
2,1769098529488,-1560,-2196,20631,3477044,-392175,-167377,0,0,0,280,409,197,377,324,389,587,588,303,392,496,240,0
2,1769098529504,2048,86,14156,1996307,-557109,-147829,0,0,0,284,432,205,390,347,401,601,603,317,399,498,272,0
2,1769098529520,1746,306,10729,928515,-487470,178372,0,0,0,301,457,224,397,364,405,610,617,334,422,508,299,0
2,1769098529536,349,-33,10442,276111,-302989,201585,0,0,0,321,472,246,408,378,408,618,629,354,457,524,315,0
2,1769098529552,282,430,10610,108734,-223576,20769,0,0,0,328,481,251,417,390,417,624,631,355,487,524,331,0
2,1769098529568,741,871,10193,101403,-208915,-14660,0,0,0,345,490,263,419,391,422,622,629,347,437,504,345,0
2,1769098529584,837,923,10040,91629,-167377,1221,0,0,0,357,494,275,421,398,423,618,618,339,451,510,354,0
2,1769098529600,713,847,10141,97738,-120951,2443,0,0,0,364,498,298,426,397,433,621,615,353,462,517,362,0
2,1769098529616,636,871,10198,141720,-73303,-17104,0,0,0,363,496,289,425,399,435,621,609,355,477,522,367,0
2,1769098529632,665,899,10174,202807,-21991,-29321,0,0,0,366,499,286,420,397,432,612,592,344,418,454,377,0
2,1769098529648,713,847,10117,249233,8552,-30543,0,0,0,375,506,283,424,403,439,603,571,348,377,405,389,0
2,1769098529664,732,784,10083,279776,20769,-34208,0,0,0,382,511,281,427,408,442,603,556,353,378,398,396,0
2,1769098529680,746,727,10059,294437,20769,-39095,0,0,0,390,515,279,425,450,430,596,548,357,339,349,410,0
2,1769098529696,775,674,10026,289550,10995,-45204,0,0,0,393,516,275,431,440,437,587,534,355,300,299,421,0
2,1769098529712,799,641,10021,285884,0,-52534,0,0,0,393,515,272,437,426,448,582,524,358,287,276,429,0
2,1769098529728,823,603,10050,289550,-19547,-62308,0,0,0,400,520,271,442,430,450,578,516,364,285,264,438,0
2,1769098529744,823,545,10064,298102,-47647,-72082,0,0,0,413,536,275,448,429,450,579,501,370,287,254,449,0
2,1769098529760,775,492,10059,304210,-78190,-80634,0,0,0,423,546,280,450,435,456,579,484,381,287,244,462,0
2,1769098529776,741,469,10083,312763,-92851,-79412,0,0,0,430,541,278,457,450,469,570,465,386,289,236,475,0
2,1769098529792,760,449,10169,337197,-98960,-76969,0,0,0,436,551,280,466,457,485,565,441,376,287,234,487,0
2,1769098529808,818,397,10289,392175,-112399,-84299,0,0,0,445,553,273,481,464,504,571,416,365,287,226,502,0
2,1769098529824,851,325,10385,492357,-144164,-105068,0,0,0,473,572,280,493,480,503,564,408,380,294,221,531,0
2,1769098529840,856,258,10562,619417,-171042,-128281,0,0,0,481,583,270,501,497,505,567,400,391,297,221,550,0
2,1769098529856,832,148,10859,814894,-186924,-146607,0,0,0,482,591,264,502,507,516,558,397,406,297,222,565,0
2,1769098529872,770,62,11227,1049466,-138055,-162490,0,0,0,500,587,247,523,518,528,543,390,412,296,217,581,0
2,1769098529888,607,71,11849,1288925,-4886,-175929,0,0,0,511,595,237,523,527,532,525,385,415,313,230,599,0
2,1769098529904,579,33,12825,1637118,114842,-152716,0,0,0,517,589,220,523,539,533,503,374,430,315,224,615,0
2,1769098529920,670,-33,13577,2079385,147829,-118507,0,0,0,525,589,222,533,538,532,475,366,428,325,228,620,0
2,1769098529936,966,-90,14400,2668259,128281,-94073,0,0,0,536,589,225,532,537,535,440,361,423,322,229,629,0
2,1769098529952,1627,-153,15611,3334102,114842,-147829,0,0,0,542,584,221,523,533,538,399,346,431,314,224,636,0
2,1769098529968,2019,-43,17291,4135557,92851,-312763,0,0,0,538,577,217,522,538,539,358,321,435,307,220,626,0
2,1769098529984,2330,129,19621,5110498,56199,-492357,0,0,0,530,577,215,525,558,541,319,285,435,290,215,591,0
2,1769098530000,3311,9,23024,6258925,-35430,-684169,0,0,0,508,576,209,520,564,524,286,231,439,276,204,531,0
2,1769098530016,4431,-1038,27953,7436673,-171042,-860098,0,0,0,466,541,202,509,545,476,278,189,410,260,186,477,0
2,1769098530032,5565,-2110,31974,8433605,-151494,-1023810,0,0,0,414,515,186,458,484,465,278,180,357,257,182,460,0
2,1769098530048,5321,-1311,34242,9001710,4886,-1243721,0,0,0,345,483,170,410,442,411,281,196,312,232,172,409,0
2,1769098530064,5455,3522,34414,9024923,-142942,-1514945,0,0,0,245,426,165,355,382,366,309,245,279,193,180,265,0
2,1769098530080,8207,12337,28399,8509352,-537561,-1858252,0,0,0,249,430,163,354,374,370,310,263,284,183,183,242,0
2,1769098530096,10404,17664,17391,7329161,-649960,-2384817,0,0,0,250,436,159,355,377,363,314,274,278,160,153,218,0
2,1769098530112,8748,22014,9423,4599815,-454483,-2685363,0,0,0,253,435,162,352,377,353,308,279,269,156,147,219,0
2,1769098530128,3632,24177,7958,-328645,-337197,-2089159,0,0,0,244,430,155,347,376,343,301,285,256,155,150,207,0
2,1769098530144,1301,17152,9246,-4525289,-934623,-792903,0,0,0,234,430,152,341,376,334,295,293,257,152,156,195,0
2,1769098530160,3474,8126,7619,-5988922,-1560149,39095,0,0,0,227,430,154,337,377,333,293,304,251,147,157,190,0
2,1769098530176,7604,3536,3910,-5308418,-1320690,-46425,0,0,0,223,428,156,337,378,334,291,313,242,146,161,189,0
2,1769098530192,7575,4345,3594,-4968777,-142942,-540004,0,0,0,221,426,154,336,381,333,288,318,240,148,166,188,0
2,1769098530208,4852,5302,5824,-5177693,757472,-756251,0,0,0,222,425,154,335,379,332,288,322,240,149,169,186,0
2,1769098530224,3043,5005,8178,-5511226,923628,-488692,0,0,0,225,426,155,334,377,329,289,326,240,148,172,181,0
2,1769098530240,3350,4412,9514,-5705481,1017701,-124616,0,0,0,225,425,155,333,377,327,290,332,243,148,173,179,0
2,1769098530256,4034,4053,11026,-5930279,1336573,213802,0,0,0,225,425,156,333,377,328,289,339,240,148,178,180,0
2,1769098530272,3761,3823,13266,-6285803,1666440,502131,0,0,0,227,424,157,333,378,328,292,342,242,149,178,179,0
2,1769098530288,3618,3292,15649,-6630331,1871691,774577,0,0,0,227,424,159,333,378,328,288,342,240,146,176,175,0
2,1769098530304,3866,2546,18061,-6860016,2019520,962723,0,0,0,226,421,158,336,379,328,293,343,244,150,178,175,0
2,1769098530320,4101,1665,21296,-6999293,2225992,1100779,0,0,0,225,420,154,337,376,327,297,345,241,148,175,172,0
2,1769098530336,4201,899,25192,-7071376,2404365,1281595,0,0,0,230,422,160,340,376,329,298,343,243,146,170,171,0
2,1769098530352,4656,-545,30648,-7144679,2519208,1720196,0,0,0,228,420,155,341,374,331,300,344,244,146,170,171,0
2,1769098530368,4881,-4517,34319,-7254635,2681698,2304183,0,0,0,226,418,154,341,371,335,305,345,249,148,172,177,0
2,1769098530384,2632,-13448,36281,-7213096,2939483,2839301,0,0,0,227,419,156,344,371,341,313,344,254,153,172,181,0
2,1769098530400,-23,-26403,34309,-6516710,2332283,2779436,0,0,0,229,422,156,348,371,344,320,343,259,156,172,182,0
2,1769098530416,2191,-38942,26044,-5222897,1345125,1871691,0,0,0,231,427,157,348,370,346,322,345,263,156,172,182,0
2,1769098530432,1636,-46953,15630,-3285233,1290147,-295658,0,0,0,230,426,158,351,374,349,325,348,264,156,175,181,0
2,1769098530448,-7355,-49212,11423,-1226617,1423316,-2414139,0,0,0,223,416,155,346,370,345,335,374,263,159,189,179,0
2,1769098530464,-15065,-44546,14371,625526,444709,-2911383,0,0,0,219,393,152,337,353,339,375,443,259,194,248,175,0
2,1769098530480,-11227,-22938,22857,2530203,-1793500,-1769065,0,0,0,230,335,155,324,297,336,453,469,256,305,346,181,0
2,1769098530496,-3259,7059,24182,4091575,-4612032,61086,0,0,0,240,338,156,331,294,347,468,508,265,235,386,174,0
2,1769098530512,990,14678,15453,5533217,-5064072,1788613,0,0,0,256,342,166,348,294,359,517,520,275,315,446,178,0
2,1769098530528,-6345,-655,19382,6002361,-1825265,1558928,0,0,0,263,362,181,350,299,372,544,558,283,365,484,195,0
2,1769098530544,-6197,-5369,24101,4659680,-263893,141720,0,0,0,275,396,190,365,318,377,566,585,284,403,513,218,0
2,1769098530560,981,-804,17884,2441017,-362853,-366519,0,0,0,277,427,201,381,344,394,587,605,303,437,534,252,0
2,1769098530576,2900,1454,10729,949284,-447153,32986,0,0,0,295,456,223,397,362,403,603,616,310,454,542,283,0
2,1769098530592,861,387,9188,332310,-320093,279776,0,0,0,306,470,241,410,380,417,616,629,311,460,542,310,0
2,1769098530608,124,124,10447,149051,-222354,91629,0,0,0,316,477,251,417,389,425,621,633,311,467,543,331,0
2,1769098530624,550,770,10567,90408,-197920,-34208,0,0,0,328,484,259,418,391,424,624,629,308,476,546,341,0
2,1769098530640,804,1091,10126,54977,-172263,-19547,0,0,0,336,488,265,420,397,425,630,627,314,478,543,342,0
2,1769098530656,751,1067,10011,48869,-135612,2443,0,0,0,341,490,268,424,401,428,635,622,324,472,533,347,0
2,1769098530672,626,990,10174,91629,-97738,-6108,0,0,0,350,492,275,424,400,425,626,609,318,471,528,355,0
2,1769098530688,607,1019,10198,155159,-46425,-25656,0,0,0,359,499,278,428,404,429,618,598,325,458,503,356,0
2,1769098530704,641,1033,10145,206472,2443,-29321,0,0,0,362,500,276,425,402,430,613,583,334,436,477,363,0
2,1769098530720,674,971,10088,249233,41538,-28099,0,0,0,363,498,267,428,406,433,607,582,340,403,444,379,0
2,1769098530736,713,914,10050,277332,53756,-28099,0,0,0,374,507,281,436,413,437,595,572,327,304,328,398,0
2,1769098530752,770,866,10035,290771,47647,-34208,0,0,0,384,520,289,434,435,438,594,567,335,290,303,408,0
2,1769098530768,832,827,10035,291993,26878,-46425,0,0,0,385,517,292,439,417,445,588,548,343,296,295,416,0
2,1769098530784,847,794,10045,293215,-10995,-59864,0,0,0,399,530,292,441,423,447,580,511,346,289,273,431,0
2,1769098530800,837,780,10074,305432,-46425,-70860,0,0,0,414,539,295,452,428,463,574,488,347,293,259,442,0
2,1769098530816,813,732,10117,334754,-72082,-81855,0,0,0,425,545,305,454,447,467,572,473,363,290,249,457,0
2,1769098530832,760,670,10141,367740,-91629,-89186,0,0,0,435,551,309,452,456,469,566,457,374,285,242,474,0
2,1769098530848,756,607,10184,404392,-100181,-91629,0,0,0,450,562,312,461,454,481,555,434,370,288,235,489,0
2,1769098530864,818,531,10308,470366,-112399,-96516,0,0,0,468,574,311,475,464,488,547,414,371,302,231,504,0
2,1769098530880,861,445,10452,566882,-142942,-111177,0,0,0,478,581,293,486,482,491,539,409,385,318,234,523,0
2,1769098530896,923,358,10725,733038,-168598,-133168,0,0,0,484,579,277,496,497,506,530,397,398,300,223,551,0
2,1769098530912,966,301,11055,941954,-160046,-169820,0,0,0,492,583,253,505,506,508,521,387,391,306,229,568,0
2,1769098530928,851,210,11433,1189965,-120951,-200363,0,0,0,512,591,236,513,521,516,516,387,397,299,221,584,0
2,1769098530944,775,86,11816,1429424,-67195,-217468,0,0,0,528,595,230,532,533,536,506,381,401,317,231,598,0
2,1769098530960,670,4,12242,1654223,-31764,-217468,0,0,0,522,595,219,528,540,543,483,379,410,311,230,610,0
2,1769098530976,392,-14,12916,2006081,-15882,-163711,0,0,0,531,604,224,528,541,537,460,380,424,327,244,614,0
2,1769098530992,301,-110,13534,2452013,13439,-78190,0,0,0,540,600,214,530,542,530,424,376,402,329,237,621,0
2,1769098531008,622,-234,14319,2944370,57421,-15882,0,0,0,549,594,218,520,545,533,392,359,406,318,223,626,0
2,1769098531024,1694,-268,15864,3596774,29321,-76969,0,0,0,551,597,217,523,552,536,347,337,411,308,215,629,0
2,1769098531040,2689,-277,17535,4324925,-75747,-259006,0,0,0,544,602,219,525,557,544,314,305,426,298,214,609,0
2,1769098531056,3728,-425,19439,5188689,-235793,-535117,0,0,0,528,588,210,512,544,536,280,260,426,289,209,564,0
2,1769098531072,4082,-947,23680,6349333,-443488,-879645,0,0,0,500,567,203,493,525,522,258,210,407,278,197,515,0
2,1769098531088,4910,-2100,28456,7380473,-571769,-1069014,0,0,0,461,544,197,473,506,496,255,178,375,266,188,477,0
2,1769098531104,6039,-2182,30906,8108625,-488692,-1276708,0,0,0,398,511,176,442,472,442,262,184,329,250,182,439,0
2,1769098531120,5719,-282,32825,8632747,-373849,-1576032,0,0,0,312,474,163,398,426,394,283,218,292,217,170,367,0
2,1769098531136,5886,4245,33629,8701164,-474031,-1849699,0,0,0,244,429,156,355,374,360,317,264,273,171,152,230,0
2,1769098531152,8844,12849,26015,7874052,-682947,-2129476,0,0,0,246,434,160,353,374,360,324,278,283,172,159,225,0
2,1769098531168,10078,20425,13993,6029239,-689055,-2351831,0,0,0,253,438,160,355,379,360,306,283,271,230,192,217,0
2,1769098531184,6159,22933,9825,2080607,-642630,-1729970,0,0,0,252,435,160,349,379,353,300,289,264,165,157,209,0
2,1769098531200,2373,18975,10337,-2023185,-1069014,-445931,0,0,0,242,428,157,346,379,343,294,304,255,154,160,201,0
2,1769098531216,3694,11270,8609,-3910759,-1705535,612086,0,0,0,237,430,153,345,379,337,294,305,257,150,156,189,0
2,1769098531232,7815,6690,3933,-3857003,-1313360,604756,0,0,0,233,427,155,344,381,338,289,305,247,150,160,191,0
2,1769098531248,8040,5963,2613,-3849672,-166155,79412,0,0,0,228,427,156,342,379,337,286,309,239,148,161,188,0
2,1769098531264,4929,6546,4761,-4296826,612086,-298102,0,0,0,228,427,157,341,382,336,284,314,238,148,163,185,0
2,1769098531280,2895,6164,7111,-4927239,735481,-346971,0,0,0,230,425,158,341,383,334,283,320,240,148,165,183,0
2,1769098531296,3239,5288,8107,-5334075,836885,-256563,0,0,0,230,422,157,340,380,332,284,326,240,146,165,180,0
2,1769098531312,3263,4737,9485,-5645616,1260825,-150272,0,0,0,229,422,153,338,380,331,287,329,241,148,169,179,0
2,1769098531328,2483,4422,11658,-6021909,1631010,13439,0,0,0,226,422,160,325,386,328,287,330,244,153,175,181,0
2,1769098531344,1957,3996,13888,-6406754,1762957,251676,0,0,0,222,419,176,302,401,332,289,336,252,154,177,181,0
2,1769098531360,2397,3110,16051,-6690196,1809382,511905,0,0,0,228,426,156,338,380,327,287,336,241,150,175,172,0
2,1769098531376,3015,2330,18262,-6816034,1919338,698829,0,0,0,225,420,150,338,379,327,291,341,244,150,176,172,0
2,1769098531392,3541,1765,21387,-6951646,2106263,895528,0,0,0,229,420,153,341,382,327,293,345,246,146,177,165,0
2,1769098531408,3981,1402,25293,-7165449,2282192,1143539,0,0,0,228,420,155,340,382,331,293,343,249,148,177,172,0
2,1769098531424,4642,612,30461,-7461108,2453234,1557706,0,0,0,229,420,158,340,381,333,298,342,252,152,178,178,0
2,1769098531440,4508,-3646,33955,-7648032,2725680,2202780,0,0,0,226,422,157,341,381,338,304,339,255,152,176,179,0
2,1769098531456,1919,-11978,36027,-7470881,2961474,2759889,0,0,0,225,426,157,344,384,342,312,340,261,152,174,179,0
2,1769098531472,-622,-24991,34271,-6588792,2298075,2820975,0,0,0,224,430,157,347,386,348,318,341,267,153,172,181,0
2,1769098531488,1344,-39636,25618,-5016425,1160643,1979203,0,0,0,225,432,156,348,387,352,321,341,270,154,172,182,0
2,1769098531504,1220,-49317,14558,-2911383,996932,30543,0,0,0,223,431,154,348,385,350,323,343,269,156,174,182,0
2,1769098531520,-10346,-50361,12936,-979827,1156978,-1396437,0,0,0,217,407,148,343,371,340,358,385,263,170,218,177,0
2,1769098531536,-17362,-44981,18004,973719,-31764,-1413542,0,0,0,217,359,141,333,336,330,433,465,254,205,320,171,0
2,1769098531552,-10394,-22478,24742,3541796,-2829527,-442266,0,0,0,229,337,149,322,304,340,471,480,261,231,386,174,0
2,1769098531568,670,4130,20023,6368880,-4569271,234572,0,0,0,248,352,160,338,300,355,505,505,276,266,424,178,0
2,1769098531584,1076,4742,20818,7115358,-2880840,492357,0,0,0,259,378,173,354,312,370,546,552,289,323,461,193,0
2,1769098531600,-2187,-2325,26020,4701218,-678060,213802,0,0,0,270,411,183,369,335,374,563,581,287,348,488,221,0
2,1769098531616,-583,-2096,20607,2076941,-61086,-29321,0,0,0,276,435,207,387,353,396,580,581,323,338,442,271,0
2,1769098531632,1588,861,11538,911410,-302989,51312,0,0,0,291,459,233,404,373,411,606,615,312,405,496,288,0
2,1769098531648,1483,918,8887,467922,-386066,142942,0,0,0,314,474,249,417,386,417,615,634,308,451,532,310,0
2,1769098531664,765,492,10193,175929,-304210,94073,0,0,0,329,484,270,423,395,424,611,632,305,463,544,323,0
2,1769098531680,617,837,10825,39095,-219911,15882,0,0,0,340,491,278,426,401,429,617,637,307,468,549,330,0
2,1769098531696,842,1344,10174,10995,-172263,0,0,0,0,350,500,282,424,398,424,619,641,305,467,547,332,0
2,1769098531712,923,1421,9906,39095,-135612,6108,0,0,0,354,503,284,421,393,419,620,640,305,466,544,341,0
2,1769098531728,856,1344,10107,94073,-90408,0,0,0,0,356,500,285,423,396,422,624,636,313,473,545,351,0
2,1769098531744,813,1325,10203,164933,-39095,-13439,0,0,0,361,504,293,426,402,429,616,619,317,462,525,349,0
2,1769098531760,832,1340,10150,232128,4886,-20769,0,0,0,366,505,293,430,404,432,615,607,319,423,467,366,0
2,1769098531776,861,1306,10083,290771,37873,-19547,0,0,0,366,505,284,432,422,432,618,597,329,383,418,378,0
2,1769098531792,880,1225,10035,327423,59864,-20769,0,0,0,385,513,290,429,403,432,609,573,330,309,327,411,0
2,1769098531808,923,1143,9997,335975,64751,-26878,0,0,0,371,512,291,431,407,437,596,563,334,299,302,407,0
2,1769098531824,995,1095,9978,337197,52534,-39095,0,0,0,380,514,287,432,406,433,596,546,343,291,286,408,0
2,1769098531840,1072,1062,10007,338419,10995,-54977,0,0,0,382,516,286,440,424,443,590,533,349,290,272,415,0
2,1769098531856,1115,1024,10083,364075,-50090,-75747,0,0,0,387,519,295,446,422,451,587,516,355,288,259,431,0
2,1769098531872,1072,1005,10150,426383,-113620,-107512,0,0,0,403,529,291,446,422,447,582,492,360,290,251,443,0
2,1769098531888,942,942,10160,489913,-135612,-118507,0,0,0,415,540,295,452,437,452,579,473,366,290,246,454,0
2,1769098531904,880,842,10150,536339,-151494,-117286,0,0,0,421,543,294,464,459,464,573,451,374,289,237,466,0
2,1769098531920,904,737,10174,574213,-168598,-113620,0,0,0,429,546,287,473,468,474,567,427,383,289,226,480,0
2,1769098531936,966,622,10275,634078,-177150,-122173,0,0,0,443,553,285,477,466,483,566,412,391,288,222,498,0
2,1769098531952,1043,507,10442,729373,-190589,-142942,0,0,0,461,559,277,488,480,496,559,403,400,294,220,521,0
2,1769098531968,1019,378,10658,874759,-222354,-172263,0,0,0,474,571,265,503,498,514,543,392,399,294,215,538,0
2,1769098531984,880,277,10897,1056796,-202807,-183259,0,0,0,491,579,255,504,509,511,540,387,397,305,218,571,0
2,1769098532000,875,201,11232,1224173,-111177,-191811,0,0,0,496,588,255,526,529,528,532,384,424,305,216,591,0
2,1769098532016,880,138,11921,1429424,-7330,-204028,0,0,0,500,589,238,530,541,535,512,381,421,315,222,598,0
2,1769098532032,827,90,12720,1704314,30543,-204028,0,0,0,504,591,221,534,554,542,492,378,419,325,229,605,0
2,1769098532048,703,62,13496,2145358,0,-158824,0,0,0,520,594,222,536,555,538,473,368,411,331,230,620,0
2,1769098532064,894,0,14328,2678033,-40317,-109955,0,0,0,531,595,219,541,547,535,433,361,404,327,231,637,0
2,1769098532080,1651,-67,15395,3254689,-75747,-125838,0,0,0,548,591,219,531,545,538,400,340,412,359,288,638,0
2,1769098532096,2660,-23,16755,4053701,-147829,-317649,0,0,0,545,590,223,526,566,549,361,315,418,349,290,629,0
2,1769098532112,2665,134,18516,4962669,-201585,-582765,0,0,0,537,591,225,518,560,549,307,281,420,315,267,591,0
2,1769098532128,2622,205,21095,5986479,-211359,-769690,0,0,0,507,582,216,510,548,545,273,232,413,288,237,527,0
2,1769098532144,3871,-564,25718,7204544,-249233,-908967,0,0,0,472,555,202,497,527,526,262,189,400,277,213,476,0
2,1769098532160,5245,-1789,30500,8233241,-164933,-1062905,0,0,0,429,522,188,470,491,480,255,178,365,274,207,456,0
2,1769098532176,5159,-1646,33629,8886867,42760,-1263269,0,0,0,346,488,169,428,448,426,260,190,308,268,211,414,0
2,1769098532192,4814,2024,34965,9092118,109955,-1514945,0,0,0,259,446,156,378,394,381,282,220,271,251,215,310,0
2,1769098532208,6250,9150,32060,8743925,-39095,-1777617,0,0,0,243,432,161,358,375,367,301,252,274,212,223,239,0
2,1769098532224,7322,17071,21081,7417125,-404392,-2186897,0,0,0,242,432,157,356,377,368,295,253,271,207,224,222,0
2,1769098532240,6743,21765,11150,4772079,-778242,-2405587,0,0,0,241,436,161,346,370,357,285,260,259,203,226,214,0
2,1769098532256,3718,22038,8662,271224,-938289,-1908343,0,0,0,229,434,153,340,370,342,283,278,255,203,232,205,0
2,1769098532272,1861,15817,9294,-3314554,-1280373,-806342,0,0,0,231,434,150,341,372,340,279,270,245,204,237,193,0
2,1769098532288,3508,9045,6925,-4784296,-1656666,-7330,0,0,0,237,430,147,342,367,337,279,281,237,206,244,190,0
2,1769098532304,6676,5699,3780,-4721988,-1437976,107512,0,0,0,228,434,148,341,371,337,275,286,229,204,249,189,0
2,1769098532320,6949,5618,3742,-4734205,-507018,-138055,0,0,0,231,433,148,340,369,335,274,297,229,204,257,184,0
2,1769098532336,5015,6097,5886,-5079955,153938,-195476,0,0,0,225,435,150,337,370,335,273,304,232,202,262,183,0
2,1769098532352,4249,5800,7891,-5558873,313984,65973,0,0,0,216,435,151,332,369,333,270,311,232,199,265,179,0
2,1769098532368,4857,4982,9121,-5926614,540004,322536,0,0,0,214,433,150,330,367,330,268,318,231,198,268,177,0
2,1769098532384,4929,3996,10887,-6195395,979827,504574,0,0,0,214,434,149,331,373,328,270,324,233,200,272,173,0
2,1769098532400,4383,3417,12926,-6414085,1280373,646295,0,0,0,214,436,149,333,379,327,273,326,235,198,274,168,0
2,1769098532416,4125,3082,14998,-6665761,1408655,773355,0,0,0,219,434,148,333,371,326,279,326,235,203,274,168,0
2,1769098532432,4541,2526,17410,-6940650,1551597,841772,0,0,0,225,429,145,340,366,323,293,327,234,221,266,164,0
2,1769098532448,4953,1832,20464,-7145901,1809382,858876,0,0,0,220,425,143,342,369,327,293,331,235,222,269,167,0
2,1769098532464,5111,1335,23833,-7255857,2079385,910189,0,0,0,222,422,143,342,366,328,298,326,237,224,267,166,0
2,1769098532480,5398,631,29423,-7392691,2361605,1187522,0,0,0,218,420,146,342,364,330,301,328,238,222,262,166,0
2,1769098532496,5757,-2010,34371,-7558846,2608394,1707979,0,0,0,224,412,146,346,361,332,312,327,242,227,259,171,0
2,1769098532512,3560,-10236,36534,-7546629,2935818,2267531,0,0,0,222,416,150,339,362,334,301,324,252,211,261,168,0
2,1769098532528,-291,-21837,36922,-7104362,2761110,2487443,0,0,0,220,419,151,341,361,343,306,321,252,213,262,174,0
2,1769098532544,-813,-35175,31739,-6008470,1744631,2029294,0,0,0,218,420,154,342,362,352,303,318,267,215,264,182,0
2,1769098532560,435,-46221,20081,-3971845,1105666,304210,0,0,0,221,423,157,342,364,355,306,323,275,216,270,187,0
2,1769098532576,-4991,-50968,12926,-1809382,1099557,-1637118,0,0,0,218,420,155,343,363,353,305,321,273,216,271,185,0
2,1769098532592,-12060,-48145,13735,-43982,541226,-2276083,0,0,0,214,391,146,338,346,339,351,406,263,244,334,177,0
2,1769098532608,-12974,-33792,20191,1976759,-999375,-1831373,0,0,0,217,345,139,333,325,334,414,482,254,249,375,171,0
2,1769098532624,-3776,392,23766,4118453,-3764151,-487470,0,0,0,231,326,144,334,313,344,452,483,259,240,379,170,0
2,1769098532640,2435,11040,16228,5717698,-4225965,558330,0,0,0,246,342,153,337,300,353,480,505,269,306,441,171,0
2,1769098532656,-875,1746,17018,6192951,-1991420,993266,0,0,0,248,354,158,347,295,365,503,537,269,376,484,178,0
2,1769098532672,-5116,-4967,22713,5067738,-162490,375071,0,0,0,257,376,166,361,306,373,552,553,285,319,458,200,0
2,1769098532688,-263,-1215,19703,3329215,-353080,-322536,0,0,0,274,412,177,391,329,385,576,576,298,345,467,235,0
2,1769098532704,3048,1268,13223,1948660,-625526,-122173,0,0,0,280,436,194,394,352,399,603,603,321,378,483,272,0
2,1769098532720,1598,220,10935,999375,-460592,183259,0,0,0,295,457,210,408,375,411,597,611,317,443,527,312,0
2,1769098532736,282,-311,10624,322536,-273667,186924,0,0,0,317,478,233,421,386,421,603,627,319,450,534,333,0
2,1769098532752,335,311,10591,102625,-201585,23212,0,0,0,335,488,254,422,391,426,604,630,317,464,539,341,0
2,1769098532768,842,914,10179,90408,-195476,-35430,0,0,0,344,492,261,423,395,430,607,631,315,464,537,347,0
2,1769098532784,875,871,10035,75747,-155159,-3665,0,0,0,353,497,260,426,395,428,607,630,315,464,532,347,0
2,1769098532800,751,775,10117,59864,-102625,0,0,0,0,356,495,258,429,398,430,614,625,323,467,531,351,0
2,1769098532816,713,832,10150,86742,-51312,-18325,0,0,0,359,494,260,428,400,433,612,616,324,466,522,359,0
2,1769098532832,741,885,10122,146607,-15882,-28099,0,0,0,367,497,265,430,401,440,600,606,316,455,504,367,0
2,1769098532848,756,837,10093,191811,9773,-24434,0,0,0,374,500,268,437,402,444,596,598,316,408,449,381,0
2,1769098532864,784,775,10083,218689,34208,-21991,0,0,0,376,507,266,436,399,437,599,594,326,321,350,401,0
2,1769098532880,837,737,10069,237015,42760,-25656,0,0,0,374,508,263,424,405,439,601,579,341,304,330,411,0
2,1769098532896,866,689,10021,245567,30543,-32986,0,0,0,380,515,269,430,411,446,602,567,354,295,315,413,0
2,1769098532912,885,650,10007,237015,13439,-40317,0,0,0,382,512,264,433,411,448,588,559,351,295,309,423,0
2,1769098532928,909,631,10026,223576,-2443,-48869,0,0,0,384,508,264,438,417,448,580,544,349,293,293,428,0
2,1769098532944,914,617,10040,222354,-24434,-57421,0,0,0,394,516,269,441,422,451,580,531,353,293,278,438,0
2,1769098532960,875,583,10045,235793,-47647,-62308,0,0,0,398,519,267,444,429,454,583,521,357,296,278,449,0
2,1769098532976,851,545,10045,250454,-63529,-63529,0,0,0,409,531,263,456,445,459,584,511,355,321,281,459,0
2,1769098532992,875,516,10088,271224,-69638,-63529,0,0,0,422,539,266,462,452,468,577,494,357,304,261,469,0
2,1769098533008,914,497,10169,320093,-74525,-74525,0,0,0,432,546,271,467,457,478,570,476,364,290,244,490,0
2,1769098533024,914,454,10222,381179,-80634,-89186,0,0,0,441,553,266,486,468,488,570,455,373,292,234,517,0
2,1769098533040,914,378,10323,465479,-89186,-106290,0,0,0,460,563,266,501,484,500,564,436,379,292,223,537,0
2,1769098533056,933,296,10509,594982,-100181,-125838,0,0,0,478,573,265,502,499,513,557,419,385,295,220,551,0
2,1769098533072,957,191,10796,772133,-87964,-144164,0,0,0,491,574,252,507,509,524,557,401,394,303,222,567,0
2,1769098533088,1033,138,11447,1022588,-51312,-161268,0,0,0,508,577,245,519,518,531,553,395,401,319,225,584,0
2,1769098533104,1095,177,12572,1419650,59864,-210137,0,0,0,511,581,224,527,524,533,528,390,410,344,237,593,0
2,1769098533120,933,157,13414,1875356,151494,-240680,0,0,0,516,586,225,534,534,540,498,382,417,323,232,610,0
2,1769098533136,832,95,14051,2370157,135612,-201585,0,0,0,521,587,222,537,543,548,466,368,439,329,231,630,0
2,1769098533152,1249,23,14926,2928487,68416,-163711,0,0,0,528,583,223,536,538,542,430,361,409,326,231,636,0
2,1769098533168,1928,-14,15860,3545461,0,-219911,0,0,0,542,596,223,532,547,537,404,350,415,336,238,625,0
2,1769098533184,2349,0,16802,4207639,-26878,-368962,0,0,0,536,587,223,514,541,532,362,333,422,305,221,622,0
2,1769098533200,2258,47,18832,5153259,10995,-565661,0,0,0,525,583,217,511,546,539,315,290,429,287,208,588,0
2,1769098533216,3067,-229,22105,6269920,10995,-725707,0,0,0,498,564,215,506,534,534,290,238,427,273,195,533,0
2,1769098533232,4048,-1134,26465,7406130,-15882,-869872,0,0,0,466,541,201,495,520,518,276,191,408,266,185,485,0
2,1769098533248,4752,-2057,29700,8247902,109955,-962723,0,0,0,416,517,185,469,494,480,272,181,366,256,179,452,0
2,1769098533264,4398,-1143,31969,8757364,476474,-1119105,0,0,0,335,477,171,421,444,421,284,205,314,226,170,396,0
2,1769098533280,3287,2660,33270,8833111,519235,-1345125,0,0,0,266,440,158,377,400,382,302,238,284,191,160,305,0
2,1769098533296,4489,10308,29351,8351749,28099,-1580919,0,0,0,253,428,157,365,382,373,317,272,286,168,157,233,0
2,1769098533312,7374,18032,17047,6897890,-483805,-2021963,0,0,0,264,429,160,360,374,367,315,275,281,161,150,216,0
2,1769098533328,7513,21775,9016,4113566,-605978,-2442239,0,0,0,253,434,160,355,378,365,306,280,269,159,153,214,0
2,1769098533344,2689,20531,9442,-1065348,-739146,-2232101,0,0,0,248,429,155,353,370,363,301,283,262,155,148,208,0
2,1769098533360,411,13883,10112,-4250400,-1396437,-1544267,0,0,0,236,429,144,348,375,333,291,287,268,154,162,183,0
2,1769098533376,3201,7059,6901,-4808731,-2004859,-950506,0,0,0,241,429,157,349,381,341,291,300,241,150,156,187,0
2,1769098533392,7111,5403,3417,-4306599,-1436755,-789237,0,0,0,234,429,157,345,386,341,288,313,239,149,163,186,0
2,1769098533408,6934,6484,3852,-4453207,-386066,-686612,0,0,0,231,425,156,341,380,335,286,318,235,149,164,184,0
2,1769098533424,4666,6724,6537,-5086063,246789,-294437,0,0,0,229,426,156,337,375,332,287,324,236,150,172,179,0
2,1769098533440,3948,5556,8336,-5544212,488692,196698,0,0,0,229,428,157,337,374,333,288,330,239,151,174,179,0
2,1769098533456,4536,4072,9236,-5714033,713490,538783,0,0,0,231,428,154,342,376,334,292,332,238,153,174,180,0
2,1769098533472,4230,3594,10844,-5887519,1045801,638965,0,0,0,230,425,152,343,376,331,297,334,239,155,176,179,0
2,1769098533488,3670,3397,12945,-6179512,1241278,720820,0,0,0,229,422,152,341,374,329,300,338,241,154,175,175,0
2,1769098533504,3938,3024,15161,-6520375,1329242,807563,0,0,0,230,421,153,341,374,329,299,339,238,164,182,172,0
2,1769098533520,4584,2531,17568,-6797708,1510058,842994,0,0,0,230,420,152,341,374,330,296,340,238,175,191,170,0
2,1769098533536,4876,2077,20521,-7024950,1776396,860098,0,0,0,226,419,151,341,372,330,299,344,242,151,174,169,0
2,1769098533552,4958,1450,24383,-7235087,2004859,1001818,0,0,0,230,419,153,344,372,332,301,342,243,150,171,167,0
2,1769098533568,5331,368,29274,-7423234,2197893,1314581,0,0,0,229,419,154,344,371,332,304,339,241,147,169,167,0
2,1769098533584,6039,-2589,33955,-7557624,2392148,1854586,0,0,0,229,420,157,345,371,337,315,338,248,152,169,174,0
2,1769098533600,4781,-10265,35630,-7457442,2719572,2395813,0,0,0,230,415,154,346,369,344,312,336,259,156,172,182,0
2,1769098533616,1196,-21507,35620,-6917437,2665815,2588846,0,0,0,231,415,154,351,374,348,316,331,255,156,172,180,0
2,1769098533632,-52,-34046,30184,-5782450,1780061,2062281,0,0,0,231,416,154,352,376,348,321,338,259,157,172,180,0
2,1769098533648,138,-45072,18501,-3794694,1229060,304210,0,0,0,233,418,156,354,375,349,325,342,262,157,172,182,0
2,1769098533664,-5240,-50255,11854,-1728748,1240056,-1645670,0,0,0,227,401,152,348,363,345,347,376,262,165,191,185,0
2,1769098533680,-11797,-48619,12519,-81855,769690,-2524095,0,0,0,220,366,144,334,340,331,388,437,270,180,252,175,0
2,1769098533696,-13361,-31457,21856,2400700,-1510058,-1879021,0,0,0,223,339,144,326,317,330,427,465,268,198,316,171,0
2,1769098533712,-3780,-4393,20354,4880813,-3925420,-478918,0,0,0,237,337,154,331,306,344,458,472,264,219,370,176,0
2,1769098533728,2938,7288,16448,6478836,-3863111,770911,0,0,0,251,350,161,343,306,358,487,496,275,264,421,179,0
2,1769098533744,-1273,382,19660,6063448,-1227839,1139874,0,0,0,254,361,163,354,303,368,512,525,279,339,458,191,0
2,1769098533760,-3847,-3129,22770,4108679,-105068,135612,0,0,0,265,385,173,369,314,379,542,555,282,377,487,215,0
2,1769098533776,478,-574,17262,2635272,-411723,-362853,0,0,0,268,409,183,381,330,412,572,583,301,415,511,264,0
2,1769098533792,2871,1206,10849,1783726,-621860,-59864,0,0,0,287,448,190,397,365,419,588,591,316,410,481,343,0
2,1769098533808,1402,-406,10667,966388,-477696,177150,0,0,0,321,470,199,416,390,424,592,611,319,461,524,371,0
2,1769098533824,296,-717,11342,212581,-312763,112399,0,0,0,345,482,207,421,397,424,594,615,344,443,506,391,0
2,1769098533840,545,349,10610,-1221,-233350,0,0,0,0,361,487,210,431,403,432,599,618,357,462,513,396,0
2,1769098533856,851,856,9978,7330,-195476,-14660,0,0,0,380,496,218,440,406,441,602,622,363,473,517,397,0
2,1769098533872,847,703,10026,41538,-151494,7330,0,0,0,387,507,221,437,412,440,603,620,369,471,519,399,0
2,1769098533888,746,583,10212,29321,-105068,3665,0,0,0,389,511,222,428,405,434,607,615,373,462,517,402,0
2,1769098533904,713,665,10179,36651,-65973,-15882,0,0,0,389,511,223,432,404,437,602,609,375,471,516,399,0
2,1769098533920,717,708,10112,85521,-40317,-23212,0,0,0,390,511,222,435,407,440,593,604,370,439,480,406,0
2,1769098533936,722,689,10088,135612,-13439,-23212,0,0,0,392,512,222,432,406,440,586,600,368,387,431,422,0
2,1769098533952,751,650,10088,166155,3665,-18325,0,0,0,396,517,225,431,407,441,582,593,360,364,403,432,0
2,1769098533968,799,622,10069,193033,4886,-19547,0,0,0,398,525,230,432,413,443,573,577,334,397,418,425,0
2,1769098533984,823,588,10045,222354,0,-28099,0,0,0,397,526,227,437,418,445,564,559,331,467,467,407,0
2,1769098534000,818,536,10040,238237,-12217,-37873,0,0,0,396,523,218,441,422,444,563,550,329,352,366,438,0
2,1769098534016,832,502,10050,243124,-23212,-48869,0,0,0,404,531,218,445,427,444,551,540,331,321,326,458,0
2,1769098534032,851,502,10054,256563,-36651,-61086,0,0,0,412,534,225,448,434,456,557,534,342,310,310,469,0
2,1769098534048,818,483,10059,290771,-51312,-69638,0,0,0,417,538,228,447,443,456,544,511,342,305,281,480,0
2,1769098534064,804,454,10107,344527,-62308,-74525,0,0,0,433,545,220,459,455,456,529,482,339,400,380,488,0
2,1769098534080,827,397,10189,411723,-68416,-81855,0,0,0,453,557,224,466,461,468,528,475,352,321,276,515,0
2,1769098534096,832,306,10241,475253,-63529,-91629,0,0,0,471,569,228,478,483,480,520,452,375,411,314,514,0
2,1769098534112,861,205,10337,552222,-57421,-103847,0,0,0,482,574,227,491,498,493,512,422,395,351,269,546,0
2,1769098534128,942,90,10461,652404,-68416,-122173,0,0,0,490,581,230,496,505,506,503,402,397,303,232,572,0
2,1769098534144,995,-81,10614,805120,-92851,-145385,0,0,0,496,589,225,505,519,511,486,392,396,305,223,585,0
2,1769098534160,1210,-335,11036,1048244,-95294,-179594,0,0,0,506,595,223,520,530,516,476,386,399,311,223,593,0
2,1769098534176,1311,-76,12337,1334129,47647,-270002,0,0,0,523,600,230,532,532,528,471,386,401,316,227,601,0
2,1769098534192,631,263,13768,1631010,118507,-317649,0,0,0,536,605,231,541,539,539,455,388,397,314,227,616,0
2,1769098534208,134,124,14166,2004859,7330,-219911,0,0,0,541,605,223,539,544,535,434,385,392,341,252,621,0
2,1769098534224,641,-239,14367,2593733,-59864,-74525,0,0,0,553,597,221,524,550,522,402,380,395,397,303,617,0
2,1769098534240,1612,-330,15333,3148399,-47647,-74525,0,0,0,559,592,218,522,545,533,374,378,408,330,236,631,0
2,1769098534256,2254,-215,16956,3905872,-89186,-244346,0,0,0,561,591,224,512,552,542,339,365,403,314,225,627,0
2,1769098534272,2909,-244,18702,4751309,-173485,-447153,0,0,0,545,591,216,510,559,532,299,307,413,298,215,617,0
2,1769098534288,4163,-406,21612,5844758,-304210,-739146,0,0,0,513,578,223,512,554,545,274,242,425,270,198,543,0
2,1769098534304,4943,-1148,26628,7031058,-458148,-1025031,0,0,0,479,545,201,492,527,525,278,183,388,270,190,495,0
2,1769098534320,5819,-1713,30739,8084190,-483805,-1252273,0,0,0,429,522,186,457,482,470,257,179,356,260,185,462,0
2,1769098534336,5565,-727,32725,8746368,-316428,-1489289,0,0,0,362,489,175,413,445,422,265,205,310,232,177,416,0
2,1769098534352,5144,2345,34113,9001710,-221133,-1721418,0,0,0,279,443,159,371,393,374,296,250,277,189,161,292,0
2,1769098534368,6882,9638,31375,8567995,-371406,-1964542,0,0,0,243,429,156,356,373,362,308,275,274,165,152,223,0
2,1769098534384,8528,17784,19564,7075041,-579100,-2312735,0,0,0,241,436,159,352,376,361,300,283,271,155,150,212,0
2,1769098534400,7197,23120,9925,4024380,-674395,-2346944,0,0,0,238,436,156,346,377,350,296,288,260,151,150,204,0
2,1769098534416,2986,22598,9136,-516791,-812450,-1599245,0,0,0,234,432,153,344,376,344,297,290,251,153,153,199,0
2,1769098534432,2033,15080,9361,-3478266,-1331686,-485026,0,0,0,231,431,152,345,374,343,292,294,244,152,155,192,0
2,1769098534448,4924,7508,5714,-4340808,-1530828,212581,0,0,0,226,431,154,342,373,338,290,300,241,155,165,188,0
2,1769098534464,6815,5747,2809,-3848451,-652404,91629,0,0,0,222,433,153,340,369,334,283,304,231,178,212,185,0
2,1769098534480,5254,6518,3531,-3900985,307876,-74525,0,0,0,219,427,153,329,365,330,274,302,228,204,263,184,0
2,1769098534496,2785,7245,6302,-4575380,654847,17104,0,0,0,227,427,155,337,376,337,283,323,236,149,171,184,0
2,1769098534512,3172,6231,7709,-5203350,663399,229685,0,0,0,224,427,152,337,373,333,285,325,240,147,171,177,0
2,1769098534528,3742,5096,8868,-5618738,952949,317649,0,0,0,225,423,156,337,374,337,284,331,241,150,177,180,0
2,1769098534544,3000,4551,10643,-5914397,1358564,323758,0,0,0,226,423,153,337,372,332,298,334,241,151,178,178,0
2,1769098534560,1837,4182,13156,-6305350,1552819,416610,0,0,0,227,421,154,339,374,333,297,339,242,150,180,175,0
2,1769098534576,1627,3709,15285,-6653544,1628566,552222,0,0,0,227,421,154,338,374,332,295,345,244,153,181,176,0
2,1769098534592,1703,3120,17750,-6927211,1745852,680503,0,0,0,226,421,155,337,375,332,296,346,245,152,179,176,0
2,1769098534608,1727,2397,20904,-7141014,1847256,828333,0,0,0,226,420,156,336,374,331,295,346,245,149,177,175,0
2,1769098534624,2249,1636,24637,-7269296,1885130,1060462,0,0,0,226,420,156,335,371,329,295,347,244,147,172,172,0
2,1769098534640,3211,464,29035,-7390247,1947438,1428202,0,0,0,225,421,156,335,368,329,298,347,244,145,167,170,0
2,1769098534656,4321,-2703,32940,-7502646,2053728,1966986,0,0,0,227,420,155,339,366,333,303,340,248,149,168,172,0
2,1769098534672,4670,-11232,35276,-7404908,2245540,2516764,0,0,0,228,419,154,343,372,339,314,342,248,153,171,176,0
2,1769098534688,3996,-23010,34989,-6879564,2152689,2585181,0,0,0,226,416,152,348,368,342,329,338,253,157,170,175,0
2,1769098534704,4431,-34735,28839,-5817880,1560149,1864360,0,0,0,226,416,151,348,368,342,326,341,256,159,173,179,0
2,1769098534720,1675,-42459,18219,-4052479,1479515,252898,0,0,0,228,417,155,349,370,347,328,338,259,157,173,177,0
2,1769098534736,-6465,-45982,12342,-2091602,1481959,-1332907,0,0,0,228,417,155,352,372,349,330,344,259,157,174,177,0
2,1769098534752,-12012,-45872,12438,-398284,662177,-2106263,0,0,0,212,397,145,339,359,333,354,442,245,170,231,167,0
2,1769098534768,-10002,-36606,17922,1486845,-888198,-2029294,0,0,0,219,343,143,329,316,324,418,463,248,198,306,169,0
2,1769098534784,-5556,-10591,23364,3573561,-3198490,-1174082,0,0,0,231,340,147,329,308,336,456,471,257,240,360,170,0
2,1769098534800,2005,11055,18310,5605299,-4695110,227241,0,0,0,242,350,149,339,307,346,480,492,266,309,423,164,0
2,1769098534816,411,3474,18009,6462954,-2152689,1393994,0,0,0,248,359,152,351,310,358,504,510,271,310,442,173,0
2,1769098534832,-5211,-4259,23101,5303532,-100181,957836,0,0,0,252,376,164,360,316,369,523,532,274,290,435,195,0
2,1769098534848,-1947,-1981,19942,3621209,-212581,-58643,0,0,0,261,401,178,370,327,381,548,559,283,340,443,220,0
2,1769098534864,2790,1311,12921,2193006,-609643,-241902,0,0,0,275,428,188,385,349,394,577,581,300,388,454,254,0
2,1769098534880,2033,459,10878,1354899,-544891,149051,0,0,0,291,456,204,408,377,407,593,599,312,363,461,304,0
2,1769098534896,607,-612,10902,524122,-430049,243124,0,0,0,312,480,227,423,397,422,604,618,314,422,508,341,0
2,1769098534912,148,-224,10902,36651,-359188,61086,0,0,0,331,495,244,418,406,426,603,614,312,433,511,347,0
2,1769098534928,650,679,10251,3665,-271224,-30543,0,0,0,340,503,272,417,398,439,619,622,328,445,509,369,0
2,1769098534944,880,856,10059,45204,-169820,-13439,0,0,0,351,502,267,426,402,431,615,622,314,446,512,364,0
2,1769098534960,784,722,10169,53756,-111177,0,0,0,0,358,502,269,415,398,439,617,622,324,446,507,380,0
2,1769098534976,708,703,10198,70860,-73303,-12217,0,0,0,373,506,266,419,398,435,616,618,320,433,487,372,0
2,1769098534992,703,756,10155,123394,-37873,-26878,0,0,0,374,510,267,424,409,435,616,609,323,393,443,380,0
2,1769098535008,708,760,10131,179594,-4886,-30543,0,0,0,374,513,267,418,403,430,607,595,325,362,409,399,0
2,1769098535024,727,703,10107,217468,20769,-25656,0,0,0,379,516,272,423,406,435,597,581,326,343,383,406,0
2,1769098535040,784,665,10074,230907,23212,-24434,0,0,0,384,519,271,430,412,440,589,571,334,321,352,410,0
2,1769098535056,832,626,10040,243124,9773,-29321,0,0,0,385,520,264,433,413,438,582,558,339,302,321,415,0
2,1769098535072,842,583,10031,251676,-6108,-39095,0,0,0,390,524,262,435,418,438,572,537,335,297,300,417,0
2,1769098535088,837,559,10050,257785,-24434,-47647,0,0,0,402,533,265,440,428,440,563,516,336,294,280,426,0
2,1769098535104,847,536,10083,274889,-43982,-54977,0,0,0,413,541,269,447,434,448,563,504,342,292,267,439,0
2,1769098535120,861,483,10098,302989,-68416,-64751,0,0,0,422,551,272,445,438,452,557,489,348,295,256,451,0
2,1769098535136,837,435,10102,328645,-92851,-75747,0,0,0,428,551,277,452,452,458,561,475,354,312,249,469,0
2,1769098535152,804,402,10126,353080,-113620,-80634,0,0,0,432,556,312,458,453,481,556,459,370,297,242,489,0
2,1769098535168,827,344,10217,392175,-133168,-81855,0,0,0,451,571,268,473,472,484,543,427,359,297,235,506,0
2,1769098535184,851,277,10323,460592,-160046,-91629,0,0,0,462,571,266,482,474,500,544,414,367,290,224,521,0
2,1769098535200,832,186,10433,559552,-184481,-111177,0,0,0,471,579,261,494,484,507,535,399,368,319,233,535,0
2,1769098535216,818,110,10705,707381,-190589,-123394,0,0,0,482,586,257,503,501,519,530,393,381,300,222,549,0
2,1769098535232,851,33,11213,943175,-178372,-139277,0,0,0,489,585,241,512,512,519,522,382,388,299,221,574,0
2,1769098535248,818,14,11758,1196074,-96516,-164933,0,0,0,509,587,232,515,518,519,508,379,402,309,222,596,0
2,1769098535264,732,-52,12242,1463633,-10995,-186924,0,0,0,516,592,221,521,528,524,490,373,409,316,223,607,0
2,1769098535280,574,-129,12816,1793500,19547,-172263,0,0,0,521,595,216,530,537,528,463,366,412,321,227,612,0
2,1769098535296,550,-167,13371,2178345,0,-117286,0,0,0,533,600,219,532,547,528,428,362,407,325,231,617,0
2,1769098535312,981,-263,14252,2722015,-39095,-76969,0,0,0,537,605,222,526,551,526,397,359,393,334,238,618,0
2,1769098535328,1871,-349,15525,3329215,-108734,-129503,0,0,0,541,597,227,517,536,527,366,353,394,336,243,610,0
2,1769098535344,2364,-320,17080,4075692,-202807,-332310,0,0,0,535,587,218,514,552,531,320,329,393,311,227,616,0
2,1769098535360,2502,-311,19018,4983438,-282219,-547335,0,0,0,527,586,217,511,577,534,286,291,408,290,216,584,0
2,1769098535376,3168,-559,22502,6120869,-379958,-755029,0,0,0,503,573,204,501,571,516,263,235,397,274,201,529,0
2,1769098535392,4398,-1617,27097,7214318,-486248,-926071,0,0,0,469,553,192,490,549,513,251,180,381,263,183,487,0
2,1769098535408,5541,-2397,30696,8074416,-438601,-1111774,0,0,0,425,525,181,475,491,466,256,174,338,257,178,457,0
2,1769098535424,4828,-918,32778,8637634,-331088,-1372003,0,0,0,350,487,168,416,443,414,267,202,296,233,174,406,0
2,1769098535440,4723,2550,33481,8824559,-375071,-1573588,0,0,0,269,445,163,368,392,373,292,237,271,181,153,273,0
2,1769098535456,6905,10107,28059,8316319,-594982,-1808161,0,0,0,251,438,161,358,382,362,299,260,277,168,153,230,0
2,1769098535472,8044,16482,18119,7172779,-844215,-2125811,0,0,0,253,439,158,360,382,359,304,266,273,165,151,221,0
2,1769098535488,6566,21134,9600,4395786,-1021366,-2133141,0,0,0,255,435,158,363,383,350,303,270,264,164,152,213,0
2,1769098535504,3761,21153,8753,-295658,-988379,-1268156,0,0,0,247,431,157,357,385,345,297,278,256,160,155,206,0
2,1769098535520,2507,15721,9088,-3920533,-1106887,-210137,0,0,0,235,427,155,346,385,346,291,289,248,152,156,197,0
2,1769098535536,4268,8011,7207,-5147150,-1313360,486248,0,0,0,230,426,155,343,381,342,288,299,244,153,162,193,0
2,1769098535552,6824,5111,4321,-4763527,-915076,294437,0,0,0,225,426,155,341,380,340,285,307,241,153,170,191,0
2,1769098535568,7016,5230,3857,-4715879,43982,-233350,0,0,0,226,423,156,342,385,339,285,321,239,150,168,186,0
2,1769098535584,4785,5967,6073,-5224119,675616,-509461,0,0,0,225,422,157,340,386,336,284,331,241,149,173,183,0
2,1769098535600,3024,5484,8308,-5720142,868650,-447153,0,0,0,224,422,159,339,390,338,283,337,240,146,176,180,0
2,1769098535616,2876,4565,9380,-5876523,992045,-232128,0,0,0,224,422,157,339,390,334,284,345,238,145,180,176,0
2,1769098535632,2876,3900,10658,-5888740,1332907,31764,0,0,0,223,420,155,337,387,331,284,351,241,146,185,174,0
2,1769098535648,2254,3689,12581,-6003583,1663996,278554,0,0,0,223,423,155,340,389,335,285,349,239,148,180,174,0
2,1769098535664,1631,3675,14869,-6273586,1836260,527787,0,0,0,226,424,158,334,383,327,285,352,239,145,180,169,0
2,1769098535680,1435,3493,17075,-6537479,1943773,742812,0,0,0,227,423,158,334,383,327,286,356,243,145,182,169,0
2,1769098535696,1636,2962,19861,-6792821,2054950,940732,0,0,0,224,420,156,336,385,329,288,359,242,146,184,171,0
2,1769098535712,2062,2273,23297,-6969972,2153910,1127657,0,0,0,223,418,154,335,384,328,292,359,241,146,182,169,0
2,1769098535728,2742,1474,28111,-7145901,2223549,1428202,0,0,0,223,417,152,336,382,328,295,356,241,147,178,169,0
2,1769098535744,3589,-1387,32639,-7330382,2241875,1953547,0,0,0,224,418,152,339,381,330,299,352,240,148,177,172,0
2,1769098535760,3728,-8461,35491,-7370699,2311514,2499660,0,0,0,226,422,154,341,381,336,304,350,243,149,177,173,0
2,1769098535776,2593,-20660,35577,-6955311,2183232,2665815,0,0,0,224,422,153,345,379,343,315,350,253,154,176,178,0
2,1769098535792,3397,-33562,29140,-5782450,1587027,1929112,0,0,0,227,424,157,348,376,347,324,351,259,156,176,180,0
2,1769098535808,2555,-44249,18659,-3842342,1403768,322536,0,0,0,226,425,154,352,379,350,327,354,261,158,179,180,0
2,1769098535824,-4848,-47867,12663,-1866804,1584584,-1445307,0,0,0,225,421,153,351,377,349,329,364,262,159,183,180,0
2,1769098535840,-11452,-46384,13103,-289550,744033,-2245540,0,0,0,218,399,151,343,365,344,347,449,252,170,221,176,0
2,1769098535856,-11806,-37257,18080,1517389,-840550,-2196671,0,0,0,221,341,143,329,315,328,425,462,257,199,307,173,0
2,1769098535872,-5211,-9270,23637,3792251,-3489262,-1088561,0,0,0,234,339,150,329,309,342,455,472,257,222,372,173,0
2,1769098535888,2407,8164,17382,5635842,-4375016,371406,0,0,0,248,352,156,344,314,354,487,489,269,243,405,171,0
2,1769098535904,469,3886,17262,6315124,-2274862,1309695,0,0,0,251,356,156,350,305,356,512,531,277,336,463,172,0
2,1769098535920,-5513,-3981,23153,5271767,-186924,821002,0,0,0,254,377,158,363,309,375,536,566,278,367,494,201,0
2,1769098535936,-1287,-1718,20196,3318219,-309097,-321315,0,0,0,264,410,178,374,324,397,566,594,299,414,520,239,0
2,1769098535952,2943,1057,13304,2003637,-632856,-265115,0,0,0,280,436,198,392,351,412,587,611,319,455,538,271,0
2,1769098535968,1986,291,10830,1028697,-496022,125838,0,0,0,291,455,211,412,378,421,597,622,323,457,537,308,0
2,1769098535984,268,-411,10734,216246,-280998,201585,0,0,0,301,470,224,421,393,429,606,630,322,450,528,340,0
2,1769098536000,402,349,10600,84299,-210137,37873,0,0,0,321,483,238,425,399,435,613,633,327,453,525,350,0
2,1769098536016,837,942,10169,89186,-169820,-29321,0,0,0,334,488,256,423,400,433,623,637,324,458,527,356,0
2,1769098536032,971,947,10002,111177,-131946,-4886,0,0,0,351,496,273,429,401,439,619,631,322,465,527,363,0
2,1769098536048,808,808,10126,117286,-101403,0,0,0,0,363,499,270,436,404,451,624,626,337,465,518,377,0
2,1769098536064,708,808,10189,149051,-65973,-15882,0,0,0,365,499,273,434,407,447,620,607,336,437,481,390,0
2,1769098536080,727,856,10155,196698,-21991,-25656,0,0,0,366,502,277,436,407,454,608,598,341,391,428,402,0
2,1769098536096,799,818,10102,246789,18325,-25656,0,0,0,377,507,272,446,416,455,597,573,340,444,476,390,0
2,1769098536112,847,741,10059,276111,34208,-26878,0,0,0,386,509,273,445,413,450,599,568,345,346,364,414,0
2,1769098536128,875,684,10040,283441,29321,-34208,0,0,0,390,509,266,451,416,453,597,557,348,301,305,428,0
2,1769098536144,885,636,10035,272445,12217,-46425,0,0,0,392,509,259,449,416,450,592,541,356,296,285,433,0
2,1769098536160,899,607,10035,266337,1221,-57421,0,0,0,396,512,262,449,421,451,586,522,366,300,267,440,0
2,1769098536176,918,593,10064,270002,-10995,-65973,0,0,0,404,518,269,457,438,461,583,507,373,299,253,457,0
2,1769098536192,938,555,10083,287106,-36651,-76969,0,0,0,414,523,272,463,446,469,583,497,379,288,242,473,0
2,1769098536208,914,497,10074,304210,-59864,-84299,0,0,0,421,532,271,466,443,469,579,476,385,289,234,473,0
2,1769098536224,856,449,10078,322536,-80634,-89186,0,0,0,431,547,270,465,451,473,573,452,391,283,225,484,0
2,1769098536240,851,421,10150,345749,-81855,-87964,0,0,0,437,551,265,471,457,481,566,432,398,282,219,502,0
2,1769098536256,909,373,10251,398284,-90408,-89186,0,0,0,446,551,257,493,472,495,549,408,398,295,218,521,0
2,1769098536272,985,301,10308,478918,-120951,-105068,0,0,0,464,562,258,494,481,506,560,392,409,290,215,534,0
2,1769098536288,1028,201,10361,575435,-145385,-131946,0,0,0,472,567,258,503,505,511,552,391,433,290,214,550,0
2,1769098536304,1043,110,10610,719599,-151494,-163711,0,0,0,482,573,253,509,505,507,541,386,420,293,213,563,0
2,1769098536320,1076,47,11045,902858,-108734,-201585,0,0,0,491,578,232,516,518,509,547,380,424,300,214,582,0
2,1769098536336,880,19,11715,1133765,-7330,-237015,0,0,0,503,586,226,528,524,514,544,374,429,305,215,601,0
2,1769098536352,612,-9,12409,1433089,63529,-228463,0,0,0,513,588,224,534,532,525,512,370,431,313,222,618,0
2,1769098536368,521,-67,13031,1847256,111177,-162490,0,0,0,524,591,223,534,540,535,482,366,429,329,236,628,0
2,1769098536384,660,-90,13778,2315179,144164,-87964,0,0,0,529,592,220,532,540,539,446,357,418,330,236,631,0
2,1769098536400,1469,-201,14936,2935818,147829,-69638,0,0,0,535,588,218,535,542,542,411,348,412,328,230,634,0
2,1769098536416,2239,-229,15946,3572339,81855,-201585,0,0,0,544,582,222,532,546,544,379,335,411,326,226,633,0
2,1769098536432,2536,-177,17377,4420220,2443,-432492,0,0,0,541,577,221,518,550,540,329,304,412,304,216,614,0
2,1769098536448,2574,-205,19468,5301088,-19547,-618195,0,0,0,526,566,208,517,552,537,293,261,427,283,203,573,0
2,1769098536464,3541,-626,23163,6388428,-47647,-780685,0,0,0,489,550,199,503,534,527,287,225,408,270,190,511,0
2,1769098536480,4800,-1703,27590,7454999,-28099,-935845,0,0,0,446,533,187,483,504,503,271,171,399,260,182,468,0
2,1769098536496,5221,-2225,30701,8266228,211359,-1109331,0,0,0,407,510,175,463,481,463,271,175,352,260,180,444,0
2,1769098536512,4560,-760,32734,8765916,482583,-1330464,0,0,0,322,470,166,399,430,404,285,200,301,226,171,401,0
2,1769098536528,4350,3723,32773,8767137,471587,-1569923,0,0,0,256,433,151,364,396,362,315,240,278,227,169,260,0
2,1769098536544,5666,11710,27135,8239350,79412,-1865582,0,0,0,253,429,158,362,381,369,315,251,283,179,149,234,0
2,1769098536560,6307,17717,16176,6863681,-546113,-2272418,0,0,0,250,432,156,358,378,363,304,259,277,160,145,221,0
2,1769098536576,4948,21607,9777,3448945,-940732,-2229658,0,0,0,247,433,156,354,377,355,300,266,267,155,144,209,0
2,1769098536592,2613,21512,8686,-1121548,-1084896,-1571145,0,0,0,242,433,154,349,375,347,297,274,259,152,146,200,0
2,1769098536608,1244,14367,9609,-5072624,-1404990,-467922,0,0,0,239,432,152,346,375,341,292,285,253,151,151,193,0
2,1769098536624,3627,7255,7346,-5508782,-1843591,6108,0,0,0,232,430,152,342,375,337,287,294,246,157,173,187,0
2,1769098536640,6728,4379,4728,-5152037,-1722639,-51312,0,0,0,223,429,152,338,374,336,284,302,239,161,190,182,0
2,1769098536656,7815,4891,4536,-5136154,-915076,-389732,0,0,0,228,426,157,341,379,337,285,319,235,145,164,180,0
2,1769098536672,6015,5360,7126,-5683490,-68416,-548556,0,0,0,230,425,156,341,379,333,289,326,235,150,168,178,0
2,1769098536688,4704,4804,9260,-6100100,257785,-393397,0,0,0,225,425,152,337,379,329,286,340,236,147,173,175,0
2,1769098536704,5163,3618,10299,-6222273,452040,-28099,0,0,0,228,426,153,337,381,329,286,341,237,150,179,178,0
2,1769098536720,5747,2627,11490,-6239377,849102,345749,0,0,0,225,426,155,335,375,327,287,348,236,145,171,172,0
2,1769098536736,5498,2287,13338,-6316346,1266934,636521,0,0,0,225,421,154,338,378,330,288,348,239,147,178,173,0
2,1769098536752,5326,2273,15802,-6574131,1539380,882089,0,0,0,230,423,152,345,380,327,293,356,239,148,177,168,0
2,1769098536768,5484,2120,18320,-6875899,1766622,1040914,0,0,0,228,423,154,343,381,330,294,354,242,151,181,171,0
2,1769098536784,5503,1598,21272,-7125132,2010968,1142317,0,0,0,225,423,153,342,377,330,296,354,240,149,179,169,0
2,1769098536800,5264,952,24757,-7208209,2214997,1263269,0,0,0,228,422,154,342,375,330,299,355,241,149,178,167,0
2,1769098536816,5254,57,29389,-7235087,2397035,1481959,0,0,0,224,420,153,343,377,332,303,357,244,150,178,169,0
2,1769098536832,5527,-2057,33065,-7194770,2517986,1786169,0,0,0,222,422,154,344,377,336,310,358,247,151,176,173,0
2,1769098536848,3728,-8384,34716,-6961420,2733011,2122145,0,0,0,221,420,152,342,369,339,318,357,252,150,169,175,0
2,1769098536864,-57,-18951,33845,-6355441,2489886,2136806,0,0,0,220,415,150,343,366,342,325,352,259,150,169,176,0
2,1769098536880,-990,-30437,28719,-5396383,1781283,1580919,0,0,0,224,418,154,347,371,347,333,346,263,153,173,178,0
2,1769098536896,483,-42258,18133,-3655417,1160643,-210137,0,0,0,222,417,152,346,370,346,335,347,262,153,173,177,0
2,1769098536912,-4982,-45848,13390,-1946216,1202182,-2246762,0,0,0,223,419,154,348,372,345,329,351,260,156,176,179,0
2,1769098536928,-12663,-44216,13515,-87964,574213,-3536909,0,0,0,222,413,150,344,366,338,326,360,257,154,178,171,0
2,1769098536944,-11265,-36376,15936,1562593,-753807,-3231477,0,0,0,211,390,142,349,363,340,398,462,255,178,255,168,0
2,1769098536960,-3876,-12562,21526,2940705,-2384817,-1998751,0,0,0,220,331,142,330,309,334,441,472,255,217,340,178,0
2,1769098536976,3881,14984,20224,3885102,-4520402,-19547,0,0,0,240,333,153,334,299,347,475,481,271,234,378,175,0
2,1769098536992,3536,14381,12691,4869817,-4634023,1817934,0,0,0,245,334,156,348,293,358,505,513,274,302,434,174,0
2,1769098537008,-5857,-899,17841,5279097,-1976759,1727526,0,0,0,255,346,163,353,299,364,532,536,281,316,452,178,0
2,1769098537024,-7140,-4407,23105,4279721,-443488,228463,0,0,0,259,371,170,359,311,368,563,570,298,340,471,185,0
2,1769098537040,727,263,17750,2712241,-560774,-367740,0,0,0,263,398,178,372,337,377,576,582,308,356,482,206,0
2,1769098537056,3105,1722,11854,1568701,-547335,-50090,0,0,0,272,423,193,390,364,394,583,583,308,371,490,235,0
2,1769098537072,1134,626,9691,819781,-360410,291993,0,0,0,285,446,209,403,375,407,599,600,308,405,512,263,0
2,1769098537088,244,148,10533,393397,-274889,171042,0,0,0,304,463,228,409,383,411,607,610,313,423,513,300,0
2,1769098537104,469,612,10619,149051,-267558,23212,0,0,0,314,475,245,422,393,422,613,615,320,440,503,323,0
2,1769098537120,741,1048,10198,100181,-228463,-4886,0,0,0,323,483,249,427,403,422,620,628,312,417,504,330,0
2,1769098537136,746,1100,10040,103847,-161268,0,0,0,0,336,485,258,428,402,422,623,624,314,422,498,346,0
2,1769098537152,646,1019,10126,128281,-108734,-3665,0,0,0,341,488,269,429,405,431,621,614,324,406,471,358,0
2,1769098537168,622,1052,10160,166155,-63529,-15882,0,0,0,346,491,280,430,408,441,620,605,334,390,444,371,0
2,1769098537184,660,1072,10131,218689,-10995,-21991,0,0,0,354,496,287,437,411,453,616,583,332,369,406,381,0
2,1769098537200,713,1009,10093,271224,24434,-26878,0,0,0,359,497,276,442,410,446,614,571,332,322,351,397,0
2,1769098537216,751,938,10064,300545,36651,-32986,0,0,0,369,503,279,433,404,441,611,555,337,297,319,404,0
2,1769098537232,784,890,10045,302989,32986,-40317,0,0,0,374,502,272,441,408,445,612,546,347,294,305,417,0
2,1769098537248,808,866,10040,294437,14660,-51312,0,0,0,383,503,269,452,417,454,602,527,347,291,290,432,0
2,1769098537264,832,842,10054,301767,-4886,-62308,0,0,0,395,506,279,458,426,462,592,498,351,347,334,433,0
2,1769098537280,808,799,10074,326202,-26878,-73303,0,0,0,405,512,280,463,430,464,591,481,358,354,320,443,0
2,1769098537296,775,727,10083,346971,-42760,-78190,0,0,0,411,519,272,464,434,464,592,475,368,292,239,467,0
2,1769098537312,770,650,10107,361632,-54977,-81855,0,0,0,418,526,276,464,447,475,590,459,377,285,229,485,0
2,1769098537328,789,622,10174,386066,-65973,-83077,0,0,0,432,535,279,479,463,489,579,437,374,294,230,507,0
2,1769098537344,832,564,10279,436157,-83077,-87964,0,0,0,451,550,280,481,471,488,569,421,381,297,227,527,0
2,1769098537360,871,478,10423,526565,-107512,-98960,0,0,0,460,550,273,496,479,499,554,407,391,296,222,539,0
2,1769098537376,880,411,10715,681725,-124616,-116064,0,0,0,484,563,274,503,488,510,559,397,400,294,217,555,0
2,1769098537392,894,349,11146,906524,-120951,-135612,0,0,0,483,564,251,511,500,512,542,388,401,300,217,567,0
2,1769098537408,1024,277,11476,1166752,-47647,-175929,0,0,0,488,569,229,533,524,519,524,388,401,310,219,593,0
2,1769098537424,1033,153,11629,1374446,28099,-233350,0,0,0,505,583,229,527,521,522,513,380,408,309,218,608,0
2,1769098537440,990,9,12002,1595580,17104,-260228,0,0,0,515,590,227,540,528,535,489,372,408,310,217,616,0
2,1769098537456,727,-47,12605,1901012,-47647,-243124,0,0,0,525,591,225,546,536,547,461,364,411,315,220,621,0
2,1769098537472,387,-129,13108,2262644,-70860,-180816,0,0,0,529,593,225,542,538,550,431,361,419,319,223,628,0
2,1769098537488,402,-263,13835,2741563,-23212,-81855,0,0,0,538,592,223,535,549,550,399,360,416,325,227,633,0
2,1769098537504,1359,-325,15080,3281568,-3665,-86742,0,0,0,546,591,218,533,556,549,363,349,415,328,235,637,0
2,1769098537520,2598,-368,16769,4061032,-46425,-259006,0,0,0,539,591,215,543,552,556,325,321,430,317,230,633,0
2,1769098537536,2536,-473,18755,4954117,-92851,-504574,0,0,0,536,584,218,545,562,574,291,282,432,295,208,599,0
2,1769098537552,2751,-847,21741,5940053,-129503,-674395,0,0,0,507,564,207,527,549,561,271,230,424,281,201,535,0
2,1769098537568,4000,-1880,26379,7013954,-117286,-803898,0,0,0,471,547,198,506,524,539,266,178,405,266,189,475,0
2,1769098537584,5470,-2689,30141,7919256,-13439,-999375,0,0,0,434,527,183,485,502,497,264,162,373,257,181,451,0
2,1769098537600,5829,-1933,32031,8566774,108734,-1290147,0,0,0,353,488,167,430,453,426,277,181,310,241,179,419,0
2,1769098537616,5120,1411,32821,8767137,212581,-1583362,0,0,0,259,449,152,377,404,376,297,239,278,187,168,290,0
2,1769098537632,5948,8652,30016,8371297,25656,-1863138,0,0,0,246,437,158,369,385,373,314,246,285,171,154,247,0
2,1769098537648,7518,15573,21359,7429343,-309097,-2236988,0,0,0,249,439,158,369,385,370,307,259,286,167,151,225,0
2,1769098537664,6532,20315,12495,4809952,-588874,-2377487,0,0,0,245,436,155,359,380,363,294,262,271,158,147,214,0
2,1769098537680,3158,22096,9906,525344,-923628,-1819156,0,0,0,240,433,156,351,377,355,290,262,260,153,145,208,0
2,1769098537696,1804,15955,10710,-3516140,-1628566,-619417,0,0,0,236,431,154,347,375,347,291,271,257,151,148,200,0
2,1769098537712,4412,8571,8643,-5009094,-2085493,124616,0,0,0,228,431,150,343,372,341,287,280,250,168,184,191,0
2,1769098537728,8576,4637,4273,-4593706,-1562593,64751,0,0,0,218,431,158,340,372,346,281,288,242,186,219,191,0
2,1769098537744,7403,5862,4747,-4750088,-498466,-268780,0,0,0,218,424,172,340,375,353,287,317,247,147,162,191,0
2,1769098537760,5063,6518,7078,-5380501,151494,-349414,0,0,0,222,428,154,339,377,336,282,325,236,145,161,180,0
2,1769098537776,4335,5470,8968,-5974262,296880,-130725,0,0,0,223,427,156,338,377,334,283,332,238,142,163,176,0
2,1769098537792,5072,3957,9629,-6079330,596204,116064,0,0,0,226,426,153,337,377,330,286,340,239,146,168,176,0
2,1769098537808,4785,3239,10935,-6107430,1033583,334754,0,0,0,222,425,152,337,377,330,285,341,236,148,171,175,0
2,1769098537824,4053,3230,13151,-6337115,1280373,593761,0,0,0,222,427,149,337,375,327,286,347,234,145,172,169,0
2,1769098537840,4230,2995,15171,-6699969,1391551,825889,0,0,0,220,430,148,338,378,327,286,351,232,146,172,170,0
2,1769098537856,4857,2268,17367,-7066489,1567480,984714,0,0,0,222,428,149,339,377,328,286,353,233,147,173,170,0
2,1769098537872,4991,1325,20076,-7220427,1798387,1080009,0,0,0,222,425,150,339,377,329,289,355,235,146,172,167,0
2,1769098537888,5216,550,23292,-7252192,1990198,1216843,0,0,0,219,423,148,338,379,329,292,356,238,146,172,167,0
2,1769098537904,5900,-224,27451,-7252192,2201558,1461189,0,0,0,219,423,152,339,377,331,296,353,240,147,171,169,0
2,1769098537920,6101,-2900,31744,-7309613,2557081,1915673,0,0,0,220,421,154,341,371,333,305,351,244,154,173,174,0
2,1769098537936,3819,-8590,34544,-7271739,2915048,2345722,0,0,0,221,420,152,342,368,335,316,350,250,158,173,178,0
2,1769098537952,-387,-19114,35151,-6779382,2596177,2488664,0,0,0,223,421,156,345,370,346,321,347,255,156,169,177,0
2,1769098537968,-62,-31184,30011,-5740911,1561371,2003637,0,0,0,219,419,158,348,374,354,327,346,257,155,172,178,0
2,1769098537984,3508,-41282,19076,-4029267,946841,411723,0,0,0,218,422,148,344,378,343,332,350,260,156,177,179,0
2,1769098538000,-1923,-44508,13017,-2186897,1342681,-1710422,0,0,0,220,415,150,346,367,343,332,355,258,158,175,178,0
2,1769098538016,-10681,-43938,12869,-581543,1059240,-2948035,0,0,0,222,389,153,341,354,342,355,409,256,175,213,184,0
2,1769098538032,-13563,-35453,18956,1182635,-625526,-2553416,0,0,0,220,339,145,328,323,326,418,457,264,192,293,171,0
2,1769098538048,-9585,-12514,23670,3458718,-3554013,-1132544,0,0,0,227,334,146,326,310,340,446,467,257,206,344,173,0
2,1769098538064,952,8911,17453,5600412,-5233893,671951,0,0,0,243,343,155,336,297,350,459,513,261,300,435,163,0
2,1769098538080,1780,6154,15529,6268699,-3006678,1594358,0,0,0,249,351,159,349,305,359,489,505,275,277,425,174,0
2,1769098538096,-5484,-2550,22330,4913799,-147829,900415,0,0,0,253,361,160,353,309,361,515,518,275,284,424,185,0
2,1769098538112,-2354,-1493,19971,3293785,-79412,-144164,0,0,0,260,385,170,361,320,370,539,541,289,307,423,210,0
2,1769098538128,2459,1316,13208,2043955,-390953,-364075,0,0,0,267,413,187,376,336,382,564,569,300,375,467,230,0
2,1769098538144,2694,1665,9581,1478293,-417831,64751,0,0,0,281,440,203,393,358,392,580,589,297,440,514,256,0
2,1769098538160,1048,186,10739,801455,-387288,171042,0,0,0,299,462,215,408,385,403,584,604,298,428,492,301,0
2,1769098538176,382,-28,11289,156381,-393397,78190,0,0,0,314,476,230,420,402,415,588,626,304,420,476,329,0
2,1769098538192,650,909,10437,-83077,-350636,-18325,0,0,0,326,490,249,419,397,423,594,622,308,485,537,327,0
2,1769098538208,813,1210,10035,-9773,-234572,-9773,0,0,0,333,494,255,426,404,428,598,629,315,482,531,331,0
2,1769098538224,808,1134,10112,42760,-122173,0,0,0,0,347,491,255,428,405,426,596,628,319,487,541,334,0
2,1769098538240,756,1062,10217,39095,-63529,-9773,0,0,0,341,491,263,418,408,422,532,579,352,483,540,329,0
2,1769098538256,760,1124,10107,40317,-24434,-23212,0,0,0,343,499,260,423,408,422,586,622,318,485,540,330,0
2,1769098538272,799,1153,10035,59864,7330,-28099,0,0,0,338,497,264,424,412,421,589,622,307,486,546,327,0
2,1769098538288,818,1124,10026,79412,24434,-26878,0,0,0,335,497,246,425,416,419,583,614,299,476,541,324,0
2,1769098538304,832,1105,10016,92851,29321,-25656,0,0,0,334,498,235,426,418,417,585,614,309,455,522,325,0
2,1769098538320,866,1110,9992,105068,24434,-24434,0,0,0,331,501,237,424,422,418,585,605,314,401,461,333,0
2,1769098538336,904,1129,9973,127059,4886,-26878,0,0,0,335,508,243,424,426,418,582,593,312,403,456,336,0
2,1769098538352,928,1115,9978,158824,-19547,-32986,0,0,0,344,511,252,426,426,422,572,579,311,414,462,337,0
2,1769098538368,909,1072,9978,179594,-40317,-37873,0,0,0,355,510,256,431,420,427,570,575,313,389,430,343,0
2,1769098538384,885,1019,9973,190589,-57421,-43982,0,0,0,371,516,263,432,417,430,574,572,317,364,400,360,0
2,1769098538400,871,990,9973,189368,-65973,-45204,0,0,0,389,526,279,430,427,434,565,557,323,332,366,385,0
2,1769098538416,894,990,10002,202807,-67195,-45204,0,0,0,401,531,276,439,445,439,565,543,335,289,312,402,0
2,1769098538432,914,990,10045,241902,-75747,-50090,0,0,0,412,538,275,445,432,442,564,518,349,292,295,427,0
2,1769098538448,914,952,10093,301767,-83077,-57421,0,0,0,429,553,291,449,449,455,573,503,357,292,271,448,0
2,1769098538464,928,904,10136,353080,-85521,-65973,0,0,0,449,567,308,469,462,478,562,480,367,294,252,477,0
2,1769098538480,976,847,10222,422718,-92851,-83077,0,0,0,474,577,324,474,464,477,554,449,367,285,235,493,0
2,1769098538496,985,760,10356,504574,-107512,-107512,0,0,0,483,584,321,480,484,491,554,429,394,294,233,519,0
2,1769098538512,1028,674,10595,629191,-141720,-140499,0,0,0,494,595,300,501,502,504,544,410,396,306,237,555,0
2,1769098538528,1162,555,11060,849102,-200363,-182037,0,0,0,513,606,293,511,514,516,536,393,410,303,229,572,0
2,1769098538544,1105,502,11887,1191187,-265115,-223576,0,0,0,518,610,263,523,526,524,531,400,407,312,239,588,0
2,1769098538560,674,593,12936,1628566,-259006,-221133,0,0,0,519,616,241,526,534,524,516,404,405,315,237,598,0
2,1769098538576,507,555,13548,2034181,-155159,-155159,0,0,0,535,619,236,531,537,523,484,399,403,345,250,598,0
2,1769098538592,813,430,14194,2502104,-91629,-96516,0,0,0,552,616,229,534,546,525,443,390,391,357,259,612,0
2,1769098538608,1440,339,15027,3060434,-130725,-103847,0,0,0,559,611,220,528,562,528,404,382,378,342,249,632,0
2,1769098538624,1746,287,15922,3695734,-195476,-219911,0,0,0,554,605,220,521,566,532,364,373,388,334,240,628,0
2,1769098538640,1555,363,17056,4408003,-233350,-338419,0,0,0,542,606,226,515,557,541,318,347,410,312,229,612,0
2,1769098538656,2560,172,18501,5182580,-285884,-458148,0,0,0,539,609,230,512,555,542,278,294,405,279,205,569,0
2,1769098538672,3651,-191,21808,6222273,-432492,-734260,0,0,0,506,578,205,512,550,536,262,243,394,272,194,511,0
2,1769098538688,4527,-1426,26015,7228979,-552222,-967610,0,0,0,472,558,210,486,527,526,261,197,391,269,195,489,0
2,1769098538704,5556,-2191,28609,7935139,-537561,-1176526,0,0,0,422,525,183,459,487,476,261,188,353,258,182,455,0
2,1769098538720,5312,-1072,29686,8319984,-415388,-1444085,0,0,0,365,496,167,427,447,417,275,223,298,244,181,423,0
2,1769098538736,4436,2187,29796,8377405,-395840,-1648114,0,0,0,257,455,161,369,399,373,289,251,273,191,172,295,0
2,1769098538752,6293,8652,25795,8026769,-527787,-1820378,0,0,0,250,446,165,364,386,372,297,256,280,171,154,247,0
2,1769098538768,7767,14936,18444,7277848,-621860,-2075720,0,0,0,250,440,158,361,385,365,299,268,273,162,153,221,0
2,1769098538784,6111,20885,11251,4730540,-772133,-1977981,0,0,0,248,436,156,360,386,357,298,275,263,158,151,209,0
2,1769098538800,3464,23182,9255,384845,-974940,-1156978,0,0,0,244,434,158,351,386,347,293,282,256,151,151,200,0
2,1769098538816,2660,16865,10485,-4260174,-1269377,229685,0,0,0,235,430,156,343,384,339,290,291,247,149,156,194,0
2,1769098538832,5192,8748,8274,-5027420,-1308473,723264,0,0,0,227,426,154,343,386,338,289,302,240,152,165,190,0
2,1769098538848,7532,4522,5053,-4659680,-823446,531452,0,0,0,224,425,153,343,389,340,284,312,236,151,169,187,0
2,1769098538864,6503,5652,5613,-4818505,-72082,96516,0,0,0,224,424,154,337,391,337,281,322,234,149,169,185,0
2,1769098538880,4781,6135,7599,-5398826,454483,-113620,0,0,0,227,423,156,332,397,332,286,332,237,148,176,179,0
2,1769098538896,3914,5044,9303,-5866749,690277,-54977,0,0,0,226,423,157,341,388,335,284,340,239,146,178,175,0
2,1769098538912,3776,3819,10193,-5872858,973719,91629,0,0,0,226,423,153,340,387,330,287,350,242,150,180,175,0
2,1769098538928,3120,3283,11562,-5869193,1301142,270002,0,0,0,228,423,156,342,391,330,283,349,235,146,180,168,0
2,1769098538944,2412,3096,13548,-6040235,1501506,493579,0,0,0,225,420,150,342,387,327,283,349,233,155,187,168,0
2,1769098538960,2091,2799,15635,-6277251,1639562,704938,0,0,0,226,421,151,340,389,328,285,353,237,150,185,169,0
2,1769098538976,2105,2340,17922,-6500827,1770287,853989,0,0,0,224,425,153,340,386,329,284,350,234,150,181,172,0
2,1769098538992,2258,1794,20334,-6637661,1885130,962723,0,0,0,225,424,153,337,382,326,284,349,234,147,179,169,0
2,1769098539008,2541,1148,23397,-6702413,1980425,1093448,0,0,0,226,422,154,337,382,326,286,350,236,142,173,164,0
2,1769098539024,2928,291,27394,-6779382,2024407,1323134,0,0,0,227,423,156,337,381,328,289,349,239,143,172,166,0
2,1769098539040,3235,-1751,31083,-6916216,2045176,1633453,0,0,0,225,424,155,340,382,332,293,347,242,146,173,170,0
2,1769098539056,2718,-6618,33538,-7000515,2094046,1931555,0,0,0,222,425,153,345,384,337,299,344,243,157,178,173,0
2,1769098539072,1440,-15975,32945,-6684087,1860695,1920560,0,0,0,222,425,154,348,385,341,307,344,248,162,181,176,0
2,1769098539088,2780,-27370,27432,-5844758,1273043,1328021,0,0,0,225,426,156,348,384,348,313,347,256,153,175,177,0
2,1769098539104,4364,-37745,17525,-4345695,1116661,-205250,0,0,0,228,429,159,350,384,353,318,347,260,155,174,179,0
2,1769098539120,-4804,-42000,12591,-2552194,1598023,-1965764,0,0,0,224,428,158,350,381,350,318,343,261,154,174,177,0
2,1769098539136,-15290,-42617,13146,-822224,1076344,-2675589,0,0,0,216,422,143,347,377,337,321,357,280,151,178,167,0
2,1769098539152,-12883,-37262,15640,910189,-536339,-2079385,0,0,0,209,396,140,344,361,335,380,453,248,181,257,167,0
2,1769098539168,-5455,-19837,21387,2702467,-2411695,-1225395,0,0,0,218,335,137,329,316,326,430,463,267,202,304,173,0
2,1769098539184,1569,5407,20904,4235739,-4678005,-172263,0,0,0,236,346,155,332,313,345,461,470,258,222,361,173,0
2,1769098539200,1804,7901,15238,5523443,-4246735,961501,0,0,0,242,350,156,343,306,355,471,510,264,260,414,169,0
2,1769098539216,-3680,-90,18549,5616295,-1828930,1310916,0,0,0,246,360,157,351,311,358,506,520,270,303,443,178,0
2,1769098539232,-5747,-3479,22857,4234517,-244346,399505,0,0,0,253,382,165,361,320,363,532,540,276,301,436,185,0
2,1769098539248,-181,-181,17611,2731789,-452040,-235793,0,0,0,264,402,181,373,330,371,556,561,286,296,414,210,0
2,1769098539264,2493,1526,11935,1722639,-579100,-146607,0,0,0,273,425,194,390,349,385,574,574,301,313,410,245,0
2,1769098539280,1373,660,10337,1021366,-474031,146607,0,0,0,287,449,206,406,370,399,585,589,305,368,453,277,0
2,1769098539296,186,-90,10878,351858,-354301,171042,0,0,0,306,465,220,418,384,410,594,605,303,425,503,303,0
2,1769098539312,306,545,10734,-15882,-304210,23212,0,0,0,317,475,232,426,394,422,597,613,308,435,509,318,0
2,1769098539328,622,1105,10145,-21991,-240680,-13439,0,0,0,325,481,245,430,394,427,602,615,305,436,499,326,0
2,1769098539344,674,1158,10045,20769,-153938,-1221,0,0,0,329,481,251,433,395,422,602,617,300,439,504,336,0
2,1769098539360,617,1067,10155,35430,-84299,0,0,0,0,328,482,248,436,398,428,608,619,303,434,499,336,0
2,1769098539376,588,1072,10150,41538,-36651,-12217,0,0,0,328,484,245,435,402,426,603,619,296,437,503,336,0
2,1769098539392,598,1115,10078,56199,-1221,-20769,0,0,0,333,485,244,433,404,422,605,620,305,434,499,335,0
2,1769098539408,631,1124,10059,86742,28099,-19547,0,0,0,342,489,251,432,399,415,604,616,303,388,449,345,0
2,1769098539424,665,1095,10054,113620,41538,-17104,0,0,0,341,489,250,429,397,414,601,609,300,366,423,345,0
2,1769098539440,703,1062,10026,131946,32986,-17104,0,0,0,336,490,246,424,398,414,601,601,309,366,423,344,0
2,1769098539456,722,1043,10002,141720,13439,-20769,0,0,0,331,495,242,423,402,411,597,591,311,379,431,342,0
2,1769098539472,727,1043,9992,150272,-4886,-26878,0,0,0,329,493,243,424,404,416,595,583,313,372,420,345,0
2,1769098539488,746,1024,9992,167377,-23212,-35430,0,0,0,336,492,247,428,405,422,595,573,317,349,393,350,0
2,1769098539504,751,990,9992,179594,-37873,-43982,0,0,0,346,496,250,433,408,424,595,565,321,321,355,357,0
2,1769098539520,732,957,9983,182037,-48869,-48869,0,0,0,357,498,251,438,416,431,596,558,327,293,319,374,0
2,1769098539536,727,961,10007,201585,-56199,-50090,0,0,0,373,503,257,448,422,441,592,541,332,297,304,399,0
2,1769098539552,746,966,10045,249233,-63529,-51312,0,0,0,392,514,271,451,421,445,582,531,338,298,282,415,0
2,1769098539568,765,918,10098,317649,-65973,-56199,0,0,0,417,527,284,450,436,454,588,513,351,283,260,440,0
2,1769098539584,770,851,10150,377514,-63529,-65973,0,0,0,429,534,276,463,446,470,591,491,370,286,239,464,0
2,1769098539600,799,780,10227,444709,-56199,-84299,0,0,0,432,543,276,479,463,487,593,464,378,295,235,489,0
2,1769098539616,827,703,10332,520457,-47647,-108734,0,0,0,452,553,276,477,470,492,583,426,388,288,219,512,0
2,1769098539632,890,612,10581,632856,-48869,-138055,0,0,0,469,562,272,499,496,510,578,408,393,297,217,533,0
2,1769098539648,957,497,10973,824668,-76969,-168598,0,0,0,485,571,261,507,505,521,563,395,412,358,290,554,0
2,1769098539664,1014,430,11720,1163087,-67195,-201585,0,0,0,496,582,240,523,522,535,553,393,414,333,251,585,0
2,1769098539680,985,464,12577,1536936,36651,-249233,0,0,0,499,580,221,536,531,541,529,389,419,309,220,605,0
2,1769098539696,607,473,13280,1954768,149051,-254119,0,0,0,508,583,220,539,537,539,500,380,429,308,222,616,0
2,1769098539712,382,387,13850,2401922,169820,-180816,0,0,0,520,585,219,543,543,539,473,372,431,310,225,628,0
2,1769098539728,1062,201,14591,2940705,117286,-111177,0,0,0,531,585,214,539,540,543,452,364,428,310,225,633,0
2,1769098539744,1847,76,15506,3512475,50090,-168598,0,0,0,543,589,218,525,536,544,423,353,419,308,221,630,0
2,1769098539760,2067,153,16745,4197865,-26878,-329867,0,0,0,537,580,217,525,545,546,361,330,406,308,221,622,0
2,1769098539776,2737,86,18454,5026199,-107512,-505796,0,0,0,516,573,204,517,544,547,319,288,424,289,210,588,0
2,1769098539792,3340,-100,21325,6003583,-211359,-723264,0,0,0,502,554,205,510,543,537,281,238,416,272,191,519,0
2,1769098539808,3694,-961,25417,7013954,-295658,-861319,0,0,0,474,542,197,492,522,512,272,186,392,260,181,467,0
2,1769098539824,4838,-2072,28389,7865500,-185703,-965167,0,0,0,432,528,185,468,481,469,265,180,359,264,180,451,0
2,1769098539840,4967,-1799,29863,8349306,118507,-1159422,0,0,0,364,493,172,423,450,436,280,212,313,236,175,415,0
2,1769098539856,4388,770,31241,8465370,201585,-1426981,0,0,0,259,447,157,375,400,378,297,231,280,186,159,292,0
2,1769098539872,6317,7446,27819,8041430,-131946,-1712866,0,0,0,251,437,171,369,396,387,310,253,287,229,180,256,0
2,1769098539888,7384,14453,19717,7152010,-478918,-2030516,0,0,0,256,440,168,363,385,370,307,263,279,182,160,224,0
2,1769098539904,6475,19047,11165,5182580,-813672,-2098932,0,0,0,254,441,166,355,381,356,302,267,268,156,149,209,0
2,1769098539920,4039,20234,9418,1018923,-921184,-1325577,0,0,0,251,439,168,347,375,347,297,274,260,150,146,199,0
2,1769098539936,2292,15616,10059,-3171612,-1108109,-156381,0,0,0,248,435,166,344,371,341,294,283,254,147,147,193,0
2,1769098539952,3723,8767,7753,-4239404,-1452637,420275,0,0,0,240,429,161,345,373,339,292,297,248,150,153,191,0
2,1769098539968,6034,5183,4546,-4144109,-1401324,373849,0,0,0,229,425,159,345,377,341,291,309,243,150,157,190,0
2,1769098539984,6369,5269,3953,-4195422,-663399,-68416,0,0,0,227,427,159,345,380,341,291,312,242,146,160,186,0
2,1769098540000,4929,5623,5369,-4632801,65973,-430049,0,0,0,229,424,159,339,379,336,287,321,240,147,166,183,0
2,1769098540016,3263,5312,7288,-5115385,410501,-546113,0,0,0,228,423,159,338,377,335,286,324,240,148,166,182,0
2,1769098540032,3091,4699,8351,-5357288,553443,-432492,0,0,0,225,422,158,340,381,334,286,330,238,146,170,179,0
2,1769098540048,3216,4273,9566,-5571090,841772,-239459,0,0,0,228,426,158,340,381,330,286,332,239,148,173,179,0
2,1769098540064,2785,4015,11452,-5836206,1192408,25656,0,0,0,224,425,156,339,378,330,285,336,238,147,173,177,0
2,1769098540080,2306,3689,13467,-6131865,1415985,317649,0,0,0,224,420,155,337,392,334,289,355,240,145,175,174,0
2,1769098540096,2330,3168,15759,-6481280,1552819,623082,0,0,0,224,420,154,337,392,332,292,357,240,194,219,172,0
2,1769098540112,2684,2459,18219,-6736621,1698205,818559,0,0,0,224,421,155,337,386,332,292,355,240,167,194,171,0
2,1769098540128,2938,1646,20875,-6875899,1828930,984714,0,0,0,225,421,156,337,378,331,290,352,238,146,172,170,0
2,1769098540144,3311,880,24311,-6919881,1931555,1196074,0,0,0,225,423,157,338,376,334,292,351,239,145,168,170,0
2,1769098540160,3938,4,28801,-7004180,2010968,1557706,0,0,0,223,423,156,340,377,335,296,351,241,145,167,172,0
2,1769098540176,4312,-2952,32108,-7122688,2129476,2064724,0,0,0,223,423,155,341,379,337,299,352,244,148,172,177,0
2,1769098540192,2541,-11591,33357,-6971194,2312735,2564412,0,0,0,225,425,157,345,380,343,306,351,250,151,173,181,0
2,1769098540208,339,-23340,31796,-6312681,1979203,2658485,0,0,0,226,427,157,349,378,346,314,344,256,174,183,180,0
2,1769098540224,1608,-35453,24302,-4983438,1109331,1958433,0,0,0,226,425,155,351,378,351,320,341,261,217,212,182,0
2,1769098540240,311,-42665,14611,-3078760,1038470,206472,0,0,0,227,427,157,352,379,351,325,345,262,156,174,180,0
2,1769098540256,-7097,-44852,11505,-1422094,1062905,-1279151,0,0,0,226,424,158,350,374,348,328,359,261,157,178,176,0
2,1769098540272,-12433,-43029,13333,128281,246789,-1835039,0,0,0,217,390,145,342,351,335,389,451,256,186,272,172,0
2,1769098540288,-7810,-28365,20684,2428800,-1712866,-1370781,0,0,0,226,342,145,325,312,334,425,456,257,201,314,174,0
2,1769098540304,823,-2885,20454,4935791,-3732386,-614530,0,0,0,241,351,153,337,317,348,459,471,262,237,380,171,0
2,1769098540320,5206,8499,16156,6662096,-3659082,282219,0,0,0,248,360,160,346,320,361,482,484,280,245,406,179,0
2,1769098540336,-751,660,20837,6087882,-1357342,799011,0,0,0,256,371,166,356,319,368,508,509,287,274,423,190,0
2,1769098540352,-4288,-3421,23512,4361577,-195476,312763,0,0,0,263,395,176,363,326,377,537,538,296,293,421,214,0
2,1769098540368,-454,-909,18042,2744006,-357967,-326202,0,0,0,274,422,188,381,343,390,562,570,301,334,429,247,0
2,1769098540384,2479,1201,11083,1668883,-494800,-98960,0,0,0,287,449,203,401,367,407,579,591,303,375,445,296,0
2,1769098540400,1325,43,10567,866206,-412944,116064,0,0,0,302,472,222,413,384,424,592,601,314,400,469,345,0
2,1769098540416,210,-416,10988,155159,-333532,105068,0,0,0,324,485,236,422,390,430,600,604,321,438,507,366,0
2,1769098540432,392,430,10543,-26878,-279776,1221,0,0,0,345,495,238,426,392,423,600,595,313,469,532,357,0
2,1769098540448,713,947,10093,-12217,-211359,-20769,0,0,0,355,499,243,429,401,425,612,604,317,484,537,351,0
2,1769098540464,741,880,10102,18325,-138055,2443,0,0,0,364,505,253,424,406,421,615,609,318,492,543,354,0
2,1769098540480,641,780,10236,15882,-79412,1221,0,0,0,366,505,254,435,408,428,609,609,318,492,543,354,0
2,1769098540496,612,832,10179,31764,-39095,-17104,0,0,0,372,510,257,430,407,427,604,605,320,494,547,354,0
2,1769098540512,636,880,10107,68416,-10995,-24434,0,0,0,368,514,258,423,403,426,588,592,316,487,548,348,0
2,1769098540528,641,866,10093,111177,7330,-25656,0,0,0,370,515,253,423,399,419,583,584,312,481,541,352,0
2,1769098540544,655,832,10078,135612,15882,-24434,0,0,0,375,522,252,422,401,417,585,583,320,436,486,361,0
2,1769098540560,684,808,10050,149051,13439,-21991,0,0,0,379,524,252,422,403,418,580,572,323,406,446,369,0
2,1769098540576,717,794,10021,157603,1221,-21991,0,0,0,381,520,255,425,409,423,574,560,328,395,428,374,0
2,1769098540592,737,765,10011,169820,-12217,-25656,0,0,0,387,524,258,430,414,429,570,552,330,403,423,379,0
2,1769098540608,741,732,10016,179594,-23212,-34208,0,0,0,392,531,254,431,419,428,565,543,335,375,389,394,0
2,1769098540624,751,727,10031,191811,-34208,-42760,0,0,0,395,537,253,430,426,424,563,534,348,309,323,417,0
2,1769098540640,756,708,10040,210137,-50090,-50090,0,0,0,410,545,265,435,427,428,564,524,354,308,307,427,0
2,1769098540656,751,670,10045,233350,-68416,-54977,0,0,0,428,555,275,442,434,437,545,497,360,315,304,441,0
2,1769098540672,741,650,10074,270002,-83077,-58643,0,0,0,438,566,279,453,445,450,482,457,365,370,343,449,0
2,1769098540688,751,631,10184,329867,-91629,-62308,0,0,0,452,577,279,460,461,461,553,461,362,402,361,472,0
2,1769098540704,775,555,10265,387288,-97738,-72082,0,0,0,459,595,288,470,475,476,553,461,371,307,249,504,0
2,1769098540720,784,464,10313,443488,-102625,-91629,0,0,0,485,609,309,474,482,487,546,437,374,289,225,521,0
2,1769098540736,851,416,10485,533896,-113620,-117286,0,0,0,481,613,278,486,501,503,539,415,381,292,227,541,0
2,1769098540752,981,354,10782,689055,-146607,-152716,0,0,0,493,614,265,503,513,515,535,396,385,296,224,559,0
2,1769098540768,1057,229,11251,940732,-204028,-201585,0,0,0,507,611,252,511,520,513,525,385,386,302,225,578,0
2,1769098540784,775,224,12036,1282817,-199142,-233350,0,0,0,515,610,237,520,529,519,497,387,395,303,222,593,0
2,1769098540800,392,248,12806,1626123,-102625,-218689,0,0,0,524,611,227,531,541,526,470,388,401,313,227,606,0
2,1769098540816,253,191,13256,2014633,-4886,-136833,0,0,0,536,615,225,533,552,529,457,386,402,324,235,619,0
2,1769098540832,550,52,13764,2471560,9773,-54977,0,0,0,546,617,225,525,560,528,434,381,402,324,234,622,0
2,1769098540848,1383,-62,14807,3022561,-45204,-51312,0,0,0,552,613,222,519,563,525,390,370,395,326,233,618,0
2,1769098540864,2196,-114,15951,3624874,-140499,-205250,0,0,0,549,609,219,516,554,530,347,349,391,325,233,616,0
2,1769098540880,2230,-124,17501,4353025,-237015,-416610,0,0,0,551,611,230,508,555,524,299,317,403,294,214,600,0
2,1769098540896,2742,-191,20277,5385387,-339641,-610865,0,0,0,532,589,220,502,549,526,271,267,402,278,203,560,0
2,1769098540912,4134,-823,23972,6414085,-488692,-810007,0,0,0,499,564,210,494,537,509,263,217,397,270,192,501,0
2,1769098540928,5862,-1794,27662,7346265,-591317,-1058018,0,0,0,452,542,192,474,514,493,255,190,379,258,185,477,0
2,1769098540944,5905,-1564,29490,8076860,-513126,-1404990,0,0,0,387,519,179,441,494,435,264,201,327,250,182,445,0
2,1769098540960,4795,129,30586,8454374,-445931,-1678657,0,0,0,298,470,164,394,430,391,272,231,287,211,168,369,0
2,1769098540976,5546,3579,30437,8421388,-524122,-1853365,0,0,0,252,450,164,365,412,373,293,260,276,177,166,276,0
2,1769098540992,8178,11485,23646,7683462,-626747,-2131919,0,0,0,233,440,161,355,399,365,301,281,276,160,159,228,0
2,1769098541008,8236,18698,14036,6086661,-729373,-2344500,0,0,0,237,438,159,354,390,359,298,287,264,196,179,213,0
2,1769098541024,5283,22569,9480,2046398,-908967,-1722639,0,0,0,241,436,163,352,389,357,297,289,257,190,176,209,0
2,1769098541040,3354,19506,9724,-2145358,-1115439,-582765,0,0,0,237,431,164,347,388,351,294,296,253,154,158,203,0
2,1769098541056,4422,11399,8820,-4415333,-1303586,449596,0,0,0,230,429,158,345,388,343,290,304,245,159,173,194,0
2,1769098541072,6929,6925,5015,-4134335,-919963,537561,0,0,0,224,428,157,344,387,344,290,311,243,167,192,193,0
2,1769098541088,7039,6317,3460,-3918089,-144164,276111,0,0,0,228,426,162,342,386,343,287,319,241,151,170,193,0
2,1769098541104,4704,7284,5020,-4342030,579100,39095,0,0,0,228,425,159,340,386,338,285,328,241,149,173,186,0
2,1769098541120,3263,6771,7154,-5007873,761138,87964,0,0,0,226,423,157,340,392,338,281,334,237,147,176,183,0
2,1769098541136,3149,5422,8523,-5430591,924849,193033,0,0,0,226,422,155,340,392,337,284,342,237,148,180,181,0
2,1769098541152,2847,4517,9825,-5563760,1280373,257785,0,0,0,223,421,157,340,390,337,285,348,240,147,181,180,0
2,1769098541168,2043,4206,11610,-5733581,1558928,339641,0,0,0,224,421,158,338,388,333,286,347,242,147,182,174,0
2,1769098541184,1426,4115,13720,-6015800,1701870,475253,0,0,0,225,422,156,339,387,331,288,348,241,147,179,171,0
2,1769098541200,1253,3914,16104,-6388428,1787391,654847,0,0,0,222,421,154,339,388,332,289,352,243,148,179,172,0
2,1769098541216,1311,3450,18640,-6704856,1860695,823446,0,0,0,222,420,154,339,387,331,291,355,243,147,181,172,0
2,1769098541232,1880,2708,21923,-6940650,1931555,1005484,0,0,0,223,420,154,339,385,332,292,355,243,145,179,170,0
2,1769098541248,2703,2057,26039,-7127575,2042733,1237612,0,0,0,225,422,154,340,384,334,292,351,242,145,175,170,0
2,1769098541264,3306,1100,31179,-7318165,2174680,1663996,0,0,0,224,424,154,341,382,334,294,348,242,146,173,173,0
2,1769098541280,3484,-3531,34721,-7452555,2252871,2354274,0,0,0,223,424,155,341,380,336,300,346,247,148,173,176,0
2,1769098541296,2627,-12787,36295,-7283957,2280970,2864957,0,0,0,224,425,157,346,381,344,311,345,257,152,173,179,0
2,1769098541312,2010,-25852,32931,-6453180,1732413,2616946,0,0,0,221,426,155,350,383,348,321,343,258,158,176,184,0
2,1769098541328,2986,-38693,23828,-5022533,1110553,1539380,0,0,0,225,428,156,353,383,351,324,343,261,158,176,184,0
2,1769098541344,-770,-46656,13859,-2993239,1169196,-324980,0,0,0,222,427,154,352,384,350,325,346,261,158,178,183,0
2,1769098541360,-10380,-46886,12538,-1069014,888198,-1589471,0,0,0,223,425,154,352,382,347,322,349,257,158,178,177,0
2,1769098541376,-12347,-43038,14333,587652,-191811,-1861917,0,0,0,211,391,139,344,363,334,375,449,249,183,274,165,0
2,1769098541392,-6226,-29724,20038,2327396,-1605353,-1488067,0,0,0,221,347,143,331,316,334,427,462,251,203,319,171,0
2,1769098541408,2081,-713,20732,4356690,-3569896,-587652,0,0,0,230,349,147,336,318,345,454,471,262,213,369,171,0
2,1769098541424,4661,10016,15625,5878967,-3723834,524122,0,0,0,243,357,155,351,319,358,478,482,272,232,400,172,0
2,1769098541440,-2029,478,18765,5778785,-1318247,1092227,0,0,0,253,369,163,359,316,367,512,512,275,271,427,182,0
2,1769098541456,-4929,-3512,22024,4565606,-133168,493579,0,0,0,266,392,174,369,322,376,542,550,282,327,461,203,0
2,1769098541472,-287,-693,18344,3040887,-381179,-324980,0,0,0,284,419,189,388,337,386,565,574,296,374,481,232,0
2,1769098541488,2349,741,12744,1944994,-625526,-98960,0,0,0,296,442,207,401,356,399,587,593,312,410,494,268,0
2,1769098541504,1497,-134,10916,988379,-544891,184481,0,0,0,303,462,229,405,377,415,602,617,321,444,513,303,0
2,1769098541520,320,-382,10921,353080,-355523,164933,0,0,0,320,478,247,418,389,429,605,625,324,463,523,328,0
2,1769098541536,268,306,10562,90408,-219911,32986,0,0,0,330,491,256,416,388,429,613,625,341,464,524,335,0
2,1769098541552,732,808,10136,105068,-150272,-14660,0,0,0,343,495,270,423,396,431,616,616,322,463,524,343,0
2,1769098541568,789,732,10098,108734,-100181,1221,0,0,0,346,493,277,429,409,436,611,608,319,466,517,352,0
2,1769098541584,703,674,10174,116064,-81855,2443,0,0,0,355,496,275,433,430,440,619,607,322,450,503,354,0
2,1769098541600,655,722,10208,164933,-69638,-14660,0,0,0,375,499,331,429,409,444,614,591,327,445,493,360,0
2,1769098541616,655,722,10169,233350,-36651,-26878,0,0,0,382,504,337,429,400,444,609,574,327,392,425,376,0
2,1769098541632,660,660,10145,287106,3665,-29321,0,0,0,385,507,330,433,404,454,612,562,334,351,377,392,0
2,1769098541648,689,583,10117,313984,40317,-31764,0,0,0,391,510,332,435,406,460,604,545,335,306,321,401,0
2,1769098541664,713,521,10083,323758,57421,-39095,0,0,0,392,510,308,440,406,461,595,526,339,284,286,417,0
2,1769098541680,727,492,10059,320093,56199,-46425,0,0,0,393,512,293,443,411,460,590,513,350,282,267,438,0
2,1769098541696,784,454,10054,316428,43982,-50090,0,0,0,394,514,285,446,417,467,590,498,358,282,253,449,0
2,1769098541712,856,411,10069,318871,21991,-59864,0,0,0,393,515,275,450,422,473,593,481,365,281,242,453,0
2,1769098541728,871,368,10093,328645,-15882,-75747,0,0,0,402,522,278,451,426,466,594,471,368,281,233,462,0
2,1769098541744,832,315,10098,338419,-54977,-89186,0,0,0,418,526,289,455,434,470,589,466,366,279,226,472,0
2,1769098541760,789,258,10083,345749,-83077,-94073,0,0,0,417,527,281,468,439,490,582,449,375,282,221,477,0
2,1769098541776,775,210,10122,357967,-100181,-91629,0,0,0,430,538,284,471,451,479,578,429,381,283,221,493,0
2,1769098541792,799,172,10222,394618,-122173,-94073,0,0,0,440,545,294,473,458,486,581,416,391,285,214,507,0
2,1769098541808,837,114,10332,466701,-149051,-105068,0,0,0,448,557,272,480,465,496,575,395,391,287,214,524,0
2,1769098541824,851,9,10433,571769,-164933,-124616,0,0,0,460,559,260,500,486,507,571,390,393,300,221,540,0
2,1769098541840,875,-62,10595,696386,-177150,-144164,0,0,0,474,564,255,500,490,500,567,384,412,295,209,549,0
2,1769098541856,961,-100,11040,893084,-151494,-177150,0,0,0,495,575,277,505,507,520,555,384,421,295,208,573,0
2,1769098541872,827,-90,11686,1122770,-81855,-219911,0,0,0,501,578,247,512,513,518,541,373,411,305,215,591,0
2,1769098541888,512,-143,12285,1402546,-9773,-226020,0,0,0,504,583,227,530,523,528,524,362,435,320,223,604,0
2,1769098541904,492,-296,12768,1792278,45204,-173485,0,0,0,513,583,220,533,528,530,500,361,443,327,231,615,0
2,1769098541920,751,-358,13462,2214997,63529,-124616,0,0,0,525,587,221,532,533,529,468,357,441,327,231,627,0
2,1769098541936,1564,-392,14821,2807536,20769,-162490,0,0,0,533,590,223,534,539,531,433,348,431,327,229,627,0
2,1769098541952,2258,-397,16295,3539353,-52534,-311541,0,0,0,535,582,224,530,539,541,394,332,416,324,227,621,0
2,1769098541968,2445,-277,17741,4415333,-97738,-542448,0,0,0,534,568,230,523,535,553,348,300,417,307,214,620,0
2,1769098541984,1938,-90,20023,5400048,-34208,-707381,0,0,0,519,560,222,507,533,537,307,250,431,284,197,563,0
2,1769098542000,1919,-167,23546,6561914,48869,-778242,0,0,0,488,553,205,502,515,523,283,199,422,268,186,497,0
2,1769098542016,3268,-1335,28518,7775092,171042,-774577,0,0,0,437,532,195,481,502,514,278,171,404,256,179,471,0
2,1769098542032,4000,-2134,31686,8593652,421497,-836885,0,0,0,398,500,178,456,471,456,276,180,345,252,180,439,0
2,1769098542048,3101,-689,32706,8951619,649960,-995710,0,0,0,309,466,177,397,422,421,291,210,313,214,167,382,0
2,1769098542064,3651,5044,29935,8665734,444709,-1231504,0,0,0,261,438,164,371,388,378,314,232,291,184,153,272,0
2,1769098542080,4929,12615,22378,7898487,-43982,-1538158,0,0,0,256,438,167,364,378,367,309,243,283,175,157,241,0
2,1769098542096,4824,17161,13476,6558249,-700051,-1871691,0,0,0,266,439,176,355,374,358,304,252,272,168,157,219,0
2,1769098542112,3632,20244,8470,3043330,-1255938,-1793500,0,0,0,254,435,166,354,374,358,306,264,267,164,157,210,0
2,1769098542128,2598,19186,7958,-1640784,-1395216,-1205847,0,0,0,242,433,157,354,375,354,305,276,262,161,159,203,0
2,1769098542144,2412,12199,8403,-4266282,-1589471,-530231,0,0,0,235,430,153,349,375,345,299,285,258,164,167,193,0
2,1769098542160,3852,5594,6815,-5026199,-2012190,-112399,0,0,0,226,426,152,326,386,334,294,294,254,169,179,190,0
2,1769098542176,6829,3709,4412,-4621806,-2092824,-156381,0,0,0,226,425,156,306,399,323,292,304,245,165,185,189,0
2,1769098542192,8231,4728,4493,-4845383,-1281595,-390953,0,0,0,229,428,161,342,372,340,288,308,240,159,180,184,0
2,1769098542208,7307,5154,6240,-5370727,-367740,-483805,0,0,0,223,428,154,343,374,343,285,315,233,157,184,178,0
2,1769098542224,5675,4407,8150,-5740911,84299,-278554,0,0,0,218,431,150,340,377,338,283,322,232,159,192,179,0
2,1769098542240,5738,3254,9131,-5799554,257785,144164,0,0,0,223,428,154,336,378,328,283,325,232,164,197,179,0
2,1769098542256,6322,2526,10279,-5844758,588874,557109,0,0,0,222,420,147,339,389,331,290,337,236,160,202,172,0
2,1769098542272,6216,2335,12136,-6062226,967610,802676,0,0,0,224,424,154,340,386,330,288,343,237,158,203,170,0
2,1769098542288,6049,1986,14079,-6317568,1246165,938289,0,0,0,221,420,149,339,379,330,291,343,237,160,205,171,0
2,1769098542304,5987,1430,16276,-6526484,1499063,950506,0,0,0,220,420,151,337,376,330,293,344,237,158,204,168,0
2,1769098542320,5771,1081,19014,-6652322,1771509,873537,0,0,0,223,421,154,337,372,330,292,344,238,158,202,167,0
2,1769098542336,5403,952,22517,-6795264,2037846,846659,0,0,0,222,418,152,339,371,332,296,344,241,159,198,167,0
2,1769098542352,5197,569,27341,-6998072,2222327,1011592,0,0,0,221,416,150,343,373,337,303,344,245,161,194,170,0
2,1769098542368,5666,-1349,31830,-7188662,2327396,1330464,0,0,0,220,416,150,345,374,340,310,345,250,164,194,175,0
2,1769098542384,5814,-7504,33955,-7215540,2543642,1718974,0,0,0,219,418,150,344,373,343,316,344,256,167,194,179,0
2,1769098542400,1670,-18425,33079,-6648657,2681698,1696983,0,0,0,219,418,150,346,371,347,322,338,260,168,193,181,0
2,1769098542416,-1837,-29437,28844,-5643173,2116037,1242499,0,0,0,220,418,150,349,371,350,331,337,264,171,195,182,0
2,1769098542432,-2900,-39090,19334,-4017049,1379333,-28099,0,0,0,222,420,153,351,373,352,331,341,266,169,192,179,0
2,1769098542448,-6082,-44244,12959,-2362826,1105666,-1530828,0,0,0,221,419,151,352,372,350,330,342,263,171,193,178,0
2,1769098542464,-11500,-44340,12175,-627969,668286,-2665815,0,0,0,221,413,154,347,364,344,328,345,260,171,198,175,0
2,1769098542480,-10346,-36630,14596,1114218,-393397,-2619390,0,0,0,212,386,147,351,353,344,398,455,258,199,277,164,0
2,1769098542496,-5733,-18473,20263,2561968,-1704314,-1850921,0,0,0,226,331,146,335,300,338,459,465,257,223,333,172,0
2,1769098542512,1091,8705,19779,3782477,-4045149,107512,0,0,0,242,329,151,334,301,347,477,477,270,227,379,168,0
2,1769098542528,2258,12447,14453,5152037,-4372573,1815491,0,0,0,253,338,157,344,299,360,496,496,280,260,416,171,0
2,1769098542544,-5422,-751,17348,5997474,-1962099,2182010,0,0,0,253,346,161,343,292,361,537,547,282,326,463,176,0
2,1769098542560,-8504,-5355,23680,5145928,-395840,761138,0,0,0,260,380,170,356,309,372,565,588,294,405,515,192,0
2,1769098542576,-693,-1182,19923,3418401,-620639,-239459,0,0,0,270,420,187,387,343,388,586,598,301,426,524,221,0
2,1769098542592,3206,713,13433,1843591,-751364,-39095,0,0,0,293,458,208,411,375,407,602,611,311,436,533,255,0
2,1769098542608,1100,-330,10552,734260,-510683,294437,0,0,0,325,486,236,417,391,424,613,629,321,455,552,290,0
2,1769098542624,-248,-536,10299,172263,-345749,169820,0,0,0,352,503,262,417,394,431,619,637,321,472,567,317,0
2,1769098542640,268,220,10423,69638,-313984,-10995,0,0,0,373,521,276,419,400,427,618,639,313,494,581,323,0
2,1769098542656,732,612,10279,42760,-254119,-39095,0,0,0,385,536,280,420,400,420,615,639,311,508,586,312,0
2,1769098542672,684,555,10160,21991,-175929,-2443,0,0,0,394,547,282,426,402,423,606,633,308,510,585,312,0
2,1769098542688,488,559,10193,32986,-116064,-19547,0,0,0,404,548,281,432,415,428,598,623,312,486,567,319,0
2,1769098542704,435,650,10198,111177,-68416,-46425,0,0,0,418,554,290,432,416,429,595,620,316,462,538,330,0
2,1769098542720,464,670,10165,217468,-26878,-50090,0,0,0,415,552,279,432,423,430,586,603,317,444,522,332,0
2,1769098542736,507,540,10126,287106,4886,-35430,0,0,0,424,562,289,432,425,433,590,587,325,425,461,347,0
2,1769098542752,564,449,10126,313984,13439,-31764,0,0,0,432,565,285,437,487,414,579,567,330,395,410,370,0
2,1769098542768,588,406,10102,318871,0,-36651,0,0,0,434,565,297,434,449,425,563,547,329,352,359,384,0
2,1769098542784,607,382,10078,317649,-17104,-42760,0,0,0,437,567,303,440,432,438,557,530,334,320,322,394,0
2,1769098542800,641,339,10117,317649,-36651,-53756,0,0,0,443,571,295,446,437,440,549,511,335,296,284,409,0
2,1769098542816,641,301,10174,327423,-61086,-73303,0,0,0,448,574,291,450,441,443,537,493,337,321,299,417,0
2,1769098542832,579,253,10155,337197,-84299,-84299,0,0,0,453,574,292,454,447,448,528,477,342,329,300,425,0
2,1769098542848,545,186,10122,348193,-107512,-80634,0,0,0,459,574,283,453,451,449,526,468,343,286,241,442,0
2,1769098542864,574,143,10155,377514,-133168,-79412,0,0,0,463,573,278,454,461,453,529,458,353,288,233,453,0
2,1769098542880,574,100,10189,425162,-153938,-87964,0,0,0,462,573,273,462,468,470,529,431,362,289,235,470,0
2,1769098542896,512,4,10184,482583,-164933,-94073,0,0,0,477,581,269,474,479,476,523,420,362,297,237,500,0
2,1769098542912,516,-76,10318,558330,-164933,-94073,0,0,0,485,589,277,490,505,484,528,412,373,297,230,528,0
2,1769098542928,607,-119,10667,673173,-162490,-101403,0,0,0,493,594,266,490,504,500,520,398,379,291,214,540,0
2,1769098542944,631,-148,11107,851546,-158824,-119729,0,0,0,503,601,261,496,511,508,514,398,398,302,221,565,0
2,1769098542960,650,-181,11643,1064127,-123394,-146607,0,0,0,508,605,235,507,527,516,506,391,393,308,229,581,0
2,1769098542976,679,-253,12256,1330464,-64751,-186924,0,0,0,526,615,235,511,529,526,480,379,388,316,230,592,0
2,1769098542992,411,-291,12830,1740965,-26878,-199142,0,0,0,534,612,230,517,535,517,461,373,394,326,235,604,0
2,1769098543008,373,-392,13371,2175901,-24434,-161268,0,0,0,541,614,225,524,547,517,435,365,391,328,235,616,0
2,1769098543024,827,-483,14472,2720793,-37873,-146607,0,0,0,550,618,229,518,535,519,408,357,393,323,230,616,0
2,1769098543040,1253,-469,15908,3351206,-54977,-196698,0,0,0,557,616,236,507,524,520,374,341,398,314,225,615,0
2,1769098543056,1545,-272,17918,4222300,-61086,-321315,0,0,0,554,605,235,505,537,526,336,313,401,296,215,606,0
2,1769098543072,2536,-205,20334,5264436,-76969,-504574,0,0,0,534,588,223,509,548,526,301,272,398,276,204,561,0
2,1769098543088,3216,-344,23828,6445850,-160046,-735481,0,0,0,497,563,204,501,534,510,270,224,389,269,199,498,0
2,1769098543104,3871,-1363,28422,7649254,-208915,-890641,0,0,0,449,540,186,476,505,489,258,195,371,259,186,466,0
2,1769098543120,3981,-1675,31150,8437270,-78190,-1022588,0,0,0,395,513,175,443,470,453,261,198,318,245,180,431,0
2,1769098543136,3273,-363,32744,8833111,-32986,-1196074,0,0,0,305,471,164,398,425,397,280,231,285,217,172,375,0
2,1769098543152,4728,4733,31433,8610756,-382401,-1385442,0,0,0,258,434,160,365,382,360,316,284,272,179,161,238,0
2,1769098543168,7059,12983,23440,7738440,-810007,-1613905,0,0,0,250,438,163,363,386,366,312,287,275,163,156,217,0
2,1769098543184,8509,19219,12309,6002361,-1010371,-1893682,0,0,0,254,435,167,358,386,363,306,294,285,161,158,218,0
2,1769098543200,6322,21392,8332,2083050,-681725,-1836260,0,0,0,254,432,162,357,382,352,312,293,266,163,158,207,0
2,1769098543216,2522,18099,9466,-1786169,-642630,-1237612,0,0,0,243,427,155,355,382,348,305,303,254,156,156,194,0
2,1769098543232,2751,10715,7934,-3596774,-1251052,-408057,0,0,0,238,427,156,350,381,345,297,309,247,152,157,190,0
2,1769098543248,5948,6432,4426,-3808133,-1389107,-113620,0,0,0,232,427,158,345,382,342,290,310,241,151,164,189,0
2,1769098543264,7925,5766,2627,-3855781,-612086,-366519,0,0,0,226,424,157,343,382,340,286,314,238,150,168,186,0
2,1769098543280,6039,6173,4426,-4426329,265115,-660956,0,0,0,227,422,158,343,382,340,287,323,238,147,166,184,0
2,1769098543296,3886,5805,6719,-5045746,779464,-724486,0,0,0,227,422,159,343,384,340,286,330,239,144,167,180,0
2,1769098543312,3919,4982,7714,-5269323,939510,-500909,0,0,0,228,421,160,343,384,337,284,332,240,146,171,177,0
2,1769098543328,4178,4417,8944,-5448917,1280373,-233350,0,0,0,223,420,154,342,382,337,282,333,235,147,175,175,0
2,1769098543344,3790,4259,10906,-5726250,1725083,62308,0,0,0,227,422,156,345,382,334,290,345,237,145,176,168,0
2,1769098543360,3177,3871,13237,-6124534,1992642,412944,0,0,0,224,418,154,338,379,330,290,348,237,142,176,168,0
2,1769098543376,3177,3259,15261,-6378654,2139250,715934,0,0,0,226,418,154,341,382,332,294,349,238,145,181,166,0
2,1769098543392,3570,2837,17549,-6510601,2306627,935845,0,0,0,227,418,157,339,380,331,297,352,240,150,186,170,0
2,1769098543408,3742,2617,21062,-6731734,2542421,1080009,0,0,0,230,421,158,339,373,331,295,346,240,148,181,166,0
2,1769098543424,3598,2230,25159,-7011511,2684141,1242499,0,0,0,224,419,154,342,374,334,297,345,241,150,183,165,0
2,1769098543440,3756,909,30519,-7258300,2715906,1577254,0,0,0,223,418,152,345,373,336,303,343,243,155,187,168,0
2,1769098543456,3239,-2971,34500,-7395134,2816088,2058615,0,0,0,224,418,154,344,369,338,310,340,247,160,188,174,0
2,1769098543472,378,-11103,36716,-7290065,2959031,2526538,0,0,0,226,419,156,346,366,341,317,335,251,160,185,174,0
2,1769098543488,-1363,-23034,35706,-6664539,2266310,2583959,0,0,0,230,420,155,351,368,347,326,333,255,158,182,173,0
2,1769098543504,3378,-38037,26881,-5360953,913854,1676214,0,0,0,229,420,154,355,373,353,334,338,263,160,184,177,0
2,1769098543520,3756,-47149,14146,-3422067,1177748,-670730,0,0,0,229,420,159,354,371,354,338,343,266,161,180,181,0
2,1769098543536,-8767,-48872,10926,-1488067,1795943,-2302961,0,0,0,228,417,158,351,367,350,340,351,266,156,172,176,0
2,1769098543552,-18119,-43053,14572,549778,524122,-1969429,0,0,0,225,408,156,348,363,347,341,358,261,157,179,175,0
2,1769098543568,-11998,-32763,16822,2167349,-1117883,-922406,0,0,0,216,378,150,347,350,347,419,462,262,190,294,169,0
2,1769098543584,330,-9456,21019,3231477,-2282192,-10995,0,0,0,233,319,150,335,286,337,475,478,274,218,354,173,0
2,1769098543600,6168,19688,19258,3980397,-3915646,801455,0,0,0,235,316,154,331,290,354,476,527,273,330,466,170,0
2,1769098543616,-545,11787,14304,5563760,-3955963,1310916,0,0,0,246,317,158,339,271,362,515,559,274,399,515,176,0
2,1769098543632,-6776,-3598,20569,6222273,-2140471,1038470,0,0,0,261,344,170,356,286,373,559,588,284,438,537,199,0
2,1769098543648,-2991,-4527,23675,4728096,-919963,151494,0,0,0,272,387,184,370,318,390,586,614,301,483,562,222,0
2,1769098543664,1952,-291,17664,2722015,-671951,-34208,0,0,0,280,423,196,396,350,404,606,632,315,510,580,260,0
2,1769098543680,1478,-95,12194,1254717,-560774,197920,0,0,0,295,453,211,424,377,421,619,639,323,519,591,309,0
2,1769098543696,153,-722,10011,328645,-304210,210137,0,0,0,321,478,238,435,393,436,620,636,329,526,598,346,0
2,1769098543712,196,-205,10251,156381,-146607,32986,0,0,0,348,494,262,435,402,444,620,635,335,532,598,361,0
2,1769098543728,727,387,10270,183259,-175929,-10995,0,0,0,368,502,268,444,409,451,628,637,351,532,593,364,0
2,1769098543744,861,454,10169,172263,-190589,-1221,0,0,0,388,509,275,456,414,456,629,627,377,529,585,375,0
2,1769098543760,684,272,10141,151494,-169820,2443,0,0,0,406,512,276,447,412,453,631,614,363,491,530,403,0
2,1769098543776,569,325,10236,182037,-111177,-17104,0,0,0,391,510,270,442,419,451,630,608,355,360,387,426,0
2,1769098543792,559,406,10279,249233,-28099,-31764,0,0,0,394,514,271,446,419,455,623,576,350,350,363,439,0
2,1769098543808,626,363,10232,316428,48869,-35430,0,0,0,399,516,272,448,421,457,615,559,362,316,316,452,0
2,1769098543824,689,244,10160,354301,87964,-36651,0,0,0,404,520,268,457,428,460,608,538,372,300,285,463,0
2,1769098543840,713,167,10122,362853,90408,-42760,0,0,0,403,520,262,459,432,464,597,519,366,290,258,472,0
2,1769098543856,741,119,10088,356745,78190,-50090,0,0,0,406,521,261,460,435,464,589,503,376,293,246,473,0
2,1769098543872,804,52,10059,340862,57421,-58643,0,0,0,409,523,259,462,440,465,587,487,385,292,240,475,0
2,1769098543888,856,4,10059,324980,15882,-69638,0,0,0,411,525,259,464,444,469,584,475,382,288,233,482,0
2,1769098543904,842,-23,10045,313984,-42760,-79412,0,0,0,411,527,254,468,445,473,580,467,377,286,228,485,0
2,1769098543920,794,-86,9997,300545,-86742,-83077,0,0,0,415,532,251,470,449,478,581,456,379,284,226,490,0
2,1769098543936,756,-134,10011,284663,-105068,-83077,0,0,0,422,538,255,468,472,474,584,443,385,283,224,503,0
2,1769098543952,746,-153,10093,290771,-116064,-83077,0,0,0,426,539,250,468,502,463,582,433,384,286,223,513,0
2,1769098543968,727,-177,10155,327423,-118507,-85521,0,0,0,444,552,257,481,472,495,578,421,391,290,220,522,0
2,1769098543984,737,-224,10189,372627,-111177,-87964,0,0,0,453,563,256,481,469,492,576,417,388,289,217,533,0
2,1769098544000,813,-296,10265,437379,-97738,-98960,0,0,0,466,563,254,490,490,499,572,412,398,288,219,546,0
2,1769098544016,875,-354,10480,538783,-86742,-122173,0,0,0,469,561,248,502,499,510,567,397,400,318,243,552,0
2,1769098544032,899,-363,10988,729373,-53756,-155159,0,0,0,489,572,256,509,507,517,561,393,405,305,221,570,0
2,1769098544048,990,-378,11677,962723,20769,-196698,0,0,0,496,575,237,526,517,521,545,393,407,308,219,592,0
2,1769098544064,851,-402,12543,1329242,87964,-233350,0,0,0,497,572,219,540,529,534,531,395,416,308,220,607,0
2,1769098544080,737,-492,13290,1793500,117286,-229685,0,0,0,515,577,221,538,536,535,498,390,417,303,217,619,0
2,1769098544096,756,-454,14218,2360383,105068,-186924,0,0,0,531,586,223,533,532,534,461,378,419,311,220,623,0
2,1769098544112,1397,-469,15415,2972470,58643,-182037,0,0,0,540,586,227,532,530,543,424,355,422,322,226,629,0
2,1769098544128,2033,-387,16917,3723834,7330,-290771,0,0,0,541,582,227,526,534,546,378,329,423,316,226,630,0
2,1769098544144,1990,-95,19152,4706105,13439,-461814,0,0,0,528,579,217,516,543,537,325,301,425,295,217,603,0
2,1769098544160,2742,33,22311,5949827,42760,-631634,0,0,0,502,566,213,513,554,538,286,248,420,283,204,549,0
2,1769098544176,3780,-220,26365,7217983,29321,-806342,0,0,0,469,551,205,502,535,520,273,197,403,266,189,482,0
2,1769098544192,4134,-1162,31189,8455596,153938,-935845,0,0,0,427,517,190,473,498,487,268,180,374,257,183,454,0
2,1769098544208,3622,-1072,34290,9280264,448375,-1028697,0,0,0,359,487,167,438,454,431,278,202,321,243,177,418,0
2,1769098544224,3259,2627,34151,9402437,515570,-1185078,0,0,0,271,442,157,378,399,375,307,250,288,192,159,302,0
2,1769098544240,4838,9758,29810,8985827,251676,-1425759,0,0,0,260,426,162,373,375,375,328,260,291,176,152,250,0
2,1769098544256,6709,17812,19243,7573507,-194255,-1830152,0,0,0,257,433,163,368,376,370,320,263,288,176,175,224,0
2,1769098544272,6422,23278,9968,4546059,-581543,-2103819,0,0,0,245,428,169,356,373,378,311,279,286,166,173,235,0
2,1769098544288,3082,23335,8844,-89186,-836885,-1646892,0,0,0,244,428,160,345,382,356,309,285,273,159,158,214,0
2,1769098544304,1469,16032,9782,-3762929,-1461189,-576656,0,0,0,241,427,155,347,382,344,307,293,261,153,150,194,0
2,1769098544320,3814,8442,7508,-5209458,-2042733,142942,0,0,0,234,425,157,347,379,343,300,300,256,152,157,190,0
2,1769098544336,7901,5240,4082,-5154480,-1773952,76969,0,0,0,229,422,158,343,378,340,296,308,254,150,160,187,0
2,1769098544352,7705,5800,4709,-5457470,-568104,-405614,0,0,0,227,420,157,342,379,339,293,315,248,148,165,183,0
2,1769098544368,4761,5991,7441,-6017022,377514,-673173,0,0,0,229,420,157,341,380,336,289,319,239,147,170,177,0
2,1769098544384,2421,5202,9748,-6418971,615752,-561996,0,0,0,232,422,157,340,378,332,289,327,236,145,169,172,0
2,1769098544400,2689,3953,10772,-6538701,676838,-261450,0,0,0,229,422,153,338,381,330,288,339,237,146,175,170,0
2,1769098544416,3129,3134,11926,-6565579,960280,-43982,0,0,0,228,420,152,340,382,329,286,342,236,146,177,168,0
2,1769098544432,2651,2751,14103,-6625444,1321912,138055,0,0,0,228,420,150,340,379,328,286,344,235,147,180,169,0
2,1769098544448,2172,2660,16664,-6764721,1533271,311541,0,0,0,230,417,153,340,378,331,292,349,241,146,177,165,0
2,1769098544464,2311,2636,19363,-7017619,1640784,437379,0,0,0,230,419,153,341,378,331,292,349,238,148,180,167,0
2,1769098544480,2948,2144,22526,-7343821,1800830,508239,0,0,0,226,415,153,343,377,332,296,349,239,147,179,166,0
2,1769098544496,3326,1277,26278,-7578394,2023185,615752,0,0,0,225,416,153,340,376,329,297,349,240,147,178,166,0
2,1769098544512,3316,-71,31509,-7610159,2211332,939510,0,0,0,223,417,155,342,380,338,301,346,246,149,175,173,0
2,1769098544528,3488,-3302,35649,-7511198,2294409,1521054,0,0,0,223,418,153,345,378,339,306,345,249,150,173,173,0
2,1769098544544,3029,-10643,36568,-7233866,2393370,2130697,0,0,0,225,420,154,349,377,343,314,344,254,153,173,174,0
2,1769098544560,579,-23354,33448,-6456845,2138028,2223549,0,0,0,225,422,154,351,379,349,321,345,259,157,176,176,0
2,1769098544576,-775,-35788,25455,-5247332,1495398,1605353,0,0,0,224,423,152,351,383,351,326,347,264,158,177,178,0
2,1769098544592,-3254,-45675,15506,-3485597,1148426,289550,0,0,0,225,423,153,352,383,350,327,349,265,157,177,178,0
2,1769098544608,-10045,-48523,11835,-1282817,835663,-1171639,0,0,0,221,415,151,349,371,342,333,374,258,164,199,173,0
2,1769098544624,-11825,-43718,13122,570548,-91629,-1782504,0,0,0,215,388,147,341,351,338,365,443,253,186,258,171,0
2,1769098544640,-6183,-26609,20047,2553416,-1646892,-1576032,0,0,0,224,337,147,319,305,331,421,454,254,197,314,175,0
2,1769098544656,1076,-1727,21349,4812396,-3554013,-968832,0,0,0,242,345,154,328,306,344,457,468,264,224,367,171,0
2,1769098544672,4426,7867,17090,6486167,-3651752,-113620,0,0,0,247,351,160,341,303,363,484,488,293,281,415,176,0
2,1769098544688,14,81,21019,6035348,-1263269,587652,0,0,0,247,354,158,347,309,362,500,510,267,298,434,178,0
2,1769098544704,-3067,-3345,23728,4290717,1221,327423,0,0,0,257,380,163,357,315,362,516,529,283,327,454,185,0
2,1769098544720,143,-124,17190,2735454,-262672,-141720,0,0,0,268,402,175,381,330,374,553,556,292,321,436,216,0
2,1769098544736,2182,1823,10734,1848478,-489913,-89186,0,0,0,276,425,190,393,350,393,578,581,313,364,461,258,0
2,1769098544752,1521,559,9892,1268156,-485026,133168,0,0,0,296,452,214,405,368,412,580,600,310,429,507,299,0
2,1769098544768,674,-574,11328,452040,-425162,129503,0,0,0,319,470,232,414,381,418,589,609,311,453,526,328,0
2,1769098544784,497,119,10969,-13439,-348193,32986,0,0,0,337,480,246,421,391,424,601,613,318,464,539,339,0
2,1769098544800,713,866,10160,-13439,-251676,-2443,0,0,0,354,488,264,423,395,432,606,616,321,480,551,344,0
2,1769098544816,837,1019,9983,36651,-168598,-2443,0,0,0,367,493,275,421,393,435,607,618,322,483,550,350,0
2,1769098544832,794,856,10212,52534,-111177,0,0,0,0,372,495,280,420,394,437,608,618,326,483,548,354,0
2,1769098544848,756,880,10193,68416,-64751,-10995,0,0,0,379,499,285,420,399,436,608,614,324,471,531,365,0
2,1769098544864,756,947,10102,113620,-29321,-21991,0,0,0,380,499,282,427,418,442,607,610,327,422,475,378,0
2,1769098544880,765,952,10088,175929,-4886,-26878,0,0,0,388,503,289,424,401,451,597,596,329,454,503,382,0
2,1769098544896,770,875,10098,213802,13439,-25656,0,0,0,394,509,293,420,399,448,609,586,340,445,487,378,0
2,1769098544912,799,808,10074,228463,26878,-25656,0,0,0,389,504,283,425,403,448,602,578,341,354,385,409,0
2,1769098544928,832,775,10040,222354,32986,-29321,0,0,0,392,506,284,430,408,453,549,538,363,328,346,410,0
2,1769098544944,842,751,10035,212581,30543,-36651,0,0,0,403,511,288,433,411,460,580,550,361,307,317,416,0
2,1769098544960,875,741,10035,218689,20769,-45204,0,0,0,402,514,287,436,413,462,587,544,357,300,304,418,0
2,1769098544976,909,717,10031,232128,2443,-51312,0,0,0,401,516,291,438,415,464,585,534,360,296,288,429,0
2,1769098544992,909,665,10011,232128,-24434,-57421,0,0,0,408,523,292,439,424,463,584,524,363,296,279,443,0
2,1769098545008,885,631,10011,222354,-48869,-61086,0,0,0,415,533,290,440,425,459,583,514,358,295,269,452,0
2,1769098545024,871,607,10021,221133,-73303,-62308,0,0,0,421,539,290,449,428,463,580,506,355,292,255,459,0
2,1769098545040,866,588,10059,243124,-90408,-65973,0,0,0,429,545,294,460,444,471,576,491,360,293,247,468,0
2,1769098545056,866,555,10102,278554,-95294,-68416,0,0,0,440,556,299,462,450,468,574,468,369,297,239,484,0
2,1769098545072,904,507,10169,321315,-100181,-75747,0,0,0,446,564,297,467,465,483,577,446,386,289,234,501,0
2,1769098545088,971,459,10289,384845,-117286,-92851,0,0,0,467,571,311,477,476,491,564,436,380,289,226,525,0
2,1769098545104,971,397,10413,491135,-153938,-123394,0,0,0,479,573,295,486,481,504,556,409,384,292,216,536,0
2,1769098545120,957,320,10571,632856,-184481,-153938,0,0,0,491,580,285,501,495,517,549,401,396,294,215,549,0
2,1769098545136,1033,244,11016,845437,-195476,-182037,0,0,0,492,587,275,508,511,527,555,399,411,300,222,574,0
2,1769098545152,1043,172,11753,1148426,-174707,-216246,0,0,0,500,593,239,523,522,523,532,387,398,305,222,590,0
2,1769098545168,660,210,12639,1524719,-69638,-233350,0,0,0,521,600,231,533,534,532,508,382,401,314,229,606,0
2,1769098545184,239,181,13156,1908343,67195,-177150,0,0,0,528,605,225,529,534,533,477,374,409,318,231,617,0
2,1769098545200,550,47,13764,2398256,145385,-63529,0,0,0,531,605,221,531,542,530,449,362,407,319,229,626,0
2,1769098545216,1359,0,14840,2930931,102625,-64751,0,0,0,537,605,220,527,537,528,412,355,404,316,227,629,0
2,1769098545232,1832,14,16190,3613878,14660,-162490,0,0,0,537,598,221,517,540,529,367,342,416,312,227,623,0
2,1769098545248,2402,23,17463,4398229,-75747,-322536,0,0,0,536,587,222,511,557,532,324,315,435,303,220,609,0
2,1769098545264,3374,-100,19492,5297423,-184481,-570548,0,0,0,529,578,217,503,559,529,289,274,436,286,207,578,0
2,1769098545280,3622,-378,23024,6324898,-357967,-823446,0,0,0,491,559,210,494,550,519,269,219,409,281,205,517,0
2,1769098545296,4268,-1407,26948,7258300,-513126,-956614,0,0,0,448,544,199,477,527,503,256,185,385,263,187,478,0
2,1769098545312,5187,-2019,29136,7955908,-415388,-1115439,0,0,0,393,514,176,462,484,457,264,191,333,255,182,444,0
2,1769098545328,4656,-904,30739,8398175,-246789,-1343903,0,0,0,313,473,172,369,463,377,277,220,295,223,172,391,0
2,1769098545344,5393,3330,31021,8354193,-397062,-1562593,0,0,0,254,434,161,362,384,361,304,251,269,179,156,255,0
2,1769098545360,7944,10299,25771,7797083,-681725,-1822821,0,0,0,246,433,161,360,380,369,306,266,274,167,154,229,0
2,1769098545376,9652,16400,15496,6513045,-786794,-2195449,0,0,0,244,434,158,357,379,361,303,274,270,159,151,216,0
2,1769098545392,7853,20019,9447,3924198,-635299,-2217440,0,0,0,241,432,156,352,379,354,299,281,262,158,154,207,0
2,1769098545408,2818,19334,9882,-1119105,-685390,-1264491,0,0,0,239,432,154,351,376,348,296,285,252,155,161,197,0
2,1769098545424,2292,12854,9294,-3567452,-1257160,-240680,0,0,0,233,430,151,348,378,346,290,299,244,151,164,186,0
2,1769098545440,5120,6728,5881,-4245513,-1567480,335975,0,0,0,227,429,152,345,380,348,285,308,239,146,162,182,0
2,1769098545456,7891,4953,2909,-3931528,-878424,144164,0,0,0,222,426,154,343,382,346,284,309,236,144,164,183,0
2,1769098545472,6077,5872,4245,-4203974,272445,-239459,0,0,0,222,423,156,342,385,345,283,318,239,145,167,188,0
2,1769098545488,3426,6269,6542,-4690223,775798,-337197,0,0,0,226,420,164,339,382,354,282,324,246,142,166,195,0
2,1769098545504,2641,5699,7939,-5125159,806342,-179594,0,0,0,228,421,166,338,381,350,280,329,244,142,171,192,0
2,1769098545520,2857,4862,8992,-5441587,955393,0,0,0,0,227,421,165,338,382,348,284,339,247,143,176,196,0
2,1769098545536,2718,4230,10547,-5678603,1296256,151494,0,0,0,226,422,166,338,382,348,286,342,247,147,177,192,0
2,1769098545552,2124,3981,12653,-5952270,1525941,333532,0,0,0,226,420,155,336,379,332,280,338,235,147,177,171,0
2,1769098545568,2019,3776,14687,-6249151,1643227,538783,0,0,0,222,418,152,338,380,331,287,347,241,147,180,172,0
2,1769098545584,2215,3455,17037,-6535036,1754404,744033,0,0,0,229,421,156,341,382,335,289,349,238,151,182,173,0
2,1769098545600,2321,3015,19937,-6789156,1876578,972497,0,0,0,225,419,157,339,379,341,289,350,242,146,180,176,0
2,1769098545616,2459,2488,22957,-7000515,1973094,1232726,0,0,0,225,419,160,335,374,340,289,351,245,141,176,175,0
2,1769098545632,2794,1770,26934,-7241196,2042733,1605353,0,0,0,229,425,160,338,371,337,292,349,244,142,172,169,0
2,1769098545648,3254,76,30782,-7445225,2065946,2120924,0,0,0,229,424,156,343,372,338,300,348,244,146,170,167,0
2,1769098545664,3536,-5206,33610,-7473325,2124589,2818532,0,0,0,226,421,152,345,375,340,311,350,249,164,182,171,0
2,1769098545680,2177,-14903,34874,-7104362,2177123,3266907,0,0,0,226,421,152,346,378,343,317,350,256,172,189,175,0
2,1769098545696,2182,-29844,31304,-6065891,1378111,2894279,0,0,0,227,420,154,347,381,347,317,348,261,155,178,176,0
2,1769098545712,4694,-40736,22220,-4561941,735481,1585806,0,0,0,227,422,153,352,385,352,319,348,267,156,178,178,0
2,1769098545728,-1153,-45091,14730,-2353052,1023810,-467922,0,0,0,225,424,152,353,386,350,319,351,267,155,179,178,0
2,1769098545744,-10457,-44934,13615,-597426,836885,-1576032,0,0,0,219,419,151,348,381,343,325,365,263,155,187,172,0
2,1769098545760,-10887,-39975,15089,1051909,-399505,-1437976,0,0,0,214,401,143,344,365,329,367,459,263,174,254,155,0
2,1769098545776,-3144,-22364,19961,2791654,-1718974,-988379,0,0,0,218,337,147,324,310,334,428,460,254,199,315,172,0
2,1769098545792,4599,7834,20306,4339586,-3048217,-521678,0,0,0,228,336,145,326,305,340,450,472,261,218,368,172,0
2,1769098545808,5307,14635,14788,5651725,-3070208,18325,0,0,0,234,341,150,336,308,350,467,489,260,314,445,186,0
2,1769098545824,-177,607,18004,5948605,-1089783,605978,0,0,0,250,358,161,345,309,354,495,501,267,298,440,186,0
2,1769098545840,-2469,-3235,20904,4543615,-230907,295658,0,0,0,254,372,166,329,341,349,535,543,274,362,482,200,0
2,1769098545856,105,-43,17324,2877175,-393397,-224798,0,0,0,263,391,177,359,337,361,565,585,306,422,519,213,0
2,1769098545872,2278,1603,12309,1835039,-587652,-182037,0,0,0,273,416,191,388,337,385,581,603,329,449,536,244,0
2,1769098545888,1478,205,11189,961501,-456927,68416,0,0,0,287,443,210,401,363,406,587,611,325,475,552,285,0
2,1769098545904,507,-239,11016,273667,-322536,131946,0,0,0,306,465,227,417,382,421,591,617,314,496,566,311,0
2,1769098545920,459,521,10495,62308,-250454,41538,0,0,0,322,473,235,419,388,426,603,623,314,499,571,327,0
2,1769098545936,703,990,10112,39095,-190589,-7330,0,0,0,336,480,248,421,389,428,612,625,315,490,561,338,0
2,1769098545952,808,971,10112,54977,-131946,-2443,0,0,0,346,487,258,419,393,435,605,622,319,491,562,346,0
2,1769098545968,746,899,10184,45204,-85521,1221,0,0,0,353,493,260,423,397,432,566,596,340,493,557,339,0
2,1769098545984,703,952,10145,54977,-56199,-10995,0,0,0,355,493,261,422,392,430,605,621,310,492,555,340,0
2,1769098546000,703,1005,10107,94073,-29321,-23212,0,0,0,353,493,259,422,397,424,603,621,310,485,550,339,0
2,1769098546016,698,981,10083,144164,-2443,-24434,0,0,0,362,499,261,422,399,424,599,608,311,472,530,338,0
2,1769098546032,698,952,10074,188146,18325,-23212,0,0,0,365,500,262,428,404,433,598,593,314,465,517,344,0
2,1769098546048,737,928,10069,223576,31764,-21991,0,0,0,367,501,262,423,406,437,596,582,323,449,493,355,0
2,1769098546064,775,866,10031,241902,39095,-25656,0,0,0,371,503,262,429,407,442,591,572,323,380,410,376,0
2,1769098546080,804,808,10007,240680,41538,-32986,0,0,0,373,504,262,428,405,442,590,571,332,315,336,395,0
2,1769098546096,832,799,10021,238237,40317,-40317,0,0,0,379,505,266,430,406,442,590,564,340,290,299,405,0
2,1769098546112,880,780,10031,255341,31764,-52534,0,0,0,382,505,266,439,412,446,580,547,345,285,279,410,0
2,1769098546128,894,727,10011,265115,13439,-63529,0,0,0,385,505,262,447,416,453,576,537,350,283,263,419,0
2,1769098546144,871,689,9987,263893,-8552,-72082,0,0,0,399,510,263,453,420,461,591,535,352,287,253,435,0
2,1769098546160,851,674,10021,266337,-30543,-72082,0,0,0,410,516,269,459,428,474,597,520,359,290,245,449,0
2,1769098546176,894,646,10093,291993,-48869,-72082,0,0,0,418,521,291,465,438,487,592,492,362,297,246,456,0
2,1769098546192,909,593,10131,327423,-65973,-79412,0,0,0,419,530,270,482,451,486,599,488,384,367,264,466,0
2,1769098546208,899,531,10174,372627,-74525,-95294,0,0,0,440,549,272,484,459,505,590,448,381,294,234,497,0
2,1769098546224,928,473,10299,442266,-74525,-113620,0,0,0,452,557,272,492,472,513,593,432,398,295,222,519,0
2,1769098546240,1005,430,10528,554665,-86742,-140499,0,0,0,474,573,277,501,482,516,582,418,408,306,222,544,0
2,1769098546256,1091,349,10902,750142,-117286,-172263,0,0,0,487,577,265,511,537,486,568,410,413,303,219,563,0
2,1769098546272,1172,296,11615,1039692,-120951,-213802,0,0,0,495,578,237,523,529,523,560,402,413,301,218,583,0
2,1769098546288,1091,287,12519,1420872,-36651,-266337,0,0,0,513,584,233,530,528,541,533,396,415,310,222,597,0
2,1769098546304,674,253,13070,1816713,75747,-279776,0,0,0,522,586,225,533,530,544,502,391,420,400,276,595,0
2,1769098546320,693,100,13625,2291966,105068,-199142,0,0,0,530,588,227,537,538,540,469,380,420,383,266,610,0
2,1769098546336,1268,105,14668,2802649,50090,-171042,0,0,0,541,592,228,532,537,533,434,368,423,327,231,627,0
2,1769098546352,1765,100,15903,3464827,-17104,-234572,0,0,0,549,592,221,528,536,540,398,356,425,314,222,629,0
2,1769098546368,1775,148,17181,4236961,-58643,-356745,0,0,0,549,589,224,527,546,554,355,335,430,298,215,618,0
2,1769098546384,2627,81,18755,5053077,-67195,-496022,0,0,0,537,583,227,509,548,543,308,297,442,287,210,583,0
2,1769098546400,3579,-205,21952,6181956,-101403,-739146,0,0,0,506,562,210,510,545,538,280,241,424,276,202,520,0
2,1769098546416,3823,-995,26092,7219205,-128281,-911410,0,0,0,479,544,207,490,510,521,282,203,403,270,180,478,0
2,1769098546432,4541,-1885,29236,8059755,63529,-1001818,0,0,0,427,515,194,464,488,481,266,183,368,254,177,452,0
2,1769098546448,4067,-1249,31485,8616865,338419,-1163087,0,0,0,357,493,172,416,455,424,274,222,318,240,183,419,0
2,1769098546464,3488,1756,32859,8756142,329867,-1352455,0,0,0,258,442,161,372,399,373,300,240,282,182,154,278,0
2,1769098546480,5498,9729,28590,8338310,-62308,-1602910,0,0,0,250,440,163,357,400,373,311,259,293,171,152,249,0
2,1769098546496,6714,16870,19573,7393912,-480140,-1912008,0,0,0,248,438,158,356,389,370,303,269,291,160,148,225,0
2,1769098546512,6379,21129,11213,5244888,-822224,-2059837,0,0,0,247,434,157,352,382,355,301,279,271,156,149,210,0
2,1769098546528,3761,22177,9375,337197,-910189,-1522276,0,0,0,245,432,156,350,380,347,298,281,258,155,151,200,0
2,1769098546544,1847,16893,10260,-3590665,-1137431,-697608,0,0,0,241,428,155,348,378,346,293,286,252,154,151,193,0
2,1769098546560,3402,8628,8001,-4809952,-1633453,-117286,0,0,0,231,428,152,344,377,340,289,298,256,163,177,188,0
2,1769098546576,6432,5092,4728,-4563163,-1599245,-161268,0,0,0,223,430,151,342,377,333,287,308,256,172,206,184,0
2,1769098546592,7341,5508,4532,-4709770,-768468,-518013,0,0,0,228,426,157,342,378,337,287,318,239,155,186,182,0
2,1769098546608,6125,5987,6470,-5326744,152716,-794124,0,0,0,230,422,157,341,380,338,288,327,242,143,164,179,0
2,1769098546624,4355,5340,8624,-5886297,508239,-684169,0,0,0,226,422,157,340,382,334,287,334,241,147,169,178,0
2,1769098546640,3967,4158,9858,-6144082,678060,-360410,0,0,0,216,421,151,337,378,330,285,334,236,148,174,177,0
2,1769098546656,4417,3182,10796,-6164851,965167,7330,0,0,0,221,424,155,339,379,330,287,338,237,149,176,177,0
2,1769098546672,4058,2785,12653,-6221051,1347568,350636,0,0,0,220,423,152,338,379,327,287,345,236,151,181,173,0
2,1769098546688,3613,2517,14859,-6362772,1579697,687834,0,0,0,224,423,158,338,377,329,287,348,237,146,177,168,0
2,1769098546704,3857,2148,17171,-6563136,1676214,970053,0,0,0,222,420,156,339,374,330,289,350,236,159,183,167,0
2,1769098546720,4441,1651,19875,-6742730,1817934,1131322,0,0,0,220,419,152,340,375,331,294,353,238,152,178,167,0
2,1769098546736,4886,1062,23278,-6880786,2003637,1284038,0,0,0,223,418,154,343,376,333,295,350,240,143,172,165,0
2,1769098546752,5355,311,27609,-6982189,2180788,1518610,0,0,0,218,410,150,343,385,332,294,342,239,142,163,165,0
2,1769098546768,6092,-2526,31988,-7141014,2383596,1984090,0,0,0,219,412,151,321,398,325,301,343,243,146,165,171,0
2,1769098546784,5106,-8724,33854,-7195992,2698802,2409252,0,0,0,222,418,155,323,391,332,312,345,250,150,169,175,0
2,1769098546800,1182,-18789,33682,-6739065,2620611,2505769,0,0,0,223,418,154,347,373,345,317,341,258,152,167,177,0
2,1769098546816,-569,-31816,28858,-5591860,1640784,2056172,0,0,0,225,419,155,346,372,348,319,343,266,155,168,183,0
2,1769098546832,2100,-41359,18947,-3984063,784350,684169,0,0,0,226,422,158,350,375,354,321,346,273,154,168,184,0
2,1769098546848,-1684,-46149,11596,-1968207,1040914,-1590693,0,0,0,225,417,155,348,370,348,329,364,267,161,182,179,0
2,1769098546864,-10112,-45790,12404,-397062,946841,-2704911,0,0,0,212,380,150,338,343,337,371,445,258,178,240,176,0
2,1769098546880,-14548,-35180,20751,1654223,-929736,-2074498,0,0,0,223,336,153,321,299,331,431,460,266,196,295,184,0
2,1769098546896,-8231,-10323,23005,4357912,-4008497,-555887,0,0,0,239,336,156,327,302,342,451,467,260,211,350,174,0
2,1769098546912,3029,8494,16534,6433632,-4894252,966388,0,0,0,243,342,158,335,303,356,478,481,282,229,386,180,0
2,1769098546928,-263,2493,18516,6146526,-1849699,1439198,0,0,0,250,352,166,344,299,363,501,523,282,325,451,186,0
2,1769098546944,-5522,-3125,22833,4735427,37873,747699,0,0,0,259,381,172,356,307,372,533,546,290,332,454,216,0
2,1769098546960,-2613,-2038,20330,3263242,-199142,-208915,0,0,0,268,402,183,372,322,386,556,575,298,379,488,235,0
2,1769098546976,2244,684,12955,1954768,-607200,-190589,0,0,0,278,425,193,390,345,396,578,598,314,423,512,263,0
2,1769098546992,2057,311,10145,956614,-496022,178372,0,0,0,294,453,207,409,371,410,592,608,328,446,521,301,0
2,1769098547008,459,-349,10796,270002,-332310,166155,0,0,0,316,472,223,424,390,427,600,612,332,465,534,330,0
2,1769098547024,201,220,10734,-2443,-261450,21991,0,0,0,333,483,235,428,395,428,608,615,335,472,540,344,0
2,1769098547040,684,894,10169,20769,-218689,-36651,0,0,0,344,488,246,424,394,426,612,621,341,476,544,344,0
2,1769098547056,799,880,10040,40317,-150272,-3665,0,0,0,349,486,247,427,398,429,616,624,341,476,541,349,0
2,1769098547072,689,765,10155,30543,-91629,6108,0,0,0,355,493,252,426,399,427,614,622,337,474,541,353,0
2,1769098547088,641,794,10169,42760,-53756,-9773,0,0,0,358,499,256,424,394,424,614,619,334,479,544,360,0
2,1769098547104,655,832,10122,75747,-18325,-21991,0,0,0,361,499,256,432,396,437,607,615,340,475,535,363,0
2,1769098547120,679,832,10093,113620,3665,-24434,0,0,0,362,502,259,428,397,444,599,603,333,465,522,368,0
2,1769098547136,689,808,10093,147829,19547,-20769,0,0,0,363,503,260,432,401,454,599,599,333,452,501,375,0
2,1769098547152,713,789,10078,175929,23212,-20769,0,0,0,366,504,259,433,404,450,594,587,339,408,447,380,0
2,1769098547168,751,746,10040,191811,18325,-24434,0,0,0,368,510,260,431,408,444,586,581,341,354,383,391,0
2,1769098547184,784,708,10031,195476,6108,-31764,0,0,0,367,511,255,433,409,443,581,572,342,319,342,401,0
2,1769098547200,813,693,10054,195476,-9773,-40317,0,0,0,374,513,252,435,413,442,579,558,348,331,349,395,0
2,1769098547216,813,684,10050,210137,-30543,-48869,0,0,0,387,519,260,434,418,440,576,548,354,330,338,397,0
2,1769098547232,794,650,10016,224798,-51312,-53756,0,0,0,398,524,268,439,420,446,575,540,357,293,288,421,0
2,1769098547248,746,603,10007,234572,-67195,-57421,0,0,0,408,533,271,447,428,450,574,525,364,292,274,438,0
2,1769098547264,746,588,10054,251676,-67195,-54977,0,0,0,419,542,275,452,440,457,569,507,365,292,259,453,0
2,1769098547280,804,588,10150,296880,-69638,-57421,0,0,0,432,552,283,455,448,474,575,483,381,294,249,473,0
2,1769098547296,832,531,10198,365297,-76969,-72082,0,0,0,447,562,301,462,462,490,574,451,396,290,240,502,0
2,1769098547312,827,430,10241,430049,-79412,-90408,0,0,0,462,566,292,480,481,487,573,426,397,293,225,518,0
2,1769098547328,866,368,10380,499687,-85521,-107512,0,0,0,478,568,280,489,487,496,566,407,405,300,224,535,0
2,1769098547344,918,296,10581,631634,-111177,-134390,0,0,0,478,577,262,493,497,502,581,395,412,301,215,551,0
2,1769098547360,961,205,10959,834441,-122173,-169820,0,0,0,485,585,250,504,510,515,569,384,415,299,219,575,0
2,1769098547376,995,148,11730,1134987,-96516,-204028,0,0,0,498,594,234,512,520,518,547,383,416,309,223,595,0
2,1769098547392,689,201,12677,1532050,6108,-224798,0,0,0,506,598,228,526,530,526,519,379,411,313,222,604,0
2,1769098547408,449,129,13170,1912008,89186,-190589,0,0,0,517,597,229,536,539,537,485,370,413,317,227,614,0
2,1769098547424,737,19,13797,2357939,80634,-116064,0,0,0,532,597,225,530,539,529,450,358,413,355,278,629,0
2,1769098547440,1555,-57,14792,2861292,0,-111177,0,0,0,538,595,218,519,532,521,420,351,408,361,286,633,0
2,1769098547456,2196,-71,15989,3536909,-123394,-259006,0,0,0,542,586,218,519,537,529,382,343,409,322,233,626,0
2,1769098547472,2220,-19,17343,4276056,-197920,-442266,0,0,0,548,582,224,522,553,536,330,316,417,310,220,615,0
2,1769098547488,2569,-71,19660,5302310,-222354,-634078,0,0,0,523,579,222,518,545,532,295,270,415,286,204,570,0
2,1769098547504,3498,-526,23306,6383541,-290771,-818559,0,0,0,489,561,209,512,537,525,279,217,410,263,184,500,0
2,1769098547520,4714,-1574,27164,7351152,-320093,-968832,0,0,0,451,543,196,477,512,500,267,180,384,261,187,478,0
2,1769098547536,5532,-2110,30102,8155050,-149051,-1159422,0,0,0,392,511,173,454,480,457,265,185,348,250,175,446,0
2,1769098547552,4647,-196,31662,8597317,0,-1435533,0,0,0,316,474,170,398,428,397,285,212,293,225,171,395,0
2,1769098547568,5005,3618,31337,8613199,-113620,-1671327,0,0,0,254,437,158,367,388,370,310,256,278,182,157,273,0
2,1769098547584,7049,10835,25666,8068308,-419053,-1938886,0,0,0,243,435,160,362,382,371,314,267,278,170,154,236,0
2,1769098547600,8064,17410,15051,6608340,-665843,-2260201,0,0,0,247,440,163,358,383,367,305,271,271,161,153,224,0
2,1769098547616,6451,22411,7776,3275459,-733038,-2193006,0,0,0,247,436,165,353,382,359,294,277,265,156,152,217,0
2,1769098547632,3024,20253,8791,-1191187,-839328,-1284038,0,0,0,242,429,164,349,378,356,292,282,262,156,152,212,0
2,1769098547648,2115,13093,8930,-4199087,-1274264,-255341,0,0,0,238,428,163,346,378,353,292,290,257,154,157,206,0
2,1769098547664,5130,6039,5642,-4599815,-1576032,221133,0,0,0,232,429,164,343,380,348,287,297,249,161,178,199,0
2,1769098547680,7532,4848,3254,-4210083,-899193,-67195,0,0,0,226,430,162,340,379,346,283,301,241,171,200,195,0
2,1769098547696,6709,5498,4115,-4390899,58643,-401949,0,0,0,228,426,158,343,383,345,283,318,241,149,169,190,0
2,1769098547712,4168,5661,6867,-4959004,542448,-383623,0,0,0,228,424,157,346,383,345,284,322,241,151,171,186,0
2,1769098547728,3460,5010,8408,-5338962,656069,-128281,0,0,0,227,428,155,344,380,350,280,323,235,142,161,173,0
2,1769098547744,4130,4134,9270,-5567425,861319,201585,0,0,0,222,424,151,346,382,349,281,328,233,144,163,174,0
2,1769098547760,4134,3598,10839,-5784893,1288925,449596,0,0,0,227,421,157,339,380,336,284,332,240,148,171,182,0
2,1769098547776,3637,3153,12926,-6032905,1622458,686612,0,0,0,225,421,157,340,381,337,287,335,242,151,173,184,0
2,1769098547792,3374,2718,15022,-6251594,1773952,900415,0,0,0,224,422,157,339,382,336,290,338,245,150,172,182,0
2,1769098547808,3560,2249,17473,-6459289,1877799,1055575,0,0,0,226,420,157,339,379,336,291,339,246,147,170,178,0
2,1769098547824,3838,1775,20617,-6703635,2020742,1164309,0,0,0,227,419,157,341,379,335,292,339,245,147,170,174,0
2,1769098547840,4101,1359,23909,-6919881,2166128,1258382,0,0,0,229,421,158,340,377,332,293,337,243,183,198,175,0
2,1769098547856,4460,521,29418,-7164227,2345722,1518610,0,0,0,227,423,159,340,378,333,293,334,243,184,197,177,0
2,1769098547872,4111,-2407,33275,-7320609,2515543,1980425,0,0,0,221,422,157,342,381,340,298,331,248,150,168,180,0
2,1769098547888,1698,-9562,35869,-7327939,2730567,2548529,0,0,0,220,421,155,345,382,345,307,334,255,150,166,181,0
2,1769098547904,-2244,-21311,35616,-6875899,2362826,2855184,0,0,0,223,425,153,351,386,349,311,340,258,148,166,177,0
2,1769098547920,990,-35357,26795,-5624847,1061683,2131919,0,0,0,225,426,154,354,389,355,316,336,264,151,169,180,0
2,1769098547936,3464,-45905,15529,-3837455,803898,316428,0,0,0,226,426,155,353,386,354,320,334,264,150,166,178,0
2,1769098547952,-5857,-49025,10409,-1695761,1461189,-1980425,0,0,0,223,424,153,350,386,350,312,336,260,148,169,176,0
2,1769098547968,-16377,-43239,13850,215024,452040,-2558303,0,0,0,215,409,146,347,368,339,344,408,261,156,192,166,0
2,1769098547984,-11667,-32366,17678,1888795,-1337794,-2023185,0,0,0,220,346,153,328,318,337,418,451,261,190,282,179,0
2,1769098548000,-674,-6570,22512,3490483,-3310889,-1200961,0,0,0,226,334,150,322,305,344,454,465,265,210,330,175,0
2,1769098548016,4670,11993,16616,4867374,-4453207,-208915,0,0,0,236,338,157,334,299,361,469,494,279,282,407,177,0
2,1769098548032,1000,4795,14687,5850867,-2781880,649960,0,0,0,244,347,163,347,298,373,516,529,282,322,448,187,0
2,1769098548048,-3374,-2756,20928,5183802,-871093,476474,0,0,0,252,375,169,362,311,377,552,553,285,325,448,206,0
2,1769098548064,-1340,-2268,21249,3560122,-382401,-134390,0,0,0,264,405,181,373,344,384,571,574,297,371,479,237,0
2,1769098548080,2349,875,14802,2050063,-642630,-169820,0,0,0,279,433,196,392,372,401,585,599,307,441,528,277,0
2,1769098548096,1612,196,10734,935845,-482583,162490,0,0,0,294,465,208,420,385,422,592,616,314,459,533,321,0
2,1769098548112,272,-521,10323,234572,-249233,189368,0,0,0,312,481,221,427,402,434,608,623,324,458,523,353,0
2,1769098548128,445,301,10480,59864,-173485,34208,0,0,0,331,485,232,426,404,436,613,621,324,476,530,359,0
2,1769098548144,842,890,10212,40317,-161268,-18325,0,0,0,354,486,246,431,411,438,614,626,324,474,528,368,0
2,1769098548160,899,871,10059,36651,-136833,0,0,0,0,360,488,253,431,415,440,614,626,325,474,529,364,0
2,1769098548176,818,775,10107,35430,-101403,4886,0,0,0,365,491,254,434,415,441,621,631,328,482,531,374,0
2,1769098548192,770,804,10174,63529,-70860,-10995,0,0,0,377,498,273,427,411,431,618,618,324,472,519,374,0
2,1769098548208,775,861,10155,116064,-42760,-23212,0,0,0,387,505,275,432,422,436,622,607,329,465,509,379,0
2,1769098548224,775,851,10126,168598,-4886,-21991,0,0,0,388,504,276,432,417,434,617,592,327,395,432,400,0
2,1769098548240,799,789,10102,212581,25656,-20769,0,0,0,394,507,282,433,414,435,607,575,326,413,438,399,0
2,1769098548256,837,722,10054,232128,40317,-24434,0,0,0,393,506,276,437,416,441,603,569,330,370,386,406,0
2,1769098548272,856,684,10021,222354,39095,-30543,0,0,0,388,504,268,436,416,444,600,563,335,311,322,418,0
2,1769098548288,894,660,10007,212581,29321,-36651,0,0,0,386,504,265,432,414,444,602,552,339,294,299,424,0
2,1769098548304,938,631,9992,205250,10995,-42760,0,0,0,388,504,266,433,415,446,609,546,347,293,291,428,0
2,1769098548320,938,593,9983,194255,-15882,-51312,0,0,0,396,505,273,438,417,450,605,540,353,335,326,428,0
2,1769098548336,904,569,9983,179594,-39095,-54977,0,0,0,399,505,275,435,416,449,597,524,350,399,389,423,0
2,1769098548352,885,569,10007,172263,-56199,-56199,0,0,0,411,513,275,448,420,456,596,520,349,294,272,448,0
2,1769098548368,880,579,10045,185703,-63529,-53756,0,0,0,431,528,281,453,421,456,593,504,363,323,328,460,0
2,1769098548384,894,555,10083,218689,-63529,-52534,0,0,0,415,528,257,462,437,467,599,490,357,296,248,480,0
2,1769098548400,928,512,10117,261450,-63529,-54977,0,0,0,421,528,251,476,463,484,596,467,367,291,237,497,0
2,1769098548416,961,454,10165,316428,-61086,-72082,0,0,0,441,538,259,486,469,493,596,452,378,294,234,511,0
2,1769098548432,952,406,10232,371406,-57421,-91629,0,0,0,458,548,261,497,479,501,605,433,389,298,221,527,0
2,1769098548448,981,363,10337,438601,-54977,-108734,0,0,0,465,554,256,512,491,512,600,412,398,300,217,547,0
2,1769098548464,1076,311,10552,551000,-76969,-134390,0,0,0,474,558,251,515,504,517,582,399,405,305,224,563,0
2,1769098548480,1134,239,10935,739146,-103847,-164933,0,0,0,487,566,242,516,516,522,568,392,409,293,213,581,0
2,1769098548496,1048,201,11816,1106887,-50090,-199142,0,0,0,494,569,231,528,533,528,550,388,412,294,211,600,0
2,1769098548512,818,205,12658,1497841,101403,-218689,0,0,0,502,572,225,538,542,539,522,383,424,319,227,605,0
2,1769098548528,665,143,13467,1982868,268780,-183259,0,0,0,513,578,225,539,546,544,500,373,431,334,236,610,0
2,1769098548544,1148,81,14194,2464230,206472,-135612,0,0,0,521,582,227,537,549,542,472,359,428,341,250,629,0
2,1769098548560,1742,-23,14874,2998126,96516,-163711,0,0,0,531,584,226,529,535,546,433,350,432,354,276,639,0
2,1769098548576,1890,-110,15836,3637091,23212,-276111,0,0,0,537,579,224,518,537,541,418,352,409,321,227,631,0
2,1769098548592,2426,-76,17377,4375016,9773,-409279,0,0,0,537,581,226,512,529,534,357,323,419,315,228,611,0
2,1769098548608,3369,-205,19755,5264436,-28099,-609643,0,0,0,509,561,197,511,541,535,310,262,433,284,206,551,0
2,1769098548624,3627,-569,23359,6323676,-124616,-811229,0,0,0,474,546,206,501,524,526,294,208,412,268,190,499,0
2,1769098548640,3790,-1354,27207,7408573,-131946,-921184,0,0,0,440,526,190,480,511,506,277,181,388,259,176,465,0
2,1769098548656,3962,-1765,29437,8151385,95294,-978606,0,0,0,396,497,178,449,472,463,275,189,341,249,177,440,0
2,1769098548672,3091,-224,31040,8515461,318871,-1108109,0,0,0,311,466,168,399,429,404,292,218,299,219,172,374,0
2,1769098548688,3522,3924,30667,8456818,193033,-1260825,0,0,0,258,436,162,368,392,375,317,252,284,185,161,279,0
2,1769098548704,5278,11835,23412,7742106,-280998,-1506393,0,0,0,248,428,159,362,383,373,326,273,286,215,175,239,0
2,1769098548720,6312,17401,14601,6503271,-700051,-1795943,0,0,0,253,430,161,362,383,371,318,278,280,195,165,225,0
2,1769098548736,5733,21560,7776,3138625,-890641,-1990198,0,0,0,251,430,161,356,378,360,309,282,272,158,150,216,0
2,1769098548752,2890,19416,8872,-982271,-901637,-1620014,0,0,0,242,427,158,348,374,351,303,292,265,153,151,206,0
2,1769098548768,1273,12275,9016,-4240626,-1321912,-994488,0,0,0,233,425,157,342,372,348,294,296,255,169,185,197,0
2,1769098548784,4130,6451,5585,-4449542,-1682322,-709825,0,0,0,226,424,156,336,369,341,282,288,245,206,251,198,0
2,1769098548800,6527,5087,3622,-4302934,-1331686,-761138,0,0,0,221,427,154,336,376,340,289,307,240,155,174,190,0
2,1769098548816,6393,5766,4450,-4593706,-469144,-873537,0,0,0,229,422,160,338,378,340,288,318,244,149,165,191,0
2,1769098548832,4551,5623,6791,-5154480,30543,-669508,0,0,0,227,420,159,340,379,340,285,325,244,148,168,189,0
2,1769098548848,4106,4627,8231,-5500230,235793,-259006,0,0,0,228,418,161,339,381,339,286,331,244,145,170,182,0
2,1769098548864,4996,3555,8978,-5605299,521678,177150,0,0,0,223,416,156,338,379,334,288,333,242,154,178,183,0
2,1769098548880,4929,3211,10610,-5749463,988379,496022,0,0,0,230,426,158,334,370,332,288,334,238,149,170,181,0
2,1769098548896,4412,3048,12816,-6010913,1295034,810007,0,0,0,226,425,158,336,374,332,291,339,241,148,172,181,0
2,1769098548912,4527,2670,15027,-6305350,1393994,1081231,0,0,0,225,421,159,337,375,334,293,342,245,147,172,179,0
2,1769098548928,4958,2115,17276,-6533814,1508837,1252273,0,0,0,224,419,158,337,375,334,294,344,247,147,173,179,0
2,1769098548944,5321,1445,20133,-6703635,1689653,1328021,0,0,0,223,418,157,337,375,333,296,343,245,148,172,178,0
2,1769098548960,5594,713,24106,-6836803,1888795,1406211,0,0,0,223,416,154,340,374,333,299,340,244,149,169,176,0
2,1769098548976,5996,-473,28844,-6957755,2070833,1580919,0,0,0,225,416,153,343,376,337,304,340,247,150,168,176,0
2,1769098548992,6398,-4283,32328,-7084815,2279749,1876578,0,0,0,226,418,156,345,376,342,306,339,252,151,168,179,0
2,1769098549008,4958,-11586,33567,-7081149,2594955,2127032,0,0,0,228,417,156,347,376,349,310,335,258,152,169,185,0
2,1769098549024,1631,-21804,32864,-6609561,2525316,2107485,0,0,0,227,417,155,344,372,345,315,334,265,151,167,181,0
2,1769098549040,1440,-32548,26551,-5352401,1683544,1380555,0,0,0,227,420,155,347,375,349,322,334,270,153,170,183,0
2,1769098549056,1033,-41258,16673,-3590665,1262047,-189368,0,0,0,228,422,156,350,379,353,322,336,273,156,171,186,0
2,1769098549072,-5628,-44900,12160,-1912008,1306029,-1836260,0,0,0,227,423,158,346,376,350,321,340,274,153,173,187,0
2,1769098549088,-11256,-44469,12117,-294437,700051,-2616946,0,0,0,222,400,152,345,363,340,375,413,264,170,207,179,0
2,1769098549104,-11672,-34639,16611,1550375,-669508,-2349387,0,0,0,224,344,150,327,313,334,424,453,270,192,277,182,0
2,1769098549120,-6767,-5431,22890,3560122,-3218038,-954171,0,0,0,231,341,150,320,320,338,452,468,270,213,335,179,0
2,1769098549136,1220,10997,16520,4759861,-4571715,824668,0,0,0,243,339,155,334,304,352,478,488,272,265,397,170,0
2,1769098549152,-9,4288,13787,5440365,-2689028,1842369,0,0,0,247,335,158,348,291,362,499,516,280,290,432,182,0
2,1769098549168,-5637,-2584,19674,4808731,-612086,994488,0,0,0,254,355,165,356,297,370,530,543,286,307,448,207,0
2,1769098549184,-2928,-1899,20756,3528357,-217468,-252898,0,0,0,265,388,178,370,316,382,561,572,290,367,485,228,0
2,1769098549200,2129,559,14970,2206445,-582765,-217468,0,0,0,273,414,190,390,342,397,581,595,300,425,515,252,0
2,1769098549216,2345,502,11093,1144761,-541226,168598,0,0,0,284,436,201,406,367,410,599,604,310,450,512,284,0
2,1769098549232,363,-354,10461,382401,-298102,272445,0,0,0,299,455,214,419,381,423,605,613,310,491,527,309,0
2,1769098549248,244,253,10552,124616,-212581,64751,0,0,0,312,469,226,420,391,424,619,633,323,422,504,342,0
2,1769098549264,713,847,10251,86742,-202807,-25656,0,0,0,323,479,236,426,397,430,620,642,326,461,534,332,0
2,1769098549280,890,904,10035,81855,-174707,-7330,0,0,0,334,483,245,427,400,430,626,645,325,469,541,343,0
2,1769098549296,737,775,10126,57421,-120951,1221,0,0,0,339,483,248,427,399,431,612,635,319,469,535,346,0
2,1769098549312,655,794,10179,61086,-79412,-12217,0,0,0,341,483,252,431,402,441,611,627,322,467,524,353,0
2,1769098549328,679,866,10145,96516,-46425,-25656,0,0,0,346,485,253,424,396,436,607,622,326,464,515,357,0
2,1769098549344,703,856,10093,135612,-8552,-24434,0,0,0,350,484,255,425,398,435,604,613,336,453,499,359,0
2,1769098549360,732,818,10045,163711,15882,-21991,0,0,0,353,487,255,427,398,433,605,602,336,405,446,374,0
2,1769098549376,765,789,10021,177150,15882,-21991,0,0,0,359,495,260,428,402,439,601,592,335,396,418,381,0
2,1769098549392,794,746,10007,193033,-2443,-24434,0,0,0,363,498,261,428,404,444,599,583,340,381,394,388,0
2,1769098549408,808,717,10007,195476,-20769,-32986,0,0,0,366,496,257,433,405,446,602,575,347,330,344,400,0
2,1769098549424,813,703,10021,194255,-36651,-40317,0,0,0,373,502,259,441,410,450,600,562,350,300,309,408,0
2,1769098549440,823,684,10045,200363,-56199,-51312,0,0,0,384,511,261,443,412,452,594,544,347,300,298,419,0
2,1769098549456,794,646,10035,210137,-73303,-57421,0,0,0,399,515,266,449,418,463,594,535,354,296,286,432,0
2,1769098549472,751,626,10035,218689,-81855,-56199,0,0,0,411,521,272,453,421,466,594,520,354,298,275,444,0
2,1769098549488,751,617,10074,235793,-80634,-53756,0,0,0,417,535,273,458,435,465,596,508,361,296,260,464,0
2,1769098549504,784,598,10131,267558,-80634,-54977,0,0,0,433,536,286,455,439,462,587,484,361,340,292,480,0
2,1769098549520,832,540,10179,313984,-89186,-65973,0,0,0,440,546,289,462,453,470,594,465,368,305,249,495,0
2,1769098549536,823,469,10198,354301,-101403,-81855,0,0,0,457,561,295,473,461,481,581,444,376,296,234,514,0
2,1769098549552,823,402,10256,398284,-116064,-98960,0,0,0,472,567,300,475,468,485,563,424,383,298,229,531,0
2,1769098549568,880,373,10409,474031,-146607,-120951,0,0,0,484,572,307,488,480,501,560,410,391,295,221,543,0
2,1769098549584,938,291,10610,607200,-186924,-153938,0,0,0,488,576,286,504,499,512,558,402,398,295,215,555,0
2,1769098549600,981,172,10897,791681,-232128,-194255,0,0,0,499,583,266,518,516,521,548,402,400,301,215,574,0
2,1769098549616,966,86,11409,1040914,-238237,-233350,0,0,0,513,593,251,526,528,530,530,396,402,310,223,594,0
2,1769098549632,540,143,12184,1347568,-123394,-241902,0,0,0,518,601,234,533,539,534,509,385,409,316,229,602,0
2,1769098549648,205,114,12869,1728748,15882,-184481,0,0,0,519,602,226,534,541,530,490,383,413,323,228,605,0
2,1769098549664,550,9,13405,2089159,23212,-113620,0,0,0,522,598,218,525,536,525,466,377,413,331,229,613,0
2,1769098549680,1311,-86,14410,2629163,-35430,-105068,0,0,0,531,595,216,522,540,531,426,359,413,326,229,620,0
2,1769098549696,1861,-153,15462,3229033,-117286,-210137,0,0,0,539,588,225,522,546,535,392,354,393,316,223,614,0
2,1769098549712,1856,-90,17004,4010941,-163711,-376292,0,0,0,545,587,227,511,532,531,348,323,402,305,218,615,0
2,1769098549728,2479,-100,19095,4901582,-200363,-535117,0,0,0,537,584,225,503,537,531,297,282,411,294,208,586,0
2,1769098549744,3503,-268,21780,5866749,-321315,-741590,0,0,0,493,555,216,498,531,526,290,226,395,279,212,521,0
2,1769098549760,4149,-1038,25154,6855129,-454483,-938289,0,0,0,460,550,202,478,516,501,270,203,390,269,193,483,0
2,1769098549776,4489,-1698,27700,7633372,-378736,-1084896,0,0,0,424,517,182,461,485,466,270,191,350,262,187,460,0
2,1769098549792,3469,-674,28643,8104959,-216246,-1254717,0,0,0,355,488,175,421,451,423,275,212,310,237,180,418,0
2,1769098549808,3474,1373,28236,8227133,-362853,-1407433,0,0,0,271,446,165,374,401,378,295,255,277,191,165,298,0
2,1769098549824,6709,5733,23938,7810522,-689055,-1596801,0,0,0,243,432,159,356,377,364,307,284,272,169,158,234,0
2,1769098549840,8652,12907,14620,6663318,-713490,-1962099,0,0,0,250,436,159,352,383,360,307,294,273,165,157,224,0
2,1769098549856,7776,19827,7173,4283387,-614530,-2217440,0,0,0,254,434,156,348,383,351,304,299,269,161,155,216,0
2,1769098549872,3938,21071,7820,-222354,-564439,-1650557,0,0,0,253,431,154,348,373,346,301,302,260,160,154,209,0
2,1769098549888,2062,15032,8815,-3530801,-889419,-685390,0,0,0,252,429,159,348,378,345,297,303,246,156,158,196,0
2,1769098549904,4493,7571,6221,-4203974,-1194852,9773,0,0,0,240,428,159,344,378,349,288,306,250,151,162,190,0
2,1769098549920,7245,4350,3508,-3915646,-827111,156381,0,0,0,239,427,160,343,379,343,288,313,250,150,162,189,0
2,1769098549936,6724,5072,3776,-3844785,72082,-45204,0,0,0,231,427,161,341,379,342,287,318,242,150,165,187,0
2,1769098549952,3790,5719,6427,-4392121,615752,-48869,0,0,0,227,426,161,341,383,340,285,328,239,150,168,187,0
2,1769098549968,2723,5130,8178,-4873482,719599,144164,0,0,0,226,423,156,338,381,335,285,328,239,148,168,184,0
2,1769098549984,3268,4044,9102,-5141041,851546,384845,0,0,0,223,428,156,338,377,333,280,322,239,161,194,180,0
2,1769098550000,3125,3603,10437,-5305975,1191187,544891,0,0,0,223,429,154,342,380,336,283,329,240,150,176,180,0
2,1769098550016,2598,3426,12184,-5541769,1422094,707381,0,0,0,223,429,153,345,382,338,284,335,238,147,174,179,0
2,1769098550032,2440,3120,14185,-5844758,1521054,901637,0,0,0,224,427,156,343,382,336,284,336,236,188,206,176,0
2,1769098550048,2790,2536,16257,-6091548,1601688,1043357,0,0,0,224,425,154,340,378,334,287,338,238,175,197,176,0
2,1769098550064,3120,1856,18655,-6296798,1716531,1102000,0,0,0,224,426,153,340,376,333,290,339,240,147,174,176,0
2,1769098550080,3350,1186,21406,-6455623,1853365,1102000,0,0,0,222,428,153,340,375,332,289,336,238,145,171,174,0
2,1769098550096,3450,497,25101,-6613227,1991420,1169196,0,0,0,219,429,152,340,374,332,290,332,238,147,169,175,0
2,1769098550112,3570,-646,29504,-6758613,2041511,1430646,0,0,0,222,427,154,343,375,336,294,332,241,149,168,176,0
2,1769098550128,3766,-4728,32170,-6871012,2075720,1854586,0,0,0,228,426,160,343,375,339,301,332,246,151,168,182,0
2,1769098550144,3024,-13764,33318,-6792821,2162462,2173458,0,0,0,226,423,159,345,373,348,310,330,257,153,167,186,0
2,1769098550160,2627,-25249,29198,-6097656,1761735,1765400,0,0,0,228,426,159,348,374,349,314,329,262,154,167,184,0
2,1769098550176,2809,-35084,20746,-4874704,1397659,697608,0,0,0,229,426,159,352,376,353,319,331,267,155,169,187,0
2,1769098550192,-1100,-41459,12060,-3039665,1539380,-1060462,0,0,0,229,426,162,349,374,352,314,327,265,151,164,182,0
2,1769098550208,-9911,-42153,10906,-1202182,1339016,-2350609,0,0,0,225,423,159,349,375,349,315,334,260,151,168,183,0
2,1769098550224,-13041,-38674,12596,439822,287106,-2659707,0,0,0,212,403,149,343,367,340,351,421,254,167,224,175,0
2,1769098550240,-9217,-24627,17741,2078163,-1345125,-2065946,0,0,0,218,358,149,333,324,332,417,456,252,190,275,176,0
2,1769098550256,-3876,-1564,21062,3403741,-3610213,-704938,0,0,0,240,345,156,330,301,335,455,480,257,207,318,174,0
2,1769098550272,2081,12959,14845,4581489,-4996877,1491732,0,0,0,255,355,159,345,307,350,484,500,271,236,373,176,0
2,1769098550288,-3517,2440,16046,5237558,-2405587,2080607,0,0,0,257,369,161,362,317,362,520,520,281,272,414,185,0
2,1769098550304,-7595,-3900,21890,4605923,-522900,948062,0,0,0,264,391,169,374,329,368,551,552,283,318,442,198,0
2,1769098550320,-1966,-1895,20555,2972470,-478918,-366519,0,0,0,282,413,182,393,353,382,573,576,303,355,460,226,0
2,1769098550336,2416,622,13510,1529606,-583987,-152716,0,0,0,301,432,194,405,373,399,588,589,339,325,420,271,0
2,1769098550352,1789,607,9734,614530,-388510,263893,0,0,0,298,458,209,411,384,409,598,608,340,343,421,322,0
2,1769098550368,315,105,10102,239459,-241902,200363,0,0,0,314,469,225,422,395,428,603,618,343,349,421,349,0
2,1769098550384,330,445,10538,85521,-217468,12217,0,0,0,342,483,250,430,399,429,610,626,339,356,417,362,0
2,1769098550400,894,990,10289,80634,-219911,-51312,0,0,0,368,504,265,426,406,440,609,617,330,377,430,382,0
2,1769098550416,871,966,10059,116064,-175929,-9773,0,0,0,386,513,281,433,410,441,625,623,330,394,438,390,0
2,1769098550432,727,856,10074,146607,-150272,0,0,0,0,390,513,273,435,414,442,615,611,326,375,411,406,0
2,1769098550448,655,871,10198,180816,-125838,-13439,0,0,0,404,520,278,442,418,446,619,599,337,389,413,416,0
2,1769098550464,684,904,10217,239459,-69638,-24434,0,0,0,413,530,279,445,432,447,615,581,339,392,402,423,0
2,1769098550480,717,847,10174,296880,-6108,-28099,0,0,0,426,539,284,450,438,451,607,566,341,340,338,440,0
2,1769098550496,746,751,10117,311541,20769,-30543,0,0,0,428,538,285,457,441,459,601,549,348,300,289,458,0
2,1769098550512,789,679,10078,309097,21991,-39095,0,0,0,426,536,284,463,450,467,594,529,353,295,271,466,0
2,1769098550528,823,655,10054,295658,4886,-51312,0,0,0,433,546,292,465,455,471,589,509,357,299,260,470,0
2,1769098550544,813,617,10054,288328,-13439,-62308,0,0,0,441,559,298,464,472,466,587,491,361,303,256,478,0
2,1769098550560,799,559,10069,288328,-32986,-69638,0,0,0,444,560,290,465,501,457,582,471,366,297,240,489,0
2,1769098550576,799,531,10107,296880,-48869,-74525,0,0,0,453,559,286,471,461,478,572,446,371,294,232,498,0
2,1769098550592,789,512,10122,309097,-61086,-76969,0,0,0,464,564,294,469,461,476,572,439,382,296,224,503,0
2,1769098550608,760,464,10126,324980,-70860,-75747,0,0,0,468,567,287,471,472,487,573,415,383,285,218,514,0
2,1769098550624,756,406,10126,339641,-87964,-70860,0,0,0,468,564,284,485,488,494,565,409,387,293,222,523,0
2,1769098550640,760,349,10117,354301,-112399,-65973,0,0,0,473,570,276,489,493,500,554,396,386,296,219,532,0
2,1769098550656,808,291,10179,378736,-118507,-65973,0,0,0,486,581,285,490,493,498,542,391,386,300,223,537,0
2,1769098550672,861,229,10284,426383,-129503,-75747,0,0,0,484,579,282,490,496,501,540,386,393,295,216,551,0
2,1769098550688,914,167,10418,519235,-155159,-97738,0,0,0,482,578,266,502,504,507,538,380,393,299,213,564,0
2,1769098550704,966,114,10581,629191,-156381,-133168,0,0,0,488,581,254,510,514,512,528,377,397,302,215,575,0
2,1769098550720,918,67,10777,733038,-133168,-175929,0,0,0,501,586,245,512,522,517,521,372,399,299,212,581,0
2,1769098550736,765,-4,10983,845437,-114842,-201585,0,0,0,512,591,242,512,522,523,512,366,403,303,213,590,0
2,1769098550752,650,-90,11275,988379,-106290,-202807,0,0,0,515,595,238,517,527,526,498,365,411,311,222,602,0
2,1769098550768,421,-134,11801,1246165,-81855,-167377,0,0,0,512,598,227,528,541,525,482,365,409,316,228,609,0
2,1769098550784,306,-177,12203,1543045,-42760,-94073,0,0,0,518,598,224,530,545,526,458,359,400,316,226,609,0
2,1769098550800,603,-301,12797,1897347,-12217,-30543,0,0,0,528,598,225,529,542,525,437,354,401,318,226,609,0
2,1769098550816,1201,-411,13864,2346944,-30543,-32986,0,0,0,532,599,223,523,539,518,411,346,393,334,226,612,0
2,1769098550832,1914,-483,15175,2919935,-140499,-128281,0,0,0,535,586,226,505,525,519,375,332,391,314,225,611,0
2,1769098550848,2727,-583,16482,3593109,-280998,-316428,0,0,0,543,605,227,505,532,526,326,311,396,299,217,606,0
2,1769098550864,2866,-655,18458,4447098,-393397,-579100,0,0,0,526,580,212,496,536,516,288,265,391,288,208,566,0
2,1769098550880,2713,-713,20842,5299866,-475253,-748920,0,0,0,499,561,210,491,532,512,272,227,384,270,194,508,0
2,1769098550896,3570,-1622,23756,6274807,-530231,-856433,0,0,0,465,544,198,477,511,492,264,202,371,266,184,478,0
2,1769098550912,4637,-2258,25159,6939429,-366519,-1043357,0,0,0,415,524,187,460,493,467,260,194,343,256,182,456,0
2,1769098550928,4029,-1703,25671,7373143,-195476,-1296256,0,0,0,358,498,180,419,456,423,265,205,305,234,177,420,0
2,1769098550944,4417,-363,25307,7406130,-273667,-1500285,0,0,0,288,461,168,371,414,377,286,243,276,198,166,325,0
2,1769098550960,6326,3096,21938,7068932,-445931,-1748296,0,0,0,249,437,158,355,392,360,303,272,268,174,159,239,0
2,1769098550976,7298,8729,15367,6372546,-547335,-2063502,0,0,0,260,440,161,360,379,360,303,273,273,170,156,227,0
2,1769098550992,6542,14084,9284,4818505,-574213,-2273640,0,0,0,255,439,162,357,376,356,304,281,269,167,153,218,0
2,1769098551008,4321,18028,6872,1622458,-497244,-1991420,0,0,0,250,435,157,356,378,355,299,284,260,161,154,215,0
2,1769098551024,1703,15534,8035,-2177123,-577878,-1005484,0,0,0,241,433,155,352,374,361,295,288,250,151,148,201,0
2,1769098551040,2694,8384,6652,-3516140,-954171,-42760,0,0,0,243,431,160,346,378,349,295,294,252,154,155,197,0
2,1769098551056,5671,3986,3732,-3387858,-891863,350636,0,0,0,243,425,170,345,377,351,297,306,251,152,157,204,0
2,1769098551072,6183,4273,3115,-3194825,-31764,163711,0,0,0,237,424,174,342,381,357,287,314,250,202,201,208,0
2,1769098551088,4024,5283,4804,-3563787,630412,56199,0,0,0,230,426,162,342,380,342,288,314,244,161,173,192,0
2,1769098551104,2115,5350,6714,-4114788,784350,193033,0,0,0,227,425,159,343,380,339,290,320,242,148,162,186,0
2,1769098551120,2278,4651,7614,-4491081,814894,444709,0,0,0,229,422,158,344,380,340,291,326,244,148,164,182,0
2,1769098551136,2483,4331,8590,-4783074,1050688,618195,0,0,0,228,420,157,339,380,337,289,328,243,148,167,179,0
2,1769098551152,1923,4249,10093,-5099503,1319468,729373,0,0,0,228,420,156,338,380,334,289,332,242,150,171,180,0
2,1769098551168,1325,3819,11844,-5436700,1440420,846659,0,0,0,228,420,157,339,378,333,291,335,242,150,173,180,0
2,1769098551184,1196,3182,13826,-5733581,1517389,951728,0,0,0,225,419,157,338,378,333,291,338,242,150,174,180,0
2,1769098551200,1330,2579,16027,-5929058,1588249,979827,0,0,0,226,421,157,339,380,334,291,339,242,151,175,182,0
2,1769098551216,1497,1938,18411,-6085439,1640784,978606,0,0,0,228,421,163,339,380,338,290,337,243,150,171,181,0
2,1769098551232,1885,1244,21349,-6205169,1682322,1001818,0,0,0,228,421,167,341,381,341,292,337,245,148,171,179,0
2,1769098551248,2502,660,25101,-6307794,1734857,1170417,0,0,0,229,420,159,343,383,339,292,334,244,150,173,180,0
2,1769098551264,3225,-1019,29011,-6476393,1789835,1550375,0,0,0,229,420,158,343,380,338,297,339,245,153,172,182,0
2,1769098551280,3388,-6743,30863,-6604674,1936442,1949881,0,0,0,230,422,155,344,374,341,303,338,247,151,169,182,0
2,1769098551296,2445,-15912,31280,-6437297,1987755,2091602,0,0,0,234,426,161,343,372,344,303,332,254,152,170,181,0
2,1769098551312,2091,-26369,27590,-5698150,1562593,1700648,0,0,0,228,426,155,349,374,347,310,332,260,159,176,187,0
2,1769098551328,1450,-34807,18162,-4101349,1273043,516791,0,0,0,230,425,157,351,375,352,314,332,260,160,176,188,0
2,1769098551344,-3622,-38669,11581,-2334726,1384220,-755029,0,0,0,232,426,160,354,378,354,313,332,259,159,177,188,0
2,1769098551360,-10380,-38219,10897,-626747,890641,-1492954,0,0,0,224,415,153,349,366,345,337,393,253,186,223,184,0
2,1769098551376,-11533,-33270,14161,897971,-311541,-1536936,0,0,0,217,375,150,333,341,336,379,439,257,193,259,183,0
2,1769098551392,-6178,-14563,19760,2960252,-2535090,-901637,0,0,0,221,347,151,331,322,338,422,455,259,198,290,185,0
2,1769098551408,1368,3005,15601,4538728,-3712838,-62308,0,0,0,235,347,156,344,313,351,445,479,263,268,374,181,0
2,1769098551424,2546,5484,13543,5286427,-2783102,669508,0,0,0,246,357,161,356,312,363,475,508,275,320,433,183,0
2,1769098551440,-2828,-1239,18568,4741535,-802676,709825,0,0,0,253,374,165,363,318,368,523,524,284,289,404,198,0
2,1769098551456,-1966,-2024,20157,3233920,-459370,-56199,0,0,0,262,399,177,372,330,377,544,546,293,327,427,212,0
2,1769098551472,1866,-9,15209,1815491,-592539,-222354,0,0,0,277,418,191,387,346,389,569,570,304,374,450,248,0
2,1769098551488,1880,430,11127,972497,-425162,101403,0,0,0,287,439,206,398,362,404,578,584,308,421,493,274,0
2,1769098551504,794,0,9916,366519,-252898,213802,0,0,0,318,461,226,412,378,415,594,586,317,444,508,305,0
2,1769098551520,354,9,10457,72082,-213802,80634,0,0,0,330,470,236,425,389,425,584,581,312,444,500,337,0
2,1769098551536,794,641,10346,36651,-223576,-10995,0,0,0,362,484,267,422,387,430,591,586,319,451,493,343,0
2,1769098551552,952,856,10069,59864,-201585,-9773,0,0,0,377,493,282,426,397,438,603,592,330,457,496,358,0
2,1769098551568,871,746,10074,78190,-167377,0,0,0,0,393,503,297,422,398,439,609,589,327,459,498,366,0
2,1769098551584,804,693,10150,95294,-140499,-2443,0,0,0,403,508,293,427,402,438,611,580,328,461,494,376,0
2,1769098551600,794,751,10179,129503,-114842,-12217,0,0,0,416,509,308,431,403,440,611,570,330,446,470,388,0
2,1769098551616,808,799,10165,197920,-78190,-15882,0,0,0,432,512,310,439,405,449,614,563,334,363,370,419,0
2,1769098551632,808,765,10160,265115,-47647,-19547,0,0,0,441,521,312,439,406,449,614,550,345,302,291,443,0
2,1769098551648,804,689,10160,306654,-15882,-24434,0,0,0,441,529,322,438,436,439,608,531,351,300,275,452,0
2,1769098551664,827,622,10145,324980,9773,-29321,0,0,0,440,538,325,451,465,446,603,517,355,298,262,466,0
2,1769098551680,914,550,10112,332310,20769,-41538,0,0,0,444,552,324,462,445,468,601,503,366,296,253,478,0
2,1769098551696,933,473,10050,328645,0,-54977,0,0,0,462,550,327,462,446,472,595,492,370,295,243,483,0
2,1769098551712,899,421,10031,315206,-24434,-64751,0,0,0,454,547,320,462,447,474,590,475,380,295,238,490,0
2,1769098551728,875,402,10059,299323,-40317,-67195,0,0,0,458,554,317,475,462,488,573,447,378,318,259,500,0
2,1769098551744,875,378,10074,290771,-48869,-68416,0,0,0,468,559,317,478,462,480,573,444,377,302,232,511,0
2,1769098551760,871,330,10083,288328,-58643,-69638,0,0,0,468,560,304,477,465,487,572,430,381,293,220,513,0
2,1769098551776,875,277,10098,291993,-76969,-69638,0,0,0,472,563,305,482,470,498,567,424,386,294,223,525,0
2,1769098551792,871,239,10078,298102,-96516,-69638,0,0,0,481,573,314,484,481,505,565,414,387,291,217,532,0
2,1769098551808,837,186,10045,301767,-113620,-69638,0,0,0,479,570,306,487,491,504,566,400,382,297,211,536,0
2,1769098551824,827,134,10045,293215,-106290,-64751,0,0,0,484,570,302,489,494,508,573,401,390,294,208,546,0
2,1769098551840,837,90,10045,282219,-98960,-63529,0,0,0,487,575,302,492,493,509,570,401,398,293,212,552,0
2,1769098551856,861,62,10069,272445,-100181,-65973,0,0,0,489,582,298,496,492,508,565,396,400,296,217,555,0
2,1769098551872,866,33,10122,276111,-119729,-68416,0,0,0,494,587,291,500,492,507,567,393,401,340,233,557,0
2,1769098551888,871,4,10198,299323,-140499,-73303,0,0,0,499,587,291,502,499,509,562,394,405,387,252,562,0
2,1769098551904,871,-38,10265,349414,-144164,-84299,0,0,0,505,588,291,504,509,517,549,389,405,308,225,576,0
2,1769098551920,856,-67,10404,412944,-130725,-96516,0,0,0,509,590,275,506,510,517,540,382,403,307,223,582,0
2,1769098551936,823,-81,10705,515570,-107512,-107512,0,0,0,516,599,262,512,519,520,529,378,403,304,223,586,0
2,1769098551952,784,-100,11098,680503,-84299,-108734,0,0,0,516,596,239,525,538,518,518,371,404,311,222,590,0
2,1769098551968,765,-157,11371,878424,-80634,-101403,0,0,0,513,596,233,533,538,529,502,371,399,307,219,599,0
2,1769098551984,856,-277,11615,1099557,-90408,-97738,0,0,0,513,603,225,522,534,523,490,363,422,322,234,605,0
2,1769098552000,928,-378,11892,1336573,-112399,-102625,0,0,0,520,599,229,520,534,528,463,365,411,319,225,605,0
2,1769098552016,957,-502,12160,1598023,-150272,-113620,0,0,0,525,597,226,522,550,523,439,352,399,326,230,605,0
2,1769098552032,995,-655,12672,1923003,-194255,-127059,0,0,0,527,593,227,515,536,518,414,337,388,325,225,606,0
2,1769098552048,1397,-823,13405,2305405,-241902,-160046,0,0,0,527,585,227,503,519,510,379,326,375,323,226,605,0
2,1769098552064,1856,-909,14395,2808758,-306654,-277332,0,0,0,525,583,223,493,517,503,339,318,371,313,226,600,0
2,1769098552080,1923,-1019,15491,3348763,-367740,-408057,0,0,0,521,583,216,487,527,500,306,299,376,297,219,583,0
2,1769098552096,1761,-1048,16688,3981619,-411723,-520457,0,0,0,501,578,206,482,531,496,281,263,375,282,208,546,0
2,1769098552112,1746,-1316,17774,4693888,-469144,-581543,0,0,0,462,567,196,480,519,488,267,226,369,271,196,504,0
2,1769098552128,2321,-2029,18726,5261993,-458148,-634078,0,0,0,436,556,192,471,509,478,263,207,358,267,190,477,0
2,1769098552144,3239,-2909,19329,5709146,-329867,-753807,0,0,0,409,536,180,452,487,457,261,204,339,260,186,456,0
2,1769098552160,3196,-3216,18927,5828876,-271224,-935845,0,0,0,367,504,172,431,468,433,266,220,315,252,189,439,0
2,1769098552176,3426,-3216,17683,5803219,-307876,-1127657,0,0,0,326,479,173,397,435,402,269,232,288,231,182,407,0
2,1769098552192,4359,-2541,15826,5605299,-327423,-1335351,0,0,0,268,444,171,364,391,383,288,263,277,198,178,316,0
2,1769098552208,4857,90,12380,5122715,-320093,-1611462,0,0,0,243,432,169,346,375,363,306,287,275,168,162,245,0
2,1769098552224,4699,3335,8068,4477642,-386066,-1890017,0,0,0,240,431,163,344,374,357,307,297,272,164,160,229,0
2,1769098552240,5561,9332,4876,3109304,-309097,-2188119,0,0,0,243,431,162,344,380,354,297,301,260,159,160,217,0
2,1769098552256,4828,14323,5393,613308,8552,-2331061,0,0,0,244,428,162,343,383,349,295,310,255,154,160,206,0
2,1769098552272,1708,12294,7274,-2199114,-26878,-1908343,0,0,0,241,425,161,343,381,345,293,319,248,153,160,198,0
2,1769098552288,1048,6762,6465,-3572339,-437379,-1088561,0,0,0,242,429,165,339,377,341,286,316,241,153,163,194,0
2,1769098552304,3637,3814,4139,-3441614,-375071,-430049,0,0,0,240,431,165,339,376,339,281,317,240,151,167,193,0
2,1769098552320,4115,3962,4225,-3347541,397062,-80634,0,0,0,234,427,162,341,378,341,285,326,242,148,168,191,0
2,1769098552336,2565,4493,5709,-3506366,1006705,260228,0,0,0,232,426,165,339,378,340,288,331,244,150,171,189,0
2,1769098552352,1397,4556,7078,-3778812,1176526,656069,0,0,0,232,425,163,338,378,339,288,336,242,157,180,190,0
2,1769098552368,1569,4120,7915,-4010941,1303586,877202,0,0,0,234,421,161,337,379,336,292,346,246,150,177,185,0
2,1769098552384,1148,3632,9145,-4239404,1491732,895528,0,0,0,233,423,162,338,378,339,289,347,246,149,176,184,0
2,1769098552400,138,3005,10815,-4488637,1598023,781907,0,0,0,233,424,164,342,382,342,294,353,248,153,181,188,0
2,1769098552416,-540,2211,12395,-4702440,1593136,637743,0,0,0,227,420,157,333,385,336,296,358,248,152,181,185,0
2,1769098552432,-1129,1296,13993,-4856378,1621236,496022,0,0,0,227,426,160,338,379,340,293,353,248,148,176,184,0
2,1769098552448,-1651,689,15419,-4851491,1616349,461814,0,0,0,230,420,161,339,379,338,295,350,250,152,179,186,0
2,1769098552464,-1579,559,16941,-4796513,1544267,563217,0,0,0,232,422,163,338,376,339,293,342,246,153,176,187,0
2,1769098552480,-665,751,19057,-4819726,1475850,810007,0,0,0,233,425,164,338,375,340,293,339,245,151,171,185,0
2,1769098552496,196,363,22057,-5068959,1433089,1175304,0,0,0,233,427,164,336,371,338,294,334,244,152,169,186,0
2,1769098552512,1167,-1608,24991,-5386609,1284038,1665218,0,0,0,234,425,164,341,375,344,296,330,244,153,168,189,0
2,1769098552528,3359,-6872,26398,-5517334,1128878,2085493,0,0,0,233,425,164,342,376,347,297,331,246,153,168,190,0
2,1769098552544,5063,-12864,25762,-5316971,1094670,2085493,0,0,0,235,426,166,342,374,346,300,334,251,153,168,191,0
2,1769098552560,5403,-18296,22459,-4691445,1075122,1629788,0,0,0,238,428,167,345,376,350,301,332,254,156,168,193,0
2,1769098552576,3149,-20827,17085,-3622430,1178969,970053,0,0,0,236,430,166,343,374,350,299,328,258,155,167,194,0
2,1769098552592,-1081,-22416,12586,-2390926,1312138,381179,0,0,0,238,429,169,346,376,354,306,333,262,155,172,194,0
2,1769098552608,-5154,-24259,10638,-1302364,1053131,-2443,0,0,0,236,428,169,348,377,356,305,333,263,157,174,198,0
2,1769098552624,-6771,-24771,9949,-310319,437379,-284663,0,0,0,234,425,167,346,376,355,306,337,264,161,178,197,0
2,1769098552640,-4446,-20593,10031,753807,-246789,-493579,0,0,0,228,417,168,344,385,359,327,385,276,226,245,198,0
2,1769098552656,-2426,-10677,12878,1885130,-889419,-543670,0,0,0,223,388,167,329,347,349,359,435,280,177,229,199,0
2,1769098552672,-540,2053,14510,2586403,-1660331,-139277,0,0,0,227,381,160,334,343,341,387,445,262,183,248,192,0
2,1769098552688,1971,7255,11265,2992017,-2059837,472809,0,0,0,226,380,157,338,344,346,415,455,265,194,278,188,0
2,1769098552704,1095,2699,10514,3280346,-1225395,772133,0,0,0,233,389,163,344,349,353,445,463,268,209,303,190,0
2,1769098552720,-1483,-378,13898,3260798,-452040,621860,0,0,0,248,397,170,356,351,359,481,485,275,222,317,203,0
2,1769098552736,-995,-153,15788,2641381,-547335,41538,0,0,0,254,409,173,363,352,361,497,521,274,318,410,198,0
2,1769098552752,1062,296,14477,1804495,-678060,-199142,0,0,0,263,421,179,371,353,366,515,536,279,329,412,216,0
2,1769098552768,1560,473,11753,1011592,-463035,9773,0,0,0,280,432,193,378,357,377,537,539,294,271,341,258,0
2,1769098552784,847,521,10294,543670,-235793,153938,0,0,0,303,443,207,384,366,391,547,556,308,297,357,289,0
2,1769098552800,478,325,10236,299323,-194255,95294,0,0,0,327,457,221,398,374,404,553,570,311,351,406,309,0
2,1769098552816,717,368,10251,87964,-224798,20769,0,0,0,342,469,236,406,378,410,560,575,304,359,405,323,0
2,1769098552832,847,636,10112,-39095,-226020,-4886,0,0,0,355,477,250,405,382,418,573,581,317,427,476,331,0
2,1769098552848,780,842,10040,-59864,-199142,0,0,0,0,366,484,258,404,382,426,576,575,323,428,470,334,0
2,1769098552864,760,851,10107,-30543,-167377,0,0,0,0,376,491,263,405,381,421,599,590,328,332,367,361,0
2,1769098552880,789,847,10131,-3665,-144164,-6108,0,0,0,389,494,269,409,385,421,592,582,319,333,362,363,0
2,1769098552896,794,856,10102,14660,-133168,-9773,0,0,0,406,501,278,416,389,430,599,587,337,337,364,371,0
2,1769098552912,751,861,10078,34208,-120951,-8552,0,0,0,415,504,290,416,389,434,597,585,333,339,364,379,0
2,1769098552928,717,856,10074,53756,-102625,-7330,0,0,0,414,505,300,416,393,438,606,585,335,424,407,364,0
2,1769098552944,717,847,10054,57421,-76969,-6108,0,0,0,418,509,315,420,392,441,608,586,334,383,386,376,0
2,1769098552960,737,847,10035,57421,-61086,-6108,0,0,0,427,514,311,421,391,436,608,588,335,342,365,387,0
2,1769098552976,760,837,10031,56199,-54977,-6108,0,0,0,432,517,307,423,394,435,613,589,336,344,364,388,0
2,1769098552992,756,827,10054,56199,-53756,-7330,0,0,0,432,519,315,424,395,438,618,587,335,349,366,393,0
2,1769098553008,756,832,10069,62308,-48869,-10995,0,0,0,434,521,314,420,392,435,618,583,337,369,384,397,0
2,1769098553024,756,837,10054,78190,-41538,-14660,0,0,0,436,523,303,424,397,435,618,581,339,396,409,399,0
2,1769098553040,756,823,10035,87964,-39095,-17104,0,0,0,437,529,304,428,402,438,621,585,340,389,398,401,0
2,1769098553056,746,808,10011,87964,-42760,-19547,0,0,0,443,528,309,429,402,439,621,581,344,388,392,396,0
2,1769098553072,746,799,10011,86742,-48869,-18325,0,0,0,442,530,308,430,407,439,621,578,343,381,387,398,0
2,1769098553088,751,780,10007,86742,-57421,-17104,0,0,0,441,530,314,433,407,446,619,577,343,372,373,401,0
2,1769098553104,756,760,10007,83077,-64751,-17104,0,0,0,443,538,304,433,410,446,621,584,343,367,367,411,0
2,1769098553120,756,760,10026,74525,-68416,-17104,0,0,0,447,537,303,433,408,444,617,583,343,373,369,416,0
2,1769098553136,756,760,10040,75747,-72082,-17104,0,0,0,451,539,319,437,414,455,614,579,348,371,368,418,0
2,1769098553152,756,746,10040,81855,-76969,-18325,0,0,0,450,549,319,437,416,456,620,584,359,371,364,419,0
2,1769098553168,756,732,10035,81855,-81855,-18325,0,0,0,451,555,321,440,424,455,617,571,358,427,426,407,0
2,1769098553184,751,727,10040,81855,-85521,-18325,0,0,0,456,570,325,443,439,456,617,569,358,367,363,424,0
2,1769098553200,746,727,10064,86742,-86742,-20769,0,0,0,461,571,327,442,438,458,618,567,360,303,291,443,0
2,1769098553216,741,717,10074,91629,-86742,-21991,0,0,0,467,564,341,442,431,457,574,543,374,319,300,443,0
2,1769098553232,732,693,10054,89186,-86742,-23212,0,0,0,477,568,357,444,432,453,559,531,370,321,295,449,0
2,1769098553248,732,674,10054,85521,-87964,-23212,0,0,0,483,575,362,444,430,449,609,546,343,297,262,465,0
2,1769098553264,732,670,10083,86742,-83077,-23212,0,0,0,487,570,362,443,426,450,600,540,348,298,263,469,0
2,1769098553280,727,670,10107,98960,-75747,-23212,0,0,0,482,558,339,441,428,446,586,524,345,299,259,478,0
2,1769098553296,732,670,10131,122173,-67195,-25656,0,0,0,485,561,353,442,432,450,580,516,350,303,259,484,0
2,1769098553312,756,655,10150,150272,-62308,-32986,0,0,0,484,557,358,450,443,463,578,495,357,309,259,487,0
2,1769098553328,746,617,10150,180816,-57421,-42760,0,0,0,492,566,339,456,441,455,577,466,354,302,244,484,0
2,1769098553344,722,588,10150,200363,-51312,-50090,0,0,0,490,568,323,452,436,459,565,450,354,292,236,484,0
2,1769098553360,713,545,10126,205250,-43982,-52534,0,0,0,488,563,324,455,439,463,557,441,358,282,225,485,0
2,1769098553376,717,507,10093,202807,-43982,-53756,0,0,0,478,559,318,454,441,468,557,435,369,288,228,487,0
2,1769098553392,717,469,10069,194255,-58643,-54977,0,0,0,465,552,294,458,449,470,548,427,370,286,226,487,0
2,1769098553408,703,435,10026,175929,-68416,-53756,0,0,0,461,550,279,458,446,466,538,423,365,283,222,483,0
2,1769098553424,698,411,9987,150272,-69638,-48869,0,0,0,461,554,277,458,443,467,530,420,364,282,222,473,0
2,1769098553440,698,406,10002,130725,-68416,-42760,0,0,0,457,552,271,455,442,470,528,416,362,339,250,451,0
2,1769098553456,717,406,10059,127059,-72082,-40317,0,0,0,449,544,259,449,437,467,529,411,359,386,271,437,0
2,1769098553472,746,402,10131,144164,-84299,-42760,0,0,0,446,541,254,453,437,467,519,406,354,278,220,453,0
2,1769098553488,732,373,10131,171042,-101403,-47647,0,0,0,441,535,254,456,438,465,511,400,353,279,219,450,0
2,1769098553504,698,335,10083,185703,-112399,-48869,0,0,0,439,533,255,457,437,463,510,400,352,273,213,445,0
2,1769098553520,665,296,10021,178372,-111177,-43982,0,0,0,433,531,242,456,435,462,515,402,349,276,217,448,0
2,1769098553536,660,263,9997,153938,-103847,-39095,0,0,0,431,531,239,460,435,461,515,389,344,280,214,444,0
2,1769098553552,679,253,10021,130725,-97738,-37873,0,0,0,425,529,235,438,418,443,504,384,345,272,208,436,0
2,1769098553568,674,253,10045,112399,-97738,-39095,0,0,0,422,526,234,450,430,454,503,387,348,391,264,414,0
2,1769098553584,660,253,10054,101403,-98960,-40317,0,0,0,419,526,233,447,429,452,504,388,352,307,227,432,0
2,1769098553600,650,244,10059,96516,-96516,-39095,0,0,0,422,529,236,452,431,455,500,382,352,278,216,439,0
2,1769098553616,641,220,10074,96516,-95294,-35430,0,0,0,419,526,231,454,433,457,495,382,352,277,216,440,0
2,1769098553632,641,210,10078,98960,-94073,-35430,0,0,0,417,525,227,454,435,457,492,382,352,277,216,441,0
2,1769098553648,641,201,10078,100181,-94073,-34208,0,0,0,419,528,227,453,434,457,492,381,351,277,214,442,0
2,1769098553664,646,191,10083,98960,-96516,-34208,0,0,0,422,529,225,451,430,454,490,379,348,276,209,442,0
2,1769098553680,646,181,10102,98960,-102625,-34208,0,0,0,422,528,223,453,432,453,489,375,347,275,206,441,0
2,1769098553696,646,167,10117,103847,-109955,-36651,0,0,0,423,528,225,456,435,458,490,373,349,277,206,442,0
2,1769098553712,636,162,10122,109955,-118507,-37873,0,0,0,427,528,224,453,433,448,489,372,347,280,209,441,0
2,1769098553728,607,143,10112,116064,-122173,-37873,0,0,0,435,533,228,456,456,442,488,371,346,274,203,441,0
2,1769098553744,583,119,10098,120951,-120951,-35430,0,0,0,427,530,219,456,433,455,491,361,345,285,212,445,0
2,1769098553760,574,100,10088,122173,-117286,-34208,0,0,0,427,530,219,457,438,455,491,365,346,278,205,443,0
2,1769098553776,564,86,10083,123394,-111177,-34208,0,0,0,429,531,219,453,438,450,493,363,353,273,202,442,0
2,1769098553792,550,67,10069,119729,-105068,-35430,0,0,0,431,535,219,453,434,449,460,359,349,271,198,440,0
2,1769098553808,540,47,10050,111177,-98960,-32986,0,0,0,429,532,217,456,441,451,474,363,348,271,198,441,0
2,1769098553824,526,38,10040,96516,-89186,-30543,0,0,0,429,530,225,458,444,457,482,364,350,275,202,447,0
2,1769098553840,526,33,10045,83077,-81855,-28099,0,0,0,433,532,227,456,443,453,483,365,352,278,203,448,0
2,1769098553856,526,28,10069,69638,-78190,-25656,0,0,0,437,534,225,456,443,449,486,366,352,279,202,447,0
2,1769098553872,526,14,10093,61086,-76969,-24434,0,0,0,440,536,225,456,444,449,486,368,350,282,208,449,0
2,1769098553888,531,4,10088,58643,-76969,-23212,0,0,0,440,538,225,457,444,450,485,371,350,286,222,450,0
2,1769098553904,516,0,10054,50090,-73303,-21991,0,0,0,437,538,222,463,448,455,488,372,353,288,229,448,0
2,1769098553920,502,0,10011,31764,-64751,-19547,0,0,0,438,539,224,462,447,457,488,373,351,281,214,450,0
2,1769098553936,483,0,9987,6108,-46425,-14660,0,0,0,437,538,221,457,444,453,487,373,351,283,223,450,0
2,1769098553952,483,0,9978,-18325,-28099,-10995,0,0,0,436,538,220,454,443,450,489,377,353,286,227,450,0
2,1769098553968,497,9,9987,-48869,-6108,-8552,0,0,0,437,539,228,459,445,459,486,371,351,285,222,450,0
2,1769098553984,516,23,10011,-74525,6108,-4886,0,0,0,436,537,226,463,446,461,496,371,354,278,206,450,0
2,1769098554000,531,43,10040,-94073,15882,-3665,0,0,0,433,535,228,460,446,458,497,372,356,281,206,454,0
2,1769098554016,559,62,10074,-105068,19547,-3665,0,0,0,436,538,228,462,449,461,501,374,358,281,207,458,0
2,1769098554032,588,90,10122,-102625,15882,-3665,0,0,0,440,542,235,464,448,463,501,371,355,282,207,457,0
2,1769098554048,583,114,10117,-95294,8552,-3665,0,0,0,442,542,240,463,446,464,504,373,358,283,208,456,0
2,1769098554064,579,124,10098,-91629,9773,-3665,0,0,0,444,543,241,461,447,463,508,376,359,281,208,457,0
2,1769098554080,612,148,10145,-81855,10995,-3665,0,0,0,445,545,240,461,448,463,510,377,358,280,207,459,0
2,1769098554096,670,191,10246,-47647,-1221,-8552,0,0,0,445,544,240,463,448,463,514,379,365,283,207,461,0
2,1769098554112,660,196,10275,8552,-23212,-14660,0,0,0,448,544,248,464,448,466,518,378,378,286,207,462,0
2,1769098554128,660,186,10260,54977,-41538,-19547,0,0,0,453,547,255,463,448,470,517,375,378,284,207,468,0
2,1769098554144,670,162,10208,90408,-61086,-25656,0,0,0,451,548,250,462,446,464,515,373,371,288,207,472,0
2,1769098554160,655,134,10141,109955,-75747,-31764,0,0,0,455,548,244,467,448,464,520,378,381,286,202,471,0
2,1769098554176,617,114,10088,112399,-83077,-32986,0,0,0,456,548,242,467,452,467,516,384,377,295,214,481,0
2,1769098554192,588,95,10050,101403,-79412,-30543,0,0,0,456,548,244,466,448,467,515,371,373,425,267,456,0
2,1769098554208,579,90,10040,87964,-70860,-25656,0,0,0,458,550,245,471,451,473,517,375,374,319,222,479,0
2,1769098554224,579,86,10040,72082,-62308,-20769,0,0,0,456,549,246,466,447,468,521,372,377,291,207,481,0
2,1769098554240,593,81,10040,54977,-54977,-14660,0,0,0,456,549,246,472,453,474,518,370,373,290,207,480,0
2,1769098554256,612,71,10045,40317,-51312,-13439,0,0,0,454,547,241,474,453,475,516,370,371,289,209,482,0
2,1769098554272,626,71,10059,28099,-51312,-14660,0,0,0,453,547,241,472,453,475,516,372,372,287,208,482,0
2,1769098554288,626,76,10069,18325,-52534,-15882,0,0,0,453,546,241,473,454,476,515,371,370,284,205,479,0
2,1769098554304,622,86,10098,14660,-53756,-17104,0,0,0,454,547,242,474,453,475,515,369,369,292,208,479,0
2,1769098554320,617,95,10126,20769,-53756,-17104,0,0,0,458,550,246,470,450,472,515,367,369,297,210,482,0
2,1769098554336,617,95,10136,34208,-53756,-17104,0,0,0,459,551,247,470,450,473,516,365,370,288,207,483,0
2,1769098554352,617,86,10131,46425,-54977,-15882,0,0,0,456,547,242,473,453,476,515,362,373,289,208,482,0
2,1769098554368,626,81,10126,56199,-56199,-15882,0,0,0,454,546,241,473,455,475,515,360,373,287,206,481,0
2,1769098554384,631,71,10117,63529,-59864,-18325,0,0,0,455,546,240,473,454,475,516,365,372,287,202,481,0
2,1769098554400,617,57,10088,63529,-59864,-18325,0,0,0,455,547,240,474,455,475,513,363,372,288,204,485,0
2,1769098554416,607,52,10059,59864,-58643,-19547,0,0,0,460,547,245,474,454,475,510,352,371,288,201,483,0
2,1769098554432,603,52,10054,51312,-56199,-18325,0,0,0,459,548,242,469,451,470,509,357,371,288,205,483,0
2,1769098554448,603,43,10054,37873,-51312,-17104,0,0,0,463,551,244,475,456,475,510,364,370,290,206,486,0
2,1769098554464,603,28,10050,25656,-47647,-15882,0,0,0,462,549,245,476,457,477,514,362,372,296,206,484,0
2,1769098554480,617,23,10045,10995,-43982,-14660,0,0,0,464,551,248,477,489,453,520,365,375,293,204,484,0
2,1769098554496,626,28,10045,-2443,-41538,-14660,0,0,0,464,551,249,479,480,462,518,363,372,288,203,483,0
2,1769098554512,631,52,10059,-12217,-39095,-18325,0,0,0,467,552,249,479,459,480,515,364,368,290,205,484,0
2,1769098554528,622,57,10064,-19547,-37873,-18325,0,0,0,468,552,249,477,457,478,519,369,371,289,204,485,0
2,1769098554544,612,67,10074,-24434,-34208,-17104,0,0,0,465,550,248,475,456,478,523,372,375,287,201,484,0
2,1769098554560,617,81,10078,-25656,-29321,-13439,0,0,0,463,550,248,478,457,482,520,370,373,288,203,485,0
2,1769098554576,631,86,10093,-25656,-26878,-12217,0,0,0,465,552,250,477,457,482,517,365,370,287,203,483,0
2,1769098554592,646,95,10112,-21991,-28099,-12217,0,0,0,465,553,249,475,454,482,510,368,373,288,204,484,0
2,1769098554608,646,100,10112,-19547,-28099,-12217,0,0,0,468,555,252,475,454,481,466,370,374,283,200,481,0
2,1769098554624,650,100,10102,-19547,-29321,-12217,0,0,0,465,551,251,474,454,480,523,371,376,290,205,486,0
2,1769098554640,660,105,10098,-19547,-32986,-13439,0,0,0,462,552,251,472,455,481,532,371,376,286,205,484,0
2,1769098554656,665,114,10088,-18325,-34208,-13439,0,0,0,459,549,243,478,456,482,532,367,376,295,211,489,0
2,1769098554672,670,119,10083,-15882,-36651,-14660,0,0,0,457,546,243,475,454,483,527,370,376,293,209,487,0
2,1769098554688,655,119,10078,-15882,-37873,-15882,0,0,0,461,549,249,479,456,488,526,371,379,292,208,484,0
2,1769098554704,655,134,10078,-15882,-36651,-14660,0,0,0,459,549,248,476,455,485,526,370,379,290,208,485,0
2,1769098554720,660,143,10083,-15882,-36651,-14660,0,0,0,460,548,246,474,453,483,526,370,379,287,205,484,0
2,1769098554736,670,148,10093,-12217,-39095,-14660,0,0,0,458,547,244,474,452,484,527,368,377,285,203,483,0
2,1769098554752,674,153,10098,-7330,-40317,-14660,0,0,0,456,548,246,471,450,484,523,369,377,284,203,485,0
2,1769098554768,670,157,10083,-4886,-41538,-14660,0,0,0,456,550,250,470,449,484,524,371,379,282,201,487,0
2,1769098554784,670,157,10074,-6108,-40317,-14660,0,0,0,453,549,250,472,452,487,532,368,378,281,202,486,0
2,1769098554800,674,167,10074,-10995,-39095,-14660,0,0,0,449,547,248,470,450,485,530,366,374,283,206,483,0
2,1769098554816,670,181,10078,-13439,-39095,-13439,0,0,0,452,549,249,475,450,485,527,369,376,286,204,480,0
2,1769098554832,670,191,10088,-14660,-39095,-12217,0,0,0,455,549,253,476,451,484,528,369,376,312,210,479,0
2,1769098554848,679,196,10093,-12217,-39095,-12217,0,0,0,450,547,249,477,452,484,528,370,376,292,209,485,0
2,1769098554864,684,191,10078,-12217,-40317,-10995,0,0,0,457,552,252,474,450,483,528,375,378,282,203,478,0
2,1769098554880,684,186,10069,-12217,-39095,-9773,0,0,0,449,545,246,479,456,486,527,376,379,289,210,480,0
2,1769098554896,693,191,10078,-13439,-39095,-9773,0,0,0,451,551,251,472,450,480,527,379,379,284,208,477,0
2,1769098554912,703,210,10102,-10995,-39095,-10995,0,0,0,449,550,251,470,449,479,525,374,374,283,210,477,0
2,1769098554928,703,215,10107,-7330,-41538,-12217,0,0,0,445,547,249,471,449,481,527,380,379,285,211,477,0
2,1769098554944,684,215,10088,-7330,-42760,-12217,0,0,0,447,549,251,474,450,484,530,388,378,285,211,477,0
2,1769098554960,684,224,10078,-8552,-40317,-10995,0,0,0,449,550,253,478,452,487,529,386,376,282,209,475,0
2,1769098554976,703,244,10088,-6108,-40317,-9773,0,0,0,448,548,253,477,450,485,526,381,376,280,208,473,0
2,1769098554992,713,248,10112,0,-45204,-9773,0,0,0,448,547,253,474,449,484,525,380,375,280,209,474,0
2,1769098555008,717,248,10112,3665,-48869,-12217,0,0,0,450,549,255,476,449,487,525,380,374,284,212,476,0
2,1769098555024,708,234,10088,9773,-51312,-13439,0,0,0,450,549,255,477,451,487,527,381,373,285,218,473,0
2,1769098555040,703,234,10078,10995,-52534,-13439,0,0,0,450,551,255,474,449,486,534,385,377,291,229,472,0
2,1769098555056,708,239,10083,12217,-56199,-14660,0,0,0,451,551,254,471,445,483,531,383,374,288,229,470,0
2,1769098555072,703,248,10083,13439,-57421,-14660,0,0,0,449,551,253,477,450,491,531,383,372,290,228,471,0
2,1769098555088,698,248,10078,15882,-57421,-15882,0,0,0,450,549,254,475,446,484,529,383,376,284,220,471,0
2,1769098555104,698,244,10078,15882,-56199,-14660,0,0,0,449,549,255,478,449,486,528,386,377,283,211,472,0
2,1769098555120,698,244,10078,14660,-56199,-14660,0,0,0,449,548,253,467,441,480,521,381,373,280,209,470,0
2,1769098555136,698,258,10088,17104,-57421,-15882,0,0,0,453,549,257,478,451,489,524,384,372,282,212,474,0
2,1769098555152,698,263,10098,21991,-58643,-15882,0,0,0,449,547,254,479,451,489,525,385,373,283,213,475,0
2,1769098555168,703,263,10098,26878,-59864,-15882,0,0,0,446,545,251,478,451,489,526,389,375,284,213,475,0
2,1769098555184,689,248,10078,28099,-58643,-15882,0,0,0,446,546,250,476,448,487,530,392,377,282,213,473,0
2,1769098555200,689,244,10069,24434,-57421,-15882,0,0,0,449,547,252,472,443,483,532,394,378,285,216,475,0
2,1769098555216,703,253,10074,20769,-57421,-15882,0,0,0,451,548,255,472,444,485,532,396,376,298,220,476,0
2,1769098555232,708,258,10093,20769,-58643,-17104,0,0,0,451,548,254,477,455,487,532,397,377,303,218,474,0
2,1769098555248,703,258,10098,25656,-59864,-18325,0,0,0,450,549,254,479,463,482,536,402,381,287,212,476,0
2,1769098555264,689,244,10069,25656,-57421,-18325,0,0,0,449,548,255,476,445,487,533,399,378,285,209,475,0
2,1769098555280,684,239,10050,19547,-54977,-17104,0,0,0,452,549,257,477,448,490,532,401,376,281,209,473,0
2,1769098555296,689,239,10050,9773,-51312,-15882,0,0,0,452,549,255,478,449,491,529,391,374,284,211,475,0
2,1769098555312,689,253,10064,3665,-48869,-14660,0,0,0,454,551,255,479,449,490,529,395,377,285,212,475,0
2,1769098555328,693,263,10088,2443,-48869,-14660,0,0,0,452,549,256,479,449,490,531,396,376,285,213,474,0
2,1769098555344,698,268,10093,4886,-50090,-14660,0,0,0,448,548,253,477,448,488,531,398,375,282,210,472,0
2,1769098555360,698,258,10083,8552,-51312,-15882,0,0,0,447,548,255,476,447,487,531,408,377,283,211,471,0
2,1769098555376,693,258,10074,9773,-51312,-17104,0,0,0,444,547,255,475,446,487,529,395,377,284,212,472,0
2,1769098555392,693,268,10078,10995,-51312,-15882,0,0,0,441,546,253,473,446,484,530,389,378,286,216,475,0
2,1769098555408,693,272,10093,10995,-51312,-15882,0,0,0,443,549,254,472,445,483,533,392,381,287,216,475,0
2,1769098555424,698,277,10093,13439,-52534,-17104,0,0,0,445,550,254,475,447,485,532,392,380,285,214,474,0
2,1769098555440,698,263,10083,14660,-52534,-17104,0,0,0,443,548,253,475,448,486,527,389,375,286,217,475,0
2,1769098555456,703,258,10078,15882,-52534,-18325,0,0,0,444,549,255,472,445,484,525,387,373,288,218,476,0
2,1769098555472,698,258,10078,15882,-52534,-18325,0,0,0,442,548,253,475,447,486,525,386,374,289,216,475,0
2,1769098555488,698,272,10083,18325,-52534,-18325,0,0,0,444,548,254,473,446,485,531,392,379,285,215,472,0
2,1769098555504,703,287,10088,20769,-53756,-18325,0,0,0,445,546,252,475,447,485,532,393,377,286,215,475,0
2,1769098555520,703,282,10088,20769,-53756,-18325,0,0,0,447,549,254,479,452,491,528,391,377,282,211,472,0
2,1769098555536,703,277,10088,24434,-53756,-18325,0,0,0,447,548,255,478,450,490,535,396,383,287,217,476,0
2,1769098555552,708,272,10088,31764,-57421,-19547,0,0,0,447,548,256,477,449,488,531,390,377,288,215,477,0
2,1769098555568,708,263,10088,35430,-57421,-18325,0,0,0,449,551,258,471,443,483,527,387,372,285,215,475,0
2,1769098555584,708,263,10088,36651,-58643,-18325,0,0,0,449,550,259,472,443,485,531,392,376,287,215,478,0
2,1769098555600,708,263,10088,36651,-59864,-18325,0,0,0,449,550,260,475,445,488,533,395,378,285,214,476,0
2,1769098555616,713,268,10074,36651,-59864,-18325,0,0,0,450,552,261,475,446,487,533,396,378,284,214,476,0
2,1769098555632,703,263,10069,36651,-61086,-19547,0,0,0,446,550,258,475,446,487,532,396,376,286,215,478,0
2,1769098555648,698,253,10069,36651,-61086,-19547,0,0,0,445,548,254,478,449,489,532,395,376,286,215,477,0
2,1769098555664,698,244,10078,34208,-59864,-18325,0,0,0,449,548,255,481,451,492,533,395,379,285,213,477,0
2,1769098555680,698,239,10078,32986,-59864,-18325,0,0,0,445,547,253,479,450,491,516,391,378,284,211,478,0
2,1769098555696,698,239,10074,32986,-59864,-18325,0,0,0,449,551,255,479,453,489,475,384,384,282,211,475,0
2,1769098555712,698,239,10069,34208,-61086,-18325,0,0,0,450,551,257,482,454,493,534,392,378,286,213,478,0
2,1769098555728,689,239,10069,30543,-58643,-18325,0,0,0,454,553,259,478,448,490,532,390,378,284,211,477,0
2,1769098555744,689,239,10069,26878,-56199,-17104,0,0,0,446,548,252,478,448,488,531,390,376,287,214,477,0
2,1769098555760,698,239,10069,23212,-54977,-15882,0,0,0,453,552,261,479,451,488,534,392,380,288,215,478,0
2,1769098555776,689,239,10059,19547,-53756,-15882,0,0,0,451,550,258,480,452,490,535,393,379,286,212,478,0
2,1769098555792,689,244,10059,15882,-52534,-15882,0,0,0,450,550,255,480,449,490,533,391,376,286,213,478,0
2,1769098555808,693,239,10074,12217,-51312,-14660,0,0,0,451,551,257,481,450,491,533,390,377,287,215,479,0
2,1769098555824,703,239,10088,9773,-50090,-14660,0,0,0,451,550,256,478,448,490,535,391,379,286,214,479,0
2,1769098555840,703,253,10088,10995,-50090,-14660,0,0,0,452,550,258,476,448,489,536,390,377,285,212,477,0
2,1769098555856,703,253,10074,10995,-50090,-14660,0,0,0,453,552,261,476,448,489,537,390,379,284,211,475,0
2,1769098555872,703,253,10074,12217,-52534,-15882,0,0,0,452,552,261,473,445,486,541,394,383,283,213,477,0
2,1769098555888,703,253,10074,13439,-53756,-15882,0,0,0,452,552,263,477,448,491,540,394,383,283,215,477,0
2,1769098555904,698,248,10078,13439,-54977,-14660,0,0,0,450,550,258,480,451,491,542,397,386,282,212,475,0
2,1769098555920,698,248,10074,12217,-53756,-14660,0,0,0,449,549,253,483,456,496,537,393,378,286,214,476,0
2,1769098555936,703,253,10074,10995,-51312,-13439,0,0,0,452,550,257,476,447,488,542,397,384,283,213,474,0
2,1769098555952,708,263,10074,10995,-51312,-13439,0,0,0,453,551,259,479,448,491,542,397,384,286,213,474,0
2,1769098555968,708,268,10078,10995,-52534,-15882,0,0,0,454,552,261,479,449,492,539,394,381,280,209,473,0
2,1769098555984,703,268,10078,10995,-52534,-15882,0,0,0,453,551,262,481,451,494,541,402,381,283,213,476,0
2,1769098556000,698,263,10083,12217,-53756,-17104,0,0,0,455,553,264,478,447,489,543,403,383,282,209,472,0
2,1769098556016,698,258,10088,13439,-52534,-17104,0,0,0,454,553,263,479,448,491,540,400,378,284,211,472,0
2,1769098556032,703,258,10083,14660,-52534,-17104,0,0,0,454,553,262,479,449,491,540,397,378,284,215,475,0
2,1769098556048,708,263,10078,13439,-52534,-15882,0,0,0,452,551,259,479,449,490,539,394,378,286,214,477,0
2,1769098556064,713,268,10078,13439,-52534,-14660,0,0,0,453,551,260,479,448,490,538,393,380,286,212,475,0
2,1769098556080,717,272,10078,13439,-52534,-14660,0,0,0,454,552,263,480,448,491,541,394,383,284,212,474,0
2,1769098556096,717,277,10074,12217,-53756,-14660,0,0,0,451,550,260,483,452,494,543,397,384,284,214,475,0
2,1769098556112,708,268,10074,12217,-53756,-14660,0,0,0,450,549,257,482,452,493,540,395,382,283,212,475,0
2,1769098556128,708,272,10074,12217,-52534,-14660,0,0,0,454,552,260,480,449,490,539,394,382,286,218,477,0
2,1769098556144,708,272,10074,10995,-52534,-14660,0,0,0,454,552,261,476,447,489,537,391,380,282,213,475,0
2,1769098556160,703,272,10078,10995,-53756,-15882,0,0,0,453,552,263,477,448,490,541,390,380,285,213,477,0
2,1769098556176,703,277,10088,10995,-52534,-15882,0,0,0,449,552,259,477,448,490,543,395,384,285,215,478,0
2,1769098556192,708,282,10078,10995,-52534,-14660,0,0,0,449,549,259,476,445,488,541,394,384,286,215,476,0
2,1769098556208,713,282,10069,10995,-52534,-14660,0,0,0,447,549,259,478,446,489,543,395,384,283,213,473,0
2,1769098556224,722,282,10069,9773,-52534,-14660,0,0,0,448,549,259,479,448,491,540,395,381,286,213,475,0
2,1769098556240,717,277,10069,7330,-52534,-14660,0,0,0,450,550,261,478,447,488,539,394,380,288,214,474,0
2,1769098556256,713,282,10078,6108,-52534,-14660,0,0,0,451,551,261,478,445,485,522,392,383,284,212,470,0
