sole_id,timestamp,accel_x,accel_y,accel_z,gyro_x,gyro_y,gyro_z,magn_x,magn_y,magn_z,pressure_01,pressure_02,pressure_03,pressure_04,pressure_05,pressure_06,pressure_07,pressure_08,pressure_09,pressure_10,pressure_11,pressure_12,corrupt
2,1768494463136,1005,574,9944,23212,-57421,-17104,0,0,0,428,558,234,487,437,492,575,461,416,440,395,471,0
2,1768494463152,995,579,9949,21991,-56199,-18325,0,0,0,426,556,232,488,438,494,575,461,415,439,395,470,0
2,1768494463168,995,569,9954,20769,-56199,-18325,0,0,0,426,558,232,487,438,492,574,462,415,443,397,473,0
2,1768494463184,995,569,9959,20769,-57421,-17104,0,0,0,422,554,229,486,438,493,573,461,415,443,398,470,0
2,1768494463200,995,569,9959,20769,-56199,-15882,0,0,0,427,558,234,487,438,494,570,457,411,441,396,469,0
2,1768494463216,1000,564,9959,20769,-56199,-15882,0,0,0,425,556,232,485,435,493,570,457,411,441,394,470,0
2,1768494463232,1000,564,9954,20769,-56199,-17104,0,0,0,424,555,232,485,435,493,575,465,415,442,398,472,0
2,1768494463248,1000,564,9959,19547,-56199,-17104,0,0,0,421,552,227,489,439,495,574,462,416,443,399,473,0
2,1768494463264,995,569,9968,19547,-56199,-18325,0,0,0,421,552,227,488,436,493,572,460,412,440,398,470,0
2,1768494463280,995,574,9973,20769,-56199,-18325,0,0,0,421,553,230,485,433,489,570,458,409,445,401,473,0
2,1768494463296,995,569,9973,21991,-56199,-17104,0,0,0,423,555,232,486,434,491,575,463,415,445,400,473,0
2,1768494463312,995,569,9968,23212,-56199,-17104,0,0,0,425,558,235,486,435,491,573,461,414,441,395,470,0
2,1768494463328,995,569,9964,23212,-57421,-17104,0,0,0,424,557,235,486,436,491,573,461,414,439,394,468,0
2,1768494463344,990,574,9964,21991,-56199,-18325,0,0,0,424,556,234,487,437,492,576,464,417,441,396,471,0
2,1768494463360,990,569,9968,21991,-56199,-17104,0,0,0,425,557,234,489,438,494,574,461,415,464,400,466,0
2,1768494463376,990,564,9968,21991,-56199,-15882,0,0,0,423,555,231,491,439,496,571,460,413,492,404,457,0
2,1768494463392,995,559,9973,23212,-57421,-15882,0,0,0,424,555,232,486,436,491,575,463,415,443,396,471,0
2,1768494463408,990,559,9968,24434,-57421,-17104,0,0,0,423,554,227,484,435,490,575,462,414,438,392,467,0
2,1768494463424,990,559,9968,25656,-56199,-17104,0,0,0,426,559,234,484,434,491,575,462,414,441,395,471,0
2,1768494463440,995,555,9968,24434,-56199,-17104,0,0,0,424,557,232,490,439,495,576,461,415,441,395,471,0
2,1768494463456,995,555,9973,24434,-57421,-17104,0,0,0,428,559,239,486,434,491,575,461,415,440,393,469,0
2,1768494463472,995,559,9978,24434,-57421,-17104,0,0,0,427,559,236,484,436,488,575,461,415,442,396,471,0
2,1768494463488,990,564,9978,24434,-57421,-17104,0,0,0,427,558,234,488,438,493,576,463,418,443,397,471,0
2,1768494463504,990,559,9973,25656,-57421,-17104,0,0,0,426,558,234,487,438,493,577,464,419,442,396,471,0
2,1768494463520,995,555,9968,25656,-57421,-17104,0,0,0,426,558,236,488,439,494,575,463,416,441,397,471,0
2,1768494463536,1000,555,9964,26878,-57421,-17104,0,0,0,424,556,234,491,439,496,577,464,417,441,397,470,0
2,1768494463552,1000,559,9968,26878,-57421,-17104,0,0,0,424,555,232,489,437,493,579,465,419,441,397,470,0
2,1768494463568,995,559,9978,26878,-57421,-17104,0,0,0,426,557,234,487,436,491,578,464,418,443,397,470,0
2,1768494463584,1000,559,9973,25656,-56199,-17104,0,0,0,426,558,233,487,436,493,577,464,417,442,397,471,0
2,1768494463600,1005,559,9968,24434,-56199,-17104,0,0,0,425,557,234,487,435,492,576,463,416,440,395,469,0
2,1768494463616,1000,555,9968,21991,-56199,-17104,0,0,0,430,562,239,487,434,492,576,463,416,444,399,472,0
2,1768494463632,1000,555,9978,19547,-57421,-17104,0,0,0,430,561,238,489,439,495,581,467,421,442,396,470,0
2,1768494463648,1000,555,9983,18325,-57421,-17104,0,0,0,423,555,231,488,435,493,578,466,418,442,396,469,0
2,1768494463664,990,559,9983,17104,-56199,-17104,0,0,0,425,557,234,488,437,492,578,465,417,442,396,469,0
2,1768494463680,990,559,9983,17104,-56199,-15882,0,0,0,424,556,234,486,434,492,578,465,419,442,396,469,0
2,1768494463696,1000,559,9992,18325,-56199,-15882,0,0,0,423,556,234,488,438,495,579,466,420,442,396,470,0
2,1768494463712,1000,559,9992,18325,-56199,-15882,0,0,0,425,557,236,493,443,499,576,462,417,443,397,470,0
2,1768494463728,1000,564,9983,19547,-56199,-15882,0,0,0,425,558,238,491,439,495,578,464,420,444,398,470,0
2,1768494463744,995,564,9968,19547,-57421,-15882,0,0,0,425,558,236,485,433,489,568,462,420,442,396,469,0
2,1768494463760,995,564,9968,18325,-57421,-15882,0,0,0,426,558,234,487,436,492,567,462,419,442,397,469,0
2,1768494463776,995,559,9978,18325,-57421,-15882,0,0,0,428,560,235,489,437,493,578,466,419,442,397,469,0
2,1768494463792,995,555,9983,18325,-57421,-15882,0,0,0,430,562,237,486,433,490,578,466,420,440,395,469,0
2,1768494463808,995,555,9973,19547,-56199,-17104,0,0,0,428,560,234,490,439,494,576,465,418,452,399,470,0
2,1768494463824,995,564,9973,19547,-56199,-15882,0,0,0,427,561,234,488,435,492,573,462,412,471,402,465,0
2,1768494463840,995,569,9983,20769,-57421,-15882,0,0,0,427,561,235,485,433,490,574,463,414,441,398,471,0
2,1768494463856,1000,569,9997,25656,-58643,-17104,0,0,0,427,560,234,485,433,490,572,459,410,441,398,471,0
2,1768494463872,985,559,9992,29321,-57421,-17104,0,0,0,426,559,234,490,439,493,572,460,411,442,398,471,0
2,1768494463888,985,559,9987,30543,-57421,-18325,0,0,0,426,559,236,487,435,493,575,463,414,440,395,469,0
2,1768494463904,995,555,9983,31764,-57421,-18325,0,0,0,426,559,233,489,435,494,579,469,415,417,369,476,0
2,1768494463920,990,555,9983,30543,-57421,-18325,0,0,0,428,559,235,488,436,493,580,468,417,420,372,476,0
2,1768494463936,990,559,9992,30543,-57421,-18325,0,0,0,429,560,236,490,440,495,582,471,418,403,355,473,0
2,1768494463952,995,559,9997,31764,-57421,-18325,0,0,0,425,557,232,488,438,493,578,467,415,410,362,474,0
2,1768494463968,995,555,9997,32986,-57421,-18325,0,0,0,426,558,233,491,441,497,581,471,417,391,342,479,0
2,1768494463984,1000,550,9992,34208,-57421,-18325,0,0,0,428,559,235,493,441,498,582,471,418,387,338,479,0
2,1768494464000,995,550,9987,32986,-57421,-18325,0,0,0,427,558,234,488,436,493,580,467,418,409,359,476,0
2,1768494464016,995,550,9987,29321,-57421,-18325,0,0,0,426,558,235,485,433,490,581,467,420,408,358,477,0
2,1768494464032,995,545,9978,25656,-57421,-18325,0,0,0,427,559,235,486,435,491,577,462,414,404,355,473,0
2,1768494464048,990,540,9978,24434,-58643,-17104,0,0,0,427,559,233,489,438,495,573,457,411,401,350,476,0
2,1768494464064,985,540,9978,23212,-58643,-17104,0,0,0,430,561,233,491,442,497,577,462,413,362,309,485,0
2,1768494464080,995,545,9987,23212,-58643,-17104,0,0,0,432,563,238,489,439,493,582,463,420,370,319,485,0
2,1768494464096,1000,550,9992,24434,-58643,-17104,0,0,0,431,563,237,489,438,493,583,463,418,371,316,488,0
2,1768494464112,995,545,9997,28099,-58643,-18325,0,0,0,428,559,233,489,440,494,583,467,418,369,317,487,0
2,1768494464128,995,536,9992,30543,-58643,-18325,0,0,0,429,562,236,489,439,494,576,453,417,426,377,477,0
2,1768494464144,995,536,9992,32986,-58643,-18325,0,0,0,432,563,240,491,440,495,582,458,420,390,339,484,0
2,1768494464160,995,531,9997,35430,-58643,-18325,0,0,0,433,561,237,493,442,496,583,463,421,395,322,487,0
2,1768494464176,990,531,10002,35430,-58643,-18325,0,0,0,433,562,237,492,441,495,580,459,418,388,320,489,0
2,1768494464192,990,531,9992,32986,-58643,-17104,0,0,0,433,563,238,490,439,494,580,458,417,363,311,490,0
2,1768494464208,995,526,9987,30543,-58643,-17104,0,0,0,432,562,235,491,440,494,584,462,421,359,307,489,0
2,1768494464224,990,526,9987,28099,-58643,-17104,0,0,0,429,559,233,493,443,497,585,463,423,359,307,491,0
2,1768494464240,990,526,9987,24434,-58643,-17104,0,0,0,428,559,233,494,444,498,583,461,420,358,307,492,0
2,1768494464256,995,531,9987,21991,-58643,-17104,0,0,0,434,564,240,491,440,496,580,458,418,359,306,494,0
2,1768494464272,1005,536,9997,21991,-58643,-17104,0,0,0,429,559,231,486,434,491,584,462,422,353,300,489,0
2,1768494464288,1000,526,9997,23212,-58643,-17104,0,0,0,428,560,234,491,439,494,584,463,421,353,300,490,0
2,1768494464304,995,526,9987,25656,-58643,-15882,0,0,0,430,561,234,493,442,496,583,462,420,356,304,490,0
2,1768494464320,995,526,9983,26878,-58643,-17104,0,0,0,432,562,237,494,443,498,584,463,423,357,306,491,0
2,1768494464336,995,526,9983,25656,-58643,-17104,0,0,0,432,561,234,490,439,493,584,463,423,357,306,491,0
2,1768494464352,1000,526,9987,25656,-58643,-17104,0,0,0,435,562,235,491,439,494,582,461,420,357,304,491,0
2,1768494464368,995,526,9992,25656,-58643,-17104,0,0,0,437,563,236,493,440,495,582,461,420,361,307,492,0
2,1768494464384,985,526,9997,26878,-58643,-18325,0,0,0,434,560,233,494,440,495,583,462,420,380,311,490,0
2,1768494464400,985,526,10002,25656,-58643,-19547,0,0,0,432,559,231,497,443,498,583,462,419,377,310,491,0
2,1768494464416,990,526,9997,25656,-57421,-18325,0,0,0,434,559,231,496,442,497,582,461,418,357,305,493,0
2,1768494464432,995,521,9987,24434,-57421,-17104,0,0,0,435,561,233,491,437,493,583,462,420,354,300,490,0
2,1768494464448,995,521,9992,23212,-57421,-17104,0,0,0,438,562,237,494,442,497,585,464,423,352,301,488,0
2,1768494464464,995,526,9997,23212,-57421,-17104,0,0,0,437,563,236,494,441,495,582,462,420,352,303,490,0
2,1768494464480,1005,531,9997,26878,-58643,-18325,0,0,0,437,561,233,495,441,495,583,460,421,353,298,488,0
2,1768494464496,1000,521,9987,28099,-57421,-17104,0,0,0,438,563,237,496,442,496,579,457,418,361,308,494,0
2,1768494464512,995,512,9978,28099,-57421,-17104,0,0,0,438,563,234,493,439,493,584,461,421,361,306,494,0
2,1768494464528,990,516,9983,25656,-57421,-18325,0,0,0,437,562,233,493,439,494,582,459,420,359,305,492,0
2,1768494464544,990,526,9997,23212,-57421,-18325,0,0,0,439,563,236,496,444,498,582,459,420,358,301,492,0
2,1768494464560,995,526,10002,23212,-57421,-17104,0,0,0,437,561,234,493,439,494,582,460,417,358,303,494,0
2,1768494464576,981,516,9997,23212,-57421,-15882,0,0,0,435,562,233,489,436,491,582,461,418,356,302,492,0
2,1768494464592,981,512,9997,23212,-57421,-15882,0,0,0,435,563,235,490,437,492,584,463,421,353,299,488,0
2,1768494464608,1000,512,9997,21991,-58643,-15882,0,0,0,435,563,238,492,438,494,586,465,424,355,301,489,0
2,1768494464624,990,512,9997,21991,-58643,-15882,0,0,0,435,562,236,492,438,494,586,464,424,359,305,492,0
2,1768494464640,990,516,9997,21991,-58643,-15882,0,0,0,435,562,236,490,436,492,583,461,420,360,306,493,0
2,1768494464656,990,516,10002,21991,-58643,-15882,0,0,0,436,562,237,491,437,492,570,455,421,359,304,490,0
2,1768494464672,995,512,10002,23212,-58643,-17104,0,0,0,433,560,234,491,437,492,547,448,424,353,300,487,0
2,1768494464688,995,512,9992,23212,-57421,-17104,0,0,0,433,560,237,494,441,496,585,463,422,349,296,485,0
2,1768494464704,990,512,9992,21991,-57421,-17104,0,0,0,434,562,238,495,441,497,588,467,425,359,304,491,0
2,1768494464720,985,512,9992,19547,-57421,-15882,0,0,0,435,563,238,493,441,496,580,461,422,359,302,490,0
2,1768494464736,990,516,9992,18325,-58643,-14660,0,0,0,435,563,240,492,439,494,585,463,424,358,303,488,0
2,1768494464752,990,512,9992,18325,-58643,-14660,0,0,0,433,560,234,496,442,498,586,464,424,358,304,489,0
2,1768494464768,981,512,9992,18325,-57421,-15882,0,0,0,435,562,235,493,439,497,584,464,422,362,308,490,0
2,1768494464784,981,516,9997,17104,-57421,-17104,0,0,0,435,561,235,484,477,480,586,466,423,364,309,493,0
2,1768494464800,981,521,10002,17104,-57421,-17104,0,0,0,432,559,233,488,462,488,583,463,420,361,307,492,0
2,1768494464816,995,526,10002,19547,-57421,-15882,0,0,0,434,561,235,495,442,498,583,464,420,362,308,492,0
2,1768494464832,995,526,10002,20769,-57421,-15882,0,0,0,435,561,234,491,439,495,585,465,421,366,311,492,0
2,1768494464848,985,526,10002,23212,-57421,-17104,0,0,0,434,562,235,488,436,491,585,464,421,365,310,491,0
2,1768494464864,981,521,10002,25656,-57421,-18325,0,0,0,438,564,241,491,437,493,586,466,423,361,309,490,0
2,1768494464880,981,516,10002,26878,-57421,-17104,0,0,0,437,562,237,493,440,495,588,468,427,361,308,489,0
2,1768494464896,985,516,10002,26878,-57421,-17104,0,0,0,437,563,239,491,439,493,584,464,425,369,309,488,0
2,1768494464912,990,516,9997,29321,-57421,-18325,0,0,0,436,561,237,492,440,498,586,465,424,401,321,485,0
2,1768494464928,985,516,9997,30543,-58643,-17104,0,0,0,437,564,240,494,443,499,580,457,419,369,315,494,0
2,1768494464944,981,516,10007,32986,-58643,-17104,0,0,0,439,565,242,498,447,504,581,460,422,366,312,496,0
2,1768494464960,981,516,9997,32986,-58643,-17104,0,0,0,439,565,240,493,443,500,579,457,422,364,310,492,0
2,1768494464976,990,512,9992,31764,-58643,-17104,0,0,0,437,564,238,495,443,501,582,458,423,364,313,492,0
2,1768494464992,995,512,9992,31764,-58643,-18325,0,0,0,433,560,235,491,440,497,580,457,422,365,314,494,0
2,1768494465008,995,512,9997,31764,-58643,-19547,0,0,0,436,560,234,495,441,498,580,456,422,365,311,493,0
2,1768494465024,985,502,10002,32986,-58643,-19547,0,0,0,438,561,235,494,440,497,581,456,424,368,312,493,0
2,1768494465040,981,497,10002,31764,-58643,-18325,0,0,0,440,562,238,496,442,499,581,457,425,369,313,492,0
2,1768494465056,981,497,9992,29321,-58643,-18325,0,0,0,440,563,239,496,443,499,580,456,423,366,311,491,0
2,1768494465072,990,497,9992,26878,-57421,-18325,0,0,0,437,561,239,494,441,497,580,455,421,365,310,492,0
2,1768494465088,990,497,9992,25656,-57421,-17104,0,0,0,437,560,241,495,440,500,580,454,423,365,310,493,0
2,1768494465104,985,502,9992,25656,-57421,-15882,0,0,0,439,562,240,495,439,500,579,453,425,365,309,492,0
2,1768494465120,990,502,9992,24434,-57421,-15882,0,0,0,437,561,237,496,440,501,578,454,422,369,313,494,0
2,1768494465136,995,507,10002,24434,-57421,-17104,0,0,0,438,562,239,491,434,495,580,454,422,364,307,492,0
2,1768494465152,1000,502,10007,24434,-56199,-18325,0,0,0,437,561,237,490,433,496,580,454,423,361,307,491,0
2,1768494465168,985,497,10002,24434,-56199,-18325,0,0,0,437,561,239,489,433,495,578,452,421,363,310,493,0
2,1768494465184,985,492,10002,24434,-56199,-18325,0,0,0,440,563,240,496,440,501,580,455,423,366,309,494,0
2,1768494465200,990,492,10002,25656,-56199,-17104,0,0,0,442,564,240,495,437,500,581,456,425,367,312,495,0
2,1768494465216,995,497,10007,26878,-56199,-17104,0,0,0,441,562,239,494,437,498,580,456,423,369,313,497,0
2,1768494465232,990,492,10002,26878,-57421,-17104,0,0,0,440,561,235,494,439,497,576,451,419,368,311,497,0
2,1768494465248,990,488,10002,26878,-57421,-17104,0,0,0,440,561,236,494,439,497,579,454,422,364,306,495,0
2,1768494465264,990,492,10002,29321,-58643,-18325,0,0,0,440,561,238,495,439,499,581,456,426,358,301,492,0
2,1768494465280,990,492,10007,30543,-58643,-17104,0,0,0,441,562,238,497,440,501,581,455,426,358,301,492,0
2,1768494465296,981,488,10002,31764,-58643,-15882,0,0,0,443,562,238,490,468,485,582,455,427,364,304,496,0
2,1768494465312,981,488,9997,29321,-58643,-17104,0,0,0,445,563,238,481,495,468,582,453,425,363,305,497,0
2,1768494465328,985,488,9997,29321,-58643,-17104,0,0,0,440,560,235,489,433,493,579,449,423,361,303,495,0
2,1768494465344,990,483,10002,30543,-58643,-17104,0,0,0,440,559,234,490,433,495,579,448,423,359,302,493,0
2,1768494465360,995,478,10007,31764,-59864,-17104,0,0,0,445,562,237,492,436,496,579,447,425,354,296,490,0
2,1768494465376,990,478,10007,31764,-58643,-17104,0,0,0,445,563,243,491,435,497,579,446,425,360,300,496,0
2,1768494465392,981,483,9997,31764,-57421,-18325,0,0,0,445,563,241,491,435,497,583,451,429,359,300,497,0
2,1768494465408,981,483,9992,32986,-57421,-18325,0,0,0,444,560,235,485,431,492,576,445,424,362,301,498,0
2,1768494465424,985,478,9992,32986,-58643,-18325,0,0,0,444,561,238,488,431,494,580,445,424,467,336,479,0
2,1768494465440,990,483,9997,31764,-58643,-18325,0,0,0,443,560,241,494,437,501,577,445,426,386,304,494,0
2,1768494465456,981,473,9997,28099,-58643,-17104,0,0,0,447,562,245,499,444,507,576,445,426,360,297,507,0
2,1768494465472,985,464,9997,26878,-57421,-15882,0,0,0,447,562,243,494,440,503,577,445,426,359,298,505,0
2,1768494465488,990,464,10002,26878,-57421,-15882,0,0,0,445,561,240,493,437,501,578,448,425,354,291,500,0
2,1768494465504,990,469,10011,26878,-58643,-17104,0,0,0,444,560,238,493,437,500,577,446,422,354,292,499,0
2,1768494465520,985,464,10021,26878,-58643,-18325,0,0,0,444,560,239,494,437,501,577,444,422,360,299,501,0
2,1768494465536,985,459,10011,26878,-57421,-17104,0,0,0,447,562,242,497,440,504,578,446,425,360,300,499,0
2,1768494465552,985,459,9997,25656,-57421,-15882,0,0,0,449,564,244,494,437,500,576,443,423,355,296,497,0
2,1768494465568,985,469,9997,23212,-58643,-15882,0,0,0,448,563,243,498,441,503,576,443,423,359,295,500,0
2,1768494465584,985,469,9997,20769,-58643,-14660,0,0,0,445,561,241,498,440,503,578,446,424,356,295,499,0
2,1768494465600,990,469,10002,19547,-58643,-15882,0,0,0,446,563,242,498,439,503,578,446,424,356,295,501,0
2,1768494465616,985,464,10002,18325,-57421,-15882,0,0,0,443,559,238,493,436,499,576,444,422,361,299,503,0
2,1768494465632,981,464,10002,15882,-57421,-15882,0,0,0,449,565,244,495,438,500,583,450,427,363,302,503,0
2,1768494465648,981,469,10007,14660,-56199,-14660,0,0,0,448,563,240,491,434,496,578,446,423,357,300,498,0
2,1768494465664,981,469,10007,14660,-56199,-14660,0,0,0,449,564,244,491,434,498,580,446,425,361,301,501,0
2,1768494465680,985,478,10007,15882,-56199,-14660,0,0,0,450,565,246,495,438,501,578,446,424,359,298,499,0
2,1768494465696,990,488,10007,19547,-57421,-17104,0,0,0,449,564,243,495,439,501,575,443,420,361,300,502,0
2,1768494465712,981,478,10007,19547,-57421,-17104,0,0,0,447,563,242,495,439,503,536,431,425,358,298,501,0
2,1768494465728,976,469,10011,20769,-56199,-17104,0,0,0,448,564,243,497,440,503,541,433,423,356,296,499,0
2,1768494465744,976,469,10007,20769,-56199,-17104,0,0,0,450,565,243,495,437,500,575,442,420,358,297,499,0
2,1768494465760,981,469,10002,19547,-57421,-17104,0,0,0,449,564,242,493,435,498,578,444,423,360,299,499,0
2,1768494465776,985,473,9997,18325,-57421,-17104,0,0,0,447,562,240,495,437,500,578,445,423,361,302,502,0
2,1768494465792,985,473,10002,18325,-57421,-15882,0,0,0,445,562,238,492,435,497,578,447,424,364,304,503,0
2,1768494465808,985,473,10016,19547,-57421,-14660,0,0,0,450,565,245,494,435,501,577,445,421,362,302,499,0
2,1768494465824,976,469,10016,19547,-57421,-14660,0,0,0,447,563,245,495,437,502,577,444,421,363,301,499,0
2,1768494465840,971,469,10011,19547,-57421,-14660,0,0,0,446,562,240,499,440,505,581,450,427,367,306,501,0
2,1768494465856,976,469,9992,17104,-56199,-15882,0,0,0,451,567,247,496,439,502,581,448,426,362,303,497,0
2,1768494465872,981,469,9992,15882,-56199,-14660,0,0,0,446,562,239,499,443,506,582,450,427,364,303,499,0
2,1768494465888,981,469,10002,15882,-56199,-14660,0,0,0,443,560,240,497,440,504,578,445,422,364,305,498,0
2,1768494465904,971,469,10007,15882,-57421,-14660,0,0,0,445,562,241,496,440,503,576,443,419,362,304,499,0
2,1768494465920,976,473,10002,17104,-56199,-14660,0,0,0,443,561,237,494,437,501,575,443,419,363,304,501,0
2,1768494465936,990,473,9997,19547,-56199,-15882,0,0,0,444,562,238,491,460,493,577,445,423,362,302,499,0
2,1768494465952,990,473,9992,18325,-56199,-15882,0,0,0,446,564,242,492,463,495,579,447,426,361,302,499,0
2,1768494465968,990,473,9992,17104,-56199,-14660,0,0,0,443,563,239,496,439,504,579,448,426,361,302,499,0
2,1768494465984,981,473,9997,15882,-56199,-14660,0,0,0,440,559,235,495,440,503,578,448,424,361,302,498,0
2,1768494466000,971,478,10002,15882,-56199,-14660,0,0,0,445,562,240,498,442,505,579,448,425,365,309,502,0
2,1768494466016,971,483,10002,15882,-57421,-14660,0,0,0,447,565,243,491,434,498,581,450,428,361,302,500,0
2,1768494466032,976,478,9997,15882,-57421,-14660,0,0,0,445,562,239,496,438,504,580,450,426,358,300,498,0
2,1768494466048,976,478,9997,17104,-57421,-15882,0,0,0,445,562,244,492,436,501,579,449,425,361,305,500,0
2,1768494466064,976,488,10007,20769,-57421,-15882,0,0,0,440,559,236,495,437,505,572,446,425,356,299,495,0
2,1768494466080,981,488,10002,20769,-57421,-15882,0,0,0,446,562,242,496,438,503,578,449,425,362,304,498,0
2,1768494466096,990,483,10002,21991,-57421,-15882,0,0,0,444,562,242,497,441,506,577,447,423,363,305,499,0
2,1768494466112,990,483,10011,24434,-57421,-15882,0,0,0,447,564,245,496,438,503,580,450,426,361,303,499,0
2,1768494466128,981,483,10007,24434,-57421,-15882,0,0,0,443,560,241,498,440,506,579,448,427,363,305,499,0
2,1768494466144,976,478,9997,24434,-57421,-15882,0,0,0,445,561,241,497,438,505,577,446,424,364,304,500,0
2,1768494466160,976,473,9997,23212,-57421,-15882,0,0,0,446,563,244,494,435,502,581,451,429,363,302,500,0
2,1768494466176,976,478,10007,23212,-57421,-17104,0,0,0,446,563,246,494,436,503,583,453,431,363,302,499,0
2,1768494466192,981,483,10011,23212,-57421,-17104,0,0,0,446,563,244,497,439,507,581,450,428,363,305,498,0
2,1768494466208,985,488,10002,23212,-57421,-17104,0,0,0,443,561,239,497,441,507,579,449,427,365,307,499,0
2,1768494466224,976,483,9992,23212,-57421,-17104,0,0,0,444,561,240,492,437,501,577,449,425,366,308,499,0
2,1768494466240,976,478,9992,23212,-57421,-17104,0,0,0,447,562,243,489,433,499,577,449,425,365,308,501,0
2,1768494466256,985,473,9997,21991,-57421,-17104,0,0,0,443,559,239,496,439,506,579,448,426,365,307,500,0
2,1768494466272,990,473,10007,21991,-57421,-17104,0,0,0,448,565,246,494,438,503,578,448,426,365,306,498,0
2,1768494466288,976,478,10002,21991,-57421,-17104,0,0,0,445,563,242,496,440,504,575,446,424,363,303,497,0
2,1768494466304,976,492,10007,21991,-57421,-17104,0,0,0,445,563,242,496,440,504,579,449,427,363,304,497,0
2,1768494466320,981,492,10011,24434,-57421,-15882,0,0,0,442,559,239,499,442,507,576,448,423,364,306,498,0
2,1768494466336,976,483,10011,24434,-57421,-15882,0,0,0,446,562,243,495,438,503,575,446,424,360,301,495,0
2,1768494466352,971,478,10007,25656,-57421,-15882,0,0,0,445,561,241,493,437,502,574,444,422,360,303,497,0
2,1768494466368,976,473,9997,26878,-57421,-17104,0,0,0,447,563,242,495,437,503,577,447,425,362,305,498,0
2,1768494466384,981,473,9992,25656,-57421,-17104,0,0,0,448,564,244,496,438,505,578,448,427,363,305,498,0
2,1768494466400,985,473,9987,20769,-57421,-17104,0,0,0,446,563,244,494,437,505,578,448,426,363,304,499,0
2,1768494466416,985,478,9987,18325,-57421,-17104,0,0,0,446,563,243,493,436,503,578,449,426,364,305,500,0
2,1768494466432,981,483,9992,17104,-57421,-15882,0,0,0,446,563,243,495,438,504,577,447,424,363,305,499,0
2,1768494466448,971,488,9997,17104,-57421,-15882,0,0,0,445,562,243,496,440,506,579,450,426,362,304,498,0
2,1768494466464,976,478,10002,17104,-56199,-15882,0,0,0,444,561,240,496,438,505,578,450,426,361,304,494,0
2,1768494466480,985,478,9997,15882,-56199,-15882,0,0,0,449,565,246,496,440,505,577,448,424,363,306,496,0
2,1768494466496,985,483,9997,14660,-56199,-15882,0,0,0,449,565,248,500,445,508,579,450,427,364,305,496,0
2,1768494466512,981,492,10002,13439,-56199,-15882,0,0,0,446,563,244,495,439,504,581,453,429,366,307,500,0
2,1768494466528,985,497,10007,14660,-56199,-15882,0,0,0,449,566,246,492,489,488,581,451,428,366,308,499,0
2,1768494466544,985,492,10007,14660,-56199,-14660,0,0,0,449,565,246,494,447,501,583,453,431,364,304,496,0
2,1768494466560,985,483,10007,15882,-54977,-14660,0,0,0,447,564,242,495,438,504,578,450,427,362,305,496,0
2,1768494466576,985,478,9992,17104,-54977,-14660,0,0,0,447,564,242,496,439,504,576,449,425,377,312,498,0
2,1768494466592,985,478,9992,15882,-56199,-15882,0,0,0,451,564,244,494,436,502,576,448,424,371,310,498,0
2,1768494466608,990,488,10002,15882,-56199,-14660,0,0,0,452,561,243,497,438,505,577,449,424,365,307,498,0
2,1768494466624,985,492,10007,18325,-56199,-14660,0,0,0,452,560,242,498,440,507,578,451,424,366,306,497,0
2,1768494466640,981,492,10002,19547,-56199,-15882,0,0,0,452,560,242,497,439,505,579,451,425,364,305,496,0
2,1768494466656,981,492,10002,20769,-56199,-17104,0,0,0,451,558,241,498,440,505,581,453,427,365,306,497,0
2,1768494466672,985,492,10002,21991,-57421,-17104,0,0,0,452,560,243,497,440,505,580,453,426,365,306,496,0
2,1768494466688,985,488,10002,21991,-57421,-17104,0,0,0,449,557,240,498,440,506,577,447,423,367,309,497,0
2,1768494466704,976,483,10002,21991,-57421,-15882,0,0,0,452,559,241,494,436,503,580,453,427,366,307,497,0
2,1768494466720,976,483,9992,23212,-57421,-15882,0,0,0,452,559,241,496,441,504,580,453,427,367,311,498,0
2,1768494466736,981,488,9997,23212,-56199,-17104,0,0,0,452,559,242,500,443,507,581,454,430,367,309,498,0
2,1768494466752,985,483,10007,23212,-56199,-17104,0,0,0,455,562,245,497,440,505,579,451,427,361,301,492,0
2,1768494466768,981,483,10016,21991,-57421,-18325,0,0,0,451,558,242,498,440,505,579,452,427,364,305,495,0
2,1768494466784,976,483,10011,21991,-56199,-15882,0,0,0,453,561,242,498,440,505,579,450,425,365,307,496,0
2,1768494466800,981,483,10002,21991,-56199,-15882,0,0,0,454,562,244,498,440,505,577,450,424,366,308,497,0
2,1768494466816,990,488,10002,23212,-56199,-15882,0,0,0,452,559,243,498,441,506,580,453,428,366,306,497,0
2,1768494466832,990,488,10007,24434,-56199,-15882,0,0,0,456,561,245,499,442,506,581,453,429,364,305,496,0
2,1768494466848,981,483,10002,24434,-56199,-17104,0,0,0,459,564,247,498,439,506,573,447,424,361,303,495,0
2,1768494466864,981,473,9997,21991,-56199,-15882,0,0,0,457,562,245,497,438,505,573,448,424,361,303,495,0
2,1768494466880,981,478,9997,20769,-56199,-14660,0,0,0,456,562,244,497,440,505,582,456,429,364,306,497,0
2,1768494466896,981,497,10002,19547,-56199,-15882,0,0,0,457,563,246,495,439,504,579,451,426,364,307,497,0
2,1768494466912,985,488,10002,19547,-56199,-15882,0,0,0,459,565,249,497,439,505,576,448,424,367,308,497,0
2,1768494466928,990,483,10011,20769,-56199,-17104,0,0,0,453,560,241,498,439,506,576,448,421,382,313,498,0
2,1768494466944,981,483,10011,20769,-56199,-17104,0,0,0,454,560,245,498,438,506,583,456,430,365,308,498,0
2,1768494466960,981,488,10011,20769,-56199,-17104,0,0,0,455,561,245,499,444,509,580,452,426,365,308,496,0
2,1768494466976,990,488,10016,23212,-56199,-17104,0,0,0,455,561,246,499,441,507,580,453,426,363,308,496,0
2,1768494466992,990,488,10007,24434,-56199,-17104,0,0,0,454,559,242,495,437,504,578,450,425,363,307,497,0
2,1768494467008,990,478,10002,25656,-57421,-17104,0,0,0,454,560,242,496,439,505,580,452,428,365,308,500,0
2,1768494467024,990,478,9997,25656,-56199,-17104,0,0,0,454,561,243,498,440,507,581,453,429,365,307,499,0
2,1768494467040,995,478,9997,25656,-56199,-17104,0,0,0,452,559,240,495,437,506,581,452,427,363,306,496,0
2,1768494467056,990,478,10002,25656,-56199,-17104,0,0,0,453,559,240,497,439,507,580,451,425,364,308,497,0
2,1768494467072,981,483,10002,25656,-57421,-15882,0,0,0,454,560,242,499,441,508,581,452,426,365,309,498,0
2,1768494467088,981,488,10002,25656,-56199,-15882,0,0,0,454,560,241,496,437,504,583,454,429,362,308,496,0
2,1768494467104,981,483,10002,24434,-56199,-17104,0,0,0,453,560,240,495,437,504,583,454,428,364,309,497,0
2,1768494467120,981,483,10002,24434,-56199,-17104,0,0,0,451,557,240,503,444,512,581,451,425,369,313,501,0
2,1768494467136,981,478,10002,23212,-56199,-17104,0,0,0,454,560,243,500,440,510,580,450,425,364,308,495,0
2,1768494467152,981,473,9997,23212,-56199,-15882,0,0,0,457,563,247,496,440,506,577,449,423,367,309,498,0
2,1768494467168,985,478,9997,24434,-56199,-15882,0,0,0,453,560,243,500,441,509,582,452,427,369,313,498,0
2,1768494467184,990,488,10007,24434,-56199,-17104,0,0,0,450,560,242,500,441,509,583,453,430,365,308,496,0
2,1768494467200,985,488,10002,24434,-56199,-17104,0,0,0,452,563,248,499,441,509,577,448,423,364,310,496,0
2,1768494467216,985,483,9992,24434,-57421,-15882,0,0,0,449,563,248,498,442,509,580,451,426,366,311,495,0
2,1768494467232,985,478,9992,21991,-57421,-15882,0,0,0,447,561,245,495,438,505,579,448,423,365,311,496,0
2,1768494467248,985,478,9992,20769,-57421,-15882,0,0,0,448,561,246,497,440,507,579,448,423,365,310,496,0
2,1768494467264,985,483,10002,20769,-56199,-15882,0,0,0,451,563,247,499,442,510,581,451,426,434,332,483,0
2,1768494467280,985,478,10002,19547,-56199,-15882,0,0,0,452,564,247,495,439,507,581,452,426,431,332,484,0
2,1768494467296,981,469,10002,18325,-56199,-15882,0,0,0,449,561,245,494,437,506,581,451,426,366,313,496,0
2,1768494467312,985,473,10007,18325,-56199,-15882,0,0,0,446,560,243,496,440,508,584,453,429,365,312,496,0
2,1768494467328,985,473,10007,18325,-56199,-15882,0,0,0,449,562,244,494,438,505,584,454,430,363,309,495,0
2,1768494467344,990,478,10002,19547,-56199,-15882,0,0,0,448,562,243,494,438,506,582,453,427,366,309,497,0
2,1768494467360,990,478,10002,21991,-56199,-14660,0,0,0,448,561,243,496,441,507,583,454,428,364,306,496,0
2,1768494467376,990,483,10002,24434,-57421,-14660,0,0,0,448,562,244,497,442,509,582,453,428,364,308,497,0
2,1768494467392,990,483,10007,26878,-56199,-17104,0,0,0,448,562,245,501,446,512,581,452,428,364,308,497,0
2,1768494467408,976,478,10007,26878,-56199,-17104,0,0,0,451,565,249,500,443,511,583,455,429,365,310,497,0
2,1768494467424,976,478,10002,25656,-56199,-18325,0,0,0,451,565,247,499,443,511,566,448,430,363,307,497,0
2,1768494467440,981,473,10002,25656,-56199,-17104,0,0,0,451,565,248,496,441,508,577,451,428,363,309,497,0
2,1768494467456,985,469,10002,25656,-57421,-17104,0,0,0,450,563,247,499,443,510,586,456,433,366,311,498,0
2,1768494467472,981,469,9992,24434,-56199,-17104,0,0,0,447,562,244,499,442,509,584,455,432,368,311,498,0
2,1768494467488,981,469,9992,20769,-56199,-15882,0,0,0,449,564,247,495,439,506,579,452,427,365,310,497,0
2,1768494467504,985,473,9997,19547,-56199,-15882,0,0,0,449,565,248,492,437,504,580,452,427,366,311,498,0
2,1768494467520,985,478,10002,18325,-56199,-14660,0,0,0,447,563,246,490,435,502,583,453,428,368,313,500,0
2,1768494467536,985,473,10007,17104,-56199,-14660,0,0,0,447,562,245,491,436,502,582,453,428,365,312,499,0
2,1768494467552,985,473,10007,17104,-56199,-14660,0,0,0,447,563,244,497,440,508,584,454,430,365,311,498,0
2,1768494467568,985,478,10002,18325,-57421,-14660,0,0,0,451,566,250,500,443,512,581,451,430,366,311,497,0
2,1768494467584,985,483,9997,19547,-57421,-14660,0,0,0,449,564,247,499,443,511,584,455,429,367,311,499,0
2,1768494467600,990,483,9992,20769,-57421,-14660,0,0,0,443,559,240,497,440,508,584,454,428,370,313,495,0
2,1768494467616,981,478,9997,20769,-57421,-14660,0,0,0,448,563,244,497,441,509,577,452,427,495,358,479,0
2,1768494467632,976,478,10002,19547,-57421,-14660,0,0,0,444,559,242,495,440,508,585,458,432,381,318,497,0
2,1768494467648,976,483,10007,20769,-57421,-15882,0,0,0,444,561,243,496,440,508,581,452,426,368,314,503,0
2,1768494467664,976,483,10007,20769,-56199,-15882,0,0,0,448,562,246,498,442,510,583,453,428,367,311,502,0
2,1768494467680,981,483,10007,20769,-56199,-15882,0,0,0,447,563,245,499,443,511,583,454,429,367,311,501,0
2,1768494467696,981,483,10007,20769,-57421,-15882,0,0,0,447,563,246,500,443,512,583,454,429,365,311,499,0
2,1768494467712,985,478,10011,20769,-57421,-17104,0,0,0,449,564,247,500,445,511,585,457,431,364,311,500,0
2,1768494467728,990,478,10011,20769,-57421,-17104,0,0,0,450,566,247,499,444,511,584,455,429,362,309,499,0
2,1768494467744,990,478,9997,20769,-57421,-17104,0,0,0,448,565,246,497,441,510,579,449,424,359,305,497,0
2,1768494467760,985,483,9997,20769,-56199,-17104,0,0,0,446,561,244,497,440,509,576,447,422,359,305,497,0
2,1768494467776,981,483,10002,23212,-56199,-17104,0,0,0,449,562,246,497,453,507,579,449,423,365,308,500,0
2,1768494467792,981,478,9997,24434,-56199,-17104,0,0,0,447,562,245,492,489,493,585,456,431,365,312,500,0
2,1768494467808,981,473,9987,23212,-58643,-15882,0,0,0,447,563,245,495,438,507,581,452,426,364,309,500,0
2,1768494467824,976,473,9987,20769,-58643,-15882,0,0,0,448,564,245,490,435,503,582,453,427,367,311,502,0
2,1768494467840,981,473,9997,20769,-57421,-15882,0,0,0,443,559,242,499,443,513,580,451,426,362,306,498,0
2,1768494467856,995,483,10007,21991,-56199,-17104,0,0,0,443,559,243,494,438,506,582,454,427,364,311,500,0
2,1768494467872,995,483,10007,23212,-56199,-17104,0,0,0,447,562,246,498,442,510,576,447,422,364,310,500,0
2,1768494467888,990,483,10011,25656,-58643,-17104,0,0,0,449,564,247,497,441,510,576,447,422,364,309,498,0
2,1768494467904,981,473,10007,25656,-58643,-17104,0,0,0,448,563,245,497,442,510,579,449,425,366,312,500,0
2,1768494467920,981,473,9997,25656,-58643,-18325,0,0,0,445,559,242,497,441,508,580,450,426,369,314,503,0
2,1768494467936,985,478,9992,25656,-57421,-17104,0,0,0,448,562,245,496,439,507,579,451,425,368,312,502,0
2,1768494467952,985,478,9992,24434,-57421,-17104,0,0,0,451,566,247,495,439,508,580,452,425,364,308,499,0
2,1768494467968,981,473,10002,24434,-57421,-18325,0,0,0,450,565,244,497,440,508,582,453,429,362,306,498,0
2,1768494467984,981,469,10016,23212,-57421,-17104,0,0,0,450,564,245,496,441,509,582,453,430,362,307,498,0
2,1768494468000,985,469,10016,23212,-58643,-17104,0,0,0,444,558,240,494,439,507,585,455,433,362,306,497,0
2,1768494468016,995,483,10007,24434,-57421,-15882,0,0,0,450,563,246,499,443,510,583,454,432,362,306,497,0
2,1768494468032,985,483,9997,24434,-57421,-15882,0,0,0,450,563,246,498,442,509,578,446,424,369,311,503,0
2,1768494468048,981,473,9997,24434,-57421,-15882,0,0,0,453,565,249,497,442,509,581,452,429,366,310,503,0
2,1768494468064,981,473,9997,21991,-57421,-17104,0,0,0,446,559,242,491,435,504,575,450,429,364,306,500,0
2,1768494468080,976,478,9997,20769,-57421,-15882,0,0,0,445,559,241,495,438,507,581,451,429,368,313,500,0
2,1768494468096,981,473,9997,20769,-57421,-14660,0,0,0,449,563,248,497,441,509,582,452,427,365,310,499,0
2,1768494468112,985,469,9997,18325,-56199,-14660,0,0,0,450,564,249,494,439,507,585,454,431,361,305,497,0
2,1768494468128,985,478,9997,17104,-56199,-15882,0,0,0,450,563,249,494,439,507,585,453,429,366,309,501,0
2,1768494468144,976,483,10007,17104,-57421,-15882,0,0,0,450,562,247,494,439,506,585,452,428,365,308,501,0
2,1768494468160,971,478,10002,15882,-56199,-14660,0,0,0,448,561,245,491,435,504,583,451,426,364,307,499,0
2,1768494468176,976,473,9997,14660,-56199,-14660,0,0,0,446,561,245,492,436,505,580,450,424,362,308,497,0
2,1768494468192,985,473,10002,14660,-56199,-14660,0,0,0,447,561,246,496,441,508,580,450,424,359,307,495,0
2,1768494468208,990,469,10011,14660,-57421,-15882,0,0,0,449,561,248,494,439,505,582,451,427,367,313,499,0
2,1768494468224,981,473,10016,17104,-57421,-15882,0,0,0,452,564,250,498,443,510,583,453,427,367,311,498,0
2,1768494468240,981,483,10016,15882,-56199,-15882,0,0,0,452,562,247,497,454,505,587,458,429,372,316,501,0
2,1768494468256,981,488,10007,14660,-56199,-14660,0,0,0,456,570,255,491,501,485,586,457,429,373,317,500,0
2,1768494468272,981,488,9997,12217,-56199,-14660,0,0,0,445,561,247,503,446,513,585,459,429,374,317,498,0
2,1768494468288,981,483,9997,9773,-56199,-13439,0,0,0,448,564,249,501,446,511,582,452,424,369,313,491,0
2,1768494468304,981,483,9997,7330,-56199,-12217,0,0,0,443,560,239,494,438,504,582,451,424,363,309,490,0
2,1768494468320,990,488,10002,6108,-56199,-12217,0,0,0,445,562,242,496,440,506,583,455,423,368,313,492,0
2,1768494468336,990,492,10002,8552,-54977,-12217,0,0,0,443,560,240,497,441,507,583,453,417,369,314,492,0
2,1768494468352,985,492,10002,10995,-54977,-13439,0,0,0,442,560,244,494,439,504,582,453,414,369,312,491,0
2,1768494468368,981,483,9987,7330,-54977,-13439,0,0,0,443,562,243,490,437,499,579,452,411,369,313,488,0
2,1768494468384,976,483,9987,1221,-56199,-10995,0,0,0,441,563,243,489,436,496,579,454,411,371,315,485,0
2,1768494468400,976,488,9983,-3665,-54977,-8552,0,0,0,434,560,243,490,435,493,577,455,409,373,318,479,0
2,1768494468416,976,488,9968,-12217,-53756,-7330,0,0,0,425,555,236,489,435,492,574,452,402,373,321,474,0
2,1768494468432,976,502,9968,-21991,-52534,-7330,0,0,0,422,554,233,492,439,493,580,456,400,375,324,475,0
2,1768494468448,976,536,10002,-23212,-52534,-7330,0,0,0,425,557,238,494,438,494,582,456,400,370,319,472,0
2,1768494468464,990,555,10040,-9773,-54977,-7330,0,0,0,426,558,238,493,437,489,574,457,400,375,321,472,0
2,1768494468480,995,545,10050,10995,-56199,-12217,0,0,0,428,560,242,488,435,486,516,437,408,365,317,467,0
2,1768494468496,995,531,10031,28099,-57421,-13439,0,0,0,430,561,243,489,440,488,582,461,400,375,325,473,0
2,1768494468512,990,526,10002,32986,-59864,-15882,0,0,0,428,559,241,489,439,490,579,459,396,375,327,473,0
2,1768494468528,981,516,9978,26878,-59864,-14660,0,0,0,426,557,238,492,439,490,580,460,398,371,322,469,0
2,1768494468544,976,516,9973,19547,-58643,-14660,0,0,0,423,553,234,486,433,484,581,462,396,372,323,468,0
2,1768494468560,976,521,9978,10995,-58643,-13439,0,0,0,427,557,245,489,439,492,577,459,395,376,327,468,0
2,1768494468576,976,526,9978,3665,-58643,-12217,0,0,0,428,558,241,489,438,487,575,455,392,378,329,466,0
2,1768494468592,976,526,9978,0,-58643,-9773,0,0,0,428,559,241,490,439,487,576,457,391,375,326,462,0
2,1768494468608,976,545,9997,0,-57421,-9773,0,0,0,430,560,243,488,438,486,576,454,393,415,367,453,0
2,1768494468624,976,545,10011,3665,-56199,-9773,0,0,0,431,560,243,489,436,484,578,457,394,421,370,451,0
2,1768494468640,985,545,10007,7330,-56199,-12217,0,0,0,431,557,247,489,435,485,579,462,388,379,324,456,0
2,1768494468656,981,540,9987,2443,-56199,-10995,0,0,0,427,552,250,478,428,483,575,458,378,384,335,444,0
2,1768494468672,966,536,9983,-3665,-57421,-9773,0,0,0,421,548,243,473,425,480,572,457,378,413,371,428,0
2,1768494468688,957,540,9983,-17104,-54977,-6108,0,0,0,412,542,235,471,426,478,568,462,380,441,404,416,0
2,1768494468704,961,550,9997,-26878,-52534,-3665,0,0,0,405,540,230,464,422,470,562,462,378,443,404,407,0
2,1768494468720,985,579,10016,-28099,-50090,-3665,0,0,0,406,537,230,462,420,465,561,466,362,443,404,404,0
2,1768494468736,1005,603,10021,-12217,-53756,-4886,0,0,0,394,533,223,467,424,469,560,467,362,441,408,391,0
2,1768494468752,1005,593,10011,3665,-57421,-8552,0,0,0,393,530,223,466,415,457,567,468,361,453,426,379,0
2,1768494468768,981,559,9978,6108,-59864,-12217,0,0,0,394,525,229,454,406,448,553,466,358,462,441,367,0
2,1768494468784,966,555,9983,-4886,-52534,-10995,0,0,0,395,516,226,446,400,437,549,466,347,471,454,344,0
2,1768494468800,981,574,10031,-13439,-46425,-10995,0,0,0,388,508,218,441,395,430,551,478,344,448,434,332,0
2,1768494468816,1000,622,10054,-1221,-40317,-14660,0,0,0,383,506,213,439,394,425,545,481,336,438,427,333,0
2,1768494468832,1005,674,10064,32986,-40317,-18325,0,0,0,379,506,212,439,395,424,535,477,329,456,447,330,0
2,1768494468848,1005,684,10069,90408,-50090,-20769,0,0,0,376,506,210,441,397,426,533,476,331,465,454,327,0
2,1768494468864,1000,650,10035,141720,-69638,-21991,0,0,0,379,509,212,443,399,427,535,474,330,460,445,334,0
2,1768494468880,933,579,9897,156381,-91629,-20769,0,0,0,386,517,223,445,406,435,540,475,334,463,444,345,0
2,1768494468896,885,483,9672,92851,-97738,-7330,0,0,0,393,525,231,448,423,450,550,474,346,465,444,354,0
2,1768494468912,928,406,9643,-14660,-92851,1221,0,0,0,402,533,246,451,423,452,546,469,349,462,450,381,0
2,1768494468928,1057,564,10050,-45204,-96516,-4886,0,0,0,427,541,253,463,428,463,552,476,360,466,454,410,0
2,1768494468944,1091,794,10552,145385,-128281,-36651,0,0,0,455,552,256,475,443,469,540,478,359,462,450,438,0
2,1768494468960,1057,746,10610,390953,-201585,-63529,0,0,0,473,556,269,475,455,476,544,477,366,477,470,469,0
2,1768494468976,990,454,10059,514348,-301767,-79412,0,0,0,487,561,271,487,460,481,546,467,374,508,483,479,0
2,1768494468992,693,47,8834,309097,-320093,-76969,0,0,0,509,573,284,493,467,495,572,485,383,523,480,504,0
2,1768494469008,425,-95,8408,-84299,-228463,-36651,0,0,0,518,584,331,495,477,501,588,511,386,533,481,508,0
2,1768494469024,607,287,9667,-425162,-147829,23212,0,0,0,521,593,368,502,483,528,609,529,397,521,468,529,0
2,1768494469040,1048,894,11294,-199142,-197920,7330,0,0,0,543,611,383,497,495,533,613,530,405,512,460,548,0
2,1768494469056,1038,837,11289,210137,-194255,-56199,0,0,0,561,619,375,503,502,526,609,507,404,512,445,560,0
2,1768494469072,918,550,10878,410501,-101403,-96516,0,0,0,565,619,342,513,507,527,598,468,404,458,377,581,0
2,1768494469088,861,449,10940,524122,-29321,-119729,0,0,0,566,622,288,506,515,522,563,429,411,404,327,600,0
2,1768494469104,799,421,11581,693942,-19547,-119729,0,0,0,562,615,236,512,516,517,505,391,409,429,345,596,0
2,1768494469120,679,555,13586,1188743,0,-86742,0,0,0,561,605,222,525,515,519,432,336,399,340,237,587,0
2,1768494469136,732,976,16908,1990198,201585,-40317,0,0,0,555,589,224,504,512,508,339,228,411,301,200,592,0
2,1768494469152,1287,1584,20440,3280346,474031,-56199,0,0,0,534,566,216,463,480,483,297,157,370,273,176,554,0
2,1768494469168,1952,2048,22273,4710992,496022,-195476,0,0,0,463,535,195,453,459,459,318,157,354,252,160,448,0
2,1768494469184,1923,1756,23282,5629734,296880,-382401,0,0,0,384,487,174,412,398,408,336,167,339,229,142,348,0
2,1768494469200,2474,-1646,23522,5283984,371406,-445931,0,0,0,323,473,191,396,376,404,353,171,332,204,130,271,0
2,1768494469216,4388,-10165,16625,3732386,697608,-823446,0,0,0,318,467,189,394,377,409,353,179,328,197,132,259,0
2,1768494469232,5259,-17047,2421,955393,665843,-2333505,0,0,0,305,458,187,385,373,398,353,190,325,189,133,243,0
2,1768494469248,1564,-17808,-2479,-1105666,317649,-3291341,0,0,0,279,455,182,376,372,382,350,196,314,181,134,232,0
2,1768494469264,-2938,-12969,1349,-406836,-125838,-2045176,0,0,0,263,453,174,372,369,374,346,204,307,178,136,226,0
2,1768494469280,-2014,-2928,1713,856433,-520457,312763,0,0,0,254,450,169,367,364,369,343,212,304,176,139,218,0
2,1768494469296,1038,6355,-531,882089,-674395,1681101,0,0,0,248,451,165,362,363,362,339,221,301,177,147,210,0
2,1768494469312,1923,11438,-2479,52534,-421497,1413542,0,0,0,245,450,161,362,364,360,330,234,294,177,155,202,0
2,1768494469328,1038,13093,-2469,-1028697,-87964,711047,0,0,0,245,448,160,360,365,364,325,247,286,172,157,198,0
2,1768494469344,-86,10212,-1052,-2218662,56199,120951,0,0,0,244,442,163,358,367,364,325,253,285,175,162,200,0
2,1768494469360,-670,3981,-598,-2966361,63529,-160046,0,0,0,247,441,165,358,369,363,331,258,281,179,168,200,0
2,1768494469376,-1617,-2215,-402,-2856405,91629,-333532,0,0,0,237,449,164,353,364,364,322,265,282,193,193,201,0
2,1768494469392,-2507,-5805,95,-1809382,53756,-443488,0,0,0,230,449,160,355,368,369,316,258,282,191,188,202,0
2,1768494469408,-2493,-6824,531,-855211,-62308,-557109,0,0,0,234,452,163,363,374,370,328,253,281,198,186,206,0
2,1768494469424,-2053,-8379,760,-30543,-156381,-734260,0,0,0,239,451,164,367,375,375,333,254,287,199,187,209,0
2,1768494469440,-1588,-9719,1220,888198,-96516,-891863,0,0,0,245,451,166,375,381,380,336,254,292,203,186,210,0
2,1768494469456,-1593,-7805,1813,1376890,180816,-686612,0,0,0,376,494,177,354,403,423,302,214,321,241,180,391,0
2,1768494469472,-1976,-4225,1694,1254717,302989,-95294,0,0,0,466,536,186,414,452,461,311,247,341,272,184,517,0
2,1768494469488,2392,4828,11476,-737925,211359,692721,0,0,0,479,563,220,487,474,472,437,365,360,324,248,516,0
2,1768494469504,6412,6264,26795,-5523443,168598,1208291,0,0,0,464,576,322,493,462,465,586,526,361,501,467,419,0
2,1768494469520,6039,5967,37678,-9077457,-423940,990823,0,0,0,467,578,387,484,457,464,621,595,345,634,628,367,0
2,1768494469536,3709,7150,39411,-7059158,-993266,481361,0,0,0,494,580,336,484,460,473,578,529,351,501,483,450,0
2,1768494469552,1880,7169,23531,-890641,-608421,-72082,0,0,0,506,595,319,487,477,484,566,543,360,381,361,491,0
2,1768494469568,961,1057,8446,1780061,3665,-279776,0,0,0,515,603,327,484,482,500,581,553,355,534,514,472,0
2,1768494469584,-162,-2718,4067,933402,-36651,-186924,0,0,0,514,610,369,479,477,506,589,568,364,576,568,481,0
2,1768494469600,33,-737,8959,-717155,-210137,30543,0,0,0,513,609,357,484,489,510,589,568,362,579,567,469,0
2,1768494469616,1000,1646,12031,-542448,-100181,50090,0,0,0,501,611,354,497,487,510,594,568,368,581,564,453,0
2,1768494469632,1081,1158,10844,57421,25656,-19547,0,0,0,475,596,299,497,474,503,581,567,357,579,568,445,0
2,1768494469648,789,516,9873,89186,69638,-31764,0,0,0,455,579,316,486,459,495,573,559,365,564,564,420,0
2,1768494469664,780,583,9959,4886,101403,-18325,0,0,0,435,565,276,475,444,480,565,567,356,557,566,398,0
2,1768494469680,847,660,10107,-15882,108734,-7330,0,0,0,414,554,251,465,435,471,562,577,351,460,478,394,0
2,1768494469696,871,626,10021,1221,92851,-1221,0,0,0,392,548,237,457,439,458,556,568,344,355,383,386,0
2,1768494469712,918,684,10007,21991,83077,1221,0,0,0,375,544,227,456,441,446,549,554,334,322,352,374,0
2,1768494469728,966,713,10002,59864,68416,1221,0,0,0,369,541,223,459,435,439,540,527,329,358,381,362,0
2,1768494469744,995,717,9973,107512,51312,0,0,0,0,372,538,222,457,431,434,531,502,325,364,378,362,0
2,1768494469760,1019,703,9973,149051,40317,-3665,0,0,0,374,534,216,453,435,432,524,509,316,312,327,369,0
2,1768494469776,1024,626,9944,164933,25656,-7330,0,0,0,377,534,217,459,445,435,517,506,314,363,385,354,0
2,1768494469792,1014,555,9853,139277,3665,-8552,0,0,0,380,538,217,457,430,430,511,478,316,428,453,333,0
2,1768494469808,1005,574,9801,87964,-15882,-4886,0,0,0,388,545,220,456,430,431,520,478,314,432,461,337,0
2,1768494469824,1005,603,9825,35430,-34208,0,0,0,0,395,544,222,459,437,440,525,483,323,432,458,340,0
2,1768494469840,1014,588,9877,1221,-46425,0,0,0,0,404,546,230,475,440,442,528,484,324,439,459,347,0
2,1768494469856,1019,588,9863,-19547,-59864,-1221,0,0,0,408,550,235,473,432,441,540,496,330,444,466,357,0
2,1768494469872,1000,593,9815,-53756,-79412,0,0,0,0,406,559,240,458,435,445,550,506,330,445,477,362,0
2,1768494469888,971,603,9858,-92851,-95294,9773,0,0,0,416,566,251,458,438,447,555,516,328,442,471,367,0
2,1768494469904,985,626,10002,-111177,-76969,17104,0,0,0,417,569,250,463,436,461,565,527,331,446,465,371,0
2,1768494469920,1052,693,10122,-98960,-58643,15882,0,0,0,423,567,250,467,452,467,576,539,335,439,460,380,0
2,1768494469936,1100,756,10155,-40317,-63529,1221,0,0,0,431,569,255,471,455,467,586,545,342,435,459,390,0
2,1768494469952,1086,765,10150,37873,-75747,-17104,0,0,0,434,571,258,473,450,469,588,542,348,438,462,400,0
2,1768494469968,1028,693,10102,92851,-79412,-29321,0,0,0,437,571,259,473,454,469,572,533,348,440,465,407,0
2,1768494469984,990,631,10002,92851,-74525,-29321,0,0,0,444,573,257,474,459,464,556,524,343,438,463,406,0
2,1768494470000,976,622,9940,69638,-74525,-24434,0,0,0,452,578,258,476,457,467,577,538,341,439,462,408,0
2,1768494470016,957,612,9920,34208,-72082,-18325,0,0,0,450,577,258,474,456,466,580,542,346,440,463,409,0
2,1768494470032,957,603,9949,3665,-64751,-12217,0,0,0,448,578,261,478,456,468,577,542,342,440,464,409,0
2,1768494470048,985,622,10011,-7330,-51312,-10995,0,0,0,456,580,262,478,458,464,579,542,344,440,464,409,0
2,1768494470064,1009,660,10031,3665,-42760,-14660,0,0,0,462,585,272,475,449,464,586,547,351,443,464,410,0
2,1768494470080,1024,693,10040,28099,-39095,-19547,0,0,0,463,586,270,477,451,468,582,536,348,445,462,411,0
2,1768494470096,1028,689,10035,59864,-40317,-25656,0,0,0,458,582,262,480,450,469,580,529,347,450,464,405,0
2,1768494470112,1028,650,10031,76969,-42760,-29321,0,0,0,456,584,264,479,448,468,576,522,348,455,461,406,0
2,1768494470128,1028,636,10035,89186,-43982,-31764,0,0,0,453,585,264,479,450,469,568,500,349,451,451,406,0
2,1768494470144,1048,641,10074,113620,-41538,-36651,0,0,0,450,583,255,480,451,467,563,485,351,398,381,414,0
2,1768494470160,1076,660,10126,156381,-32986,-45204,0,0,0,452,579,248,477,449,465,556,459,354,327,284,432,0
2,1768494470176,1153,674,10227,229685,-37873,-61086,0,0,0,452,573,238,477,454,466,536,413,359,294,232,447,0
2,1768494470192,1325,655,10528,372627,-96516,-92851,0,0,0,446,563,222,483,466,469,502,377,363,300,226,453,0
2,1768494470208,1636,588,11036,598647,-211359,-152716,0,0,0,456,556,216,480,467,467,468,350,362,298,218,456,0
2,1768494470224,2196,536,12323,1033583,-389732,-280998,0,0,0,465,554,210,477,462,464,430,340,346,286,214,454,0
2,1768494470240,2091,746,14381,1583362,-518013,-427605,0,0,0,462,538,198,471,445,450,386,319,333,337,279,432,0
2,1768494470256,1770,842,15678,2135584,-544891,-489913,0,0,0,450,518,200,464,427,443,372,329,317,276,206,432,0
2,1768494470272,2498,497,15486,2580294,-466701,-525344,0,0,0,408,498,191,438,418,427,337,308,293,312,278,395,0
2,1768494470288,3407,311,14993,2902831,-388510,-645073,0,0,0,359,487,184,412,393,412,323,318,291,314,312,361,0
2,1768494470304,4182,229,14036,3049439,-342084,-888198,0,0,0,276,469,178,383,382,400,327,341,280,257,258,311,0
2,1768494470320,4139,196,12682,2932153,-389732,-1154535,0,0,0,249,443,177,362,373,377,330,364,265,203,229,226,0
2,1768494470336,3953,2809,10811,2516764,-480140,-1352455,0,0,0,240,439,174,353,366,365,320,361,254,210,256,201,0
2,1768494470352,4728,9562,8327,1629788,-476474,-1431868,0,0,0,239,438,174,346,366,362,315,364,250,203,250,203,0
2,1768494470368,5527,14601,6044,526565,-301767,-1446528,0,0,0,237,434,174,337,368,362,314,374,250,179,224,198,0
2,1768494470384,4991,14874,5001,-492357,21991,-1335351,0,0,0,235,434,174,333,368,359,311,377,250,175,224,193,0
2,1768494470400,3986,12955,5082,-1061683,278554,-1106887,0,0,0,240,435,175,334,370,354,306,382,246,178,229,193,0
2,1768494470416,3268,11643,5652,-1536936,526565,-838107,0,0,0,238,436,172,336,374,353,304,386,242,177,233,189,0
2,1768494470432,2589,10643,6800,-1976759,744033,-536339,0,0,0,235,435,171,334,373,355,306,389,248,181,235,191,0
2,1768494470448,1756,8920,8274,-2367713,891863,-166155,0,0,0,239,437,175,333,371,359,307,392,251,178,232,191,0
2,1768494470464,1172,7398,9447,-2607172,970053,150272,0,0,0,240,437,176,332,368,360,306,391,253,178,233,193,0
2,1768494470480,923,6077,10557,-2776993,1004262,459370,0,0,0,238,432,170,331,365,360,298,380,257,178,233,193,0
2,1768494470496,1038,4790,11663,-2921157,1031140,730594,0,0,0,238,434,171,333,367,365,309,392,257,182,240,191,0
2,1768494470512,1196,3474,12653,-3029891,1053131,922406,0,0,0,235,440,173,329,359,361,302,382,257,224,302,191,0
2,1768494470528,961,1995,13366,-3054326,1032362,1065348,0,0,0,229,442,170,330,360,365,297,374,252,232,314,192,0
2,1768494470544,464,665,13859,-2981022,965167,1191187,0,0,0,225,440,169,331,364,367,300,377,255,226,306,193,0
2,1768494470560,67,-717,13984,-2805093,829554,1293812,0,0,0,229,438,172,333,370,370,304,383,258,198,266,194,0
2,1768494470576,19,-2378,13811,-2588846,689055,1321912,0,0,0,235,439,176,335,373,373,307,387,260,179,236,196,0
2,1768494470592,210,-4599,13361,-2298075,544891,1221730,0,0,0,236,442,179,333,370,371,302,380,258,190,254,197,0
2,1768494470608,287,-6944,12739,-1919338,401949,978606,0,0,0,232,447,179,329,367,368,295,371,255,208,281,195,0
2,1768494470624,311,-8968,12108,-1484402,243124,720820,0,0,0,229,448,178,328,367,369,292,367,256,211,283,195,0
2,1768494470640,512,-10571,11351,-999375,87964,548556,0,0,0,228,447,180,330,371,371,290,359,257,206,275,199,0
2,1768494470656,780,-12208,10514,-397062,-25656,436157,0,0,0,227,445,178,328,371,368,290,360,250,202,265,200,0
2,1768494470672,981,-12964,9968,210137,-72082,398284,0,0,0,228,443,173,325,362,357,293,375,242,204,271,191,0
2,1768494470688,660,-13596,10638,740368,-86742,444709,0,0,0,231,433,153,322,351,326,312,439,219,223,313,170,0
2,1768494470704,-1842,-16305,13132,1587027,-392175,684169,0,0,0,243,425,158,329,346,332,336,477,219,305,428,158,0
2,1768494470720,-2421,-9404,13807,2783102,-868650,994488,0,0,0,249,427,158,339,351,335,365,479,223,314,444,148,0
2,1768494470736,-1450,1722,14137,3010343,-783129,875980,0,0,0,246,426,155,348,346,335,393,512,227,364,483,147,0
2,1768494470752,-1282,3852,14606,2570520,-493579,285884,0,0,0,245,434,155,360,349,337,423,527,219,398,503,150,0
2,1768494470768,-28,894,14027,2013411,-332310,-237015,0,0,0,249,446,172,372,360,350,483,540,233,410,500,161,0
2,1768494470784,1794,119,12050,1472185,-317649,-204028,0,0,0,264,459,201,386,369,370,534,551,263,369,476,187,0
2,1768494470800,1775,655,10806,979827,-360410,83077,0,0,0,282,472,225,410,379,394,560,563,280,361,469,232,0
2,1768494470816,832,325,11021,458148,-345749,131946,0,0,0,304,488,247,428,386,409,571,573,288,377,480,273,0
2,1768494470832,660,186,10825,52534,-272445,53756,0,0,0,329,502,269,430,386,411,565,575,302,396,493,286,0
2,1768494470848,861,670,10279,-85521,-186924,8552,0,0,0,347,511,279,432,389,415,569,582,311,406,497,295,0
2,1768494470864,976,1014,10026,-80634,-119729,6108,0,0,0,358,517,276,434,394,423,598,604,308,403,501,311,0
2,1768494470880,961,1009,10074,-24434,-69638,8552,0,0,0,368,521,282,432,394,422,591,613,325,432,524,309,0
2,1768494470896,957,971,10083,13439,-36651,2443,0,0,0,370,521,283,437,399,427,582,604,333,417,508,315,0
2,1768494470912,966,966,10026,47647,-19547,-3665,0,0,0,373,526,288,448,408,433,605,617,333,405,497,326,0
2,1768494470928,971,966,9987,68416,-12217,-6108,0,0,0,371,528,288,444,413,446,606,616,334,400,490,335,0
2,1768494470944,981,961,9997,80634,-1221,-6108,0,0,0,369,531,292,447,414,451,608,608,346,408,485,337,0
2,1768494470960,1009,966,10016,101403,8552,-10995,0,0,0,371,530,286,454,419,447,609,616,344,395,468,346,0
2,1768494470976,1033,966,10026,138055,18325,-20769,0,0,0,381,537,294,447,417,438,617,606,360,397,454,352,0
2,1768494470992,1028,933,10007,191811,26878,-32986,0,0,0,384,540,291,452,419,440,614,589,365,436,472,361,0
2,1768494471008,1038,904,9997,241902,29321,-42760,0,0,0,385,538,300,456,420,451,560,541,382,455,483,364,0
2,1768494471024,1072,856,9983,271224,24434,-51312,0,0,0,389,538,295,461,422,459,572,539,372,462,486,373,0
2,1768494471040,1091,799,9954,268780,4886,-54977,0,0,0,395,537,288,467,427,461,607,547,352,465,481,385,0
2,1768494471056,1095,784,9954,268780,-12217,-59864,0,0,0,403,537,290,468,432,458,616,528,346,481,490,390,0
2,1768494471072,1076,737,9954,270002,-30543,-65973,0,0,0,412,542,293,469,439,460,612,510,350,506,508,401,0
2,1768494471088,1057,670,9959,263893,-40317,-69638,0,0,0,419,546,294,475,447,468,604,511,358,500,494,426,0
2,1768494471104,1062,631,9959,248011,-46425,-64751,0,0,0,425,549,288,479,455,474,607,517,374,477,464,439,0
2,1768494471120,1086,617,9987,235793,-57421,-61086,0,0,0,423,554,283,487,477,484,607,486,391,469,453,446,0
2,1768494471136,1100,588,10035,234572,-76969,-59864,0,0,0,436,561,290,495,473,497,599,465,381,472,440,467,0
2,1768494471152,1100,536,10059,243124,-95294,-64751,0,0,0,455,573,305,495,474,502,604,449,388,463,406,478,0
2,1768494471168,1119,507,10117,266337,-107512,-76969,0,0,0,469,578,301,495,465,502,588,432,388,447,382,496,0
2,1768494471184,1129,488,10198,305432,-128281,-90408,0,0,0,482,579,307,506,471,511,578,420,395,421,360,512,0
2,1768494471200,1182,425,10265,365297,-160046,-108734,0,0,0,488,583,293,508,481,516,572,408,397,400,330,531,0
2,1768494471216,1229,392,10361,449596,-197920,-140499,0,0,0,500,598,281,515,496,521,556,401,404,388,321,549,0
2,1768494471232,1244,306,10562,601091,-259006,-177150,0,0,0,511,608,264,530,520,530,544,395,413,395,331,557,0
2,1768494471248,1206,181,10902,824668,-316428,-215024,0,0,0,522,614,253,541,524,537,530,382,416,434,370,566,0
2,1768494471264,1143,124,11414,1103222,-295658,-250454,0,0,0,527,619,243,551,525,548,520,383,417,411,343,591,0
2,1768494471280,871,177,12031,1402546,-151494,-270002,0,0,0,534,621,229,553,531,551,511,393,416,339,268,610,0
2,1768494471296,579,110,12490,1722639,-20769,-239459,0,0,0,546,623,217,550,534,546,487,385,414,318,240,607,0
2,1768494471312,536,-33,12811,2046398,12217,-162490,0,0,0,549,624,211,558,549,548,450,379,413,314,224,611,0
2,1768494471328,938,-239,13285,2488664,17104,-91629,0,0,0,557,617,209,539,551,535,406,371,405,314,227,613,0
2,1768494471344,1459,-387,13998,2926044,7330,-113620,0,0,0,559,613,208,521,538,530,368,358,415,311,223,616,0
2,1768494471360,1861,-416,15510,3511253,-48869,-205250,0,0,0,569,601,208,523,552,530,331,326,418,299,215,607,0
2,1768494471376,2660,-483,17444,4189313,-150272,-340862,0,0,0,564,588,215,512,552,532,304,272,410,283,218,587,0
2,1768494471392,3613,-808,20373,5126381,-321315,-582765,0,0,0,538,575,213,512,539,516,293,213,400,267,176,520,0
2,1768494471408,3977,-1392,23991,6084217,-500909,-806342,0,0,0,503,553,194,507,512,496,284,172,367,256,169,476,0
2,1768494471424,4551,-1938,26848,6836803,-596204,-946841,0,0,0,464,537,179,476,477,472,276,166,346,249,173,454,0
2,1768494471440,4345,-1517,28576,7362147,-420275,-1097113,0,0,0,415,509,164,430,439,420,281,190,305,260,195,414,0
2,1768494471456,4302,210,31308,7732332,-282219,-1253495,0,0,0,283,464,154,374,383,371,299,233,275,237,230,286,0
2,1768494471472,6700,3804,30935,7694458,-428827,-1455080,0,0,0,224,439,153,339,350,354,300,264,272,217,253,217,0
2,1768494471488,7212,14381,20885,6698748,-989601,-1744631,0,0,0,228,437,157,326,341,347,298,271,266,212,260,206,0
2,1768494471504,8327,24589,9533,4329812,-1648114,-1649336,0,0,0,227,440,157,320,338,337,299,268,247,212,264,203,0
2,1768494471520,9652,25187,7322,284663,-1147204,-1189965,0,0,0,221,439,154,312,336,333,296,275,240,213,273,200,0
2,1768494471536,7882,19463,7748,-2773328,-381179,-921184,0,0,0,215,433,150,307,336,331,292,284,241,213,285,199,0
2,1768494471552,5910,13567,6355,-3808133,61086,-916297,0,0,0,213,428,145,307,339,330,289,292,234,205,280,194,0
2,1768494471568,4527,10701,4972,-4216191,586430,-929736,0,0,0,221,426,146,310,342,318,293,306,220,180,250,167,0
2,1768494471584,2603,10155,6245,-4631580,1048244,-734260,0,0,0,221,426,147,308,342,319,292,311,226,185,258,170,0
2,1768494471600,952,8772,8389,-5116607,1192408,-239459,0,0,0,221,425,147,307,343,316,292,314,223,192,263,170,0
2,1768494471616,1062,7207,9734,-5444031,1226617,219911,0,0,0,223,423,161,310,344,332,292,318,229,183,264,179,0
2,1768494471632,1541,5996,10849,-5668829,1384220,465479,0,0,0,221,424,146,309,344,320,288,323,224,191,284,162,0
2,1768494471648,985,5178,12629,-5893627,1547932,568104,0,0,0,223,425,149,309,345,318,291,330,223,185,272,161,0
2,1768494471664,497,4503,14515,-6111095,1571145,647517,0,0,0,223,422,149,311,357,322,292,337,223,185,276,160,0
2,1768494471680,732,3862,16697,-6337115,1538158,722042,0,0,0,224,422,146,312,351,322,290,337,221,189,278,158,0
2,1768494471696,1206,3508,19238,-6553362,1587027,827111,0,0,0,225,424,146,313,350,320,290,333,219,191,277,157,0
2,1768494471712,1655,3330,22402,-6783047,1679879,1061683,0,0,0,226,425,146,315,347,321,291,330,220,191,274,157,0
2,1768494471728,2885,2368,26025,-6979746,1679879,1478293,0,0,0,226,425,146,318,345,323,291,329,222,191,268,156,0
2,1768494471744,4699,-358,29423,-7068932,1672549,2010968,0,0,0,225,426,143,321,350,323,295,329,224,191,263,156,0
2,1768494471760,5757,-6408,31490,-6941872,1780061,2535090,0,0,0,232,425,142,333,348,323,302,328,229,199,262,159,0
2,1768494471776,5192,-16960,31997,-6436076,1791056,2642603,0,0,0,240,426,146,346,344,327,307,325,237,205,264,161,0
2,1768494471792,5867,-28394,28647,-5569869,1351233,2059837,0,0,0,229,429,148,329,350,336,301,326,243,198,265,163,0
2,1768494471808,4833,-35702,20440,-4069584,1216843,592539,0,0,0,223,432,145,327,352,332,304,331,246,198,268,164,0
2,1768494471824,-1895,-39013,14912,-2346944,1414763,-877202,0,0,0,225,436,149,329,358,333,302,329,244,205,277,164,0
2,1768494471840,-9298,-40684,14189,-860098,984714,-1594358,0,0,0,227,436,149,329,352,333,297,325,235,227,310,165,0
2,1768494471856,-8580,-39459,15171,579100,-134390,-1411098,0,0,0,232,401,156,324,332,337,371,449,233,210,325,146,0
2,1768494471872,-7571,-25795,20736,2631607,-1651779,-641408,0,0,0,235,363,146,307,295,325,424,465,243,217,369,144,0
2,1768494471888,-2464,354,19258,4894252,-3447723,807563,0,0,0,264,365,141,331,294,327,441,480,245,249,406,145,0
2,1768494471904,440,7284,15175,6392093,-2439795,1975538,0,0,0,261,372,139,349,301,340,480,496,248,279,427,158,0
2,1768494471920,-4503,-631,20473,6217386,-197920,1874134,0,0,0,257,392,142,367,304,364,527,536,248,333,464,166,0
2,1768494471936,-6226,-5173,24728,4438546,406836,318871,0,0,0,259,419,167,375,316,383,560,564,281,349,472,207,0
2,1768494471952,1584,-540,17123,2364048,-332310,-613308,0,0,0,259,451,200,389,344,403,583,583,313,350,465,271,0
2,1768494471968,4010,1459,10768,1264491,-466701,-131946,0,0,0,281,480,226,411,373,425,601,601,324,369,473,326,0
2,1768494471984,1761,234,10241,576656,-328645,211359,0,0,0,325,500,245,425,390,442,611,611,336,389,487,360,0
2,1768494472000,268,-181,10792,67195,-254119,124616,0,0,0,349,512,259,432,396,450,621,620,351,396,486,370,0
2,1768494472016,847,660,10437,9773,-219911,-24434,0,0,0,358,517,260,431,395,448,627,627,347,395,488,371,0
2,1768494472032,1220,1033,10069,30543,-149051,-28099,0,0,0,369,518,283,432,400,457,622,623,351,410,502,381,0
2,1768494472048,1177,942,10002,51312,-83077,10995,0,0,0,380,523,287,431,404,456,622,622,343,447,530,377,0
2,1768494472064,1014,880,10078,72082,-72082,-4886,0,0,0,395,530,263,417,482,425,617,618,341,393,479,393,0
2,1768494472080,971,918,10083,117286,-58643,-25656,0,0,0,398,531,258,439,412,448,622,622,337,390,459,401,0
2,1768494472096,1005,928,10059,182037,-21991,-30543,0,0,0,404,536,258,444,412,453,625,623,339,421,469,411,0
2,1768494472112,1033,875,10026,238237,7330,-29321,0,0,0,416,538,261,443,419,458,608,607,343,359,410,418,0
2,1768494472128,1062,804,10002,266337,18325,-32986,0,0,0,416,540,260,441,418,458,599,588,336,381,417,418,0
2,1768494472144,1086,765,9978,271224,15882,-41538,0,0,0,417,542,258,442,424,458,592,573,340,357,375,430,0
2,1768494472160,1129,765,9987,283441,10995,-53756,0,0,0,429,546,258,452,430,463,582,544,349,372,369,436,0
2,1768494472176,1186,760,10035,310319,0,-68416,0,0,0,439,550,260,456,432,463,562,503,359,440,421,431,0
2,1768494472192,1186,679,10035,344527,-20769,-87964,0,0,0,446,555,266,460,440,465,553,473,366,476,443,439,0
2,1768494472208,1134,603,10007,360410,-42760,-96516,0,0,0,455,560,262,472,454,472,566,455,365,411,363,472,0
2,1768494472224,1134,555,10021,368962,-63529,-94073,0,0,0,463,568,252,477,461,477,569,435,367,311,254,503,0
2,1768494472240,1172,488,10093,392175,-81855,-98960,0,0,0,475,578,256,484,466,492,565,416,373,305,236,519,0
2,1768494472256,1186,430,10193,438601,-96516,-114842,0,0,0,486,588,252,499,480,503,554,401,373,303,229,538,0
2,1768494472272,1201,354,10256,524122,-120951,-136833,0,0,0,499,590,251,511,494,503,539,390,373,316,222,561,0
2,1768494472288,1249,277,10380,646295,-149051,-166155,0,0,0,500,596,241,511,503,508,541,372,387,304,218,567,0
2,1768494472304,1349,153,10658,828333,-178372,-200363,0,0,0,506,609,236,527,510,525,535,356,400,314,221,577,0
2,1768494472320,1397,52,11036,1038470,-163711,-249233,0,0,0,524,609,224,534,519,523,522,350,401,322,222,583,0
2,1768494472336,1105,67,11538,1233947,-76969,-291993,0,0,0,543,616,223,535,520,526,499,343,405,323,221,594,0
2,1768494472352,914,19,12285,1506393,1221,-274889,0,0,0,551,623,213,532,524,524,485,346,411,333,228,610,0
2,1768494472368,765,0,13180,1908343,26878,-224798,0,0,0,556,621,212,546,538,533,456,342,408,326,223,617,0
2,1768494472384,684,-62,13792,2426356,19547,-133168,0,0,0,559,614,209,547,542,547,414,339,411,333,228,619,0
2,1768494472400,1119,-172,14510,2961474,36651,-75747,0,0,0,563,609,207,540,543,550,368,328,407,334,231,622,0
2,1768494472416,2278,-272,15735,3602883,17104,-136833,0,0,0,565,607,205,532,549,544,328,298,409,316,219,620,0
2,1768494472432,3082,-330,17554,4390899,-89186,-366519,0,0,0,565,600,210,526,549,546,296,248,420,298,210,610,0
2,1768494472448,3498,-421,20430,5376835,-251676,-626747,0,0,0,556,588,219,524,536,546,273,189,416,282,200,573,0
2,1768494472464,4321,-918,24130,6371324,-439822,-825889,0,0,0,522,576,209,518,520,516,265,153,388,265,176,514,0
2,1768494472480,5881,-1990,28509,7338934,-581543,-1023810,0,0,0,482,558,185,500,510,488,259,155,350,253,168,485,0
2,1768494472496,6518,-1938,31136,8046316,-488692,-1271821,0,0,0,420,517,161,460,478,447,263,156,323,245,164,444,0
2,1768494472512,5570,536,33414,8487361,-348193,-1544267,0,0,0,344,479,156,406,404,391,296,191,295,223,149,374,0
2,1768494472528,6776,5451,32945,8530122,-359188,-1782504,0,0,0,233,429,148,353,350,346,327,253,271,162,148,194,0
2,1768494472544,8772,14443,24723,7808079,-445931,-2083050,0,0,0,239,436,157,353,353,353,323,259,277,166,161,208,0
2,1768494472560,8217,22809,12672,6056117,-649960,-2315179,0,0,0,238,434,157,337,355,343,312,262,263,163,160,203,0
2,1768494472576,5857,25671,8734,1865582,-908967,-1794722,0,0,0,240,431,157,329,351,334,307,266,248,160,163,196,0
2,1768494472592,3943,21043,10179,-2652376,-1109331,-816115,0,0,0,240,428,152,330,350,333,305,274,240,158,166,187,0
2,1768494472608,5455,11509,8509,-4757418,-1263269,-182037,0,0,0,227,434,147,323,347,325,296,272,233,187,216,181,0
2,1768494472624,7829,7083,4934,-4748866,-827111,-328645,0,0,0,219,434,143,315,349,319,293,282,229,179,213,176,0
2,1768494472640,7178,6862,4642,-4718323,173485,-734260,0,0,0,221,429,143,314,353,316,294,301,225,149,176,167,0
2,1768494472656,4690,7102,6791,-5170363,968832,-918741,0,0,0,227,426,156,316,352,320,288,310,225,150,185,163,0
2,1768494472672,2732,6441,9375,-5833763,1218065,-734260,0,0,0,232,420,177,315,351,331,281,314,230,161,208,169,0
2,1768494472688,2895,4929,10279,-6092769,1318247,-393397,0,0,0,225,423,178,313,346,327,280,309,225,170,221,165,0
2,1768494472704,2943,3637,11414,-6128200,1617571,-12217,0,0,0,232,419,169,320,352,325,286,319,224,151,190,160,0
2,1768494472720,2416,3512,13065,-6118426,1872912,289550,0,0,0,230,415,145,325,356,318,290,321,220,155,196,157,0
2,1768494472736,2167,3694,15534,-6322455,2048842,654847,0,0,0,233,415,146,323,355,318,293,326,220,153,198,156,0
2,1768494472752,2191,3412,18042,-6629109,2201558,928515,0,0,0,233,414,144,320,368,319,293,328,224,153,198,156,0
2,1768494472768,2072,2603,20866,-6862460,2342057,1087340,0,0,0,230,412,148,323,354,331,292,329,228,152,195,159,0
2,1768494472784,1871,1909,24292,-6994406,2432465,1296256,0,0,0,231,413,150,326,351,334,294,325,232,152,191,160,0
2,1768494472800,1584,526,28456,-7099475,2428800,1775174,0,0,0,232,414,149,327,350,334,297,325,233,153,189,160,0
2,1768494472816,1268,-3747,32313,-7171557,2362826,2434908,0,0,0,231,420,147,332,349,334,299,321,235,154,187,160,0
2,1768494472832,440,-11854,34486,-7007846,2216219,2816088,0,0,0,236,421,160,335,353,347,305,330,249,154,189,162,0
2,1768494472848,851,-23096,32859,-6345668,1541823,2526538,0,0,0,235,420,165,334,357,357,308,338,259,152,191,166,0
2,1768494472864,4479,-34347,25666,-5142263,728151,1503950,0,0,0,232,422,160,332,361,358,308,343,262,151,193,171,0
2,1768494472880,5001,-41507,15300,-3359758,807563,-311541,0,0,0,234,425,160,332,363,356,309,345,262,153,193,173,0
2,1768494472896,-5848,-42325,12763,-1611462,1277930,-1583362,0,0,0,235,424,162,332,363,355,307,344,259,153,192,171,0
2,1768494472912,-14055,-40952,14434,81855,547335,-1632231,0,0,0,234,417,161,333,356,355,322,374,252,164,232,159,0
2,1768494472928,-8973,-34347,16836,1591914,-684169,-873537,0,0,0,237,390,152,322,334,338,382,447,239,204,345,138,0
2,1768494472944,-2737,-11854,22833,3315776,-2243097,9773,0,0,0,249,336,139,297,303,296,434,468,226,272,421,132,0
2,1768494472960,1062,12644,19181,4709770,-3742160,934623,0,0,0,242,344,153,295,280,330,418,504,238,354,477,147,0
2,1768494472976,-1617,7102,15271,5992587,-2388483,1444085,0,0,0,261,360,153,327,281,337,498,512,254,308,450,159,0
2,1768494472992,-5384,-3713,21569,5766567,-398284,943175,0,0,0,266,379,154,358,298,358,528,529,266,338,460,176,0
2,1768494473008,-2541,-4441,23670,4073249,6108,-144164,0,0,0,276,414,174,382,312,384,565,564,291,352,483,216,0
2,1768494473024,2330,224,16013,2346944,-408057,-222354,0,0,0,278,450,198,403,349,413,589,588,317,365,497,269,0
2,1768494473040,2579,1062,10667,1119105,-470366,160046,0,0,0,302,483,222,421,376,434,604,605,333,388,502,325,0
2,1768494473056,880,-81,10385,431270,-316428,208915,0,0,0,331,500,237,427,390,442,616,617,337,434,526,351,0
2,1768494473072,483,47,10614,94073,-227241,48869,0,0,0,351,508,245,429,398,447,626,626,349,449,530,368,0
2,1768494473088,1005,885,10346,42760,-180816,-47647,0,0,0,359,512,249,435,402,451,630,630,357,431,514,384,0
2,1768494473104,1143,1028,10074,48869,-105068,-8552,0,0,0,366,517,252,442,404,454,634,634,349,458,534,378,0
2,1768494473120,1048,923,10040,40317,-63529,2443,0,0,0,379,524,262,444,409,460,634,633,341,488,557,362,0
2,1768494473136,971,909,10093,45204,-59864,-15882,0,0,0,391,525,261,442,410,462,617,617,334,422,508,375,0
2,1768494473152,985,985,10083,96516,-50090,-34208,0,0,0,398,531,261,438,405,460,614,614,326,406,479,384,0
2,1768494473168,990,1014,10050,180816,-32986,-37873,0,0,0,401,533,261,438,404,458,606,607,332,381,448,397,0
2,1768494473184,966,928,10011,250454,-15882,-35430,0,0,0,407,540,261,446,409,459,601,591,333,340,399,406,0
2,1768494473200,966,827,9978,280998,1221,-32986,0,0,0,420,543,262,441,412,450,588,564,335,351,443,417,0
2,1768494473216,1024,789,9959,271224,14660,-35430,0,0,0,421,547,267,440,417,452,589,555,340,315,352,425,0
2,1768494473232,1081,765,9935,256563,6108,-42760,0,0,0,422,544,258,450,434,459,580,540,348,308,326,436,0
2,1768494473248,1110,741,9930,256563,-14660,-50090,0,0,0,430,550,257,459,438,461,575,523,358,310,313,442,0
2,1768494473264,1124,693,9944,268780,-46425,-62308,0,0,0,441,557,259,465,443,463,573,505,366,344,334,446,0
2,1768494473280,1110,650,9978,288328,-74525,-75747,0,0,0,450,560,258,472,453,467,563,483,366,416,397,449,0
2,1768494473296,1057,612,10016,312763,-83077,-86742,0,0,0,464,566,262,484,466,479,558,463,372,468,426,461,0
2,1768494473312,1052,579,10064,343306,-80634,-95294,0,0,0,479,573,260,494,473,499,556,443,371,424,360,487,0
2,1768494473328,1124,526,10112,394618,-74525,-109955,0,0,0,486,579,255,500,476,508,556,424,372,338,270,521,0
2,1768494473344,1196,464,10222,476474,-87964,-139277,0,0,0,494,589,260,509,484,509,556,408,387,305,233,549,0
2,1768494473360,1234,392,10433,586430,-119729,-173485,0,0,0,507,602,259,520,495,527,547,390,393,307,225,565,0
2,1768494473376,1354,263,10715,725707,-166155,-217468,0,0,0,522,605,256,529,501,523,541,385,399,317,221,572,0
2,1768494473392,1550,157,11222,949284,-241902,-277332,0,0,0,535,610,230,528,510,523,534,366,405,312,218,587,0
2,1768494473408,1296,239,12165,1309695,-278554,-340862,0,0,0,534,614,213,544,537,534,508,369,410,325,226,601,0
2,1768494473424,703,282,12950,1672549,-197920,-333532,0,0,0,540,615,215,543,530,533,481,357,407,339,239,612,0
2,1768494473440,320,205,13500,2131919,-79412,-235793,0,0,0,560,624,221,539,533,525,450,352,410,327,227,615,0
2,1768494473456,612,76,14151,2614503,-36651,-129503,0,0,0,559,615,209,545,549,535,403,347,398,325,223,611,0
2,1768494473472,1488,-52,15080,3188716,-43982,-106290,0,0,0,571,608,210,539,549,552,348,333,389,313,226,622,0
2,1768494473488,2349,-86,16434,3931528,-86742,-251676,0,0,0,576,607,222,522,545,532,311,304,393,307,214,612,0
2,1768494473504,2770,-71,18291,4720766,-138055,-447153,0,0,0,569,604,218,524,539,515,294,244,397,292,201,593,0
2,1768494473520,3570,-172,20933,5663942,-216246,-665843,0,0,0,543,585,205,521,529,520,274,185,383,272,184,539,0
2,1768494473536,4613,-1000,25144,6781825,-354301,-905302,0,0,0,504,570,191,510,525,506,261,159,367,264,175,501,0
2,1768494473552,5690,-1727,28719,7652919,-318871,-1112996,0,0,0,459,548,173,490,512,471,257,162,351,258,171,477,0
2,1768494473568,5594,-741,31442,8382292,-149051,-1398881,0,0,0,400,509,158,451,463,432,272,179,324,241,161,428,0
2,1768494473584,5015,2019,33256,8701164,-127059,-1656666,0,0,0,311,466,153,396,392,386,311,218,289,205,152,327,0
2,1768494473600,7111,8011,30016,8426275,-356745,-1912008,0,0,0,236,431,149,355,353,347,318,275,272,154,149,190,0
2,1768494473616,9136,17473,18990,7349930,-581543,-2246762,0,0,0,238,438,158,355,357,362,313,280,275,159,155,207,0
2,1768494473632,9064,25503,9820,4415333,-574213,-2338392,0,0,0,242,439,151,347,357,342,311,282,266,159,155,192,0
2,1768494473648,6197,27523,8844,-271224,-463035,-1841147,0,0,0,241,435,155,327,350,332,301,288,247,155,161,192,0
2,1768494473664,3455,19564,11016,-4488637,-768468,-866206,0,0,0,238,432,153,326,353,332,301,295,240,149,162,181,0
2,1768494473680,5876,10715,7494,-5172806,-1012814,-458148,0,0,0,231,429,149,321,351,328,297,308,236,144,162,174,0
2,1768494473696,8485,6240,3713,-4869817,-353080,-602313,0,0,0,226,430,149,320,354,324,288,298,227,154,185,170,0
2,1768494473712,6810,6996,4733,-4944343,872315,-923628,0,0,0,227,423,151,320,359,325,289,313,227,150,185,168,0
2,1768494473728,3015,7427,8662,-5805663,1393994,-757472,0,0,0,232,421,149,323,362,322,287,321,221,150,189,162,0
2,1768494473744,1952,5934,10796,-6411641,1380555,-322536,0,0,0,231,422,149,320,358,318,283,321,218,160,207,158,0
2,1768494473760,3038,3622,11337,-6388428,1494176,117286,0,0,0,230,421,149,320,355,317,283,319,218,167,222,155,0
2,1768494473776,3120,2603,12586,-6140417,1843591,423940,0,0,0,230,420,149,323,354,321,284,317,220,173,235,154,0
2,1768494473792,2191,3043,15171,-6085439,2100154,712268,0,0,0,229,421,149,323,354,326,284,319,222,178,244,156,0
2,1768494473808,2105,3335,17994,-6425080,2147802,1006705,0,0,0,232,421,149,323,353,322,285,323,219,177,246,151,0
2,1768494473824,2287,2593,20732,-6790377,2245540,1222952,0,0,0,232,420,149,323,349,322,288,323,224,180,242,156,0
2,1768494473840,2144,1210,23847,-6897890,2371378,1414763,0,0,0,233,418,148,325,350,324,288,319,224,181,240,156,0
2,1768494473856,2024,177,27662,-6910107,2415361,1762957,0,0,0,233,422,149,329,355,331,294,325,231,178,235,155,0
2,1768494473872,2086,-1823,31485,-7009067,2350609,2383596,0,0,0,231,421,144,329,343,330,294,316,231,181,230,161,0
2,1768494473888,1899,-8662,33773,-7015176,2257757,2971248,0,0,0,238,427,160,328,343,336,301,317,244,181,226,162,0
2,1768494473904,1828,-18664,33577,-6614448,1915673,3071430,0,0,0,230,426,159,331,349,346,303,317,250,182,227,163,0
2,1768494473920,3359,-31103,26685,-5415931,1227839,2230879,0,0,0,227,427,159,332,352,351,306,317,255,182,226,165,0
2,1768494473936,1957,-39837,17348,-3670078,1058018,773355,0,0,0,228,429,161,332,352,353,308,320,260,183,227,169,0
2,1768494473952,-5991,-42292,12620,-1744631,1244943,-691499,0,0,0,232,430,161,335,354,355,308,321,257,185,228,169,0
2,1768494473968,-10581,-40875,13701,-337197,513126,-1198517,0,0,0,234,418,161,334,345,348,317,347,249,179,215,166,0
2,1768494473984,-7724,-36688,14673,1102000,-522900,-1334129,0,0,0,238,394,157,328,326,333,358,413,240,216,286,154,0
2,1768494474000,-2359,-19286,19722,2809980,-1717753,-1076344,0,0,0,247,362,148,323,299,323,392,466,236,303,404,145,0
2,1768494474016,1651,4139,19913,4290717,-3403741,-90408,0,0,0,257,345,148,324,281,328,419,479,243,332,448,151,0
2,1768494474032,3010,11605,13596,5492900,-3585778,1435533,0,0,0,266,357,155,334,290,345,472,482,254,293,432,161,0
2,1768494474048,-3560,397,17525,5578421,-1204626,1865582,0,0,0,263,366,151,348,293,358,510,517,257,363,461,165,0
2,1768494474064,-6910,-4742,22928,4427551,-18325,751364,0,0,0,267,383,159,368,297,369,552,555,273,413,487,176,0
2,1768494474080,-746,-952,19411,2757445,-464257,-565661,0,0,0,270,414,180,384,310,387,580,580,299,425,501,212,0
2,1768494474096,2890,1158,12538,1645670,-580321,-213802,0,0,0,270,447,196,399,335,417,595,595,312,486,512,250,0
2,1768494474112,1871,397,10203,838107,-395840,226020,0,0,0,275,471,217,418,363,428,620,620,324,539,570,293,0
2,1768494474128,330,-167,10677,295658,-249233,194255,0,0,0,316,487,239,426,377,443,606,607,345,411,479,346,0
2,1768494474144,325,354,10643,74525,-206472,24434,0,0,0,340,497,246,433,388,442,612,612,342,447,510,349,0
2,1768494474160,885,1005,10141,62308,-167377,-42760,0,0,0,351,502,243,438,388,444,620,620,342,431,492,362,0
2,1768494474176,866,928,10050,67195,-97738,-3665,0,0,0,357,506,244,443,389,445,618,618,337,410,468,372,0
2,1768494474192,751,832,10117,59864,-54977,3665,0,0,0,363,509,247,445,389,443,617,617,328,450,500,359,0
2,1768494474208,708,866,10169,70860,-39095,-17104,0,0,0,366,509,248,445,390,444,615,615,332,492,537,353,0
2,1768494474224,732,923,10112,122173,-18325,-29321,0,0,0,370,511,250,449,404,448,604,604,341,475,520,364,0
2,1768494474240,746,923,10040,180816,-2443,-31764,0,0,0,377,513,250,451,413,449,597,598,339,424,465,372,0
2,1768494474256,746,856,10002,219911,0,-32986,0,0,0,376,518,247,453,403,457,591,591,347,334,379,396,0
2,1768494474272,746,784,9968,245567,-1221,-35430,0,0,0,384,522,247,454,406,453,586,583,339,329,363,402,0
2,1768494474288,770,722,9954,244346,-6108,-37873,0,0,0,387,525,251,452,409,461,584,575,343,327,353,409,0
2,1768494474304,818,693,9949,224798,-25656,-45204,0,0,0,395,531,250,457,417,462,578,565,354,327,346,418,0
2,1768494474320,832,684,9944,206472,-53756,-56199,0,0,0,403,530,248,464,421,468,582,557,351,329,337,426,0
2,1768494474336,813,674,9954,208915,-79412,-64751,0,0,0,420,539,257,470,429,470,579,536,356,332,324,442,0
2,1768494474352,775,650,9983,230907,-94073,-68416,0,0,0,441,549,257,479,440,467,576,519,353,319,300,452,0
2,1768494474368,775,636,10050,271224,-103847,-68416,0,0,0,460,560,271,485,450,469,565,487,357,412,401,455,0
2,1768494474384,823,598,10150,339641,-107512,-76969,0,0,0,476,574,276,501,465,487,562,460,374,463,435,478,0
2,1768494474400,851,531,10232,416610,-105068,-97738,0,0,0,486,585,281,507,482,507,568,443,381,375,323,520,0
2,1768494474416,847,430,10289,494800,-98960,-125838,0,0,0,498,596,273,512,499,515,567,428,383,329,267,550,0
2,1768494474432,885,368,10437,594982,-106290,-153938,0,0,0,511,606,257,525,515,515,555,409,388,336,262,572,0
2,1768494474448,985,272,10734,758694,-116064,-190589,0,0,0,524,610,248,536,523,522,539,392,398,315,230,591,0
2,1768494474464,1067,162,11409,1042136,-120951,-238237,0,0,0,533,613,233,546,524,530,529,381,412,317,228,598,0
2,1768494474480,856,201,12601,1484402,-37873,-268780,0,0,0,534,613,215,557,529,530,514,371,415,328,230,605,0
2,1768494474496,583,239,13481,1920560,74525,-259006,0,0,0,544,618,213,556,541,541,477,356,433,321,230,623,0
2,1768494474512,545,167,14060,2444682,108734,-197920,0,0,0,553,623,213,550,548,532,458,354,414,321,230,630,0
2,1768494474528,1062,71,14859,3020117,61086,-149051,0,0,0,553,611,206,554,558,553,398,356,415,323,236,627,0
2,1768494474544,1976,28,16027,3638313,-24434,-211359,0,0,0,565,616,206,538,553,548,326,343,404,311,237,623,0
2,1768494474560,2440,100,17788,4453207,-135612,-412944,0,0,0,562,605,211,527,543,537,284,293,394,288,206,613,0
2,1768494474576,2818,81,20004,5359731,-211359,-609643,0,0,0,554,589,200,525,539,531,270,219,383,280,194,565,0
2,1768494474592,3771,-397,23503,6466619,-310319,-813672,0,0,0,526,583,195,517,535,531,260,176,372,257,179,510,0
2,1768494474608,4996,-1354,27456,7465994,-349414,-998153,0,0,0,489,570,182,507,518,510,248,157,357,244,163,479,0
2,1768494474624,5489,-1631,30935,8321206,-160046,-1218065,0,0,0,440,534,164,483,480,462,254,167,331,239,157,450,0
2,1768494474640,4369,607,32624,8718268,-19547,-1431868,0,0,0,349,486,157,422,420,409,278,212,303,213,156,370,0
2,1768494474656,5178,4924,32529,8780576,-138055,-1659109,0,0,0,259,451,159,369,373,374,300,259,285,173,155,264,0
2,1768494474672,8461,12730,24144,7964460,-260228,-1976759,0,0,0,229,439,159,359,363,360,307,275,275,158,162,202,0
2,1768494474688,9466,21249,12668,6075665,-195476,-2357939,0,0,0,236,441,161,351,366,353,303,277,264,165,176,196,0
2,1768494474704,5805,26422,8667,2112371,-205250,-2235766,0,0,0,236,439,158,329,364,340,297,276,252,161,180,189,0
2,1768494474720,1775,21359,11576,-2393370,-1029918,-1219287,0,0,0,230,433,159,320,357,334,293,285,240,157,187,184,0
2,1768494474736,3464,12476,9930,-4704884,-1927890,-329867,0,0,0,229,428,156,321,359,337,289,294,236,155,188,182,0
2,1768494474752,8394,6996,4690,-4707327,-1717753,-210137,0,0,0,229,426,150,321,362,333,287,302,226,146,175,170,0
2,1768494474768,8738,6709,3536,-4623028,-329867,-568104,0,0,0,234,424,151,322,363,324,290,309,225,149,182,168,0
2,1768494474784,5671,7126,6173,-5125159,678060,-664621,0,0,0,230,419,151,319,364,323,280,314,223,144,182,166,0
2,1768494474800,3742,6192,8982,-5755572,827111,-339641,0,0,0,229,419,147,319,362,321,283,328,222,144,181,162,0
2,1768494474816,4795,4091,9815,-5982814,934623,91629,0,0,0,228,420,146,322,362,323,283,324,220,146,187,161,0
2,1768494474832,5106,2938,10748,-5965709,1380555,346971,0,0,0,232,418,146,324,359,321,287,328,223,176,207,159,0
2,1768494474848,4053,2995,12610,-6043900,1739744,527787,0,0,0,236,418,149,323,358,320,288,333,224,171,205,156,0
2,1768494474864,3426,3029,14802,-6278472,1931555,768468,0,0,0,236,418,149,324,358,320,286,337,222,147,194,153,0
2,1768494474880,3598,2603,16812,-6502049,2040289,957836,0,0,0,236,417,147,327,360,321,288,339,224,149,196,151,0
2,1768494474896,3570,2191,19191,-6636439,2183232,1077566,0,0,0,240,419,151,329,359,322,289,339,226,151,195,151,0
2,1768494474912,3316,2062,22254,-6735400,2293188,1182635,0,0,0,239,417,150,329,357,322,290,339,223,154,194,152,0
2,1768494474928,3254,1670,26642,-6900333,2365270,1466076,0,0,0,236,416,147,332,358,326,294,337,227,151,189,155,0
2,1768494474944,2837,-445,30696,-7035945,2458121,1954768,0,0,0,235,418,148,329,366,333,297,333,233,147,179,155,0
2,1768494474960,1062,-6049,33634,-6989520,2560747,2495995,0,0,0,236,418,152,335,355,340,302,330,239,147,177,159,0
2,1768494474976,-1153,-16286,34534,-6582683,2185675,2706133,0,0,0,234,423,152,337,355,341,305,325,244,143,173,157,0
2,1768494474992,976,-29006,30629,-5799554,1208291,2268753,0,0,0,235,427,153,338,360,342,307,325,248,143,174,160,0
2,1768494475008,5288,-40272,21244,-4437325,657290,833220,0,0,0,236,428,151,340,361,344,300,319,254,145,175,159,0
2,1768494475024,-1541,-45202,14807,-2460565,1241278,-1069014,0,0,0,236,428,153,341,364,347,303,327,253,145,175,160,0
2,1768494475040,-13711,-45604,14596,-449596,1133765,-1982868,0,0,0,228,398,150,323,336,336,350,415,241,207,297,148,0
2,1768494475056,-14922,-39980,20674,1451415,-762359,-1226617,0,0,0,236,351,145,303,292,317,392,475,246,245,370,132,0
2,1768494475072,-7001,-17688,22584,4279721,-3717725,-34208,0,0,0,250,340,150,300,278,324,431,479,256,242,392,141,0
2,1768494475088,952,3082,17362,6276029,-3935193,794124,0,0,0,258,361,158,318,287,351,475,483,263,254,415,163,0
2,1768494475104,-464,4130,18990,6465397,-1674992,1142317,0,0,0,266,381,157,347,291,365,511,511,273,290,430,174,0
2,1768494475120,-4704,-3235,24498,4875926,72082,522900,0,0,0,280,406,163,377,304,376,545,545,285,310,450,191,0
2,1768494475136,-488,-1895,19535,3056769,-327423,-124616,0,0,0,276,428,184,396,324,404,583,582,305,356,486,227,0
2,1768494475152,2603,689,12242,1683544,-597426,-23212,0,0,0,287,465,214,416,361,429,602,601,322,472,536,279,0
2,1768494475168,1555,234,10385,788016,-487470,204028,0,0,0,338,497,236,429,383,435,607,608,335,420,515,338,0
2,1768494475184,373,-282,10768,189368,-349414,145385,0,0,0,360,507,243,439,393,452,618,618,353,503,563,353,0
2,1768494475200,449,354,10744,7330,-250454,-14660,0,0,0,371,509,248,444,395,450,613,612,346,411,510,365,0
2,1768494475216,866,957,10179,30543,-180816,-34208,0,0,0,373,510,250,443,398,450,614,614,344,393,499,373,0
2,1768494475232,894,942,10016,50090,-97738,-1221,0,0,0,387,515,255,442,401,448,619,619,342,484,523,359,0
2,1768494475248,789,832,10107,57421,-43982,-2443,0,0,0,390,519,253,445,403,449,617,618,341,515,554,356,0
2,1768494475264,760,885,10136,103847,-21991,-24434,0,0,0,390,529,247,450,417,449,607,608,337,423,478,379,0
2,1768494475280,770,928,10093,177150,-2443,-34208,0,0,0,397,531,247,454,421,451,597,597,339,349,402,401,0
2,1768494475296,794,866,10040,239459,8552,-32986,0,0,0,407,533,250,455,416,453,591,589,340,339,379,410,0
2,1768494475312,832,760,10002,259006,10995,-32986,0,0,0,413,538,253,453,416,455,589,581,341,336,363,416,0
2,1768494475328,866,722,9983,259006,8552,-41538,0,0,0,417,537,254,455,418,461,585,568,351,333,348,423,0
2,1768494475344,866,703,9968,248011,0,-48869,0,0,0,422,540,254,463,426,466,582,555,357,326,332,429,0
2,1768494475360,866,670,9954,235793,-15882,-52534,0,0,0,430,545,255,464,434,466,575,536,353,322,317,438,0
2,1768494475376,894,636,9954,238237,-43982,-56199,0,0,0,438,548,258,473,431,466,570,512,348,315,299,451,0
2,1768494475392,909,598,9973,254119,-70860,-63529,0,0,0,450,554,258,476,437,471,570,500,356,324,297,463,0
2,1768494475408,880,574,10026,285884,-91629,-73303,0,0,0,463,562,254,481,467,473,558,475,372,461,421,463,0
2,1768494475424,861,564,10131,335975,-100181,-81855,0,0,0,481,568,265,501,467,482,549,446,366,467,410,478,0
2,1768494475440,890,507,10217,395840,-102625,-90408,0,0,0,485,589,261,503,473,501,549,429,372,333,272,510,0
2,1768494475456,952,406,10275,461814,-116064,-108734,0,0,0,503,597,270,515,482,513,546,412,375,328,251,533,0
2,1768494475472,1000,330,10351,551000,-155159,-140499,0,0,0,513,601,267,517,497,513,532,389,379,389,312,552,0
2,1768494475488,1033,258,10524,665843,-195476,-178372,0,0,0,524,604,258,521,507,519,531,381,392,360,274,568,0
2,1768494475504,1086,177,10902,853989,-254119,-216246,0,0,0,540,612,242,526,516,527,528,374,396,324,228,580,0
2,1768494475520,976,129,11639,1154535,-285884,-244346,0,0,0,553,618,233,529,523,533,487,375,400,321,221,595,0
2,1768494475536,569,157,12663,1541823,-208915,-246789,0,0,0,559,623,228,533,527,536,454,370,400,324,225,609,0
2,1768494475552,363,124,13280,1924225,-72082,-200363,0,0,0,562,626,217,539,535,537,448,356,392,332,235,613,0
2,1768494475568,512,67,14142,2464230,-2443,-119729,0,0,0,565,624,212,543,541,540,408,360,392,332,237,615,0
2,1768494475584,1402,-19,15338,3050661,-70860,-96516,0,0,0,575,626,221,522,533,532,368,340,391,327,234,621,0
2,1768494475600,2603,-81,16860,3837455,-205250,-263893,0,0,0,578,620,211,516,541,521,316,322,395,319,232,614,0
2,1768494475616,3005,-33,18932,4736649,-301767,-540004,0,0,0,561,609,212,516,545,518,299,277,395,289,210,602,0
2,1768494475632,3359,119,22196,5838649,-389732,-780685,0,0,0,542,600,216,519,534,513,287,206,386,275,194,544,0
2,1768494475648,4962,-732,26345,6994406,-590095,-998153,0,0,0,493,570,183,499,521,501,247,165,369,265,178,507,0
2,1768494475664,7441,-1976,30117,7914370,-693942,-1266934,0,0,0,455,557,173,479,508,475,235,157,340,262,178,491,0
2,1768494475680,7255,-603,32447,8553335,-531452,-1688431,0,0,0,385,518,159,439,454,432,259,184,316,245,176,431,0
2,1768494475696,6451,2325,33998,8848993,-572991,-2068389,0,0,0,266,461,150,378,396,377,292,241,287,187,166,270,0
2,1768494475712,8949,7303,30586,8521570,-828333,-2351831,0,0,0,216,441,152,355,373,361,307,271,275,166,177,206,0
2,1768494475728,11505,16855,17382,7087258,-764803,-2768441,0,0,0,224,443,156,353,368,357,303,273,267,174,186,211,0
2,1768494475744,10433,24168,7370,4309043,-498466,-2967583,0,0,0,231,440,155,343,365,346,295,273,251,188,189,200,0
2,1768494475760,5575,23618,7977,-61086,-388510,-2183232,0,0,0,232,438,155,334,364,342,291,278,241,192,194,191,0
2,1768494475776,3015,16482,9049,-3662747,-755029,-784350,0,0,0,229,436,159,328,364,339,287,285,238,165,191,187,0
2,1768494475792,6637,9107,5273,-4375016,-824668,180816,0,0,0,226,433,157,323,363,337,283,292,236,162,195,184,0
2,1768494475808,8834,6384,2957,-4290717,-64751,381179,0,0,0,228,426,156,327,372,339,279,303,228,161,200,176,0
2,1768494475824,6824,6317,4393,-4373795,1116661,263893,0,0,0,228,424,155,318,378,331,277,317,225,160,211,169,0
2,1768494475840,3924,6073,7379,-4809952,1413542,375071,0,0,0,228,424,154,319,370,330,277,320,225,163,216,169,0
2,1768494475856,3393,5278,9011,-5171585,1448972,560774,0,0,0,224,422,152,318,367,323,277,323,223,165,217,166,0
2,1768494475872,3747,4642,10155,-5483126,1648114,685390,0,0,0,224,423,164,316,367,333,278,325,223,167,222,162,0
2,1768494475888,2933,4331,11969,-5827654,1947438,763581,0,0,0,230,425,158,319,373,328,278,331,223,168,226,159,0
2,1768494475904,2086,3689,13864,-6124534,2098932,878424,0,0,0,231,422,149,321,375,323,281,336,221,178,231,157,0
2,1768494475920,1608,2900,15951,-6272364,2166128,1005484,0,0,0,231,421,148,297,396,308,285,339,223,175,232,155,0
2,1768494475936,1287,2531,17980,-6340781,2232101,1081231,0,0,0,234,419,150,303,393,312,287,341,225,169,230,155,0
2,1768494475952,928,2373,20851,-6475171,2301740,1149648,0,0,0,233,417,150,322,378,324,287,341,226,169,227,157,0
2,1768494475968,938,2153,24182,-6692639,2283414,1282817,0,0,0,230,416,148,322,378,327,287,337,229,168,221,158,0
2,1768494475984,1273,1521,28097,-6902777,2218662,1524719,0,0,0,234,417,150,324,378,330,287,332,232,165,210,158,0
2,1768494476000,1430,-1742,31940,-7039611,2146580,1857030,0,0,0,240,419,157,329,374,333,297,330,238,166,208,161,0
2,1768494476016,1167,-8743,34711,-7021285,2054950,2039068,0,0,0,237,419,149,328,369,332,301,327,241,165,200,160,0
2,1768494476032,1392,-20291,34132,-6620557,1716531,1762957,0,0,0,232,422,148,334,376,340,307,326,249,163,199,160,0
2,1768494476048,3488,-32696,27169,-5550321,1236391,812450,0,0,0,236,433,153,336,361,343,305,320,248,165,195,163,0
2,1768494476064,1871,-43215,17109,-3712838,1276708,-616973,0,0,0,231,433,153,338,365,346,305,328,251,165,200,166,0
2,1768494476080,-8322,-46297,11921,-1507615,1666440,-1684766,0,0,0,233,426,153,338,366,345,305,328,246,164,201,164,0
2,1768494476096,-14362,-43804,13821,287106,696386,-1398881,0,0,0,233,425,154,337,365,344,303,329,243,198,217,164,0
2,1768494476112,-9920,-37884,15204,1870469,-576656,-763581,0,0,0,229,418,154,337,359,345,348,429,242,205,302,148,0
2,1768494476128,-3043,-17578,19928,3336545,-1424537,-95294,0,0,0,237,361,146,306,303,326,404,468,240,209,359,144,0
2,1768494476144,-71,12797,21823,4087910,-3018896,1045801,0,0,0,246,339,150,300,282,330,456,474,249,269,407,143,0
2,1768494476160,-1387,21153,13462,4717101,-4315152,2342057,0,0,0,247,334,152,317,271,348,489,518,251,374,480,150,0
2,1768494476176,-7054,1651,16525,5621181,-2323731,1892460,0,0,0,254,347,156,343,272,364,533,570,265,449,530,160,0
2,1768494476192,-6633,-7408,24742,5079955,-434936,350636,0,0,0,264,385,170,369,301,383,582,598,291,480,545,181,0
2,1768494476208,478,-2278,21071,3083647,-371406,-282219,0,0,0,265,423,188,389,336,410,602,612,307,507,563,232,0
2,1768494476224,3220,1052,13539,1307251,-481361,-21991,0,0,0,278,458,205,416,357,432,621,624,323,524,575,289,0
2,1768494476240,875,311,9140,372627,-295658,340862,0,0,0,320,496,228,437,388,447,625,628,332,527,578,324,0
2,1768494476256,358,-52,9873,243124,-129503,135612,0,0,0,353,510,230,446,403,453,630,631,343,532,581,346,0
2,1768494476272,904,425,10428,171042,-138055,-34208,0,0,0,371,517,238,453,405,464,612,636,355,533,595,378,0
2,1768494476288,1210,832,10265,130725,-174707,-26878,0,0,0,394,525,262,460,411,467,628,635,347,544,591,383,0
2,1768494476304,1057,722,10054,144164,-138055,4886,0,0,0,408,530,259,461,422,469,627,628,344,571,603,393,0
2,1768494476320,933,631,10078,178372,-117286,0,0,0,0,427,540,261,462,433,473,627,617,351,508,524,424,0
2,1768494476336,899,689,10203,223576,-95294,-24434,0,0,0,436,544,259,465,451,472,618,588,352,495,498,437,0
2,1768494476352,923,703,10193,285884,-35430,-35430,0,0,0,441,551,259,466,444,479,607,568,355,464,454,442,0
2,1768494476368,942,593,10102,337197,25656,-41538,0,0,0,437,551,251,476,440,485,596,552,358,374,357,460,0
2,1768494476384,957,497,10026,337197,48869,-48869,0,0,0,437,551,253,482,445,487,586,532,363,318,292,477,0
2,1768494476400,1009,445,10002,326202,54977,-58643,0,0,0,446,558,257,482,449,485,580,506,370,359,324,479,0
2,1768494476416,1095,425,10021,324980,39095,-75747,0,0,0,452,561,252,485,458,484,575,481,372,440,399,476,0
2,1768494476432,1153,392,10026,342084,-10995,-95294,0,0,0,459,560,255,491,472,487,570,465,373,430,379,488,0
2,1768494476448,1139,335,10002,351858,-76969,-114842,0,0,0,469,565,250,501,470,494,575,455,380,324,253,514,0
2,1768494476464,1014,272,9983,342084,-119729,-122173,0,0,0,481,569,251,502,471,496,567,438,381,333,259,528,0
2,1768494476480,947,229,10016,335975,-128281,-114842,0,0,0,481,577,248,497,476,503,561,406,396,437,364,514,0
2,1768494476496,1005,186,10150,365297,-125838,-108734,0,0,0,495,589,248,513,506,509,563,406,385,318,232,542,0
2,1768494476512,1162,129,10327,450818,-158824,-124616,0,0,0,501,594,245,513,507,518,548,396,383,303,218,558,0
2,1768494476528,1273,62,10457,571769,-235793,-160046,0,0,0,509,603,241,522,501,520,549,393,391,311,218,569,0
2,1768494476544,1244,-52,10514,717155,-293215,-208915,0,0,0,514,599,225,531,508,518,539,380,398,320,218,584,0
2,1768494476560,1038,-143,10720,875980,-263893,-250454,0,0,0,527,603,219,533,515,523,527,375,401,325,222,592,0
2,1768494476576,679,-134,11356,1053131,-158824,-255341,0,0,0,537,610,216,535,525,526,506,367,419,324,224,597,0
2,1768494476592,780,-177,12151,1302364,-81855,-227241,0,0,0,543,613,212,540,534,527,483,359,424,331,227,603,0
2,1768494476608,713,-162,13103,1725083,-20769,-199142,0,0,0,546,614,208,546,544,537,456,354,407,336,230,608,0
2,1768494476624,492,-167,13740,2205223,-3665,-144164,0,0,0,552,613,208,548,549,546,420,350,400,330,229,615,0
2,1768494476640,1009,-320,14510,2784323,10995,-97738,0,0,0,563,612,213,545,547,539,381,346,402,330,227,620,0
2,1768494476656,2029,-416,15821,3466049,-3665,-152716,0,0,0,569,619,215,551,555,533,340,319,402,313,224,615,0
2,1768494476672,2751,-373,17803,4306599,-67195,-368962,0,0,0,569,603,214,535,538,537,320,285,405,295,203,604,0
2,1768494476688,2933,-272,20579,5325523,-119729,-602313,0,0,0,568,592,226,544,546,553,273,202,405,280,177,569,0
2,1768494476704,3699,-531,24441,6510601,-196698,-785572,0,0,0,520,573,202,533,531,532,272,158,394,273,172,504,0
2,1768494476720,5273,-1660,28954,7564955,-251676,-960280,0,0,0,480,560,180,509,508,501,265,160,368,263,167,488,0
2,1768494476736,5537,-1718,32371,8425053,-108734,-1193630,0,0,0,420,529,160,463,476,448,263,173,330,253,165,448,0
2,1768494476752,3866,550,34788,8924741,2443,-1414763,0,0,0,340,482,159,405,412,400,286,207,307,217,153,364,0
2,1768494476768,4642,6235,33596,8889310,-355523,-1560149,0,0,0,267,452,162,368,373,371,312,259,290,171,153,244,0
2,1768494476784,7169,16027,24340,8119620,-735481,-1744631,0,0,0,247,438,163,361,364,371,318,282,287,156,156,206,0
2,1768494476800,7298,23685,12806,5922949,-882089,-1809382,0,0,0,248,433,162,355,366,361,313,284,275,156,158,200,0
2,1768494476816,5034,27054,8174,1555262,-995710,-1353677,0,0,0,248,433,162,341,363,345,306,287,258,153,160,191,0
2,1768494476832,2622,20086,10576,-2867401,-1517389,-412944,0,0,0,246,428,160,331,360,340,293,293,249,147,163,183,0
2,1768494476848,4039,10935,9451,-4995655,-2184454,174707,0,0,0,243,423,157,328,361,337,287,297,242,145,166,175,0
2,1768494476864,8332,5829,4828,-4959004,-2127032,31764,0,0,0,243,423,157,325,363,331,297,304,232,147,170,172,0
2,1768494476880,8920,6020,3732,-4930904,-985936,-430049,0,0,0,240,422,153,322,363,325,293,316,229,147,181,167,0
2,1768494476896,6556,6479,5800,-5319414,-26878,-572991,0,0,0,231,422,149,321,360,325,288,317,222,150,199,165,0
2,1768494476912,5302,5656,8111,-5716476,249233,-196698,0,0,0,233,420,153,320,361,324,289,329,226,145,189,163,0
2,1768494476928,5723,4556,9466,-5948605,500909,237015,0,0,0,236,420,151,320,358,322,289,328,226,150,193,161,0
2,1768494476944,5972,3790,11036,-6159965,963945,570548,0,0,0,233,419,151,321,357,323,296,330,227,147,186,158,0
2,1768494476960,4972,3101,13409,-6478836,1352455,723264,0,0,0,246,425,156,321,350,320,291,325,223,147,183,155,0
2,1768494476976,4091,2038,15673,-6748839,1560149,752585,0,0,0,241,419,154,324,354,323,294,332,228,151,187,157,0
2,1768494476992,3598,1134,17827,-6844134,1688431,583987,0,0,0,238,416,154,325,353,325,297,336,230,150,189,155,0
2,1768494477008,3216,813,20234,-6877120,1837482,351858,0,0,0,240,417,154,323,353,323,295,337,229,146,187,154,0
2,1768494477024,2943,890,23618,-6925990,2013411,190589,0,0,0,237,415,154,324,352,325,292,332,229,144,181,154,0
2,1768494477040,3072,373,28102,-6980967,2149023,375071,0,0,0,238,414,154,330,352,329,296,327,232,145,179,155,0
2,1768494477056,3417,-2163,31911,-7013954,2261423,827111,0,0,0,241,417,155,332,354,334,304,327,240,148,181,157,0
2,1768494477072,3139,-8863,34079,-6952868,2420248,1396437,0,0,0,238,418,154,331,355,341,308,328,246,147,179,159,0
2,1768494477088,1895,-20583,33084,-6503271,2251649,1544267,0,0,0,236,418,155,335,360,346,309,328,249,148,182,161,0
2,1768494477104,1450,-31662,28102,-5615073,1803274,1172861,0,0,0,238,423,159,339,360,349,310,328,253,154,197,166,0
2,1768494477120,-1507,-41373,18841,-3843564,1584584,235793,0,0,0,241,425,161,333,354,346,313,326,261,160,202,167,0
2,1768494477136,-9203,-44862,14247,-1820378,1468520,-546113,0,0,0,239,425,161,337,360,351,308,325,257,160,208,167,0
2,1768494477152,-13318,-45599,13448,-51312,653625,-927293,0,0,0,225,396,150,326,333,344,354,431,245,163,265,143,0
2,1768494477168,-12127,-35654,18975,1762957,-919963,-830776,0,0,0,236,338,144,298,276,319,392,483,230,345,449,144,0
2,1768494477184,-6992,-7791,21651,4224743,-3535688,-68416,0,0,0,246,337,150,300,284,337,449,479,252,359,455,169,0
2,1768494477200,-990,6795,16999,6174625,-3689626,874759,0,0,0,268,340,153,333,280,357,494,498,265,309,436,169,0
2,1768494477216,-1923,2646,20086,6553362,-1662775,1133765,0,0,0,275,363,155,362,285,369,519,519,280,307,439,175,0
2,1768494477232,-3905,-4848,25814,4863709,45204,263893,0,0,0,280,395,170,378,301,384,549,549,302,309,445,200,0
2,1768494477248,473,-1689,19191,2943148,-262672,-171042,0,0,0,280,425,189,397,325,412,578,578,323,329,459,249,0
2,1768494477264,2522,727,12170,1573588,-465479,19547,0,0,0,291,461,215,418,357,436,600,600,333,401,499,298,0
2,1768494477280,1507,253,9719,674395,-415388,274889,0,0,0,324,492,244,436,385,450,618,618,338,501,552,329,0
2,1768494477296,612,-186,10571,232128,-302989,134390,0,0,0,355,503,254,442,394,456,628,627,343,557,577,339,0
2,1768494477312,650,320,10662,74525,-233350,-6108,0,0,0,371,514,255,439,395,450,631,631,336,557,582,343,0
2,1768494477328,1000,942,10122,78190,-167377,-32986,0,0,0,386,520,260,443,395,451,633,636,331,560,590,354,0
2,1768494477344,976,866,10007,86742,-101403,-3665,0,0,0,391,520,258,451,399,455,629,629,352,550,578,361,0
2,1768494477360,894,789,10126,112399,-75747,-13439,0,0,0,407,519,261,455,409,459,619,618,364,488,528,391,0
2,1768494477376,856,808,10141,173485,-61086,-30543,0,0,0,421,532,264,458,412,458,603,604,365,371,412,415,0
2,1768494477392,861,794,10088,234572,-32986,-35430,0,0,0,419,533,257,459,420,465,599,598,362,344,377,431,0
2,1768494477408,899,727,10035,278554,0,-35430,0,0,0,428,535,256,461,421,461,589,585,365,329,348,439,0
2,1768494477424,928,636,10007,298102,6108,-41538,0,0,0,430,537,259,461,426,466,590,567,366,347,349,443,0
2,1768494477440,947,593,10007,302989,2443,-50090,0,0,0,442,544,260,467,431,471,587,552,374,324,316,453,0
2,1768494477456,961,583,10011,290771,-2443,-63529,0,0,0,446,551,258,470,433,473,577,526,383,308,293,462,0
2,1768494477472,995,559,10002,284663,-18325,-73303,0,0,0,452,556,261,478,445,479,568,505,388,307,282,473,0
2,1768494477488,1033,502,10007,294437,-47647,-83077,0,0,0,459,559,263,485,457,484,563,483,397,384,345,477,0
2,1768494477504,1005,430,10016,313984,-89186,-94073,0,0,0,467,564,267,486,462,487,552,456,397,469,421,476,0
2,1768494477520,923,387,10026,332310,-119729,-97738,0,0,0,483,575,273,486,467,490,541,435,391,465,413,490,0
2,1768494477536,885,368,10117,355523,-125838,-95294,0,0,0,500,582,272,492,478,499,544,429,399,420,359,517,0
2,1768494477552,952,335,10251,405614,-135612,-97738,0,0,0,504,589,267,504,482,510,544,426,402,322,250,549,0
2,1768494477568,1086,272,10337,486248,-164933,-116064,0,0,0,502,600,249,518,493,517,534,398,385,317,242,566,0
2,1768494477584,1191,157,10514,621860,-227241,-161268,0,0,0,518,607,250,528,508,525,536,386,388,299,227,576,0
2,1768494477600,1172,38,10753,803898,-296880,-211359,0,0,0,536,611,245,527,518,528,518,368,393,391,304,596,0
2,1768494477616,981,-14,11131,1036027,-323758,-245567,0,0,0,533,622,222,535,534,523,506,367,393,325,228,594,0
2,1768494477632,732,0,11873,1292590,-244346,-241902,0,0,0,547,624,224,539,540,525,474,359,396,321,230,598,0
2,1768494477648,545,-14,12744,1609019,-139277,-217468,0,0,0,548,621,216,547,554,529,449,351,409,329,238,603,0
2,1768494477664,478,-67,13486,2024407,-81855,-167377,0,0,0,557,623,214,544,542,536,421,350,413,328,231,607,0
2,1768494477680,713,-153,14185,2618168,-74525,-108734,0,0,0,564,624,213,538,542,534,382,339,404,330,230,614,0
2,1768494477696,1421,-234,15242,3224146,-91629,-117286,0,0,0,570,621,215,531,545,532,339,325,404,323,229,616,0
2,1768494477712,2325,-191,17267,4030488,-152716,-274889,0,0,0,574,618,217,519,540,529,300,298,407,300,212,607,0
2,1768494477728,2914,-100,19846,4946786,-244346,-483805,0,0,0,568,610,218,514,539,521,275,240,399,278,192,580,0
2,1768494477744,3972,-157,23297,6092769,-420275,-737925,0,0,0,541,597,212,509,531,508,263,180,382,269,181,537,0
2,1768494477760,5671,-1268,27839,7206988,-696386,-1004262,0,0,0,498,580,192,490,506,487,250,161,363,264,171,503,0
2,1768494477776,7370,-1856,31351,8115955,-802676,-1326799,0,0,0,445,551,171,469,479,462,246,167,341,257,168,474,0
2,1768494477792,6834,263,33213,8687725,-711047,-1732413,0,0,0,363,495,168,412,424,417,274,200,306,225,162,402,0
2,1768494477808,7394,3508,33553,8797681,-802676,-2035402,0,0,0,236,429,152,349,358,358,305,273,277,159,156,204,0
2,1768494477824,10954,11725,25025,7915591,-875980,-2406809,0,0,0,243,432,166,347,383,365,316,287,284,161,162,212,0
2,1768494477840,12462,20512,12672,5977927,-615752,-2806314,0,0,0,252,428,171,352,369,369,313,287,271,161,163,218,0
2,1768494477856,8557,25087,7212,2232101,-173485,-2704911,0,0,0,258,426,167,343,366,349,314,287,255,160,168,195,0
2,1768494477872,2244,21383,9944,-1896125,-415388,-1609019,0,0,0,248,427,158,322,376,333,320,299,248,154,175,187,0
2,1768494477888,2837,12605,8662,-3759264,-1374446,-140499,0,0,0,235,422,155,323,372,333,309,302,240,151,178,182,0
2,1768494477904,8006,7030,3632,-3913202,-1396437,636521,0,0,0,225,430,149,324,373,331,291,303,232,165,210,173,0
2,1768494477920,9059,6647,2167,-3788586,32986,533896,0,0,0,223,427,146,321,380,326,289,315,229,157,202,167,0
2,1768494477936,5982,7159,4422,-4144109,1094670,433714,0,0,0,229,424,151,317,383,325,290,325,228,146,188,164,0
2,1768494477952,3728,6680,7212,-4795292,1214400,566882,0,0,0,229,424,152,318,376,326,287,327,226,151,197,161,0
2,1768494477968,3881,5498,8513,-5282762,1232726,668286,0,0,0,223,421,150,319,364,326,286,327,224,154,205,159,0
2,1768494477984,3924,4278,9700,-5583308,1621236,610865,0,0,0,224,421,153,320,359,328,289,328,226,152,203,157,0
2,1768494478000,2383,4158,11706,-5788559,1908343,596204,0,0,0,228,419,153,323,360,328,293,334,228,154,206,156,0
2,1768494478016,1416,4206,13931,-6124534,2017077,680503,0,0,0,234,418,153,324,359,327,294,339,231,155,207,159,0
2,1768494478032,1263,3933,16190,-6546031,2069611,790459,0,0,0,234,415,156,324,358,331,293,341,235,149,202,156,0
2,1768494478048,923,3101,18679,-6795264,2167349,823446,0,0,0,237,416,158,324,357,332,295,342,235,148,200,151,0
2,1768494478064,679,2330,21507,-6878342,2223549,847880,0,0,0,232,415,155,323,354,331,293,344,236,148,200,152,0
2,1768494478080,957,1837,25340,-6894225,2262644,944397,0,0,0,232,413,157,327,355,340,294,340,244,149,190,158,0
2,1768494478096,928,741,29791,-7011511,2291966,1277930,0,0,0,234,415,157,325,348,338,297,336,243,157,194,159,0
2,1768494478112,416,-3756,33897,-7160562,2223549,1847256,0,0,0,232,415,154,325,345,339,305,335,248,165,201,157,0
2,1768494478128,320,-13146,35223,-6966307,1988977,2174680,0,0,0,232,418,156,329,350,343,311,337,254,164,204,158,0
2,1768494478144,2397,-25604,32792,-6331007,1445307,1976759,0,0,0,232,420,161,334,355,350,314,338,258,160,202,164,0
2,1768494478160,5144,-38358,23646,-5006651,1062905,905302,0,0,0,233,421,162,336,356,354,315,338,258,159,200,165,0
2,1768494478176,-2718,-44048,15171,-2954144,1551597,-430049,0,0,0,236,423,161,338,355,354,313,338,256,161,201,161,0
2,1768494478192,-13127,-44646,13141,-923628,1364672,-923628,0,0,0,237,422,161,339,352,354,311,339,255,158,199,160,0
2,1768494478208,-13247,-40904,14558,869872,28099,-463035,0,0,0,235,416,155,339,350,349,328,367,248,163,224,150,0
2,1768494478224,-6685,-32557,16578,2260201,-930958,-64751,0,0,0,233,390,147,334,342,344,398,461,241,211,347,137,0
2,1768494478240,268,-5963,22187,3529579,-1894903,284663,0,0,0,248,332,149,306,272,331,439,483,246,303,423,138,0
2,1768494478256,2689,15970,16697,4571715,-3295007,971275,0,0,0,251,335,169,299,272,345,482,486,257,274,418,151,0
2,1768494478272,-847,8973,13653,5938831,-2768441,1430646,0,0,0,251,344,157,334,271,369,503,556,257,417,527,151,0
2,1768494478288,-4838,-3938,21947,5780006,-956614,864985,0,0,0,270,379,171,367,294,399,566,595,295,488,550,179,0
2,1768494478304,-2167,-4800,24192,4199087,-456927,41538,0,0,0,285,430,191,412,332,430,603,613,305,515,569,248,0
2,1768494478320,2426,-291,17272,1866804,-733038,-150272,0,0,0,301,483,208,426,370,441,624,626,331,520,573,314,0
2,1768494478336,1722,282,11155,480140,-508239,105068,0,0,0,344,502,236,443,393,460,630,630,350,530,576,352,0
2,1768494478352,387,76,9375,29321,-149051,123394,0,0,0,368,512,244,449,401,464,634,636,352,552,590,365,0
2,1768494478368,574,387,10241,124616,-70860,-6108,0,0,0,387,518,245,454,407,466,634,635,345,559,594,375,0
2,1768494478384,1033,765,10380,105068,-120951,-26878,0,0,0,406,525,248,458,411,465,634,635,344,555,591,380,0
2,1768494478400,1086,842,10122,63529,-105068,-7330,0,0,0,417,530,254,453,410,460,635,636,350,550,587,386,0
2,1768494478416,957,789,10054,95294,-75747,-9773,0,0,0,423,529,259,450,411,462,627,627,352,541,580,400,0
2,1768494478432,890,804,10131,172263,-62308,-25656,0,0,0,434,530,260,461,419,469,612,610,349,513,543,422,0
2,1768494478448,890,823,10169,254119,-36651,-39095,0,0,0,446,536,262,471,423,468,586,581,362,438,452,456,0
2,1768494478464,909,751,10107,298102,4886,-40317,0,0,0,440,546,261,478,432,473,546,533,389,346,363,458,0
2,1768494478480,923,660,10040,321315,40317,-43982,0,0,0,447,541,258,475,427,476,584,556,366,357,356,466,0
2,1768494478496,942,607,10002,310319,51312,-52534,0,0,0,447,541,249,487,431,481,581,535,371,400,378,469,0
2,1768494478512,990,574,9964,293215,45204,-58643,0,0,0,447,550,253,481,440,483,584,527,381,318,279,492,0
2,1768494478528,1081,555,9964,290771,15882,-64751,0,0,0,456,557,253,477,449,486,568,489,376,398,360,492,0
2,1768494478544,1162,512,9992,309097,-42760,-83077,0,0,0,469,562,263,484,458,495,559,469,380,457,408,486,0
2,1768494478560,1143,459,10026,328645,-97738,-103847,0,0,0,474,569,268,485,463,505,553,446,389,466,416,503,0
2,1768494478576,1014,397,10059,344527,-136833,-119729,0,0,0,480,575,262,494,468,510,551,438,385,379,321,529,0
2,1768494478592,981,349,10126,367740,-149051,-118507,0,0,0,496,583,260,499,488,516,552,433,390,325,257,547,0
2,1768494478608,1115,306,10279,430049,-164933,-128281,0,0,0,510,591,262,505,505,519,546,414,392,319,240,559,0
2,1768494478624,1311,210,10471,546113,-213802,-174707,0,0,0,522,600,264,513,509,519,536,395,396,328,238,570,0
2,1768494478640,1368,119,10725,693942,-271224,-241902,0,0,0,533,608,252,524,517,525,524,387,401,330,236,579,0
2,1768494478656,1095,71,11088,889419,-282219,-293215,0,0,0,537,612,235,534,532,539,508,380,401,327,235,588,0
2,1768494478672,861,4,11519,1155757,-222354,-290771,0,0,0,535,615,227,541,539,546,493,378,400,331,236,598,0
2,1768494478688,823,-47,12165,1457524,-156381,-270002,0,0,0,536,615,216,548,548,536,460,381,397,335,234,602,0
2,1768494478704,579,-23,13036,1849699,-106290,-232128,0,0,0,548,629,220,546,539,536,428,377,400,341,235,607,0
2,1768494478720,392,-33,13811,2331061,-69638,-157603,0,0,0,564,615,218,544,549,536,396,375,392,329,240,614,0
2,1768494478736,689,-138,14601,2912605,-45204,-84299,0,0,0,573,615,220,539,549,542,349,357,399,318,235,617,0
2,1768494478752,1746,-229,16128,3599217,-40317,-128281,0,0,0,583,615,222,534,550,548,303,339,407,307,230,620,0
2,1768494478768,2909,-248,18482,4455651,-69638,-305432,0,0,0,581,614,226,529,551,540,270,294,410,277,200,606,0
2,1768494478784,4034,-220,21502,5480682,-173485,-588874,0,0,0,562,603,220,538,541,529,252,208,406,264,180,552,0
2,1768494478800,5168,-899,25833,6670648,-422718,-913854,0,0,0,526,582,203,522,526,517,240,164,379,262,180,517,0
2,1768494478816,6570,-1866,29863,7676132,-586430,-1196074,0,0,0,479,557,178,493,510,494,235,157,355,251,172,487,0
2,1768494478832,6905,-1024,31983,8451931,-436157,-1543045,0,0,0,413,525,158,447,464,452,254,174,327,233,162,440,0
2,1768494478848,5742,1765,33275,8874650,-288328,-1859473,0,0,0,305,480,153,391,403,397,290,228,296,189,156,311,0
2,1768494478864,6671,7317,30839,8682838,-447153,-2107485,0,0,0,235,444,162,358,373,372,314,282,281,153,159,210,0
2,1768494478880,9083,15616,21004,7684684,-586430,-2410474,0,0,0,242,435,168,355,374,372,311,299,281,155,167,210,0
2,1768494478896,9791,24307,8930,5105611,-394618,-2669481,0,0,0,244,433,163,345,368,355,305,298,269,157,168,200,0
2,1768494478912,5474,25982,8758,271224,-151494,-2117258,0,0,0,244,431,162,331,362,348,302,295,257,153,166,190,0
2,1768494478928,2005,19186,11208,-3835011,-560774,-938289,0,0,0,244,424,159,331,362,339,300,301,244,151,170,179,0
2,1768494478944,4498,9308,8657,-5046968,-1221730,125838,0,0,0,238,423,161,330,368,342,294,311,242,147,178,178,0
2,1768494478960,8322,6317,4560,-4621806,-586430,184481,0,0,0,235,421,154,323,364,332,296,328,233,146,178,166,0
2,1768494478976,7829,6307,4489,-4701218,587652,-25656,0,0,0,229,416,155,324,374,338,291,335,235,148,192,173,0
2,1768494478992,4005,6738,7882,-5378057,1310916,-68416,0,0,0,229,418,153,322,371,332,286,336,227,147,192,165,0
2,1768494479008,2957,5240,9619,-5834984,1263269,193033,0,0,0,231,419,157,324,371,336,285,339,228,146,193,162,0
2,1768494479024,3254,3742,10193,-5911953,1389107,377514,0,0,0,232,417,153,326,367,333,292,343,231,149,196,159,0
2,1768494479040,2598,3187,11428,-5845980,1776396,454483,0,0,0,233,418,151,326,363,333,290,339,229,166,226,156,0
2,1768494479056,1172,3316,13567,-5940053,2029294,552222,0,0,0,234,416,151,328,362,333,292,342,231,163,221,155,0
2,1768494479072,435,3426,15955,-6224716,2019520,717155,0,0,0,236,414,154,331,362,335,295,349,235,148,197,155,0
2,1768494479088,559,3177,17965,-6491054,2001194,840550,0,0,0,235,414,154,330,361,336,294,349,234,147,195,153,0
2,1768494479104,909,2732,20282,-6693861,2072054,919963,0,0,0,232,411,150,330,356,334,297,351,233,147,194,150,0
2,1768494479120,1072,2536,23924,-6849021,2184454,1100779,0,0,0,235,411,151,330,353,335,300,351,237,149,193,152,0
2,1768494479136,818,2134,28164,-7032280,2254092,1490511,0,0,0,237,410,155,330,350,339,305,355,242,150,195,154,0
2,1768494479152,-9,-770,32299,-7230200,2213775,2184454,0,0,0,235,409,156,333,350,344,313,357,253,146,188,154,0
2,1768494479168,-670,-9174,34410,-7114136,1949881,2714685,0,0,0,235,410,154,338,352,348,314,355,253,149,188,155,0
2,1768494479184,990,-21033,33395,-6577796,1287703,2621833,0,0,0,234,414,156,339,362,349,314,357,253,151,192,156,0
2,1768494479200,6010,-33673,25470,-5305975,692721,1382998,0,0,0,235,417,160,342,366,355,315,364,257,151,194,162,0
2,1768494479216,3833,-41210,16994,-3554013,1018923,-240680,0,0,0,239,420,164,341,363,355,316,365,258,150,194,163,0
2,1768494479232,-9619,-42660,13586,-1431868,1474628,-1423316,0,0,0,239,419,161,338,362,353,313,364,253,148,195,159,0
2,1768494479248,-14390,-41091,14711,118507,239459,-940732,0,0,0,239,417,159,334,357,348,315,362,251,148,196,156,0
2,1768494479264,-8408,-37204,15056,1578475,-933402,-309097,0,0,0,233,406,152,333,349,345,353,407,248,162,254,144,0
2,1768494479280,-124,-24656,18037,2979800,-1378111,-30543,0,0,0,234,369,145,316,320,334,407,453,244,188,343,131,0
2,1768494479296,4268,8384,20713,3919311,-2371378,434936,0,0,0,242,341,149,297,291,329,437,462,246,215,388,134,0
2,1768494479312,3776,19253,14773,4758640,-2913827,1087340,0,0,0,250,348,152,308,288,341,466,480,255,248,410,146,0
2,1768494479328,-2201,3292,15194,5798332,-1381777,1423316,0,0,0,260,358,152,332,284,353,503,518,261,332,458,160,0
2,1768494479344,-5384,-6556,21966,5324301,-90408,746477,0,0,0,264,365,160,352,277,369,536,569,267,459,530,167,0
2,1768494479360,-784,-2124,21258,3573561,-346971,-295658,0,0,0,270,390,176,375,298,396,575,595,299,495,552,198,0
2,1768494479376,2512,1148,14367,2163684,-620639,-169820,0,0,0,278,434,194,397,327,412,609,611,348,517,560,252,0
2,1768494479392,1761,263,10983,1070235,-486248,171042,0,0,0,286,474,208,421,368,434,615,616,334,550,584,303,0
2,1768494479408,306,-827,10863,371406,-273667,195476,0,0,0,319,495,226,428,394,450,623,623,345,507,569,346,0
2,1768494479424,445,129,10605,117286,-190589,19547,0,0,0,352,504,243,435,397,466,620,620,353,503,565,371,0
2,1768494479440,871,823,10193,103847,-134390,-35430,0,0,0,367,512,252,436,395,459,630,630,348,506,573,382,0
2,1768494479456,933,775,10045,118507,-80634,-8552,0,0,0,374,513,249,444,402,460,626,627,344,504,569,384,0
2,1768494479472,847,665,10074,120951,-61086,1221,0,0,0,397,516,253,454,407,462,615,615,345,462,524,397,0
2,1768494479488,804,717,10145,164933,-69638,-14660,0,0,0,416,520,255,460,413,458,615,612,359,418,465,412,0
2,1768494479504,804,741,10131,255341,-52534,-28099,0,0,0,416,522,251,462,422,463,611,606,359,381,413,427,0
2,1768494479520,789,655,10088,311541,-14660,-31764,0,0,0,415,526,249,468,431,470,599,593,350,360,384,442,0
2,1768494479536,808,559,10050,310319,28099,-32986,0,0,0,422,530,249,473,435,474,594,575,350,387,399,447,0
2,1768494479552,847,516,10031,298102,50090,-39095,0,0,0,427,534,250,475,438,477,595,556,360,414,401,451,0
2,1768494479568,899,492,10026,295658,58643,-54977,0,0,0,429,537,246,479,444,479,598,541,377,369,329,471,0
2,1768494479584,947,469,10035,320093,51312,-68416,0,0,0,435,539,240,479,446,485,590,512,377,341,304,487,0
2,1768494479600,995,425,10040,346971,25656,-81855,0,0,0,446,547,237,484,452,486,579,477,378,463,425,474,0
2,1768494479616,1014,335,10011,348193,-23212,-92851,0,0,0,455,555,241,496,460,494,576,463,388,456,408,493,0
2,1768494479632,995,258,10002,326202,-79412,-103847,0,0,0,473,562,247,497,465,504,575,460,381,319,258,528,0
2,1768494479648,933,248,10040,307876,-123394,-109955,0,0,0,483,571,251,500,470,501,577,453,386,313,234,540,0
2,1768494479664,923,248,10141,328645,-136833,-109955,0,0,0,489,575,250,505,473,518,558,428,393,310,234,550,0
2,1768494479680,1000,196,10256,383623,-156381,-116064,0,0,0,501,588,253,515,523,501,558,410,400,312,232,557,0
2,1768494479696,1119,95,10323,467922,-193033,-141720,0,0,0,512,592,254,521,511,517,550,397,406,313,226,572,0
2,1768494479712,1191,0,10447,583987,-234572,-194255,0,0,0,522,595,252,526,504,532,546,392,413,319,230,585,0
2,1768494479728,1191,-62,10705,739146,-267558,-251676,0,0,0,533,602,239,534,516,545,532,385,410,319,229,592,0
2,1768494479744,985,-71,11265,946841,-234572,-293215,0,0,0,547,608,227,532,524,547,510,376,411,320,229,600,0
2,1768494479760,670,-71,12184,1244943,-155159,-300545,0,0,0,555,613,226,532,531,541,488,369,419,331,237,608,0
2,1768494479776,521,-90,13046,1613905,-87964,-266337,0,0,0,557,616,222,545,543,542,461,361,423,339,240,615,0
2,1768494479792,483,-100,13811,2133141,-46425,-194255,0,0,0,559,608,210,549,550,546,428,356,422,333,236,622,0
2,1768494479808,856,-148,14716,2714685,-26878,-142942,0,0,0,563,605,205,544,543,549,392,349,404,330,233,628,0
2,1768494479824,1904,-201,16156,3440393,-39095,-189368,0,0,0,572,610,219,534,546,541,350,335,404,318,232,615,0
2,1768494479840,2938,-114,18415,4389677,-86742,-433714,0,0,0,584,610,220,528,545,533,291,294,405,302,216,628,0
2,1768494479856,3005,105,21387,5463578,-116064,-695164,0,0,0,570,603,212,528,544,531,271,217,421,281,193,580,0
2,1768494479872,4230,-234,25551,6827029,-188146,-908967,0,0,0,524,584,198,520,528,523,263,198,401,262,180,518,0
2,1768494479888,6221,-1359,29734,7964460,-161268,-1123992,0,0,0,478,566,183,496,499,503,259,170,372,256,172,492,0
2,1768494479904,6465,-1416,33055,8768359,81855,-1409876,0,0,0,416,530,164,452,463,453,268,179,335,244,164,454,0
2,1768494479920,4848,1459,35094,9172752,190589,-1701870,0,0,0,309,474,149,394,399,397,296,223,297,200,152,328,0
2,1768494479936,6183,5900,33658,9065240,61086,-1931555,0,0,0,249,444,155,364,366,376,316,260,285,168,153,236,0
2,1768494479952,8887,14759,23244,7931474,-84299,-2359161,0,0,0,242,440,157,358,363,367,319,278,281,160,157,208,0
2,1768494479968,8523,22919,10744,5340183,-134390,-2698802,0,0,0,243,440,155,348,362,352,313,286,268,155,158,196,0
2,1768494479984,3383,25278,7815,805120,-295658,-2112371,0,0,0,242,439,160,334,360,341,308,289,255,149,158,187,0
2,1768494480000,296,17894,9978,-3084869,-1192408,-565661,0,0,0,244,430,157,334,360,340,305,294,247,151,160,183,0
2,1768494480016,3019,9255,7666,-4554611,-2123367,588874,0,0,0,241,425,155,331,360,338,301,296,239,150,165,179,0
2,1768494480032,7944,6058,3287,-4285830,-1833817,587652,0,0,0,236,424,160,329,365,339,295,297,234,147,171,174,0
2,1768494480048,9298,5857,2167,-4320038,-799011,158824,0,0,0,240,424,160,329,371,335,293,310,229,147,175,169,0
2,1768494480064,6901,6288,4580,-4809952,282219,-266337,0,0,0,237,421,156,325,368,327,286,311,223,147,175,166,0
2,1768494480080,4804,5699,7240,-5298645,609643,-272445,0,0,0,236,421,155,325,369,330,286,316,225,143,177,164,0
2,1768494480096,4383,4910,8896,-5689598,744033,-72082,0,0,0,231,421,154,321,368,326,288,323,223,142,178,159,0
2,1768494480112,4895,4211,10026,-6017022,1012814,182037,0,0,0,234,420,151,323,365,326,289,324,224,143,180,155,0
2,1768494480128,4694,3517,12002,-6334672,1481959,423940,0,0,0,237,419,152,322,365,326,290,326,227,144,181,155,0
2,1768494480144,4044,2933,14252,-6549697,1815491,637743,0,0,0,238,418,152,325,367,327,291,334,228,145,186,155,0
2,1768494480160,3603,2397,16855,-6695083,1986533,825889,0,0,0,238,417,152,325,362,326,292,337,228,143,186,151,0
2,1768494480176,3579,2005,19569,-6818477,2107485,923628,0,0,0,238,416,151,326,360,325,295,336,229,151,188,149,0
2,1768494480192,3709,1517,23560,-6980967,2289522,946841,0,0,0,239,415,149,329,361,328,296,333,231,154,188,149,0
2,1768494480208,3445,794,28145,-7171557,2464230,1060462,0,0,0,240,416,151,331,358,331,295,331,232,144,179,149,0
2,1768494480224,2517,-1201,32768,-7400021,2558303,1516167,0,0,0,244,416,154,334,357,338,300,330,240,146,176,153,0
2,1768494480240,1048,-7566,35371,-7415904,2585181,2235766,0,0,0,246,418,155,337,357,344,307,324,247,152,174,157,0
2,1768494480256,-847,-17506,35965,-7028615,2386039,2664594,0,0,0,242,422,155,340,359,346,310,320,251,162,178,156,0
2,1768494480272,-459,-29341,31988,-6124534,1617571,2366491,0,0,0,241,424,153,340,359,346,319,327,264,150,169,160,0
2,1768494480288,1263,-40047,21957,-4510628,1086118,987158,0,0,0,238,429,156,341,367,354,312,338,255,146,185,162,0
2,1768494480304,-3843,-46446,13586,-2422691,1191187,-860098,0,0,0,243,427,156,340,362,348,312,331,257,150,178,163,0
2,1768494480320,-13342,-46202,12763,-574213,923628,-1808161,0,0,0,245,424,163,339,362,358,310,332,258,147,178,163,0
2,1768494480336,-13261,-40607,14855,1087340,-280998,-1525941,0,0,0,232,419,154,344,361,350,326,407,248,219,325,147,0
2,1768494480352,-5436,-27609,18310,2755002,-1358564,-1021366,0,0,0,242,362,140,338,311,331,387,476,233,315,437,144,0
2,1768494480368,3555,6982,22325,3556457,-2653598,-431270,0,0,0,252,331,141,323,285,332,446,479,245,263,414,139,0
2,1768494480384,6379,24388,16056,4123340,-3846007,299323,0,0,0,268,339,163,325,278,362,487,489,272,253,409,156,0
2,1768494480400,1359,9724,11217,5353622,-3165503,941954,0,0,0,274,351,172,345,280,383,512,513,290,318,445,173,0
2,1768494480416,-4340,-5422,19956,5519778,-1127657,797790,0,0,0,286,373,175,370,292,393,542,542,306,409,490,183,0
2,1768494480432,-2345,-3479,22847,4036597,-460592,72082,0,0,0,295,410,188,393,315,416,581,581,324,486,535,217,0
2,1768494480448,1454,751,16286,2263866,-563217,-41538,0,0,0,288,452,203,413,351,444,604,604,337,453,528,286,0
2,1768494480464,1708,555,11194,884532,-460592,149051,0,0,0,315,483,222,432,380,454,606,606,355,364,477,346,0
2,1768494480480,248,-473,10011,184481,-234572,179594,0,0,0,343,495,230,453,402,454,617,617,363,401,497,366,0
2,1768494480496,373,378,10308,98960,-151494,29321,0,0,0,354,506,242,444,407,460,637,638,371,477,557,364,0
2,1768494480512,799,957,10294,103847,-128281,-29321,0,0,0,366,515,241,444,408,450,636,635,378,491,566,365,0
2,1768494480528,875,928,10122,92851,-96516,-12217,0,0,0,370,515,241,449,411,452,632,631,376,371,466,393,0
2,1768494480544,794,832,10054,91629,-62308,-4886,0,0,0,380,519,245,452,411,455,630,630,379,364,445,399,0
2,1768494480560,746,880,10112,140499,-45204,-21991,0,0,0,383,520,250,455,418,463,634,630,377,352,415,410,0
2,1768494480576,746,923,10131,222354,-13439,-34208,0,0,0,386,520,246,457,419,463,630,614,382,336,381,417,0
2,1768494480592,765,885,10098,280998,24434,-37873,0,0,0,389,521,241,465,423,469,624,593,386,328,358,427,0
2,1768494480608,794,775,10031,312763,59864,-39095,0,0,0,392,525,239,466,426,471,619,574,392,321,328,440,0
2,1768494480624,832,698,9973,309097,69638,-48869,0,0,0,394,525,234,464,428,474,609,549,395,322,314,446,0
2,1768494480640,880,660,9964,294437,64751,-59864,0,0,0,395,522,231,462,431,478,613,525,400,385,373,445,0
2,1768494480656,957,655,9987,295658,35430,-68416,0,0,0,402,524,232,466,436,481,593,498,413,458,438,445,0
2,1768494480672,1014,631,10002,306654,-8552,-80634,0,0,0,414,532,232,482,443,487,561,474,420,425,391,458,0
2,1768494480688,971,564,9997,313984,-61086,-95294,0,0,0,429,541,238,490,452,494,609,479,406,319,277,490,0
2,1768494480704,861,488,10021,304210,-90408,-96516,0,0,0,451,547,245,489,454,497,601,460,407,324,267,508,0
2,1768494480720,832,449,10088,302989,-101403,-91629,0,0,0,464,554,249,500,466,506,605,434,418,421,357,504,0
2,1768494480736,890,435,10165,320093,-100181,-91629,0,0,0,466,570,249,510,478,524,593,429,429,304,236,538,0
2,1768494480752,976,382,10222,367740,-107512,-102625,0,0,0,480,572,241,513,479,528,589,407,414,296,221,552,0
2,1768494480768,1081,311,10294,443488,-140499,-128281,0,0,0,495,588,246,529,495,536,575,391,414,300,214,566,0
2,1768494480784,1249,220,10485,576656,-193033,-179594,0,0,0,505,595,241,532,498,541,566,385,408,313,228,585,0
2,1768494480800,1349,162,10782,746477,-233350,-248011,0,0,0,523,606,228,542,519,548,543,378,406,310,226,593,0
2,1768494480816,1095,148,11304,965167,-230907,-316428,0,0,0,527,606,213,554,533,561,524,381,424,310,223,602,0
2,1768494480832,574,110,12074,1255938,-174707,-310319,0,0,0,529,605,211,555,539,569,515,378,435,313,222,608,0
2,1768494480848,469,23,12644,1589471,-98960,-257785,0,0,0,541,614,215,551,539,561,489,363,446,316,223,615,0
2,1768494480864,368,19,13256,2035402,-23212,-182037,0,0,0,554,615,213,552,543,553,446,348,446,319,225,625,0
2,1768494480880,670,-38,14103,2552194,14660,-107512,0,0,0,561,607,211,563,564,538,407,342,428,323,228,627,0
2,1768494480896,1512,-143,15214,3132516,1221,-123394,0,0,0,566,611,216,564,576,510,365,334,423,326,234,621,0
2,1768494480912,2263,-162,16793,3909537,-63529,-285884,0,0,0,568,616,213,528,543,533,314,293,420,306,220,623,0
2,1768494480928,2718,-134,18702,4764748,-123394,-482583,0,0,0,567,609,219,533,538,533,284,243,418,287,196,590,0
2,1768494480944,3699,-363,21995,5937610,-193033,-740368,0,0,0,556,593,213,537,538,527,280,189,402,265,176,530,0
2,1768494480960,4766,-1225,26101,6994406,-249233,-952949,0,0,0,511,566,201,521,516,521,267,157,391,264,177,498,0
2,1768494480976,6034,-2077,29705,7887491,-100181,-1163087,0,0,0,469,545,178,483,488,488,262,167,363,250,167,468,0
2,1768494480992,5068,-746,31643,8442157,229685,-1447750,0,0,0,395,511,162,437,447,434,275,183,317,229,159,422,0
2,1768494481008,4326,1751,32983,8655960,250454,-1677435,0,0,0,267,457,157,384,393,388,298,224,290,237,168,277,0
2,1768494481024,5843,7341,30251,8372518,-42760,-1904677,0,0,0,236,446,156,365,379,374,313,254,287,179,153,218,0
2,1768494481040,6901,16927,19124,7031058,-433714,-2194227,0,0,0,244,444,159,360,376,367,313,267,285,157,148,206,0
2,1768494481056,6211,23924,9303,4155105,-814894,-2108706,0,0,0,250,441,162,354,367,358,308,267,269,155,149,196,0
2,1768494481072,4436,22172,9274,-460592,-946841,-1125213,0,0,0,245,435,162,342,361,350,303,271,258,150,150,190,0
2,1768494481088,3843,15238,10174,-3551570,-1154535,-118507,0,0,0,237,428,164,330,361,346,300,282,255,146,156,189,0
2,1768494481104,5537,8346,7705,-4448320,-1415985,398284,0,0,0,235,425,164,327,364,343,297,289,249,143,162,181,0
2,1768494481120,7571,6590,4795,-4427551,-1089783,150272,0,0,0,233,426,162,326,366,340,293,294,240,139,163,168,0
2,1768494481136,7743,6202,4513,-4762305,-441044,-226020,0,0,0,235,425,158,322,364,335,288,300,233,143,172,164,0
2,1768494481152,6255,5518,6192,-5320636,317649,-583987,0,0,0,234,422,156,318,360,327,284,305,228,151,198,164,0
2,1768494481168,4723,4536,7772,-5564982,715934,-631634,0,0,0,233,423,155,317,362,328,287,311,228,147,199,155,0
2,1768494481184,3895,4139,9030,-5685933,965167,-470366,0,0,0,237,423,155,323,359,326,289,322,227,146,203,150,0
2,1768494481200,3618,4120,10638,-5903401,1219287,-116064,0,0,0,233,421,153,325,361,330,285,319,227,148,203,150,0
2,1768494481216,3570,3919,12529,-6202725,1491732,290771,0,0,0,248,421,152,332,358,328,293,323,227,151,203,149,0
2,1768494481232,3608,3302,14491,-6456845,1736079,635299,0,0,0,241,417,152,328,354,330,292,324,229,151,203,149,0
2,1768494481248,3632,2507,16984,-6609561,1943773,840550,0,0,0,242,417,152,328,354,330,293,327,232,152,205,151,0
2,1768494481264,3780,2062,19827,-6770830,2101376,905302,0,0,0,246,418,155,329,352,331,294,329,233,151,203,150,0
2,1768494481280,4139,1593,23895,-7027393,2269975,943175,0,0,0,247,417,156,332,352,335,294,326,233,150,198,148,0
2,1768494481296,4608,402,28351,-7219205,2431243,1121548,0,0,0,249,417,156,333,350,336,299,327,239,181,203,153,0
2,1768494481312,4848,-2775,32098,-7238753,2604729,1556484,0,0,0,251,417,157,335,350,341,304,326,245,176,190,158,0
2,1768494481328,2770,-10614,34472,-6918659,2853962,2221106,0,0,0,249,419,156,341,354,349,305,321,246,143,168,154,0
2,1768494481344,-569,-21210,34606,-6282138,2638937,2625498,0,0,0,249,421,153,345,355,351,310,320,248,146,168,151,0
2,1768494481360,-464,-32935,28049,-5193576,1725083,2302961,0,0,0,250,421,154,346,354,349,318,323,258,149,171,157,0
2,1768494481376,-157,-43302,18143,-3582113,1174082,1253495,0,0,0,251,420,155,343,350,346,321,334,256,162,189,165,0
2,1768494481392,-5192,-48599,11950,-1560149,1238834,-318871,0,0,0,244,395,154,337,334,336,340,396,250,211,281,179,0
2,1768494481408,-14070,-46082,17544,554665,309097,-1034805,0,0,0,246,354,152,326,317,343,413,456,252,192,317,141,0
2,1768494481424,-15525,-28714,23551,3404962,-2566855,-575435,0,0,0,258,344,149,304,285,329,434,459,247,218,367,155,0
2,1768494481440,-4838,-248,19669,6082996,-4935791,354301,0,0,0,264,345,152,320,282,350,452,491,255,302,435,157,0
2,1768494481456,268,5628,18066,6728069,-2928487,800233,0,0,0,279,363,156,346,286,367,485,494,265,288,422,165,0
2,1768494481472,-2201,-713,22416,5643173,-458148,522900,0,0,0,286,383,157,370,301,379,511,512,284,278,414,182,0
2,1768494481488,-1368,-2493,21148,3666413,-19547,-164933,0,0,0,288,408,172,391,321,398,541,541,302,281,401,217,0
2,1768494481504,1756,220,14352,2124589,-355523,-246789,0,0,0,284,439,195,404,342,420,567,567,322,300,405,269,0
2,1768494481520,2225,1392,10031,1279151,-459370,86742,0,0,0,303,476,220,418,370,437,581,582,338,374,426,305,0
2,1768494481536,933,-19,10385,459370,-420275,191811,0,0,0,339,500,241,430,394,446,596,596,343,462,482,315,0
2,1768494481552,368,-220,11031,-8552,-408057,76969,0,0,0,361,507,249,435,403,449,614,615,340,519,559,315,0
2,1768494481568,550,727,10528,-98960,-335975,-20769,0,0,0,375,517,246,442,405,447,618,622,337,576,593,312,0
2,1768494481584,722,1110,10093,-28099,-189368,-4886,0,0,0,358,518,245,436,405,447,614,622,334,570,587,305,0
2,1768494481600,741,1038,10064,10995,-68416,3665,0,0,0,361,521,246,439,409,444,611,622,322,568,587,299,0
2,1768494481616,703,933,10102,20769,-32986,-14660,0,0,0,361,522,246,437,407,446,608,624,321,569,591,298,0
2,1768494481632,698,947,10074,37873,-17104,-29321,0,0,0,362,521,244,440,408,436,598,616,320,565,585,298,0
2,1768494481648,708,971,10021,61086,1221,-32986,0,0,0,356,521,238,439,409,440,586,608,311,561,582,293,0
2,1768494481664,713,966,9973,75747,14660,-32986,0,0,0,351,522,238,437,410,437,585,609,315,550,575,288,0
2,1768494481680,737,952,9940,85521,10995,-31764,0,0,0,366,523,254,435,412,440,587,594,323,423,470,313,0
2,1768494481696,760,961,9940,98960,0,-32986,0,0,0,368,521,247,437,414,441,583,584,324,347,419,329,0
2,1768494481712,784,971,9959,124616,-12217,-36651,0,0,0,373,518,244,443,416,441,579,582,324,412,465,318,0
2,1768494481728,789,966,9964,153938,-24434,-40317,0,0,0,389,521,249,447,422,443,574,576,326,384,427,331,0
2,1768494481744,794,938,9964,183259,-42760,-45204,0,0,0,404,531,254,448,424,444,573,574,326,332,376,351,0
2,1768494481760,784,890,9954,204028,-56199,-50090,0,0,0,419,541,260,452,426,446,577,575,326,327,363,367,0
2,1768494481776,770,827,9959,210137,-67195,-52534,0,0,0,437,549,262,459,433,453,578,567,337,339,359,384,0
2,1768494481792,770,808,9973,211359,-75747,-53756,0,0,0,458,556,261,465,439,458,577,551,351,353,359,404,0
2,1768494481808,813,823,10016,234572,-90408,-54977,0,0,0,472,571,266,470,452,463,570,529,358,317,301,436,0
2,1768494481824,866,808,10126,313984,-106290,-68416,0,0,0,488,593,282,480,464,466,566,495,365,337,300,467,0
2,1768494481840,885,746,10236,404392,-116064,-89186,0,0,0,501,601,300,501,482,487,545,453,371,478,431,477,0
2,1768494481856,904,665,10337,505796,-124616,-123394,0,0,0,514,619,341,516,493,510,538,423,377,462,413,499,0
2,1768494481872,1000,579,10552,625526,-146607,-167377,0,0,0,515,625,307,521,509,517,523,398,403,428,364,539,0
2,1768494481888,1139,478,10916,792903,-211359,-224798,0,0,0,527,625,278,536,520,543,525,382,388,395,323,570,0
2,1768494481904,1134,330,11514,1108109,-335975,-293215,0,0,0,538,628,243,542,554,552,511,380,385,343,265,585,0
2,1768494481920,650,358,12471,1518610,-387288,-311541,0,0,0,548,630,229,541,557,544,489,378,391,332,244,597,0
2,1768494481936,19,531,13735,2014633,-276111,-233350,0,0,0,565,637,224,542,568,541,451,369,383,341,246,607,0
2,1768494481952,358,454,14424,2519208,-160046,-122173,0,0,0,578,639,221,544,580,537,409,365,376,345,251,610,0
2,1768494481968,1139,320,15190,3053104,-177150,-89186,0,0,0,589,635,221,530,574,523,363,364,375,334,249,608,0
2,1768494481984,2057,258,16716,3726277,-320093,-178372,0,0,0,591,632,225,513,557,519,322,350,381,309,234,598,0
2,1768494482000,3263,205,18860,4554611,-515570,-403171,0,0,0,577,626,220,509,554,515,293,304,392,288,209,578,0
2,1768494482016,4273,177,21483,5540547,-742812,-734260,0,0,0,557,617,207,498,556,500,259,240,382,278,192,547,0
2,1768494482032,5288,-325,25202,6697526,-1048244,-1095892,0,0,0,523,595,205,485,537,496,232,192,357,263,184,516,0
2,1768494482048,7217,-1201,28284,7597941,-1281595,-1426981,0,0,0,478,561,194,468,507,478,234,165,345,260,174,503,0
2,1768494482064,7958,-717,29648,8227133,-1238834,-1860695,0,0,0,413,531,168,439,465,430,253,177,313,257,170,459,0
2,1768494482080,6326,1746,31174,8508131,-1144761,-2228436,0,0,0,318,473,157,385,406,383,274,225,279,212,167,355,0
2,1768494482096,8169,5010,29825,8329758,-1251052,-2444682,0,0,0,247,437,157,352,365,351,293,274,258,163,163,214,0
2,1768494482112,11299,12950,21268,7420790,-1144761,-2735454,0,0,0,246,435,164,349,364,354,299,284,260,162,163,211,0
2,1768494482128,10107,22679,10059,4820948,-828333,-2517986,0,0,0,242,440,162,343,373,350,297,281,255,159,160,202,0
2,1768494482144,6063,25570,7293,652404,-598647,-1073901,0,0,0,236,438,157,339,376,346,297,286,250,153,162,187,0
2,1768494482160,4843,17310,8710,-2643824,-819781,1005484,0,0,0,232,429,157,335,372,345,292,293,245,146,165,178,0
2,1768494482176,8236,8121,5972,-3737273,-750142,2169793,0,0,0,232,425,158,332,371,343,289,302,239,143,168,175,0
2,1768494482192,9116,6130,3598,-3447723,324980,1653001,0,0,0,232,425,157,328,372,338,286,311,235,141,172,169,0
2,1768494482208,5594,7087,4934,-3749490,1225395,937067,0,0,0,231,424,156,323,371,334,282,318,231,140,176,165,0
2,1768494482224,2316,7451,7585,-4554611,1296256,574213,0,0,0,231,423,155,322,369,333,279,323,229,140,179,163,0
2,1768494482240,2488,5876,8671,-5191132,1219287,409279,0,0,0,234,421,156,322,369,329,278,328,227,137,182,153,0
2,1768494482256,2584,4618,9514,-5467243,1497841,222354,0,0,0,232,420,157,323,369,329,281,337,229,137,183,152,0
2,1768494482272,1301,4187,11213,-5627290,1897347,81855,0,0,0,238,420,157,323,366,328,284,337,230,146,188,151,0
2,1768494482288,4,4158,13472,-5916840,2025629,128281,0,0,0,235,422,158,325,365,325,283,341,227,197,223,150,0
2,1768494482304,-210,3886,15333,-6202725,2048842,246789,0,0,0,234,423,153,327,367,325,284,342,229,143,188,147,0
2,1768494482320,-4,3460,17114,-6396980,2113593,376292,0,0,0,232,421,152,326,365,327,281,342,226,139,187,145,0
2,1768494482336,38,3149,19564,-6533814,2200336,544891,0,0,0,236,421,156,326,364,328,283,346,228,140,188,144,0
2,1768494482352,406,2909,22407,-6699969,2217440,783129,0,0,0,235,420,154,324,361,327,285,345,231,139,186,144,0
2,1768494482368,1296,2421,25862,-6895446,2234545,1104444,0,0,0,235,420,154,326,362,329,286,342,232,139,183,147,0
2,1768494482384,1761,1048,29432,-7023728,2280970,1486845,0,0,0,232,418,161,327,361,340,290,339,248,143,182,156,0
2,1768494482400,1287,-4292,33117,-6940650,2307848,1987755,0,0,0,228,420,161,327,364,342,295,336,252,142,182,158,0
2,1768494482416,-928,-12380,35170,-6609561,2243097,2268753,0,0,0,229,423,155,339,368,341,306,335,251,144,180,156,0
2,1768494482432,-3259,-24020,32959,-6039013,1615127,2222327,0,0,0,239,425,154,359,366,342,317,334,255,155,177,158,0
2,1768494482448,1593,-39607,21861,-4773300,538783,1216843,0,0,0,248,427,156,372,362,342,319,331,253,162,174,159,0
2,1768494482464,1799,-49652,11313,-2664594,691499,-678060,0,0,0,239,425,155,369,364,347,315,352,247,184,220,158,0
2,1768494482480,-11466,-48169,11548,-280998,1284038,-2208888,0,0,0,217,412,150,327,356,342,323,422,233,251,370,155,0
2,1768494482496,-17501,-36463,21545,1692096,-660956,-1538158,0,0,0,235,363,144,311,315,331,421,462,245,188,333,138,0
2,1768494482512,-7006,-12706,23976,3885102,-4067140,-377514,0,0,0,247,340,152,298,284,338,448,472,253,220,381,146,0
2,1768494482528,2809,4814,17305,5845980,-5309640,285884,0,0,0,268,340,155,336,272,364,482,531,261,349,473,145,0
2,1768494482544,1502,3598,18114,6346889,-3260798,781907,0,0,0,270,353,162,345,272,385,513,547,261,390,493,149,0
2,1768494482560,-4742,-2842,23761,5095837,-768468,665843,0,0,0,270,373,153,362,290,381,551,558,268,353,474,163,0
2,1768494482576,-2201,-1416,19990,3341432,-365297,-39095,0,0,0,283,406,175,392,303,395,561,562,309,415,481,192,0
2,1768494482592,1866,904,13218,2131919,-492357,-183259,0,0,0,281,433,191,403,332,418,587,587,324,401,489,238,0
2,1768494482608,2349,789,10045,1227839,-476474,90408,0,0,0,281,460,200,415,360,433,613,613,339,444,529,280,0
2,1768494482624,622,-143,10686,456927,-343306,185703,0,0,0,293,479,228,425,380,448,624,624,344,508,567,313,0
2,1768494482640,81,110,10815,92851,-257785,81855,0,0,0,315,491,258,431,390,461,629,629,349,536,581,332,0
2,1768494482656,583,813,10227,51312,-186924,-8552,0,0,0,338,499,258,437,395,462,636,636,351,538,583,336,0
2,1768494482672,842,976,10021,67195,-112399,-9773,0,0,0,348,502,241,441,399,458,642,641,343,541,588,338,0
2,1768494482688,760,875,10102,67195,-58643,4886,0,0,0,351,504,238,444,403,462,642,642,344,543,590,349,0
2,1768494482704,684,880,10098,80634,-36651,-7330,0,0,0,359,508,240,447,401,461,639,639,348,535,579,351,0
2,1768494482720,698,933,10078,123394,-23212,-19547,0,0,0,370,517,251,460,400,460,633,633,350,489,533,363,0
2,1768494482736,732,938,10069,185703,-4886,-24434,0,0,0,380,517,250,465,408,462,615,615,358,355,404,405,0
2,1768494482752,756,847,10031,223576,6108,-24434,0,0,0,380,517,243,466,408,463,614,613,353,344,375,407,0
2,1768494482768,765,780,10002,230907,8552,-26878,0,0,0,375,512,235,465,406,466,610,609,357,341,366,418,0
2,1768494482784,775,756,9987,226020,10995,-35430,0,0,0,379,515,238,469,412,473,605,577,364,330,348,424,0
2,1768494482800,789,727,9978,219911,12217,-43982,0,0,0,381,515,237,470,411,472,596,581,365,323,331,433,0
2,1768494482816,808,698,9978,218689,7330,-50090,0,0,0,388,519,241,471,412,474,592,578,376,351,354,438,0
2,1768494482832,827,660,9992,215024,0,-58643,0,0,0,392,524,240,472,414,483,593,570,383,347,338,442,0
2,1768494482848,837,636,9992,208915,-13439,-63529,0,0,0,395,524,238,471,416,487,592,565,387,373,331,442,0
2,1768494482864,842,617,9968,202807,-40317,-63529,0,0,0,412,524,240,477,426,489,593,542,390,442,388,439,0
2,1768494482880,837,598,9964,202807,-68416,-59864,0,0,0,431,532,244,487,435,495,599,511,387,469,438,446,0
2,1768494482896,818,569,9992,205250,-91629,-58643,0,0,0,435,540,249,488,440,495,599,501,387,425,387,467,0
2,1768494482912,823,526,10064,219911,-102625,-59864,0,0,0,450,551,251,490,454,498,599,489,393,296,244,504,0
2,1768494482928,871,507,10141,260228,-107512,-73303,0,0,0,462,560,257,504,462,514,595,472,404,301,237,527,0
2,1768494482944,918,483,10208,339641,-114842,-102625,0,0,0,486,573,265,515,478,518,600,449,397,319,244,544,0
2,1768494482960,928,430,10294,421497,-119729,-131946,0,0,0,505,589,266,514,484,522,600,420,403,294,215,560,0
2,1768494482976,990,378,10557,536339,-135612,-166155,0,0,0,511,599,256,528,510,528,583,393,417,320,230,577,0
2,1768494482992,1191,291,11098,763581,-174707,-216246,0,0,0,526,599,239,532,528,544,566,378,432,324,226,598,0
2,1768494483008,1186,220,11859,1117883,-210137,-273667,0,0,0,534,609,225,539,533,557,544,373,430,321,229,608,0
2,1768494483024,555,272,12763,1568701,-156381,-283441,0,0,0,536,610,212,548,538,558,508,375,425,326,233,615,0
2,1768494483040,186,277,13601,2061059,1221,-186924,0,0,0,551,612,211,552,549,559,469,369,413,327,233,618,0
2,1768494483056,646,248,14558,2598620,90408,-105068,0,0,0,560,614,210,548,547,548,426,357,406,330,233,619,0
2,1768494483072,1335,229,15716,3230255,40317,-131946,0,0,0,564,618,208,540,543,541,389,354,398,331,241,628,0
2,1768494483088,1947,244,17200,4024380,-45204,-232128,0,0,0,568,620,214,530,549,550,352,340,396,310,233,627,0
2,1768494483104,2924,220,18994,4919908,-141720,-422718,0,0,0,559,607,216,525,549,548,297,272,404,277,196,584,0
2,1768494483120,3345,220,22282,6034126,-285884,-692721,0,0,0,536,586,201,530,547,538,270,189,392,266,180,534,0
2,1768494483136,3584,-354,26312,7105584,-459370,-846659,0,0,0,504,573,194,506,528,524,256,165,387,258,175,495,0
2,1768494483152,4546,-1387,29667,8004778,-404392,-962723,0,0,0,448,540,171,487,495,491,243,162,347,240,163,460,0
2,1768494483168,3886,-660,31969,8543561,-207694,-1130100,0,0,0,382,506,156,440,447,437,273,187,313,235,165,425,0
2,1768494483184,3493,2139,34194,8725599,-329867,-1279151,0,0,0,249,450,159,376,383,387,295,238,291,202,180,261,0
2,1768494483200,6819,9643,29949,8235685,-746477,-1439198,0,0,0,234,441,163,369,369,388,322,267,290,183,182,223,0
2,1768494483216,8418,19463,19014,6924768,-989601,-1648114,0,0,0,238,439,164,359,366,372,312,268,283,177,179,210,0
2,1768494483232,7504,25848,9648,4052479,-1152091,-1567480,0,0,0,241,436,160,352,362,358,306,274,267,191,184,197,0
2,1768494483248,5221,22823,9643,-576656,-1207069,-831998,0,0,0,237,434,160,340,360,351,301,283,257,176,186,191,0
2,1768494483264,4268,14970,10203,-3441614,-1368338,-125838,0,0,0,231,431,157,334,361,351,295,289,252,163,189,186,0
2,1768494483280,5833,8805,6728,-3920533,-1433089,96516,0,0,0,230,427,156,332,363,348,290,295,245,163,196,178,0
2,1768494483296,7307,6953,3799,-3958406,-977384,-62308,0,0,0,229,425,157,328,364,342,284,303,238,183,212,177,0
2,1768494483312,6566,7164,4436,-4475198,-133168,-318871,0,0,0,225,426,154,325,367,337,279,312,234,201,223,176,0
2,1768494483328,4642,6360,6963,-5205793,351858,-334754,0,0,0,229,424,154,325,365,334,280,321,229,164,208,165,0
2,1768494483344,4259,5202,8255,-5618738,524122,-204028,0,0,0,226,421,157,325,365,333,279,325,227,162,215,159,0
2,1768494483360,4824,4178,9064,-5828876,836885,-42760,0,0,0,228,420,155,321,365,329,278,328,228,163,229,155,0
2,1768494483376,4690,3680,10524,-6002361,1252273,74525,0,0,0,233,417,152,328,367,333,286,332,229,171,238,155,0
2,1768494483392,3886,3594,12758,-6260146,1591914,185703,0,0,0,233,419,151,326,363,331,282,331,225,171,238,153,0
2,1768494483408,3268,3340,15439,-6665761,1760513,327423,0,0,0,233,418,154,327,363,333,284,334,229,173,240,153,0
2,1768494483424,3216,2641,17808,-6950424,1880243,449596,0,0,0,234,418,154,331,364,338,285,336,230,173,243,154,0
2,1768494483440,3326,1799,20392,-7023728,2058615,574213,0,0,0,233,417,153,329,362,338,286,337,232,170,235,153,0
2,1768494483456,3283,1464,24005,-6974859,2257757,794124,0,0,0,232,417,153,329,360,338,284,332,233,173,235,154,0
2,1768494483472,3216,670,28619,-6962641,2423913,1243721,0,0,0,230,418,151,305,379,328,286,326,239,179,235,157,0
2,1768494483488,2206,-3397,31959,-6944316,2565634,1992642,0,0,0,230,418,152,306,373,331,291,323,243,179,229,159,0
2,1768494483504,-191,-11232,34295,-6764721,2618168,2691472,0,0,0,234,420,155,330,351,346,298,325,248,176,223,159,0
2,1768494483520,-1698,-22019,33797,-6306572,2034181,2901609,0,0,0,237,422,157,337,357,350,307,330,256,177,220,159,0
2,1768494483536,2593,-34587,26087,-5218010,959058,2046398,0,0,0,237,423,159,341,359,355,309,331,257,179,220,161,0
2,1768494483552,3866,-43919,16630,-3503923,874759,271224,0,0,0,234,423,166,339,359,360,309,333,262,178,223,164,0
2,1768494483568,-6178,-46776,13601,-1441641,1238834,-1474628,0,0,0,234,419,164,337,358,356,317,352,258,177,235,159,0
2,1768494483584,-13510,-44704,14898,335975,511905,-1938886,0,0,0,229,385,148,329,335,347,368,444,244,177,290,129,0
2,1768494483600,-11131,-30260,22172,2408030,-1539380,-1247386,0,0,0,237,324,140,299,288,329,400,486,237,337,448,137,0
2,1768494483616,-904,-335,20631,4725653,-4170987,-140499,0,0,0,247,342,157,299,291,350,454,484,262,268,426,152,0
2,1768494483632,3417,9734,15702,6367659,-4244291,707381,0,0,0,276,347,166,328,283,366,493,501,262,276,432,164,0
2,1768494483648,-1713,851,20253,6115982,-1706757,977384,0,0,0,275,361,163,349,280,373,506,532,261,406,484,174,0
2,1768494483664,-4781,-4067,24168,4524067,-107512,362853,0,0,0,274,384,166,364,296,379,524,533,285,324,452,197,0
2,1768494483680,-416,-727,18679,2861292,-277332,-301767,0,0,0,277,416,185,387,320,399,554,554,318,292,429,239,0
2,1768494483696,2206,1229,11864,1822821,-460592,-97738,0,0,0,280,446,201,409,344,424,591,592,327,412,493,277,0
2,1768494483712,1569,277,10016,949284,-443488,185703,0,0,0,297,476,219,394,412,431,611,612,330,538,568,309,0
2,1768494483728,119,-670,11179,230907,-367740,172263,0,0,0,328,498,237,404,425,441,619,623,339,572,592,334,0
2,1768494483744,282,335,10734,12217,-288328,18325,0,0,0,351,505,239,437,389,451,624,628,337,565,591,340,0
2,1768494483760,674,1024,10069,9773,-202807,-25656,0,0,0,359,508,237,442,395,454,627,628,336,563,587,338,0
2,1768494483776,698,947,10059,42760,-119729,0,0,0,0,363,514,243,443,404,466,628,630,343,574,595,339,0
2,1768494483792,603,832,10184,41538,-62308,0,0,0,0,362,511,243,438,408,465,619,621,338,555,583,341,0
2,1768494483808,574,866,10184,48869,-21991,-19547,0,0,0,370,503,240,437,417,462,610,609,341,490,541,354,0
2,1768494483824,612,914,10098,81855,6108,-29321,0,0,0,366,513,241,434,416,456,612,614,340,526,561,345,0
2,1768494483840,636,918,10035,120951,25656,-29321,0,0,0,378,515,240,438,409,466,599,599,344,381,435,374,0
2,1768494483856,646,890,10016,146607,23212,-26878,0,0,0,379,516,246,441,416,472,595,595,350,352,408,379,0
2,1768494483872,665,851,10007,161268,2443,-26878,0,0,0,385,519,247,440,418,470,587,587,351,347,398,388,0
2,1768494483888,693,827,9992,177150,-17104,-29321,0,0,0,392,525,247,444,425,470,578,580,349,339,385,391,0
2,1768494483904,713,794,9983,196698,-35430,-35430,0,0,0,397,530,266,449,430,479,573,572,352,329,364,395,0
2,1768494483920,737,780,9983,212581,-51312,-42760,0,0,0,404,536,275,454,434,479,568,560,351,318,339,408,0
2,1768494483936,741,746,9987,232128,-68416,-54977,0,0,0,419,542,264,460,438,473,568,546,350,310,317,423,0
2,1768494483952,708,708,9987,254119,-81855,-65973,0,0,0,438,553,253,466,444,470,571,529,357,305,297,442,0
2,1768494483968,679,689,10002,282219,-87964,-72082,0,0,0,454,566,254,474,452,473,570,509,363,300,278,464,0
2,1768494483984,713,660,10083,324980,-90408,-74525,0,0,0,469,576,259,487,470,485,561,482,367,348,306,468,0
2,1768494484000,760,607,10198,388510,-98960,-86742,0,0,0,477,590,262,502,496,495,554,452,386,458,379,467,0
2,1768494484016,804,531,10294,460592,-116064,-109955,0,0,0,494,599,261,509,499,507,556,439,377,293,225,531,0
2,1768494484032,866,430,10390,554665,-150272,-151494,0,0,0,504,604,261,523,516,523,558,420,387,304,221,564,0
2,1768494484048,880,349,10533,680503,-195476,-197920,0,0,0,512,616,265,532,524,534,550,406,394,325,228,569,0
2,1768494484064,976,229,10935,890641,-244346,-246789,0,0,0,527,626,253,533,559,534,529,388,402,328,245,596,0
2,1768494484080,957,172,11753,1210734,-265115,-298102,0,0,0,540,626,230,545,562,543,507,379,406,322,230,598,0
2,1768494484096,516,258,12888,1591914,-196698,-312763,0,0,0,549,624,220,546,549,545,477,370,402,327,237,607,0
2,1768494484112,67,330,13888,2074498,-79412,-237015,0,0,0,560,629,218,552,557,542,436,368,400,408,305,590,0
2,1768494484128,172,253,14424,2604729,-41538,-123394,0,0,0,565,626,213,553,555,542,395,358,397,362,261,605,0
2,1768494484144,1019,100,15104,3209485,-87964,-68416,0,0,0,576,622,211,535,553,533,361,353,393,324,231,620,0
2,1768494484160,2177,-4,16348,3907094,-160046,-205250,0,0,0,581,622,212,525,548,533,321,329,396,330,267,629,0
2,1768494484176,2646,0,18138,4719544,-237015,-454483,0,0,0,585,619,216,524,549,539,277,279,402,311,255,619,0
2,1768494484192,2799,19,20655,5643173,-342084,-687834,0,0,0,573,598,215,520,552,532,254,217,402,274,196,574,0
2,1768494484208,4484,-717,24565,6762278,-624304,-913854,0,0,0,530,571,199,512,535,517,244,167,386,262,179,522,0
2,1768494484224,7221,-2278,28686,7701788,-842994,-1208291,0,0,0,481,561,179,490,506,494,233,156,355,253,167,494,0
2,1768494484240,7480,-1435,31591,8374962,-734260,-1663996,0,0,0,407,523,160,444,462,452,250,176,327,238,163,451,0
2,1768494484256,6518,1344,33917,8724377,-718377,-2024407,0,0,0,315,468,161,390,398,400,281,220,297,202,151,354,0
2,1768494484272,9155,6795,31811,8425053,-875980,-2326174,0,0,0,245,418,159,357,353,364,316,278,280,156,153,209,0
2,1768494484288,11897,15415,21450,7326717,-853989,-2708576,0,0,0,248,428,159,357,356,360,306,278,273,170,161,244,0
2,1768494484304,11160,23742,9265,4839274,-616973,-2856405,0,0,0,252,429,161,351,360,354,300,279,256,158,156,202,0
2,1768494484320,6202,25709,8040,1028697,-493579,-1993864,0,0,0,245,428,162,339,363,347,299,290,248,150,159,197,0
2,1768494484336,2627,18549,9997,-2922379,-1125213,-50090,0,0,0,237,424,161,334,364,346,293,296,245,147,163,184,0
2,1768494484352,5599,10547,7121,-4255287,-1612684,1202182,0,0,0,231,422,158,332,365,346,287,302,242,144,166,181,0
2,1768494484368,9767,6896,3163,-4068362,-707381,1216843,0,0,0,229,421,158,330,367,345,282,309,238,147,174,182,0
2,1768494484384,8351,6671,3742,-4172209,638965,773355,0,0,0,234,424,159,325,366,338,275,316,230,145,176,176,0
2,1768494484400,4838,6666,6714,-4712214,1058018,564439,0,0,0,236,425,158,323,367,333,272,320,226,139,177,166,0
2,1768494484416,3618,5623,8624,-5227784,1071457,499687,0,0,0,233,422,155,325,369,333,274,323,228,139,180,161,0
2,1768494484432,4158,4374,9375,-5500230,1246165,422718,0,0,0,235,422,157,326,369,334,277,328,230,141,182,160,0
2,1768494484448,2967,4144,11098,-5728694,1703092,359188,0,0,0,238,424,159,327,367,333,282,331,229,141,183,155,0
2,1768494484464,1478,4173,13204,-6054896,1931555,458148,0,0,0,232,421,156,328,368,333,286,333,230,144,186,154,0
2,1768494484480,823,3914,15376,-6467841,1973094,697608,0,0,0,228,421,154,330,368,336,280,337,232,142,189,153,0
2,1768494484496,737,3431,17281,-6753726,2018298,895528,0,0,0,230,421,153,328,365,334,283,338,232,139,185,150,0
2,1768494484512,780,2833,19554,-6893003,2092824,1040914,0,0,0,234,421,154,330,365,336,284,341,232,143,186,151,0
2,1768494484528,1086,2560,22809,-6962641,2124589,1176526,0,0,0,235,420,155,332,367,340,285,340,232,143,183,151,0
2,1768494484544,1636,2469,26944,-7094588,2157576,1369559,0,0,0,232,417,155,329,361,340,286,340,237,141,180,154,0
2,1768494484560,1751,1139,31859,-7307169,2222327,1729970,0,0,0,233,417,157,331,360,344,290,337,242,141,176,155,0
2,1768494484576,1292,-5364,35659,-7404908,2211332,2151467,0,0,0,232,419,156,336,364,350,295,336,250,142,174,155,0
2,1768494484592,1095,-15874,36879,-7175223,1997529,2247984,0,0,0,231,420,156,340,366,354,300,337,256,142,174,158,0
2,1768494484608,3417,-32376,30772,-6095213,1308473,1516167,0,0,0,233,423,159,340,367,356,305,338,258,143,175,161,0
2,1768494484624,3393,-44646,20306,-4311486,1120326,152716,0,0,0,236,426,162,342,367,357,307,340,258,178,197,166,0
2,1768494484640,-6288,-49001,13117,-1985312,1501506,-1303586,0,0,0,234,417,158,342,362,356,327,377,254,204,239,164,0
2,1768494484656,-16319,-47154,15673,-30543,629191,-1425759,0,0,0,229,378,149,328,326,346,373,456,243,227,321,145,0
2,1768494484672,-14520,-38339,23091,2031737,-1634675,-706160,0,0,0,239,324,148,304,267,339,412,497,242,354,457,137,0
2,1768494484688,-3115,-8035,21071,5225341,-4922352,180816,0,0,0,251,336,159,294,270,344,447,504,252,335,460,146,0
2,1768494484704,1933,6771,17860,7156897,-4968777,792903,0,0,0,270,347,168,324,271,375,507,514,275,300,443,160,0
2,1768494484720,-2718,1057,22593,6719517,-2051285,1054353,0,0,0,270,338,165,340,257,377,515,556,277,462,535,166,0
2,1768494484736,-4489,-2727,22900,4809952,-623082,316428,0,0,0,290,360,169,365,271,380,543,544,296,309,450,182,0
2,1768494484752,-196,-569,15759,3477044,-498466,-230907,0,0,0,274,398,172,401,313,423,594,594,325,402,502,286,0
2,1768494484768,2455,827,10806,2905275,-692721,-53756,0,0,0,307,445,170,434,358,439,619,639,328,515,584,346,0
2,1768494484784,885,-1569,12471,1635897,-686612,195476,0,0,0,359,482,173,447,386,445,634,651,334,530,598,395,0
2,1768494484800,-526,-1775,12758,296880,-456927,127059,0,0,0,405,501,186,459,412,451,643,648,342,534,598,426,0
2,1768494484816,-81,-181,10835,-21991,-240680,-2443,0,0,0,422,508,189,461,419,457,645,650,346,551,607,439,0
2,1768494484832,469,588,9810,46425,-127059,-32986,0,0,0,422,510,190,458,414,458,637,645,341,562,614,443,0
2,1768494484848,469,282,10150,128281,-95294,-2443,0,0,0,421,510,195,459,417,456,629,637,337,571,615,434,0
2,1768494484864,301,138,10323,61086,-57421,-10995,0,0,0,422,514,196,453,419,455,625,637,343,576,613,425,0
2,1768494484880,291,229,10222,36651,-30543,-28099,0,0,0,429,521,200,446,412,452,611,634,339,541,585,443,0
2,1768494484896,339,282,10131,73303,-18325,-34208,0,0,0,430,519,200,447,420,456,611,614,344,408,448,473,0
2,1768494484912,358,263,10107,117286,-15882,-36651,0,0,0,438,530,201,450,426,460,589,598,333,384,424,479,0
2,1768494484928,358,220,10064,155159,-14660,-39095,0,0,0,423,522,194,454,423,458,581,592,335,472,505,455,0
2,1768494484944,358,201,10026,183259,-13439,-41538,0,0,0,427,526,197,450,435,459,562,583,337,332,354,476,0
2,1768494484960,368,181,10016,204028,-14660,-42760,0,0,0,427,532,197,455,432,465,550,582,344,343,361,480,0
2,1768494484976,382,153,10016,210137,-20769,-43982,0,0,0,435,537,202,457,432,462,545,579,349,361,378,477,0
2,1768494484992,402,119,10007,208915,-32986,-43982,0,0,0,444,537,202,466,437,465,546,570,353,344,345,482,0
2,1768494485008,416,86,9997,211359,-50090,-47647,0,0,0,453,541,203,472,449,469,541,557,356,349,340,501,0
2,1768494485024,430,62,9987,227241,-65973,-51312,0,0,0,465,550,203,479,463,472,530,539,366,328,308,518,0
2,1768494485040,411,28,10002,260228,-75747,-57421,0,0,0,474,556,202,488,472,478,534,511,371,386,360,529,0
2,1768494485056,373,0,10069,316428,-59864,-64751,0,0,0,487,563,211,495,485,492,543,479,372,464,432,543,0
2,1768494485072,363,-28,10179,381179,-20769,-70860,0,0,0,505,576,223,504,501,505,543,453,380,410,354,557,0
2,1768494485088,425,-86,10289,436157,21991,-76969,0,0,0,514,587,218,519,511,511,541,428,386,313,225,567,0
2,1768494485104,574,-181,10433,494800,50090,-96516,0,0,0,527,593,217,529,524,524,524,391,389,312,218,585,0
2,1768494485120,813,-296,10634,585208,63529,-127059,0,0,0,538,598,220,548,543,529,503,366,388,318,217,605,0
2,1768494485136,1177,-354,11414,786794,168598,-213802,0,0,0,552,618,222,562,545,530,479,369,394,326,226,613,0
2,1768494485152,603,-124,13103,1202182,261450,-298102,0,0,0,558,618,222,552,555,535,456,348,393,428,336,632,0
2,1768494485168,105,23,14319,1769065,105068,-250454,0,0,0,568,629,222,552,550,534,418,359,390,330,236,616,0
2,1768494485184,67,-67,14558,2366491,-107512,-124616,0,0,0,563,622,212,564,564,545,386,360,389,346,255,617,0
2,1768494485200,832,-315,15132,3022561,-136833,-65973,0,0,0,572,618,218,541,556,550,337,351,392,333,243,619,0
2,1768494485216,1593,-392,16429,3670078,-124616,-142942,0,0,0,576,625,217,520,552,537,298,328,391,312,231,619,0
2,1768494485232,2091,-335,18458,4513072,-171042,-320093,0,0,0,586,626,222,515,554,537,271,288,399,291,211,611,0
2,1768494485248,3345,-430,21138,5503895,-324980,-538783,0,0,0,571,615,220,516,551,535,252,222,400,277,193,572,0
2,1768494485264,4828,-1115,24828,6508158,-574213,-814894,0,0,0,535,593,202,514,541,523,234,165,388,264,179,529,0
2,1768494485280,6465,-2239,28935,7583281,-665843,-1159422,0,0,0,492,566,183,492,514,501,230,154,365,254,170,510,0
2,1768494485296,6680,-2067,32160,8502022,-520457,-1557706,0,0,0,425,535,169,453,468,456,248,169,327,242,164,466,0
2,1768494485312,5336,402,34462,8961393,-345749,-1855808,0,0,0,330,487,160,393,429,389,278,194,290,205,148,347,0
2,1768494485328,6680,6657,34314,8848993,-425162,-2074498,0,0,0,246,442,157,332,410,344,306,230,278,162,131,206,0
2,1768494485344,9164,14993,26728,8131838,-555887,-2371378,0,0,0,262,452,162,371,377,372,302,247,279,164,144,208,0
2,1768494485360,7882,21249,14716,6148969,-718377,-2265088,0,0,0,252,446,163,367,379,367,299,257,277,158,147,206,0
2,1768494485376,4340,24766,8576,2127032,-940732,-1012814,0,0,0,243,444,157,358,375,361,295,261,261,153,144,191,0
2,1768494485392,2479,20976,9624,-2555860,-1252273,904080,0,0,0,238,436,160,342,374,357,291,272,272,144,151,196,0
2,1768494485408,4852,11485,9193,-4786740,-1610240,1942551,0,0,0,230,430,158,339,372,353,288,282,258,143,155,186,0
2,1768494485424,7508,6192,5776,-4834387,-1470963,1629788,0,0,0,235,426,161,338,369,349,284,292,247,146,161,178,0
2,1768494485440,7384,5786,4216,-4728096,-671951,598647,0,0,0,240,426,166,331,368,344,279,302,239,143,166,172,0
2,1768494485456,5508,6183,5575,-5159367,12217,-221133,0,0,0,239,426,163,327,369,340,272,309,232,140,169,168,0
2,1768494485472,3737,5709,8298,-5848423,299323,-681725,0,0,0,237,424,157,324,368,336,267,315,226,135,167,161,0
2,1768494485488,3967,4642,9471,-6120869,394618,-709825,0,0,0,237,423,157,323,368,334,268,322,224,133,172,154,0
2,1768494485504,4268,3900,10744,-6300464,685390,-536339,0,0,0,239,423,160,324,371,334,272,327,227,135,179,151,0
2,1768494485520,4388,3493,12500,-6538701,1082453,-112399,0,0,0,238,423,158,323,370,333,273,330,228,135,179,150,0
2,1768494485536,4651,2737,14505,-6828251,1468520,365297,0,0,0,238,423,159,323,368,335,273,333,225,136,180,149,0
2,1768494485552,4848,1598,16515,-6995628,1793500,740368,0,0,0,237,424,158,321,362,333,274,334,226,137,183,149,0
2,1768494485568,4895,827,19037,-6968750,2056172,983493,0,0,0,232,422,157,326,362,337,279,339,232,138,184,148,0
2,1768494485584,5092,1024,22292,-6990741,2277305,1136209,0,0,0,238,423,158,331,368,337,279,340,227,139,183,147,0
2,1768494485600,5422,1541,26704,-7227757,2492330,1260825,0,0,0,241,423,157,331,363,338,285,338,233,139,182,147,0
2,1768494485616,5556,-114,31485,-7560068,2724458,1484402,0,0,0,238,420,156,328,360,343,284,342,239,137,182,150,0
2,1768494485632,3436,-5829,35070,-7622376,3042108,1777617,0,0,0,238,420,153,331,360,344,291,336,246,138,177,151,0
2,1768494485648,-1832,-16300,36759,-7024950,2905275,1959655,0,0,0,238,421,153,335,367,346,301,337,255,141,177,154,0
2,1768494485664,-3622,-28499,33974,-6053674,1990198,1864360,0,0,0,245,424,155,347,365,348,304,334,255,145,178,156,0
2,1768494485680,76,-41248,23795,-4520402,915076,960280,0,0,0,251,430,158,353,365,349,304,335,254,146,177,157,0
2,1768494485696,-2321,-48260,15046,-2587625,1067792,-921184,0,0,0,238,417,155,340,352,346,323,387,246,221,294,163,0
2,1768494485712,-12026,-49710,14424,-723264,1031140,-2206445,0,0,0,237,381,149,339,327,343,391,449,245,253,389,151,0
2,1768494485728,-20626,-42593,24503,1642005,-1137431,-1954768,0,0,0,255,353,149,342,300,344,460,492,250,279,427,134,0
2,1768494485744,-9643,-11859,24565,4968777,-5147150,-265115,0,0,0,267,353,154,339,282,348,485,529,249,388,488,138,0
2,1768494485760,1052,8102,20832,7203322,-4643797,1015258,0,0,0,271,364,153,351,284,353,499,556,245,463,534,149,0
2,1768494485776,-2129,1469,24623,6186843,-1314581,758694,0,0,0,271,380,152,369,296,363,532,566,251,466,531,154,0
2,1768494485792,-2450,-3062,21775,3689626,161268,-91629,0,0,0,270,403,163,379,308,377,557,578,280,489,541,178,0
2,1768494485808,1215,-9,12280,1952325,-61086,-280998,0,0,0,275,437,194,409,331,405,594,598,324,521,553,211,0
2,1768494485824,2234,1588,8887,1486845,-452040,81855,0,0,0,280,450,223,406,345,422,614,614,321,533,558,224,0
2,1768494485840,1502,349,10619,908967,-613308,252898,0,0,0,280,474,227,424,370,427,619,634,305,613,617,260,0
2,1768494485856,521,67,11395,250454,-526565,153938,0,0,0,309,495,239,432,378,431,632,638,303,634,634,286,0
2,1768494485872,392,866,10533,-15882,-384845,43982,0,0,0,334,507,259,430,388,441,644,645,312,640,640,295,0
2,1768494485888,708,1421,9930,8552,-245567,2443,0,0,0,340,512,253,433,392,441,643,642,307,637,636,289,0
2,1768494485904,794,1325,10102,68416,-122173,1221,0,0,0,341,515,250,433,393,438,646,643,314,633,632,296,0
2,1768494485920,732,1182,10169,84299,-31764,-8552,0,0,0,341,518,249,432,399,437,643,642,321,625,625,303,0
2,1768494485936,722,1196,10045,89186,8552,-23212,0,0,0,343,523,246,434,410,439,627,630,318,616,616,301,0
2,1768494485952,756,1239,9964,118507,30543,-31764,0,0,0,344,525,246,434,417,444,614,616,321,603,607,307,0
2,1768494485968,804,1234,9964,168598,34208,-32986,0,0,0,343,524,244,435,419,453,611,607,331,586,597,315,0
2,1768494485984,827,1172,9968,212581,23212,-36651,0,0,0,352,523,249,436,425,456,605,597,338,573,586,311,0
2,1768494486000,856,1134,9973,240680,4886,-43982,0,0,0,365,520,249,439,435,460,597,581,343,497,527,327,0
2,1768494486016,871,1124,9973,272445,-19547,-54977,0,0,0,385,525,254,444,442,465,586,568,340,447,474,342,0
2,1768494486032,875,1076,9968,304210,-45204,-65973,0,0,0,388,527,253,444,442,466,585,552,352,429,448,358,0
2,1768494486048,856,1005,9959,313984,-62308,-72082,0,0,0,396,537,260,450,441,465,577,529,345,461,463,364,0
2,1768494486064,832,952,9954,307876,-72082,-73303,0,0,0,414,549,271,450,469,457,578,516,363,438,422,383,0
2,1768494486080,837,942,9987,327423,-83077,-74525,0,0,0,429,558,263,468,448,474,564,497,354,437,419,389,0
2,1768494486096,837,904,10059,381179,-102625,-80634,0,0,0,445,574,279,484,453,478,556,483,359,452,425,414,0
2,1768494486112,837,808,10107,438601,-119729,-87964,0,0,0,464,583,300,496,487,485,562,464,370,353,310,463,0
2,1768494486128,918,722,10208,491135,-141720,-102625,0,0,0,485,595,297,503,491,499,555,439,375,298,237,501,0
2,1768494486144,1014,674,10433,597426,-193033,-139277,0,0,0,501,609,283,510,495,506,542,411,389,325,251,534,0
2,1768494486160,1009,569,10701,797790,-255341,-190589,0,0,0,515,615,277,520,512,522,532,387,410,345,266,558,0
2,1768494486176,990,368,10949,1040914,-318871,-232128,0,0,0,530,618,261,528,526,541,514,371,416,343,260,576,0
2,1768494486192,679,320,11739,1364672,-324980,-235793,0,0,0,546,622,233,537,536,545,494,364,412,348,262,595,0
2,1768494486208,373,478,13165,1772730,-223576,-196698,0,0,0,556,624,230,549,550,546,475,361,421,365,277,611,0
2,1768494486224,416,545,14280,2246762,-73303,-152716,0,0,0,558,624,219,548,559,550,428,349,411,408,320,628,0
2,1768494486240,646,411,14663,2838079,-37873,-101403,0,0,0,557,626,213,554,565,547,395,357,402,345,263,623,0
2,1768494486256,1373,277,15434,3457497,-91629,-100181,0,0,0,577,637,229,546,566,546,349,341,386,343,257,619,0
2,1768494486272,2292,205,16846,4175874,-193033,-262672,0,0,0,576,632,223,539,563,545,308,325,395,327,254,622,0
2,1768494486288,2608,248,18726,5020090,-309097,-498466,0,0,0,595,640,230,522,571,540,274,272,404,289,223,602,0
2,1768494486304,3244,172,21177,5971818,-460592,-714712,0,0,0,565,617,215,520,564,526,255,198,392,274,197,553,0
2,1768494486320,5044,-1052,25714,7088480,-686612,-983493,0,0,0,524,599,200,506,540,515,238,158,379,266,184,516,0
2,1768494486336,7279,-2330,29777,7948578,-751364,-1269377,0,0,0,480,572,179,489,510,495,239,156,352,259,178,489,0
2,1768494486352,8102,-1756,32198,8564330,-548556,-1657888,0,0,0,401,527,158,455,462,444,261,170,313,250,172,436,0
2,1768494486368,6848,1641,34759,8863654,-470366,-2057394,0,0,0,294,474,152,402,401,381,286,195,287,203,154,288,0
2,1768494486384,8844,7657,33725,8708494,-734260,-2403143,0,0,0,242,448,159,368,374,363,300,225,286,169,152,203,0
2,1768494486400,11165,15927,23206,7666358,-811229,-2778215,0,0,0,247,449,166,359,379,371,300,245,288,169,167,212,0
2,1768494486416,9284,22928,11567,5227784,-800233,-2601064,0,0,0,252,445,165,361,376,360,296,248,271,171,169,204,0
2,1768494486432,5192,25197,7499,684169,-799011,-1238834,0,0,0,250,439,163,360,369,352,297,256,262,172,171,198,0
2,1768494486448,3866,16960,9667,-3652974,-977384,696386,0,0,0,239,439,163,336,363,357,290,269,265,158,172,187,0
2,1768494486464,6068,7982,8016,-4856378,-1077566,1535715,0,0,0,232,433,162,332,363,347,283,274,246,158,180,179,0
2,1768494486480,7824,5317,4359,-4244291,-472809,1020144,0,0,0,232,431,155,333,367,344,284,287,242,158,190,171,0
2,1768494486496,6714,5752,3866,-4225965,389732,278554,0,0,0,232,426,159,330,371,344,280,295,235,155,190,162,0
2,1768494486512,4331,6379,6140,-4844161,885754,-218689,0,0,0,233,426,158,327,372,339,274,300,230,155,197,162,0
2,1768494486528,3441,5585,8078,-5417152,971275,-426383,0,0,0,236,426,158,325,372,338,270,306,234,152,201,158,0
2,1768494486544,3565,4838,9088,-5698150,1121548,-480140,0,0,0,233,426,157,320,370,335,269,317,227,149,209,150,0
2,1768494486560,3622,4522,10284,-5915618,1437976,-403171,0,0,0,228,430,155,326,370,335,265,317,224,147,209,148,0
2,1768494486576,3239,4292,12385,-6233268,1803274,-130725,0,0,0,232,429,158,324,369,338,266,318,226,149,214,151,0
2,1768494486592,2991,3809,14457,-6516710,2041511,211359,0,0,0,233,424,159,320,366,337,270,324,229,151,222,151,0
2,1768494486608,3259,3072,16793,-6739065,2234545,590095,0,0,0,230,422,156,321,363,335,274,329,229,154,227,151,0
2,1768494486624,3761,2541,19468,-6923546,2463008,884532,0,0,0,230,422,155,321,360,332,277,329,228,157,226,149,0
2,1768494486640,4034,2321,22847,-7115358,2717128,1103222,0,0,0,227,421,154,319,356,331,277,328,228,155,222,145,0
2,1768494486656,4216,1990,27867,-7319387,2907718,1402546,0,0,0,225,420,154,323,358,337,280,328,233,155,216,148,0
2,1768494486672,4144,81,32720,-7467216,3068986,1852143,0,0,0,229,421,155,326,355,341,287,325,239,156,212,150,0
2,1768494486688,942,-7394,36850,-7356039,3276681,2444682,0,0,0,234,421,153,330,355,344,294,320,247,162,211,150,0
2,1768494486704,-3551,-18497,38717,-6932098,2927266,2758667,0,0,0,229,427,154,337,364,349,301,325,248,164,210,151,0
2,1768494486720,-2909,-33213,34170,-6069557,1617571,2493551,0,0,0,233,429,156,345,362,348,306,323,256,170,210,154,0
2,1768494486736,2383,-47044,21296,-4225965,851546,863763,0,0,0,236,434,155,351,367,356,307,327,254,167,212,149,0
2,1768494486752,-2627,-53366,13606,-2073276,1279151,-1123992,0,0,0,237,431,157,343,368,352,306,333,257,167,215,149,0
2,1768494486768,-16046,-50633,15845,57421,990823,-1916895,0,0,0,233,391,153,327,333,341,375,428,254,210,319,136,0
2,1768494486784,-17817,-34974,23455,2193006,-1172861,-1148426,0,0,0,240,340,147,307,288,333,438,473,253,240,396,134,0
2,1768494486800,-4900,-2048,23976,4260174,-4669453,334754,0,0,0,251,327,153,305,275,343,478,487,258,263,414,137,0
2,1768494486816,2493,10648,15577,5921727,-5293758,1340238,0,0,0,258,334,158,321,274,357,511,512,266,296,433,144,0
2,1768494486832,-3110,1167,18564,6337115,-2543642,1566258,0,0,0,267,350,158,344,274,363,536,536,276,314,452,155,0
2,1768494486848,-7791,-5360,25436,5065294,-338419,657290,0,0,0,278,378,168,369,289,375,556,556,295,315,451,173,0
2,1768494486864,-866,-952,19540,3159395,-346971,-206472,0,0,0,278,406,184,390,314,404,591,592,312,391,494,205,0
2,1768494486880,3058,1569,12026,1843591,-572991,-75747,0,0,0,271,440,195,412,343,430,621,623,317,522,566,244,0
2,1768494486896,1536,363,10447,904080,-508239,213802,0,0,0,291,477,210,422,384,444,624,624,332,536,577,294,0
2,1768494486912,4,-239,10873,279776,-342084,185703,0,0,0,323,497,233,428,389,462,642,641,345,545,588,324,0
2,1768494486928,177,545,10705,83077,-227241,1221,0,0,0,351,502,243,433,401,459,651,650,342,556,597,356,0
2,1768494486944,737,1076,10117,91629,-177150,-24434,0,0,0,357,511,237,400,468,415,639,639,335,559,596,356,0
2,1768494486960,784,1057,9987,89186,-119729,0,0,0,0,363,516,245,430,408,446,648,647,339,548,586,339,0
2,1768494486976,617,938,10117,79412,-69638,3665,0,0,0,369,512,244,435,399,452,646,644,340,542,582,339,0
2,1768494486992,598,1005,10117,117286,-31764,-17104,0,0,0,378,513,247,447,405,461,637,631,336,540,578,341,0
2,1768494487008,646,1052,10064,180816,-7330,-26878,0,0,0,384,517,249,457,407,460,631,619,345,510,536,359,0
2,1768494487024,674,1000,10040,246789,7330,-28099,0,0,0,394,525,250,460,404,454,619,600,342,482,498,372,0
2,1768494487040,684,909,10054,284663,24434,-30543,0,0,0,403,529,251,466,413,461,604,593,345,395,409,398,0
2,1768494487056,722,866,10045,287106,26878,-37873,0,0,0,407,532,251,471,424,473,593,588,353,318,325,428,0
2,1768494487072,770,818,10011,280998,10995,-47647,0,0,0,413,539,252,471,428,476,587,573,354,306,297,441,0
2,1768494487088,789,770,9992,276111,-10995,-57421,0,0,0,422,547,251,474,431,478,582,555,355,302,282,443,0
2,1768494487104,789,722,9983,276111,-35430,-65973,0,0,0,424,552,248,477,441,481,578,536,354,340,318,442,0
2,1768494487120,789,684,9987,287106,-58643,-74525,0,0,0,444,553,254,486,451,479,571,514,366,462,439,442,0
2,1768494487136,780,670,10050,318871,-87964,-85521,0,0,0,459,565,260,491,460,486,564,490,370,458,427,460,0
2,1768494487152,751,636,10126,370184,-107512,-95294,0,0,0,468,584,254,505,468,490,569,458,369,298,241,497,0
2,1768494487168,751,569,10222,428827,-114842,-103847,0,0,0,484,588,254,515,484,506,553,441,375,287,228,528,0
2,1768494487184,804,492,10409,533896,-124616,-119729,0,0,0,497,603,257,517,495,510,548,422,389,297,222,553,0
2,1768494487200,885,397,10629,693942,-152716,-144164,0,0,0,512,612,251,525,514,524,551,402,403,298,219,572,0
2,1768494487216,928,272,10930,917519,-178372,-171042,0,0,0,525,610,232,539,530,530,539,392,409,307,218,577,0
2,1768494487232,847,181,11399,1198517,-95294,-206472,0,0,0,529,613,219,544,543,534,515,380,411,317,227,589,0
2,1768494487248,622,172,11978,1437976,26878,-222354,0,0,0,534,619,217,547,551,542,484,360,409,369,283,610,0
2,1768494487264,655,134,12825,1756848,69638,-201585,0,0,0,539,622,212,550,555,549,468,350,407,371,281,619,0
2,1768494487280,674,105,13706,2236988,37873,-167377,0,0,0,547,621,207,547,553,545,446,353,404,329,231,616,0
2,1768494487296,770,38,14352,2778215,1221,-130725,0,0,0,557,616,210,546,553,540,398,347,401,330,230,619,0
2,1768494487312,1478,-33,15549,3429397,-17104,-168598,0,0,0,561,610,208,548,560,544,354,334,401,330,230,625,0
2,1768494487328,2172,-81,16846,4131892,-58643,-304210,0,0,0,570,617,214,537,557,543,312,311,406,309,230,626,0
2,1768494487344,2301,-43,18626,5011538,-103847,-508239,0,0,0,563,602,204,537,559,547,284,256,409,285,214,606,0
2,1768494487360,3048,-272,21665,6059783,-179594,-690277,0,0,0,542,594,201,529,541,539,275,186,401,268,183,541,0
2,1768494487376,4474,-1363,26566,7197214,-300545,-888198,0,0,0,509,581,189,518,527,527,251,145,384,260,175,509,0
2,1768494487392,6101,-2359,30093,8009665,-193033,-1093448,0,0,0,467,559,186,497,501,505,245,155,356,255,170,487,0
2,1768494487408,5867,-1636,32892,8631525,47647,-1396437,0,0,0,384,509,160,436,445,432,270,171,313,237,159,429,0
2,1768494487424,5034,1517,35113,8840441,56199,-1685988,0,0,0,269,450,156,384,378,378,297,196,284,186,137,264,0
2,1768494487440,7183,8021,33098,8558221,-201585,-1953547,0,0,0,261,437,166,371,360,376,309,218,286,167,136,221,0
2,1768494487456,9241,15640,22043,7549072,-375071,-2460565,0,0,0,264,435,165,367,360,375,308,240,283,164,146,209,0
2,1768494487472,7954,19392,12672,5638286,-486248,-2758667,0,0,0,262,433,161,358,358,362,300,249,269,163,154,202,0
2,1768494487488,3546,22086,8796,564439,-658512,-1985312,0,0,0,256,433,161,345,356,350,294,254,256,162,163,194,0
2,1768494487504,1019,17209,9686,-4050036,-1092227,-604756,0,0,0,249,430,158,339,356,346,288,264,248,158,171,182,0
2,1768494487520,3239,9404,7772,-4989547,-1536936,177150,0,0,0,243,427,156,338,359,344,284,276,243,155,176,175,0
2,1768494487536,7140,4216,3651,-4610810,-1373225,361632,0,0,0,234,426,159,328,361,342,282,289,242,154,184,173,0
2,1768494487552,8217,4733,2225,-4212526,-329867,-30543,0,0,0,230,426,159,324,364,341,276,298,236,152,189,171,0
2,1768494487568,5417,6149,4915,-4712214,647517,-294437,0,0,0,234,426,160,327,368,339,271,304,232,152,192,169,0
2,1768494487584,3460,5972,7398,-5261993,904080,-241902,0,0,0,233,426,155,325,368,332,271,310,227,152,194,161,0
2,1768494487600,3766,4723,8533,-5561317,950506,-40317,0,0,0,231,427,152,326,373,337,274,317,229,148,194,157,0
2,1768494487616,4163,3914,9648,-5729915,1236391,97738,0,0,0,235,426,163,322,366,335,275,318,230,151,199,157,0
2,1768494487632,3689,3799,11380,-5948605,1574810,206472,0,0,0,232,424,159,321,363,335,273,323,228,151,199,157,0
2,1768494487648,3067,3709,13663,-6315124,1788613,398284,0,0,0,235,425,162,323,363,334,273,324,228,149,201,152,0
2,1768494487664,2971,3225,16075,-6679200,1930334,626747,0,0,0,232,423,156,324,364,334,274,324,226,145,199,143,0
2,1768494487680,3359,2560,18430,-6877120,2073276,795346,0,0,0,229,420,150,326,364,335,278,328,227,144,192,142,0
2,1768494487696,3780,2144,21832,-7028615,2309070,950506,0,0,0,231,422,153,325,361,334,279,328,228,147,194,144,0
2,1768494487712,4029,1871,26173,-7217983,2528982,1169196,0,0,0,233,423,162,324,359,340,279,327,234,150,198,150,0
2,1768494487728,4273,904,31442,-7425677,2671924,1598023,0,0,0,234,423,163,326,356,343,283,323,239,149,194,153,0
2,1768494487744,3627,-3905,35209,-7533190,2840523,2339613,0,0,0,235,424,159,326,362,341,292,322,244,150,192,150,0
2,1768494487760,181,-14926,37444,-7238753,2867401,2961474,0,0,0,234,423,156,333,371,344,301,323,254,158,195,153,0
2,1768494487776,-1612,-29715,34888,-6398202,2007303,2970026,0,0,0,236,426,152,351,362,347,308,320,261,164,197,156,0
2,1768494487792,2081,-44235,24527,-4895474,849102,1850921,0,0,0,230,431,150,356,365,352,307,321,257,171,202,157,0
2,1768494487808,-626,-52433,14864,-2751337,1007927,-477696,0,0,0,234,435,159,354,363,351,307,329,254,226,234,167,0
2,1768494487824,-12165,-53567,13333,-619417,1050688,-2261423,0,0,0,216,417,193,345,367,358,325,423,246,219,327,155,0
2,1768494487840,-18650,-43795,19554,1508837,-470366,-2272418,0,0,0,233,352,151,320,309,336,384,483,238,327,446,137,0
2,1768494487856,-5532,-9351,24096,3766595,-3637091,-982271,0,0,0,235,333,149,301,291,339,447,471,256,224,397,143,0
2,1768494487872,5537,13572,17664,5544212,-5247332,138055,0,0,0,258,344,156,326,286,353,485,494,260,282,422,148,0
2,1768494487888,3455,6791,14687,6647435,-3161838,1056796,0,0,0,276,361,158,354,288,364,509,512,273,317,436,156,0
2,1768494487904,-4718,-4058,22957,5650503,-522900,891863,0,0,0,275,383,166,367,300,380,552,554,282,390,481,174,0
2,1768494487920,-3651,-3369,22895,3784921,-18325,35430,0,0,0,271,415,181,390,323,408,588,590,306,419,510,225,0
2,1768494487936,1201,325,15305,2223549,-414166,-150272,0,0,0,280,453,198,423,360,436,611,612,326,469,542,283,0
2,1768494487952,2330,545,10193,838107,-492357,86742,0,0,0,304,485,215,437,400,449,629,630,336,553,587,317,0
2,1768494487968,526,-459,10404,185703,-296880,177150,0,0,0,334,504,232,438,420,453,637,637,346,574,600,336,0
2,1768494487984,287,411,10624,57421,-175929,25656,0,0,0,355,513,242,448,407,454,645,645,340,578,607,348,0
2,1768494488000,799,1038,10217,79412,-145385,-28099,0,0,0,365,514,247,453,413,454,648,648,338,585,613,360,0
2,1768494488016,894,981,10045,65973,-103847,-7330,0,0,0,366,519,249,452,414,456,647,647,339,584,611,355,0
2,1768494488032,794,875,10074,51312,-61086,0,0,0,0,369,524,252,450,423,458,641,641,342,584,610,358,0
2,1768494488048,713,899,10141,67195,-31764,-17104,0,0,0,376,516,255,450,419,465,622,622,351,483,552,379,0
2,1768494488064,741,961,10098,114842,-7330,-29321,0,0,0,383,515,251,453,419,460,617,617,355,414,483,387,0
2,1768494488080,760,966,10045,172263,10995,-32986,0,0,0,384,517,244,459,423,460,603,603,356,367,421,393,0
2,1768494488096,760,918,10021,222354,23212,-32986,0,0,0,386,523,243,461,424,458,598,597,357,356,397,404,0
2,1768494488112,784,837,9987,256563,26878,-34208,0,0,0,385,523,244,462,424,464,593,590,361,340,370,418,0
2,1768494488128,823,789,9964,265115,26878,-40317,0,0,0,386,522,246,458,420,465,587,578,362,331,356,424,0
2,1768494488144,856,760,9959,259006,10995,-46425,0,0,0,393,527,248,460,424,465,581,564,365,325,339,429,0
2,1768494488160,885,727,9954,245567,-15882,-52534,0,0,0,406,538,253,469,429,472,581,550,370,311,305,436,0
2,1768494488176,890,674,9940,229685,-48869,-57421,0,0,0,420,546,256,474,426,479,586,534,372,339,321,439,0
2,1768494488192,875,636,9935,223576,-76969,-61086,0,0,0,433,546,256,477,436,484,584,514,368,444,425,440,0
2,1768494488208,866,641,10002,246789,-97738,-67195,0,0,0,447,555,259,482,448,483,573,492,371,472,445,451,0
2,1768494488224,861,626,10098,290771,-103847,-76969,0,0,0,461,565,264,493,462,496,572,475,377,461,427,473,0
2,1768494488240,871,569,10189,355523,-102625,-89186,0,0,0,484,572,267,500,472,505,570,456,388,382,340,518,0
2,1768494488256,923,512,10251,423940,-103847,-106290,0,0,0,483,587,258,509,477,519,571,440,399,347,282,526,0
2,1768494488272,971,440,10404,520457,-119729,-135612,0,0,0,496,599,271,524,502,535,579,427,395,324,259,563,0
2,1768494488288,1048,358,10667,669508,-160046,-172263,0,0,0,516,610,263,533,523,543,558,406,396,307,229,579,0
2,1768494488304,1162,258,11160,904080,-207694,-216246,0,0,0,526,615,247,548,530,537,556,402,408,314,227,588,0
2,1768494488320,1009,244,12199,1314581,-200363,-262672,0,0,0,541,618,231,551,541,542,519,393,415,331,240,598,0
2,1768494488336,540,287,13194,1771509,-96516,-263893,0,0,0,547,620,223,556,546,548,489,383,419,337,240,607,0
2,1768494488352,459,210,13764,2229658,4886,-200363,0,0,0,549,616,220,565,556,555,458,374,413,340,243,615,0
2,1768494488368,808,181,14711,2813645,32986,-138055,0,0,0,559,611,222,563,568,555,421,366,405,343,239,623,0
2,1768494488384,1675,191,16018,3456275,-10995,-168598,0,0,0,568,609,222,551,571,550,377,356,400,330,229,629,0
2,1768494488400,2163,239,17702,4271169,-56199,-348193,0,0,0,568,608,220,540,568,548,325,334,401,307,229,621,0
2,1768494488416,2287,411,19971,5248554,-89186,-535117,0,0,0,567,600,224,533,566,546,284,274,404,298,230,583,0
2,1768494488432,3627,282,23192,6370102,-207694,-728151,0,0,0,545,590,213,534,556,538,268,188,392,289,199,522,0
2,1768494488448,5321,-751,27973,7602828,-393397,-982271,0,0,0,496,576,189,511,529,517,253,164,376,260,178,494,0
2,1768494488464,6293,-1684,32332,8583878,-353080,-1244943,0,0,0,451,547,169,470,487,481,245,168,350,249,169,467,0
2,1768494488480,5001,90,34649,9112887,-120951,-1503950,0,0,0,371,500,158,422,449,420,277,201,310,234,163,419,0
2,1768494488496,4809,4201,34922,9156869,-169820,-1693318,0,0,0,241,435,153,367,364,364,303,239,283,157,138,224,0
2,1768494488512,7662,12222,29313,8574104,-409279,-1923003,0,0,0,240,435,165,364,371,382,310,262,289,156,151,213,0
2,1768494488528,9509,19320,16463,6955311,-409279,-2383596,0,0,0,245,438,164,369,372,379,303,266,281,162,160,211,0
2,1768494488544,7217,23115,8150,3809355,-304210,-2539977,0,0,0,248,433,162,352,367,362,298,272,268,154,155,200,0
2,1768494488560,1899,21292,8944,-1160643,-636521,-1583362,0,0,0,251,429,169,342,363,356,299,281,260,147,151,189,0
2,1768494488576,1072,14079,9370,-4494746,-1415985,-310319,0,0,0,248,427,168,338,361,351,296,285,255,147,155,185,0
2,1768494488592,5168,7657,6125,-5082398,-1726305,274889,0,0,0,242,425,163,335,362,347,290,290,247,148,163,180,0
2,1768494488608,8638,5345,3144,-4795292,-744033,42760,0,0,0,238,425,164,331,366,346,284,305,240,145,170,174,0
2,1768494488624,7183,5814,4264,-4926017,399505,-302989,0,0,0,236,427,167,327,367,342,278,313,236,154,194,171,0
2,1768494488640,4091,6082,7097,-5400048,934623,-365297,0,0,0,235,427,163,324,365,335,273,311,230,166,218,168,0
2,1768494488656,3302,4929,8753,-5794667,973719,-145385,0,0,0,238,426,165,325,365,335,277,322,231,140,179,161,0
2,1768494488672,3632,3689,9624,-5922949,1187522,39095,0,0,0,238,419,158,328,369,338,281,328,235,140,183,161,0
2,1768494488688,3129,3306,11136,-5920505,1573588,173485,0,0,0,232,419,155,326,364,332,282,330,232,143,188,156,0
2,1768494488704,2301,3560,13184,-6059783,1822821,361632,0,0,0,228,419,155,328,369,338,282,334,233,140,189,156,0
2,1768494488720,2019,3795,15582,-6460510,1910786,638965,0,0,0,232,418,154,326,369,335,282,339,231,141,192,156,0
2,1768494488736,2244,3297,17841,-6836803,1995085,885754,0,0,0,233,417,155,329,369,340,283,341,237,146,199,161,0
2,1768494488752,2502,2282,20133,-6977302,2117258,1053131,0,0,0,238,417,154,333,366,340,284,337,234,144,182,158,0
2,1768494488768,2790,1445,23531,-6929655,2245540,1225395,0,0,0,235,417,153,332,367,341,285,333,236,142,177,157,0
2,1768494488784,3048,780,28250,-6896668,2342057,1516167,0,0,0,234,415,155,333,363,343,289,327,243,139,169,154,0
2,1768494488800,2866,-1502,33208,-7002959,2389704,2095267,0,0,0,233,416,155,335,368,344,295,319,246,137,161,153,0
2,1768494488816,1517,-9083,36175,-7061602,2469117,2691472,0,0,0,237,420,158,335,366,347,303,319,251,138,160,154,0
2,1768494488832,-440,-21928,36362,-6729291,2112371,2938261,0,0,0,242,423,159,337,360,352,309,323,261,140,164,159,0
2,1768494488848,2852,-36692,27982,-5623625,999375,2125811,0,0,0,240,424,157,342,365,358,311,325,266,142,167,163,0
2,1768494488864,5833,-49561,14544,-3574783,652404,30543,0,0,0,235,427,159,343,371,363,309,329,267,142,168,163,0
2,1768494488880,-2976,-51658,9968,-1381777,1391551,-2145358,0,0,0,232,420,158,339,366,363,324,363,264,146,196,153,0
2,1768494488896,-13740,-45264,15582,697608,540004,-2709798,0,0,0,230,394,148,330,342,346,372,450,244,191,301,131,0
2,1768494488912,-12778,-25651,24627,2680476,-1991420,-1720196,0,0,0,243,335,143,302,286,325,398,493,233,327,453,132,0
2,1768494488928,-713,3838,20244,4759861,-4717101,178372,0,0,0,254,350,157,310,294,347,454,480,266,240,405,143,0
2,1768494488944,4393,10284,13773,6362772,-4054923,1749518,0,0,0,281,356,161,343,284,364,484,502,274,280,427,166,0
2,1768494488960,-4264,-2364,19296,6324898,-700051,2089159,0,0,0,275,361,160,357,276,389,529,531,278,331,451,166,0
2,1768494488976,-8796,-5838,24977,4767192,327423,745255,0,0,0,277,389,178,369,300,406,540,539,318,286,427,211,0
2,1768494488992,-636,-631,18736,2871066,-383623,-465479,0,0,0,281,427,193,405,329,422,560,560,339,296,411,270,0
2,1768494489008,4015,1622,11414,1572367,-602313,-201585,0,0,0,289,462,205,420,360,439,581,581,349,325,410,320,0
2,1768494489024,1713,52,10313,741590,-393397,229685,0,0,0,314,487,222,432,385,454,607,607,357,451,503,339,0
2,1768494489040,-210,-421,10739,141720,-266337,200363,0,0,0,343,498,234,441,396,459,618,619,359,468,517,361,0
2,1768494489056,258,516,10519,43982,-244346,1221,0,0,0,362,506,242,443,401,462,621,622,354,429,491,386,0
2,1768494489072,847,1024,10064,47647,-200363,-36651,0,0,0,370,512,249,442,404,463,630,630,349,489,543,377,0
2,1768494489088,799,894,10021,43982,-135612,9773,0,0,0,379,516,250,445,404,457,631,631,344,527,571,359,0
2,1768494489104,607,818,10150,41538,-83077,3665,0,0,0,392,517,251,448,406,456,625,625,343,500,552,366,0
2,1768494489120,579,875,10165,67195,-42760,-17104,0,0,0,391,513,247,448,406,459,612,611,346,429,485,391,0
2,1768494489136,622,923,10107,114842,-3665,-28099,0,0,0,390,520,249,447,407,459,603,603,348,353,399,407,0
2,1768494489152,650,894,10054,166155,18325,-25656,0,0,0,387,522,244,446,407,454,602,602,348,347,389,403,0
2,1768494489168,665,837,10026,195476,24434,-24434,0,0,0,393,520,248,447,410,455,600,599,342,379,431,404,0
2,1768494489184,689,789,10007,201585,17104,-28099,0,0,0,390,524,241,448,419,455,583,584,342,345,373,411,0
2,1768494489200,727,756,9983,194255,7330,-35430,0,0,0,398,531,242,447,414,454,590,584,340,329,346,413,0
2,1768494489216,751,737,9954,178372,-10995,-42760,0,0,0,404,535,246,452,418,458,585,577,344,319,335,420,0
2,1768494489232,760,717,9949,164933,-36651,-50090,0,0,0,404,537,244,458,427,463,584,574,351,318,342,424,0
2,1768494489248,741,703,9944,161268,-59864,-54977,0,0,0,407,538,246,463,432,467,584,573,360,312,323,430,0
2,1768494489264,713,689,9949,171042,-81855,-58643,0,0,0,419,541,251,471,438,475,583,570,365,306,298,442,0
2,1768494489280,698,674,9983,189368,-95294,-58643,0,0,0,435,549,252,479,444,482,583,556,366,306,287,456,0
2,1768494489296,698,646,10040,217468,-101403,-57421,0,0,0,450,559,255,490,451,486,583,534,373,314,284,471,0
2,1768494489312,722,598,10093,250454,-102625,-61086,0,0,0,466,567,264,507,467,497,584,513,387,361,329,487,0
2,1768494489328,775,579,10160,304210,-107512,-78190,0,0,0,481,581,267,522,483,508,571,467,389,460,435,491,0
2,1768494489344,832,545,10289,388510,-122173,-105068,0,0,0,491,595,270,525,487,521,564,452,396,452,420,519,0
2,1768494489360,871,483,10500,491135,-149051,-139277,0,0,0,506,611,293,516,502,546,555,423,408,416,362,552,0
2,1768494489376,918,421,10772,632856,-199142,-178372,0,0,0,531,624,261,543,527,536,541,416,408,304,226,580,0
2,1768494489392,1048,325,11438,923628,-287106,-233350,0,0,0,539,632,258,542,538,544,525,404,403,300,223,588,0
2,1768494489408,847,296,12572,1385442,-359188,-272445,0,0,0,547,631,237,543,546,551,498,398,409,317,237,600,0
2,1768494489424,258,397,13768,1916895,-305432,-244346,0,0,0,552,627,227,553,559,550,467,405,402,327,243,602,0
2,1768494489440,215,469,14788,2502104,-167377,-150272,0,0,0,566,633,227,548,560,545,424,391,395,335,247,609,0
2,1768494489456,894,430,15721,3112969,-141720,-103847,0,0,0,576,634,227,536,556,539,376,374,378,334,250,618,0
2,1768494489472,1517,397,16831,3867998,-191811,-188146,0,0,0,581,630,220,527,557,528,334,361,386,320,240,617,0
2,1768494489488,1785,488,18449,4732983,-207694,-329867,0,0,0,579,628,218,523,562,528,295,323,394,300,225,607,0
2,1768494489504,3024,507,21071,5776341,-238237,-538783,0,0,0,560,619,214,521,563,527,264,248,387,280,208,572,0
2,1768494489520,4575,47,25537,7054271,-465479,-885754,0,0,0,522,599,196,513,548,514,270,211,375,266,186,522,0
2,1768494489536,5939,-1282,30131,8164824,-685390,-1198517,0,0,0,469,575,176,485,510,501,294,240,349,258,172,499,0
2,1768494489552,5671,-804,32194,8770803,-592539,-1463633,0,0,0,402,540,160,447,466,457,256,178,326,239,162,451,0
2,1768494489568,4647,1651,32926,9057909,-497244,-1688431,0,0,0,314,483,159,400,413,406,275,208,297,211,154,368,0
2,1768494489584,5656,6623,31208,8841663,-549778,-1839926,0,0,0,230,433,160,358,363,370,303,256,284,157,153,213,0
2,1768494489600,7968,14457,22689,7854505,-623082,-2124589,0,0,0,236,436,172,364,371,384,303,266,288,160,158,221,0
2,1768494489616,7997,20612,11950,5887519,-736703,-2389704,0,0,0,249,437,177,359,369,376,297,269,277,159,155,219,0
2,1768494489632,5139,23536,6767,1874134,-862541,-1999972,0,0,0,243,434,166,353,367,361,294,273,260,158,158,206,0
2,1768494489648,2713,18573,8580,-2521651,-1083674,-708603,0,0,0,235,432,165,339,368,355,288,284,255,202,190,198,0
2,1768494489664,3570,10308,8021,-4632801,-1415985,431270,0,0,0,235,430,167,336,368,356,285,290,250,168,179,190,0
2,1768494489680,6972,5599,4407,-4317595,-1204626,668286,0,0,0,234,428,164,334,372,352,286,298,245,148,173,179,0
2,1768494489696,8336,4795,2890,-4062253,-433714,453262,0,0,0,232,427,163,333,372,347,281,307,240,144,174,171,0
2,1768494489712,6585,5934,4699,-4455651,458148,163711,0,0,0,233,426,163,332,371,346,275,314,235,143,178,171,0
2,1768494489728,4828,5766,7307,-5148372,719599,185703,0,0,0,235,425,165,329,370,344,272,320,231,146,184,171,0
2,1768494489744,4752,4599,8858,-5649281,838107,307876,0,0,0,234,424,166,327,370,343,272,324,231,146,187,169,0
2,1768494489760,5015,3613,9892,-5798332,1196074,371406,0,0,0,233,422,168,324,370,346,272,327,233,143,187,169,0
2,1768494489776,4350,3192,11581,-5900958,1606575,437379,0,0,0,233,423,166,321,365,342,274,328,231,141,188,162,0
2,1768494489792,3397,3249,13835,-6089104,1859473,588874,0,0,0,231,421,161,321,363,337,276,337,231,138,188,157,0
2,1768494489808,3220,3326,16252,-6421415,1964542,791681,0,0,0,233,422,161,325,368,337,276,340,229,141,192,151,0
2,1768494489824,3297,3082,18927,-6781825,2084272,957836,0,0,0,231,424,161,323,365,337,273,339,229,139,193,151,0
2,1768494489840,3374,2426,21780,-7045719,2214997,1066570,0,0,0,231,421,160,331,362,338,280,341,233,146,189,151,0
2,1768494489856,3584,1641,25546,-7182553,2355496,1196074,0,0,0,231,419,158,333,359,338,283,339,234,147,186,151,0
2,1768494489872,3670,507,29868,-7293730,2502104,1479515,0,0,0,227,419,157,327,360,341,282,330,245,138,185,151,0
2,1768494489888,3015,-2967,33270,-7352374,2627942,2012190,0,0,0,231,421,158,328,359,346,288,334,248,138,185,151,0
2,1768494489904,660,-12194,35434,-7072597,2632829,2527760,0,0,0,236,425,160,335,359,350,300,332,253,145,184,157,0
2,1768494489920,-1191,-24742,34017,-6367659,2023185,2510656,0,0,0,232,430,153,343,363,360,303,328,251,146,182,156,0
2,1768494489936,971,-37846,25226,-4994434,1122770,1494176,0,0,0,230,427,149,343,360,359,308,343,248,151,188,155,0
2,1768494489952,-143,-48360,14601,-2752558,945619,-456927,0,0,0,234,399,154,326,336,342,345,396,249,174,241,156,0
2,1768494489968,-12366,-52878,17607,-477696,514348,-1562593,0,0,0,235,361,154,304,306,336,403,457,248,199,329,147,0
2,1768494489984,-20713,-49274,22287,2919935,-2252871,-1298699,0,0,0,248,347,156,297,288,344,439,471,256,219,375,156,0
2,1768494490000,-10160,-18702,20775,6425080,-5108055,-271224,0,0,0,260,354,162,318,284,366,474,500,264,272,428,162,0
2,1768494490016,248,3493,21153,6908885,-3532022,321315,0,0,0,278,371,166,357,286,370,530,530,269,346,457,157,0
2,1768494490032,387,3910,25690,5351179,-690277,335975,0,0,0,266,388,164,372,303,373,548,575,274,449,518,176,0
2,1768494490048,-1340,-2914,23450,3016452,288328,-69638,0,0,0,276,414,195,392,327,396,575,578,296,437,507,212,0
2,1768494490064,842,-760,12830,1602910,-277332,12217,0,0,0,276,457,217,402,356,421,597,596,331,480,535,253,0
2,1768494490080,1636,1062,8456,912632,-475253,218689,0,0,0,302,481,235,409,369,430,620,614,328,531,570,298,0
2,1768494490096,1119,492,9777,368962,-431270,221133,0,0,0,336,494,252,403,423,424,624,617,321,587,602,324,0
2,1768494490112,469,387,10969,-13439,-383623,53756,0,0,0,356,504,261,419,416,438,629,618,324,614,616,329,0
2,1768494490128,497,990,10437,-62308,-316428,-3665,0,0,0,366,508,265,434,391,451,640,624,328,614,619,330,0
2,1768494490144,684,1225,10064,0,-191811,13439,0,0,0,374,511,268,435,391,452,645,629,334,613,618,334,0
2,1768494490160,727,1167,10107,41538,-72082,15882,0,0,0,374,513,266,437,394,455,644,626,334,616,620,335,0
2,1768494490176,693,1110,10141,62308,-4886,0,0,0,0,368,511,263,441,397,460,645,620,331,605,615,331,0
2,1768494490192,698,1129,10069,94073,30543,-12217,0,0,0,372,515,262,444,397,457,640,617,334,575,590,334,0
2,1768494490208,732,1167,9997,150272,40317,-13439,0,0,0,379,524,260,443,397,451,632,602,335,572,573,339,0
2,1768494490224,765,1148,10011,223576,31764,-12217,0,0,0,387,525,261,442,401,458,620,590,341,529,516,365,0
2,1768494490240,808,1067,10016,283441,15882,-14660,0,0,0,395,525,261,449,411,466,611,580,350,488,485,372,0
2,1768494490256,832,1005,9997,302989,-2443,-32986,0,0,0,399,532,259,452,413,470,603,574,346,482,477,385,0
2,1768494490272,851,971,10007,329867,-24434,-57421,0,0,0,409,537,261,456,423,464,593,541,344,477,467,386,0
2,1768494490288,856,942,10045,378736,-51312,-83077,0,0,0,417,547,257,461,430,471,585,540,353,349,330,419,0
2,1768494490304,818,871,10050,422718,-69638,-101403,0,0,0,434,553,272,472,435,474,581,520,355,399,375,425,0
2,1768494490320,770,780,10026,437379,-72082,-106290,0,0,0,453,561,272,480,445,476,581,498,360,352,316,450,0
2,1768494490336,732,698,10011,441044,-69638,-105068,0,0,0,470,573,274,493,462,485,576,475,367,308,258,478,0
2,1768494490352,751,641,10064,454483,-75747,-97738,0,0,0,479,581,269,500,476,491,571,458,371,302,241,506,0
2,1768494490368,823,559,10160,482583,-92851,-96516,0,0,0,487,584,267,502,485,501,565,440,378,302,234,531,0
2,1768494490384,875,473,10270,540004,-124616,-113620,0,0,0,501,591,268,508,494,514,555,418,386,331,259,546,0
2,1768494490400,875,373,10380,649960,-160046,-142942,0,0,0,515,600,264,517,503,520,544,396,391,378,300,557,0
2,1768494490416,804,296,10571,796568,-174707,-169820,0,0,0,525,608,257,526,514,529,531,381,395,377,295,575,0
2,1768494490432,760,181,10935,1007927,-178372,-169820,0,0,0,530,606,231,533,518,544,511,383,402,376,293,599,0
2,1768494490448,756,148,11505,1247386,-125838,-171042,0,0,0,544,613,222,546,536,554,464,389,410,381,288,616,0
2,1768494490464,722,172,12409,1524719,-34208,-178372,0,0,0,549,619,220,553,552,554,473,357,410,373,287,620,0
2,1768494490480,593,153,13390,1913229,12217,-166155,0,0,0,559,619,215,555,563,549,446,347,410,368,276,622,0
2,1768494490496,406,90,14051,2443460,4886,-105068,0,0,0,562,620,217,556,556,543,399,345,390,382,280,626,0
2,1768494490512,971,14,14946,3010343,-9773,-61086,0,0,0,571,619,218,542,562,542,358,339,388,360,284,626,0
2,1768494490528,2038,9,16688,3744603,-58643,-139277,0,0,0,575,626,214,540,555,539,312,321,392,339,276,630,0
2,1768494490544,2747,129,18813,4592484,-144164,-349414,0,0,0,579,627,222,537,558,543,275,281,400,307,253,617,0
2,1768494490560,3546,95,21622,5703037,-278554,-624304,0,0,0,566,619,221,531,563,537,256,218,399,289,223,556,0
2,1768494490576,4259,-459,25986,6925990,-463035,-900415,0,0,0,530,586,204,520,543,524,247,170,389,278,199,517,0
2,1768494490592,5302,-1560,30600,7974234,-585208,-1097113,0,0,0,478,555,179,500,512,500,244,159,366,266,189,492,0
2,1768494490608,5455,-1129,33452,8769581,-460592,-1339016,0,0,0,402,524,158,454,462,455,257,172,327,252,182,440,0
2,1768494490624,4690,1569,35046,9159313,-346971,-1565036,0,0,0,314,466,155,391,393,400,284,199,293,223,179,335,0
2,1768494490640,6345,8092,32782,8844106,-353080,-1728748,0,0,0,253,414,162,356,345,366,306,238,280,190,189,213,0
2,1768494490656,8585,17027,23000,7783644,-259006,-2067167,0,0,0,263,425,170,361,353,382,304,253,288,192,202,225,0
2,1768494490672,6896,22617,11600,5158146,-229685,-2328618,0,0,0,261,430,165,352,352,361,296,254,271,195,206,214,0
2,1768494490688,2230,24067,8064,777020,-615752,-1784948,0,0,0,252,434,163,335,354,352,292,264,262,184,205,200,0
2,1768494490704,-47,18104,9767,-3297450,-1521054,-526565,0,0,0,245,434,162,335,357,352,292,270,255,182,209,193,0
2,1768494490720,3508,9547,7571,-4743979,-2158797,350636,0,0,0,242,433,159,335,359,348,288,280,246,183,219,184,0
2,1768494490736,8193,5757,2550,-4200309,-1334129,193033,0,0,0,230,428,159,329,360,344,287,288,240,179,226,179,0
2,1768494490752,7513,6288,1971,-4085466,40317,-250454,0,0,0,228,428,159,328,365,343,281,294,238,175,230,173,0
2,1768494490768,4125,7145,4881,-4647462,660956,-366519,0,0,0,223,427,159,326,365,344,273,299,234,176,237,174,0
2,1768494490784,3354,6025,7293,-5293758,591317,-142942,0,0,0,222,427,154,326,368,343,268,303,226,176,242,167,0
2,1768494490800,4340,4795,8356,-5606521,780685,4886,0,0,0,228,428,155,326,366,340,268,306,225,175,243,160,0
2,1768494490816,4345,4163,9968,-5852088,1233947,89186,0,0,0,230,427,160,325,362,337,271,310,230,178,245,160,0
2,1768494490832,3125,4034,12376,-6126978,1602910,229685,0,0,0,226,424,158,324,361,335,272,313,231,180,248,159,0
2,1768494490848,2613,3704,14769,-6411641,1739744,471587,0,0,0,228,426,155,323,357,333,273,313,230,181,247,157,0
2,1768494490864,2651,3225,17315,-6666983,1886351,680503,0,0,0,226,425,158,325,357,336,274,313,233,184,247,160,0
2,1768494490880,2675,2641,20440,-6889338,2065946,789237,0,0,0,227,422,157,326,357,337,277,318,236,184,249,158,0
2,1768494490896,2694,2005,24154,-7126353,2214997,894306,0,0,0,229,422,153,328,358,339,277,318,231,180,246,152,0
2,1768494490912,3062,1373,28729,-7370699,2343279,1087340,0,0,0,229,419,149,328,354,338,279,317,236,183,247,155,0
2,1768494490928,2900,-617,33275,-7607715,2510656,1510058,0,0,0,224,419,151,329,355,342,282,314,240,183,244,156,0
2,1768494490944,1579,-6006,36185,-7716449,2591290,2130697,0,0,0,225,425,153,329,350,341,287,312,245,186,241,155,0
2,1768494490960,167,-16152,36860,-7389025,2306627,2707354,0,0,0,223,428,155,332,356,348,291,311,250,186,242,156,0
2,1768494490976,2440,-30925,31270,-6188064,1381777,2463008,0,0,0,219,429,146,334,359,352,293,310,250,187,243,157,0
2,1768494490992,3015,-43148,20760,-4370129,1065348,1243721,0,0,0,221,433,146,339,361,355,294,312,251,188,245,159,0
2,1768494491008,-7475,-48078,14419,-2120924,1364672,-234572,0,0,0,224,434,151,339,363,357,292,315,250,188,246,157,0
2,1768494491024,-15127,-47872,13543,-250454,649960,-792903,0,0,0,226,430,153,333,359,352,288,317,246,187,246,151,0
2,1768494491040,-11083,-42057,14453,1533271,-777020,-693942,0,0,0,229,413,150,329,349,342,314,373,241,233,315,144,0
2,1768494491056,-1225,-24130,18779,3094643,-1499063,-627969,0,0,0,234,373,146,319,325,334,386,472,244,280,421,132,0
2,1768494491072,5068,9820,22000,4046371,-2522873,-283441,0,0,0,243,333,154,297,291,333,446,465,267,206,379,128,0
2,1768494491088,5106,22617,14065,4748866,-3158173,461814,0,0,0,250,345,166,308,295,355,474,484,267,269,420,155,0
2,1768494491104,-1564,2268,14965,5933944,-1461189,1025031,0,0,0,262,361,161,338,283,365,513,512,267,299,437,163,0
2,1768494491120,-5178,-7901,23938,5340183,-56199,554665,0,0,0,268,376,170,362,285,377,559,563,274,330,466,189,0
2,1768494491136,-631,-2330,21091,3352428,-301767,-167377,0,0,0,278,411,193,381,317,393,589,588,320,408,510,229,0
2,1768494491152,2435,1608,13797,1715309,-515570,-171042,0,0,0,280,437,208,406,338,426,626,625,324,538,580,273,0
2,1768494491168,1507,631,9810,781907,-390953,184481,0,0,0,318,473,240,424,375,452,629,629,339,553,589,325,0
2,1768494491184,320,-315,10423,332310,-228463,150272,0,0,0,346,496,243,434,394,454,638,638,342,565,597,342,0
2,1768494491200,344,248,10619,125838,-184481,24434,0,0,0,366,507,246,440,400,454,653,651,340,578,610,346,0
2,1768494491216,737,938,10260,85521,-166155,-21991,0,0,0,378,516,249,444,405,456,652,651,336,578,610,351,0
2,1768494491232,775,904,10035,85521,-111177,0,0,0,0,396,525,250,450,412,459,650,644,335,573,605,356,0
2,1768494491248,703,804,10083,102625,-79412,4886,0,0,0,413,531,253,456,420,457,647,637,338,553,590,371,0
2,1768494491264,679,866,10179,177150,-70860,-13439,0,0,0,418,533,255,461,427,458,632,626,340,474,516,399,0
2,1768494491280,650,885,10169,266337,-46425,-29321,0,0,0,423,535,254,469,433,463,618,614,339,383,417,419,0
2,1768494491296,626,794,10093,306654,-6108,-34208,0,0,0,426,535,254,476,442,469,617,598,342,397,417,422,0
2,1768494491312,646,698,10054,316428,32986,-36651,0,0,0,429,537,253,475,437,471,616,570,347,426,430,417,0
2,1768494491328,689,660,10035,312763,58643,-43982,0,0,0,431,543,249,474,437,481,602,569,359,337,328,451,0
2,1768494491344,737,631,10016,310319,62308,-52534,0,0,0,436,549,249,476,437,477,586,546,361,328,303,459,0
2,1768494491360,775,593,10016,312763,52534,-63529,0,0,0,441,550,245,486,452,477,526,490,389,347,304,462,0
2,1768494491376,808,536,10011,309097,18325,-74525,0,0,0,449,555,245,492,468,482,571,496,371,365,324,472,0
2,1768494491392,842,478,10026,300545,-30543,-83077,0,0,0,460,563,256,500,468,487,576,488,374,423,379,474,0
2,1768494491408,823,430,10040,301767,-79412,-96516,0,0,0,465,568,255,496,474,489,575,473,375,350,293,498,0
2,1768494491424,770,406,10050,315206,-101403,-101403,0,0,0,475,576,260,500,480,496,576,458,379,331,250,525,0
2,1768494491440,765,382,10136,350636,-122173,-103847,0,0,0,486,584,262,506,485,507,565,443,385,335,246,540,0
2,1768494491456,823,349,10294,431270,-151494,-112399,0,0,0,497,592,259,513,490,511,554,428,392,325,234,552,0
2,1768494491472,832,244,10342,540004,-174707,-131946,0,0,0,513,602,257,526,504,521,548,417,398,319,228,565,0
2,1768494491488,827,129,10471,671951,-183259,-152716,0,0,0,528,610,252,534,526,540,538,405,399,313,227,575,0
2,1768494491504,847,19,10796,845437,-185703,-171042,0,0,0,536,615,236,535,531,535,531,392,401,317,224,584,0
2,1768494491520,856,4,11562,1123992,-120951,-195476,0,0,0,545,616,225,542,540,542,525,392,409,322,229,596,0
2,1768494491536,617,47,12414,1439198,-20769,-206472,0,0,0,548,618,229,551,552,550,485,380,409,336,246,607,0
2,1768494491552,397,14,13060,1786169,45204,-175929,0,0,0,553,617,217,558,559,546,458,368,406,325,226,608,0
2,1768494491568,488,-86,13697,2257757,50090,-101403,0,0,0,559,617,218,558,554,548,423,364,405,338,235,608,0
2,1768494491584,1186,-148,14687,2795319,9773,-78190,0,0,0,563,626,223,551,555,548,370,352,394,333,237,617,0
2,1768494491600,2359,-181,16214,3486818,-97738,-216246,0,0,0,580,623,223,540,557,543,332,339,418,315,231,622,0
2,1768494491616,2723,-100,17884,4309043,-221133,-459370,0,0,0,580,613,214,536,571,551,284,286,400,301,243,622,0
2,1768494491632,2469,0,19904,5248554,-283441,-668286,0,0,0,565,608,208,529,563,537,280,248,395,280,204,576,0
2,1768494491648,3421,-268,23483,6470284,-329867,-849102,0,0,0,527,589,197,522,547,528,258,189,391,257,178,524,0
2,1768494491664,5226,-1459,27791,7606493,-279776,-1054353,0,0,0,484,567,180,506,523,515,243,163,373,247,174,493,0
2,1768494491680,5824,-1842,30964,8425053,-14660,-1297477,0,0,0,435,539,165,472,492,475,255,173,344,241,165,460,0
2,1768494491696,4412,-100,33270,8907636,272445,-1563815,0,0,0,349,496,158,420,439,421,277,195,311,227,152,383,0
2,1768494491712,4355,4714,32988,8861211,171042,-1759291,0,0,0,263,457,159,375,381,388,298,224,290,194,146,276,0
2,1768494491728,6298,13089,26532,8191702,-87964,-2020742,0,0,0,253,446,162,365,372,379,305,245,287,163,152,221,0
2,1768494491744,7049,20765,14108,6483723,-360410,-2372600,0,0,0,245,448,161,360,370,373,297,251,280,184,188,208,0
2,1768494491760,4647,23737,8131,2671924,-594982,-2096489,0,0,0,241,446,161,353,366,361,292,249,265,193,203,205,0
2,1768494491776,2010,21196,8451,-1694540,-846659,-1133765,0,0,0,245,433,163,344,371,356,295,277,261,143,147,191,0
2,1768494491792,1871,12845,9365,-4601036,-1292590,85521,0,0,0,240,430,162,345,374,354,297,284,253,146,154,180,0
2,1768494491808,5178,6815,6073,-4632801,-1398881,476474,0,0,0,242,429,168,337,369,351,291,295,252,141,160,180,0
2,1768494491824,7446,5226,3651,-4397007,-796568,279776,0,0,0,240,426,163,330,367,344,286,304,240,138,164,169,0
2,1768494491840,6647,6216,4613,-4770857,147829,-108734,0,0,0,236,424,159,330,367,343,284,313,239,138,166,165,0
2,1768494491856,4383,6073,7446,-5557651,695164,-274889,0,0,0,240,425,160,332,370,342,281,319,233,139,169,165,0
2,1768494491872,3484,4790,9121,-5999918,835663,-228463,0,0,0,240,426,161,327,371,338,277,327,230,136,174,159,0
2,1768494491888,3732,3718,9925,-6021909,1011592,-105068,0,0,0,239,424,161,325,372,338,277,333,231,135,180,157,0
2,1768494491904,3627,3216,11351,-6021909,1341460,45204,0,0,0,237,422,158,325,371,336,277,337,229,134,186,153,0
2,1768494491920,3168,3177,13462,-6155078,1621236,246789,0,0,0,235,422,155,324,367,333,280,341,229,134,187,148,0
2,1768494491936,2971,3058,15826,-6383541,1814269,463035,0,0,0,233,424,155,327,366,334,283,343,232,135,186,147,0
2,1768494491952,3101,2742,18492,-6663318,1966986,636521,0,0,0,230,423,153,329,367,337,282,342,231,134,185,146,0
2,1768494491968,3383,2258,21698,-6917437,2142915,740368,0,0,0,232,423,155,329,364,338,283,342,231,134,182,144,0
2,1768494491984,3665,1713,25766,-7127575,2350609,886976,0,0,0,232,422,153,330,359,340,288,336,236,135,172,149,0
2,1768494492000,3043,167,30136,-7264409,2565634,1288925,0,0,0,234,422,153,330,359,340,288,328,243,134,166,148,0
2,1768494492016,1086,-4230,33682,-7280291,2729345,1880243,0,0,0,233,424,155,338,363,356,295,328,242,132,162,144,0
2,1768494492032,-1751,-13409,36070,-7012732,2570520,2455678,0,0,0,234,427,158,338,359,354,304,323,252,137,161,151,0
2,1768494492048,234,-26652,33084,-6241821,1552819,2345722,0,0,0,237,426,155,342,362,356,306,323,254,137,164,154,0
2,1768494492064,4819,-39090,24292,-4927239,828333,1375668,0,0,0,239,427,158,344,365,359,307,325,256,139,165,158,0
2,1768494492080,2522,-46853,14338,-2918714,1246165,-431270,0,0,0,232,409,156,333,348,346,325,367,255,158,193,165,0
2,1768494492096,-10839,-47819,14122,-821002,1351233,-1618792,0,0,0,231,381,155,323,329,341,370,423,251,176,262,149,0
2,1768494492112,-20062,-45192,22943,1765400,-932180,-1335351,0,0,0,237,355,153,310,304,344,419,458,254,205,353,144,0
2,1768494492128,-9590,-18645,21416,4956560,-4200309,-153938,0,0,0,252,347,152,317,285,348,458,472,263,240,403,153,0
2,1768494492144,1129,4838,17779,6879564,-4357912,752585,0,0,0,270,360,155,345,287,357,491,491,271,265,410,155,0
2,1768494492160,14,4632,21406,6317568,-1378111,944397,0,0,0,276,382,159,366,299,371,514,514,284,282,418,170,0
2,1768494492176,-2646,-2096,23723,4373795,-276111,235793,0,0,0,275,412,170,382,318,389,536,536,307,285,418,213,0
2,1768494492192,-14,-2153,17693,2381152,-339641,-208915,0,0,0,276,452,193,402,340,419,559,559,331,301,404,279,0
2,1768494492208,2354,765,10461,1237612,-500909,43982,0,0,0,300,481,208,425,381,446,580,581,338,343,423,339,0
2,1768494492224,1263,402,9648,504574,-398284,212581,0,0,0,346,496,231,440,400,451,605,605,345,464,518,359,0
2,1768494492240,282,-23,10600,41538,-349414,109955,0,0,0,370,505,236,446,412,456,613,613,343,493,549,368,0
2,1768494492256,469,521,10614,-39095,-310319,-4886,0,0,0,398,520,254,451,410,446,631,630,360,484,540,358,0
2,1768494492272,732,952,10222,-13439,-215024,-10995,0,0,0,398,523,248,456,412,453,623,623,339,519,566,352,0
2,1768494492288,765,995,10078,21991,-94073,10995,0,0,0,391,520,246,457,426,455,608,608,341,402,467,382,0
2,1768494492304,689,894,10136,46425,-28099,-4886,0,0,0,392,520,243,457,420,453,605,604,345,368,445,391,0
2,1768494492320,670,894,10136,84299,0,-25656,0,0,0,403,522,246,456,416,454,611,610,340,367,430,394,0
2,1768494492336,698,933,10078,142942,17104,-31764,0,0,0,415,530,256,457,415,453,605,605,337,364,406,402,0
2,1768494492352,737,914,10045,199142,25656,-31764,0,0,0,417,537,260,460,419,454,596,592,337,362,390,408,0
2,1768494492368,775,842,10026,234572,15882,-31764,0,0,0,418,541,253,460,425,458,589,583,337,352,370,412,0
2,1768494492384,804,789,10007,240680,0,-37873,0,0,0,424,546,246,460,429,464,584,569,342,332,346,420,0
2,1768494492400,832,780,10007,245567,-17104,-48869,0,0,0,427,550,245,468,437,471,584,550,348,318,322,433,0
2,1768494492416,856,775,10050,273667,-36651,-62308,0,0,0,440,550,247,480,448,473,573,529,353,310,284,449,0
2,1768494492432,851,732,10078,313984,-57421,-74525,0,0,0,458,553,252,486,463,480,566,512,360,312,274,465,0
2,1768494492448,823,650,10078,353080,-73303,-83077,0,0,0,466,559,254,481,475,484,562,489,366,321,276,475,0
2,1768494492464,799,583,10098,390953,-91629,-91629,0,0,0,483,568,265,494,488,493,546,457,373,469,412,480,0
2,1768494492480,799,531,10160,439822,-112399,-101403,0,0,0,492,581,265,503,492,505,545,439,377,318,246,521,0
2,1768494492496,851,464,10294,499687,-140499,-112399,0,0,0,501,585,257,509,497,514,536,410,387,324,291,539,0
2,1768494492512,947,373,10495,609643,-185703,-136833,0,0,0,511,593,247,520,506,518,526,396,389,308,242,556,0
2,1768494492528,1028,272,10811,786794,-248011,-174707,0,0,0,530,600,242,524,518,526,514,388,391,311,228,565,0
2,1768494492544,894,248,11442,1050688,-285884,-210137,0,0,0,537,608,234,529,531,532,510,386,392,317,230,579,0
2,1768494492560,636,244,12007,1318247,-229685,-226020,0,0,0,547,616,229,534,539,536,509,388,411,331,235,576,0
2,1768494492576,555,119,12194,1569923,-135612,-217468,0,0,0,553,625,221,542,542,535,481,380,415,332,234,590,0
2,1768494492592,598,-28,12548,1880243,-141720,-194255,0,0,0,560,631,218,546,547,535,434,370,410,338,244,614,0
2,1768494492608,545,-110,13347,2304183,-172263,-156381,0,0,0,573,635,223,542,558,536,397,369,404,344,253,620,0
2,1768494492624,617,-167,14170,2823419,-177150,-112399,0,0,0,578,636,218,538,563,534,360,360,386,332,241,616,0
2,1768494492640,1158,-220,15266,3401297,-173485,-116064,0,0,0,573,630,213,532,560,532,312,338,377,323,239,616,0
2,1768494492656,2014,-239,17080,4080579,-218689,-223576,0,0,0,575,632,219,531,575,530,288,308,383,299,227,613,0
2,1768494492672,3192,-315,19593,5068959,-371406,-470366,0,0,0,569,631,214,531,571,530,258,257,394,273,199,596,0
2,1768494492688,4340,-550,22775,6181956,-581543,-802676,0,0,0,549,628,215,531,568,532,236,184,386,267,188,544,0
2,1768494492704,5216,-1689,27178,7230200,-784350,-1106887,0,0,0,510,602,196,526,571,490,238,160,376,268,187,513,0
2,1768494492720,6231,-2153,30959,8104959,-762359,-1392772,0,0,0,453,566,172,482,514,470,232,155,345,262,178,482,0
2,1768494492736,5977,-823,33314,8713381,-615752,-1682322,0,0,0,369,509,152,425,447,417,260,182,318,237,167,417,0
2,1768494492752,5297,2761,34558,8962614,-510683,-1915673,0,0,0,271,452,156,370,380,378,290,229,286,185,165,263,0
2,1768494492768,7595,10136,29844,8363966,-515570,-2129476,0,0,0,249,437,162,359,364,371,301,252,281,169,166,217,0
2,1768494492784,9073,18923,16467,6662096,-433714,-2520429,0,0,0,250,441,159,361,371,365,297,255,272,171,167,213,0
2,1768494492800,6001,22268,9035,3192381,-426383,-2312735,0,0,0,248,439,157,357,370,355,295,261,262,171,173,203,0
2,1768494492816,1904,20253,8633,-812450,-724486,-1290147,0,0,0,246,436,159,352,367,353,293,268,256,169,184,192,0
2,1768494492832,2144,12825,8513,-3302337,-1351233,161268,0,0,0,240,437,160,346,369,352,290,275,251,163,184,183,0
2,1768494492848,6049,7217,4876,-3920533,-1372003,902858,0,0,0,235,434,157,340,373,350,289,290,247,157,180,179,0
2,1768494492864,7776,6609,2684,-3984063,-393397,613308,0,0,0,233,427,155,336,373,344,285,304,237,155,188,170,0
2,1768494492880,5326,6996,4967,-4689001,409279,175929,0,0,0,234,426,152,332,376,338,277,321,230,151,195,163,0
2,1768494492896,3795,6140,7044,-5290092,692721,-21991,0,0,0,235,426,152,331,377,339,270,330,228,150,200,166,0
2,1768494492912,3866,4661,7982,-5560095,846659,-68416,0,0,0,236,424,161,327,373,342,274,336,233,139,185,168,0
2,1768494492928,3618,4072,8997,-5619960,1257160,-39095,0,0,0,237,424,161,295,403,324,282,335,240,139,181,160,0
2,1768494492944,2646,4111,10729,-5781228,1604132,84299,0,0,0,236,424,164,320,373,343,278,331,238,136,181,161,0
2,1768494492960,1871,4111,12959,-6080552,1798387,335975,0,0,0,236,424,162,328,369,345,280,335,238,137,182,157,0
2,1768494492976,1483,3823,15190,-6374989,1943773,602313,0,0,0,233,421,154,331,369,340,281,334,236,140,185,152,0
2,1768494492992,1306,3249,17520,-6586349,2063502,814894,0,0,0,228,421,152,330,369,337,283,335,236,141,185,147,0
2,1768494493008,1421,2699,20095,-6732956,2127032,935845,0,0,0,230,422,155,330,367,338,284,335,236,141,187,149,0
2,1768494493024,1804,2325,23230,-6922324,2182010,1054353,0,0,0,232,424,155,332,365,338,286,334,240,142,186,148,0
2,1768494493040,2488,1713,27815,-7192327,2247984,1275486,0,0,0,233,424,155,311,383,329,289,334,243,143,184,147,0
2,1768494493056,2938,-622,32079,-7404908,2320066,1621236,0,0,0,231,424,156,307,389,332,291,332,242,144,180,150,0
2,1768494493072,2311,-8169,35448,-7385360,2404365,2091602,0,0,0,231,426,157,337,367,350,292,329,245,142,178,149,0
2,1768494493088,952,-20516,35051,-6818477,2129476,2091602,0,0,0,235,430,161,338,366,351,298,328,256,143,179,153,0
2,1768494493104,1531,-32926,29423,-5833763,1546710,1507615,0,0,0,236,431,162,342,369,356,306,335,263,149,182,161,0
2,1768494493120,737,-42890,19655,-4230852,1299921,278554,0,0,0,231,430,157,340,363,350,316,347,258,148,182,156,0
2,1768494493136,-7169,-47312,14108,-2175901,1337794,-1071457,0,0,0,239,407,160,328,339,332,331,389,244,165,209,153,0
2,1768494493152,-15003,-48054,15616,-177150,549778,-1673770,0,0,0,234,378,147,319,329,338,406,458,246,179,300,137,0
2,1768494493168,-16405,-39645,22742,2434908,-1998751,-1149648,0,0,0,243,353,147,299,302,329,433,470,251,209,381,142,0
2,1768494493184,-4297,-7264,19650,5899736,-4944343,-119729,0,0,0,252,355,150,317,299,348,461,482,256,237,406,153,0
2,1768494493200,3187,8303,17511,7248526,-3922976,692721,0,0,0,267,372,158,343,298,364,489,493,264,262,415,160,0
2,1768494493216,-1220,1215,22632,5963266,-1125213,810007,0,0,0,277,392,161,367,308,369,509,508,272,283,423,168,0
2,1768494493232,-3158,-2890,23292,4210083,-2443,335975,0,0,0,281,416,172,387,322,386,531,530,291,291,416,202,0
2,1768494493248,-95,-693,15826,2697580,-261450,-17104,0,0,0,289,452,187,411,354,415,564,564,314,331,432,273,0
2,1768494493264,1742,890,10356,1813048,-463035,48869,0,0,0,324,487,200,428,389,438,594,597,321,447,509,337,0
2,1768494493280,942,-818,10854,828333,-459370,188146,0,0,0,376,506,210,437,402,452,604,615,325,552,584,365,0
2,1768494493296,291,-550,11371,79412,-400727,59864,0,0,0,405,518,217,449,413,464,606,623,333,561,591,380,0
2,1768494493312,382,588,10490,-128281,-307876,-21991,0,0,0,415,524,224,452,423,465,607,621,328,573,598,381,0
2,1768494493328,617,894,10074,-20769,-196698,-7330,0,0,0,417,530,224,459,424,460,613,624,319,587,605,365,0
2,1768494493344,660,760,10150,28099,-107512,1221,0,0,0,422,530,230,452,424,462,613,630,327,573,602,382,0
2,1768494493360,598,650,10236,20769,-53756,-9773,0,0,0,428,534,231,455,426,462,606,627,321,571,602,382,0
2,1768494493376,583,717,10136,35430,-31764,-25656,0,0,0,432,536,228,458,427,457,598,622,321,568,598,383,0
2,1768494493392,588,760,10064,80634,-9773,-32986,0,0,0,432,534,237,458,427,460,597,616,326,554,588,387,0
2,1768494493408,598,746,10064,140499,12217,-36651,0,0,0,432,532,229,455,425,456,588,610,325,549,581,386,0
2,1768494493424,617,708,10064,177150,24434,-36651,0,0,0,438,534,223,466,426,455,583,594,328,483,509,408,0
2,1768494493440,646,679,10031,193033,19547,-39095,0,0,0,438,540,221,467,428,455,573,585,332,460,476,419,0
2,1768494493456,660,655,9987,196698,4886,-42760,0,0,0,438,548,223,465,430,456,566,582,336,423,429,423,0
2,1768494493472,684,622,9987,204028,-10995,-47647,0,0,0,441,550,227,467,436,460,560,575,340,365,366,434,0
2,1768494493488,698,598,10011,217468,-25656,-53756,0,0,0,451,551,230,472,444,466,553,561,343,373,371,442,0
2,1768494493504,689,569,10016,232128,-42760,-57421,0,0,0,460,558,231,478,458,473,548,542,345,421,411,446,0
2,1768494493520,670,536,9997,249233,-54977,-58643,0,0,0,463,563,227,483,476,479,541,521,350,401,380,462,0
2,1768494493536,674,512,10011,276111,-63529,-58643,0,0,0,480,570,226,497,479,485,539,507,356,319,283,495,0
2,1768494493552,708,473,10088,315206,-73303,-63529,0,0,0,489,582,225,514,486,496,534,481,364,381,345,511,0
2,1768494493568,727,425,10169,364075,-84299,-75747,0,0,0,490,584,232,508,494,510,526,447,375,447,405,529,0
2,1768494493584,722,378,10260,430049,-83077,-90408,0,0,0,518,592,240,512,501,512,525,436,375,319,251,556,0
2,1768494493600,775,311,10433,518013,-83077,-107512,0,0,0,527,608,249,520,517,519,502,414,378,316,242,572,0
2,1768494493616,918,181,10653,669508,-107512,-138055,0,0,0,533,612,234,526,533,521,475,393,383,313,236,583,0
2,1768494493632,1196,-47,11031,922406,-130725,-193033,0,0,0,542,618,231,533,539,532,474,388,382,319,236,591,0
2,1768494493648,985,81,12184,1242499,-167377,-249233,0,0,0,552,624,227,545,551,536,464,382,385,328,234,596,0
2,1768494493664,421,291,13227,1584584,-206472,-226020,0,0,0,562,632,229,544,550,531,437,383,389,336,235,600,0
2,1768494493680,201,181,13510,1985312,-213802,-156381,0,0,0,567,638,232,544,552,529,406,384,385,338,236,605,0
2,1768494493696,368,-67,13783,2445904,-186924,-78190,0,0,0,576,642,229,550,560,532,371,381,372,338,240,612,0
2,1768494493712,1330,-167,15123,3053104,-173485,-75747,0,0,0,589,641,232,546,563,536,331,371,369,353,286,624,0
2,1768494493728,2211,-157,16788,3717725,-210137,-211359,0,0,0,592,639,235,540,567,537,296,350,377,354,317,621,0
2,1768494493744,2550,-177,18817,4565606,-313984,-442266,0,0,0,587,633,225,541,573,533,280,315,382,311,259,589,0
2,1768494493760,3718,-301,21607,5633399,-447153,-709825,0,0,0,569,620,217,536,572,537,262,249,387,277,196,563,0
2,1768494493776,5259,-1320,26077,6803817,-623082,-1033583,0,0,0,524,603,196,526,547,515,232,171,369,270,176,515,0
2,1768494493792,6494,-1641,30131,7834957,-712268,-1380555,0,0,0,470,584,185,502,522,487,231,157,349,264,170,495,0
2,1768494493808,6570,-641,32376,8587543,-659734,-1707979,0,0,0,398,534,157,453,481,439,253,175,312,250,170,456,0
2,1768494493824,5340,2569,34218,9105557,-511905,-2030516,0,0,0,274,471,158,386,400,391,281,220,282,198,152,333,0
2,1768494493840,6628,8652,32486,8831889,-591317,-2199114,0,0,0,239,446,162,362,380,369,300,268,280,160,155,234,0
2,1768494493856,8915,17798,22622,7745771,-664621,-2460565,0,0,0,238,441,161,362,378,363,299,282,272,156,156,207,0
2,1768494493872,7887,24886,10614,4835609,-620639,-2354274,0,0,0,242,439,158,362,381,359,298,283,261,157,157,202,0
2,1768494493888,4484,26202,7078,461814,-616973,-1376890,0,0,0,238,434,157,352,378,353,295,287,253,152,156,195,0
2,1768494493904,2431,18731,9045,-3698178,-899193,307876,0,0,0,236,432,156,346,376,354,292,293,252,146,156,185,0
2,1768494493920,5360,9384,6499,-4552167,-963945,1208291,0,0,0,233,429,157,341,376,352,290,299,248,142,160,179,0
2,1768494493936,7250,5876,3484,-4188092,-345749,1071457,0,0,0,233,428,158,338,379,346,287,308,242,139,163,173,0
2,1768494493952,5541,6680,3919,-4227187,540004,459370,0,0,0,234,426,156,336,379,342,283,317,238,137,166,168,0
2,1768494493968,3292,6949,6810,-5034751,755029,113620,0,0,0,232,425,156,333,377,341,280,323,236,139,171,167,0
2,1768494493984,3297,5757,8537,-5696929,795346,-62308,0,0,0,231,423,156,330,375,340,279,328,233,137,174,165,0
2,1768494494000,4034,4450,9447,-5963266,1094670,-190589,0,0,0,228,420,155,328,372,340,278,331,233,132,171,162,0
2,1768494494016,3077,4087,11399,-6123313,1583362,-218689,0,0,0,232,423,159,327,371,339,277,332,234,129,170,154,0
2,1768494494032,1895,3929,13792,-6385985,1820378,-46425,0,0,0,233,427,159,326,369,337,274,337,230,129,171,151,0
2,1768494494048,1904,3402,16013,-6682865,1869247,272445,0,0,0,230,423,154,326,369,334,279,339,232,134,177,154,0
2,1768494494064,2407,2761,18210,-6905220,2003637,546113,0,0,0,228,420,154,331,371,339,283,341,234,135,176,148,0
2,1768494494080,2842,2024,21009,-7079928,2258979,768468,0,0,0,228,419,152,327,367,339,280,343,235,133,174,147,0
2,1768494494096,3062,1258,24900,-7197214,2472782,1007927,0,0,0,228,420,155,327,366,341,280,335,238,132,170,149,0
2,1768494494112,3479,291,29719,-7275404,2587625,1398881,0,0,0,228,420,155,332,371,345,287,339,242,131,170,150,0
2,1768494494128,3192,-3192,33591,-7293730,2670702,2068389,0,0,0,229,421,155,337,373,349,292,335,243,132,166,149,0
2,1768494494144,1206,-10806,36008,-7121466,2722015,2702467,0,0,0,230,423,152,342,369,351,303,339,249,131,164,148,0
2,1768494494160,-966,-23215,34941,-6536258,2210110,2873510,0,0,0,233,427,156,346,368,356,306,342,267,134,165,157,0
2,1768494494176,1062,-36089,26326,-5274210,1320690,2094046,0,0,0,238,430,161,349,371,360,305,339,275,141,169,165,0
2,1768494494192,-492,-46417,15046,-3128851,1126435,397062,0,0,0,241,431,160,352,371,359,308,337,262,141,169,161,0
2,1768494494208,-9619,-47164,13208,-1299921,1050688,-842994,0,0,0,241,428,160,350,369,356,317,366,255,143,192,150,0
2,1768494494224,-14697,-43981,14625,474031,136833,-1401324,0,0,0,235,404,151,338,355,348,356,449,243,180,291,134,0
2,1768494494240,-9423,-29064,21837,2592512,-1831373,-1099557,0,0,0,238,355,147,306,299,329,400,478,236,272,419,133,0
2,1768494494256,134,-1086,20378,4993212,-4024380,-447153,0,0,0,238,358,150,307,298,344,450,475,261,217,401,146,0
2,1768494494272,3771,8542,16434,6806260,-3805690,310319,0,0,0,266,375,158,345,298,360,501,504,262,259,420,154,0
2,1768494494288,-1306,-617,22675,6223495,-1359786,697608,0,0,0,269,391,152,372,311,370,520,519,276,266,420,162,0
2,1768494494304,-3144,-4254,24814,4225965,-208915,302989,0,0,0,277,417,180,385,318,395,540,539,306,286,411,207,0
2,1768494494320,464,-421,16329,2280970,-403171,-42760,0,0,0,281,450,200,405,347,428,566,566,336,304,406,278,0
2,1768494494336,1990,1110,10232,1200961,-493579,57421,0,0,0,294,480,213,417,369,437,597,602,331,473,525,300,0
2,1768494494352,976,-229,9930,505796,-395840,186924,0,0,0,333,496,228,436,391,447,611,614,330,535,572,330,0
2,1768494494368,363,-148,10825,119729,-293215,69638,0,0,0,368,506,242,449,402,455,619,618,341,474,524,364,0
2,1768494494384,540,660,10538,3665,-213802,-20769,0,0,0,386,514,243,450,405,452,624,624,344,426,480,390,0
2,1768494494400,818,1033,10031,36651,-140499,-14660,0,0,0,395,518,241,453,410,450,627,627,342,412,464,407,0
2,1768494494416,804,885,10064,70860,-74525,0,0,0,0,402,519,245,458,418,456,632,631,344,442,488,407,0
2,1768494494432,732,794,10165,102625,-39095,-6108,0,0,0,411,522,247,458,424,461,611,617,358,467,496,408,0
2,1768494494448,732,842,10165,158824,-23212,-20769,0,0,0,417,525,252,463,423,461,582,597,382,372,388,433,0
2,1768494494464,760,861,10126,232128,-6108,-28099,0,0,0,422,532,253,469,429,466,620,618,355,342,347,447,0
2,1768494494480,765,794,10088,298102,12217,-30543,0,0,0,422,537,249,466,428,472,619,603,355,331,327,451,0
2,1768494494496,770,708,10050,306654,31764,-35430,0,0,0,436,548,255,464,429,467,604,575,372,320,302,457,0
2,1768494494512,808,660,10026,299323,41538,-42760,0,0,0,434,548,250,474,449,469,596,545,374,449,431,440,0
2,1768494494528,871,641,10040,298102,34208,-57421,0,0,0,439,551,247,483,458,477,590,539,371,334,300,471,0
2,1768494494544,890,607,10059,323758,7330,-67195,0,0,0,453,563,256,491,463,487,580,509,372,367,320,481,0
2,1768494494560,918,540,10083,353080,-21991,-79412,0,0,0,465,568,255,503,467,495,574,491,374,337,275,501,0
2,1768494494576,928,464,10098,371406,-56199,-96516,0,0,0,476,578,263,502,474,499,572,476,378,353,276,514,0
2,1768494494592,856,411,10078,378736,-90408,-106290,0,0,0,483,581,260,508,483,505,566,458,381,353,264,526,0
2,1768494494608,837,378,10126,399505,-120951,-106290,0,0,0,489,582,249,521,494,511,562,440,384,324,230,543,0
2,1768494494624,890,325,10198,456927,-151494,-108734,0,0,0,497,593,249,525,501,515,555,419,388,317,224,557,0
2,1768494494640,918,224,10265,529009,-174707,-120951,0,0,0,506,601,250,530,511,523,541,399,401,320,226,572,0
2,1768494494656,894,110,10390,634078,-194255,-140499,0,0,0,512,598,238,540,524,530,536,388,412,322,225,585,0
2,1768494494672,880,33,10667,792903,-184481,-155159,0,0,0,519,603,224,547,529,530,524,379,403,323,226,592,0
2,1768494494688,851,23,11131,977384,-119729,-174707,0,0,0,525,611,218,554,548,540,520,378,407,342,244,598,0
2,1768494494704,765,-9,11782,1216843,-30543,-189368,0,0,0,536,618,222,547,545,535,476,355,417,442,342,611,0
2,1768494494720,655,-71,12462,1506393,10995,-183259,0,0,0,552,626,223,552,545,538,462,355,412,425,327,622,0
2,1768494494736,526,-71,13251,1913229,15882,-141720,0,0,0,561,624,227,552,552,542,430,348,400,404,312,634,0
2,1768494494752,665,-153,13931,2489886,32986,-89186,0,0,0,562,625,213,560,575,550,401,355,407,349,252,617,0
2,1768494494768,1210,-234,14859,3071430,67195,-94073,0,0,0,571,619,222,552,555,544,374,338,393,342,243,622,0
2,1768494494784,2139,-229,16343,3732386,59864,-205250,0,0,0,578,617,218,540,562,546,363,342,398,332,274,636,0
2,1768494494800,2694,-157,18286,4548502,8552,-426383,0,0,0,575,607,218,546,574,552,307,275,414,304,238,616,0
2,1768494494816,2699,-181,21469,5700594,-53756,-653625,0,0,0,551,589,216,544,566,552,269,195,413,275,190,560,0
2,1768494494832,3977,-1033,26135,6929655,-117286,-807563,0,0,0,518,582,205,525,537,532,261,156,392,254,168,505,0
2,1768494494848,5661,-2033,30835,7977900,-103847,-984714,0,0,0,468,562,180,503,503,496,253,155,358,242,161,469,0
2,1768494494864,5896,-1713,34194,8754920,8552,-1259604,0,0,0,390,512,157,465,457,451,264,175,322,229,154,422,0
2,1768494494880,5570,1493,36400,9068905,-13439,-1533271,0,0,0,314,461,156,401,395,395,297,202,296,199,141,333,0
2,1768494494896,7815,8446,34362,8896641,-163711,-1842369,0,0,0,267,429,158,367,357,368,319,243,288,162,137,211,0
2,1768494494912,9954,17611,22703,7734775,-215024,-2350609,0,0,0,262,441,158,362,352,367,316,270,293,156,136,203,0
2,1768494494928,8437,23105,11782,5401270,-301767,-2692693,0,0,0,259,434,166,358,360,366,307,266,277,156,145,201,0
2,1768494494944,3345,24249,8542,1042136,-686612,-2151467,0,0,0,250,434,160,344,360,350,294,265,258,146,142,188,0
2,1768494494960,1622,18559,9327,-3138625,-1423316,-839328,0,0,0,250,427,166,340,360,358,290,274,260,143,148,197,0
2,1768494494976,4359,10236,7202,-5215567,-1908343,106290,0,0,0,244,425,164,337,363,352,290,285,249,141,157,178,0
2,1768494494992,8126,5747,3421,-5015203,-1414763,54977,0,0,0,238,423,158,332,366,343,289,298,243,138,163,167,0
2,1768494495008,8092,5819,2900,-4868595,-152716,-427605,0,0,0,234,421,157,329,369,341,283,312,238,137,172,164,0
2,1768494495024,5407,6666,5407,-5348736,847880,-704938,0,0,0,232,421,157,326,366,339,282,319,236,134,174,160,0
2,1768494495040,3771,6006,8131,-5986479,951728,-488692,0,0,0,231,421,153,326,364,334,282,325,231,135,173,154,0
2,1768494495056,4053,4656,9514,-6323676,972497,-167377,0,0,0,233,423,150,327,362,329,278,329,226,135,173,150,0
2,1768494495072,4867,3393,10485,-6394537,1220508,97738,0,0,0,233,423,149,326,358,328,276,329,226,133,174,148,0
2,1768494495088,4546,2790,12447,-6401867,1635897,302989,0,0,0,231,419,149,329,361,329,279,333,229,137,181,148,0
2,1768494495104,3914,2651,14888,-6497162,1903456,520457,0,0,0,233,417,151,328,360,331,281,334,233,140,184,151,0
2,1768494495120,4015,2680,17664,-6757391,2046398,762359,0,0,0,244,425,154,328,351,327,281,330,229,132,175,142,0
2,1768494495136,4465,2479,20976,-7082371,2243097,996932,0,0,0,239,420,155,331,359,335,286,337,233,136,177,143,0
2,1768494495152,4824,1866,25082,-7341378,2478891,1258382,0,0,0,239,418,155,333,359,338,290,336,238,139,177,145,0
2,1768494495168,5211,368,30734,-7476990,2701246,1751961,0,0,0,240,417,155,335,359,341,295,336,244,142,177,147,0
2,1768494495184,4972,-3747,35266,-7523416,2916270,2430021,0,0,0,241,417,155,334,352,341,300,327,247,202,206,156,0
2,1768494495200,2474,-12447,37918,-7356039,3087312,2995683,0,0,0,238,417,153,338,356,349,312,329,258,153,173,149,0
2,1768494495216,-531,-25963,36688,-6635218,2417804,2983465,0,0,0,240,420,155,344,361,354,313,328,260,139,165,150,0
2,1768494495232,1301,-39731,28738,-5363396,1280373,2211332,0,0,0,244,425,158,344,359,353,310,325,259,139,165,152,0
2,1768494495248,2211,-49600,16558,-3211929,1076344,199142,0,0,0,248,427,159,345,357,353,308,327,259,138,165,153,0
2,1768494495264,-5183,-51811,11911,-1156978,1362229,-1600466,0,0,0,238,419,153,347,354,352,322,372,255,187,257,148,0
2,1768494495280,-13505,-44689,15922,818559,460592,-2026850,0,0,0,230,385,143,337,332,345,370,442,249,266,389,139,0
2,1768494495296,-11940,-22790,23704,2662150,-1797165,-1112996,0,0,0,241,340,143,314,296,342,436,473,251,269,413,134,0
2,1768494495312,-110,12261,21579,4528954,-5009094,792903,0,0,0,249,337,158,308,287,350,473,478,263,214,400,140,0
2,1768494495328,1555,10437,14256,5920505,-4024380,1954768,0,0,0,274,348,166,336,281,362,503,506,264,279,429,156,0
2,1768494495344,-5781,-1947,18545,6313903,-1220508,1959655,0,0,0,266,350,161,348,287,372,527,545,272,386,485,150,0
2,1768494495360,-8394,-6197,25293,4886921,123394,334754,0,0,0,275,399,177,378,307,407,545,545,325,283,437,222,0
2,1768494495376,258,-784,19061,2873510,-441044,-478918,0,0,0,275,428,196,395,331,411,565,565,329,329,445,254,0
2,1768494495392,3579,1354,12045,1440420,-579100,-130725,0,0,0,285,460,201,423,359,433,592,593,340,357,442,297,0
2,1768494495408,1292,134,9514,558330,-361632,332310,0,0,0,323,488,216,439,384,442,572,591,362,395,464,351,0
2,1768494495424,-110,-196,10442,190589,-267558,157603,0,0,0,356,506,234,449,400,448,602,610,347,485,536,358,0
2,1768494495440,272,507,10614,53756,-266337,-32986,0,0,0,374,517,243,456,405,451,628,628,333,540,579,351,0
2,1768494495456,708,914,10203,42760,-226020,-26878,0,0,0,384,522,248,453,405,449,628,628,333,569,591,345,0
2,1768494495472,679,894,10045,41538,-144164,10995,0,0,0,400,525,253,450,407,447,629,630,333,569,591,351,0
2,1768494495488,526,808,10131,59864,-84299,7330,0,0,0,413,528,253,455,413,447,632,632,331,544,580,366,0
2,1768494495504,512,875,10155,112399,-51312,-18325,0,0,0,411,531,250,460,418,455,624,621,334,487,521,383,0
2,1768494495520,540,909,10126,185703,-9773,-25656,0,0,0,417,535,252,463,419,467,607,604,338,386,417,407,0
2,1768494495536,579,837,10088,246789,21991,-24434,0,0,0,425,540,254,468,428,470,603,595,338,364,383,416,0
2,1768494495552,617,760,10054,274889,35430,-26878,0,0,0,429,543,253,469,429,467,599,587,347,331,339,429,0
2,1768494495568,655,708,10031,274889,30543,-36651,0,0,0,434,552,266,473,430,472,594,567,356,330,324,438,0
2,1768494495584,684,670,10011,265115,15882,-45204,0,0,0,444,555,259,485,448,475,586,538,348,374,354,434,0
2,1768494495600,713,660,10021,270002,-2443,-56199,0,0,0,451,557,246,482,444,471,582,520,353,317,275,459,0
2,1768494495616,737,660,10074,302989,-23212,-70860,0,0,0,465,563,249,489,457,475,573,495,360,432,394,453,0
2,1768494495632,727,593,10098,348193,-42760,-85521,0,0,0,469,567,255,504,460,480,561,478,362,476,428,457,0
2,1768494495648,689,497,10078,381179,-64751,-96516,0,0,0,477,572,258,513,473,495,555,459,368,471,412,480,0
2,1768494495664,660,435,10088,409279,-81855,-100181,0,0,0,487,584,253,527,483,502,556,449,377,376,294,512,0
2,1768494495680,679,402,10212,460592,-92851,-103847,0,0,0,499,597,251,529,499,508,556,431,384,312,228,543,0
2,1768494495696,708,335,10366,563217,-106290,-113620,0,0,0,509,604,250,530,520,517,553,412,390,308,231,563,0
2,1768494495712,689,205,10552,700051,-98960,-125838,0,0,0,515,605,241,533,528,525,544,400,394,319,232,573,0
2,1768494495728,713,119,10964,894306,-81855,-129503,0,0,0,528,609,232,534,531,530,530,394,399,319,223,583,0
2,1768494495744,832,114,11562,1147204,-2443,-152716,0,0,0,548,616,232,546,551,538,509,388,408,348,256,597,0
2,1768494495760,832,90,12218,1415985,68416,-188146,0,0,0,552,616,220,554,560,538,476,367,406,418,331,614,0
2,1768494495776,842,14,13036,1755626,54977,-205250,0,0,0,553,626,223,557,569,543,452,363,406,384,291,620,0
2,1768494495792,737,-9,13797,2250427,-28099,-184481,0,0,0,559,628,210,555,562,550,409,358,424,367,281,626,0
2,1768494495808,851,-114,14462,2817310,-76969,-158824,0,0,0,560,623,208,553,567,538,374,350,408,346,247,626,0
2,1768494495824,1426,-157,15582,3408628,-102625,-186924,0,0,0,581,630,222,534,555,537,332,341,408,321,233,625,0
2,1768494495840,2091,-119,17238,4170987,-153938,-335975,0,0,0,579,631,220,524,572,540,276,294,397,307,268,629,0
2,1768494495856,2431,-110,19195,5053077,-207694,-518013,0,0,0,568,614,213,533,570,546,279,242,412,284,211,592,0
2,1768494495872,3359,-416,22665,6205169,-305432,-739146,0,0,0,543,597,210,534,565,536,263,180,400,264,178,540,0
2,1768494495888,4781,-1435,27173,7279070,-399505,-945619,0,0,0,508,583,205,513,546,519,244,159,377,253,169,506,0
2,1768494495904,6326,-2349,31457,8271115,-300545,-1204626,0,0,0,444,555,178,479,508,481,247,167,346,244,167,470,0
2,1768494495920,5522,-713,33701,8823337,-70860,-1508837,0,0,0,350,503,155,425,449,422,271,185,313,221,157,397,0
2,1768494495936,5269,3187,35099,8985827,-32986,-1769065,0,0,0,272,454,159,374,391,384,296,222,295,184,145,295,0
2,1768494495952,7614,11663,29466,8312654,-141720,-2081828,0,0,0,251,437,166,366,363,380,311,258,291,158,145,222,0
2,1768494495968,8944,19722,17123,6729291,-169820,-2536312,0,0,0,261,440,167,366,365,372,303,265,281,156,145,209,0
2,1768494495984,6499,24039,8040,3315776,-153938,-2653598,0,0,0,259,435,160,358,363,356,296,266,261,154,145,198,0
2,1768494496000,1536,20732,9638,-1219287,-616973,-1627344,0,0,0,243,431,161,344,367,359,293,277,260,147,152,190,0
2,1768494496016,1201,13893,9638,-3869220,-1412320,-410501,0,0,0,243,428,164,344,367,359,291,284,257,150,158,191,0
2,1768494496032,6025,8083,5326,-4399451,-1668883,261450,0,0,0,236,426,160,337,367,347,291,299,251,149,167,180,0
2,1768494496048,8298,6996,2976,-4384790,-552222,-23212,0,0,0,236,426,161,337,372,350,284,301,243,140,163,171,0
2,1768494496064,6513,6877,4273,-4729318,516791,-365297,0,0,0,231,422,155,335,374,346,282,313,240,139,166,169,0
2,1768494496080,3747,6269,6901,-5196019,979827,-459370,0,0,0,234,423,155,332,371,341,279,315,236,137,167,162,0
2,1768494496096,3594,5168,8073,-5420818,1067792,-295658,0,0,0,235,422,154,331,369,341,277,320,235,137,171,160,0
2,1768494496112,3742,4532,9332,-5601634,1391551,-113620,0,0,0,235,421,154,331,371,342,278,328,235,137,176,157,0
2,1768494496128,2981,4556,11371,-5898514,1792278,63529,0,0,0,234,421,153,330,371,341,280,333,240,135,179,151,0
2,1768494496144,2244,4364,13677,-6273586,2070833,274889,0,0,0,233,422,154,329,370,339,282,337,243,134,182,148,0
2,1768494496160,1837,3852,15869,-6565579,2235766,470366,0,0,0,234,422,156,331,372,341,282,341,240,135,185,148,0
2,1768494496176,1402,3192,18693,-6802595,2381152,665843,0,0,0,231,421,155,333,372,342,285,341,240,138,187,150,0
2,1768494496192,1349,2723,21727,-6971194,2452013,811229,0,0,0,228,419,151,330,368,341,287,341,242,136,185,148,0
2,1768494496208,1727,2392,26168,-7208209,2509434,1047023,0,0,0,230,420,154,329,367,342,287,339,243,136,180,151,0
2,1768494496224,2091,1306,31251,-7458664,2552194,1499063,0,0,0,231,420,154,332,359,345,293,332,246,138,172,151,0
2,1768494496240,2038,-2900,35166,-7607715,2593733,2135584,0,0,0,230,418,152,332,360,348,296,324,248,135,164,147,0
2,1768494496256,612,-12658,37420,-7409795,2555860,2594955,0,0,0,235,424,161,338,359,356,299,323,264,134,162,150,0
2,1768494496272,378,-25589,36319,-6792821,1952325,2558303,0,0,0,234,425,154,340,360,352,305,324,258,139,167,156,0
2,1768494496288,4345,-39506,26379,-5385387,1114218,1477072,0,0,0,235,426,157,345,367,357,309,325,259,143,169,158,0
2,1768494496304,2282,-49537,14601,-3176499,1310916,-366519,0,0,0,236,427,158,345,369,358,312,330,264,144,170,159,0
2,1768494496320,-10035,-50811,11974,-983493,1709200,-1601688,0,0,0,230,419,152,339,358,353,322,388,255,211,293,155,0
2,1768494496336,-15841,-44479,16348,921184,335975,-1299921,0,0,0,231,381,143,327,329,340,371,443,248,232,370,141,0
2,1768494496352,-10203,-24288,23723,2998126,-2222327,-289550,0,0,0,240,344,142,312,296,333,419,469,248,207,368,130,0
2,1768494496368,181,3340,19535,4979773,-4629136,850324,0,0,0,257,346,155,317,280,348,450,486,255,227,391,137,0
2,1768494496384,1962,9045,15060,6269920,-4051258,1661553,0,0,0,277,361,163,346,288,367,499,499,273,279,416,149,0
2,1768494496400,-5920,-2134,20502,6103765,-908967,1684766,0,0,0,274,374,155,367,304,373,521,521,283,320,433,161,0
2,1768494496416,-5465,-3756,23282,4334699,-139277,345749,0,0,0,276,403,164,382,320,379,547,547,296,311,436,196,0
2,1768494496432,449,-540,17865,2646268,-427605,-351858,0,0,0,281,444,196,408,343,414,565,566,326,293,399,260,0
2,1768494496448,3220,1402,10844,1353677,-583987,-40317,0,0,0,290,478,211,424,379,439,593,593,341,319,403,330,0
2,1768494496464,823,-105,9992,514348,-383623,240680,0,0,0,346,501,226,436,391,439,610,609,341,372,452,374,0
2,1768494496480,-191,-301,10638,85521,-300545,118507,0,0,0,367,510,239,443,402,451,620,620,334,473,528,375,0
2,1768494496496,311,579,10504,12217,-273667,-18325,0,0,0,373,511,241,448,408,462,626,626,345,513,560,381,0
2,1768494496512,679,1028,10150,23212,-200363,-26878,0,0,0,387,518,256,451,412,472,629,629,345,514,565,385,0
2,1768494496528,626,918,10064,37873,-103847,12217,0,0,0,394,523,251,451,408,464,632,631,334,515,566,371,0
2,1768494496544,526,851,10141,53756,-64751,0,0,0,0,403,528,252,452,411,462,631,628,334,536,578,373,0
2,1768494496560,512,904,10155,102625,-41538,-19547,0,0,0,412,529,255,454,414,460,627,624,342,510,545,387,0
2,1768494496576,526,923,10122,171042,-10995,-25656,0,0,0,416,531,254,458,419,460,617,616,345,425,452,408,0
2,1768494496592,536,875,10093,227241,15882,-25656,0,0,0,422,538,256,466,428,465,611,602,348,391,409,418,0
2,1768494496608,579,818,10074,257785,23212,-26878,0,0,0,431,545,258,470,432,469,607,588,356,402,412,421,0
2,1768494496624,626,780,10059,277332,20769,-31764,0,0,0,432,548,256,471,436,474,593,568,357,375,371,442,0
2,1768494496640,655,737,10050,296880,10995,-42760,0,0,0,440,551,253,472,440,477,586,547,362,384,365,447,0
2,1768494496656,660,693,10064,317649,1221,-54977,0,0,0,462,562,255,479,453,480,576,516,395,333,296,462,0
2,1768494496672,689,650,10098,343306,-9773,-67195,0,0,0,468,567,259,484,463,478,560,479,398,475,433,440,0
2,1768494496688,746,588,10136,381179,-34208,-85521,0,0,0,474,581,263,499,473,493,557,465,400,475,428,468,0
2,1768494496704,698,507,10122,423940,-73303,-105068,0,0,0,478,582,261,504,479,497,563,450,409,422,363,506,0
2,1768494496720,631,449,10155,456927,-102625,-112399,0,0,0,493,590,253,512,493,509,560,443,418,318,246,526,0
2,1768494496736,636,411,10265,509461,-127059,-114842,0,0,0,502,593,252,514,503,512,540,422,414,295,214,539,0
2,1768494496752,684,320,10418,614530,-150272,-122173,0,0,0,508,597,245,518,508,515,529,406,417,300,218,559,0
2,1768494496768,751,205,10691,761138,-174707,-133168,0,0,0,519,604,232,529,522,524,526,402,411,317,228,562,0
2,1768494496784,765,143,11179,993266,-156381,-161268,0,0,0,527,609,219,536,531,533,507,391,395,321,228,575,0
2,1768494496800,636,114,11552,1209513,-84299,-189368,0,0,0,533,612,213,539,534,538,493,378,387,318,228,592,0
2,1768494496816,569,-19,11739,1428202,-10995,-200363,0,0,0,548,622,220,542,547,544,478,370,394,324,231,601,0
2,1768494496832,588,-86,12366,1701870,-23212,-180816,0,0,0,562,629,228,544,561,550,441,364,406,329,232,607,0
2,1768494496848,741,-143,13357,2106263,-76969,-158824,0,0,0,562,621,223,545,558,546,403,360,412,327,235,613,0
2,1768494496864,789,-220,14032,2601064,-111177,-160046,0,0,0,562,627,219,548,555,546,366,354,401,324,233,616,0
2,1768494496880,866,-311,14797,3187494,-101403,-172263,0,0,0,578,631,227,542,557,550,326,343,395,316,231,622,0
2,1768494496896,1502,-387,16085,3809355,-97738,-234572,0,0,0,578,628,218,533,561,543,283,307,398,332,295,639,0
2,1768494496912,2215,-435,18367,4710992,-130725,-416610,0,0,0,566,617,219,540,562,546,272,253,405,300,240,602,0
2,1768494496928,2967,-507,21186,5710368,-211359,-629191,0,0,0,554,606,220,547,563,549,261,199,412,268,186,566,0
2,1768494496944,4216,-1430,25154,6748839,-356745,-844215,0,0,0,516,594,201,525,553,523,247,161,387,259,175,516,0
2,1768494496960,5838,-2493,29605,7744549,-362853,-1109331,0,0,0,471,565,180,495,532,498,242,166,360,254,174,488,0
2,1768494496976,5915,-1923,32615,8469035,-238237,-1407433,0,0,0,403,521,162,452,475,448,261,175,328,240,163,447,0
2,1768494496992,4958,1387,34376,8833111,-206472,-1688431,0,0,0,288,465,158,392,403,392,288,201,297,192,141,306,0
2,1768494497008,5843,7164,32787,8684060,-392175,-1897347,0,0,0,245,445,160,368,375,373,304,226,288,163,136,228,0
2,1768494497024,7762,14711,24154,7795862,-656069,-2179567,0,0,0,253,443,163,366,375,375,305,245,287,156,140,216,0
2,1768494497040,7351,19794,12069,5351179,-823446,-2449569,0,0,0,257,437,164,360,378,368,299,257,275,156,144,207,0
2,1768494497056,4446,22000,7633,1352455,-819781,-2068389,0,0,0,255,432,161,352,385,358,296,268,264,162,156,198,0
2,1768494497072,1928,17123,8834,-2904053,-1038470,-827111,0,0,0,247,430,161,341,392,353,291,281,260,160,167,189,0
2,1768494497088,3105,10026,7858,-4767192,-1387885,189368,0,0,0,243,430,160,340,396,351,287,289,250,143,164,183,0
2,1768494497104,6853,5202,4369,-4668232,-1260825,492357,0,0,0,233,426,157,335,393,346,289,297,245,143,167,177,0
2,1768494497120,7839,4943,3431,-4499633,-309097,136833,0,0,0,231,426,157,332,398,345,283,304,238,137,169,169,0
2,1768494497136,6255,5479,5034,-4791626,564439,-200363,0,0,0,238,427,159,329,391,341,283,319,238,142,175,167,0
2,1768494497152,4359,5312,7355,-5288871,933402,-273667,0,0,0,240,426,158,329,391,338,279,320,230,137,173,162,0
2,1768494497168,4383,4532,8480,-5594303,1102000,-136833,0,0,0,237,424,157,329,380,338,277,321,231,134,171,161,0
2,1768494497184,4450,3948,9743,-5822767,1445307,17104,0,0,0,234,424,157,328,377,341,279,328,234,131,170,157,0
2,1768494497200,3685,3589,11706,-6023131,1804495,224798,0,0,0,234,423,158,324,385,339,282,336,235,129,174,154,0
2,1768494497216,2967,3297,13936,-6239377,2014633,489913,0,0,0,234,423,157,324,377,339,282,335,234,129,173,152,0
2,1768494497232,2914,3024,16118,-6472728,2108706,734260,0,0,0,231,424,155,326,370,340,282,333,234,127,171,149,0
2,1768494497248,3196,2565,18793,-6726848,2256536,878424,0,0,0,228,422,155,324,367,337,283,332,233,131,173,149,0
2,1768494497264,3335,2014,21990,-6960198,2427578,966388,0,0,0,228,422,155,325,365,337,284,331,234,135,175,150,0
2,1768494497280,3273,1330,26905,-7215540,2604729,1172861,0,0,0,231,423,155,330,366,340,286,331,238,133,173,148,0
2,1768494497296,2818,-186,31595,-7448890,2711019,1632231,0,0,0,233,424,156,332,364,341,288,329,242,132,170,148,0
2,1768494497312,1579,-5096,35410,-7571063,2786767,2367713,0,0,0,236,424,157,335,361,347,296,325,247,137,167,152,0
2,1768494497328,-660,-15702,37300,-7246083,2553416,2845410,0,0,0,244,425,157,341,359,350,305,319,254,140,163,152,0
2,1768494497344,339,-28370,34252,-6465397,1661553,2629163,0,0,0,236,430,154,337,358,350,319,323,262,130,158,154,0
2,1768494497360,4785,-41737,22541,-4758640,979827,1048244,0,0,0,238,433,161,343,364,357,305,322,262,137,166,162,0
2,1768494497376,717,-49135,13036,-2593733,1381777,-1136209,0,0,0,238,430,157,341,363,354,306,328,262,137,166,159,0
2,1768494497392,-11730,-48853,12467,-649960,1496619,-2497217,0,0,0,238,421,153,340,359,352,316,360,249,144,185,151,0
2,1768494497408,-15070,-41047,16726,1154535,-128281,-2252871,0,0,0,242,386,172,333,328,365,396,437,269,194,281,161,0
2,1768494497424,-9471,-17999,23541,2895501,-2522873,-1262047,0,0,0,240,346,156,314,303,353,443,466,273,198,349,145,0
2,1768494497440,894,13515,20693,4392121,-5252219,302989,0,0,0,252,336,153,313,286,355,453,500,260,295,435,137,0
2,1768494497456,1708,9964,13826,5577199,-4031710,1521054,0,0,0,269,348,160,338,278,365,480,534,255,398,494,141,0
2,1768494497472,-5183,-2770,19387,5832541,-1136209,1660331,0,0,0,277,374,160,364,289,372,518,542,275,365,472,162,0
2,1768494497488,-6594,-5317,24685,4478863,-69638,423940,0,0,0,278,407,170,382,311,386,551,552,306,307,442,197,0
2,1768494497504,-23,-397,18133,2768441,-492357,-185703,0,0,0,277,433,197,404,335,414,590,590,325,380,484,233,0
2,1768494497520,2938,1526,11045,1374446,-594982,50090,0,0,0,287,463,220,425,365,440,612,612,337,461,521,279,0
2,1768494497536,775,-148,10203,536339,-357967,287106,0,0,0,315,491,234,431,388,442,619,619,341,450,510,331,0
2,1768494497552,-33,-186,10758,177150,-249233,138055,0,0,0,338,505,238,442,398,449,629,629,344,493,560,351,0
2,1768494497568,445,760,10538,72082,-218689,-35430,0,0,0,349,505,239,449,402,453,645,644,352,545,587,343,0
2,1768494497584,780,1052,10093,74525,-155159,-21991,0,0,0,361,506,243,457,404,454,645,645,363,543,587,342,0
2,1768494497600,746,933,10011,68416,-80634,7330,0,0,0,357,509,241,455,409,457,615,623,374,542,593,350,0
2,1768494497616,641,885,10112,67195,-58643,-4886,0,0,0,361,512,245,453,407,453,632,634,353,532,580,353,0
2,1768494497632,626,942,10126,92851,-41538,-21991,0,0,0,366,517,251,456,407,460,626,626,346,494,541,360,0
2,1768494497648,650,990,10078,151494,-9773,-26878,0,0,0,373,519,252,457,408,461,615,614,348,391,437,384,0
2,1768494497664,670,938,10031,202807,9773,-21991,0,0,0,372,519,250,455,410,467,611,606,352,417,446,381,0
2,1768494497680,698,880,10011,238237,13439,-21991,0,0,0,375,522,249,455,411,472,610,601,356,433,448,385,0
2,1768494497696,741,832,10007,261450,4886,-30543,0,0,0,379,527,249,459,417,479,604,592,359,368,380,405,0
2,1768494497712,770,780,9992,266337,-7330,-42760,0,0,0,378,528,243,474,429,484,598,572,355,313,323,419,0
2,1768494497728,780,737,9983,255341,-23212,-52534,0,0,0,384,534,238,485,436,479,597,552,352,304,300,434,0
2,1768494497744,780,717,9997,245567,-45204,-62308,0,0,0,399,544,242,483,439,477,593,542,357,346,327,444,0
2,1768494497760,780,703,10021,261450,-65973,-68416,0,0,0,417,552,252,493,446,485,592,533,364,451,426,434,0
2,1768494497776,775,674,10054,307876,-86742,-75747,0,0,0,447,565,274,495,454,487,589,503,371,474,437,449,0
2,1768494497792,746,612,10112,366519,-98960,-83077,0,0,0,461,571,268,501,468,497,568,463,374,447,397,474,0
2,1768494497808,732,526,10150,416610,-101403,-91629,0,0,0,469,575,260,517,492,511,579,460,385,313,237,513,0
2,1768494497824,751,445,10208,463035,-98960,-101403,0,0,0,483,579,260,520,505,511,575,438,389,293,221,535,0
2,1768494497840,780,387,10308,542448,-103847,-117286,0,0,0,503,591,252,526,501,521,560,422,386,297,218,556,0
2,1768494497856,813,330,10504,670730,-113620,-136833,0,0,0,508,597,246,538,522,546,560,400,391,295,215,574,0
2,1768494497872,856,244,10969,902858,-128281,-153938,0,0,0,514,603,227,546,529,554,541,394,411,302,217,591,0
2,1768494497888,933,167,11648,1197295,-101403,-177150,0,0,0,524,606,217,547,534,551,496,398,421,310,217,604,0
2,1768494497904,751,167,12557,1535715,-10995,-204028,0,0,0,538,611,219,552,545,551,480,385,411,325,224,610,0
2,1768494497920,636,100,13204,1893682,29321,-196698,0,0,0,549,618,222,559,553,556,463,361,412,368,280,623,0
2,1768494497936,593,43,13816,2366491,3665,-155159,0,0,0,556,622,215,562,555,557,429,353,414,368,285,630,0
2,1768494497952,1225,0,14931,2955366,-50090,-139277,0,0,0,563,620,207,556,558,552,397,353,401,324,228,624,0
2,1768494497968,2100,0,16338,3612657,-128281,-229685,0,0,0,571,617,209,542,557,543,345,331,400,328,254,634,0
2,1768494497984,2593,81,17975,4442212,-229685,-444709,0,0,0,563,620,216,532,561,540,285,293,421,308,274,631,0
2,1768494498000,2632,210,20617,5544212,-288328,-667064,0,0,0,547,608,223,539,569,540,263,244,409,278,196,581,0
2,1768494498016,3531,-100,24182,6691417,-365297,-846659,0,0,0,529,590,197,529,553,525,253,167,403,263,173,515,0
2,1768494498032,5139,-1359,28829,7781201,-375071,-1038470,0,0,0,480,572,187,506,534,509,244,153,385,257,173,493,0
2,1768494498048,5762,-1588,32596,8658403,-180816,-1277930,0,0,0,423,539,162,478,498,474,252,171,340,251,172,459,0
2,1768494498064,5053,588,34926,9184969,21991,-1551597,0,0,0,336,488,155,417,427,412,276,189,303,224,157,378,0
2,1768494498080,6479,5786,33926,9062796,-127059,-1811826,0,0,0,260,447,159,382,384,379,317,233,287,173,145,239,0
2,1768494498096,9222,13371,26848,8315097,-285884,-2157576,0,0,0,246,438,161,372,379,377,316,258,289,159,148,213,0
2,1768494498112,9619,20330,14256,6179512,-232128,-2517986,0,0,0,251,438,165,363,379,369,311,270,283,158,151,212,0
2,1768494498128,5522,24283,7346,2008524,-175929,-2140471,0,0,0,250,436,166,357,375,360,307,273,270,154,152,202,0
2,1768494498144,760,19932,9356,-2773328,-680503,-662177,0,0,0,246,432,164,350,369,354,303,276,258,148,152,191,0
2,1768494498160,3244,10461,7954,-4423886,-1414763,548556,0,0,0,243,428,163,341,368,352,298,285,255,143,155,184,0
2,1768494498176,7322,5269,3977,-4311486,-1233947,785572,0,0,0,243,424,162,345,371,349,296,299,251,144,164,177,0
2,1768494498192,7944,5484,2263,-4002389,-37873,326202,0,0,0,245,422,158,353,366,343,296,311,243,148,171,170,0
2,1768494498208,3857,7236,5336,-4649906,784350,61086,0,0,0,238,421,158,336,373,349,290,322,243,138,179,168,0
2,1768494498224,1306,7054,8155,-5400048,875980,125838,0,0,0,237,421,154,339,375,343,292,328,239,144,198,159,0
2,1768494498240,1780,5427,9088,-5776341,845437,271224,0,0,0,228,422,150,321,369,338,303,331,243,129,168,152,0
2,1768494498256,1909,4551,10031,-5953492,1111774,294437,0,0,0,229,426,155,324,369,338,303,330,242,131,176,152,0
2,1768494498272,1100,4393,11940,-6192951,1430646,288328,0,0,0,229,426,155,327,364,338,302,335,240,131,171,146,0
2,1768494498288,607,4091,14137,-6505714,1528384,338419,0,0,0,237,421,157,328,375,339,295,332,239,140,178,151,0
2,1768494498304,598,3603,16171,-6723182,1585806,387288,0,0,0,240,421,156,335,366,341,295,335,239,138,180,148,0
2,1768494498320,713,3239,18731,-6877120,1704314,415388,0,0,0,241,419,156,335,360,343,294,337,241,141,183,148,0
2,1768494498336,760,3077,21761,-7046941,1853365,472809,0,0,0,241,418,156,334,360,343,297,340,244,152,186,148,0
2,1768494498352,813,2943,25733,-7249748,1988977,687834,0,0,0,240,416,154,336,362,345,298,341,245,148,183,149,0
2,1768494498368,603,1703,30543,-7456221,2056172,1325577,0,0,0,239,417,154,338,359,347,298,340,249,138,177,150,0
2,1768494498384,181,-2675,34319,-7545407,2030516,2160019,0,0,0,240,419,156,338,357,349,301,337,254,136,171,151,0
2,1768494498400,516,-14563,36530,-7285178,1729970,2745228,0,0,0,242,423,157,339,359,350,305,334,257,138,167,152,0
2,1768494498416,3665,-30203,33998,-6590014,1060462,2439795,0,0,0,246,428,161,344,362,354,308,336,260,138,167,152,0
2,1768494498432,7240,-44106,24350,-5181358,698829,1114218,0,0,0,244,425,158,348,369,358,310,335,260,143,169,156,0
2,1768494498448,-866,-50365,15228,-2660928,1287703,-614530,0,0,0,242,423,157,348,369,359,312,347,262,151,193,152,0
2,1768494498464,-11816,-50016,13601,-372627,1109331,-1315803,0,0,0,234,423,151,339,350,350,312,423,240,255,385,150,0
2,1768494498480,-13376,-42856,18009,1572367,-412944,-949284,0,0,0,240,360,146,334,310,337,383,478,229,313,433,130,0
2,1768494498496,-2991,-14778,21033,3847229,-2783102,-180816,0,0,0,239,343,148,307,295,340,430,480,250,262,409,128,0
2,1768494498512,4441,7997,16458,6021909,-3783699,533896,0,0,0,260,354,159,321,290,353,475,492,259,302,442,156,0
2,1768494498528,1966,6369,16525,6957755,-2167349,1193630,0,0,0,270,370,159,348,293,369,501,503,275,300,435,167,0
2,1768494498544,-4895,-3201,23397,5549099,-335975,831998,0,0,0,277,390,167,369,302,384,530,530,298,297,437,189,0
2,1768494498560,-3239,-3345,22273,3733608,-149051,-91629,0,0,0,281,420,190,395,318,404,570,570,314,385,483,229,0
2,1768494498576,2033,320,14314,2152689,-447153,-262672,0,0,0,288,455,206,417,349,427,598,598,328,455,524,285,0
2,1768494498592,2407,531,10705,1117883,-431270,46425,0,0,0,317,485,216,429,379,443,612,612,338,499,554,334,0
2,1768494498608,536,-201,10595,350636,-315206,149051,0,0,0,356,501,225,437,393,448,623,623,340,556,587,359,0
2,1768494498624,95,191,10643,58643,-246789,28099,0,0,0,375,509,229,436,423,442,629,629,343,574,597,373,0
2,1768494498640,636,804,10241,68416,-196698,-37873,0,0,0,388,515,235,426,471,431,633,633,352,584,601,374,0
2,1768494498656,756,818,10074,70860,-123394,-6108,0,0,0,394,518,237,445,411,450,642,641,344,580,601,372,0
2,1768494498672,646,732,10117,50090,-69638,6108,0,0,0,407,523,249,452,410,450,639,640,342,577,601,377,0
2,1768494498688,579,760,10165,53756,-36651,-9773,0,0,0,413,524,250,452,410,450,628,629,341,569,590,378,0
2,1768494498704,622,837,10122,100181,-15882,-24434,0,0,0,410,523,248,449,411,458,618,621,341,566,590,375,0
2,1768494498720,636,837,10083,153938,-1221,-29321,0,0,0,422,524,250,451,413,457,606,607,346,431,468,398,0
2,1768494498736,617,775,10045,195476,6108,-30543,0,0,0,421,525,247,449,415,458,596,595,350,357,389,414,0
2,1768494498752,636,727,10021,212581,12217,-31764,0,0,0,419,528,242,455,425,461,589,585,346,370,389,420,0
2,1768494498768,693,689,10002,218689,9773,-34208,0,0,0,421,533,243,460,428,467,584,576,350,343,358,430,0
2,1768494498784,732,636,9983,227241,-1221,-42760,0,0,0,425,537,246,465,430,470,580,565,356,315,321,440,0
2,1768494498800,741,598,9964,233350,-19547,-52534,0,0,0,434,544,254,469,436,473,578,548,358,310,302,448,0
2,1768494498816,746,593,9978,239459,-41538,-65973,0,0,0,446,552,258,471,443,479,578,529,362,302,281,458,0
2,1768494498832,737,583,10021,256563,-59864,-76969,0,0,0,455,559,251,479,456,482,575,514,369,346,317,465,0
2,1768494498848,732,555,10069,288328,-74525,-80634,0,0,0,473,568,258,487,482,480,565,491,374,461,435,466,0
2,1768494498864,770,507,10155,345749,-94073,-89186,0,0,0,487,579,259,499,532,466,562,470,381,444,400,493,0
2,1768494498880,808,459,10256,415388,-113620,-107512,0,0,0,492,595,256,500,491,505,562,454,389,341,284,527,0
2,1768494498896,837,402,10404,500909,-134390,-134390,0,0,0,510,598,261,509,499,514,543,426,403,324,254,561,0
2,1768494498912,909,287,10605,634078,-178372,-173485,0,0,0,521,606,254,519,533,527,531,412,397,447,305,542,0
2,1768494498928,1043,143,10897,823446,-245567,-224798,0,0,0,529,610,241,523,531,536,520,399,400,343,243,570,0
2,1768494498944,1095,62,11452,1106887,-294437,-290771,0,0,0,538,611,223,529,535,532,503,388,401,325,240,591,0
2,1768494498960,607,129,12304,1431868,-245567,-329867,0,0,0,550,619,224,537,542,536,479,377,400,331,238,599,0
2,1768494498976,-52,205,13218,1794722,-114842,-274889,0,0,0,565,629,226,543,545,538,453,370,400,324,226,603,0
2,1768494498992,124,129,13979,2276083,-62308,-144164,0,0,0,570,631,222,546,554,539,412,365,395,329,234,610,0
2,1768494499008,631,14,14697,2846632,-63529,-70860,0,0,0,570,629,222,541,557,541,366,357,391,334,244,615,0
2,1768494499024,1359,-33,15946,3565009,-79412,-118507,0,0,0,574,629,222,535,553,538,326,341,390,322,240,620,0
2,1768494499040,1990,0,17764,4323704,-113620,-252898,0,0,0,580,628,222,530,554,531,287,309,388,298,225,617,0
2,1768494499056,3029,4,20378,5283984,-224798,-471587,0,0,0,572,619,225,526,553,530,255,248,389,277,199,583,0
2,1768494499072,4245,-253,24326,6505714,-486248,-792903,0,0,0,533,595,212,523,544,523,245,177,380,269,175,524,0
2,1768494499088,5613,-1421,28652,7575950,-717155,-1065348,0,0,0,498,578,197,502,522,507,234,155,370,265,171,505,0
2,1768494499104,6685,-1861,31930,8432383,-642630,-1362229,0,0,0,433,540,168,466,481,460,247,169,338,258,163,466,0
2,1768494499120,5374,708,33682,8881980,-478918,-1661553,0,0,0,346,497,165,416,424,416,272,192,305,222,154,399,0
2,1768494499136,5967,4757,33357,8932071,-570548,-1870469,0,0,0,250,443,152,368,370,368,304,241,283,163,149,217,0
2,1768494499152,9365,12400,26537,8279667,-690277,-2150245,0,0,0,253,440,158,366,367,373,310,264,285,155,152,198,0
2,1768494499168,9562,20167,13529,6217386,-505796,-2467895,0,0,0,265,440,162,366,370,373,304,268,276,155,153,202,0
2,1768494499184,5465,24355,7920,2439795,-422718,-1997529,0,0,0,267,434,169,355,369,370,301,276,266,154,154,197,0
2,1768494499200,1584,19392,9777,-2267531,-974940,-382401,0,0,0,253,430,163,344,366,360,295,281,259,147,154,187,0
2,1768494499216,3546,10251,8504,-4328591,-1648114,899193,0,0,0,244,429,158,339,366,354,292,288,255,144,157,184,0
2,1768494499232,7910,5307,3981,-3954741,-1423316,1026253,0,0,0,239,428,160,335,369,352,288,298,249,142,161,179,0
2,1768494499248,7934,5805,2589,-3754377,-219911,465479,0,0,0,230,426,157,333,376,350,284,307,244,137,165,168,0
2,1768494499264,4603,7279,4991,-4370129,739146,-12217,0,0,0,229,424,156,332,379,348,279,317,239,134,171,164,0
2,1768494499280,2900,6503,7743,-5242445,822224,-98960,0,0,0,237,426,160,327,373,342,273,322,235,131,173,160,0
2,1768494499296,3345,5154,8542,-5583308,946841,-109955,0,0,0,244,431,165,323,365,340,272,322,235,129,167,156,0
2,1768494499312,3225,4359,9499,-5721363,1375668,-133168,0,0,0,239,429,165,324,366,343,273,324,235,131,173,155,0
2,1768494499328,1928,4407,11538,-5959601,1739744,-63529,0,0,0,231,423,157,330,372,348,281,331,241,130,174,155,0
2,1768494499344,1196,4331,13744,-6315124,1944994,79412,0,0,0,234,424,157,328,364,343,279,329,240,135,178,151,0
2,1768494499360,961,3996,15884,-6659652,2090380,226020,0,0,0,233,421,156,328,364,340,285,333,240,136,177,151,0
2,1768494499376,655,3431,18674,-6950424,2211332,343306,0,0,0,229,420,156,329,363,344,284,336,240,135,177,152,0
2,1768494499392,612,2780,21540,-7141014,2274862,438601,0,0,0,231,423,159,329,363,346,284,338,243,133,176,154,0
2,1768494499408,698,1995,25455,-7254635,2373822,667064,0,0,0,229,421,157,331,365,349,283,336,245,131,173,154,0
2,1768494499424,47,799,29705,-7303504,2459343,1198517,0,0,0,232,422,159,332,365,351,287,336,251,128,167,151,0
2,1768494499440,-1024,-3450,33673,-7228979,2392148,2205223,0,0,0,235,423,160,334,362,351,293,334,252,129,165,148,0
2,1768494499456,-1474,-12237,36372,-6982189,2108706,3139847,0,0,0,234,425,157,339,362,351,298,332,253,135,166,149,0
2,1768494499472,1287,-25360,34534,-6492275,1325577,3181386,0,0,0,232,426,156,343,365,355,303,334,258,138,169,154,0
2,1768494499488,6590,-39817,24149,-5189911,791681,1808161,0,0,0,231,426,159,342,367,358,305,337,262,138,171,159,0
2,1768494499504,2622,-47910,14462,-3073873,1309695,-194255,0,0,0,231,425,158,341,367,358,304,337,263,139,173,158,0
2,1768494499520,-11232,-47082,12596,-768468,1549154,-1596801,0,0,0,230,416,155,341,360,358,320,362,260,148,203,152,0
2,1768494499536,-14261,-40851,16348,866206,-40317,-1423316,0,0,0,233,374,144,326,325,343,402,458,250,196,341,129,0
2,1768494499552,-8030,-23823,22139,2781880,-2381152,-819781,0,0,0,243,332,150,301,287,335,451,471,255,204,368,134,0
2,1768494499568,1655,3584,19291,5296201,-4741535,-91629,0,0,0,251,338,150,317,280,372,459,518,252,242,432,137,0
2,1768494499584,1646,5987,17630,6830695,-3254689,621860,0,0,0,269,370,156,360,295,373,505,505,278,291,423,159,0
2,1768494499600,-3598,-2565,24556,6104987,-691499,770911,0,0,0,268,402,160,376,332,386,551,551,285,363,463,179,0
2,1768494499616,-2297,-2957,22861,3805690,-217468,117286,0,0,0,277,430,193,392,333,406,574,574,318,424,459,230,0
2,1768494499632,1057,-33,15209,1998751,-372627,-107512,0,0,0,281,461,209,414,360,432,597,597,329,493,532,276,0
2,1768494499648,1943,832,9815,908967,-421497,85521,0,0,0,302,488,250,424,381,454,612,612,345,487,548,332,0
2,1768494499664,631,0,10002,296880,-311541,150272,0,0,0,335,503,256,431,398,456,631,632,347,513,569,350,0
2,1768494499680,172,229,10662,61086,-244346,53756,0,0,0,359,512,249,437,405,454,638,639,347,540,585,355,0
2,1768494499696,507,880,10370,32986,-206472,-10995,0,0,0,378,516,251,445,405,456,635,635,350,546,583,362,0
2,1768494499712,689,1067,10064,34208,-146607,-7330,0,0,0,388,516,253,451,413,455,633,633,350,548,582,365,0
2,1768494499728,631,961,10078,45204,-79412,2443,0,0,0,384,518,254,452,425,458,628,628,352,539,572,368,0
2,1768494499744,569,966,10145,80634,-42760,-13439,0,0,0,395,520,259,460,416,466,623,623,354,478,514,375,0
2,1768494499760,574,1024,10145,139277,-15882,-25656,0,0,0,402,522,260,460,415,465,618,618,359,370,408,404,0
2,1768494499776,598,1019,10098,221133,4886,-29321,0,0,0,406,531,257,462,418,460,604,602,363,358,391,415,0
2,1768494499792,603,952,10050,270002,17104,-30543,0,0,0,418,536,261,470,431,460,556,541,385,325,351,421,0
2,1768494499808,617,856,10007,279776,24434,-31764,0,0,0,417,538,253,470,423,459,596,578,361,325,348,430,0
2,1768494499824,665,799,9973,265115,17104,-35430,0,0,0,415,543,252,480,432,480,600,568,358,310,310,439,0
2,1768494499840,717,770,9968,257785,0,-43982,0,0,0,420,544,253,479,434,482,596,550,369,301,287,445,0
2,1768494499856,751,765,10016,272445,-29321,-56199,0,0,0,434,548,280,481,437,482,591,534,378,386,365,447,0
2,1768494499872,756,722,10050,294437,-56199,-72082,0,0,0,446,556,292,488,450,494,590,508,382,453,430,448,0
2,1768494499888,708,650,10040,313984,-83077,-86742,0,0,0,456,563,287,496,458,496,578,485,380,474,449,460,0
2,1768494499904,641,603,10016,323758,-105068,-92851,0,0,0,466,574,285,503,462,494,569,466,377,480,435,474,0
2,1768494499920,641,574,10054,332310,-111177,-86742,0,0,0,475,579,281,506,470,501,567,454,380,396,338,507,0
2,1768494499936,717,540,10169,360410,-117286,-87964,0,0,0,488,585,277,511,483,514,560,442,387,305,245,539,0
2,1768494499952,818,483,10327,436157,-147829,-112399,0,0,0,503,599,274,519,494,523,550,422,390,299,226,553,0
2,1768494499968,837,411,10490,553443,-185703,-151494,0,0,0,513,606,260,526,504,525,544,402,385,309,226,568,0
2,1768494499984,871,320,10768,739146,-237015,-194255,0,0,0,526,613,252,533,523,526,540,396,397,339,252,583,0
2,1768494500000,894,229,11127,968832,-280998,-230907,0,0,0,536,626,248,546,536,538,519,384,397,341,246,595,0
2,1768494500016,765,167,11677,1253495,-276111,-261450,0,0,0,543,618,227,544,535,531,498,373,400,320,227,595,0
2,1768494500032,363,162,12366,1544267,-204028,-254119,0,0,0,562,628,229,549,540,551,476,376,401,342,251,616,0
2,1768494500048,52,124,12950,1863138,-142942,-196698,0,0,0,563,628,215,555,555,556,442,364,391,323,230,617,0
2,1768494500064,57,28,13486,2269975,-101403,-105068,0,0,0,572,628,223,556,559,552,389,351,392,368,295,635,0
2,1768494500080,588,-38,14510,2851518,-75747,-51312,0,0,0,579,631,222,543,552,540,351,346,397,337,252,623,0
2,1768494500096,1598,-114,15951,3519805,-84299,-108734,0,0,0,579,629,213,537,551,540,312,332,395,321,250,619,0
2,1768494500112,2263,-100,17707,4328591,-136833,-318871,0,0,0,578,624,224,538,557,544,280,293,397,311,254,612,0
2,1768494500128,2785,-124,19832,5286427,-239459,-558330,0,0,0,562,615,223,541,553,539,293,262,390,284,215,573,0
2,1768494500144,3512,-483,22928,6356663,-458148,-800233,0,0,0,530,601,206,532,543,530,284,211,384,260,176,528,0
2,1768494500160,4785,-1923,27250,7303504,-615752,-1001818,0,0,0,490,583,190,507,524,517,234,154,375,249,169,498,0
2,1768494500176,5202,-2072,30748,8079303,-574213,-1238834,0,0,0,435,552,169,477,486,483,240,162,338,241,165,463,0
2,1768494500192,4254,-191,32179,8574104,-521678,-1462411,0,0,0,353,505,161,426,440,430,269,185,305,223,155,398,0
2,1768494500208,4469,3661,31658,8641299,-658512,-1591914,0,0,0,240,445,160,370,379,377,296,224,285,170,141,242,0
2,1768494500224,6709,10404,26484,8097629,-883311,-1743409,0,0,0,250,446,163,364,373,376,306,253,288,157,144,219,0
2,1768494500240,7939,17372,14816,6434854,-966388,-2026850,0,0,0,248,440,162,362,378,376,300,262,286,152,146,216,0
2,1768494500256,6030,22124,7374,3105638,-891863,-1944994,0,0,0,251,439,162,357,372,362,296,268,266,152,145,199,0
2,1768494500272,2273,21086,8121,-1177748,-967610,-1123992,0,0,0,241,436,157,346,372,356,294,275,257,147,149,190,0
2,1768494500288,2053,12529,9073,-4100127,-1587027,147829,0,0,0,232,434,158,337,373,351,284,280,247,147,165,180,0
2,1768494500304,5920,5503,6001,-4526511,-1916895,794124,0,0,0,239,431,159,334,374,350,282,289,244,143,162,176,0
2,1768494500320,8858,4388,3220,-4094018,-1182635,538783,0,0,0,237,429,158,332,377,348,281,298,243,137,162,168,0
2,1768494500336,8169,5336,3900,-4342030,-294437,161268,0,0,0,235,430,155,330,379,340,275,305,233,138,169,161,0
2,1768494500352,6183,5733,6417,-5068959,226020,-34208,0,0,0,233,428,151,330,378,342,272,311,226,142,176,157,0
2,1768494500368,5963,4556,7977,-5596747,436157,24434,0,0,0,232,426,150,331,377,350,273,317,224,140,180,154,0
2,1768494500384,6044,3685,8968,-5826432,753807,134390,0,0,0,234,426,154,331,376,357,275,324,227,135,181,149,0
2,1768494500400,5489,3359,10600,-6048787,1133765,334754,0,0,0,234,426,159,330,375,362,276,329,235,135,183,150,0
2,1768494500416,5001,2981,12639,-6346889,1413542,634078,0,0,0,230,423,158,329,373,361,280,333,238,139,187,157,0
2,1768494500432,5278,2211,14563,-6583905,1598023,938289,0,0,0,229,423,160,331,369,361,283,333,237,139,187,154,0
2,1768494500448,5723,1555,16783,-6664539,1848478,1097113,0,0,0,233,426,162,330,367,356,287,337,239,139,190,151,0
2,1768494500464,5872,1244,19703,-6759834,2114815,1174082,0,0,0,231,423,152,330,364,345,286,336,231,141,190,141,0
2,1768494500480,5814,1019,23302,-6918659,2331061,1226617,0,0,0,229,423,150,330,362,351,277,329,236,143,192,147,0
2,1768494500496,5991,9,28164,-7109249,2524095,1372003,0,0,0,234,421,155,334,367,351,286,334,236,144,191,144,0
2,1768494500512,6432,-2550,31983,-7205766,2706133,1596801,0,0,0,236,421,154,331,363,355,291,334,244,140,184,142,0
2,1768494500528,5283,-8040,33558,-7122688,3006678,1822821,0,0,0,240,424,154,338,363,358,300,332,250,143,183,146,0
2,1768494500544,291,-18272,33491,-6572909,3016452,1791056,0,0,0,240,425,156,342,364,359,307,332,256,157,187,150,0
2,1768494500560,-2699,-28930,29480,-5583308,2299296,1312138,0,0,0,240,426,158,342,365,362,311,334,261,153,187,153,0
2,1768494500576,-3019,-38779,19899,-3721391,1461189,-191811,0,0,0,242,428,160,342,366,364,311,333,262,148,185,156,0
2,1768494500592,-5695,-43560,13831,-2003637,1211956,-1876578,0,0,0,241,426,156,342,366,365,309,334,259,148,187,154,0
2,1768494500608,-11576,-43297,13266,-355523,777020,-2867401,0,0,0,234,419,153,342,364,363,319,374,257,186,259,150,0
2,1768494500624,-13122,-37085,15175,1276708,-140499,-2713463,0,0,0,231,388,150,333,341,353,374,441,256,221,350,146,0
2,1768494500640,-8858,-15458,22330,2941926,-1837482,-1478293,0,0,0,238,336,143,313,293,341,457,467,256,189,345,138,0
2,1768494500656,-229,13969,20368,3942524,-4608367,610865,0,0,0,248,329,155,311,283,352,478,478,270,229,399,137,0
2,1768494500672,1153,14185,12940,5095837,-4935791,2032959,0,0,0,265,333,161,333,280,370,506,506,278,333,444,160,0
2,1768494500688,-6039,-2129,17573,5780006,-2291966,1864360,0,0,0,286,343,169,349,274,373,549,551,277,331,459,158,0
2,1768494500704,-5833,-4771,24101,4454429,-605978,309097,0,0,0,292,378,175,374,291,381,570,570,298,361,472,177,0
2,1768494500720,626,-234,19243,2759889,-463035,-338419,0,0,0,274,407,190,390,309,403,607,607,316,456,524,196,0
2,1768494500736,2507,1330,11998,1551597,-491135,61086,0,0,0,268,437,196,399,332,417,629,629,323,524,570,237,0
2,1768494500752,1182,253,9739,777020,-373849,316428,0,0,0,293,463,223,417,359,440,634,634,327,512,569,292,0
2,1768494500768,124,-382,10672,357967,-266337,186924,0,0,0,314,481,227,426,377,444,642,643,336,513,573,326,0
2,1768494500784,559,430,10571,156381,-240680,12217,0,0,0,339,496,230,438,393,448,642,642,338,525,578,344,0
2,1768494500800,894,933,10083,94073,-211359,-20769,0,0,0,358,510,242,445,404,457,638,638,338,525,577,349,0
2,1768494500816,861,861,9983,97738,-158824,1221,0,0,0,370,517,245,450,410,462,636,636,340,525,575,350,0
2,1768494500832,751,780,10131,119729,-116064,0,0,0,0,379,517,244,456,413,461,634,632,338,538,581,354,0
2,1768494500848,713,837,10189,161268,-76969,-17104,0,0,0,386,520,250,457,414,459,631,627,340,486,522,375,0
2,1768494500864,746,837,10112,216246,-24434,-18325,0,0,0,394,523,252,458,417,463,622,619,353,360,390,409,0
2,1768494500880,799,770,10045,266337,8552,-18325,0,0,0,400,526,256,462,420,469,604,595,359,328,352,421,0
2,1768494500896,832,689,10021,291993,12217,-21991,0,0,0,414,527,256,471,426,470,563,545,374,332,341,419,0
2,1768494500912,847,641,10002,285884,-1221,-28099,0,0,0,418,541,256,471,435,471,597,573,352,348,343,434,0
2,1768494500928,861,607,9997,265115,-19547,-32986,0,0,0,419,541,256,473,436,490,599,556,356,319,306,446,0
2,1768494500944,885,588,10007,252898,-41538,-42760,0,0,0,434,553,268,484,451,496,596,541,364,295,277,460,0
2,1768494500960,875,564,10021,260228,-61086,-54977,0,0,0,444,555,268,475,514,459,590,511,367,452,424,447,0
2,1768494500976,827,516,10026,278554,-70860,-65973,0,0,0,453,562,264,481,474,479,588,492,371,475,440,475,0
2,1768494500992,804,473,10059,306654,-72082,-72082,0,0,0,473,574,268,500,473,494,573,476,374,476,426,479,0
2,1768494501008,827,445,10145,345749,-74525,-73303,0,0,0,482,581,267,509,478,498,572,462,376,416,330,498,0
2,1768494501024,875,406,10241,398284,-85521,-78190,0,0,0,489,587,265,516,493,507,566,447,379,337,253,529,0
2,1768494501040,928,339,10366,500909,-113620,-97738,0,0,0,494,593,252,520,509,513,555,427,390,301,228,547,0
2,1768494501056,894,220,10461,631634,-150272,-119729,0,0,0,504,602,242,526,524,522,546,409,402,300,222,559,0
2,1768494501072,780,95,10772,834441,-166155,-119729,0,0,0,518,610,232,536,539,535,543,397,407,304,221,577,0
2,1768494501088,804,62,11275,1083674,-118507,-116064,0,0,0,525,613,214,543,551,537,535,385,412,311,229,591,0
2,1768494501104,842,43,11854,1356120,0,-139277,0,0,0,536,619,220,548,563,543,506,376,417,338,253,602,0
2,1768494501120,947,-47,12500,1606575,45204,-161268,0,0,0,540,612,218,550,546,549,462,361,411,411,329,619,0
2,1768494501136,1048,-81,13333,1962099,-10995,-169820,0,0,0,552,620,213,562,560,553,440,368,409,331,234,608,0
2,1768494501152,1134,-129,13993,2486221,-105068,-174707,0,0,0,568,623,211,547,546,548,398,363,409,337,239,616,0
2,1768494501168,1373,-215,14749,3067765,-162490,-205250,0,0,0,570,624,219,546,553,548,366,354,401,315,228,617,0
2,1768494501184,1670,-277,15931,3715282,-199142,-287106,0,0,0,581,623,211,530,553,534,307,317,421,309,238,624,0
2,1768494501200,1995,-258,17889,4514294,-238237,-400727,0,0,0,575,624,223,530,559,547,273,273,407,291,215,606,0
2,1768494501216,3086,-335,20545,5500230,-311541,-571769,0,0,0,556,609,212,533,559,546,257,215,395,263,181,556,0
2,1768494501232,4273,-1038,24666,6605896,-459370,-816115,0,0,0,520,592,196,524,543,535,240,165,382,258,172,508,0
2,1768494501248,5637,-2086,28609,7623598,-470366,-1059240,0,0,0,477,575,187,501,517,511,235,155,360,258,174,485,0
2,1768494501264,5704,-1947,31308,8365188,-219911,-1315803,0,0,0,416,536,169,467,480,466,258,175,332,246,164,452,0
2,1768494501280,4508,799,34142,8794015,-86742,-1567480,0,0,0,308,477,155,407,417,406,288,210,300,204,152,327,0
2,1768494501296,5920,5508,34022,8739038,-267558,-1765400,0,0,0,234,440,157,349,388,363,307,249,284,161,156,205,0
2,1768494501312,9097,14812,25182,7825183,-444709,-2103819,0,0,0,251,439,162,341,404,363,310,268,286,160,166,204,0
2,1768494501328,8791,22225,11141,5099503,-324980,-2517986,0,0,0,258,439,164,359,374,370,297,272,275,159,163,200,0
2,1768494501344,5254,23239,8064,1341460,-215024,-2227214,0,0,0,256,445,164,350,367,352,291,272,249,159,172,186,0
2,1768494501360,1842,17185,9590,-2580294,-619417,-1010371,0,0,0,249,445,160,337,364,348,286,274,246,152,174,178,0
2,1768494501376,2881,10399,7724,-4167322,-1130100,-9773,0,0,0,234,433,158,338,371,356,288,289,250,158,187,176,0
2,1768494501392,6302,6743,3804,-4127005,-813672,172263,0,0,0,231,426,156,331,372,348,287,301,247,156,194,173,0
2,1768494501408,6853,6049,2957,-4162435,147829,-128281,0,0,0,234,426,163,329,369,353,285,310,244,148,189,171,0
2,1768494501424,4407,6489,5264,-4620584,924849,-417831,0,0,0,234,425,158,329,370,347,278,318,237,150,194,167,0
2,1768494501440,2651,6092,7604,-5221676,1076344,-395840,0,0,0,235,426,162,328,371,345,277,318,236,152,198,163,0
2,1768494501456,2622,5163,8738,-5589416,1131322,-252898,0,0,0,234,425,162,324,369,342,277,320,232,148,198,155,0
2,1768494501472,2933,4240,9748,-5758015,1396437,-83077,0,0,0,233,425,161,322,366,342,276,323,233,146,199,156,0
2,1768494501488,2321,3933,11610,-5894849,1725083,108734,0,0,0,232,425,161,322,364,344,276,325,236,147,201,160,0
2,1768494501504,1804,3919,13859,-6140417,1923003,362853,0,0,0,228,423,161,323,362,348,280,330,240,148,202,158,0
2,1768494501520,1847,3838,16142,-6476393,2019520,624304,0,0,0,225,420,162,323,360,350,283,335,245,147,203,158,0
2,1768494501536,2306,3292,18865,-6806260,2135584,838107,0,0,0,226,419,163,323,358,349,283,336,245,148,204,159,0
2,1768494501552,2857,2613,22158,-7073819,2291966,1010371,0,0,0,228,419,162,326,357,349,284,337,246,147,201,160,0
2,1768494501568,3388,1947,27370,-7307169,2476447,1258382,0,0,0,229,416,159,329,356,352,289,337,251,150,198,162,0
2,1768494501584,3536,306,32060,-7472103,2591290,1649336,0,0,0,234,417,163,332,355,356,296,332,257,150,188,165,0
2,1768494501600,2660,-5326,36013,-7539298,2730567,2262644,0,0,0,234,416,161,332,367,357,304,325,262,154,188,162,0
2,1768494501616,19,-16826,37903,-7203322,2580294,2662150,0,0,0,236,425,157,342,359,357,309,325,259,149,182,151,0
2,1768494501632,387,-31390,34745,-6388428,1594358,2481334,0,0,0,242,428,162,343,366,357,313,327,263,153,188,157,0
2,1768494501648,4647,-45245,21928,-4574158,830776,951728,0,0,0,238,429,160,343,366,356,311,329,261,153,190,159,0
2,1768494501664,-536,-52285,12500,-2263866,1356120,-1044579,0,0,0,228,400,161,329,337,358,323,412,253,225,328,157,0
2,1768494501680,-15616,-53074,15529,-13439,1292590,-1946216,0,0,0,234,360,149,322,307,344,379,459,250,254,393,143,0
2,1768494501696,-19329,-37630,22900,3270572,-2284635,-724486,0,0,0,244,345,148,315,294,344,437,472,257,244,397,141,0
2,1768494501712,-5618,-4809,19975,6373767,-5240002,751364,0,0,0,261,356,159,329,293,360,473,482,267,242,400,152,0
2,1768494501728,646,5742,19267,6803817,-3268129,1332907,0,0,0,276,381,164,356,297,372,499,500,278,258,409,166,0
2,1768494501744,-2967,287,23900,5606521,-648738,945619,0,0,0,282,411,172,379,308,379,526,526,294,283,415,187,0
2,1768494501760,-3565,-3977,23316,3662747,-39095,15882,0,0,0,286,440,195,399,328,401,557,557,317,312,412,235,0
2,1768494501776,1009,-650,14462,1921782,-403171,-117286,0,0,0,283,466,219,404,353,438,582,582,340,331,401,314,0
2,1768494501792,2249,976,9217,814894,-466701,156381,0,0,0,337,501,281,429,385,456,592,593,345,363,422,360,0
2,1768494501808,832,67,9662,213802,-397062,206472,0,0,0,370,508,243,437,400,460,621,621,350,490,527,371,0
2,1768494501824,272,172,10734,-13439,-351858,28099,0,0,0,380,517,256,437,403,459,632,629,350,525,558,364,0
2,1768494501840,540,804,10509,-24434,-272445,-30543,0,0,0,391,526,269,437,406,459,643,638,350,560,589,357,0
2,1768494501856,732,1028,10141,12217,-149051,-2443,0,0,0,391,527,285,436,412,467,644,643,354,564,595,365,0
2,1768494501872,717,966,10083,36651,-48869,4886,0,0,0,396,527,284,436,409,459,634,634,343,558,591,368,0
2,1768494501888,655,904,10131,62308,-2443,-10995,0,0,0,405,532,281,441,411,465,626,627,341,492,530,381,0
2,1768494501904,670,947,10102,117286,17104,-25656,0,0,0,409,539,273,443,413,463,617,618,345,389,431,402,0
2,1768494501920,703,957,10059,174707,29321,-29321,0,0,0,410,547,257,444,417,453,612,610,342,345,380,413,0
2,1768494501936,722,904,10021,216246,28099,-26878,0,0,0,414,552,249,447,427,449,607,598,337,362,383,414,0
2,1768494501952,746,837,9983,230907,13439,-28099,0,0,0,416,554,248,454,437,453,603,584,338,362,372,418,0
2,1768494501968,775,794,9964,221133,-3665,-34208,0,0,0,415,553,244,463,442,459,599,573,342,335,334,429,0
2,1768494501984,799,799,9992,218689,-21991,-42760,0,0,0,425,558,250,469,447,467,591,557,346,342,324,434,0
2,1768494502000,804,799,10031,233350,-37873,-50090,0,0,0,436,565,255,471,452,470,586,534,347,352,327,436,0
2,1768494502016,784,746,10031,259006,-53756,-57421,0,0,0,445,570,255,477,459,466,583,517,354,313,276,454,0
2,1768494502032,770,674,10016,278554,-64751,-62308,0,0,0,460,571,257,479,466,477,583,510,368,388,348,460,0
2,1768494502048,770,646,10026,295658,-75747,-67195,0,0,0,475,583,270,479,466,480,575,480,375,475,436,451,0
2,1768494502064,775,622,10064,321315,-92851,-72082,0,0,0,474,586,265,490,482,486,581,464,385,476,431,483,0
2,1768494502080,794,574,10145,360410,-109955,-76969,0,0,0,487,598,282,501,488,501,559,441,383,417,365,501,0
2,1768494502096,851,521,10294,421497,-129503,-89186,0,0,0,504,611,280,513,500,513,548,425,384,326,255,540,0
2,1768494502112,899,459,10480,540004,-166155,-119729,0,0,0,516,612,262,516,510,518,495,410,397,299,227,558,0
2,1768494502128,890,373,10677,689055,-207694,-155159,0,0,0,522,614,263,523,517,532,510,394,405,310,229,576,0
2,1768494502144,938,248,11012,901637,-259006,-182037,0,0,0,533,621,251,535,529,541,519,385,410,313,226,586,0
2,1768494502160,899,210,11816,1265712,-289550,-210137,0,0,0,546,625,236,540,542,543,500,376,405,314,225,593,0
2,1768494502176,550,268,12629,1621236,-232128,-219911,0,0,0,554,626,226,545,554,543,466,374,398,323,231,600,0
2,1768494502192,239,205,13175,1985312,-130725,-167377,0,0,0,557,625,221,550,561,548,424,371,402,341,250,608,0
2,1768494502208,220,76,13606,2436130,-69638,-81855,0,0,0,564,627,221,551,564,553,389,351,407,356,266,616,0
2,1768494502224,670,-23,14434,2946813,-56199,-23212,0,0,0,564,628,219,550,573,550,357,347,398,337,245,615,0
2,1768494502240,1938,-100,15998,3627317,-109955,-109955,0,0,0,570,632,220,532,562,543,310,332,385,323,243,624,0
2,1768494502256,2718,-114,17669,4367686,-208915,-332310,0,0,0,572,627,212,537,563,556,274,284,393,311,282,630,0
2,1768494502272,3072,-129,19918,5323079,-353080,-602313,0,0,0,578,644,216,536,579,533,264,236,400,274,208,578,0
2,1768494502288,3895,-564,23101,6376211,-560774,-858876,0,0,0,545,621,198,521,553,536,240,170,384,264,185,537,0
2,1768494502304,5331,-1909,27092,7291287,-772133,-1082453,0,0,0,492,590,182,504,532,514,232,157,364,257,180,505,0
2,1768494502320,6149,-2306,30313,7996225,-805120,-1339016,0,0,0,424,556,160,471,491,474,247,180,331,245,173,469,0
2,1768494502336,5144,-172,32246,8504465,-768468,-1633453,0,0,0,328,502,149,420,429,421,268,194,313,222,156,390,0
2,1768494502352,4972,3192,32749,8649851,-879645,-1802052,0,0,0,272,455,158,379,384,386,295,228,295,180,146,276,0
2,1768494502368,7982,11016,26422,7955908,-1053131,-1980425,0,0,0,261,437,165,363,371,374,306,256,284,156,144,217,0
2,1768494502384,9418,17535,15563,6544810,-1027475,-2239431,0,0,0,261,436,165,360,371,369,304,263,276,156,144,211,0
2,1768494502400,6733,21785,8044,2872288,-880867,-2014633,0,0,0,259,435,166,353,369,362,300,266,264,156,147,206,0
2,1768494502416,2546,19952,8317,-1589471,-1012814,-933402,0,0,0,254,432,166,342,367,360,292,274,260,147,150,197,0
2,1768494502432,2321,12601,8719,-4195422,-1541823,355523,0,0,0,246,429,168,334,368,362,288,289,258,139,153,188,0
2,1768494502448,6872,6585,4603,-4361577,-1488067,871093,0,0,0,234,426,164,333,373,358,287,301,249,136,157,180,0
2,1768494502464,8896,5283,2388,-4152661,-497244,637743,0,0,0,233,427,162,329,370,348,286,317,243,132,152,169,0
2,1768494502480,6087,6149,4603,-4553389,467922,268780,0,0,0,232,427,158,329,372,348,281,326,236,131,158,167,0
2,1768494502496,3895,5929,7039,-5087285,790459,139277,0,0,0,235,425,157,329,376,346,276,321,236,135,166,167,0
2,1768494502512,3795,4742,8370,-5475796,847880,144164,0,0,0,236,424,158,328,373,344,276,325,236,134,168,163,0
2,1768494502528,4010,4077,9308,-5655390,1199739,119729,0,0,0,237,424,161,326,376,348,277,329,238,133,172,164,0
2,1768494502544,3172,3957,10988,-5888740,1594358,145385,0,0,0,236,424,160,324,378,348,278,333,242,131,173,162,0
2,1768494502560,2287,3737,12993,-6156299,1773952,301767,0,0,0,236,424,160,323,374,345,279,334,241,131,173,158,0
2,1768494502576,1895,3278,15056,-6377433,1896125,499687,0,0,0,233,424,161,324,371,345,281,337,244,134,175,158,0
2,1768494502592,1828,2727,17358,-6509379,2042733,665843,0,0,0,229,422,156,325,369,342,282,338,243,133,175,156,0
2,1768494502608,1847,2115,20330,-6613227,2222327,769690,0,0,0,230,422,156,326,367,341,280,335,240,130,170,152,0
2,1768494502624,2067,1569,23962,-6753726,2382374,912632,0,0,0,231,422,158,327,366,342,281,335,242,130,167,151,0
2,1768494502640,2330,1129,28418,-6978524,2474004,1237612,0,0,0,230,422,155,328,365,344,285,336,244,132,168,153,0
2,1768494502656,2479,-1665,32782,-7259522,2480112,1997529,0,0,0,230,422,157,329,365,351,288,338,252,132,170,154,0
2,1768494502672,2048,-8456,35084,-7259522,2497217,2675589,0,0,0,232,425,155,334,367,348,296,335,253,144,178,151,0
2,1768494502688,976,-20191,34213,-6688974,2150245,2735454,0,0,0,230,426,155,329,379,348,304,332,257,146,178,153,0
2,1768494502704,1608,-33041,28092,-5585751,1426981,2065946,0,0,0,232,427,159,340,367,361,306,331,263,149,183,165,0
2,1768494502720,1430,-42842,17688,-3771481,1091005,500909,0,0,0,232,427,156,343,371,361,306,330,262,151,183,162,0
2,1768494502736,-4618,-46235,12443,-1944994,1251052,-1139874,0,0,0,233,426,156,340,369,358,306,334,261,152,186,161,0
2,1768494502752,-12002,-44551,13065,-100181,540004,-2185675,0,0,0,234,396,150,329,341,344,362,419,254,157,250,134,0
2,1768494502768,-11854,-34716,19368,1814269,-1175304,-2157576,0,0,0,241,354,145,311,306,333,416,455,253,205,331,126,0
2,1768494502784,-2814,-4546,22048,4373795,-4397007,-867428,0,0,0,250,342,150,309,293,341,452,473,257,246,393,134,0
2,1768494502800,3910,9504,15544,6045122,-4802622,434936,0,0,0,258,350,156,326,289,360,480,489,260,269,416,150,0
2,1768494502816,-722,1670,18798,6081774,-1842369,1099557,0,0,0,266,365,158,348,290,371,504,504,276,272,418,163,0
2,1768494502832,-5025,-3876,23871,4687779,-111177,547335,0,0,0,274,389,166,370,301,380,527,527,303,289,419,187,0
2,1768494502848,-1354,-1655,19952,2917492,-302989,-312763,0,0,0,275,422,183,387,319,402,559,559,325,330,417,245,0
2,1768494502864,2230,1033,12309,1815491,-526565,-123394,0,0,0,279,456,193,403,345,422,591,591,335,358,421,312,0
2,1768494502880,1837,349,9801,984714,-455705,223576,0,0,0,306,482,204,424,374,430,607,608,335,390,445,351,0
2,1768494502896,215,-569,10983,263893,-345749,163711,0,0,0,354,503,230,431,386,446,608,608,349,405,449,380,0
2,1768494502912,220,177,10854,12217,-284663,7330,0,0,0,371,511,239,437,391,453,627,627,356,473,517,379,0
2,1768494502928,737,985,10088,17104,-217468,-40317,0,0,0,387,517,247,441,397,448,635,635,344,524,576,374,0
2,1768494502944,784,875,9987,58643,-140499,0,0,0,0,391,516,245,448,408,451,641,640,351,500,551,389,0
2,1768494502960,679,727,10131,70860,-91629,4886,0,0,0,403,521,246,452,416,458,644,642,349,506,544,395,0
2,1768494502976,612,746,10179,92851,-59864,-15882,0,0,0,409,529,248,450,425,457,635,635,344,480,516,389,0
2,1768494502992,622,808,10117,140499,-14660,-26878,0,0,0,408,530,246,453,429,459,625,624,353,415,445,410,0
2,1768494503008,665,808,10083,194255,29321,-25656,0,0,0,415,532,249,456,428,463,615,614,359,388,403,421,0
2,1768494503024,708,746,10069,228463,47647,-25656,0,0,0,419,532,251,459,427,465,603,603,361,393,401,423,0
2,1768494503040,741,679,10035,246789,45204,-32986,0,0,0,419,533,247,461,424,463,599,591,356,370,378,428,0
2,1768494503056,756,636,9997,243124,31764,-41538,0,0,0,422,538,244,465,421,462,604,582,354,339,340,440,0
2,1768494503072,775,612,9978,229685,15882,-47647,0,0,0,424,544,245,469,425,466,605,571,364,346,342,445,0
2,1768494503088,813,598,9997,224798,0,-58643,0,0,0,422,546,245,476,431,471,598,551,370,341,337,446,0
2,1768494503104,823,564,10016,230907,-19547,-70860,0,0,0,429,549,246,482,436,476,595,539,371,335,317,452,0
2,1768494503120,794,526,9997,238237,-39095,-78190,0,0,0,440,553,251,483,441,478,591,517,373,448,436,438,0
2,1768494503136,756,497,9983,245567,-56199,-75747,0,0,0,454,561,258,484,450,495,583,499,378,460,443,456,0
2,1768494503152,780,469,10040,268780,-68416,-69638,0,0,0,458,568,258,489,464,494,583,486,378,446,408,479,0
2,1768494503168,827,440,10136,315206,-78190,-76969,0,0,0,474,579,257,503,468,505,579,477,382,323,259,522,0
2,1768494503184,851,392,10222,378736,-85521,-96516,0,0,0,484,587,255,509,483,524,576,452,392,296,232,543,0
2,1768494503200,866,320,10323,464257,-87964,-120951,0,0,0,499,594,255,513,490,523,572,425,400,301,228,564,0
2,1768494503216,899,258,10442,569326,-105068,-145385,0,0,0,508,602,253,524,500,538,562,402,398,327,251,578,0
2,1768494503232,961,157,10605,709825,-120951,-174707,0,0,0,523,605,239,531,513,544,552,386,412,331,253,594,0
2,1768494503248,1076,43,11122,959058,-122173,-213802,0,0,0,532,610,225,538,525,540,538,386,417,337,251,603,0
2,1768494503264,1081,33,11969,1262047,-63529,-261450,0,0,0,539,613,221,551,537,545,517,377,416,344,249,609,0
2,1768494503280,646,86,12912,1650557,37873,-273667,0,0,0,549,614,221,554,545,556,486,360,413,363,273,622,0
2,1768494503296,349,76,13596,2098932,85521,-213802,0,0,0,554,617,215,554,552,563,446,351,413,370,290,634,0
2,1768494503312,770,-28,14400,2670702,64751,-125838,0,0,0,554,617,210,562,563,562,414,355,413,340,252,629,0
2,1768494503328,1608,-114,15630,3326772,35430,-147829,0,0,0,562,616,221,547,555,552,383,354,408,335,255,629,0
2,1768494503344,2033,-23,17214,4047593,-21991,-276111,0,0,0,571,622,220,539,551,560,304,293,410,330,287,633,0
2,1768494503360,2919,-23,19516,5028642,-103847,-481361,0,0,0,554,611,210,533,551,564,265,236,431,281,216,607,0
2,1768494503376,3704,0,22780,6096435,-221133,-723264,0,0,0,538,600,219,533,546,548,265,172,423,264,172,529,0
2,1768494503392,4273,-780,27173,7224092,-371406,-908967,0,0,0,485,582,183,511,537,522,255,157,410,268,187,507,0
2,1768494503408,5211,-1612,30327,8150164,-263893,-1058018,0,0,0,443,550,175,484,496,482,250,168,352,252,172,475,0
2,1768494503424,4785,-799,32218,8699942,79412,-1252273,0,0,0,364,506,160,430,438,433,272,184,314,229,157,416,0
2,1768494503440,4321,2010,33893,8864876,164933,-1464854,0,0,0,254,450,150,371,372,368,309,231,294,191,167,232,0
2,1768494503456,6403,10222,28858,8238128,-173485,-1749518,0,0,0,232,436,156,364,373,372,319,264,290,160,156,194,0
2,1768494503472,7604,19224,16688,6706078,-476474,-2100154,0,0,0,242,439,158,364,376,370,309,269,283,153,148,201,0
2,1768494503488,6484,23211,8432,3112969,-489913,-2214997,0,0,0,251,436,160,359,372,361,305,275,271,152,150,195,0
2,1768494503504,3010,20483,8604,-1165530,-454483,-1744631,0,0,0,249,430,163,350,371,359,302,284,262,148,153,189,0
2,1768494503520,1703,13151,8552,-3270572,-933402,-918741,0,0,0,241,426,164,339,371,358,294,291,255,143,156,185,0
2,1768494503536,3981,7059,4867,-3822794,-1347568,-268780,0,0,0,238,426,163,334,374,354,286,304,248,141,162,177,0
2,1768494503552,6623,6111,2211,-3689626,-845437,-241902,0,0,0,239,425,163,331,374,352,283,310,245,140,166,177,0
2,1768494503568,5503,6590,3838,-4175874,169820,-400727,0,0,0,247,424,165,335,372,356,280,311,244,136,165,177,0
2,1768494503584,3575,6183,6231,-4712214,665843,-386066,0,0,0,235,423,163,332,372,357,276,315,242,138,175,172,0
2,1768494503600,3163,5130,7700,-5075068,802676,-200363,0,0,0,229,430,155,328,368,346,275,308,236,175,242,162,0
2,1768494503616,3479,4503,8829,-5363396,1053131,-32986,0,0,0,232,424,155,324,368,337,277,318,233,140,182,161,0
2,1768494503632,3335,4364,10413,-5703037,1400103,86742,0,0,0,229,421,156,326,370,341,279,323,233,133,172,157,0
2,1768494503648,2713,3991,12706,-6129421,1662775,265115,0,0,0,229,422,153,328,370,341,278,323,231,140,191,153,0
2,1768494503664,2373,3177,15065,-6461732,1784948,494800,0,0,0,233,420,150,329,369,338,275,320,233,142,198,151,0
2,1768494503680,2660,2378,17099,-6590014,1824043,682947,0,0,0,234,420,153,329,366,342,279,324,235,145,203,154,0
2,1768494503696,3268,1933,19932,-6725626,1947438,841772,0,0,0,235,419,156,331,366,345,285,329,239,139,188,154,0
2,1768494503712,3723,1631,23330,-6919881,2118480,1033583,0,0,0,235,418,156,332,365,345,287,330,242,134,172,152,0
2,1768494503728,4015,1057,27800,-7121466,2285857,1374446,0,0,0,235,417,156,332,363,347,289,326,246,138,171,154,0
2,1768494503744,4101,-1713,32141,-7257079,2410474,2065946,0,0,0,237,418,157,334,362,350,296,324,252,141,170,157,0
2,1768494503760,3000,-8370,34520,-7194770,2596177,2803871,0,0,0,238,420,155,338,363,351,305,322,255,140,165,155,0
2,1768494503776,205,-20105,34634,-6642548,2277305,3062878,0,0,0,243,423,153,346,368,352,313,319,258,161,174,156,0
2,1768494503792,1426,-32653,29049,-5676159,1194852,2536312,0,0,0,249,425,154,353,374,352,318,323,261,216,202,168,0
2,1768494503808,3632,-43340,17879,-3935193,839328,745255,0,0,0,243,429,160,348,370,358,315,326,260,144,167,159,0
2,1768494503824,-2818,-48576,11677,-1912008,1298699,-1276708,0,0,0,240,428,157,350,372,364,308,338,257,152,182,159,0
2,1768494503840,-13955,-46475,13084,26878,993266,-2230879,0,0,0,218,417,144,343,356,352,314,426,241,242,372,138,0
2,1768494503856,-12270,-32749,19387,2023185,-1005484,-1560149,0,0,0,239,364,145,328,311,337,387,469,238,274,412,133,0
2,1768494503872,-2584,-4546,22565,4142888,-3612657,-337197,0,0,0,245,353,145,324,296,339,415,485,245,323,436,134,0
2,1768494503888,5216,12706,15577,5737246,-4483750,862541,0,0,0,262,364,149,341,296,354,470,490,259,276,418,151,0
2,1768494503904,-670,2043,16649,6348111,-1627344,1638340,0,0,0,273,383,157,372,303,378,505,505,289,298,423,170,0
2,1768494503920,-6901,-5580,24115,5186245,96516,996932,0,0,0,276,409,171,387,314,390,541,541,303,322,438,197,0
2,1768494503936,-2000,-2306,20875,3086091,-313984,-149051,0,0,0,277,440,186,405,337,412,571,572,318,353,460,251,0
2,1768494503952,2756,871,13213,1398881,-601091,-270002,0,0,0,297,473,202,414,393,429,584,584,342,369,453,328,0
2,1768494503968,1818,373,10007,513126,-398284,107512,0,0,0,337,498,221,415,433,434,599,600,353,398,470,374,0
2,1768494503984,349,0,10002,94073,-239459,161268,0,0,0,363,508,240,444,405,459,626,627,361,515,571,369,0
2,1768494504000,253,516,10624,17104,-201585,7330,0,0,0,373,509,249,442,401,459,630,630,373,505,557,385,0
2,1768494504016,808,1014,10356,30543,-180816,-40317,0,0,0,384,515,252,448,404,465,621,622,360,453,513,406,0
2,1768494504032,866,990,10059,26878,-95294,-1221,0,0,0,399,520,259,452,408,465,630,630,354,495,558,388,0
2,1768494504048,746,909,10069,37873,-36651,6108,0,0,0,402,521,245,459,409,459,628,628,342,520,571,381,0
2,1768494504064,708,942,10131,75747,-23212,-15882,0,0,0,396,528,246,452,409,453,615,615,347,357,418,414,0
2,1768494504080,722,976,10117,125838,-4886,-28099,0,0,0,403,534,250,456,411,456,616,616,348,333,385,418,0
2,1768494504096,741,961,10059,182037,18325,-30543,0,0,0,398,529,244,456,417,459,617,613,351,332,374,421,0
2,1768494504112,756,918,10007,229685,34208,-31764,0,0,0,402,531,241,451,413,460,610,600,355,319,354,428,0
2,1768494504128,784,861,9978,257785,34208,-32986,0,0,0,405,536,247,459,419,461,604,584,356,393,385,417,0
2,1768494504144,832,813,9968,265115,18325,-39095,0,0,0,408,540,240,464,432,463,599,566,360,397,381,425,0
2,1768494504160,871,770,9978,259006,0,-48869,0,0,0,415,545,236,475,442,465,596,550,366,341,322,445,0
2,1768494504176,899,756,10011,263893,-21991,-61086,0,0,0,431,552,239,482,449,469,595,536,372,302,271,462,0
2,1768494504192,899,727,10021,289550,-43982,-73303,0,0,0,447,558,239,481,459,480,589,514,373,358,325,468,0
2,1768494504208,856,674,10002,317649,-63529,-84299,0,0,0,452,566,241,492,468,494,581,489,375,457,417,470,0
2,1768494504224,789,617,10007,332310,-75747,-87964,0,0,0,464,571,248,493,466,495,586,479,382,388,331,496,0
2,1768494504240,775,550,10126,342084,-75747,-81855,0,0,0,478,577,255,503,475,508,583,468,387,343,258,520,0
2,1768494504256,856,497,10217,364075,-73303,-83077,0,0,0,504,589,267,509,483,518,571,449,392,461,311,515,0
2,1768494504272,981,449,10284,426383,-87964,-107512,0,0,0,505,596,251,525,503,525,571,417,395,308,226,561,0
2,1768494504288,1057,402,10385,530231,-134390,-145385,0,0,0,512,597,248,525,507,530,560,404,418,307,227,574,0
2,1768494504304,1043,325,10586,673173,-189368,-188146,0,0,0,532,612,255,525,514,533,547,391,415,305,222,588,0
2,1768494504320,1119,191,11026,895528,-211359,-226020,0,0,0,530,608,223,542,530,538,536,382,414,314,223,591,0
2,1768494504336,1091,186,11801,1182635,-173485,-274889,0,0,0,548,616,226,552,542,548,508,378,414,327,230,598,0
2,1768494504352,760,244,12601,1492954,-120951,-294437,0,0,0,561,623,226,549,544,550,476,372,424,321,235,607,0
2,1768494504368,363,177,13117,1881464,-92851,-239459,0,0,0,564,624,220,554,554,557,443,365,431,354,273,622,0
2,1768494504384,162,105,13572,2326174,-67195,-139277,0,0,0,573,628,221,556,555,555,411,362,421,354,264,627,0
2,1768494504400,832,-28,14481,2883283,-40317,-58643,0,0,0,585,633,227,553,551,550,365,354,402,329,234,624,0
2,1768494504416,2081,-148,15879,3547905,-73303,-123394,0,0,0,586,633,230,542,554,548,316,333,396,323,252,620,0
2,1768494504432,2512,-119,17554,4355469,-191811,-350636,0,0,0,583,635,230,527,557,542,288,298,404,303,251,611,0
2,1768494504448,3105,-220,19430,5233893,-321315,-568104,0,0,0,574,630,229,533,560,541,271,237,414,273,192,582,0
2,1768494504464,3919,-646,22895,6280916,-478918,-825889,0,0,0,543,612,222,527,547,528,251,173,400,257,173,529,0
2,1768494504480,4747,-1708,27279,7194770,-607200,-1012814,0,0,0,503,589,197,500,526,514,232,154,376,249,169,493,0
2,1768494504496,5881,-2072,30322,8063421,-458148,-1247386,0,0,0,444,553,165,482,511,478,250,163,344,246,166,471,0
2,1768494504512,4795,-459,32399,8633969,-201585,-1522276,0,0,0,352,498,154,426,438,422,273,182,305,220,155,408,0
2,1768494504528,4541,4063,33285,8693834,-291993,-1698205,0,0,0,255,450,157,379,385,381,301,218,280,159,128,221,0
2,1768494504544,6408,11653,28298,8172155,-543670,-1877799,0,0,0,242,448,166,369,386,383,307,237,287,152,135,210,0
2,1768494504560,6365,17822,17343,6646213,-885754,-2068389,0,0,0,244,443,169,368,386,382,305,245,286,152,138,206,0
2,1768494504576,5144,21631,9174,3582113,-1160643,-1816713,0,0,0,246,441,163,364,384,370,305,255,273,150,140,197,0
2,1768494504592,3417,20449,8064,-1021366,-1069014,-844215,0,0,0,246,436,158,355,379,361,303,265,262,147,147,186,0
2,1768494504608,2881,13199,8829,-3809355,-1040914,243124,0,0,0,238,434,155,347,380,361,298,274,257,141,148,178,0
2,1768494504624,4168,7102,6862,-4513072,-1172861,785572,0,0,0,235,432,156,340,377,362,294,286,251,137,150,175,0
2,1768494504640,5709,5561,4828,-4348138,-963945,599869,0,0,0,237,428,161,337,373,360,291,297,243,136,156,170,0
2,1768494504656,6073,5484,4647,-4560719,-499687,252898,0,0,0,234,427,157,337,379,357,285,305,238,133,160,163,0
2,1768494504672,5202,5489,6465,-5200906,87964,-122173,0,0,0,235,425,153,332,379,350,282,316,236,134,169,162,0
2,1768494504688,4551,4771,8121,-5622403,384845,-227241,0,0,0,240,426,161,330,373,347,282,320,236,138,178,161,0
2,1768494504704,4302,4283,9456,-5883853,609643,-164933,0,0,0,239,426,164,329,375,351,281,325,240,145,181,157,0
2,1768494504720,4326,3862,11050,-6151412,874759,64751,0,0,0,236,423,160,328,372,352,278,327,236,129,167,157,0
2,1768494504736,4369,3182,12883,-6407976,1177748,359188,0,0,0,233,424,166,329,373,351,287,328,242,134,171,164,0
2,1768494504752,4273,2182,14950,-6576575,1461189,636521,0,0,0,233,424,166,327,372,356,286,330,246,134,169,161,0
2,1768494504768,4307,1459,17181,-6663318,1643227,780685,0,0,0,231,422,165,325,368,355,288,334,248,126,165,157,0
2,1768494504784,4536,1019,20019,-6809925,1850921,861319,0,0,0,235,422,166,329,369,355,289,337,249,128,166,155,0
2,1768494504800,4675,746,23215,-6995628,2091602,916297,0,0,0,238,423,166,329,369,356,290,338,249,130,163,155,0
2,1768494504816,4771,-172,27341,-7108027,2328618,1109331,0,0,0,236,423,165,330,366,356,291,334,250,131,160,154,0
2,1768494504832,4752,-2526,30686,-7100697,2522873,1444085,0,0,0,238,424,166,312,386,347,294,332,255,131,160,156,0
2,1768494504848,2842,-8207,32720,-6891781,2700024,1828930,0,0,0,242,426,163,318,384,346,297,330,255,129,158,153,0
2,1768494504864,-746,-17047,33433,-6476393,2553416,2018298,0,0,0,242,428,158,339,368,354,302,329,253,129,156,149,0
2,1768494504880,-2373,-27839,29691,-5742133,1764178,1720196,0,0,0,241,430,157,343,371,358,309,330,257,132,155,154,0
2,1768494504896,-1545,-36262,22005,-4397007,1221730,772133,0,0,0,243,432,159,347,373,361,312,332,261,133,155,155,0
2,1768494504912,-3661,-43287,14635,-2395813,1034805,-715934,0,0,0,242,428,159,349,374,361,311,345,260,138,162,156,0
2,1768494504928,-9523,-44747,13074,-668286,868650,-1728748,0,0,0,236,414,151,340,360,352,321,388,252,146,197,152,0
2,1768494504944,-12672,-37673,17118,1248608,-304210,-1648114,0,0,0,236,389,146,327,334,340,383,449,250,161,284,137,0
2,1768494504960,-7982,-16769,21134,3544240,-2712241,-791681,0,0,0,248,350,152,319,298,336,426,465,251,206,362,133,0
2,1768494504976,914,4891,16941,5249775,-4321260,79412,0,0,0,272,369,153,356,298,356,490,495,251,281,407,147,0
2,1768494504992,1517,6724,18707,5776341,-3040887,630412,0,0,0,274,380,152,370,302,364,525,525,263,365,458,155,0
2,1768494505008,-2335,-765,23426,4750088,-1045801,414166,0,0,0,273,394,157,380,308,373,536,555,263,460,513,151,0
2,1768494505024,-1655,-2024,20244,3106860,-232128,-157603,0,0,0,269,407,171,379,310,380,562,578,277,497,539,172,0
2,1768494505040,1608,1761,11849,2081828,-290771,-238237,0,0,0,263,422,189,385,322,405,595,599,306,509,549,210,0
2,1768494505056,1890,1713,9442,1698205,-375071,9773,0,0,0,264,448,204,401,349,427,609,610,319,519,557,247,0
2,1768494505072,1095,-373,11012,1006705,-427605,138055,0,0,0,285,475,219,420,375,437,617,618,318,538,570,281,0
2,1768494505088,531,-464,11567,245567,-372627,95294,0,0,0,316,490,233,434,389,446,623,623,322,552,578,311,0
2,1768494505104,636,875,10337,-2443,-267558,28099,0,0,0,343,499,240,445,400,456,623,624,328,552,576,330,0
2,1768494505120,799,1397,9830,19547,-186924,3665,0,0,0,360,503,245,454,406,458,628,628,334,555,580,333,0
2,1768494505136,804,1162,10102,70860,-118507,3665,0,0,0,355,508,249,450,404,458,630,630,331,556,581,329,0
2,1768494505152,760,1072,10212,72082,-56199,-3665,0,0,0,365,512,261,446,398,453,637,637,332,562,585,335,0
2,1768494505168,756,1134,10093,78190,-2443,-17104,0,0,0,359,507,248,452,409,451,627,627,331,572,586,339,0
2,1768494505184,794,1158,9978,122173,20769,-23212,0,0,0,357,511,247,411,470,433,620,619,333,562,581,333,0
2,1768494505200,813,1124,9944,168598,21991,-24434,0,0,0,354,512,250,445,413,450,620,615,328,552,580,342,0
2,1768494505216,818,1067,9959,195476,10995,-23212,0,0,0,362,515,254,443,400,451,617,603,332,541,575,351,0
2,1768494505232,847,1014,9968,205250,0,-24434,0,0,0,368,516,249,450,407,453,604,600,335,461,495,362,0
2,1768494505248,885,971,9954,201585,-14660,-32986,0,0,0,370,517,241,454,413,454,598,593,334,365,395,384,0
2,1768494505264,890,957,9949,199142,-31764,-43982,0,0,0,377,523,245,456,416,455,595,587,335,335,359,393,0
2,1768494505280,875,947,9944,205250,-48869,-54977,0,0,0,383,528,247,461,427,461,596,582,340,322,339,403,0
2,1768494505296,851,923,9930,216246,-59864,-64751,0,0,0,391,534,247,471,439,469,597,572,347,301,307,418,0
2,1768494505312,818,904,9935,230907,-61086,-64751,0,0,0,404,540,247,477,444,471,596,559,354,295,288,436,0
2,1768494505328,813,880,9968,255341,-58643,-63529,0,0,0,419,548,246,484,454,477,593,544,358,302,278,464,0
2,1768494505344,851,847,10011,293215,-57421,-59864,0,0,0,440,559,254,500,468,487,595,521,368,350,312,476,0
2,1768494505360,928,784,10093,350636,-58643,-65973,0,0,0,466,569,265,510,473,494,600,492,378,431,387,473,0
2,1768494505376,961,717,10184,415388,-63529,-86742,0,0,0,478,579,265,517,486,515,583,479,390,324,259,532,0
2,1768494505392,952,617,10217,499687,-63529,-112399,0,0,0,496,592,270,524,502,531,586,451,404,310,242,557,0
2,1768494505408,1028,531,10361,599869,-53756,-146607,0,0,0,506,602,261,533,513,548,576,419,403,293,217,571,0
2,1768494505424,1172,497,10844,759916,-64751,-193033,0,0,0,522,611,247,542,531,557,556,402,404,298,220,585,0
2,1768494505440,1225,425,11954,1142317,-142942,-238237,0,0,0,538,617,235,557,544,559,539,390,431,316,224,601,0
2,1768494505456,966,540,13419,1717753,-134390,-271224,0,0,0,546,615,218,566,553,569,512,385,424,325,228,604,0
2,1768494505472,555,622,14304,2258979,-4886,-255341,0,0,0,555,620,220,570,558,566,463,373,417,328,236,619,0
2,1768494505488,674,540,14735,2817310,83077,-174707,0,0,0,563,621,219,568,562,558,425,366,413,335,235,629,0
2,1768494505504,1579,411,15415,3430619,34208,-146607,0,0,0,575,624,223,562,560,562,371,349,403,340,268,635,0
2,1768494505520,2345,287,16530,4153883,-70860,-310319,0,0,0,578,631,220,556,566,569,315,316,405,335,301,632,0
2,1768494505536,2536,315,18047,4932125,-136833,-508239,0,0,0,567,631,209,549,575,571,283,266,419,304,265,611,0
2,1768494505552,3220,124,20291,5837428,-215024,-704938,0,0,0,549,617,204,538,563,565,265,206,426,268,197,565,0
2,1768494505568,3957,-713,24302,6853907,-312763,-910189,0,0,0,517,595,197,521,538,537,256,162,414,256,178,501,0
2,1768494505584,4824,-1990,28657,7784866,-271224,-1056796,0,0,0,475,574,177,504,516,506,253,158,372,244,169,468,0
2,1768494505600,5197,-1775,30677,8318762,18325,-1224173,0,0,0,408,527,153,465,479,457,260,167,327,242,165,441,0
2,1768494505616,4489,373,32849,8636412,207694,-1456302,0,0,0,327,485,156,411,413,401,285,189,297,206,142,357,0
2,1768494505632,5245,5470,32653,8521570,15882,-1678657,0,0,0,256,440,158,365,372,370,315,236,287,154,131,208,0
2,1768494505648,7518,14505,23771,7622376,-273667,-2028072,0,0,0,250,438,162,368,375,378,308,251,295,151,141,213,0
2,1768494505664,7628,20890,12672,5683490,-433714,-2316400,0,0,0,256,436,162,368,378,371,301,259,281,153,142,205,0
2,1768494505680,4910,23661,8011,1811826,-548556,-1993864,0,0,0,254,434,158,352,368,355,295,265,261,149,146,187,0
2,1768494505696,2211,18444,10078,-2623055,-934623,-923628,0,0,0,253,428,159,345,371,354,294,279,256,144,150,183,0
2,1768494505712,3120,10380,9361,-4731762,-1411098,-59864,0,0,0,243,425,158,341,374,352,290,289,249,141,156,177,0
2,1768494505728,6527,6082,4991,-4437325,-1092227,-25656,0,0,0,238,426,159,335,375,352,285,300,249,136,163,173,0
2,1768494505744,6915,5867,3417,-4257730,-24434,-379958,0,0,0,238,428,162,328,381,351,284,312,250,134,172,171,0
2,1768494505760,4005,6618,5948,-4841717,637743,-526565,0,0,0,236,426,160,325,381,347,281,320,244,135,181,166,0
2,1768494505776,2335,6197,8164,-5468465,822224,-450818,0,0,0,234,425,158,328,371,345,278,323,238,137,189,158,0
2,1768494505792,2852,4843,9088,-5799554,883311,-267558,0,0,0,233,424,159,327,369,345,278,324,239,139,195,153,0
2,1768494505808,2981,4024,10145,-5836206,1271821,-140499,0,0,0,232,423,159,325,368,345,275,326,242,135,191,155,0
2,1768494505824,2158,3785,11969,-5908288,1595580,14660,0,0,0,231,423,159,325,369,350,271,323,243,131,190,155,0
2,1768494505840,1569,3732,14285,-6144082,1696983,252898,0,0,0,226,421,162,325,366,351,278,332,249,131,194,155,0
2,1768494505856,1737,3474,16759,-6492275,1754404,505796,0,0,0,226,420,163,326,367,356,281,335,259,138,204,166,0
2,1768494505872,2316,2952,19191,-6813590,1882686,691499,0,0,0,232,421,162,327,365,347,281,336,248,151,204,151,0
2,1768494505888,2766,2148,22277,-7042054,2075720,902858,0,0,0,235,420,156,327,365,344,282,336,242,139,201,148,0
2,1768494505904,3182,1191,26164,-7181331,2230879,1246165,0,0,0,236,420,156,328,362,342,286,337,244,138,201,148,0
2,1768494505920,3579,-612,30284,-7253413,2322509,1879021,0,0,0,232,417,153,331,365,348,289,336,252,140,197,152,0
2,1768494505936,3172,-5814,33012,-7178888,2431243,2717128,0,0,0,236,419,157,333,362,354,293,332,260,171,206,158,0
2,1768494505952,1397,-14276,34558,-6812369,2399478,3269350,0,0,0,240,423,159,337,364,357,300,331,260,158,200,153,0
2,1768494505968,1469,-25556,31193,-5960823,1590693,3000570,0,0,0,242,427,159,339,365,357,305,332,263,142,197,151,0
2,1768494505984,4216,-36558,22445,-4620584,841772,1863138,0,0,0,242,427,158,341,365,358,306,334,266,143,201,154,0
2,1768494506000,2809,-43215,14113,-2940705,1027475,-62308,0,0,0,242,426,158,341,370,358,305,338,264,144,205,153,0
2,1768494506016,-6231,-45034,12682,-1292590,1095892,-1711644,0,0,0,236,425,157,339,369,358,309,384,256,183,273,147,0
2,1768494506032,-11782,-42091,14328,510683,124616,-2315179,0,0,0,232,402,148,339,343,351,358,456,245,228,364,134,0
2,1768494506048,-7982,-26604,21780,2527760,-1738522,-1681101,0,0,0,256,363,143,336,308,340,446,462,248,198,340,127,0
2,1768494506064,938,2158,21378,4814839,-4134335,-205250,0,0,0,289,362,151,348,293,348,476,476,261,231,390,129,0
2,1768494506080,2646,9284,16630,6484945,-3816686,988379,0,0,0,279,377,159,356,299,362,499,499,259,255,408,149,0
2,1768494506096,-3235,-153,20301,6035348,-1607797,880867,0,0,0,277,389,159,370,308,373,508,507,283,275,419,163,0
2,1768494506112,-3967,-3632,21019,4305378,-364075,46425,0,0,0,280,416,164,383,319,382,531,531,297,270,420,195,0
2,1768494506128,756,-196,15711,2586403,-294437,-425162,0,0,0,277,442,189,393,331,406,567,567,322,294,420,242,0
2,1768494506144,2196,1301,11280,1544267,-368962,-96516,0,0,0,279,469,220,411,362,428,591,590,335,323,424,291,0
2,1768494506160,1139,205,10351,647517,-371406,171042,0,0,0,309,492,235,429,381,441,600,601,340,334,424,334,0
2,1768494506176,181,-301,11031,129503,-350636,117286,0,0,0,340,506,242,438,397,445,614,615,343,354,431,363,0
2,1768494506192,406,746,10552,14660,-260228,0,0,0,0,356,511,249,447,409,449,625,626,343,387,459,370,0
2,1768494506208,727,1301,10045,45204,-147829,-17104,0,0,0,363,512,250,451,408,447,629,630,343,404,474,370,0
2,1768494506224,732,1148,10059,57421,-74525,0,0,0,0,369,514,250,437,433,438,628,628,349,420,484,368,0
2,1768494506240,665,1048,10126,56199,-34208,-3665,0,0,0,371,519,257,434,450,440,624,624,356,412,476,367,0
2,1768494506256,636,1086,10102,63529,-9773,-20769,0,0,0,369,521,257,454,406,451,625,625,350,414,474,366,0
2,1768494506272,660,1115,10050,83077,15882,-26878,0,0,0,364,518,250,451,415,448,626,625,345,479,529,344,0
2,1768494506288,693,1115,10011,108734,39095,-29321,0,0,0,360,517,247,443,430,445,609,610,350,351,413,360,0
2,1768494506304,727,1105,9978,135612,37873,-30543,0,0,0,357,520,244,451,409,447,604,604,337,313,367,376,0
2,1768494506320,746,1081,9949,158824,25656,-31764,0,0,0,354,518,244,453,408,454,604,602,351,319,367,385,0
2,1768494506336,765,1033,9940,167377,10995,-35430,0,0,0,356,519,248,446,408,454,617,592,342,511,557,340,0
2,1768494506352,789,1009,9940,166155,-3665,-40317,0,0,0,364,524,245,420,469,433,609,596,360,456,489,362,0
2,1768494506368,799,1000,9940,168598,-23212,-45204,0,0,0,367,528,250,444,430,460,604,595,354,331,367,383,0
2,1768494506384,804,966,9940,169820,-45204,-50090,0,0,0,367,530,255,461,419,470,600,584,353,300,329,392,0
2,1768494506400,794,942,9920,169820,-68416,-56199,0,0,0,385,536,257,463,429,460,605,569,372,314,328,399,0
2,1768494506416,784,952,9935,188146,-84299,-59864,0,0,0,399,545,257,464,434,463,611,557,373,306,308,415,0
2,1768494506432,765,933,9987,230907,-91629,-61086,0,0,0,412,555,261,474,441,476,612,544,370,321,311,435,0
2,1768494506448,765,871,10050,271224,-87964,-62308,0,0,0,427,562,266,486,451,484,608,525,374,347,324,453,0
2,1768494506464,780,842,10088,293215,-75747,-67195,0,0,0,441,569,270,497,463,494,605,500,379,358,321,476,0
2,1768494506480,823,818,10141,334754,-69638,-78190,0,0,0,461,583,285,506,476,509,602,470,392,359,304,507,0
2,1768494506496,909,765,10222,409279,-73303,-103847,0,0,0,486,596,318,507,487,522,598,447,402,290,227,532,0
2,1768494506512,1019,679,10428,522900,-87964,-151494,0,0,0,501,607,303,518,499,536,588,418,420,286,222,552,0
2,1768494506528,1115,617,10811,698829,-130725,-210137,0,0,0,516,609,297,533,517,536,573,396,438,294,220,574,0
2,1768494506544,1095,588,11500,982271,-179594,-267558,0,0,0,528,613,248,550,533,544,558,387,434,309,224,591,0
2,1768494506560,756,521,12333,1450194,-157603,-283441,0,0,0,544,625,225,562,559,556,528,385,440,306,223,599,0
2,1768494506576,339,445,13012,1957212,-51312,-238237,0,0,0,555,628,223,556,557,561,502,377,446,320,227,615,0
2,1768494506592,402,387,13711,2398256,85521,-152716,0,0,0,557,620,218,562,552,572,451,357,442,387,315,637,0
2,1768494506608,1009,406,14644,2911383,111177,-117286,0,0,0,564,622,217,557,551,556,419,354,428,345,256,626,0
2,1768494506624,1751,344,15611,3527135,42760,-182037,0,0,0,566,616,206,547,554,546,371,341,417,319,231,619,0
2,1768494506640,1966,330,16788,4211304,-41538,-324980,0,0,0,569,617,204,552,566,551,320,300,410,318,259,628,0
2,1768494506656,2766,330,18784,5154480,-133168,-520457,0,0,0,566,619,211,545,557,553,282,236,407,292,230,594,0
2,1768494506672,3431,138,21335,6048787,-241902,-733038,0,0,0,534,605,207,534,540,551,263,179,400,258,180,528,0
2,1768494506688,3517,-631,25517,7043276,-376292,-879645,0,0,0,488,578,188,524,524,535,255,152,378,255,176,483,0
2,1768494506704,4388,-1727,29303,7957130,-300545,-962723,0,0,0,445,548,166,495,492,489,250,156,353,262,177,463,0
2,1768494506720,3924,-760,31074,8400618,-64751,-1126435,0,0,0,374,503,151,448,449,437,264,176,336,232,162,423,0
2,1768494506736,4091,1842,32251,8542339,-158824,-1306029,0,0,0,293,457,152,385,379,387,297,211,294,195,150,311,0
2,1768494506752,7035,8289,28710,8194146,-518013,-1533271,0,0,0,258,444,162,365,358,378,317,249,290,162,146,210,0
2,1768494506768,8939,17568,16788,6857573,-596204,-1948660,0,0,0,250,433,161,365,362,377,314,263,295,159,148,208,0
2,1768494506784,7465,22426,8786,4282165,-572991,-2152689,0,0,0,261,434,163,359,362,369,308,261,272,159,150,204,0
2,1768494506800,3857,22134,8336,130725,-646295,-1751961,0,0,0,252,432,163,343,364,358,303,270,260,153,152,190,0
2,1768494506816,2048,15089,9839,-3196046,-1119105,-845437,0,0,0,245,425,166,336,361,358,295,277,254,145,155,191,0
2,1768494506832,3694,8346,7528,-4345695,-1551597,-212581,0,0,0,239,424,165,334,363,354,291,285,249,146,163,186,0
2,1768494506848,6805,5766,3866,-4142888,-1266934,-158824,0,0,0,235,424,164,331,362,352,288,293,245,142,162,178,0
2,1768494506864,6987,5982,3785,-4339586,-109955,-416610,0,0,0,232,422,163,330,363,351,283,299,239,141,165,172,0
2,1768494506880,4833,5867,6250,-4862487,511905,-430049,0,0,0,232,421,162,329,365,349,280,307,236,141,169,169,0
2,1768494506896,3402,5192,8456,-5368283,729373,-228463,0,0,0,233,421,161,327,363,346,280,315,238,138,170,165,0
2,1768494506912,3809,4316,9423,-5671272,803898,41538,0,0,0,233,420,162,326,359,345,280,319,238,137,170,163,0
2,1768494506928,4096,3728,10686,-5897293,1127657,243124,0,0,0,229,418,167,326,360,347,281,322,239,139,173,166,0
2,1768494506944,3709,3316,12572,-6119647,1436755,442266,0,0,0,227,418,168,326,360,350,284,325,243,138,172,168,0
2,1768494506960,3426,2833,14725,-6311459,1579697,674395,0,0,0,223,417,165,327,360,347,286,329,238,135,172,161,0
2,1768494506976,3905,2349,16846,-6459289,1657888,860098,0,0,0,222,417,169,326,362,352,287,331,239,137,174,165,0
2,1768494506992,4546,1971,19703,-6674313,1822821,1026253,0,0,0,226,416,169,327,359,352,289,332,240,137,174,161,0
2,1768494507008,4943,1531,23273,-6955311,2034181,1242499,0,0,0,230,415,169,329,356,352,291,333,242,137,174,158,0
2,1768494507024,5374,698,27561,-7204544,2218662,1584584,0,0,0,229,414,168,327,352,350,288,329,241,137,174,158,0
2,1768494507040,6211,-1239,32318,-7318165,2359161,2096489,0,0,0,233,415,176,331,353,361,297,332,254,140,175,167,0
2,1768494507056,7001,-6795,34280,-7161784,2533869,2625498,0,0,0,240,419,177,337,354,364,306,327,262,138,170,163,0
2,1768494507072,5494,-15687,33644,-6696304,2737898,2828306,0,0,0,238,420,172,339,356,366,311,324,268,139,167,170,0
2,1768494507088,1765,-27714,29877,-5706703,2398256,2417804,0,0,0,238,421,174,340,357,368,313,324,272,140,168,172,0
2,1768494507104,-612,-38075,21000,-4159992,1612684,1115439,0,0,0,239,422,175,338,363,368,317,326,275,141,170,173,0
2,1768494507120,-4556,-45312,13151,-2329840,1225395,-781907,0,0,0,241,423,169,338,364,363,317,330,270,141,171,167,0
2,1768494507136,-9595,-45814,12572,-858876,786794,-2004859,0,0,0,243,410,165,338,347,357,345,379,261,149,217,150,0
2,1768494507152,-12447,-38602,16515,1148426,-423940,-2487443,0,0,0,247,372,160,333,316,347,415,455,254,191,317,135,0
2,1768494507168,-9882,-15769,24345,3290120,-2941926,-1444085,0,0,0,267,343,145,335,287,338,467,471,250,256,390,139,0
2,1768494507184,-847,7217,19277,5326744,-4673119,450818,0,0,0,271,364,158,345,293,364,490,491,264,258,411,154,0
2,1768494507200,-186,6168,17506,6403089,-3090978,1303586,0,0,0,271,375,160,365,307,378,509,508,273,294,426,162,0
2,1768494507216,-3546,-1995,21598,5244888,-908967,533896,0,0,0,275,391,157,380,308,370,538,538,271,375,466,164,0
2,1768494507232,-1182,-2306,19502,3182607,-162490,-332310,0,0,0,277,422,184,385,327,391,551,550,298,302,434,204,0
2,1768494507248,2469,1497,12328,1717753,-338419,-251676,0,0,0,284,439,208,395,335,409,571,571,332,312,426,239,0
2,1768494507264,1957,1655,9294,1182635,-466701,199142,0,0,0,285,456,225,402,354,421,592,592,341,463,502,255,0
2,1768494507280,794,100,10457,759916,-548556,293215,0,0,0,303,476,266,410,377,427,618,618,333,507,540,268,0
2,1768494507296,464,0,11141,307876,-487470,136833,0,0,0,328,491,248,417,381,430,640,637,333,572,591,303,0
2,1768494507312,559,780,10557,53756,-333532,24434,0,0,0,344,504,245,420,384,433,646,639,332,602,612,313,0
2,1768494507328,784,1373,9901,23212,-158824,0,0,0,0,351,509,250,423,388,437,644,635,333,610,617,318,0
2,1768494507344,808,1239,10035,58643,-87964,3665,0,0,0,357,514,254,424,389,438,646,638,337,613,619,325,0
2,1768494507360,780,1119,10117,69638,-48869,-3665,0,0,0,360,518,255,431,390,439,642,635,334,611,616,321,0
2,1768494507376,760,1148,10050,74525,-21991,-18325,0,0,0,360,519,253,436,396,440,630,620,329,604,611,314,0
2,1768494507392,775,1206,9983,103847,-3665,-21991,0,0,0,365,524,259,431,397,438,625,614,340,582,600,320,0
2,1768494507408,780,1186,9964,155159,1221,-20769,0,0,0,370,522,258,435,402,447,628,615,336,559,577,336,0
2,1768494507424,799,1129,9964,183259,0,-18325,0,0,0,375,522,262,437,404,448,622,601,326,556,571,341,0
2,1768494507440,827,1091,9949,193033,-8552,-19547,0,0,0,386,529,303,421,387,440,614,584,328,548,560,342,0
2,1768494507456,847,1067,9944,197920,-21991,-24434,0,0,0,391,533,267,437,402,440,552,544,359,544,554,337,0
2,1768494507472,851,1033,9949,207694,-43982,-32986,0,0,0,401,536,273,445,415,451,602,572,335,554,566,352,0
2,1768494507488,832,990,9954,218689,-64751,-42760,0,0,0,405,542,277,446,419,460,598,563,335,550,546,364,0
2,1768494507504,799,952,9944,223576,-74525,-47647,0,0,0,409,551,273,448,417,444,603,551,330,541,534,361,0
2,1768494507520,780,933,9949,226020,-80634,-50090,0,0,0,410,556,269,454,430,447,598,543,333,535,527,381,0
2,1768494507536,789,909,9978,228463,-83077,-46425,0,0,0,423,565,287,461,440,456,592,533,344,537,518,397,0
2,1768494507552,808,880,10007,241902,-89186,-43982,0,0,0,440,575,297,464,446,462,596,521,354,533,499,409,0
2,1768494507568,832,842,10045,271224,-102625,-47647,0,0,0,460,583,298,473,458,468,561,499,371,424,382,436,0
2,1768494507584,866,813,10122,324980,-120951,-62308,0,0,0,478,591,314,487,472,480,543,478,380,309,261,474,0
2,1768494507600,909,760,10270,431270,-155159,-91629,0,0,0,490,597,330,494,484,492,582,466,373,308,250,505,0
2,1768494507616,918,713,10433,564439,-206472,-125838,0,0,0,503,605,321,500,502,499,578,441,378,307,243,532,0
2,1768494507632,899,660,10619,696386,-257785,-156381,0,0,0,519,618,308,521,517,516,554,420,390,319,247,562,0
2,1768494507648,847,545,10993,902858,-324980,-188146,0,0,0,540,629,304,537,524,531,528,400,399,309,230,574,0
2,1768494507664,689,368,11519,1210734,-368962,-205250,0,0,0,548,623,252,541,548,533,514,392,412,316,237,584,0
2,1768494507680,402,339,12495,1670105,-334754,-166155,0,0,0,560,623,236,548,550,549,492,389,425,328,243,592,0
2,1768494507696,397,425,13634,2174680,-188146,-118507,0,0,0,560,629,221,564,575,544,436,380,400,327,230,597,0
2,1768494507712,760,435,14620,2679254,-43982,-97738,0,0,0,575,630,220,546,561,536,394,375,391,329,241,605,0
2,1768494507728,1397,311,15362,3230255,-134390,-134390,0,0,0,577,628,221,529,559,531,336,348,388,382,333,637,0
2,1768494507744,1837,201,16238,3858224,-289550,-243124,0,0,0,571,625,213,522,558,526,303,338,387,346,300,606,0
2,1768494507760,2392,76,17846,4601036,-399505,-409279,0,0,0,569,629,219,523,558,525,275,297,385,290,228,587,0
2,1768494507776,3555,-86,20186,5441587,-537561,-642630,0,0,0,545,625,219,513,557,517,250,228,375,266,191,551,0
2,1768494507792,4752,-689,24101,6491054,-834441,-972497,0,0,0,507,606,202,504,543,508,232,172,361,261,181,511,0
2,1768494507808,6125,-1727,27532,7335269,-1049466,-1258382,0,0,0,465,575,179,487,513,492,241,162,348,255,175,488,0
2,1768494507824,5982,-1124,29341,7966904,-990823,-1580919,0,0,0,405,536,161,450,472,453,263,181,322,251,179,450,0
2,1768494507840,4838,1100,30835,8263784,-1040914,-1810604,0,0,0,322,491,154,405,422,402,267,205,280,223,179,353,0
2,1768494507856,7384,4503,29346,8210028,-1287703,-1976759,0,0,0,237,438,150,355,369,356,294,261,265,152,149,193,0
2,1768494507872,11304,11596,21981,7605272,-1230282,-2278527,0,0,0,245,438,160,360,374,366,303,282,275,153,158,204,0
2,1768494507888,10227,20521,11658,5593082,-883311,-2382374,0,0,0,251,436,160,365,377,363,296,282,251,155,153,195,0
2,1768494507904,6020,25455,7059,1370781,-623082,-1478293,0,0,0,249,434,168,339,366,355,286,286,250,148,157,199,0
2,1768494507920,2914,19961,9332,-2930931,-775798,237015,0,0,0,246,432,161,340,376,350,289,298,248,147,160,185,0
2,1768494507936,5202,9638,7824,-4327369,-1080009,1461189,0,0,0,235,427,159,330,378,346,283,310,245,139,170,174,0
2,1768494507952,8035,5139,4048,-3874107,-621860,1494176,0,0,0,236,427,159,327,372,348,282,317,245,134,169,171,0
2,1768494507968,7279,5790,3129,-3576005,421497,904080,0,0,0,237,428,161,325,372,345,281,323,240,134,172,170,0
2,1768494507984,3991,7059,6068,-4359134,966388,486248,0,0,0,236,426,164,324,371,347,281,328,239,133,173,170,0
2,1768494508000,2646,6274,8633,-5282762,955393,324980,0,0,0,234,423,164,324,374,348,280,333,241,132,175,166,0
2,1768494508016,3464,4407,9279,-5562538,995710,260228,0,0,0,234,422,163,323,378,345,279,337,239,134,180,159,0
2,1768494508032,3402,3479,10251,-5588195,1324355,191811,0,0,0,237,423,164,321,371,342,280,340,234,134,180,157,0
2,1768494508048,2450,3680,12031,-5722585,1598023,260228,0,0,0,239,424,164,323,364,340,280,341,232,132,176,156,0
2,1768494508064,1957,3603,14089,-5991366,1775174,426383,0,0,0,236,423,161,328,366,343,282,344,234,133,176,152,0
2,1768494508080,1995,3043,16281,-6240599,1937664,624304,0,0,0,235,422,159,328,365,343,282,342,239,129,176,150,0
2,1768494508096,1890,2431,18693,-6318790,2108706,761138,0,0,0,232,421,154,324,363,338,278,332,242,129,174,146,0
2,1768494508112,1842,1928,21952,-6368880,2255314,900415,0,0,0,231,421,154,331,370,343,285,342,240,133,175,149,0
2,1768494508128,2110,1416,26001,-6527705,2351831,1050688,0,0,0,231,422,155,329,368,341,285,333,236,133,171,148,0
2,1768494508144,2311,9,30007,-6778160,2393370,1260825,0,0,0,229,422,156,328,369,341,289,337,240,134,172,151,0
2,1768494508160,2220,-4350,33203,-6982189,2349387,1624901,0,0,0,230,423,159,331,366,351,291,333,246,133,164,149,0
2,1768494508176,976,-12084,33586,-6731734,2255314,1850921,0,0,0,228,426,160,335,366,358,299,330,254,133,163,153,0
2,1768494508192,-483,-22402,31074,-6113539,1886351,1783726,0,0,0,228,427,162,338,367,361,303,330,260,137,165,163,0
2,1768494508208,-770,-34103,23316,-4905247,1273043,1172861,0,0,0,229,428,162,342,369,365,306,331,264,142,169,168,0
2,1768494508224,-3555,-41239,14941,-2979800,1141096,6108,0,0,0,232,430,164,343,370,367,304,334,266,140,169,168,0
2,1768494508240,-9614,-43077,12242,-1094670,981049,-949284,0,0,0,231,409,159,329,350,353,331,388,256,153,228,155,0
2,1768494508256,-14036,-41095,17645,880867,-340862,-1103222,0,0,0,229,365,149,309,312,337,393,451,249,176,313,140,0
2,1768494508272,-11600,-30758,21091,3279124,-2834414,-715934,0,0,0,237,343,148,305,289,336,440,464,254,198,354,140,0
2,1768494508288,-770,-3038,17616,6023131,-5451361,-162490,0,0,0,250,354,156,324,290,353,470,484,258,248,400,151,0
2,1768494508304,1584,5077,18454,5888740,-3595552,307876,0,0,0,271,373,164,359,295,372,511,510,268,310,427,160,0
2,1768494508320,-1809,799,23838,4547280,-907745,535117,0,0,0,284,402,169,387,311,376,525,524,280,302,419,168,0
2,1768494508336,-1646,-1517,20626,3021339,-333532,167377,0,0,0,289,431,197,387,327,390,547,546,293,298,406,209,0
2,1768494508352,808,315,13079,1931555,-480140,31764,0,0,0,274,437,206,400,339,415,588,589,328,402,466,243,0
2,1768494508368,1727,1411,9088,1274264,-555887,211359,0,0,0,305,465,230,422,366,437,611,612,327,522,554,291,0
2,1768494508384,693,-220,10562,590095,-459370,196698,0,0,0,335,490,233,433,394,446,612,612,338,500,520,325,0
2,1768494508400,186,-229,11093,89186,-343306,73303,0,0,0,354,502,240,440,400,448,627,627,338,534,545,344,0
2,1768494508416,430,784,10356,-26878,-216246,4886,0,0,0,365,508,248,441,400,446,633,633,333,553,562,350,0
2,1768494508432,670,1177,9959,-3665,-127059,9773,0,0,0,372,512,263,440,399,447,636,636,335,550,557,356,0
2,1768494508448,713,1009,10069,18325,-84299,23212,0,0,0,375,515,272,439,400,449,637,637,340,544,550,355,0
2,1768494508464,650,933,10155,17104,-73303,4886,0,0,0,378,519,260,445,403,448,637,636,340,511,521,355,0
2,1768494508480,617,976,10126,36651,-56199,-12217,0,0,0,388,521,266,451,407,449,627,626,340,477,488,360,0
2,1768494508496,626,1033,10064,91629,-28099,-24434,0,0,0,396,522,284,447,407,452,593,600,354,514,523,354,0
2,1768494508512,617,1000,10035,162490,-15882,-30543,0,0,0,400,523,280,443,405,452,573,587,361,565,575,344,0
2,1768494508528,607,947,10016,216246,-15882,-34208,0,0,0,410,530,282,451,418,456,610,616,334,540,551,350,0
2,1768494508544,612,890,9997,244346,-21991,-39095,0,0,0,413,534,282,456,429,459,602,604,333,543,553,354,0
2,1768494508560,617,818,9964,243124,-29321,-41538,0,0,0,413,538,280,456,429,458,608,582,338,511,514,356,0
2,1768494508576,626,780,9954,233350,-37873,-46425,0,0,0,431,542,285,456,429,461,594,558,331,520,514,356,0
2,1768494508592,646,770,9983,229685,-42760,-51312,0,0,0,430,551,287,463,438,468,596,577,348,340,349,403,0
2,1768494508608,670,746,10011,237015,-54977,-58643,0,0,0,434,553,281,467,442,471,591,561,351,327,329,419,0
2,1768494508624,674,713,10007,249233,-74525,-65973,0,0,0,443,561,285,465,447,469,594,541,353,308,299,429,0
2,1768494508640,650,693,10007,277332,-95294,-70860,0,0,0,455,566,283,482,461,476,591,532,360,309,289,445,0
2,1768494508656,646,670,10064,322536,-105068,-74525,0,0,0,467,576,284,487,474,485,576,509,369,304,274,472,0
2,1768494508672,655,622,10160,381179,-102625,-81855,0,0,0,483,587,288,495,480,494,579,485,365,302,260,500,0
2,1768494508688,641,526,10198,438601,-96516,-91629,0,0,0,499,594,284,509,487,505,582,464,370,300,249,520,0
2,1768494508704,660,430,10236,492357,-89186,-105068,0,0,0,507,598,275,521,501,519,569,439,387,299,245,540,0
2,1768494508720,741,368,10428,588874,-91629,-125838,0,0,0,517,603,272,529,517,531,552,410,394,371,282,551,0
2,1768494508736,847,272,10744,761138,-124616,-162490,0,0,0,534,606,259,536,532,542,536,381,392,474,337,551,0
2,1768494508752,832,191,11371,1042136,-164933,-196698,0,0,0,530,612,224,552,548,554,524,380,401,392,313,587,0
2,1768494508768,583,287,12414,1445307,-98960,-208915,0,0,0,537,612,219,547,545,542,506,395,405,392,313,606,0
2,1768494508784,397,320,13299,1872912,29321,-193033,0,0,0,553,618,224,561,554,549,466,364,409,399,312,619,0
2,1768494508800,536,181,13692,2278527,68416,-160046,0,0,0,554,619,217,561,562,554,429,360,406,384,301,614,0
2,1768494508816,971,38,14309,2769662,15882,-139277,0,0,0,561,618,209,561,560,554,389,360,395,375,301,631,0
2,1768494508832,1660,-52,15410,3363424,-98960,-196698,0,0,0,562,616,205,538,559,541,353,351,388,352,297,635,0
2,1768494508848,1866,-28,16922,4075692,-178372,-343306,0,0,0,559,616,209,537,557,553,303,310,388,345,314,625,0
2,1768494508864,2306,-33,18947,4943121,-230907,-505796,0,0,0,559,609,209,541,557,553,267,251,392,303,260,583,0
2,1768494508880,3172,-153,22282,6003583,-351858,-711047,0,0,0,527,598,200,533,545,544,249,187,385,272,207,531,0
2,1768494508896,4149,-966,26427,7040832,-515570,-889419,0,0,0,487,586,194,520,526,528,240,154,369,262,189,498,0
2,1768494508912,5441,-1861,29940,7977900,-481361,-1080009,0,0,0,435,556,174,486,493,487,245,160,343,258,186,470,0
2,1768494508928,4517,-713,32309,8566774,-254119,-1340238,0,0,0,357,504,152,431,436,429,264,190,310,244,189,400,0
2,1768494508944,4479,2129,34065,8736594,-353080,-1560149,0,0,0,275,457,152,382,380,385,288,233,285,215,204,284,0
2,1768494508960,7848,8839,29418,8135503,-583987,-1753183,0,0,0,239,444,159,362,366,372,303,265,280,191,217,205,0
2,1768494508976,9150,18171,15453,6331007,-510683,-2120924,0,0,0,242,447,157,361,365,366,296,264,271,193,216,201,0
2,1768494508992,6896,22316,7360,3309667,-406836,-2206445,0,0,0,239,446,156,353,367,356,291,272,256,192,221,193,0
2,1768494509008,2914,18746,8580,-373849,-632856,-1435533,0,0,0,235,443,154,339,364,350,287,277,250,186,223,183,0
2,1768494509024,2239,12414,8212,-2730567,-1120326,-416610,0,0,0,232,438,160,334,366,351,281,279,251,178,229,188,0
2,1768494509040,5489,7532,4182,-3209485,-1177748,152716,0,0,0,229,437,155,335,368,350,279,284,243,180,231,176,0
2,1768494509056,6542,6800,2445,-3274237,-232128,-35430,0,0,0,227,437,157,326,365,346,272,287,237,180,235,174,0
2,1768494509072,4426,7044,3876,-3737273,631634,-279776,0,0,0,228,438,158,295,398,330,271,290,236,177,237,169,0
2,1768494509088,2589,6661,5939,-4401894,797790,-273667,0,0,0,232,442,159,310,380,332,266,291,231,180,241,168,0
2,1768494509104,2531,5776,6949,-4889365,852767,-177150,0,0,0,228,437,159,324,363,343,264,294,229,183,248,169,0
2,1768494509120,3005,4560,7906,-5241223,1139874,-54977,0,0,0,224,432,160,321,366,347,263,299,231,182,252,167,0
2,1768494509136,2249,3948,9643,-5391496,1468520,87964,0,0,0,229,434,163,318,362,342,262,302,230,177,250,160,0
2,1768494509152,1636,3766,11677,-5596747,1628566,321315,0,0,0,230,435,162,318,360,338,264,305,229,173,251,153,0
2,1768494509168,1966,3871,13754,-5992587,1700648,602313,0,0,0,222,428,155,320,365,340,267,313,233,174,257,153,0
2,1768494509184,2474,3675,16037,-6456845,1839926,855211,0,0,0,221,427,154,320,364,339,269,313,233,172,257,153,0
2,1768494509200,2651,2794,18688,-6798930,2015855,1055575,0,0,0,221,426,155,323,363,344,271,312,234,178,259,153,0
2,1768494509216,2680,1646,21521,-6862460,2108706,1230282,0,0,0,222,427,156,324,361,345,271,309,233,178,249,153,0
2,1768494509232,2909,827,25264,-6874677,2185675,1458746,0,0,0,224,427,157,325,360,345,275,312,236,178,244,152,0
2,1768494509248,2914,14,29997,-6985854,2257757,1863138,0,0,0,224,428,158,327,360,347,280,312,241,179,242,155,0
2,1768494509264,2077,-4350,33673,-7202101,2284635,2535090,0,0,0,218,436,151,326,353,349,284,314,248,177,234,156,0
2,1768494509280,1067,-13548,35726,-7177666,2131919,3059213,0,0,0,222,438,153,330,358,351,298,312,253,184,237,153,0
2,1768494509296,3555,-27762,31935,-6429967,1323134,2750115,0,0,0,224,437,156,335,364,354,298,312,255,189,242,158,0
2,1768494509312,6838,-40622,22344,-4973664,885754,1569923,0,0,0,222,439,153,340,364,358,297,314,256,188,242,158,0
2,1768494509328,1201,-48121,12017,-2625498,1549154,-414166,0,0,0,221,439,152,339,362,358,296,315,252,189,245,158,0
2,1768494509344,-11399,-47518,12591,-714712,1403768,-1181413,0,0,0,224,430,155,339,360,360,306,377,248,222,325,150,0
2,1768494509360,-14544,-42373,15769,1187522,-97738,-955393,0,0,0,238,389,152,339,332,352,372,455,243,262,413,140,0
2,1768494509376,-3991,-18176,21751,3175277,-2107485,-177150,0,0,0,260,350,149,343,293,345,467,484,247,278,423,134,0
2,1768494509392,3216,8695,22737,4962669,-3863111,530231,0,0,0,273,369,161,357,296,364,506,506,261,299,425,137,0
2,1768494509408,-454,9796,21732,6102543,-3529579,821002,0,0,0,274,382,158,367,304,367,528,538,266,361,469,156,0
2,1768494509424,-4024,-1301,22268,5437922,-1441641,359188,0,0,0,270,382,161,386,304,374,548,585,265,497,554,166,0
2,1768494509440,-1273,-2660,17745,3828903,-183259,-174707,0,0,0,279,412,187,405,300,398,597,597,296,528,555,185,0
2,1768494509456,2081,871,11586,2497217,-130725,-136833,0,0,0,272,445,204,397,336,421,626,625,315,570,583,228,0
2,1768494509472,1555,311,10619,1623679,-487470,105068,0,0,0,296,486,227,413,368,444,641,641,329,579,598,292,0
2,1768494509488,497,-1158,11529,740368,-579100,142942,0,0,0,344,501,242,432,387,456,647,646,339,597,611,343,0
2,1768494509504,272,-363,10988,219911,-366519,40317,0,0,0,370,510,255,436,392,459,669,655,342,633,640,353,0
2,1768494509520,478,636,10189,67195,-193033,-6108,0,0,0,380,515,268,429,390,455,673,656,346,646,649,366,0
2,1768494509536,650,880,9973,103847,-112399,3665,0,0,0,385,516,261,435,396,453,667,654,338,649,650,370,0
2,1768494509552,579,646,10203,103847,-75747,3665,0,0,0,391,520,259,438,402,456,663,646,336,648,650,367,0
2,1768494509568,531,617,10227,111177,-28099,-14660,0,0,0,397,523,258,443,404,461,655,629,334,640,642,363,0
2,1768494509584,559,698,10136,174707,-1221,-32986,0,0,0,405,525,257,449,414,465,635,615,334,581,593,367,0
2,1768494509600,569,689,10088,257785,12217,-45204,0,0,0,414,530,261,453,427,467,617,607,340,508,533,382,0
2,1768494509616,564,593,10064,320093,17104,-52534,0,0,0,415,530,258,460,424,474,617,587,338,511,529,394,0
2,1768494509632,569,507,10035,339641,18325,-56199,0,0,0,422,534,256,462,427,476,605,570,341,454,473,411,0
2,1768494509648,583,454,10011,340862,20769,-58643,0,0,0,431,546,262,470,431,474,602,566,352,349,354,434,0
2,1768494509664,607,425,10002,324980,21991,-59864,0,0,0,443,547,259,472,434,470,592,556,360,321,301,453,0
2,1768494509680,631,387,9997,305432,9773,-59864,0,0,0,444,544,267,484,445,476,586,538,368,326,291,462,0
2,1768494509696,665,335,9997,298102,-9773,-63529,0,0,0,454,552,254,484,440,477,579,516,364,332,292,462,0
2,1768494509712,684,282,10007,299323,-40317,-72082,0,0,0,460,559,268,480,450,485,584,500,368,372,328,473,0
2,1768494509728,674,244,10050,311541,-69638,-83077,0,0,0,472,574,265,484,461,480,579,488,370,338,287,508,0
2,1768494509744,641,229,10107,338419,-95294,-89186,0,0,0,485,584,268,498,477,494,571,465,370,379,321,523,0
2,1768494509760,626,191,10184,371406,-108734,-87964,0,0,0,487,587,267,510,494,508,572,452,375,348,287,533,0
2,1768494509776,670,114,10289,428827,-119729,-91629,0,0,0,496,595,261,517,508,514,563,441,381,325,259,546,0
2,1768494509792,698,38,10385,525344,-141720,-113620,0,0,0,509,602,258,524,522,521,553,422,386,331,256,560,0
2,1768494509808,713,-33,10504,640186,-151494,-136833,0,0,0,519,604,250,533,534,528,548,405,396,325,246,576,0
2,1768494509824,741,-153,10835,834441,-158824,-161268,0,0,0,529,605,231,542,542,533,534,402,402,329,247,588,0
2,1768494509840,741,-201,11548,1114218,-134390,-182037,0,0,0,539,612,219,550,549,541,512,402,402,335,250,596,0
2,1768494509856,555,-143,12500,1453859,-35430,-210137,0,0,0,545,618,217,552,554,548,489,378,404,344,253,602,0
2,1768494509872,406,-157,13290,1864360,42760,-202807,0,0,0,550,624,213,557,566,546,459,367,390,381,271,604,0
2,1768494509888,483,-215,13979,2334726,30543,-161268,0,0,0,553,621,202,553,563,551,428,362,392,333,242,619,0
2,1768494509904,971,-272,15008,2937040,-37873,-134390,0,0,0,573,616,216,547,567,541,378,346,391,333,243,617,0
2,1768494509920,2000,-296,16659,3721391,-100181,-248011,0,0,0,578,628,212,541,568,543,332,334,387,325,243,632,0
2,1768494509936,2541,-177,18530,4585154,-146607,-464257,0,0,0,569,610,216,544,564,545,292,284,391,319,265,606,0
2,1768494509952,2598,4,21191,5682268,-201585,-703716,0,0,0,545,608,208,537,560,542,269,218,403,287,215,564,0
2,1768494509968,3388,-488,25383,6976081,-315206,-869872,0,0,0,507,593,193,529,548,535,251,182,393,262,185,520,0
2,1768494509984,4761,-1665,29863,8027990,-307876,-1007927,0,0,0,464,569,176,503,519,510,246,177,362,252,177,485,0
2,1768494510000,4455,-1086,33103,8776911,-182037,-1205847,0,0,0,403,532,159,459,476,460,261,191,325,244,173,444,0
2,1768494510016,3675,1488,34180,9160535,-271224,-1398881,0,0,0,302,478,154,400,415,402,286,220,297,205,161,329,0
2,1768494510032,5656,6819,31409,8968723,-594982,-1557706,0,0,0,244,445,160,364,371,375,305,241,286,167,149,226,0
2,1768494510048,9160,14998,21335,7976678,-662177,-1904677,0,0,0,259,445,162,368,368,378,310,247,286,164,149,219,0
2,1768494510064,9365,20210,10863,6148969,-504574,-2386039,0,0,0,254,441,162,360,368,371,303,259,273,160,153,209,0
2,1768494510080,4809,23153,7351,1982868,-460592,-2239431,0,0,0,251,440,161,340,365,355,295,267,255,154,156,199,0
2,1768494510096,847,20301,8116,-2750115,-866206,-1280373,0,0,0,248,434,160,336,365,352,291,274,250,147,157,188,0
2,1768494510112,1818,11682,8389,-5304753,-1563815,-70860,0,0,0,245,431,163,335,369,353,291,289,247,147,162,180,0
2,1768494510128,6623,5484,5206,-5313305,-1535715,500909,0,0,0,235,425,155,333,369,350,291,298,244,147,170,175,0
2,1768494510144,8872,4455,3350,-4990769,-665843,497244,0,0,0,233,425,155,330,370,347,286,306,237,142,174,168,0
2,1768494510160,7351,5556,4627,-5133711,386066,356745,0,0,0,239,425,168,329,369,353,281,311,244,142,178,172,0
2,1768494510176,4929,5245,7590,-5617516,840550,430049,0,0,0,236,423,161,326,371,342,281,319,237,143,184,164,0
2,1768494510192,4216,4000,9437,-5940053,944397,549778,0,0,0,231,423,161,323,367,341,282,321,235,140,184,158,0
2,1768494510208,4345,2770,10677,-6144082,1089783,577878,0,0,0,231,424,159,325,368,344,282,326,234,139,186,157,0
2,1768494510224,3957,2153,12385,-6356663,1400103,470366,0,0,0,230,424,155,327,369,341,283,331,234,141,187,154,0
2,1768494510240,3086,1541,14544,-6565579,1710422,354301,0,0,0,229,425,155,326,368,340,284,333,236,142,189,153,0
2,1768494510256,2124,866,16649,-6640105,1905899,290771,0,0,0,230,423,155,325,365,340,285,334,237,142,191,152,0
2,1768494510272,1512,330,18674,-6630331,2051285,254119,0,0,0,231,420,153,327,365,341,287,336,237,142,191,150,0
2,1768494510288,1526,354,21220,-6619335,2202780,282219,0,0,0,233,419,152,329,367,343,289,334,238,142,186,151,0
2,1768494510304,1651,593,25058,-6704856,2366491,465479,0,0,0,233,420,155,331,363,343,290,329,237,142,182,151,0
2,1768494510320,1651,-291,29753,-6873455,2383596,926071,0,0,0,236,422,157,333,362,343,292,326,239,140,177,148,0
2,1768494510336,2656,-5072,32878,-6928433,2208888,1536936,0,0,0,235,422,158,333,359,346,299,326,247,145,177,153,0
2,1768494510352,3776,-12878,33778,-6772052,2116037,1838704,0,0,0,235,423,157,336,366,349,308,325,255,144,176,152,0
2,1768494510368,3637,-23857,31069,-6245486,2004859,1624901,0,0,0,242,429,157,338,358,352,309,325,256,148,179,159,0
2,1768494510384,540,-35170,22483,-4850269,1816713,968832,0,0,0,238,431,157,339,359,353,309,322,260,149,178,161,0
2,1768494510400,-4766,-42402,14462,-2954144,1704314,309097,0,0,0,238,429,156,340,359,355,311,325,264,147,179,159,0
2,1768494510416,-10289,-44948,12146,-981049,1230282,-266337,0,0,0,242,426,160,339,362,358,312,330,263,146,180,156,0
2,1768494510432,-11830,-42335,13472,691499,280998,-708603,0,0,0,237,398,153,331,341,347,369,414,253,187,280,140,0
2,1768494510448,-9054,-27590,20191,2321287,-1196074,-846659,0,0,0,237,344,146,308,294,335,442,464,255,208,356,138,0
2,1768494510464,-3149,603,20770,4147774,-3721391,-200363,0,0,0,251,328,154,303,276,343,480,480,265,266,393,152,0
2,1768494510480,1239,11313,15281,5876523,-4696331,596204,0,0,0,265,338,163,322,275,363,510,510,283,299,423,160,0
2,1768494510496,-1684,1172,18626,6426302,-2404365,1053131,0,0,0,270,346,172,342,267,377,553,554,297,349,467,174,0
2,1768494510512,-4422,-5044,25149,5411044,-513126,598647,0,0,0,273,372,186,365,278,395,589,590,305,441,517,215,0
2,1768494510528,-799,-1919,22038,3411071,-482583,-105068,0,0,0,284,422,192,404,325,428,609,609,324,474,542,279,0
2,1768494510544,1732,-148,13807,1650557,-630412,80634,0,0,0,305,467,187,439,373,462,625,624,334,504,570,336,0
2,1768494510560,1057,-445,9753,459370,-447153,262672,0,0,0,347,498,199,451,401,467,644,642,350,531,586,360,0
2,1768494510576,-4,-397,10031,62308,-223576,124616,0,0,0,389,516,220,473,409,470,640,640,357,559,593,378,0
2,1768494510592,445,306,10442,83077,-210137,-13439,0,0,0,392,516,223,461,415,457,641,641,366,565,598,394,0
2,1768494510608,765,579,10251,73303,-199142,-23212,0,0,0,396,519,239,446,415,454,641,641,360,562,596,393,0
2,1768494510624,713,502,10035,32986,-139277,8552,0,0,0,406,526,250,440,418,455,644,644,358,563,596,393,0
2,1768494510640,598,492,10093,35430,-84299,-1221,0,0,0,409,534,243,367,403,445,626,626,360,566,594,393,0
2,1768494510656,583,559,10160,89186,-57421,-25656,0,0,0,413,535,238,414,420,451,626,623,352,560,583,394,0
2,1768494510672,583,574,10131,163711,-34208,-31764,0,0,0,421,533,242,457,432,463,624,622,355,537,558,408,0
2,1768494510688,579,516,10078,222354,-9773,-31764,0,0,0,427,537,242,459,435,465,620,611,361,508,525,419,0
2,1768494510704,612,454,10059,249233,7330,-30543,0,0,0,429,542,236,459,441,460,618,595,366,468,481,431,0
2,1768494510720,660,406,10045,254119,12217,-36651,0,0,0,434,550,236,462,447,465,610,579,369,396,401,452,0
2,1768494510736,698,392,10031,257785,2443,-46425,0,0,0,441,556,238,469,450,475,599,561,365,333,323,466,0
2,1768494510752,703,378,10031,263893,-15882,-54977,0,0,0,442,551,233,474,452,472,593,549,373,352,319,471,0
2,1768494510768,713,344,10045,271224,-35430,-63529,0,0,0,453,554,233,480,462,474,585,540,382,368,313,482,0
2,1768494510784,722,272,10064,277332,-56199,-73303,0,0,0,452,559,242,485,470,481,586,518,381,327,295,490,0
2,1768494510800,693,205,10040,277332,-75747,-80634,0,0,0,466,567,243,485,471,476,575,491,383,410,371,482,0
2,1768494510816,650,172,10026,283441,-89186,-83077,0,0,0,479,578,242,497,478,485,576,478,384,305,253,508,0
2,1768494510832,641,157,10074,302989,-89186,-79412,0,0,0,479,578,247,498,496,491,569,460,384,306,250,528,0
2,1768494510848,693,129,10165,342084,-89186,-79412,0,0,0,493,585,252,507,495,493,554,444,388,306,240,536,0
2,1768494510864,765,71,10303,415388,-107512,-95294,0,0,0,497,591,248,532,507,507,550,420,397,305,230,548,0
2,1768494510880,784,0,10423,513126,-138055,-119729,0,0,0,508,593,234,534,523,515,543,405,402,303,227,565,0
2,1768494510896,851,-95,10677,670730,-168598,-151494,0,0,0,520,601,224,541,540,525,538,398,407,306,228,581,0
2,1768494510912,938,-157,11270,921184,-160046,-191811,0,0,0,529,611,219,545,552,529,522,390,401,315,233,591,0
2,1768494510928,617,-71,12184,1205847,-102625,-221133,0,0,0,538,615,214,547,559,535,500,382,398,321,238,598,0
2,1768494510944,335,-71,13007,1583362,-48869,-185703,0,0,0,549,617,214,545,561,541,476,377,400,330,239,605,0
2,1768494510960,507,-196,13563,2026850,-40317,-130725,0,0,0,557,615,212,543,568,544,445,371,397,330,233,611,0
2,1768494510976,981,-272,14395,2593733,-73303,-116064,0,0,0,563,610,208,543,578,549,403,360,388,320,226,615,0
2,1768494510992,1660,-258,15874,3297450,-146607,-182037,0,0,0,569,610,212,535,567,546,356,344,386,315,227,618,0
2,1768494511008,2440,-186,17736,4139222,-232128,-373849,0,0,0,568,607,209,528,554,539,309,314,385,303,235,617,0
2,1768494511024,2780,-67,19827,5075068,-287106,-609643,0,0,0,556,602,213,535,564,537,294,268,387,295,231,607,0
2,1768494511040,3182,86,23043,6320011,-348193,-844215,0,0,0,534,595,212,533,550,530,265,187,388,273,179,541,0
2,1768494511056,4532,-693,26968,7509977,-441044,-1028697,0,0,0,498,579,196,511,529,521,243,160,371,268,176,491,0
2,1768494511072,5786,-1521,31337,8504465,-350636,-1252273,0,0,0,441,551,178,477,490,494,248,167,354,247,165,481,0
2,1768494511088,4240,210,34098,9088453,-228463,-1511280,0,0,0,365,500,157,427,442,428,274,191,310,226,156,417,0
2,1768494511104,4417,3718,34544,9183748,-368962,-1677435,0,0,0,260,440,153,366,369,366,305,250,282,163,146,233,0
2,1768494511120,7805,11514,27039,8368853,-469144,-1907121,0,0,0,243,434,160,362,368,369,316,274,287,155,147,201,0
2,1768494511136,8729,18123,16032,6897890,-404392,-2174680,0,0,0,249,438,165,365,374,374,310,280,282,155,149,205,0
2,1768494511152,5087,22737,7815,3673743,-426383,-1937664,0,0,0,250,438,164,361,373,365,303,287,268,153,152,198,0
2,1768494511168,536,20665,8834,-803898,-1114218,-533896,0,0,0,250,435,164,352,371,357,299,293,258,169,164,190,0
2,1768494511184,1072,13299,8714,-3846007,-2084272,867428,0,0,0,245,429,166,343,371,356,294,299,253,168,170,183,0
2,1768494511200,6412,5977,4742,-4355469,-2377487,1271821,0,0,0,235,425,163,339,372,354,289,307,248,142,163,177,0
2,1768494511216,8719,4848,2273,-4034154,-1306029,592539,0,0,0,233,424,160,334,371,349,283,313,242,139,164,171,0
2,1768494511232,7020,5786,3335,-4285830,-234572,-81855,0,0,0,233,423,159,331,374,348,277,322,237,137,172,167,0
2,1768494511248,4431,6211,6216,-5056742,161268,-436157,0,0,0,233,423,160,328,375,349,275,328,234,136,175,168,0
2,1768494511264,4115,5532,7877,-5695707,259006,-531452,0,0,0,237,424,160,327,374,341,275,331,230,135,173,160,0
2,1768494511280,5058,4393,8805,-6118426,601091,-500909,0,0,0,237,423,159,326,371,339,280,339,233,130,175,152,0
2,1768494511296,4594,3780,10404,-6302907,1133765,-346971,0,0,0,238,423,161,326,369,338,281,343,233,134,177,153,0
2,1768494511312,3809,3220,12495,-6466619,1533271,-57421,0,0,0,235,423,158,326,369,338,283,345,232,134,177,151,0
2,1768494511328,3613,2761,14702,-6635218,1756848,313984,0,0,0,228,418,155,325,368,342,286,347,236,135,179,151,0
2,1768494511344,3871,2488,17018,-6817256,1977981,572991,0,0,0,226,418,155,325,367,342,288,350,238,134,181,148,0
2,1768494511360,3833,2129,19569,-6962641,2211332,715934,0,0,0,227,419,158,326,367,342,289,351,238,134,183,147,0
2,1768494511376,3689,1684,23206,-7043276,2415361,813672,0,0,0,228,418,157,328,364,344,293,351,241,136,180,147,0
2,1768494511392,3608,1177,27484,-7120245,2570520,1007927,0,0,0,230,417,158,331,363,348,298,351,247,137,177,148,0
2,1768494511408,2967,-1072,32366,-7253413,2696359,1500285,0,0,0,230,418,159,332,365,351,302,351,253,135,175,149,0
2,1768494511424,1244,-7839,35127,-7224092,2689028,2046398,0,0,0,228,418,157,334,367,354,305,350,257,133,174,148,0
2,1768494511440,-799,-19617,35649,-6822142,2309070,2317622,0,0,0,231,420,157,339,368,357,306,350,260,134,175,148,0
2,1768494511456,1206,-31744,29083,-5674938,1478293,1683544,0,0,0,236,423,158,343,367,358,310,347,261,142,176,153,0
2,1768494511472,2215,-40306,20042,-3985284,1186300,412944,0,0,0,238,426,160,346,364,359,315,346,262,155,180,156,0
2,1768494511488,-4010,-44072,13907,-2012190,1424537,-1155757,0,0,0,236,421,161,340,356,359,320,358,263,143,187,156,0
2,1768494511504,-12816,-42952,14630,-368962,850324,-1644449,0,0,0,228,355,149,320,316,347,407,451,259,163,281,130,0
2,1768494511520,-15376,-36252,20617,1588249,-1005484,-1158200,0,0,0,237,322,147,301,279,338,456,467,261,197,363,145,0
2,1768494511536,-7025,-11433,20650,4497189,-4366464,-19547,0,0,0,247,330,159,302,285,362,481,484,273,335,444,159,0
2,1768494511552,-215,5092,17554,6467841,-4956560,783129,0,0,0,258,337,161,334,283,378,515,515,279,322,447,161,0
2,1768494511568,-2105,2842,21306,6571688,-2141693,957836,0,0,0,276,354,164,362,275,384,546,546,284,360,469,190,0
2,1768494511584,-4508,-3024,25896,5149593,-135612,296880,0,0,0,277,381,180,369,289,392,588,592,300,480,531,198,0
2,1768494511600,114,-1378,18956,3194825,-317649,-138055,0,0,0,277,418,188,393,313,410,619,622,345,542,567,231,0
2,1768494511616,2383,674,11122,1715309,-627969,131946,0,0,0,285,458,201,423,354,432,635,636,376,560,581,278,0
2,1768494511632,832,-220,10265,733038,-542448,280998,0,0,0,310,489,218,438,388,452,639,640,371,568,589,324,0
2,1768494511648,-177,-464,10978,145385,-370184,134390,0,0,0,344,507,234,442,402,463,641,641,359,574,594,356,0
2,1768494511664,201,373,10658,59864,-244346,-4886,0,0,0,366,517,245,450,408,465,643,644,354,579,597,366,0
2,1768494511680,583,880,10112,74525,-161268,-21991,0,0,0,377,519,246,457,419,458,639,640,346,582,599,370,0
2,1768494511696,555,808,10002,78190,-107512,6108,0,0,0,386,519,246,455,438,452,640,640,349,581,599,374,0
2,1768494511712,416,698,10145,76969,-61086,-4886,0,0,0,389,520,238,478,414,463,636,636,345,577,595,374,0
2,1768494511728,406,713,10174,107512,-20769,-21991,0,0,0,400,521,245,470,420,470,635,634,353,575,591,386,0
2,1768494511744,454,737,10102,164933,0,-24434,0,0,0,404,520,245,462,415,457,631,627,350,536,558,386,0
2,1768494511760,483,722,10069,218689,9773,-21991,0,0,0,410,531,248,457,445,458,616,613,352,485,508,413,0
2,1768494511776,507,665,10069,260228,12217,-23212,0,0,0,411,532,242,469,429,467,608,593,346,451,466,421,0
2,1768494511792,526,593,10035,272445,13439,-31764,0,0,0,414,539,239,468,432,463,606,587,355,365,371,434,0
2,1768494511808,536,545,10007,263893,8552,-37873,0,0,0,414,541,240,472,437,468,597,578,363,325,322,444,0
2,1768494511824,564,531,10007,245567,-6108,-43982,0,0,0,419,544,242,480,441,474,588,559,362,323,312,454,0
2,1768494511840,588,512,10021,243124,-28099,-50090,0,0,0,433,553,245,487,443,472,588,539,361,343,322,460,0
2,1768494511856,593,478,10031,259006,-51312,-56199,0,0,0,448,562,252,492,451,476,588,520,368,366,336,466,0
2,1768494511872,579,440,10069,293215,-69638,-65973,0,0,0,456,566,257,496,467,490,583,498,376,393,352,478,0
2,1768494511888,550,406,10117,332310,-83077,-75747,0,0,0,461,569,251,501,472,490,577,475,375,397,340,498,0
2,1768494511904,550,363,10150,365297,-90408,-76969,0,0,0,476,581,251,506,480,493,575,465,378,302,245,528,0
2,1768494511920,603,282,10222,410501,-101403,-86742,0,0,0,489,592,254,513,493,506,571,449,391,302,237,544,0
2,1768494511936,641,220,10351,491135,-127059,-107512,0,0,0,507,600,253,516,515,520,558,425,401,304,233,559,0
2,1768494511952,674,148,10500,619417,-153938,-136833,0,0,0,516,604,246,539,520,531,545,402,401,312,227,575,0
2,1768494511968,693,33,10768,795346,-167377,-164933,0,0,0,539,610,246,543,535,551,543,387,408,316,226,588,0
2,1768494511984,717,-38,11323,1033583,-117286,-194255,0,0,0,541,613,223,546,541,561,525,381,416,319,226,602,0
2,1768494512000,559,14,12313,1370781,3665,-229685,0,0,0,548,619,220,554,553,566,501,370,412,323,228,610,0
2,1768494512016,492,0,13156,1751961,46425,-228463,0,0,0,557,620,228,557,559,563,458,349,414,381,292,625,0
2,1768494512032,488,-33,13931,2250427,0,-191811,0,0,0,567,620,221,549,559,552,416,355,405,362,274,630,0
2,1768494512048,866,-57,14926,2863736,-80634,-161268,0,0,0,571,621,214,543,559,547,374,352,394,320,238,623,0
2,1768494512064,1392,-62,16204,3527135,-144164,-206472,0,0,0,572,622,218,536,561,542,325,321,396,325,263,622,0
2,1768494512080,1866,-9,18095,4421442,-206472,-348193,0,0,0,574,619,218,528,566,537,288,284,405,317,257,614,0
2,1768494512096,2694,-23,20430,5424483,-278554,-541226,0,0,0,560,610,213,531,571,541,269,231,407,280,191,577,0
2,1768494512112,3283,-172,23881,6510601,-393397,-768468,0,0,0,528,590,196,519,551,525,255,177,390,260,169,530,0
2,1768494512128,4556,-1474,28303,7566176,-461814,-938289,0,0,0,482,566,179,495,528,508,243,162,369,253,167,505,0
2,1768494512144,5632,-1971,31251,8348084,-291993,-1148426,0,0,0,431,536,162,462,489,467,253,172,338,248,162,477,0
2,1768494512160,4915,-100,33448,8841663,-65973,-1444085,0,0,0,337,491,152,412,428,412,279,194,299,242,160,384,0
2,1768494512176,5833,4867,33256,8789129,-241902,-1705535,0,0,0,225,442,149,357,370,355,309,255,275,150,143,192,0
2,1768494512192,8667,13591,25656,8024325,-436157,-2043955,0,0,0,232,447,160,368,382,375,311,268,286,152,148,208,0
2,1768494512208,8408,21158,12902,5913175,-403171,-2323731,0,0,0,240,445,161,362,381,370,303,271,279,154,149,206,0
2,1768494512224,5187,24723,7686,2190562,-368962,-1919338,0,0,0,247,440,162,356,377,361,302,279,264,152,150,195,0
2,1768494512240,1450,20559,9710,-2398256,-686612,-560774,0,0,0,245,435,164,348,373,356,300,286,257,147,151,186,0
2,1768494512256,3407,11342,8590,-4304156,-1273043,729373,0,0,0,244,430,166,341,371,354,295,290,253,141,155,179,0
2,1768494512272,6968,6657,4761,-4355469,-1131322,988379,0,0,0,240,426,163,336,374,352,291,298,249,138,158,173,0
2,1768494512288,7374,6432,3799,-4432438,-113620,452040,0,0,0,235,424,160,334,376,354,288,310,248,133,160,173,0
2,1768494512304,5360,6633,5838,-4999321,654847,-20769,0,0,0,233,424,163,331,373,355,284,318,245,130,161,176,0
2,1768494512320,3455,5728,8351,-5622403,911410,-259006,0,0,0,232,424,162,330,372,349,280,323,239,131,162,168,0
2,1768494512336,3378,4388,9294,-5798332,1009149,-280998,0,0,0,227,424,154,330,373,344,276,326,233,126,163,154,0
2,1768494512352,3196,3761,10476,-5861862,1335351,-227241,0,0,0,225,422,153,328,376,345,279,336,233,125,174,152,0
2,1768494512368,2220,3857,12505,-6061004,1650557,-30543,0,0,0,227,423,158,326,374,345,280,339,236,127,178,153,0
2,1768494512384,1502,3761,14711,-6359107,1836260,244346,0,0,0,232,423,158,326,369,344,279,340,237,128,177,151,0
2,1768494512400,1316,3254,17185,-6701191,1959655,561996,0,0,0,237,424,162,328,368,345,283,343,240,129,177,151,0
2,1768494512416,1306,2426,19664,-6877120,2095267,734260,0,0,0,236,423,160,330,370,345,288,349,241,133,181,152,0
2,1768494512432,1229,1679,22560,-6960198,2216219,855211,0,0,0,236,422,157,333,371,346,290,344,241,130,173,148,0
2,1768494512448,1177,1162,26566,-7027393,2302961,1047023,0,0,0,234,419,155,332,365,347,291,336,243,137,171,148,0
2,1768494512464,1095,-181,31088,-7175223,2267531,1517389,0,0,0,236,420,159,334,364,352,294,334,248,132,166,151,0
2,1768494512480,1363,-4503,34271,-7282735,2149023,2096489,0,0,0,238,421,159,335,363,352,299,332,253,131,162,151,0
2,1768494512496,1856,-14998,34716,-7004180,1930334,2386039,0,0,0,234,423,156,338,365,354,304,331,257,133,161,153,0
2,1768494512512,2450,-26915,31002,-6224716,1543045,2062281,0,0,0,232,424,156,342,369,359,309,331,262,136,162,158,0
2,1768494512528,1990,-38205,22057,-4707327,1238834,1105666,0,0,0,234,426,160,344,369,362,313,332,267,138,164,163,0
2,1768494512544,-4115,-43206,14749,-2687807,1329242,-87964,0,0,0,235,426,160,342,368,363,311,335,267,136,165,162,0
2,1768494512560,-10581,-44268,12696,-921184,937067,-860098,0,0,0,233,415,155,339,360,359,324,367,261,139,194,147,0
2,1768494512576,-11174,-40875,14046,725707,-177150,-1081231,0,0,0,230,381,145,329,331,348,378,445,256,159,274,128,0
2,1768494512592,-5068,-23570,21172,2807536,-1926668,-799011,0,0,0,234,335,141,307,294,327,431,457,250,196,339,130,0
2,1768494512608,837,-157,19372,4796513,-3870442,-204028,0,0,0,234,337,146,307,293,344,464,472,264,207,387,145,0
2,1768494512624,2445,7418,16065,6100100,-3753156,531452,0,0,0,262,351,156,339,293,367,488,490,274,245,406,157,0
2,1768494512640,-1832,0,20105,5827654,-1545489,935845,0,0,0,275,382,162,352,293,366,515,514,284,256,408,162,0
2,1768494512656,-4178,-3613,23886,4185648,-199142,416610,0,0,0,289,399,172,381,313,379,544,543,297,329,446,182,0
2,1768494512672,-114,-148,17090,2503325,-403171,-113620,0,0,0,285,431,197,397,325,407,580,581,322,383,479,237,0
2,1768494512688,1890,1617,10844,1483180,-496022,-54977,0,0,0,298,462,209,413,357,422,609,611,327,495,551,296,0
2,1768494512704,1095,229,10208,755029,-416610,125838,0,0,0,336,486,217,430,384,437,618,618,335,534,572,339,0
2,1768494512720,325,-263,11031,197920,-342084,103847,0,0,0,358,500,224,434,397,447,630,627,341,552,587,363,0
2,1768494512736,373,775,10744,-37873,-261450,-6108,0,0,0,364,506,227,435,402,449,636,634,347,564,595,364,0
2,1768494512752,646,1239,10083,20769,-166155,-10995,0,0,0,372,507,229,436,405,449,640,639,352,563,593,361,0
2,1768494512768,703,1143,10007,57421,-86742,3665,0,0,0,387,511,238,439,405,449,648,642,349,558,595,366,0
2,1768494512784,650,1052,10122,58643,-50090,0,0,0,0,392,517,247,442,405,449,648,638,346,558,599,373,0
2,1768494512800,617,1091,10122,79412,-24434,-14660,0,0,0,382,516,237,438,410,453,646,634,347,553,596,380,0
2,1768494512816,622,1134,10054,127059,4886,-24434,0,0,0,384,516,233,450,409,453,641,629,341,549,594,373,0
2,1768494512832,622,1086,10016,166155,30543,-24434,0,0,0,397,518,232,465,410,453,625,617,345,532,570,383,0
2,1768494512848,641,1057,9992,194255,43982,-24434,0,0,0,394,519,231,476,412,453,610,609,350,405,435,407,0
2,1768494512864,679,1024,9973,213802,45204,-25656,0,0,0,396,520,233,460,421,465,612,589,340,503,537,390,0
2,1768494512880,713,976,9944,216246,35430,-31764,0,0,0,387,520,227,456,423,472,601,596,353,338,371,425,0
2,1768494512896,741,957,9940,217468,21991,-41538,0,0,0,400,524,235,463,432,469,599,579,341,394,413,414,0
2,1768494512912,780,952,9954,227241,0,-52534,0,0,0,409,530,237,470,449,476,553,549,374,338,344,433,0
2,1768494512928,794,918,9973,244346,-26878,-62308,0,0,0,413,539,236,478,445,476,572,553,373,308,310,445,0
2,1768494512944,780,871,9978,263893,-56199,-70860,0,0,0,424,546,234,477,456,474,595,545,366,349,346,458,0
2,1768494512960,737,842,9992,287106,-74525,-73303,0,0,0,444,555,243,480,470,481,597,525,366,340,325,478,0
2,1768494512976,713,818,10040,317649,-83077,-74525,0,0,0,459,562,249,493,475,497,597,505,369,321,291,492,0
2,1768494512992,756,756,10126,366519,-83077,-78190,0,0,0,466,568,249,504,484,511,593,482,374,337,294,506,0
2,1768494513008,813,684,10189,423940,-79412,-94073,0,0,0,476,583,250,510,494,520,597,463,381,306,251,532,0
2,1768494513024,832,612,10299,502131,-78190,-123394,0,0,0,477,594,236,513,507,533,606,444,400,305,243,550,0
2,1768494513040,847,512,10466,625526,-95294,-149051,0,0,0,492,596,230,524,519,545,582,420,400,310,239,578,0
2,1768494513056,904,373,10629,774577,-106290,-178372,0,0,0,503,599,217,542,540,555,561,403,406,311,236,580,0
2,1768494513072,971,277,11093,999375,-102625,-212581,0,0,0,527,610,218,555,531,552,538,391,411,304,239,603,0
2,1768494513088,1067,205,12012,1387885,-63529,-251676,0,0,0,530,607,210,570,553,561,502,385,406,314,239,626,0
2,1768494513104,1129,134,12974,1813048,68416,-298102,0,0,0,540,611,209,575,556,564,485,382,410,313,230,628,0
2,1768494513120,454,402,14051,2219884,189368,-296880,0,0,0,554,616,204,573,562,561,449,372,403,361,291,639,0
2,1768494513136,272,478,14869,2636494,80634,-184481,0,0,0,568,612,203,568,565,567,421,366,398,405,315,613,0
2,1768494513152,1555,148,15477,3144734,-118507,-129503,0,0,0,571,607,208,550,556,555,374,346,391,374,294,622,0
2,1768494513168,2340,28,16554,3900985,-185703,-305432,0,0,0,575,609,215,535,555,547,324,317,399,310,238,626,0
2,1768494513184,2230,124,18377,4851491,-194255,-526565,0,0,0,570,606,217,531,562,561,291,264,407,275,194,600,0
2,1768494513200,2847,291,21028,5932723,-245567,-703716,0,0,0,540,591,202,531,557,566,268,192,397,257,176,548,0
2,1768494513216,3598,-268,24685,7001737,-346971,-863763,0,0,0,501,573,180,527,541,545,253,155,382,247,170,496,0
2,1768494513232,4613,-1608,28781,7932695,-265115,-987158,0,0,0,458,550,165,506,512,519,252,160,359,247,172,477,0
2,1768494513248,4039,-1067,31284,8461705,45204,-1149648,0,0,0,394,511,151,458,462,473,266,175,325,229,159,428,0
2,1768494513264,3393,1177,33031,8695055,73303,-1307251,0,0,0,304,464,155,395,400,396,293,209,297,198,142,338,0
2,1768494513280,5790,7867,29829,8308988,-251676,-1513724,0,0,0,240,435,163,362,371,374,312,253,284,150,139,215,0
2,1768494513296,7508,16214,19899,7165449,-507018,-1847256,0,0,0,248,435,173,366,373,383,318,265,298,147,139,218,0
2,1768494513312,6757,21282,10380,4834387,-740368,-2174680,0,0,0,249,435,166,357,368,366,302,266,270,149,143,202,0
2,1768494513328,3981,20823,8968,533896,-996932,-1944994,0,0,0,249,432,166,344,370,357,295,275,255,146,149,192,0
2,1768494513344,2493,15836,9428,-2871066,-1307251,-1298699,0,0,0,245,428,167,337,371,357,291,281,250,141,148,189,0
2,1768494513360,3651,9758,7293,-4254065,-1565036,-636521,0,0,0,240,426,167,338,369,356,289,287,245,137,150,184,0
2,1768494513376,6130,6738,4125,-4263839,-1262047,-339641,0,0,0,234,424,161,332,370,350,287,296,240,139,160,174,0
2,1768494513392,7092,5838,3302,-4310265,-557109,-240680,0,0,0,233,423,160,329,371,349,284,306,238,135,160,168,0
2,1768494513408,6044,5666,5130,-4693888,180816,-114842,0,0,0,232,423,163,327,372,346,282,315,235,131,162,167,0
2,1768494513424,5034,5063,7307,-5165476,609643,135612,0,0,0,229,422,161,325,373,341,279,321,230,130,165,163,0
2,1768494513440,5029,4187,8758,-5522221,829554,409279,0,0,0,230,422,159,326,370,339,279,321,229,130,166,156,0
2,1768494513456,4876,3575,10260,-5788559,1130100,585208,0,0,0,234,422,157,326,368,339,284,325,232,133,173,155,0
2,1768494513472,4292,3101,12127,-6052452,1398881,730594,0,0,0,232,421,157,327,368,339,284,329,232,129,166,153,0
2,1768494513488,3962,2598,14051,-6283359,1563815,849102,0,0,0,233,420,156,327,365,337,286,331,232,132,168,152,0
2,1768494513504,3924,2148,16046,-6470284,1739744,911410,0,0,0,233,418,154,327,365,340,287,334,235,130,169,151,0
2,1768494513520,3752,1713,18631,-6638883,1965764,911410,0,0,0,237,419,155,337,368,342,289,339,236,132,169,150,0
2,1768494513536,3326,1067,21832,-6778160,2140471,913854,0,0,0,243,423,161,336,366,344,290,337,236,133,167,149,0
2,1768494513552,3077,354,25604,-6893003,2244318,1027475,0,0,0,236,418,156,333,364,344,289,335,236,131,166,148,0
2,1768494513568,3082,-746,29743,-7004180,2274862,1422094,0,0,0,236,418,157,334,363,348,294,334,242,133,164,152,0
2,1768494513584,2928,-4948,32399,-7044497,2307848,2127032,0,0,0,239,418,158,336,361,350,298,331,247,134,163,153,0
2,1768494513600,2077,-12486,33534,-6856351,2291966,2610838,0,0,0,241,419,156,340,362,353,305,330,253,132,159,152,0
2,1768494513616,1765,-22694,31629,-6296798,1837482,2483778,0,0,0,239,420,156,342,365,357,309,330,261,133,159,154,0
2,1768494513632,3163,-33318,23555,-5001764,1231504,1319468,0,0,0,238,422,157,343,366,361,308,328,261,134,161,158,0
2,1768494513648,545,-39837,16113,-3319441,1264491,-248011,0,0,0,239,424,159,343,369,362,308,328,260,134,164,159,0
2,1768494513664,-7202,-42474,13735,-1541823,1186300,-1505171,0,0,0,232,417,155,342,364,359,314,369,258,173,242,154,0
2,1768494513680,-12447,-41129,14405,323758,256563,-1990198,0,0,0,224,389,144,334,336,350,346,445,246,235,379,138,0
2,1768494513696,-9605,-25690,20746,2398256,-1853365,-1335351,0,0,0,242,343,145,311,296,334,425,461,252,197,345,137,0
2,1768494513712,-2445,-2459,20033,4493524,-4273613,-346971,0,0,0,244,332,150,306,295,344,441,478,252,237,405,146,0
2,1768494513728,3072,8743,14027,5985257,-4521624,649960,0,0,0,264,343,160,322,280,357,455,515,257,358,468,153,0
2,1768494513744,-784,1186,17736,5744576,-1726305,1121548,0,0,0,275,358,160,354,287,375,500,502,278,285,420,167,0
2,1768494513760,-4383,-3254,23192,4521624,-2443,726929,0,0,0,278,384,161,377,303,384,540,540,284,348,451,184,0
2,1768494513776,-1627,-1210,20679,3005456,-219911,-24434,0,0,0,283,416,188,393,326,417,561,560,329,305,428,239,0
2,1768494513792,1727,914,13060,1737300,-513126,-45204,0,0,0,286,446,202,418,349,431,599,600,357,441,515,268,0
2,1768494513808,1698,507,9949,858876,-404392,162490,0,0,0,295,473,210,430,373,437,616,616,349,516,564,307,0
2,1768494513824,550,-19,10447,277332,-280998,152716,0,0,0,322,491,222,436,391,448,620,620,355,543,578,338,0
2,1768494513840,349,435,10648,41538,-251676,34208,0,0,0,349,501,230,440,398,453,630,630,365,552,587,351,0
2,1768494513856,732,1072,10174,30543,-223576,-30543,0,0,0,361,507,234,440,401,453,641,641,352,547,591,359,0
2,1768494513872,794,1019,10016,40317,-146607,-2443,0,0,0,366,511,240,441,404,454,644,643,342,547,593,362,0
2,1768494513888,727,942,10083,35430,-100181,0,0,0,0,370,516,241,441,405,451,648,647,343,549,594,357,0
2,1768494513904,665,961,10141,40317,-69638,-10995,0,0,0,368,513,240,447,409,448,647,645,345,551,592,357,0
2,1768494513920,665,1000,10102,64751,-30543,-20769,0,0,0,376,515,239,461,406,452,634,633,337,558,588,357,0
2,1768494513936,674,990,10050,87964,0,-23212,0,0,0,368,511,231,455,411,455,623,622,329,549,585,358,0
2,1768494513952,698,961,10011,105068,10995,-24434,0,0,0,371,511,232,465,405,450,618,619,336,525,570,364,0
2,1768494513968,717,957,9983,116064,9773,-25656,0,0,0,376,509,235,451,404,450,603,603,345,388,441,393,0
2,1768494513984,732,957,9964,129503,1221,-26878,0,0,0,376,518,243,446,404,455,594,593,347,343,394,404,0
2,1768494514000,746,933,9954,142942,-4886,-28099,0,0,0,377,520,247,454,410,458,600,598,337,419,462,386,0
2,1768494514016,770,914,9949,158824,-19547,-31764,0,0,0,382,518,245,458,413,460,603,593,338,446,482,382,0
2,1768494514032,789,899,9954,179594,-40317,-37873,0,0,0,391,527,246,461,416,472,596,590,353,384,409,403,0
2,1768494514048,780,851,9959,191811,-59864,-43982,0,0,0,395,534,244,466,424,473,593,585,358,363,386,413,0
2,1768494514064,765,823,9959,204028,-79412,-48869,0,0,0,407,541,246,478,435,476,593,573,356,343,352,428,0
2,1768494514080,751,818,9987,229685,-87964,-51312,0,0,0,428,548,252,486,442,482,594,557,362,308,296,452,0
2,1768494514096,751,813,10050,274889,-86742,-52534,0,0,0,444,557,256,489,451,485,600,538,371,309,285,470,0
2,1768494514112,789,765,10126,328645,-76969,-57421,0,0,0,455,572,260,498,466,497,605,513,376,315,282,494,0
2,1768494514128,856,703,10208,384845,-80634,-70860,0,0,0,471,583,264,508,476,510,604,490,384,310,262,518,0
2,1768494514144,885,646,10342,461814,-97738,-98960,0,0,0,497,597,274,523,491,529,595,458,384,302,241,547,0
2,1768494514160,890,583,10586,582765,-117286,-131946,0,0,0,514,604,264,532,516,537,571,426,385,302,228,561,0
2,1768494514176,942,488,10868,742812,-152716,-162490,0,0,0,532,613,255,545,533,537,552,408,401,314,228,580,0
2,1768494514192,947,373,11481,1027475,-196698,-191811,0,0,0,531,608,225,550,544,544,533,392,409,317,228,593,0
2,1768494514208,741,402,12672,1533271,-139277,-204028,0,0,0,539,615,221,551,555,546,500,387,403,323,230,598,0
2,1768494514224,507,473,13701,2087937,7330,-188146,0,0,0,544,619,214,548,552,547,472,382,398,327,235,604,0
2,1768494514240,732,402,14304,2572964,47647,-140499,0,0,0,559,621,215,550,556,540,427,372,402,335,241,615,0
2,1768494514256,1392,301,15151,3089756,-24434,-136833,0,0,0,564,617,213,545,564,544,381,365,387,328,242,620,0
2,1768494514272,1919,268,16448,3748269,-144164,-237015,0,0,0,570,613,210,542,564,545,334,339,379,330,272,629,0
2,1768494514288,2311,339,18114,4574158,-207694,-409279,0,0,0,572,606,209,535,562,540,293,295,387,314,255,617,0
2,1768494514304,2919,354,20406,5560095,-262672,-624304,0,0,0,558,596,209,528,564,537,267,241,392,274,186,571,0
2,1768494514320,3134,-19,24187,6685309,-375071,-817337,0,0,0,523,586,199,525,554,531,255,185,385,253,168,522,0
2,1768494514336,3991,-1186,28399,7772649,-406836,-937067,0,0,0,475,568,180,509,524,512,250,166,370,249,169,493,0
2,1768494514352,4503,-1517,30930,8460483,-178372,-1065348,0,0,0,418,536,161,474,489,475,261,174,340,243,167,459,0
2,1768494514368,3713,737,32816,8765916,-83077,-1257160,0,0,0,325,480,154,409,414,405,287,206,297,207,147,365,0
2,1768494514384,5101,5197,31983,8615643,-311541,-1418429,0,0,0,238,432,156,359,363,365,312,258,277,148,137,201,0
2,1768494514400,8102,13845,23661,7737219,-569326,-1698205,0,0,0,248,439,169,365,370,376,317,272,291,150,142,212,0
2,1768494514416,8418,20267,11744,5573534,-530231,-2127032,0,0,0,248,436,168,363,374,372,303,270,277,150,145,210,0
2,1768494514432,5781,22660,7714,2190562,-439822,-2197893,0,0,0,243,431,166,353,374,363,297,281,260,147,150,198,0
2,1768494514448,1914,18195,9317,-2091602,-825889,-1497841,0,0,0,245,429,169,343,370,363,292,287,259,143,150,196,0
2,1768494514464,2565,11418,8097,-4141666,-1392772,-702495,0,0,0,242,427,169,337,368,358,288,290,252,138,151,189,0
2,1768494514480,7102,6604,3397,-4206418,-1226617,-332310,0,0,0,236,425,165,331,367,354,284,298,245,133,154,185,0
2,1768494514496,7475,6527,2718,-4146553,0,-493579,0,0,0,235,426,164,328,367,350,284,311,242,131,157,176,0
2,1768494514512,4785,6872,5049,-4544837,885754,-499687,0,0,0,237,427,165,328,370,348,284,319,240,130,159,168,0
2,1768494514528,3024,6336,7231,-5020090,999375,-223576,0,0,0,236,426,164,329,373,347,284,323,238,130,161,167,0
2,1768494514544,3441,5216,8198,-5342627,1021366,131946,0,0,0,230,425,163,329,373,345,288,328,238,132,164,164,0
2,1768494514560,3843,4412,9370,-5610186,1285260,383623,0,0,0,229,422,165,329,372,347,289,329,237,129,164,157,0
2,1768494514576,3302,4048,11318,-5885075,1600466,509461,0,0,0,232,421,153,329,367,338,289,330,232,131,165,154,0
2,1768494514592,2732,3436,13529,-6151412,1800830,630412,0,0,0,234,423,157,329,366,340,292,333,235,132,168,154,0
2,1768494514608,2479,2608,15860,-6348111,1913229,726929,0,0,0,233,420,156,329,365,343,293,336,237,133,167,154,0
2,1768494514624,2507,1928,18401,-6495940,2036624,753807,0,0,0,236,423,155,335,369,343,296,339,240,133,166,151,0
2,1768494514640,2579,1392,21349,-6666983,2196671,781907,0,0,0,233,416,151,332,363,342,293,334,235,131,164,151,0
2,1768494514656,2464,1028,24929,-6831916,2344500,934623,0,0,0,239,417,153,333,359,343,295,334,239,133,159,152,0
2,1768494514672,2182,38,29614,-6976081,2388483,1480737,0,0,0,237,418,154,334,353,344,300,331,245,132,156,153,0
2,1768494514688,2043,-3622,33227,-7072597,2376265,2272418,0,0,0,238,419,157,338,352,348,306,328,248,134,155,155,0
2,1768494514704,1655,-12562,34783,-6923546,2261423,2775771,0,0,0,240,421,159,343,358,357,311,327,255,135,155,155,0
2,1768494514720,2359,-23996,32778,-6389650,1703092,2620611,0,0,0,240,424,163,344,361,363,313,326,264,138,156,163,0
2,1768494514736,4857,-36702,24058,-5116607,1001818,1513724,0,0,0,242,427,166,344,361,363,316,327,266,138,156,167,0
2,1768494514752,631,-44264,14084,-2971248,1331686,-364075,0,0,0,244,430,165,325,380,350,315,328,262,137,155,164,0
2,1768494514768,-8174,-46250,11682,-1138652,1446528,-1506393,0,0,0,239,413,159,311,377,339,336,372,258,143,196,150,0
2,1768494514784,-13160,-42196,16022,648738,261450,-1560149,0,0,0,237,366,151,319,316,338,396,449,253,166,289,131,0
2,1768494514800,-10892,-23833,22842,2982244,-2364048,-746477,0,0,0,247,335,150,305,289,336,440,466,255,201,355,141,0
2,1768494514816,-607,3263,17937,5458691,-4497189,448375,0,0,0,254,344,158,313,287,355,467,488,265,228,402,155,0
2,1768494514832,1368,6633,15975,6412863,-3293785,1097113,0,0,0,270,353,163,343,285,374,504,504,276,281,422,169,0
2,1768494514848,-3771,-1775,22014,5676159,-779464,938289,0,0,0,265,371,157,361,289,377,540,545,275,396,484,176,0
2,1768494514864,-3977,-3862,23895,3905872,-133168,19547,0,0,0,273,407,181,402,317,397,546,546,311,281,419,217,0
2,1768494514880,1344,4,15683,2156354,-467922,-233350,0,0,0,275,437,200,406,334,429,543,564,348,327,441,302,0
2,1768494514896,2526,1167,10169,1110553,-452040,89186,0,0,0,293,472,217,420,365,440,592,596,353,356,446,334,0
2,1768494514912,851,90,10011,434936,-334754,217468,0,0,0,335,499,226,433,387,451,619,619,346,498,545,337,0
2,1768494514928,153,14,10658,97738,-312763,91629,0,0,0,356,511,237,439,397,453,630,630,343,531,574,339,0
2,1768494514944,526,684,10423,26878,-287106,-10995,0,0,0,365,516,243,445,401,458,639,638,346,539,579,346,0
2,1768494514960,775,976,10102,23212,-211359,-10995,0,0,0,371,520,245,446,404,465,642,640,348,551,587,352,0
2,1768494514976,741,918,10069,25656,-124616,10995,0,0,0,377,524,252,444,404,468,643,641,348,551,588,353,0
2,1768494514992,641,894,10141,29321,-80634,-1221,0,0,0,387,527,257,446,405,467,640,639,347,551,585,348,0
2,1768494515008,617,928,10126,46425,-48869,-18325,0,0,0,394,527,254,450,410,465,631,631,344,554,584,344,0
2,1768494515024,646,966,10059,87964,-15882,-24434,0,0,0,394,527,257,449,410,468,627,623,345,531,565,353,0
2,1768494515040,665,952,10016,139277,-1221,-23212,0,0,0,407,531,281,450,411,465,610,609,340,445,485,370,0
2,1768494515056,679,918,10007,182037,0,-23212,0,0,0,410,531,254,455,411,455,605,605,335,431,462,379,0
2,1768494515072,708,871,9987,207694,-4886,-25656,0,0,0,412,534,257,461,424,462,605,592,340,527,558,351,0
2,1768494515088,737,823,9964,210137,-8552,-32986,0,0,0,415,542,257,459,424,461,601,584,339,427,452,383,0
2,1768494515104,746,794,9954,201585,-14660,-39095,0,0,0,412,546,270,462,435,470,587,582,349,344,366,407,0
2,1768494515120,756,775,9973,205250,-31764,-47647,0,0,0,421,550,260,463,437,467,585,568,349,317,332,418,0
2,1768494515136,760,760,9992,218689,-52534,-56199,0,0,0,435,558,266,474,443,469,594,554,362,315,314,431,0
2,1768494515152,741,722,10002,239459,-73303,-62308,0,0,0,451,570,269,482,450,472,597,532,365,311,298,447,0
2,1768494515168,737,679,10021,267558,-85521,-67195,0,0,0,465,584,279,485,462,479,593,519,376,309,292,461,0
2,1768494515184,756,655,10088,305432,-94073,-72082,0,0,0,476,593,285,491,470,486,587,496,381,312,284,482,0
2,1768494515200,799,626,10189,373849,-107512,-86742,0,0,0,486,601,287,500,480,496,579,464,379,304,261,508,0
2,1768494515216,842,559,10308,453262,-129503,-109955,0,0,0,497,609,292,511,497,510,572,441,384,327,251,531,0
2,1768494515232,880,502,10509,565661,-172263,-144164,0,0,0,510,614,283,523,512,519,563,421,394,362,259,553,0
2,1768494515248,938,430,10820,735481,-224798,-185703,0,0,0,521,619,257,534,525,530,536,397,398,311,241,579,0
2,1768494515264,985,301,11284,988379,-283441,-227241,0,0,0,539,626,253,543,537,536,513,385,392,305,237,588,0
2,1768494515280,631,268,12041,1358564,-285884,-246789,0,0,0,545,627,234,553,560,550,496,396,400,312,237,595,0
2,1768494515296,220,291,12840,1749518,-177150,-212581,0,0,0,552,630,229,550,558,557,474,374,396,317,241,610,0
2,1768494515312,291,248,13443,2127032,-57421,-142942,0,0,0,551,628,213,550,550,553,430,363,404,310,227,619,0
2,1768494515328,904,124,14266,2642603,-84299,-108734,0,0,0,565,635,225,544,550,547,389,354,392,314,229,620,0
2,1768494515344,1694,43,15376,3229033,-186924,-161268,0,0,0,573,624,217,537,562,547,349,349,385,312,237,616,0
2,1768494515360,2330,33,16812,3958406,-299323,-338419,0,0,0,567,622,217,532,551,536,307,317,386,314,261,619,0
2,1768494515376,2273,124,19018,4842939,-354301,-538783,0,0,0,561,617,214,524,554,524,278,260,384,289,217,593,0
2,1768494515392,3072,181,21732,5837428,-444709,-719599,0,0,0,539,604,208,517,549,525,257,198,379,261,179,542,0
2,1768494515408,4905,-780,25695,6961420,-663399,-961501,0,0,0,497,591,192,510,527,517,239,163,371,249,170,508,0
2,1768494515424,6408,-1694,29370,7880161,-689055,-1259604,0,0,0,444,559,174,481,496,483,245,167,349,246,169,482,0
2,1768494515440,5489,-545,31930,8495913,-475253,-1600466,0,0,0,368,509,161,432,448,432,269,191,315,227,159,419,0
2,1768494515456,5254,2479,33261,8653516,-603534,-1837482,0,0,0,282,462,157,386,396,390,292,236,287,185,147,304,0
2,1768494515472,8169,8016,28815,8195368,-872315,-2052507,0,0,0,239,433,169,360,373,376,309,279,283,149,147,217,0
2,1768494515488,10145,17114,15257,6581462,-874759,-2405587,0,0,0,244,436,176,358,372,381,303,281,285,150,148,224,0
2,1768494515504,8633,22349,7441,3854559,-674395,-2394591,0,0,0,247,438,166,354,371,359,298,283,261,153,152,206,0
2,1768494515520,4206,21923,7810,-270002,-554665,-1543045,0,0,0,244,434,166,341,370,355,289,284,256,145,154,198,0
2,1768494515536,3297,15046,7867,-3139847,-921184,-200363,0,0,0,244,430,169,339,370,358,289,292,247,141,154,189,0
2,1768494515552,6116,8633,4623,-4134335,-979827,630412,0,0,0,238,428,161,335,371,351,286,297,240,139,155,180,0
2,1768494515568,7820,6551,2723,-4012162,-142942,569326,0,0,0,235,427,162,333,373,348,285,308,238,135,160,174,0
2,1768494515584,6470,6527,3776,-4151440,701273,342084,0,0,0,234,424,160,332,373,348,281,318,236,132,161,168,0
2,1768494515600,4067,6661,6451,-4667010,1087340,249233,0,0,0,234,423,156,332,372,342,280,327,233,131,163,163,0
2,1768494515616,3709,5599,8255,-5169141,1153313,338419,0,0,0,231,423,156,332,375,340,282,335,233,132,167,159,0
2,1768494515632,3670,4690,9672,-5481904,1372003,410501,0,0,0,227,422,155,330,374,340,282,335,233,132,169,157,0
2,1768494515648,2866,4273,11514,-5761680,1685988,503352,0,0,0,228,422,154,328,370,338,282,334,232,131,169,155,0
2,1768494515664,1995,3838,13534,-6054896,1837482,685390,0,0,0,233,423,157,330,369,339,284,337,233,132,170,155,0
2,1768494515680,1651,3211,15434,-6255260,1920560,877202,0,0,0,234,423,161,329,367,342,281,338,234,132,171,156,0
2,1768494515696,1536,2675,17726,-6361550,2006081,1028697,0,0,0,236,423,157,330,368,341,284,341,237,132,174,152,0
2,1768494515712,1569,2287,20191,-6475171,2078163,1110553,0,0,0,234,422,158,333,370,345,286,341,237,131,169,152,0
2,1768494515728,1957,1842,23483,-6657209,2149023,1169196,0,0,0,237,426,158,334,369,342,284,337,236,128,164,146,0
2,1768494515744,2412,1201,27609,-6822142,2217440,1328021,0,0,0,237,422,157,333,366,345,291,333,240,128,158,149,0
2,1768494515760,2234,-765,31643,-6962641,2262644,1674992,0,0,0,237,422,155,331,366,345,292,333,246,128,159,151,0
2,1768494515776,1182,-6757,34974,-7059158,2254092,2153910,0,0,0,237,424,155,338,367,350,298,329,248,132,157,151,0
2,1768494515792,301,-18707,34749,-6820921,1877799,2222327,0,0,0,237,427,158,342,366,355,302,322,253,136,155,159,0
2,1768494515808,2397,-31782,28978,-5987701,1218065,1596801,0,0,0,237,429,156,345,367,358,309,327,261,139,158,163,0
2,1768494515824,2373,-42096,18248,-4013384,1205847,-72082,0,0,0,236,429,159,347,369,361,311,328,265,140,160,165,0
2,1768494515840,-5465,-45455,12916,-1937664,1536936,-1555262,0,0,0,238,429,161,348,368,360,309,330,260,138,161,160,0
2,1768494515856,-15372,-43929,13673,-117286,992045,-2018298,0,0,0,236,415,155,339,360,353,349,392,253,146,221,144,0
2,1768494515872,-13428,-34649,18602,1594358,-816115,-1229060,0,0,0,237,376,148,322,326,341,411,453,252,170,301,132,0
2,1768494515888,-5178,-11452,21899,3533244,-3231477,-202807,0,0,0,242,343,148,314,289,338,446,476,253,232,370,136,0
2,1768494515904,2833,10294,16061,5240002,-4959004,680503,0,0,0,250,346,153,327,286,354,465,498,257,305,431,149,0
2,1768494515920,-406,4340,15147,5910732,-2946813,1058018,0,0,0,268,358,160,356,288,373,507,508,276,304,428,165,0
2,1768494515936,-4938,-3168,21789,5214345,-814894,697608,0,0,0,269,381,164,375,300,380,550,551,282,368,466,178,0
2,1768494515952,-1636,-2244,21531,3308446,-464257,-80634,0,0,0,278,413,182,395,314,397,573,572,311,385,478,216,0
2,1768494515968,2048,411,15041,1690874,-546113,-157603,0,0,0,277,445,199,404,334,422,586,587,331,419,486,280,0
2,1768494515984,2029,976,9595,662177,-408057,168598,0,0,0,299,479,209,424,359,434,600,615,331,514,568,308,0
2,1768494516000,435,229,9786,244346,-251676,177150,0,0,0,334,495,227,437,383,452,617,619,335,539,576,336,0
2,1768494516016,311,387,10533,79412,-233350,35430,0,0,0,352,506,234,443,397,458,625,625,338,546,579,342,0
2,1768494516032,775,880,10351,29321,-226020,-18325,0,0,0,366,512,240,447,405,459,626,626,347,459,497,364,0
2,1768494516048,871,1024,10083,20769,-166155,-4886,0,0,0,377,514,254,454,408,462,624,624,350,455,488,369,0
2,1768494516064,784,985,10035,40317,-89186,6108,0,0,0,381,515,247,460,413,463,628,628,346,518,547,359,0
2,1768494516080,751,985,10093,86742,-47647,-8552,0,0,0,383,519,238,462,417,465,627,627,349,456,485,376,0
2,1768494516096,756,1019,10102,145385,-14660,-23212,0,0,0,386,522,240,461,420,471,618,618,356,377,406,409,0
2,1768494516112,780,1000,10074,200363,23212,-21991,0,0,0,386,520,243,465,422,477,613,611,357,427,453,414,0
2,1768494516128,818,961,10035,243124,50090,-23212,0,0,0,389,523,245,470,423,480,617,610,362,427,446,404,0
2,1768494516144,856,894,9987,267558,61086,-30543,0,0,0,389,527,242,472,425,479,615,604,368,322,330,425,0
2,1768494516160,875,842,9959,260228,54977,-36651,0,0,0,391,530,242,468,422,483,606,585,373,302,305,437,0
2,1768494516176,909,808,9954,248011,42760,-46425,0,0,0,396,530,245,472,428,493,606,573,379,293,287,443,0
2,1768494516192,952,784,9973,248011,19547,-56199,0,0,0,398,531,236,481,436,488,611,560,392,293,277,446,0
2,1768494516208,976,756,9992,256563,-4886,-67195,0,0,0,404,533,244,486,438,493,603,536,377,332,308,455,0
2,1768494516224,938,713,9992,270002,-30543,-75747,0,0,0,419,535,248,488,443,491,609,529,386,308,275,469,0
2,1768494516240,894,689,9987,276111,-45204,-74525,0,0,0,430,543,255,494,451,498,606,513,386,346,304,478,0
2,1768494516256,918,655,10016,285884,-56199,-69638,0,0,0,442,549,259,503,461,507,605,497,391,307,257,496,0
2,1768494516272,966,598,10069,304210,-69638,-73303,0,0,0,450,558,252,510,472,514,612,475,396,291,234,509,0
2,1768494516288,971,536,10169,335975,-80634,-85521,0,0,0,460,574,266,510,492,520,616,460,402,292,232,525,0
2,1768494516304,981,497,10256,378736,-91629,-101403,0,0,0,473,584,264,515,503,528,609,442,406,293,228,543,0
2,1768494516320,1038,454,10366,470366,-120951,-120951,0,0,0,489,587,251,524,509,534,600,423,413,294,220,563,0
2,1768494516336,1105,382,10547,607200,-156381,-147829,0,0,0,501,592,253,535,522,548,586,406,420,297,218,583,0
2,1768494516352,1162,287,10902,817337,-195476,-184481,0,0,0,509,600,247,549,532,568,560,391,424,304,225,599,0
2,1768494516368,1148,224,11538,1104444,-186924,-223576,0,0,0,526,609,230,548,538,566,536,391,433,305,228,609,0
2,1768494516384,947,229,12452,1448972,-101403,-259006,0,0,0,544,619,221,561,553,568,508,382,415,309,224,613,0
2,1768494516400,665,239,13266,1830152,-19547,-243124,0,0,0,553,616,212,566,553,569,476,371,413,325,241,626,0
2,1768494516416,780,181,13998,2337170,-29321,-177150,0,0,0,573,624,225,559,576,558,431,356,418,405,339,639,0
2,1768494516432,1426,81,14883,2919935,-89186,-161268,0,0,0,579,609,225,559,561,561,405,355,409,325,223,620,0
2,1768494516448,1943,47,16018,3596774,-144164,-278554,0,0,0,569,609,212,542,561,546,333,329,401,319,239,625,0
2,1768494516464,1895,119,17444,4334699,-162490,-416610,0,0,0,567,607,216,545,563,548,294,294,401,292,216,608,0
2,1768494516480,2517,71,19693,5279097,-163711,-548556,0,0,0,558,604,214,542,570,557,273,234,407,270,191,564,0
2,1768494516496,3618,-306,23273,6418971,-228463,-737925,0,0,0,522,587,203,526,549,538,266,180,396,266,176,513,0
2,1768494516512,4383,-1210,27341,7414682,-276111,-911410,0,0,0,481,567,185,507,526,520,258,165,375,249,166,484,0
2,1768494516528,4225,-1416,30198,8157494,-54977,-1053131,0,0,0,429,534,166,469,485,477,266,183,343,237,160,454,0
2,1768494516544,3417,-196,32821,8615643,193033,-1198517,0,0,0,329,480,157,410,424,416,297,228,311,206,156,348,0
2,1768494516560,4173,3412,33586,8563108,208915,-1346346,0,0,0,243,437,160,368,375,380,319,270,292,163,149,231,0
2,1768494516576,5862,12663,24761,7607715,46425,-1628566,0,0,0,248,433,162,366,364,373,320,279,284,154,144,212,0
2,1768494516592,5709,21129,12572,5580864,-268780,-2075720,0,0,0,252,432,162,359,363,366,319,281,275,152,144,205,0
2,1768494516608,3110,22258,9748,1948660,-774577,-2118480,0,0,0,249,432,167,338,360,357,299,290,265,142,149,201,0
2,1768494516624,1354,18138,9815,-1722639,-1389107,-1648114,0,0,0,251,428,171,333,360,355,296,295,250,141,150,191,0
2,1768494516640,3015,11069,7298,-3583335,-1854586,-984714,0,0,0,249,428,170,331,362,352,291,301,244,136,151,180,0
2,1768494516656,6101,7561,3388,-3536909,-1492954,-723264,0,0,0,237,422,161,329,364,349,286,304,241,137,155,178,0
2,1768494516672,6877,6834,2498,-3563787,-695164,-624304,0,0,0,235,422,161,329,364,349,282,311,241,132,152,178,0
2,1768494516688,5403,6934,4517,-4029267,58643,-403171,0,0,0,242,422,161,328,366,343,283,315,233,135,159,174,0
2,1768494516704,4761,5929,6532,-4623028,282219,34208,0,0,0,234,422,162,330,369,346,282,318,232,136,161,174,0
2,1768494516720,5202,4714,7800,-5090950,480140,430049,0,0,0,229,421,157,326,365,344,281,319,230,135,162,167,0
2,1768494516736,5384,4101,9140,-5523443,811229,656069,0,0,0,229,421,159,325,365,341,282,323,230,133,163,163,0
2,1768494516752,5163,3632,10897,-6006027,1123992,818559,0,0,0,231,420,160,326,373,338,285,331,231,132,166,160,0
2,1768494516768,4953,2890,12744,-6398202,1348790,927293,0,0,0,231,417,166,326,369,349,286,333,240,130,163,170,0
2,1768494516784,4766,1890,14931,-6619335,1556484,974940,0,0,0,234,417,164,328,363,349,286,333,239,132,164,168,0
2,1768494516800,4522,1330,17214,-6750060,1723861,959058,0,0,0,236,418,156,332,362,339,288,335,233,135,167,155,0
2,1768494516816,4240,942,20497,-6933320,1882686,919963,0,0,0,235,418,156,333,361,338,290,335,234,136,166,153,0
2,1768494516832,4197,387,24355,-7106806,2008524,967610,0,0,0,237,419,159,334,362,340,288,332,234,138,166,152,0
2,1768494516848,4584,-689,28533,-7178888,2101376,1224173,0,0,0,235,418,155,334,360,344,290,329,240,132,158,150,0
2,1768494516864,4972,-4369,31662,-7126353,2269975,1792278,0,0,0,234,416,154,339,359,346,299,329,242,133,158,150,0
2,1768494516880,3929,-11222,33232,-6924768,2489886,2241875,0,0,0,235,418,155,341,360,353,303,326,250,135,158,154,0
2,1768494516896,2091,-21990,32988,-6431189,2247984,2206445,0,0,0,246,420,155,363,360,352,315,326,260,144,159,157,0
2,1768494516912,2550,-32902,26120,-5370727,1513724,1176526,0,0,0,239,423,159,348,364,359,310,326,261,139,161,163,0
2,1768494516928,-186,-40196,17956,-3813020,1420872,-375071,0,0,0,239,426,163,343,362,359,310,327,262,139,162,165,0
2,1768494516944,-8609,-44048,13524,-1881464,1477072,-1954768,0,0,0,243,425,162,342,362,360,311,334,263,137,162,163,0
2,1768494516960,-13151,-43330,13740,-158824,496022,-2459343,0,0,0,232,417,154,344,361,359,325,403,256,208,302,150,0
2,1768494516976,-10275,-35462,15601,1616349,-807563,-2339613,0,0,0,237,369,147,328,322,346,393,450,252,212,343,143,0
2,1768494516992,-4355,-6752,22096,3191160,-2885727,-1336573,0,0,0,243,334,147,311,295,340,455,469,259,227,370,146,0
2,1768494517008,1564,14759,18769,4227187,-4808731,151494,0,0,0,253,334,153,319,292,353,476,479,269,255,410,152,0
2,1768494517024,402,7786,14175,5227784,-3601661,1354899,0,0,0,270,347,157,345,286,368,492,492,279,256,409,157,0
2,1768494517040,-5206,-4091,19655,5336518,-1001818,1337794,0,0,0,274,368,160,368,286,372,527,530,285,320,443,161,0
2,1768494517056,-4527,-3833,23053,3960850,-222354,217468,0,0,0,275,393,170,383,298,384,573,581,287,430,506,182,0
2,1768494517072,990,593,16027,2289522,-515570,-180816,0,0,0,281,439,196,400,333,418,587,586,344,367,469,270,0
2,1768494517088,2345,1043,10476,1154535,-491135,92851,0,0,0,293,465,206,422,361,437,619,621,339,513,568,306,0
2,1768494517104,732,-492,10045,475253,-310319,254119,0,0,0,332,489,222,436,393,450,632,635,340,537,584,325,0
2,1768494517120,172,-76,10696,127059,-250454,75747,0,0,0,356,501,232,446,402,464,638,638,337,521,581,342,0
2,1768494517136,512,693,10452,51312,-227241,-23212,0,0,0,366,510,240,448,412,471,636,636,337,544,591,354,0
2,1768494517152,789,971,10064,67195,-172263,-18325,0,0,0,382,517,245,454,417,469,636,636,341,551,594,361,0
2,1768494517168,732,827,10045,91629,-107512,4886,0,0,0,400,525,251,474,420,467,639,638,351,542,585,368,0
2,1768494517184,622,765,10145,134390,-75747,-2443,0,0,0,412,530,258,479,423,470,631,630,357,434,468,400,0
2,1768494517200,617,799,10150,190589,-42760,-15882,0,0,0,414,531,267,474,427,479,625,622,362,372,396,422,0
2,1768494517216,655,784,10122,235793,0,-20769,0,0,0,416,532,266,474,427,481,629,618,368,389,407,421,0
2,1768494517232,698,708,10069,266337,39095,-24434,0,0,0,418,534,256,476,429,478,630,610,371,371,384,427,0
2,1768494517248,713,641,10007,266337,53756,-32986,0,0,0,415,535,256,480,435,479,624,595,372,359,364,437,0
2,1768494517264,741,622,9992,254119,56199,-41538,0,0,0,413,533,252,483,438,481,626,572,377,416,412,429,0
2,1768494517280,789,603,10002,249233,48869,-52534,0,0,0,413,533,242,484,442,482,622,572,387,307,285,454,0
2,1768494517296,823,579,10002,249233,30543,-64751,0,0,0,419,533,243,487,443,485,618,554,386,303,276,459,0
2,1768494517312,823,536,9987,250454,0,-74525,0,0,0,420,537,251,488,446,487,612,535,383,317,284,471,0
2,1768494517328,804,497,9997,246789,-31764,-75747,0,0,0,428,548,250,497,465,500,613,522,383,348,320,471,0
2,1768494517344,808,473,10026,249233,-58643,-76969,0,0,0,446,557,256,504,465,496,609,506,389,338,290,486,0
2,1768494517360,813,440,10078,268780,-85521,-80634,0,0,0,456,558,256,517,474,515,605,486,395,310,247,511,0
2,1768494517376,789,402,10126,293215,-106290,-85521,0,0,0,467,565,259,520,476,515,599,464,397,306,236,528,0
2,1768494517392,818,368,10198,326202,-117286,-89186,0,0,0,482,577,262,522,491,524,601,449,405,299,227,544,0
2,1768494517408,885,320,10318,401949,-141720,-107512,0,0,0,500,587,258,529,507,530,595,430,410,302,227,560,0
2,1768494517424,904,244,10399,513126,-174707,-135612,0,0,0,511,595,254,537,517,533,584,412,411,305,227,572,0
2,1768494517440,961,143,10600,663399,-190589,-169820,0,0,0,517,606,248,542,526,544,567,396,409,302,220,583,0
2,1768494517456,1153,47,11103,878424,-204028,-213802,0,0,0,526,614,236,549,532,557,540,384,409,304,218,594,0
2,1768494517472,1019,86,12012,1189965,-179594,-273667,0,0,0,538,618,225,559,541,564,517,378,410,354,247,592,0
2,1768494517488,473,90,12763,1554041,-124616,-265115,0,0,0,543,616,225,559,553,564,496,378,402,434,293,585,0
2,1768494517504,272,33,13261,1940107,-80634,-200363,0,0,0,549,612,220,556,555,557,457,370,400,329,235,617,0
2,1768494517520,737,-23,14113,2436130,-87964,-136833,0,0,0,564,612,229,545,553,552,405,355,400,317,222,615,0
2,1768494517536,1550,-81,15434,3087312,-136833,-160046,0,0,0,578,611,229,542,553,558,364,343,392,323,226,616,0
2,1768494517552,2033,-71,16941,3814242,-201585,-293215,0,0,0,576,624,219,575,597,492,320,312,402,331,288,620,0
2,1768494517568,2364,0,19124,4778187,-246789,-478918,0,0,0,560,608,211,533,558,540,282,253,393,305,256,602,0
2,1768494517584,3038,71,21909,5819102,-311541,-667064,0,0,0,535,599,205,528,553,548,270,197,400,265,185,540,0
2,1768494517600,3618,-373,25695,6902777,-450818,-842994,0,0,0,499,585,193,511,539,530,249,168,379,251,168,507,0
2,1768494517616,4508,-1234,29370,7886270,-390953,-996932,0,0,0,454,555,175,487,502,488,253,164,355,245,163,478,0
2,1768494517632,3776,-674,31796,8513017,-158824,-1171639,0,0,0,386,515,161,436,450,434,272,188,317,229,154,423,0
2,1768494517648,2943,1340,33428,8748811,-144164,-1303586,0,0,0,282,458,158,379,387,381,299,241,285,176,143,277,0
2,1768494517664,5900,8322,28820,8266228,-397062,-1456302,0,0,0,234,431,161,360,361,367,318,273,280,148,141,202,0
2,1768494517680,7757,16798,18344,7028615,-432492,-1740965,0,0,0,244,434,166,362,366,373,318,280,278,152,144,209,0
2,1768494517696,5666,22435,9428,3793473,-406836,-1871691,0,0,0,248,434,167,353,369,367,304,285,264,149,146,203,0
2,1768494517712,1588,21363,8834,-530231,-730594,-1236391,0,0,0,240,428,165,340,367,360,300,292,259,143,149,195,0
2,1768494517728,890,13998,9408,-3464827,-1475850,-135612,0,0,0,239,425,161,338,366,356,300,298,253,140,150,182,0
2,1768494517744,4919,7499,5494,-3804468,-1755626,443488,0,0,0,238,425,164,332,369,356,289,303,247,137,154,185,0
2,1768494517760,7891,5412,2402,-3584557,-1145983,377514,0,0,0,234,424,163,329,365,350,284,309,241,132,155,174,0
2,1768494517776,6676,6345,3531,-3942524,-92851,21991,0,0,0,238,426,164,331,370,346,282,317,238,133,160,168,0
2,1768494517792,4666,6456,5862,-4580267,425162,-92851,0,0,0,232,423,163,331,371,348,279,325,237,133,163,168,0
2,1768494517808,3910,5465,7537,-5108055,532674,-6108,0,0,0,231,423,161,326,369,344,278,325,237,131,165,164,0
2,1768494517824,4168,4364,8590,-5425705,744033,109955,0,0,0,233,423,164,325,369,345,280,331,236,131,166,161,0
2,1768494517840,3919,3814,9935,-5673716,1060462,191811,0,0,0,235,424,162,329,370,345,281,333,236,131,167,157,0
2,1768494517856,3239,3493,11706,-5910732,1334129,293215,0,0,0,235,422,158,331,369,343,282,334,237,131,168,156,0
2,1768494517872,2809,3038,13854,-6150191,1530828,439822,0,0,0,234,420,156,331,366,341,285,336,237,132,170,153,0
2,1768494517888,2804,2732,16070,-6377433,1715309,521678,0,0,0,234,420,158,316,378,336,290,340,240,133,170,151,0
2,1768494517904,2751,2479,18851,-6653544,1930334,502131,0,0,0,235,420,160,311,383,336,291,340,241,131,169,150,0
2,1768494517920,2541,1904,22043,-6934542,2135584,477696,0,0,0,237,420,158,333,363,346,289,337,239,130,167,149,0
2,1768494517936,2239,1033,25479,-7109249,2287079,571769,0,0,0,236,420,158,335,364,349,290,338,243,131,165,149,0
2,1768494517952,1550,-717,29461,-7121466,2359161,1044579,0,0,0,237,421,159,335,361,346,296,335,248,132,161,149,0
2,1768494517968,756,-4781,32304,-6996850,2357939,1703092,0,0,0,234,420,159,334,362,350,300,334,253,129,157,153,0
2,1768494517984,-665,-13749,33562,-6632774,2188119,2161241,0,0,0,237,422,159,336,362,352,304,331,256,132,159,153,0
2,1768494518000,-741,-25025,31117,-5999918,1535715,2009746,0,0,0,240,426,162,341,366,359,307,332,261,136,159,163,0
2,1768494518016,1521,-35601,23144,-4840496,833220,1054353,0,0,0,235,427,161,344,371,363,308,333,264,132,159,163,0
2,1768494518032,-1617,-42072,14553,-2835636,982271,-641408,0,0,0,236,427,164,341,373,364,305,336,265,133,162,167,0
2,1768494518048,-9370,-43479,12462,-1105666,976162,-1649336,0,0,0,231,416,156,335,358,355,319,421,247,224,324,153,0
2,1768494518064,-14367,-40114,15357,671951,-14660,-1722639,0,0,0,229,369,142,320,322,338,384,454,244,210,346,143,0
2,1768494518080,-6968,-21143,21272,3210707,-2659707,-982271,0,0,0,233,343,141,308,297,338,440,465,251,199,352,147,0
2,1768494518096,2876,3517,17563,5743354,-4818505,-372627,0,0,0,246,342,150,318,286,349,469,493,255,287,418,150,0
2,1768494518112,3335,4589,16611,6561914,-3255911,318871,0,0,0,270,357,160,343,284,364,492,512,267,327,444,158,0
2,1768494518128,-1746,-1880,22608,5692042,-922406,737925,0,0,0,284,381,169,366,295,376,522,522,281,320,437,181,0
2,1768494518144,-3350,-3421,23981,3767816,-274889,309097,0,0,0,277,400,179,383,313,388,558,558,290,380,463,215,0
2,1768494518160,291,-153,15845,2092824,-529009,-51312,0,0,0,284,435,205,405,344,414,575,576,325,315,415,270,0
2,1768494518176,1919,1239,9825,1081231,-466701,19547,0,0,0,288,469,217,420,358,436,596,597,327,406,480,301,0
2,1768494518192,1043,90,9916,477696,-335975,136833,0,0,0,319,492,229,434,386,458,618,617,344,501,549,327,0
2,1768494518208,387,-86,10758,101403,-326202,86742,0,0,0,350,507,241,437,394,460,632,631,353,532,571,345,0
2,1768494518224,483,650,10562,-17104,-305432,-4886,0,0,0,357,512,242,437,399,457,648,642,358,548,584,349,0
2,1768494518240,708,957,10102,12217,-210137,-6108,0,0,0,362,513,243,439,408,453,648,643,354,549,588,347,0
2,1768494518256,737,904,10064,35430,-113620,4886,0,0,0,370,521,247,450,406,455,651,644,349,550,586,346,0
2,1768494518272,674,842,10165,48869,-56199,0,0,0,0,367,519,246,451,411,456,653,647,356,553,586,344,0
2,1768494518288,665,890,10112,72082,-17104,-13439,0,0,0,369,519,248,449,410,455,651,643,358,544,579,351,0
2,1768494518304,693,918,10040,105068,7330,-20769,0,0,0,373,521,248,447,409,460,636,632,361,450,486,375,0
2,1768494518320,717,894,10002,144164,23212,-21991,0,0,0,379,526,249,448,410,464,620,620,362,351,388,397,0
2,1768494518336,732,866,9992,178372,24434,-24434,0,0,0,382,530,251,452,411,468,618,610,359,358,387,397,0
2,1768494518352,751,827,9983,199142,15882,-26878,0,0,0,378,533,249,454,414,467,620,605,362,422,417,385,0
2,1768494518368,784,794,9968,215024,7330,-32986,0,0,0,381,538,246,453,417,461,621,600,367,433,414,386,0
2,1768494518384,804,765,9968,233350,2443,-41538,0,0,0,390,537,248,459,421,466,628,583,366,418,428,397,0
2,1768494518400,808,708,9992,240680,0,-50090,0,0,0,389,530,247,466,425,472,629,563,367,423,427,402,0
2,1768494518416,808,679,10002,239459,-4886,-53756,0,0,0,397,539,253,467,428,477,626,563,399,296,285,439,0
2,1768494518432,823,679,10016,249233,-12217,-59864,0,0,0,405,545,253,475,436,483,618,546,398,304,281,443,0
2,1768494518448,832,650,10021,274889,-20769,-65973,0,0,0,418,547,256,481,444,481,617,521,389,368,340,455,0
2,1768494518464,837,598,10026,298102,-31764,-70860,0,0,0,433,553,256,484,446,485,617,511,398,317,277,471,0
2,1768494518480,851,550,10045,311541,-48869,-75747,0,0,0,441,553,255,496,463,498,620,484,400,339,295,482,0
2,1768494518496,885,507,10122,340862,-68416,-84299,0,0,0,458,565,265,500,469,506,621,471,410,340,292,500,0
2,1768494518512,904,454,10193,398284,-70860,-100181,0,0,0,472,572,261,507,484,517,619,449,405,378,281,524,0
2,1768494518528,894,402,10289,481361,-68416,-122173,0,0,0,488,582,257,518,495,535,608,430,408,335,247,548,0
2,1768494518544,894,330,10452,608421,-84299,-140499,0,0,0,500,591,255,525,501,539,601,416,415,301,226,569,0
2,1768494518560,961,248,10753,770911,-87964,-156381,0,0,0,513,598,249,534,514,543,584,401,421,305,222,586,0
2,1768494518576,1072,191,11529,1097113,-40317,-190589,0,0,0,527,607,236,547,535,554,535,398,425,308,219,599,0
2,1768494518592,1038,157,12433,1517389,101403,-248011,0,0,0,531,608,221,555,549,559,502,399,423,312,218,608,0
2,1768494518608,655,81,12959,1920560,213802,-244346,0,0,0,535,602,215,558,553,569,522,375,418,318,223,613,0
2,1768494518624,660,-28,13596,2360383,232128,-180816,0,0,0,549,606,221,560,555,571,478,367,428,331,230,619,0
2,1768494518640,1225,-33,14620,2875953,173485,-144164,0,0,0,554,604,220,554,555,555,439,354,432,329,230,620,0
2,1768494518656,2005,-57,15793,3547905,100181,-245567,0,0,0,567,604,222,554,541,550,387,318,405,355,294,642,0
2,1768494518672,2349,19,17473,4362799,28099,-426383,0,0,0,566,597,219,533,556,545,340,296,404,299,230,619,0
2,1768494518688,2699,71,20162,5319414,-17104,-594982,0,0,0,549,588,207,552,563,552,294,226,413,278,192,583,0
2,1768494518704,3383,-76,23397,6338337,-105068,-742812,0,0,0,513,580,199,536,549,539,278,164,408,259,170,524,0
2,1768494518720,4072,-823,27724,7461108,-195476,-873537,0,0,0,483,561,183,506,521,515,273,160,386,253,169,489,0
2,1768494518736,4379,-1608,31088,8316319,-20769,-950506,0,0,0,433,529,168,474,480,464,276,176,345,245,163,446,0
2,1768494518752,3268,-325,34031,8825780,305432,-1061683,0,0,0,335,475,157,416,417,418,301,228,315,217,161,366,0
2,1768494518768,4120,3393,34912,8822115,260228,-1200961,0,0,0,273,437,159,377,374,386,326,279,300,175,155,257,0
2,1768494518784,6676,13778,24986,7803192,-1221,-1532050,0,0,0,263,428,160,372,366,374,328,291,288,155,149,199,0
2,1768494518800,6781,21866,12720,5797111,-289550,-1935221,0,0,0,259,425,158,368,365,368,315,286,275,153,147,193,0
2,1768494518816,4087,22617,9188,2015855,-723264,-1912008,0,0,0,255,425,163,352,361,361,306,290,268,147,149,190,0
2,1768494518832,2005,17808,9696,-1660331,-1268156,-1400103,0,0,0,250,424,168,338,360,359,304,300,262,140,153,183,0
2,1768494518848,3053,10959,7776,-3571118,-1761735,-823446,0,0,0,243,422,165,334,360,353,296,305,253,137,155,173,0
2,1768494518864,5848,7719,4173,-3857003,-1585806,-739146,0,0,0,235,423,162,330,360,349,293,314,247,133,155,168,0
2,1768494518880,6996,6680,3120,-4156327,-877202,-866206,0,0,0,234,419,160,329,360,346,283,313,239,133,159,164,0
2,1768494518896,5656,6427,4972,-4679227,-129503,-875980,0,0,0,231,418,155,330,366,346,285,327,237,134,161,164,0
2,1768494518912,4350,5915,6963,-5213123,304210,-641408,0,0,0,233,419,155,331,366,341,285,327,234,130,162,156,0
2,1768494518928,4225,5072,8155,-5645616,529009,-246789,0,0,0,229,418,152,329,366,340,285,330,236,137,171,152,0
2,1768494518944,4532,3938,9145,-5933944,853989,102625,0,0,0,228,419,150,329,365,338,284,334,232,134,170,151,0
2,1768494518960,4039,2914,10854,-6051231,1262047,350636,0,0,0,231,419,151,331,364,336,287,336,232,132,171,151,0
2,1768494518976,3378,2517,12787,-6166073,1486845,511905,0,0,0,232,417,151,332,365,338,288,341,235,134,174,151,0
2,1768494518992,3335,2316,15104,-6398202,1598023,601091,0,0,0,231,417,152,333,367,343,287,342,236,135,174,151,0
2,1768494519008,3594,1852,17563,-6631553,1753183,599869,0,0,0,240,417,153,336,364,343,288,342,236,137,172,150,0
2,1768494519024,3560,1119,20172,-6759834,1963320,547335,0,0,0,253,418,154,336,365,340,291,342,237,138,168,148,0
2,1768494519040,3354,392,23393,-6824586,2166128,565661,0,0,0,248,419,155,331,370,340,291,342,238,134,166,148,0
2,1768494519056,3350,-325,27767,-6878342,2299296,813672,0,0,0,237,418,158,333,362,348,293,338,241,132,165,151,0
2,1768494519072,4067,-3225,31902,-7000515,2346944,1534493,0,0,0,237,415,159,334,355,350,301,337,249,133,162,151,0
2,1768494519088,4254,-9676,33184,-6952868,2476447,2224771,0,0,0,239,419,160,340,360,355,307,337,257,132,161,147,0
2,1768494519104,2900,-20502,31840,-6382320,2335948,2339613,0,0,0,235,418,154,339,360,355,307,337,258,182,190,155,0
2,1768494519120,1698,-31543,26360,-5288871,1811826,1769065,0,0,0,236,422,161,342,361,360,313,340,264,134,161,152,0
2,1768494519136,-904,-39636,17611,-3600439,1485624,494800,0,0,0,237,424,162,345,365,361,314,343,267,132,163,157,0
2,1768494519152,-7207,-43785,13524,-1836260,1348790,-871093,0,0,0,235,422,162,344,362,361,316,340,265,134,163,157,0
2,1768494519168,-11940,-44273,13476,-153938,631634,-1770287,0,0,0,235,378,154,329,338,351,380,420,259,153,256,135,0
2,1768494519184,-11256,-30442,20167,1871691,-1205847,-1655444,0,0,0,250,333,150,310,297,337,442,462,257,184,329,132,0
2,1768494519200,-5431,-5235,22455,4028045,-4047593,-708603,0,0,0,259,322,151,310,281,345,470,478,259,225,381,142,0
2,1768494519216,1464,9509,16654,5766567,-5334075,563217,0,0,0,266,337,162,322,284,361,493,498,266,263,417,153,0
2,1768494519232,-818,2608,18248,6057339,-2792875,1269377,0,0,0,274,350,164,346,285,369,514,514,278,286,427,159,0
2,1768494519248,-5331,-3785,23618,4904026,-323758,863763,0,0,0,274,360,164,369,284,378,540,540,286,346,459,169,0
2,1768494519264,-2345,-1397,20789,3156951,-106290,-155159,0,0,0,271,387,175,382,294,394,582,584,291,438,517,198,0
2,1768494519280,1804,1296,12912,2076941,-447153,-116064,0,0,0,275,427,184,407,331,413,612,612,315,497,553,242,0
2,1768494519296,1804,670,9638,1178969,-459370,207694,0,0,0,290,460,203,424,365,432,623,625,336,556,588,288,0
2,1768494519312,449,-497,10911,434936,-397062,183259,0,0,0,316,500,220,442,405,452,636,636,342,552,589,329,0
2,1768494519328,134,-19,11012,35430,-360410,46425,0,0,0,348,513,234,452,413,458,639,639,348,573,598,347,0
2,1768494519344,459,861,10294,-12217,-284663,-24434,0,0,0,360,518,239,459,412,468,643,642,345,586,610,360,0
2,1768494519360,617,985,10069,41538,-169820,-7330,0,0,0,365,513,241,459,412,469,641,643,339,587,611,363,0
2,1768494519376,569,861,10160,61086,-85521,0,0,0,0,373,514,243,462,413,467,641,642,339,579,608,360,0
2,1768494519392,507,847,10169,76969,-35430,-17104,0,0,0,381,520,244,460,411,460,596,606,379,570,613,360,0
2,1768494519408,516,904,10098,119729,0,-31764,0,0,0,384,523,243,464,413,464,610,616,363,574,608,366,0
2,1768494519424,540,918,10050,178372,21991,-32986,0,0,0,396,525,249,469,418,474,615,617,350,482,523,387,0
2,1768494519440,569,851,10040,223576,32986,-29321,0,0,0,407,526,252,472,423,478,604,604,357,380,435,418,0
2,1768494519456,603,780,10011,239459,30543,-29321,0,0,0,406,528,248,473,427,477,599,597,357,356,405,432,0
2,1768494519472,626,722,9983,227241,21991,-32986,0,0,0,406,533,246,473,433,476,598,591,353,348,386,429,0
2,1768494519488,646,703,9968,207694,7330,-39095,0,0,0,411,540,245,471,437,473,598,584,354,318,351,435,0
2,1768494519504,665,703,9983,202807,-10995,-45204,0,0,0,413,542,243,473,436,477,577,557,363,308,321,441,0
2,1768494519520,689,703,10007,218689,-30543,-53756,0,0,0,419,546,243,481,446,485,545,519,386,300,286,452,0
2,1768494519536,670,660,10011,250454,-50090,-63529,0,0,0,440,557,247,483,456,488,606,547,373,319,292,476,0
2,1768494519552,626,603,10026,280998,-57421,-69638,0,0,0,441,563,249,492,467,496,606,531,388,323,284,499,0
2,1768494519568,617,550,10064,305432,-54977,-67195,0,0,0,453,571,252,495,483,496,598,500,387,300,259,517,0
2,1768494519584,670,516,10112,328645,-59864,-67195,0,0,0,471,580,258,500,483,505,595,476,393,309,260,529,0
2,1768494519600,727,473,10150,359188,-76969,-78190,0,0,0,488,582,261,500,488,507,602,452,397,327,270,538,0
2,1768494519616,732,416,10217,408057,-90408,-96516,0,0,0,498,598,265,508,509,517,596,436,397,311,244,555,0
2,1768494519632,741,382,10409,508239,-107512,-122173,0,0,0,513,606,261,519,524,529,573,418,400,313,239,579,0
2,1768494519648,808,315,10739,684169,-124616,-147829,0,0,0,528,612,249,535,541,544,559,401,415,312,236,594,0
2,1768494519664,904,215,11299,937067,-144164,-177150,0,0,0,537,616,236,547,556,549,545,395,425,315,232,599,0
2,1768494519680,837,148,12093,1321912,-98960,-218689,0,0,0,544,622,231,555,565,555,518,389,417,322,232,603,0
2,1768494519696,488,157,12802,1710422,-4886,-229685,0,0,0,547,627,233,563,565,567,487,381,411,317,227,617,0
2,1768494519712,416,62,13314,2087937,65973,-185703,0,0,0,552,622,228,569,561,570,453,373,416,333,247,632,0
2,1768494519728,569,86,14137,2547308,56199,-125838,0,0,0,566,622,228,561,558,570,405,360,405,364,280,625,0
2,1768494519744,1617,-28,15678,3251024,-21991,-136833,0,0,0,573,622,229,546,561,554,360,354,402,330,232,623,0
2,1768494519760,2301,-28,17458,3995058,-96516,-274889,0,0,0,570,626,221,530,553,542,313,323,389,330,235,621,0
2,1768494519776,3005,14,19693,4945564,-197920,-496022,0,0,0,559,619,214,549,558,544,277,263,395,293,226,595,0
2,1768494519792,3637,4,22794,6061004,-338419,-748920,0,0,0,523,595,192,547,544,538,266,185,386,271,186,537,0
2,1768494519808,4316,-813,26920,7148345,-514348,-946841,0,0,0,490,585,186,518,524,531,246,161,376,248,172,505,0
2,1768494519824,5312,-1670,30375,8049982,-504574,-1167974,0,0,0,444,552,167,477,496,479,253,167,346,247,169,468,0
2,1768494519840,4302,-847,32337,8580213,-416610,-1418429,0,0,0,373,507,155,437,447,426,288,181,308,232,154,419,0
2,1768494519856,3776,1885,33529,8734151,-555887,-1573588,0,0,0,278,454,154,378,398,376,318,232,284,178,144,269,0
2,1768494519872,7451,10289,28092,8206363,-818559,-1725083,0,0,0,240,434,159,363,376,369,326,271,280,153,144,206,0
2,1768494519888,8987,18545,17090,6995628,-747699,-2019520,0,0,0,244,434,163,364,374,371,312,282,274,151,148,209,0
2,1768494519904,6221,22780,8978,3876550,-709825,-1992642,0,0,0,244,436,162,352,375,358,297,285,271,144,149,195,0
2,1768494519920,2546,21828,8107,-648738,-933402,-1291369,0,0,0,234,434,158,345,377,352,291,290,269,140,149,183,0
2,1768494519936,2560,13816,8523,-3811799,-1497841,-260228,0,0,0,231,429,161,341,382,358,287,298,249,140,154,184,0
2,1768494519952,5680,7595,5317,-4526511,-1604132,152716,0,0,0,232,426,160,337,378,355,283,306,246,135,158,177,0
2,1768494519968,8164,5474,2081,-4211304,-835663,-58643,0,0,0,234,431,165,328,371,344,278,315,244,139,166,176,0
2,1768494519984,6384,5762,3034,-4284608,243124,-381179,0,0,0,230,435,159,325,372,339,272,317,240,142,172,175,0
2,1768494520000,3608,5690,5637,-4591263,795346,-419053,0,0,0,239,438,170,322,366,338,268,316,227,141,172,174,0
2,1768494520016,3153,5072,7106,-4808731,788016,-199142,0,0,0,232,425,160,324,369,338,272,323,239,131,167,163,0
2,1768494520032,4010,4742,8217,-5073846,999375,15882,0,0,0,231,424,166,325,372,345,276,329,242,129,168,157,0
2,1768494520048,4024,4800,10045,-5484348,1423316,162490,0,0,0,226,424,157,325,371,335,281,333,245,127,167,147,0
2,1768494520064,3082,4522,12486,-5947383,1744631,349414,0,0,0,227,424,153,327,369,336,282,336,247,138,175,153,0
2,1768494520080,2455,3756,14773,-6262590,1896125,592539,0,0,0,229,423,152,326,368,333,284,337,248,132,172,148,0
2,1768494520096,2488,2957,16822,-6361550,1959655,802676,0,0,0,231,422,152,329,366,334,285,339,249,127,167,142,0
2,1768494520112,2804,2546,19645,-6456845,2076941,943175,0,0,0,231,420,152,330,364,337,286,340,251,123,163,141,0
2,1768494520128,3182,2254,23144,-6680422,2217440,1072679,0,0,0,231,420,152,330,363,337,286,339,250,126,161,141,0
2,1768494520144,3579,1622,27446,-6976081,2316400,1337794,0,0,0,232,420,152,316,376,330,291,337,251,130,161,140,0
2,1768494520160,4072,-311,31619,-7233866,2365270,1838704,0,0,0,240,419,153,309,387,329,297,335,258,130,157,143,0
2,1768494520176,4020,-6001,33778,-7294952,2474004,2553416,0,0,0,254,419,156,344,358,350,305,333,263,134,154,148,0
2,1768494520192,1383,-17473,34017,-6784269,2465452,2965139,0,0,0,252,422,158,347,358,354,314,335,259,132,150,147,0
2,1768494520208,780,-28571,30753,-5876523,1739744,2663372,0,0,0,242,426,161,347,361,358,313,332,260,132,154,152,0
2,1768494520224,2952,-39655,21569,-4322482,905302,1390329,0,0,0,240,426,160,349,365,362,320,335,264,134,156,156,0
2,1768494520240,-1493,-45230,13859,-2254092,1116661,-636521,0,0,0,241,425,160,349,366,362,317,335,261,137,160,156,0
2,1768494520256,-10423,-45489,12773,-448375,1004262,-1861917,0,0,0,237,414,161,335,350,348,330,437,257,222,336,136,0
2,1768494520272,-13658,-39942,16870,1072679,-125838,-1747074,0,0,0,245,363,141,324,315,334,405,458,254,195,326,124,0
2,1768494520288,-6728,-16056,21526,3582113,-2886949,-581543,0,0,0,249,350,147,316,297,341,437,471,253,211,376,133,0
2,1768494520304,2450,5900,16735,5694485,-4328591,563217,0,0,0,262,351,152,328,291,352,467,485,259,241,407,143,0
2,1768494520320,1349,4245,15998,6316346,-2278527,1354899,0,0,0,273,366,154,352,292,365,506,509,280,269,422,155,0
2,1768494520336,-5211,-2823,21818,5276653,9773,1081231,0,0,0,270,380,165,368,300,381,543,547,291,361,469,179,0
2,1768494520352,-2962,-2177,21856,3479488,75747,56199,0,0,0,271,406,186,385,316,403,566,572,310,396,479,226,0
2,1768494520368,1631,114,16424,2012190,-399505,-289550,0,0,0,280,441,207,407,339,425,581,581,340,376,467,274,0
2,1768494520384,2948,827,10054,907745,-588874,168598,0,0,0,292,464,225,424,364,440,601,602,341,462,525,301,0
2,1768494520400,660,43,10102,331088,-349414,272445,0,0,0,334,493,237,441,381,455,609,609,337,467,529,340,0
2,1768494520416,157,344,10610,89186,-263893,92851,0,0,0,353,502,245,443,388,459,634,633,343,532,577,341,0
2,1768494520432,713,899,10361,59864,-244346,-9773,0,0,0,361,509,249,440,393,458,634,633,347,540,585,346,0
2,1768494520448,952,1072,10059,57421,-182037,-4886,0,0,0,369,509,248,441,398,454,641,637,359,523,573,337,0
2,1768494520464,842,995,10016,53756,-109955,15882,0,0,0,379,527,255,447,406,459,637,635,346,530,579,343,0
2,1768494520480,756,1000,10078,62308,-69638,1221,0,0,0,378,526,251,447,406,456,640,637,347,512,566,349,0
2,1768494520496,760,1048,10093,100181,-32986,-14660,0,0,0,383,530,252,447,407,456,628,627,359,387,449,378,0
2,1768494520512,794,1072,10064,161268,-6108,-13439,0,0,0,397,533,254,453,411,458,616,616,359,343,405,390,0
2,1768494520528,813,1033,10035,219911,2443,-4886,0,0,0,405,534,265,458,432,466,604,603,358,345,395,395,0
2,1768494520544,837,957,10002,255341,0,-2443,0,0,0,407,536,276,461,433,472,598,593,356,338,377,399,0
2,1768494520560,861,880,9964,256563,-14660,-7330,0,0,0,407,539,278,464,420,475,599,581,355,325,352,409,0
2,1768494520576,861,842,9954,239459,-28099,-17104,0,0,0,407,540,270,468,427,476,602,571,360,320,327,420,0
2,1768494520592,875,842,9978,240680,-41538,-31764,0,0,0,410,542,264,469,437,475,603,559,364,331,320,431,0
2,1768494520608,909,823,10002,265115,-59864,-46425,0,0,0,421,548,269,469,440,476,604,540,363,359,340,442,0
2,1768494520624,938,760,10021,298102,-89186,-68416,0,0,0,436,555,278,480,444,483,593,531,374,352,324,447,0
2,1768494520640,871,717,10040,322536,-107512,-84299,0,0,0,449,565,287,493,450,484,589,513,374,319,279,466,0
2,1768494520656,804,708,10098,360410,-116064,-91629,0,0,0,468,584,320,497,471,492,585,493,374,411,383,480,0
2,1768494520672,832,674,10189,425162,-128281,-92851,0,0,0,476,588,300,501,486,493,593,476,378,331,286,512,0
2,1768494520688,894,550,10222,494800,-153938,-105068,0,0,0,496,597,289,509,497,504,589,456,385,304,243,533,0
2,1768494520704,890,445,10246,557109,-178372,-127059,0,0,0,503,603,284,518,499,523,582,432,390,301,230,559,0
2,1768494520720,847,368,10313,629191,-197920,-150272,0,0,0,509,606,263,525,515,531,570,417,394,299,229,576,0
2,1768494520736,894,277,10619,752585,-229685,-169820,0,0,0,528,616,260,536,528,539,551,399,403,307,230,583,0
2,1768494520752,1000,162,11217,996932,-278554,-195476,0,0,0,536,618,239,547,549,539,540,391,419,312,228,594,0
2,1768494520768,923,181,12055,1329242,-241902,-235793,0,0,0,547,622,225,549,555,539,514,393,419,313,228,601,0
2,1768494520784,540,215,12859,1684766,-147829,-252898,0,0,0,556,629,219,549,563,545,485,389,407,319,232,607,0
2,1768494520800,201,177,13481,2094046,-58643,-194255,0,0,0,560,630,210,554,574,548,454,376,407,324,231,614,0
2,1768494520816,583,62,14170,2602285,-48869,-112399,0,0,0,573,629,212,552,566,548,404,366,410,320,221,619,0
2,1768494520832,1368,-9,15357,3229033,-74525,-116064,0,0,0,580,629,218,543,572,549,356,358,390,330,247,615,0
2,1768494520848,2000,0,17114,3988950,-120951,-251676,0,0,0,573,628,212,545,565,541,314,335,395,344,297,604,0
2,1768494520864,2593,110,19416,4967556,-162490,-466701,0,0,0,567,621,218,538,560,542,282,272,397,286,209,597,0
2,1768494520880,3393,153,22455,6087882,-262672,-717155,0,0,0,539,602,201,532,553,534,270,217,390,260,177,544,0
2,1768494520896,4005,-660,26843,7227757,-431270,-916297,0,0,0,505,590,198,516,530,517,243,164,378,244,165,502,0
2,1768494520912,4867,-1512,30433,8169711,-395840,-1070235,0,0,0,454,562,183,491,499,501,248,158,354,242,168,472,0
2,1768494520928,4312,-497,32457,8740259,-153938,-1249830,0,0,0,384,516,163,440,461,447,270,188,319,229,162,426,0
2,1768494520944,4067,3053,33854,8911302,-290771,-1423316,0,0,0,251,443,159,370,385,376,301,259,286,170,158,233,0
2,1768494520960,7078,9337,30054,8542339,-615752,-1607797,0,0,0,240,439,164,367,377,377,312,281,285,154,155,203,0
2,1768494520976,9341,18999,16903,6939429,-673173,-1948660,0,0,0,264,437,164,375,376,377,314,283,283,156,147,209,0
2,1768494520992,8298,24924,8265,3899763,-499687,-1973094,0,0,0,260,434,161,368,372,364,309,287,272,152,144,194,0
2,1768494521008,4020,23771,8557,-734260,-378736,-1252273,0,0,0,245,433,159,353,375,355,302,292,261,145,145,184,0
2,1768494521024,2632,15577,9399,-3397632,-866206,-196698,0,0,0,242,431,161,345,373,355,297,297,255,140,147,182,0
2,1768494521040,4986,8322,6173,-4238183,-1247386,450818,0,0,0,242,429,165,339,367,355,294,303,250,135,150,180,0
2,1768494521056,7116,6556,3603,-4138001,-649960,233350,0,0,0,238,426,164,333,366,351,289,310,245,131,153,174,0
2,1768494521072,6245,6393,4374,-4473977,221133,-147829,0,0,0,238,423,160,332,367,346,281,314,237,130,155,163,0
2,1768494521088,3919,6159,6891,-5060407,697608,-351858,0,0,0,242,422,160,336,369,347,280,321,233,134,155,162,0
2,1768494521104,3120,5226,8638,-5524665,772133,-295658,0,0,0,231,423,159,328,368,341,284,326,232,127,159,155,0
2,1768494521120,3464,4608,9643,-5799554,944397,-157603,0,0,0,231,421,158,329,369,340,284,332,236,133,164,154,0
2,1768494521136,3508,4254,11079,-6070778,1296256,14660,0,0,0,231,421,157,329,369,340,281,332,234,154,177,150,0
2,1768494521152,2847,3661,13376,-6349333,1622458,272445,0,0,0,231,419,159,330,371,347,282,335,236,133,168,156,0
2,1768494521168,2574,2967,15592,-6500827,1782504,527787,0,0,0,231,420,158,331,368,346,286,336,238,127,165,152,0
2,1768494521184,2823,2455,17956,-6601009,1893682,728151,0,0,0,236,422,160,334,367,343,287,338,238,128,164,149,0
2,1768494521200,3206,2144,21215,-6818477,2067167,869872,0,0,0,237,423,161,332,365,342,286,344,238,126,163,146,0
2,1768494521216,3488,1809,25331,-7092145,2249205,1060462,0,0,0,234,420,157,332,362,343,289,343,239,127,160,146,0
2,1768494521232,3637,698,29925,-7308391,2381152,1489289,0,0,0,232,417,156,333,357,346,296,339,244,130,158,149,0
2,1768494521248,3388,-3421,33787,-7450112,2532647,2204001,0,0,0,235,418,159,335,356,349,303,334,249,132,156,152,0
2,1768494521264,1665,-12768,35424,-7205766,2582738,2764776,0,0,0,238,422,159,338,361,353,309,330,254,132,155,152,0
2,1768494521280,435,-24661,34060,-6514266,2015855,2825862,0,0,0,234,423,158,340,364,356,313,329,259,131,155,152,0
2,1768494521296,2828,-37271,25919,-5169141,956614,1995085,0,0,0,235,424,162,342,364,360,317,332,264,132,157,154,0
2,1768494521312,1387,-44972,15850,-3188716,1069014,252898,0,0,0,242,428,168,346,366,364,321,333,266,135,157,154,0
2,1768494521328,-6642,-47795,12380,-1315803,1339016,-1156978,0,0,0,238,420,162,346,364,363,321,346,261,135,167,151,0
2,1768494521344,-11801,-44130,14687,414166,412944,-1463633,0,0,0,227,382,149,331,333,347,384,441,253,148,259,125,0
2,1768494521360,-9270,-27997,21335,2499660,-1646892,-957836,0,0,0,240,329,146,302,287,329,435,466,253,185,350,123,0
2,1768494521376,-1330,-1651,21263,4406781,-4070805,-10995,0,0,0,250,333,155,306,288,343,475,483,263,211,391,137,0
2,1768494521392,1474,7427,16391,5816658,-3974289,900415,0,0,0,263,342,158,328,282,359,502,503,266,255,421,153,0
2,1768494521408,-3115,641,19564,5909510,-1657888,1150870,0,0,0,279,363,164,361,281,373,525,526,282,298,437,166,0
2,1768494521424,-5355,-4053,23833,4574158,-168598,348193,0,0,0,282,394,179,377,301,391,552,552,309,314,441,200,0
2,1768494521440,-124,-880,18272,2918714,-327423,-208915,0,0,0,279,429,195,398,328,413,587,587,321,405,489,236,0
2,1768494521456,2699,1148,11471,1516167,-522900,-6108,0,0,0,291,459,212,414,348,427,614,614,324,520,555,275,0
2,1768494521472,1129,52,9992,625526,-433714,271224,0,0,0,327,484,225,422,366,438,626,628,329,565,585,310,0
2,1768494521488,23,-143,10758,152716,-294437,124616,0,0,0,359,504,233,430,383,448,631,633,334,553,586,331,0
2,1768494521504,325,583,10610,43982,-216246,-17104,0,0,0,369,512,242,437,394,450,635,635,338,550,588,341,0
2,1768494521520,760,1076,10117,56199,-164933,-30543,0,0,0,375,519,249,438,400,452,641,641,338,573,601,342,0
2,1768494521536,698,961,10040,39095,-108734,3665,0,0,0,379,525,251,442,404,452,636,636,332,567,592,340,0
2,1768494521552,588,894,10131,34208,-69638,-4886,0,0,0,381,525,252,445,404,452,635,635,335,546,580,338,0
2,1768494521568,564,947,10150,68416,-31764,-26878,0,0,0,389,529,254,449,411,452,633,633,333,568,590,341,0
2,1768494521584,598,1009,10083,139277,-2443,-36651,0,0,0,400,522,255,449,409,452,619,620,344,470,527,371,0
2,1768494521600,598,961,10045,205250,7330,-35430,0,0,0,410,530,254,453,414,455,611,610,343,415,469,373,0
2,1768494521616,603,885,10007,239459,8552,-34208,0,0,0,411,531,254,456,419,456,603,597,342,415,464,382,0
2,1768494521632,617,823,9973,239459,4886,-34208,0,0,0,414,532,252,457,427,456,596,590,342,391,439,393,0
2,1768494521648,631,794,9959,227241,2443,-39095,0,0,0,417,537,252,461,432,460,592,578,345,345,390,405,0
2,1768494521664,660,760,9949,219911,-3665,-42760,0,0,0,425,546,258,461,436,462,593,568,356,335,354,420,0
2,1768494521680,693,732,9949,218689,-26878,-48869,0,0,0,431,556,254,464,438,465,591,555,358,321,324,431,0
2,1768494521696,717,717,9973,224798,-56199,-57421,0,0,0,439,560,250,468,442,467,588,537,364,362,354,441,0
2,1768494521712,713,713,10011,252898,-81855,-68416,0,0,0,451,564,258,475,454,475,592,518,373,403,381,461,0
2,1768494521728,679,689,10059,298102,-90408,-72082,0,0,0,468,578,269,486,466,489,595,498,375,351,318,491,0
2,1768494521744,670,636,10141,362853,-92851,-76969,0,0,0,486,589,277,492,474,495,591,477,382,310,262,522,0
2,1768494521760,717,536,10203,421497,-86742,-92851,0,0,0,495,598,284,502,487,512,571,454,392,309,254,542,0
2,1768494521776,770,469,10289,476474,-89186,-114842,0,0,0,508,605,284,504,493,512,508,429,406,301,240,554,0
2,1768494521792,832,435,10466,563217,-120951,-144164,0,0,0,531,616,283,526,514,527,552,401,395,294,220,572,0
2,1768494521808,933,344,10763,726929,-190589,-183259,0,0,0,533,618,276,528,527,538,556,394,421,305,224,581,0
2,1768494521824,1038,229,11294,978606,-273667,-232128,0,0,0,538,623,256,544,542,548,533,382,421,313,231,597,0
2,1768494521840,847,224,12175,1334129,-296880,-277332,0,0,0,551,625,238,542,550,550,502,371,411,319,230,599,0
2,1768494521856,224,291,13103,1822821,-204028,-251676,0,0,0,571,634,235,538,549,551,479,377,410,331,236,609,0
2,1768494521872,-43,205,13653,2313957,-98960,-161268,0,0,0,586,641,224,543,547,554,435,369,403,331,236,620,0
2,1768494521888,234,43,14266,2845410,-37873,-57421,0,0,0,594,647,227,537,555,557,383,358,397,330,247,627,0
2,1768494521904,1411,-186,15611,3475823,-37873,-84299,0,0,0,598,639,220,533,557,561,331,338,401,332,279,642,0
2,1768494521920,2560,-224,17458,4146553,-30543,-274889,0,0,0,585,627,219,534,549,562,294,307,412,314,256,632,0
2,1768494521936,2684,138,19875,4904026,-146607,-516791,0,0,0,569,619,220,535,546,553,274,257,411,284,205,594,0
2,1768494521952,3756,263,22455,5954714,-494800,-752585,0,0,0,549,610,209,530,549,540,257,197,394,265,186,548,0
2,1768494521968,5738,-823,25580,7073819,-880867,-1038470,0,0,0,508,594,201,514,534,524,240,161,376,252,173,507,0
2,1768494521984,6657,-1564,29518,8046316,-889419,-1408655,0,0,0,455,563,185,481,501,490,242,163,350,251,168,482,0
2,1768494522000,5388,-358,32007,8609534,-671951,-1694540,0,0,0,371,509,163,434,445,432,268,188,313,226,152,414,0
2,1768494522016,4647,2694,32921,8732929,-668286,-1839926,0,0,0,261,452,170,371,382,392,293,230,291,174,141,284,0
2,1768494522032,6872,8815,28939,8296771,-822224,-1984090,0,0,0,258,439,170,362,366,381,308,264,300,156,145,218,0
2,1768494522048,8882,17238,17281,6935763,-880867,-2246762,0,0,0,263,436,177,360,367,390,306,275,298,152,146,215,0
2,1768494522064,6518,22139,9270,3839898,-846659,-2021963,0,0,0,262,434,165,360,368,368,297,284,267,148,143,194,0
2,1768494522080,2598,22043,8561,-586430,-970053,-938289,0,0,0,249,435,167,347,371,359,293,289,253,140,143,184,0
2,1768494522096,1799,15032,9595,-3828903,-1440420,475253,0,0,0,240,430,166,339,369,356,292,294,250,139,150,180,0
2,1768494522112,5656,7748,6001,-4295604,-1561371,1086118,0,0,0,237,429,165,332,370,351,287,301,247,136,156,173,0
2,1768494522128,8174,5025,3058,-4006054,-927293,928515,0,0,0,235,427,163,328,373,345,284,313,240,130,159,165,0
2,1768494522144,6518,5987,3938,-4145331,84299,417831,0,0,0,235,426,161,327,375,342,283,323,235,129,163,162,0
2,1768494522160,4340,6551,6341,-4767192,487470,180816,0,0,0,236,425,161,328,377,342,280,327,231,131,167,160,0
2,1768494522176,4292,5666,7901,-5352401,520457,161268,0,0,0,239,424,160,331,377,342,278,329,228,130,168,157,0
2,1768494522192,4871,4460,9011,-5709146,831998,134390,0,0,0,236,424,161,327,372,340,280,332,230,129,171,152,0
2,1768494522208,4407,3910,10533,-5964488,1215621,144164,0,0,0,234,423,161,328,368,339,280,336,228,132,177,151,0
2,1768494522224,3713,3665,12624,-6268699,1450194,291993,0,0,0,235,424,161,327,371,339,285,342,233,130,172,148,0
2,1768494522240,3670,3287,14778,-6610783,1599245,500909,0,0,0,229,422,157,325,371,339,288,344,237,127,172,147,0
2,1768494522256,4029,2565,16994,-6885672,1770287,702495,0,0,0,226,420,157,327,368,340,290,344,237,128,172,146,0
2,1768494522272,4230,1732,19573,-6950424,1977981,868650,0,0,0,232,421,159,326,361,340,290,345,237,131,171,144,0
2,1768494522288,4603,1206,22622,-6946759,2168571,1054353,0,0,0,231,421,159,327,361,340,292,346,238,130,167,145,0
2,1768494522304,5293,813,27039,-6989520,2382374,1340238,0,0,0,230,419,155,329,360,341,294,344,239,130,167,146,0
2,1768494522320,5982,-1488,31926,-7131240,2593733,1857030,0,0,0,231,418,158,331,359,349,299,341,247,131,165,148,0
2,1768494522336,4895,-7571,34520,-7145901,2891836,2384817,0,0,0,231,421,160,334,361,353,306,337,255,132,163,152,0
2,1768494522352,253,-18741,34950,-6682865,2808758,2524095,0,0,0,229,423,159,341,364,355,312,334,258,131,162,152,0
2,1768494522368,-1794,-31974,30227,-5677381,1842369,2130697,0,0,0,227,426,158,347,366,359,315,335,261,131,162,152,0
2,1768494522384,335,-42689,19779,-4012162,938289,872315,0,0,0,232,428,160,346,366,360,316,336,262,133,163,154,0
2,1768494522400,-3110,-46728,12897,-1927890,1067792,-1071457,0,0,0,239,424,161,344,362,358,318,350,259,136,170,152,0
2,1768494522416,-11409,-45800,12945,-10995,889419,-2379930,0,0,0,235,395,154,337,341,348,352,405,254,150,217,137,0
2,1768494522432,-13606,-34390,19956,1711644,-702495,-1881464,0,0,0,243,353,145,325,309,337,426,462,256,182,316,126,0
2,1768494522448,-7810,-8427,23407,3867998,-3616322,-508239,0,0,0,241,333,149,301,290,339,444,487,253,210,374,139,0
2,1768494522464,1603,11318,16448,5827654,-5258327,946841,0,0,0,262,344,153,331,285,358,494,494,261,257,409,148,0
2,1768494522480,-1641,2517,18693,6238155,-2517986,1341460,0,0,0,270,360,160,356,285,375,517,517,277,305,433,162,0
2,1768494522496,-5594,-4297,24685,5016425,-471587,615752,0,0,0,282,394,168,381,305,395,541,541,286,307,437,183,0
2,1768494522512,-1904,-2440,21741,3144734,-244346,-246789,0,0,0,280,424,186,400,325,405,573,573,316,343,464,221,0
2,1768494522528,1966,847,13132,1748296,-454483,-76969,0,0,0,279,452,200,418,353,426,600,600,333,431,512,264,0
2,1768494522544,1756,856,9356,830776,-423940,224798,0,0,0,306,481,222,433,375,440,609,609,342,424,498,316,0
2,1768494522560,272,-234,10284,318871,-334754,212581,0,0,0,338,502,240,443,391,451,614,615,344,386,466,352,0
2,1768494522576,234,306,10787,80634,-287106,15882,0,0,0,355,513,249,446,398,455,632,632,344,446,513,353,0
2,1768494522592,626,961,10279,47647,-227241,-30543,0,0,0,364,518,254,446,400,455,644,644,344,520,576,344,0
2,1768494522608,684,1000,10050,52534,-140499,-3665,0,0,0,371,520,264,452,405,459,639,639,342,514,572,346,0
2,1768494522624,622,909,10083,56199,-75747,2443,0,0,0,377,524,276,456,406,462,637,633,342,529,578,346,0
2,1768494522640,598,933,10141,86742,-61086,-15882,0,0,0,386,529,276,455,410,465,637,623,345,513,555,354,0
2,1768494522656,598,990,10112,168598,-37873,-28099,0,0,0,399,533,276,459,411,469,623,621,361,339,387,405,0
2,1768494522672,593,952,10078,248011,-9773,-29321,0,0,0,407,536,274,458,418,469,631,609,353,323,353,406,0
2,1768494522688,612,856,10054,287106,10995,-29321,0,0,0,407,542,273,460,423,466,628,598,356,441,411,385,0
2,1768494522704,665,784,10021,284663,17104,-32986,0,0,0,417,554,276,472,438,469,618,576,357,327,330,418,0
2,1768494522720,713,756,10002,270002,6108,-42760,0,0,0,424,555,280,477,439,471,610,559,359,306,306,431,0
2,1768494522736,713,732,10002,266337,-15882,-52534,0,0,0,434,559,290,476,439,474,599,534,358,308,293,444,0
2,1768494522752,703,693,10016,270002,-35430,-62308,0,0,0,444,565,294,481,444,475,593,518,363,313,288,452,0
2,1768494522768,737,655,10059,284663,-51312,-70860,0,0,0,452,568,287,497,458,488,586,496,370,373,338,461,0
2,1768494522784,760,622,10117,322536,-75747,-86742,0,0,0,460,572,276,506,470,496,584,484,376,354,311,479,0
2,1768494522800,708,588,10112,365297,-97738,-98960,0,0,0,472,582,273,507,474,499,579,471,378,311,260,500,0
2,1768494522816,693,516,10150,405614,-117286,-100181,0,0,0,487,593,281,514,478,506,565,446,380,339,277,519,0
2,1768494522832,775,464,10318,477696,-151494,-112399,0,0,0,498,597,277,522,493,513,561,430,390,337,267,544,0
2,1768494522848,832,378,10480,593761,-202807,-144164,0,0,0,505,604,263,526,509,522,552,415,399,304,228,563,0
2,1768494522864,818,253,10614,730594,-254119,-175929,0,0,0,521,611,264,540,525,535,541,396,409,309,221,576,0
2,1768494522880,765,143,10897,934623,-270002,-204028,0,0,0,528,615,248,548,542,532,528,392,417,327,228,590,0
2,1768494522896,670,114,11328,1155757,-229685,-219911,0,0,0,530,615,241,554,543,539,512,382,415,329,228,592,0
2,1768494522912,574,67,11902,1393994,-147829,-226020,0,0,0,537,617,225,556,551,552,500,382,407,325,230,602,0
2,1768494522928,430,-9,12476,1659109,-81855,-222354,0,0,0,554,625,225,560,562,565,477,373,399,327,228,610,0
2,1768494522944,239,-57,13098,2050063,-52534,-169820,0,0,0,561,623,212,556,560,551,439,365,396,328,228,614,0
2,1768494522960,282,-105,13783,2542421,-32986,-101403,0,0,0,562,621,212,548,556,548,394,360,391,328,233,620,0
2,1768494522976,856,-186,14840,3088534,-26878,-78190,0,0,0,564,622,213,541,554,540,354,333,381,369,305,625,0
2,1768494522992,1909,-234,16927,3852116,-84299,-190589,0,0,0,569,625,224,539,555,546,311,306,385,333,265,612,0
2,1768494523008,2881,-186,19483,4787961,-207694,-404392,0,0,0,564,620,221,543,568,548,283,262,397,280,198,577,0
2,1768494523024,3723,-186,22632,5867971,-386066,-687834,0,0,0,532,602,202,533,559,536,262,198,392,267,183,534,0
2,1768494523040,4355,-818,27059,7077484,-610865,-955393,0,0,0,493,582,186,512,527,517,243,160,375,260,177,504,0
2,1768494523056,5020,-1727,30466,7997447,-548556,-1156978,0,0,0,448,557,173,485,501,483,245,167,351,247,168,475,0
2,1768494523072,4426,-717,32639,8632747,-381179,-1378111,0,0,0,366,506,158,431,449,430,274,196,307,223,155,405,0
2,1768494523088,4680,2445,33620,8816007,-420275,-1561371,0,0,0,265,461,159,378,384,385,296,241,289,184,151,290,0
2,1768494523104,7776,9447,28107,8236906,-693942,-1804495,0,0,0,243,446,169,366,381,377,307,284,282,158,166,212,0
2,1768494523120,9724,17812,15802,6863681,-753807,-2178345,0,0,0,241,447,163,363,381,377,302,270,280,166,171,204,0
2,1768494523136,8265,22498,7432,4095240,-549778,-2353052,0,0,0,246,443,165,363,380,367,290,273,256,164,175,189,0
2,1768494523152,3771,20909,8576,-305432,-520457,-1705535,0,0,0,237,440,166,345,376,353,287,277,251,157,177,182,0
2,1768494523168,1947,14505,9341,-3538131,-944397,-643851,0,0,0,242,436,173,340,371,361,284,284,251,149,167,187,0
2,1768494523184,5087,8174,5695,-4195422,-1099557,74525,0,0,0,244,433,171,340,371,355,285,295,246,141,158,177,0
2,1768494523200,7384,5661,3005,-4094018,-410501,188146,0,0,0,241,434,169,337,373,348,282,306,247,131,153,165,0
2,1768494523216,6001,5920,4015,-4222300,558330,69638,0,0,0,239,432,168,335,373,349,279,313,244,129,154,164,0
2,1768494523232,3642,6063,6527,-4723210,880867,195476,0,0,0,236,427,164,335,372,350,278,321,236,132,159,164,0
2,1768494523248,3019,5350,8394,-5281540,911410,481361,0,0,0,234,426,162,335,372,349,278,326,232,128,159,157,0
2,1768494523264,3618,4508,9236,-5539325,1087340,638965,0,0,0,233,428,162,337,372,351,278,329,231,124,158,149,0
2,1768494523280,3383,3910,10863,-5781228,1400103,764803,0,0,0,233,426,161,336,372,348,278,333,234,126,164,146,0
2,1768494523296,2617,3804,12849,-6026796,1562593,888198,0,0,0,235,425,158,334,369,344,282,337,235,128,171,143,0
2,1768494523312,2517,3536,15017,-6394537,1588249,1034805,0,0,0,236,422,162,332,370,345,288,341,240,130,176,145,0
2,1768494523328,2871,2909,16984,-6708522,1662775,1088561,0,0,0,240,423,164,333,365,343,286,340,240,132,177,146,0
2,1768494523344,3211,2072,19215,-6910107,1838704,1032362,0,0,0,240,422,164,334,363,344,288,343,240,130,171,147,0
2,1768494523360,3211,1392,22383,-6999293,2048842,968832,0,0,0,241,421,164,335,361,346,289,344,240,127,164,145,0
2,1768494523376,3072,899,26546,-7056715,2186897,1092227,0,0,0,240,421,164,336,359,350,292,340,246,127,160,148,0
2,1768494523392,2694,-641,30590,-7120245,2205223,1572367,0,0,0,240,421,164,335,353,349,295,338,249,128,160,150,0
2,1768494523408,1832,-7269,33586,-7098254,2210110,2323731,0,0,0,241,423,163,337,352,351,309,337,256,128,156,148,0
2,1768494523424,1076,-17439,34558,-6816034,1990198,2624277,0,0,0,243,424,164,342,357,355,315,337,261,130,158,148,0
2,1768494523440,3871,-31897,28710,-5798332,1171639,1897347,0,0,0,245,424,166,345,361,359,314,341,263,131,161,150,0
2,1768494523456,4498,-41717,18731,-4039040,1058018,371406,0,0,0,244,425,168,348,363,362,316,345,266,130,160,151,0
2,1768494523472,-4508,-43560,14424,-2045176,1435533,-913854,0,0,0,242,420,167,344,356,359,319,359,262,164,214,149,0
2,1768494523488,-12471,-42852,13893,-284663,893084,-1346346,0,0,0,239,392,158,333,328,345,349,416,246,247,353,136,0
2,1768494523504,-12199,-37023,18367,1413542,-686612,-821002,0,0,0,243,351,148,323,305,336,420,470,243,264,404,125,0
2,1768494523520,-6293,-17176,22435,3558900,-2819753,18325,0,0,0,244,340,157,297,292,343,455,469,254,206,390,136,0
2,1768494523536,995,6958,16491,6137973,-3918089,811229,0,0,0,263,350,159,322,290,358,480,496,266,258,418,148,0
2,1768494523552,-1287,3096,18779,6458067,-1910786,959058,0,0,0,287,363,174,351,277,366,512,513,275,315,437,158,0
2,1768494523568,-4072,-3498,23857,5128824,-223576,390953,0,0,0,280,381,166,373,284,377,539,539,297,283,435,189,0
2,1768494523584,-717,-2292,21129,3308446,-279776,-246789,0,0,0,282,411,186,385,305,401,578,579,324,298,427,250,0
2,1768494523600,2115,488,13673,1916895,-530231,-56199,0,0,0,286,442,200,410,342,429,598,599,341,326,436,311,0
2,1768494523616,1579,373,10198,860098,-471587,212581,0,0,0,320,479,212,429,375,452,612,611,357,365,449,360,0
2,1768494523632,215,-320,10485,235793,-338419,177150,0,0,0,348,498,223,441,394,460,622,622,365,387,460,387,0
2,1768494523648,311,315,10638,57421,-267558,15882,0,0,0,367,508,232,452,402,462,626,625,365,399,464,402,0
2,1768494523664,746,942,10246,47647,-199142,-32986,0,0,0,380,514,239,458,406,462,627,626,359,403,459,405,0
2,1768494523680,775,918,10074,52534,-133168,-4886,0,0,0,390,519,245,458,408,459,628,628,357,401,456,404,0
2,1768494523696,679,827,10083,45204,-76969,1221,0,0,0,397,519,246,457,410,458,624,624,360,398,451,408,0
2,1768494523712,636,847,10141,56199,-50090,-15882,0,0,0,402,519,244,458,415,463,618,618,357,384,435,413,0
2,1768494523728,660,899,10102,100181,-20769,-25656,0,0,0,410,525,250,456,416,465,615,615,357,361,422,413,0
2,1768494523744,670,880,10054,141720,-3665,-25656,0,0,0,412,524,249,448,414,463,606,606,353,360,415,418,0
2,1768494523760,679,832,10031,162490,0,-20769,0,0,0,416,526,249,456,420,469,607,607,356,346,388,420,0
2,1768494523776,703,799,10007,166155,-1221,-20769,0,0,0,415,529,248,459,429,471,598,602,346,477,462,397,0
2,1768494523792,727,780,9983,163711,-4886,-25656,0,0,0,418,540,256,457,438,469,597,594,353,418,441,411,0
2,1768494523808,751,770,9968,174707,-18325,-34208,0,0,0,427,547,267,460,432,468,593,580,356,401,425,423,0
2,1768494523824,784,751,9983,197920,-39095,-43982,0,0,0,433,552,274,464,436,471,583,558,359,406,415,429,0
2,1768494523840,799,717,10021,224798,-64751,-56199,0,0,0,443,555,259,473,447,478,580,540,361,357,351,446,0
2,1768494523856,775,693,10050,251676,-84299,-67195,0,0,0,453,563,249,484,465,483,573,521,364,370,349,462,0
2,1768494523872,737,689,10059,284663,-96516,-72082,0,0,0,465,573,250,491,478,486,566,502,368,396,366,476,0
2,1768494523888,756,641,10117,334754,-111177,-73303,0,0,0,485,586,259,499,485,495,560,480,378,382,342,496,0
2,1768494523904,789,564,10208,389732,-125838,-84299,0,0,0,501,596,268,506,496,511,554,455,389,344,289,518,0
2,1768494523920,875,483,10332,452040,-161268,-112399,0,0,0,504,600,267,515,512,527,542,432,394,325,253,539,0
2,1768494523936,957,435,10480,537561,-213802,-153938,0,0,0,521,609,265,528,525,533,521,408,400,355,262,558,0
2,1768494523952,1038,363,10734,696386,-307876,-211359,0,0,0,527,620,262,530,536,544,506,392,401,307,229,578,0
2,1768494523968,1100,220,11060,915076,-420275,-270002,0,0,0,537,629,235,544,538,551,491,382,402,314,238,594,0
2,1768494523984,871,148,11825,1252273,-489913,-320093,0,0,0,561,644,230,554,557,553,461,363,397,424,344,602,0
2,1768494524000,344,234,12658,1565036,-427605,-323758,0,0,0,548,637,219,547,561,553,431,355,405,457,380,632,0
2,1768494524016,-114,268,13328,1927890,-323758,-241902,0,0,0,571,641,231,547,563,554,392,348,401,445,361,642,0
2,1768494524032,-138,205,13984,2422691,-249233,-118507,0,0,0,580,644,220,544,571,549,365,369,394,358,278,630,0
2,1768494524048,425,28,14754,3027448,-217468,-21991,0,0,0,594,648,228,534,586,545,325,351,384,354,288,632,0
2,1768494524064,1536,-100,15965,3666413,-241902,-86742,0,0,0,585,638,215,523,565,528,305,326,386,340,292,637,0
2,1768494524080,2354,-157,17717,4361577,-332310,-266337,0,0,0,588,638,221,520,568,532,279,286,396,302,238,615,0
2,1768494524096,3488,-196,20354,5332853,-542448,-568104,0,0,0,578,640,225,520,569,533,252,220,394,269,185,565,0
2,1768494524112,4632,-708,23756,6352998,-812450,-905302,0,0,0,541,619,209,508,550,516,238,168,377,257,169,520,0
2,1768494524128,6073,-1890,27992,7320609,-1116661,-1253495,0,0,0,491,583,188,489,527,490,242,163,354,257,169,500,0
2,1768494524144,7049,-1737,30184,7959574,-1216843,-1621236,0,0,0,427,546,173,459,490,453,256,177,325,244,161,465,0
2,1768494524160,6006,559,31868,8460483,-1130100,-2002416,0,0,0,326,480,158,401,422,398,277,204,291,203,152,355,0
2,1768494524176,5953,4149,32256,8517904,-1152091,-2147802,0,0,0,238,437,156,360,371,364,299,241,269,147,134,196,0
2,1768494524192,9638,12720,24321,7688349,-1193630,-2368935,0,0,0,243,445,162,364,372,384,302,263,274,149,138,202,0
2,1768494524208,9830,19851,13007,5784893,-1049466,-2419026,0,0,0,245,452,170,362,379,386,290,262,259,147,138,206,0
2,1768494524224,5498,22344,9040,1811826,-1049466,-1325577,0,0,0,233,446,169,346,386,362,284,273,258,140,146,199,0
2,1768494524240,2660,18324,9600,-2335948,-1425759,414166,0,0,0,232,439,160,346,388,359,287,282,249,135,143,182,0
2,1768494524256,5465,9748,8360,-4290717,-1826487,1756848,0,0,0,231,440,165,338,382,359,286,290,245,135,145,174,0
2,1768494524272,9643,5235,3680,-3860668,-1048244,1571145,0,0,0,231,433,169,333,377,360,283,300,247,133,155,175,0
2,1768494524288,8863,5139,2565,-3619987,205250,836885,0,0,0,233,430,173,330,377,359,277,307,242,128,155,174,0
2,1768494524304,5661,6317,5044,-4224743,741590,367740,0,0,0,237,428,172,331,375,352,275,315,236,129,157,171,0
2,1768494524320,4230,6226,7331,-5049412,817337,149051,0,0,0,236,426,167,330,372,347,276,324,229,131,161,165,0
2,1768494524336,4953,4876,8183,-5529552,879645,103847,0,0,0,234,427,164,327,370,347,275,327,224,128,163,153,0
2,1768494524352,4953,3843,9227,-5641951,1312138,79412,0,0,0,235,425,165,328,369,350,276,327,225,126,166,147,0
2,1768494524368,3981,3622,11107,-5743354,1740965,164933,0,0,0,234,423,164,329,369,353,279,335,229,126,166,149,0
2,1768494524384,3335,3814,13381,-6026796,1955990,410501,0,0,0,232,424,161,330,369,350,278,339,229,128,170,147,0
2,1768494524400,3297,3675,15898,-6436076,2136806,709825,0,0,0,233,423,158,335,367,346,282,339,230,129,167,141,0
2,1768494524416,3555,2914,18497,-6773273,2326174,934623,0,0,0,229,423,157,331,370,348,282,339,231,127,168,141,0
2,1768494524432,3565,2129,21440,-6871012,2502104,1042136,0,0,0,232,426,161,331,367,349,283,339,232,128,169,142,0
2,1768494524448,3508,1809,25675,-6947981,2689028,1174082,0,0,0,229,424,160,332,366,350,283,337,232,125,162,140,0
2,1768494524464,2995,1277,30332,-7144679,2841745,1436755,0,0,0,229,424,159,334,363,353,285,336,238,125,161,142,0
2,1768494524480,1158,-3058,34347,-7382917,2923601,1936442,0,0,0,232,424,163,334,360,358,295,336,247,127,159,145,0
2,1768494524496,-1684,-12021,37161,-7282735,2781880,2392148,0,0,0,226,421,162,334,361,366,300,334,258,128,160,153,0
2,1768494524512,-1478,-24206,34615,-6522819,1919338,2239431,0,0,0,227,425,163,342,362,371,305,331,260,131,159,155,0
2,1768494524528,2708,-36769,25632,-5170363,1033583,1216843,0,0,0,232,427,164,352,364,369,312,335,262,135,159,152,0
2,1768494524544,2081,-44235,15113,-3314554,1219287,-674395,0,0,0,233,428,166,351,366,368,313,340,264,134,160,150,0
2,1768494524560,-10480,-44747,12969,-1401324,1530828,-2141693,0,0,0,228,428,167,344,367,369,306,343,260,129,160,149,0
2,1768494524576,-17879,-42129,14974,285884,499687,-2300518,0,0,0,228,400,155,338,347,363,347,391,253,142,218,139,0
2,1768494524592,-11500,-29346,20081,1968207,-1429424,-1483180,0,0,0,233,352,146,323,308,355,426,457,261,174,318,132,0
2,1768494524608,-1660,-47,22952,3645643,-4328591,-202807,0,0,0,241,334,154,312,287,357,467,474,274,202,367,138,0
2,1768494524624,3311,14850,15352,4767192,-5830097,1062905,0,0,0,253,344,151,328,293,366,493,499,265,258,417,138,0
2,1768494524640,-2435,3718,15147,5590638,-3247359,1655444,0,0,0,257,333,157,355,277,370,521,551,265,394,492,152,0
2,1768494524656,-7437,-4158,21890,5158146,-708603,1015258,0,0,0,271,362,166,370,279,380,568,579,276,490,533,153,0
2,1768494524672,-2225,-1689,20890,3529579,-437379,-50090,0,0,0,270,388,173,382,302,393,597,596,309,454,515,176,0
2,1768494524688,2258,961,14893,2072054,-572991,-191811,0,0,0,279,429,189,405,332,411,610,610,331,438,506,236,0
2,1768494524704,1880,861,9954,951728,-486248,221133,0,0,0,290,459,215,418,357,434,619,619,345,433,491,288,0
2,1768494524720,349,4,10370,427605,-312763,204028,0,0,0,313,480,229,435,381,451,623,623,345,433,473,322,0
2,1768494524736,162,229,10710,146607,-240680,53756,0,0,0,341,498,250,437,387,456,638,637,346,447,486,344,0
2,1768494524752,650,885,10361,90408,-218689,-28099,0,0,0,360,504,257,442,395,455,645,644,347,456,504,345,0
2,1768494524768,737,1014,10069,80634,-151494,-7330,0,0,0,373,511,261,445,395,456,645,645,349,441,489,345,0
2,1768494524784,650,942,10050,64751,-86742,4886,0,0,0,375,512,266,446,397,454,638,638,353,449,488,351,0
2,1768494524800,603,942,10112,65973,-56199,-8552,0,0,0,369,510,262,442,400,449,629,628,351,451,486,362,0
2,1768494524816,603,985,10117,86742,-17104,-21991,0,0,0,365,508,252,430,427,443,622,621,344,447,481,360,0
2,1768494524832,636,995,10059,119729,21991,-26878,0,0,0,365,505,251,424,459,441,613,613,341,486,517,334,0
2,1768494524848,655,961,10002,145385,34208,-26878,0,0,0,366,503,253,449,402,449,608,608,341,483,515,333,0
2,1768494524864,670,933,9964,167377,26878,-26878,0,0,0,362,510,248,449,405,447,595,594,344,350,379,357,0
2,1768494524880,689,909,9949,182037,13439,-28099,0,0,0,366,513,254,452,408,454,583,583,354,434,416,341,0
2,1768494524896,727,875,9935,190589,0,-32986,0,0,0,368,515,255,452,409,454,587,587,345,338,365,372,0
2,1768494524912,765,842,9925,189368,-24434,-39095,0,0,0,376,520,257,457,416,458,588,588,349,331,358,378,0
2,1768494524928,765,808,9935,182037,-54977,-45204,0,0,0,386,530,267,463,421,462,593,587,352,328,349,383,0
2,1768494524944,751,794,9959,186924,-81855,-52534,0,0,0,397,541,269,469,437,473,600,580,362,315,321,405,0
2,1768494524960,717,794,9992,216246,-98960,-58643,0,0,0,412,544,268,473,441,477,603,562,368,379,368,414,0
2,1768494524976,713,784,10040,262672,-106290,-62308,0,0,0,431,558,271,484,453,484,598,533,368,338,314,444,0
2,1768494524992,737,746,10122,327423,-105068,-67195,0,0,0,449,573,287,501,474,504,594,511,381,302,271,476,0
2,1768494525008,794,693,10236,406836,-106290,-83077,0,0,0,469,587,295,511,486,513,591,487,393,306,263,501,0
2,1768494525024,847,622,10351,494800,-114842,-109955,0,0,0,490,600,297,515,494,516,586,454,398,307,249,529,0
2,1768494525040,861,507,10538,602313,-133168,-151494,0,0,0,501,606,297,525,517,534,575,425,406,303,236,554,0
2,1768494525056,909,406,10830,759916,-180816,-189368,0,0,0,515,613,277,540,535,550,557,408,405,301,225,574,0
2,1768494525072,1086,287,11342,1022588,-246789,-230907,0,0,0,530,622,249,550,546,561,533,393,401,306,224,594,0
2,1768494525088,923,272,12213,1417207,-240680,-280998,0,0,0,539,622,219,559,563,551,507,386,404,319,229,603,0
2,1768494525104,425,325,13127,1833817,-172263,-274889,0,0,0,548,624,220,559,568,553,482,389,399,320,230,596,0
2,1768494525120,253,320,13888,2266310,-116064,-196698,0,0,0,556,629,210,556,563,548,445,381,404,322,230,612,0
2,1768494525136,746,224,14615,2795319,-161268,-128281,0,0,0,572,629,215,550,563,545,380,365,385,322,230,624,0
2,1768494525152,1517,148,15525,3384193,-240680,-147829,0,0,0,568,631,215,542,563,542,337,354,378,310,224,617,0
2,1768494525168,2086,105,16668,4112344,-320093,-315206,0,0,0,570,625,224,528,561,538,307,332,389,298,217,604,0
2,1768494525184,2091,95,18186,4863709,-378736,-488692,0,0,0,575,631,228,527,561,529,277,277,388,281,203,593,0
2,1768494525200,2938,52,20780,5881410,-478918,-681725,0,0,0,554,625,218,529,555,527,256,205,381,260,178,544,0
2,1768494525216,4991,-1062,24407,6925990,-654847,-951728,0,0,0,520,601,204,517,543,523,243,169,377,254,169,512,0
2,1768494525232,6384,-2182,28236,7865500,-626747,-1298699,0,0,0,476,569,188,493,519,503,244,165,362,253,171,494,0
2,1768494525248,4910,-1206,30543,8426275,-410501,-1601688,0,0,0,406,532,167,454,471,458,260,175,332,239,163,448,0
2,1768494525264,3283,1474,31366,8648630,-442266,-1744631,0,0,0,314,481,156,402,412,405,283,204,300,198,144,335,0
2,1768494525280,5010,5833,29624,8401840,-684169,-1821600,0,0,0,245,440,161,364,371,374,305,242,284,146,129,206,0
2,1768494525296,7552,13132,20555,7250970,-794124,-2039068,0,0,0,257,442,170,371,376,382,312,256,292,150,134,212,0
2,1768494525312,7231,20177,9686,4830722,-790459,-2150245,0,0,0,257,440,170,369,380,377,302,260,281,150,135,207,0
2,1768494525328,3450,22172,7116,828333,-836885,-1483180,0,0,0,260,436,168,363,373,367,302,269,271,149,140,204,0
2,1768494525344,1861,15683,9236,-2733011,-1319468,-36651,0,0,0,250,429,165,355,371,370,300,280,264,143,143,187,0
2,1768494525360,4733,8131,7709,-4170987,-1689653,1032362,0,0,0,237,435,165,344,382,362,290,288,262,142,159,177,0
2,1768494525376,8561,4876,3948,-4010941,-1196074,1088561,0,0,0,239,433,167,339,376,355,286,297,246,141,167,172,0
2,1768494525392,7140,5786,4278,-4278500,-188146,541226,0,0,0,235,429,165,333,373,355,282,310,246,130,157,170,0
2,1768494525408,4632,6101,6360,-4904026,349414,152716,0,0,0,239,428,168,332,376,353,282,321,241,126,157,160,0
2,1768494525424,4101,5240,7686,-5398826,463035,15882,0,0,0,242,429,168,331,374,353,280,324,239,127,161,162,0
2,1768494525440,4560,4321,8480,-5651725,811229,-72082,0,0,0,239,427,167,332,374,351,278,328,237,127,164,157,0
2,1768494525456,3895,3876,9978,-5830097,1274264,-100181,0,0,0,235,425,166,330,375,349,276,329,238,122,164,149,0
2,1768494525472,2900,3541,11931,-5973040,1563815,23212,0,0,0,235,425,165,328,374,349,278,333,241,122,166,149,0
2,1768494525488,2531,3153,13854,-6084217,1762957,218689,0,0,0,233,424,162,328,372,350,282,341,241,124,168,150,0
2,1768494525504,2613,2861,15802,-6164851,1953547,387288,0,0,0,232,422,160,328,371,349,282,341,241,124,168,146,0
2,1768494525520,2574,2699,18382,-6321233,2189341,465479,0,0,0,237,425,165,331,370,351,284,341,242,125,168,148,0
2,1768494525536,2297,2502,21622,-6623000,2414139,516791,0,0,0,238,425,163,331,367,354,282,342,244,129,168,158,0
2,1768494525552,2220,1976,24914,-6914994,2524095,651182,0,0,0,238,424,159,330,364,346,286,342,243,129,169,148,0
2,1768494525568,2335,708,28777,-7097032,2613281,962723,0,0,0,237,424,164,332,366,353,288,339,248,124,160,150,0
2,1768494525584,1622,-2474,31720,-7050606,2697580,1437976,0,0,0,238,427,166,330,364,354,288,335,251,123,159,150,0
2,1768494525600,-1110,-9949,33673,-6725626,2649933,1869247,0,0,0,235,428,163,338,367,354,297,337,262,124,155,149,0
2,1768494525616,-3029,-20483,33122,-6173404,2139250,1943773,0,0,0,233,430,166,339,368,361,305,342,266,127,156,153,0
2,1768494525632,-1215,-32476,27097,-5215567,1297477,1382998,0,0,0,231,427,167,342,369,369,310,344,270,129,157,164,0
2,1768494525648,-641,-42277,17243,-3466049,1080009,-25656,0,0,0,229,427,167,343,371,374,308,341,272,127,158,168,0
2,1768494525664,-7666,-47149,12021,-1404990,1249830,-1530828,0,0,0,232,419,163,342,360,366,320,374,264,135,176,157,0
2,1768494525680,-14156,-43991,14606,208915,452040,-1775174,0,0,0,237,385,154,339,337,353,373,424,254,158,247,141,0
2,1768494525696,-11418,-29480,21493,2185675,-1550375,-1242499,0,0,0,239,344,147,321,306,347,431,464,252,202,349,132,0
2,1768494525712,-239,-1048,19784,4190535,-4245513,-305432,0,0,0,245,331,154,311,287,357,465,484,264,244,406,139,0
2,1768494525728,4187,9270,14907,5578421,-4735427,461814,0,0,0,263,339,162,335,282,372,504,505,278,272,422,150,0
2,1768494525744,-1512,469,17989,5918062,-2216219,1045801,0,0,0,276,355,166,359,277,377,535,535,286,314,448,160,0
2,1768494525760,-4379,-3177,23321,4466646,-730594,445931,0,0,0,279,386,173,374,301,386,559,559,301,332,461,179,0
2,1768494525776,-536,-784,19305,2786767,-532674,-118507,0,0,0,276,416,186,391,321,417,586,585,330,357,466,219,0
2,1768494525792,1852,981,12266,1583362,-520457,29321,0,0,0,275,439,205,417,348,438,618,617,322,541,568,243,0
2,1768494525808,1292,397,9830,742812,-392175,211359,0,0,0,288,481,215,425,372,441,631,631,335,506,558,295,0
2,1768494525824,229,-258,10658,274889,-295658,156381,0,0,0,322,501,230,427,389,450,645,646,343,539,578,320,0
2,1768494525840,416,440,10586,111177,-250454,23212,0,0,0,350,507,236,438,402,454,646,646,343,551,586,333,0
2,1768494525856,760,1019,10078,75747,-200363,-20769,0,0,0,362,510,239,440,402,451,645,644,345,541,579,341,0
2,1768494525872,780,976,9968,76969,-141720,1221,0,0,0,373,518,244,439,400,455,646,645,341,545,584,347,0
2,1768494525888,684,890,10112,81855,-96516,1221,0,0,0,386,524,251,442,404,464,651,646,348,564,596,358,0
2,1768494525904,650,928,10155,114842,-68416,-9773,0,0,0,402,528,254,447,412,467,647,641,359,479,503,382,0
2,1768494525920,665,971,10102,182037,-36651,-18325,0,0,0,412,531,257,454,417,468,606,605,377,378,397,404,0
2,1768494525936,684,909,10050,232128,-6108,-15882,0,0,0,415,531,256,457,419,469,592,587,379,365,380,412,0
2,1768494525952,713,813,10031,263893,14660,-18325,0,0,0,418,533,250,457,420,466,622,608,355,338,354,421,0
2,1768494525968,737,756,10016,262672,8552,-26878,0,0,0,418,538,249,463,429,473,618,595,355,309,321,432,0
2,1768494525984,760,717,9997,252898,0,-40317,0,0,0,422,539,245,467,434,476,617,579,359,305,309,437,0
2,1768494526000,760,698,9992,240680,-7330,-48869,0,0,0,429,544,248,471,444,473,614,563,361,316,308,442,0
2,1768494526016,770,693,10007,240680,-15882,-56199,0,0,0,435,552,258,481,449,482,606,534,365,433,420,437,0
2,1768494526032,784,665,10031,256563,-26878,-65973,0,0,0,443,557,251,481,451,477,612,527,370,361,330,459,0
2,1768494526048,794,617,10040,276111,-40317,-74525,0,0,0,456,568,259,489,466,487,605,514,376,304,266,485,0
2,1768494526064,794,564,10045,300545,-63529,-80634,0,0,0,463,575,256,496,473,492,603,495,380,298,249,504,0
2,1768494526080,808,526,10107,339641,-87964,-85521,0,0,0,477,587,266,497,482,499,592,481,386,299,244,528,0
2,1768494526096,847,478,10208,388510,-108734,-98960,0,0,0,490,592,264,508,497,511,583,464,399,321,263,546,0
2,1768494526112,880,416,10342,475253,-141720,-124616,0,0,0,500,595,257,523,510,524,574,440,405,320,255,559,0
2,1768494526128,894,330,10500,610865,-171042,-155159,0,0,0,515,602,256,534,523,537,555,416,403,307,234,573,0
2,1768494526144,952,239,10835,791681,-182037,-185703,0,0,0,533,608,247,544,540,542,536,400,410,310,230,589,0
2,1768494526160,1105,119,11548,1127657,-173485,-232128,0,0,0,543,614,228,554,552,539,520,388,420,316,230,602,0
2,1768494526176,756,157,12414,1506393,-75747,-271224,0,0,0,553,619,224,550,553,538,491,381,413,324,234,608,0
2,1768494526192,320,196,13227,1887573,29321,-244346,0,0,0,560,620,215,553,552,535,467,376,415,334,238,620,0
2,1768494526208,382,143,13950,2351831,52534,-155159,0,0,0,558,619,206,560,563,541,419,366,404,324,231,622,0
2,1768494526224,961,38,14879,2902831,32986,-105068,0,0,0,572,622,217,564,562,556,383,359,399,330,232,622,0
2,1768494526240,1809,9,16324,3595552,-14660,-168598,0,0,0,571,629,214,533,566,542,328,327,393,338,285,634,0
2,1768494526256,2416,124,18291,4475198,-105068,-350636,0,0,0,577,622,220,534,562,548,289,296,394,299,226,611,0
2,1768494526272,3412,81,20698,5445252,-216246,-579100,0,0,0,561,601,213,532,564,551,278,223,408,271,188,568,0
2,1768494526288,4412,-229,24556,6629109,-389732,-875980,0,0,0,523,588,193,518,546,535,271,180,403,261,176,523,0
2,1768494526304,5451,-1344,28791,7698123,-441044,-1109331,0,0,0,486,569,183,500,518,510,256,170,377,257,170,493,0
2,1768494526320,5637,-1416,31768,8510574,-234572,-1343903,0,0,0,425,532,168,469,486,466,262,179,339,246,170,460,0
2,1768494526336,4962,890,33103,8890532,-51312,-1596801,0,0,0,314,478,159,414,427,416,288,211,305,205,159,349,0
2,1768494526352,6269,5192,31935,8783020,-79412,-1835039,0,0,0,239,444,164,373,375,388,307,250,291,162,146,233,0
2,1768494526368,9016,14242,23560,7839844,-184481,-2224771,0,0,0,245,442,169,368,369,381,311,270,290,154,147,211,0
2,1768494526384,8652,22230,11208,5276653,-184481,-2615724,0,0,0,249,437,168,363,371,373,305,277,279,154,151,203,0
2,1768494526400,5230,25010,7312,1411098,-216246,-2367713,0,0,0,249,435,166,356,371,361,299,281,261,151,155,194,0
2,1768494526416,938,19593,9767,-3313333,-684169,-1127657,0,0,0,237,434,168,339,363,358,296,288,259,140,151,182,0
2,1768494526432,3335,10351,8030,-4680449,-1291369,36651,0,0,0,242,430,171,340,370,360,290,293,252,137,153,175,0
2,1768494526448,7753,4986,3517,-4393342,-996932,415388,0,0,0,236,428,168,334,370,355,286,302,245,139,160,174,0
2,1768494526464,7130,5479,3091,-4162435,207694,69638,0,0,0,236,431,171,334,375,357,284,315,245,133,163,170,0
2,1768494526480,4182,6168,5302,-4475198,929736,-101403,0,0,0,239,428,167,330,368,347,284,319,240,160,180,162,0
2,1768494526496,2747,5632,7461,-4978551,989601,3665,0,0,0,236,425,168,326,370,348,281,322,239,139,174,162,0
2,1768494526512,3110,4781,8590,-5313305,1081231,116064,0,0,0,232,425,165,326,369,347,283,327,239,130,170,157,0
2,1768494526528,3273,4302,9964,-5574756,1450194,162490,0,0,0,233,424,162,328,367,347,283,330,240,131,171,153,0
2,1768494526544,2172,4273,12275,-5903401,1782504,255341,0,0,0,236,424,160,330,368,348,284,330,240,142,191,149,0
2,1768494526560,1244,4091,14706,-6266255,1915673,441044,0,0,0,236,424,160,331,367,346,285,332,239,148,203,145,0
2,1768494526576,1119,3450,17023,-6574131,1937664,662177,0,0,0,236,424,159,331,365,347,285,333,238,150,208,143,0
2,1768494526592,1325,2684,19349,-6748839,1995085,825889,0,0,0,235,423,158,330,363,348,285,332,238,155,217,145,0
2,1768494526608,1756,1976,22378,-6831916,2105041,977384,0,0,0,234,423,158,315,372,338,285,332,239,160,221,146,0
2,1768494526624,1923,1392,26527,-6946759,2227214,1285260,0,0,0,235,422,156,299,384,328,289,328,243,158,212,144,0
2,1768494526640,1646,-536,30710,-7139792,2265088,1882686,0,0,0,236,420,155,331,352,348,301,330,251,152,199,144,0
2,1768494526656,1282,-6546,33754,-7261965,2225992,2646268,0,0,0,230,424,152,327,350,346,322,328,253,149,193,144,0
2,1768494526672,521,-16558,34223,-6927211,1976759,2858849,0,0,0,242,426,161,339,356,356,315,327,261,159,198,150,0
2,1768494526688,2029,-28489,30399,-6078109,1226617,2399478,0,0,0,239,427,161,342,359,358,317,330,275,162,203,157,0
2,1768494526704,5379,-39147,20478,-4471533,663399,875980,0,0,0,240,428,160,344,363,363,319,330,271,161,202,156,0
2,1768494526720,-593,-42655,13797,-2499660,1145983,-1147204,0,0,0,244,428,162,342,362,360,313,332,263,165,208,159,0
2,1768494526736,-10265,-42622,12959,-867428,1059240,-2265088,0,0,0,241,420,161,342,353,359,318,365,251,197,237,152,0
2,1768494526752,-13744,-38860,14946,714712,-152716,-2103819,0,0,0,235,388,157,332,335,349,372,443,245,213,339,134,0
2,1768494526768,-5943,-18717,21191,2778215,-2228436,-963945,0,0,0,244,358,150,327,302,340,428,466,250,209,357,127,0
2,1768494526784,3603,7992,18741,4708549,-4272391,432492,0,0,0,260,356,155,327,290,350,456,477,257,231,384,133,0
2,1768494526800,3354,7815,14434,5826432,-3323106,1496619,0,0,0,268,365,159,340,295,366,479,493,262,246,409,147,0
2,1768494526816,-3019,-416,17999,5798332,-1220508,1825265,0,0,0,270,378,155,359,302,373,511,514,271,245,416,157,0
2,1768494526832,-5656,-3077,21454,4395786,-259006,702495,0,0,0,273,399,162,376,312,383,533,533,290,255,409,180,0
2,1768494526848,-1273,-598,18286,2979800,-412944,-301767,0,0,0,275,424,185,394,327,406,550,550,317,273,388,233,0
2,1768494526864,3503,1507,11572,1742187,-596204,-265115,0,0,0,277,450,204,413,348,428,579,578,338,328,415,290,0
2,1768494526880,1727,129,10500,888198,-412944,151494,0,0,0,298,483,216,436,379,446,604,602,342,462,522,316,0
2,1768494526896,153,-411,10801,219911,-349414,185703,0,0,0,335,498,234,439,395,456,618,617,347,498,551,347,0
2,1768494526912,335,378,10576,24434,-329867,21991,0,0,0,365,512,244,439,397,451,623,627,333,547,579,353,0
2,1768494526928,756,933,10179,19547,-254119,-34208,0,0,0,379,517,251,447,403,465,632,632,341,557,584,359,0
2,1768494526944,818,923,10078,51312,-145385,0,0,0,0,380,521,249,453,404,466,633,634,341,556,585,364,0
2,1768494526960,698,842,10136,41538,-85521,4886,0,0,0,388,526,255,447,403,466,630,629,340,552,581,359,0
2,1768494526976,655,861,10122,43982,-47647,-7330,0,0,0,399,527,260,450,405,468,622,623,337,556,581,360,0
2,1768494526992,684,918,10083,69638,-18325,-20769,0,0,0,409,530,265,448,405,467,625,622,342,554,582,363,0
2,1768494527008,708,909,10054,111177,4886,-21991,0,0,0,413,528,262,452,406,468,612,610,351,445,475,398,0
2,1768494527024,717,890,10021,149051,12217,-23212,0,0,0,411,529,259,455,410,475,596,595,362,374,387,414,0
2,1768494527040,737,861,9992,180816,3665,-24434,0,0,0,412,534,258,456,412,478,592,592,365,349,363,418,0
2,1768494527056,765,832,9968,207694,-9773,-29321,0,0,0,416,538,258,461,417,477,596,593,365,318,343,427,0
2,1768494527072,784,784,9959,223576,-26878,-36651,0,0,0,421,543,260,463,424,478,598,587,368,313,330,432,0
2,1768494527088,794,741,9983,224798,-39095,-42760,0,0,0,427,551,260,467,431,478,594,568,362,305,308,440,0
2,1768494527104,804,717,10011,239459,-51312,-50090,0,0,0,436,563,260,482,445,480,595,543,363,295,282,452,0
2,1768494527120,813,727,10054,280998,-61086,-62308,0,0,0,454,567,263,492,460,486,587,524,364,302,277,473,0
2,1768494527136,818,703,10102,338419,-68416,-73303,0,0,0,470,573,272,496,470,495,587,508,373,320,284,494,0
2,1768494527152,813,612,10141,395840,-78190,-84299,0,0,0,486,584,280,501,482,511,578,480,378,357,310,510,0
2,1768494527168,818,516,10169,431270,-89186,-95294,0,0,0,491,592,275,506,490,514,571,463,403,300,242,535,0
2,1768494527184,866,459,10265,470366,-107512,-109955,0,0,0,506,602,280,516,498,520,544,437,403,298,229,553,0
2,1768494527200,914,430,10461,564439,-145385,-134390,0,0,0,514,608,270,523,521,528,542,414,401,302,229,566,0
2,1768494527216,933,330,10725,725707,-179594,-163711,0,0,0,526,613,261,535,534,535,539,402,403,307,231,578,0
2,1768494527232,904,181,11088,972497,-212581,-194255,0,0,0,541,616,235,545,541,545,529,390,403,304,224,593,0
2,1768494527248,832,114,11634,1262047,-168598,-211359,0,0,0,546,616,219,553,549,552,507,377,402,313,222,605,0
2,1768494527264,646,129,12299,1546710,-63529,-218689,0,0,0,548,619,222,554,556,555,482,370,401,327,229,611,0
2,1768494527280,425,129,13003,1871691,7330,-185703,0,0,0,554,621,222,552,557,554,458,367,401,329,230,610,0
2,1768494527296,483,28,13467,2277305,0,-120951,0,0,0,557,618,219,554,556,552,419,366,400,326,228,613,0
2,1768494527312,918,-110,14185,2808758,-8552,-81855,0,0,0,563,622,222,543,550,553,374,360,393,331,252,627,0
2,1768494527328,1914,-215,15596,3490483,-62308,-177150,0,0,0,568,624,221,530,548,547,328,333,392,341,285,635,0
2,1768494527344,2445,-201,17190,4180761,-136833,-357967,0,0,0,569,623,209,530,556,554,304,306,402,297,210,611,0
2,1768494527360,2713,-153,19545,5094616,-227241,-575435,0,0,0,574,617,214,532,563,566,272,238,400,280,198,592,0
2,1768494527376,3541,-526,23038,6184399,-356745,-781907,0,0,0,529,589,204,532,554,552,272,173,400,266,180,528,0
2,1768494527392,4661,-1493,27303,7250970,-448375,-972497,0,0,0,498,581,190,509,533,520,254,162,379,259,176,509,0
2,1768494527408,5455,-2005,30811,8133059,-300545,-1176526,0,0,0,453,554,174,478,495,482,254,165,353,254,170,488,0
2,1768494527424,4714,-95,32672,8660847,-116064,-1420872,0,0,0,371,504,164,428,434,432,277,191,313,226,156,419,0
2,1768494527440,5637,3000,32801,8780576,-206472,-1640784,0,0,0,275,446,159,379,377,383,307,241,287,170,142,258,0
2,1768494527456,9719,9748,26958,8227133,-366519,-1986533,0,0,0,249,432,166,366,367,378,315,270,288,149,142,203,0
2,1768494527472,11423,17942,14103,6505714,-122173,-2559525,0,0,0,252,431,176,363,373,385,310,279,287,150,147,217,0
2,1768494527488,8466,23306,6657,3189938,201585,-2731789,0,0,0,252,428,176,359,375,376,304,284,275,151,152,214,0
2,1768494527504,2904,21134,8341,-1155757,-65973,-1821600,0,0,0,247,427,172,351,374,363,299,287,261,148,153,196,0
2,1768494527520,1067,13601,8959,-4355469,-889419,-521678,0,0,0,239,424,170,342,374,361,293,291,253,142,151,188,0
2,1768494527536,5259,7293,5044,-4657236,-1081231,62308,0,0,0,236,422,166,341,374,359,290,302,248,136,157,178,0
2,1768494527552,7982,5015,2263,-4333478,-216246,6108,0,0,0,236,425,166,337,375,356,285,311,244,136,163,173,0
2,1768494527568,5685,5685,3646,-4291939,1066570,-272445,0,0,0,235,425,166,335,379,354,278,323,239,131,167,166,0
2,1768494527584,2297,6006,6618,-4645019,1384220,-157603,0,0,0,234,423,166,330,375,350,283,331,242,131,168,167,0
2,1768494527600,1579,5752,8427,-5076290,1304808,118507,0,0,0,235,423,170,330,376,353,283,335,245,134,170,170,0
2,1768494527616,2727,5192,9523,-5545434,1408655,333532,0,0,0,237,427,168,323,362,342,279,336,235,121,161,166,0
2,1768494527632,2608,4527,11351,-5911953,1783726,404392,0,0,0,242,428,170,328,363,345,279,336,236,123,164,152,0
2,1768494527648,1971,3943,13414,-6148969,2020742,485026,0,0,0,243,425,167,327,363,344,282,340,237,125,171,150,0
2,1768494527664,1608,3560,15802,-6362772,2107485,599869,0,0,0,243,426,167,326,359,343,282,338,238,130,192,148,0
2,1768494527680,1895,3158,18554,-6652322,2157576,686612,0,0,0,242,425,167,327,359,345,283,339,239,135,205,149,0
2,1768494527696,2368,2330,21928,-6963863,2261423,742812,0,0,0,249,420,163,333,362,349,284,337,240,139,208,150,0
2,1768494527712,2828,1167,25910,-7106806,2384817,885754,0,0,0,251,419,162,336,360,350,287,330,241,136,191,148,0
2,1768494527728,2967,-378,29992,-7137349,2480112,1286482,0,0,0,243,423,168,331,353,348,293,328,245,129,163,147,0
2,1768494527744,2330,-4852,33280,-7066489,2591290,2061059,0,0,0,245,423,167,333,354,352,301,329,255,127,157,149,0
2,1768494527760,574,-12835,35549,-6844134,2613281,2733011,0,0,0,241,420,165,343,361,359,313,331,265,141,162,153,0
2,1768494527776,-354,-24560,34060,-6291911,1923003,2789210,0,0,0,246,423,164,353,361,358,319,330,264,187,182,162,0
2,1768494527792,3259,-37032,23886,-4995655,962723,1638340,0,0,0,247,423,164,358,365,365,319,330,268,139,157,162,0
2,1768494527808,2397,-45326,13117,-3062878,1088561,-278554,0,0,0,245,423,164,361,366,367,320,332,268,140,160,162,0
2,1768494527824,-8308,-46408,10433,-930958,1624901,-1946216,0,0,0,241,424,165,347,368,365,312,336,264,132,159,153,0
2,1768494527840,-14477,-41105,14084,806342,480140,-1923003,0,0,0,231,409,155,340,355,358,324,370,254,131,173,142,0
2,1768494527856,-10256,-31031,17123,2343279,-960280,-1255938,0,0,0,243,367,146,332,323,341,407,439,250,170,289,133,0
2,1768494527872,-201,-3977,22895,3532022,-2541199,-178372,0,0,0,248,333,146,325,294,340,458,468,255,189,351,123,0
2,1768494527888,4761,19784,17023,3810577,-4542393,1373225,0,0,0,257,330,155,324,286,354,483,483,270,218,387,132,0
2,1768494527904,-741,10026,10332,4674340,-4102570,2277305,0,0,0,274,342,165,343,283,370,505,505,289,272,417,151,0
2,1768494527920,-7968,-3397,18367,5198463,-1643227,1573588,0,0,0,286,364,170,370,287,383,533,533,304,352,451,168,0
2,1768494527936,-5374,-4010,23402,4245513,-551000,207694,0,0,0,287,396,178,375,328,391,571,571,310,452,508,191,0
2,1768494527952,1718,559,18243,2528982,-645073,-276111,0,0,0,284,425,191,381,379,408,613,613,314,529,565,230,0
2,1768494527968,2062,636,11950,1153313,-544891,146607,0,0,0,290,458,205,428,377,444,624,624,333,535,574,282,0
2,1768494527984,71,-416,9810,326202,-263893,290771,0,0,0,324,481,224,437,388,456,639,638,342,542,582,316,0
2,1768494528000,19,105,10279,177150,-151494,76969,0,0,0,352,500,233,456,402,466,647,641,357,544,585,333,0
2,1768494528016,579,732,10294,130725,-162490,-26878,0,0,0,361,504,234,451,410,470,652,651,361,534,579,344,0
2,1768494528032,765,871,10088,94073,-171042,-12217,0,0,0,365,512,246,453,414,482,651,646,354,543,588,359,0
2,1768494528048,603,741,10059,80634,-129503,6108,0,0,0,377,516,250,457,415,474,647,646,362,408,450,391,0
2,1768494528064,526,746,10131,109955,-103847,-4886,0,0,0,395,524,260,459,416,473,642,640,354,377,410,398,0
2,1768494528080,516,818,10179,177150,-80634,-24434,0,0,0,397,523,257,456,413,470,642,628,359,359,385,411,0
2,1768494528096,507,784,10131,235793,-34208,-28099,0,0,0,398,523,254,461,416,476,647,619,358,339,370,415,0
2,1768494528112,526,689,10050,273667,12217,-28099,0,0,0,400,523,251,468,424,485,643,606,358,321,342,426,0
2,1768494528128,550,626,10002,272445,30543,-32986,0,0,0,407,524,254,475,431,488,633,589,364,312,316,435,0
2,1768494528144,583,593,9992,263893,37873,-37873,0,0,0,413,529,257,475,433,484,625,576,372,301,291,444,0
2,1768494528160,622,579,10007,260228,35430,-43982,0,0,0,411,534,255,478,437,484,618,561,378,292,271,454,0
2,1768494528176,670,555,10016,259006,13439,-51312,0,0,0,412,537,251,487,442,494,614,543,378,290,264,462,0
2,1768494528192,698,516,10021,256563,-17104,-61086,0,0,0,425,545,259,486,443,495,613,535,378,287,257,474,0
2,1768494528208,679,464,10026,254119,-50090,-67195,0,0,0,442,553,265,489,459,499,600,523,380,293,252,494,0
2,1768494528224,655,430,10059,262672,-70860,-73303,0,0,0,450,560,263,485,467,500,599,525,397,298,250,510,0
2,1768494528240,636,411,10112,293215,-79412,-81855,0,0,0,455,565,266,500,470,509,611,489,396,295,241,517,0
2,1768494528256,607,378,10160,329867,-75747,-84299,0,0,0,470,580,266,515,486,525,595,457,390,295,235,536,0
2,1768494528272,646,330,10217,370184,-73303,-85521,0,0,0,482,589,271,521,488,525,603,448,400,300,229,549,0
2,1768494528288,741,263,10289,432492,-87964,-97738,0,0,0,488,591,256,527,503,529,591,426,403,299,223,561,0
2,1768494528304,770,157,10356,531452,-122173,-125838,0,0,0,498,599,254,537,508,534,583,413,405,295,218,570,0
2,1768494528320,789,57,10528,659734,-147829,-155159,0,0,0,515,602,250,547,522,548,570,399,408,307,224,582,0
2,1768494528336,914,14,11040,862541,-157603,-186924,0,0,0,524,608,231,548,531,543,552,387,413,309,226,594,0
2,1768494528352,923,14,11715,1126435,-114842,-234572,0,0,0,526,609,217,554,543,543,547,376,409,313,224,606,0
2,1768494528368,473,9,12447,1486845,-13439,-254119,0,0,0,534,608,212,562,555,550,520,369,409,322,226,612,0
2,1768494528384,248,-62,13060,1879021,58643,-210137,0,0,0,549,608,207,563,559,553,482,366,411,323,228,617,0
2,1768494528400,555,-129,14036,2423913,67195,-130725,0,0,0,562,611,205,554,555,552,451,353,408,322,230,622,0
2,1768494528416,1354,-138,15386,3064100,10995,-167377,0,0,0,566,614,210,542,548,548,397,326,406,332,238,619,0
2,1768494528432,1804,-62,16965,3797138,-41538,-289550,0,0,0,564,610,214,536,549,547,351,300,398,321,223,618,0
2,1768494528448,2211,90,19167,4735427,-87964,-458148,0,0,0,562,605,217,539,555,547,296,252,407,285,197,599,0
2,1768494528464,3225,71,22048,5853310,-177150,-663399,0,0,0,547,602,209,541,544,542,279,177,410,267,174,547,0
2,1768494528480,3627,-344,25852,7017619,-310319,-863763,0,0,0,494,575,191,525,533,526,269,159,394,249,165,496,0
2,1768494528496,4082,-1368,29370,7947356,-248011,-962723,0,0,0,451,544,173,494,503,487,269,169,359,246,163,469,0
2,1768494528512,3488,-751,31600,8574104,116064,-1084896,0,0,0,383,514,157,454,458,446,279,188,323,225,157,431,0
2,1768494528528,3311,1478,32734,8737816,87964,-1237612,0,0,0,276,460,163,387,387,393,308,225,294,173,139,281,0
2,1768494528544,6791,8102,27288,8218580,-379958,-1502728,0,0,0,248,438,168,372,366,383,332,253,289,155,139,216,0
2,1768494528560,9605,16310,16487,7110471,-537561,-1926668,0,0,0,252,435,166,373,371,382,332,273,286,153,149,209,0
2,1768494528576,9428,22474,6934,4664566,-240680,-2410474,0,0,0,250,436,164,364,372,369,316,284,279,151,153,200,0
2,1768494528592,4158,23431,7221,31764,-17104,-2116037,0,0,0,244,433,165,349,370,361,303,291,267,146,155,193,0
2,1768494528608,81,17415,9451,-4034154,-612086,-1106887,0,0,0,238,425,167,337,369,360,299,296,253,139,155,190,0
2,1768494528624,2067,8748,7843,-5279097,-1569923,-147829,0,0,0,235,425,166,336,368,356,297,300,248,141,155,178,0
2,1768494528640,7451,4742,3374,-4626693,-1315803,-13439,0,0,0,236,425,164,335,366,353,295,304,245,148,161,171,0
2,1768494528656,8490,5025,2445,-4321260,-3665,-312763,0,0,0,236,424,164,336,369,351,289,313,241,135,160,167,0
2,1768494528672,4824,6020,5561,-4787961,926071,-377514,0,0,0,240,423,166,338,372,353,284,320,237,135,164,168,0
2,1768494528688,2182,5771,8561,-5389053,1161865,-114842,0,0,0,240,423,167,334,366,353,285,326,242,133,167,170,0
2,1768494528704,2904,4493,9590,-5695707,1126435,219911,0,0,0,228,421,161,304,393,333,284,327,235,131,167,158,0
2,1768494528720,3484,3555,10686,-5823989,1375668,406836,0,0,0,224,418,158,328,369,345,286,335,236,130,171,155,0
2,1768494528736,2924,3287,12452,-5902179,1676214,483805,0,0,0,228,420,163,331,365,351,285,337,238,133,174,159,0
2,1768494528752,2368,3259,14979,-6125756,1810604,591317,0,0,0,229,421,161,330,365,345,283,344,234,135,180,153,0
2,1768494528768,2483,3029,17650,-6447071,1887573,689055,0,0,0,229,418,158,330,364,344,284,346,233,129,175,147,0
2,1768494528784,2952,2220,20732,-6762278,2029294,747699,0,0,0,231,418,157,335,364,348,286,340,234,126,168,146,0
2,1768494528800,3306,1153,24187,-6938207,2189341,866206,0,0,0,232,419,156,338,362,349,287,333,235,128,163,147,0
2,1768494528816,3575,-368,28298,-6978524,2305405,1255938,0,0,0,232,418,156,335,355,349,293,328,241,129,158,147,0
2,1768494528832,3618,-4120,31289,-6894225,2426356,2023185,0,0,0,236,418,159,335,352,352,303,326,248,128,156,149,0
2,1768494528848,2421,-10528,33385,-6684087,2602285,2687807,0,0,0,238,420,161,339,356,355,311,324,251,130,157,151,0
2,1768494528864,100,-21000,33668,-6207612,2276083,2897944,0,0,0,240,423,160,345,360,359,315,326,258,131,158,153,0
2,1768494528880,2000,-33026,25814,-5150815,1133765,2053728,0,0,0,240,423,163,343,361,360,319,331,265,136,162,162,0
2,1768494528896,2593,-41459,15735,-3545461,886976,542448,0,0,0,241,426,168,348,366,366,316,334,264,135,162,163,0
2,1768494528912,-5116,-44240,11883,-1557706,1246165,-970053,0,0,0,237,424,163,348,367,368,313,338,261,136,165,163,0
2,1768494528928,-12524,-42134,12878,296880,757472,-1565036,0,0,0,231,417,162,340,362,364,307,356,253,138,173,158,0
2,1768494528944,-10868,-33256,15903,1927890,-553443,-1175304,0,0,0,241,373,153,335,329,347,403,446,253,165,291,131,0
2,1768494528960,-1785,-5355,21469,3477044,-2488664,-237015,0,0,0,246,338,147,320,297,336,434,463,251,191,336,128,0
2,1768494528976,4201,14682,17444,4461759,-3996280,808785,0,0,0,263,341,154,331,288,350,468,475,262,246,378,139,0
2,1768494528992,1402,8461,11959,5406157,-3208264,1633453,0,0,0,272,351,159,343,297,364,487,487,277,257,403,161,0
2,1768494529008,-5393,-2483,18583,5293758,-1128878,1290147,0,0,0,278,372,161,364,301,378,511,511,293,264,417,180,0
2,1768494529024,-5168,-3785,22220,4145331,-331088,191811,0,0,0,282,400,178,387,309,400,543,542,319,275,412,216,0
2,1768494529040,1330,550,17324,2563190,-571769,-449596,0,0,0,285,429,199,407,331,427,571,570,339,291,400,271,0
2,1768494529056,2359,670,12237,1452637,-486248,-36651,0,0,0,299,458,209,424,359,446,591,591,348,306,394,330,0
2,1768494529072,607,-617,10323,465479,-272445,260228,0,0,0,329,485,219,433,384,454,609,609,356,317,394,379,0
2,1768494529088,62,-119,10567,157603,-208915,108734,0,0,0,359,502,232,442,404,458,625,625,359,353,419,398,0
2,1768494529104,445,660,10370,76969,-188146,-15882,0,0,0,371,511,240,449,412,469,630,630,368,413,471,395,0
2,1768494529120,732,823,10126,98960,-150272,-13439,0,0,0,390,518,239,468,413,471,628,628,365,417,464,403,0
2,1768494529136,703,717,10069,109955,-107512,4886,0,0,0,393,520,237,469,423,466,628,628,357,418,461,410,0
2,1768494529152,588,674,10112,128281,-94073,-3665,0,0,0,409,534,245,475,437,464,623,623,368,350,380,426,0
2,1768494529168,574,751,10150,180816,-86742,-20769,0,0,0,412,535,240,475,434,481,630,625,366,334,352,435,0
2,1768494529184,574,770,10184,254119,-51312,-26878,0,0,0,423,544,244,478,441,484,628,607,362,319,328,448,0
2,1768494529200,588,693,10150,313984,-3665,-30543,0,0,0,434,549,246,480,440,483,623,585,364,317,307,459,0
2,1768494529216,607,583,10064,327423,20769,-36651,0,0,0,444,557,246,484,443,484,571,537,389,302,280,469,0
2,1768494529232,641,512,10011,317649,28099,-42760,0,0,0,453,562,248,490,453,485,579,527,392,298,260,481,0
2,1768494529248,674,488,10026,311541,23212,-50090,0,0,0,457,566,250,492,461,486,603,528,388,301,252,495,0
2,1768494529264,713,469,10045,313984,13439,-61086,0,0,0,466,573,252,493,468,493,599,508,392,308,250,511,0
2,1768494529280,741,416,10059,318871,-4886,-73303,0,0,0,477,579,254,501,474,502,596,485,394,310,244,522,0
2,1768494529296,732,363,10074,331088,-36651,-86742,0,0,0,478,580,249,508,480,503,597,469,394,295,228,529,0
2,1768494529312,674,325,10083,345749,-61086,-95294,0,0,0,485,583,249,513,489,502,597,455,399,305,230,543,0
2,1768494529328,636,282,10102,353080,-65973,-91629,0,0,0,504,584,255,525,500,516,579,436,406,308,227,552,0
2,1768494529344,674,215,10150,370184,-70860,-84299,0,0,0,504,597,255,520,513,520,584,431,415,308,228,564,0
2,1768494529360,746,143,10208,416610,-92851,-87964,0,0,0,511,601,252,527,515,532,574,415,419,307,225,572,0
2,1768494529376,775,67,10246,487470,-106290,-107512,0,0,0,518,605,250,535,518,545,565,400,424,307,222,581,0
2,1768494529392,751,0,10366,579100,-111177,-127059,0,0,0,522,610,246,543,521,538,550,386,419,378,244,574,0
2,1768494529408,775,-57,10562,698829,-106290,-138055,0,0,0,528,611,232,546,533,556,546,373,425,334,226,587,0
2,1768494529424,851,-124,10887,864985,-47647,-167377,0,0,0,532,615,219,547,539,554,537,363,416,325,226,599,0
2,1768494529440,756,-124,11395,1049466,19547,-197920,0,0,0,537,617,216,555,546,568,517,356,413,320,226,606,0
2,1768494529456,583,-167,12170,1341460,59864,-190589,0,0,0,547,621,221,559,555,568,494,351,416,330,229,612,0
2,1768494529472,574,-258,12849,1696983,74525,-156381,0,0,0,553,619,219,559,564,558,469,350,414,334,228,618,0
2,1768494529488,746,-315,13519,2179567,57421,-120951,0,0,0,560,616,213,554,561,552,438,344,409,332,230,624,0
2,1768494529504,1311,-416,14347,2704911,18325,-138055,0,0,0,564,613,208,549,553,554,399,324,406,329,231,628,0
2,1768494529520,1919,-473,15711,3354871,-41538,-254119,0,0,0,562,607,208,547,558,555,354,298,411,313,214,623,0
2,1768494529536,2134,-373,17827,4179539,-84299,-420275,0,0,0,561,605,219,536,549,548,312,253,422,288,200,605,0
2,1768494529552,2550,-378,20401,5120272,-117286,-576656,0,0,0,539,590,205,535,553,539,294,190,414,274,181,562,0
2,1768494529568,3235,-636,23685,6166073,-189368,-724486,0,0,0,503,581,205,538,566,510,289,156,409,252,168,510,0
2,1768494529584,4187,-1402,27331,7200879,-204028,-858876,0,0,0,471,549,187,507,505,514,281,162,376,257,168,492,0
2,1768494529600,4570,-1569,29605,7985230,8552,-1020144,0,0,0,423,525,170,470,476,478,280,169,344,238,160,457,0
2,1768494529616,3905,110,30839,8359079,152716,-1230282,0,0,0,346,478,163,414,413,420,297,195,308,258,165,374,0
2,1768494529632,5474,3981,28949,8283332,-100181,-1475850,0,0,0,271,438,162,378,369,381,327,242,290,185,150,246,0
2,1768494529648,8748,11773,20109,7561289,-433714,-1866804,0,0,0,250,427,166,370,360,380,338,262,292,155,141,205,0
2,1768494529664,9308,18277,10035,6168517,-377514,-2333505,0,0,0,254,428,168,365,361,376,325,267,285,153,141,205,0
2,1768494529680,6628,22699,6585,2645046,-64751,-2548529,0,0,0,253,428,170,347,360,367,312,272,270,148,144,202,0
2,1768494529696,1856,21679,8480,-2345722,-69638,-2056172,0,0,0,254,427,173,334,360,361,306,279,258,144,146,194,0
2,1768494529712,1033,12864,8882,-4980995,-844215,-1076344,0,0,0,249,425,171,334,359,356,304,288,253,142,150,184,0
2,1768494529728,3843,6384,6192,-5368283,-1279151,-533896,0,0,0,237,421,164,332,360,352,300,301,249,138,158,176,0
2,1768494529744,7092,4278,3297,-4731762,-583987,-553443,0,0,0,235,420,163,331,362,348,294,312,242,135,163,172,0
2,1768494529760,6259,4886,3953,-4535063,585208,-682947,0,0,0,241,423,169,332,360,350,290,315,239,135,162,173,0
2,1768494529776,3000,5474,7016,-4846604,1215621,-476474,0,0,0,238,422,165,333,360,347,290,321,237,137,167,170,0
2,1768494529792,2694,4809,8681,-5156924,1145983,43982,0,0,0,232,419,164,332,363,348,293,329,239,142,174,174,0
2,1768494529808,3847,3991,9624,-5358509,1253495,476474,0,0,0,240,421,160,333,359,340,291,329,233,132,166,165,0
2,1768494529824,4125,3584,11083,-5500230,1604132,707381,0,0,0,241,420,161,337,361,344,292,331,237,132,166,155,0
2,1768494529840,3359,3354,13505,-5728694,1826487,878424,0,0,0,238,419,161,334,359,343,289,332,237,133,169,153,0
2,1768494529856,3211,2818,16152,-6028018,1905899,1034805,0,0,0,230,419,152,341,358,344,289,332,232,128,166,147,0
2,1768494529872,3732,2062,18683,-6282138,2036624,1066570,0,0,0,234,416,156,336,358,343,295,335,235,131,165,148,0
2,1768494529888,3924,1488,21727,-6517932,2256536,1066570,0,0,0,238,416,160,335,355,344,297,335,238,131,163,150,0
2,1768494529904,3622,947,25972,-6753726,2450791,1214400,0,0,0,239,418,160,334,351,344,300,331,244,133,162,153,0
2,1768494529920,3259,-1105,29695,-6910107,2476447,1753183,0,0,0,238,416,160,336,353,347,307,328,250,136,161,153,0
2,1768494529936,2799,-5671,31974,-6907664,2513099,2362826,0,0,0,236,415,159,338,355,353,311,325,254,137,161,154,0
2,1768494529952,1483,-15123,33175,-6527705,2401922,2731789,0,0,0,238,417,159,338,356,357,312,324,261,146,164,157,0
2,1768494529968,1311,-26374,30447,-5767789,1743409,2436130,0,0,0,242,420,161,341,358,358,317,325,265,150,165,158,0
2,1768494529984,2680,-37391,21363,-4417777,1031140,1264491,0,0,0,244,423,163,344,358,359,321,325,265,138,160,162,0
2,1768494530000,-1512,-43273,13333,-2484999,1246165,-375071,0,0,0,241,418,165,343,357,365,325,345,267,140,169,166,0
2,1768494530016,-8796,-44254,11605,-675616,1192408,-1442863,0,0,0,235,395,164,332,334,356,350,436,265,152,217,157,0
2,1768494530032,-15716,-39090,18851,1286482,-301767,-1423316,0,0,0,248,350,156,320,301,349,418,455,266,182,301,156,0
2,1768494530048,-9681,-13826,20803,3996280,-3827681,-46425,0,0,0,251,347,150,325,298,346,451,466,261,197,343,145,0
2,1768494530064,478,6207,15367,5682268,-4726875,1062905,0,0,0,276,356,161,341,292,357,482,482,267,230,383,160,0
2,1768494530080,-827,3704,17047,5579643,-2054950,1341460,0,0,0,278,374,164,355,294,373,508,507,279,242,402,166,0
2,1768494530096,-4613,-1842,21411,4564385,-377514,703716,0,0,0,279,398,167,376,310,377,522,522,289,255,398,181,0
2,1768494530112,-2014,-2287,19889,2962696,-267558,-259006,0,0,0,280,424,187,393,328,399,546,546,316,267,379,231,0
2,1768494530128,1756,406,13419,1814269,-447153,-97738,0,0,0,277,452,199,413,353,423,579,579,331,286,370,295,0
2,1768494530144,1899,765,9796,851546,-371406,235793,0,0,0,305,485,216,429,376,437,601,601,338,312,378,337,0
2,1768494530160,497,-167,10356,263893,-328645,188146,0,0,0,340,504,231,440,396,454,609,609,346,363,420,359,0
2,1768494530176,210,119,10715,-24434,-327423,23212,0,0,0,357,507,236,453,408,471,614,614,347,412,466,369,0
2,1768494530192,598,875,10337,-35430,-273667,-36651,0,0,0,369,512,241,457,412,467,618,618,344,417,469,368,0
2,1768494530208,698,990,10107,3665,-167377,-7330,0,0,0,374,517,243,451,423,465,622,622,354,403,458,378,0
2,1768494530224,655,894,10117,31764,-86742,0,0,0,0,383,523,246,461,410,471,622,622,339,415,469,377,0
2,1768494530240,617,880,10126,64751,-56199,-18325,0,0,0,393,524,251,461,412,470,623,622,338,472,514,369,0
2,1768494530256,617,909,10074,102625,-36651,-28099,0,0,0,390,529,251,460,412,474,627,626,348,342,386,405,0
2,1768494530272,626,918,10040,140499,-13439,-26878,0,0,0,398,534,251,441,490,449,608,608,351,342,375,408,0
2,1768494530288,641,880,10031,169820,1221,-23212,0,0,0,400,537,246,470,427,478,612,612,339,336,367,406,0
2,1768494530304,660,832,10002,189368,-2443,-21991,0,0,0,413,543,252,472,427,478,613,613,340,336,358,411,0
2,1768494530320,674,799,9978,196698,-23212,-23212,0,0,0,416,544,251,473,433,474,610,601,345,377,390,411,0
2,1768494530336,684,775,9987,200363,-43982,-30543,0,0,0,424,549,255,476,437,475,605,589,349,348,353,432,0
2,1768494530352,693,770,10007,207694,-56199,-37873,0,0,0,435,555,260,478,440,476,600,576,360,327,326,447,0
2,1768494530368,703,756,10031,228463,-70860,-46425,0,0,0,445,562,266,481,447,478,601,560,365,323,312,456,0
2,1768494530384,670,703,10040,257785,-76969,-52534,0,0,0,457,568,270,488,458,484,598,546,366,322,297,470,0
2,1768494530400,622,646,10040,279776,-69638,-54977,0,0,0,468,575,273,494,466,495,588,531,367,321,284,488,0
2,1768494530416,636,603,10054,279776,-54977,-47647,0,0,0,477,582,279,498,470,506,586,518,372,321,275,505,0
2,1768494530432,693,574,10078,280998,-54977,-47647,0,0,0,489,588,285,501,479,509,589,512,386,323,271,524,0
2,1768494530448,746,536,10112,296880,-72082,-57421,0,0,0,489,595,281,515,491,510,581,480,383,320,263,533,0
2,1768494530464,760,502,10179,331088,-91629,-74525,0,0,0,501,603,280,520,493,514,574,461,388,318,250,548,0
2,1768494530480,780,469,10303,390953,-111177,-94073,0,0,0,520,623,306,521,502,531,562,439,389,296,224,567,0
2,1768494530496,784,411,10418,496022,-140499,-120951,0,0,0,525,617,279,549,545,525,552,423,393,311,225,567,0
2,1768494530512,775,287,10543,631634,-178372,-147829,0,0,0,526,615,269,552,533,534,537,417,413,316,228,581,0
2,1768494530528,823,186,10806,794124,-228463,-169820,0,0,0,536,624,263,553,536,537,534,403,412,320,225,589,0
2,1768494530544,765,153,11366,1048244,-272445,-185703,0,0,0,547,627,241,563,550,547,507,394,411,325,231,594,0
2,1768494530560,521,177,12141,1368338,-239459,-191811,0,0,0,550,628,226,560,560,548,483,396,407,317,229,599,0
2,1768494530576,301,148,12835,1733635,-124616,-168598,0,0,0,553,627,222,551,559,541,454,388,398,324,231,607,0
2,1768494530592,382,57,13433,2166128,-84299,-106290,0,0,0,558,623,214,550,559,542,416,383,390,331,238,612,0
2,1768494530608,1033,-43,14410,2686585,-163711,-91629,0,0,0,564,620,216,548,560,544,373,366,386,333,242,609,0
2,1768494530624,1636,-124,15659,3265685,-276111,-160046,0,0,0,568,620,220,539,558,538,332,333,381,324,234,606,0
2,1768494530640,2349,-177,17262,3957185,-387288,-312763,0,0,0,563,617,213,528,557,532,298,291,382,303,219,599,0
2,1768494530656,3311,-291,19430,4838052,-522900,-561996,0,0,0,544,607,206,520,555,534,270,233,393,278,199,566,0
2,1768494530672,3819,-397,22426,5903401,-761138,-863763,0,0,0,509,599,201,520,545,536,252,182,384,258,174,514,0
2,1768494530688,4771,-1397,25460,6807482,-988379,-1080009,0,0,0,472,580,191,494,522,516,246,163,358,259,174,499,0
2,1768494530704,5364,-1665,27226,7468438,-896750,-1342681,0,0,0,436,543,180,469,491,476,272,174,342,260,173,477,0
2,1768494530720,4158,-473,28753,7924143,-747699,-1622458,0,0,0,365,499,165,429,452,429,272,190,299,230,165,425,0
2,1768494530736,5623,1914,28025,7875274,-1015258,-1789835,0,0,0,240,442,165,369,382,381,298,230,283,174,150,260,0
2,1768494530752,9499,7087,22292,7375586,-1182635,-2046398,0,0,0,240,446,175,360,367,385,301,252,284,156,150,230,0
2,1768494530768,11462,14477,12462,6284581,-911410,-2452013,0,0,0,252,438,178,362,370,381,302,271,279,165,163,226,0
2,1768494530784,8619,20622,6537,3453832,-378736,-2277305,0,0,0,258,440,180,359,371,371,300,273,267,160,156,216,0
2,1768494530800,3957,21287,6795,-469144,-169820,-1176526,0,0,0,252,435,174,351,371,362,296,279,256,153,154,201,0
2,1768494530816,2024,14467,8499,-3547905,-621860,460592,0,0,0,243,430,171,342,370,358,295,286,252,147,156,190,0
2,1768494530832,6010,6666,5484,-4001167,-889419,1339016,0,0,0,237,426,168,338,370,356,293,295,250,143,159,181,0
2,1768494530848,8748,3972,2675,-3572339,-216246,1192408,0,0,0,235,427,166,336,370,353,288,302,246,140,162,174,0
2,1768494530864,5939,5297,3914,-3645643,890641,572991,0,0,0,237,427,166,335,370,349,284,309,241,138,166,171,0
2,1768494530880,2440,6015,6580,-4207639,1230282,309097,0,0,0,237,425,166,334,372,349,282,317,238,137,169,171,0
2,1768494530896,1899,5187,7934,-4679227,1069014,359188,0,0,0,237,425,166,326,378,346,280,323,238,135,169,169,0
2,1768494530912,2589,4216,8676,-4895474,1240056,397062,0,0,0,236,425,166,306,395,337,280,327,238,135,169,169,0
2,1768494530928,2263,3910,9997,-5068959,1574810,412944,0,0,0,233,422,167,329,371,349,283,327,237,135,170,164,0
2,1768494530944,1325,3981,11969,-5349957,1842369,497244,0,0,0,229,422,165,329,372,351,286,333,241,135,174,165,0
2,1768494530960,837,3828,14094,-5726250,1932777,660956,0,0,0,231,422,166,330,371,348,286,333,239,131,171,152,0
2,1768494530976,727,3321,16176,-6031683,1965764,812450,0,0,0,229,421,162,331,370,347,284,333,235,133,174,152,0
2,1768494530992,899,2502,18516,-6219829,1981646,930958,0,0,0,232,419,163,332,366,350,286,333,241,135,175,159,0
2,1768494531008,1268,1742,21454,-6293133,2025629,1032362,0,0,0,229,420,164,332,369,350,286,333,240,135,173,156,0
2,1768494531024,1526,1177,25316,-6390872,2079385,1265712,0,0,0,229,422,168,332,369,352,287,329,242,133,168,158,0
2,1768494531040,1387,-483,28958,-6552140,2064724,1712866,0,0,0,232,423,168,334,370,355,290,325,245,134,165,157,0
2,1768494531056,1119,-5422,31696,-6677978,1993864,2289522,0,0,0,232,424,167,337,371,357,293,323,247,136,164,157,0
2,1768494531072,660,-14635,32768,-6525262,1821600,2616946,0,0,0,230,426,166,337,371,359,296,321,255,136,165,162,0
2,1768494531088,2809,-27212,28135,-5717698,1148426,2120924,0,0,0,231,429,166,340,373,364,301,323,263,140,168,169,0
2,1768494531104,4723,-36386,19717,-4403116,918741,972497,0,0,0,236,432,171,342,373,366,303,324,266,141,167,171,0
2,1768494531120,-1957,-40569,12825,-2394591,1419650,-701273,0,0,0,236,431,172,337,369,361,305,338,263,145,179,170,0
2,1768494531136,-12122,-40674,11887,-583987,1269377,-1654223,0,0,0,223,412,159,329,357,353,326,410,256,174,247,173,0
2,1768494531152,-13969,-34491,17626,1251052,-678060,-1315803,0,0,0,237,376,151,328,328,345,408,450,253,189,298,149,0
2,1768494531168,-7150,-16319,19923,3431840,-3516140,-525344,0,0,0,243,358,149,312,295,345,456,468,257,314,356,157,0
2,1768494531184,2191,4402,15113,5376835,-5163032,293215,0,0,0,266,361,156,347,296,365,488,488,270,246,404,157,0
2,1768494531200,483,3756,16549,5681046,-3123964,844215,0,0,0,269,372,153,366,293,373,527,527,297,256,415,163,0
2,1768494531216,-3929,-1363,22038,4861265,-1133765,713490,0,0,0,281,402,174,384,311,390,545,546,315,262,399,207,0
2,1768494531232,-2938,-2651,21995,3200933,-505796,23212,0,0,0,282,432,189,402,333,414,564,564,332,276,383,255,0
2,1768494531248,890,-315,14630,1693318,-488692,-47647,0,0,0,287,461,198,383,413,414,581,581,345,289,376,302,0
2,1768494531264,1617,473,9672,631634,-344527,173485,0,0,0,308,480,214,405,431,433,595,595,356,314,387,348,0
2,1768494531280,387,33,9964,228463,-240680,156381,0,0,0,334,492,228,439,400,452,613,614,355,398,462,367,0
2,1768494531296,153,258,10547,68416,-197920,29321,0,0,0,353,503,235,445,398,454,621,622,359,465,499,363,0
2,1768494531312,559,727,10332,43982,-175929,-25656,0,0,0,364,509,240,453,407,464,620,620,368,466,480,363,0
2,1768494531328,636,808,10059,29321,-128281,-4886,0,0,0,371,513,244,451,410,465,637,637,352,508,562,363,0
2,1768494531344,569,765,10069,28099,-81855,3665,0,0,0,377,517,251,450,412,463,637,637,351,516,568,367,0
2,1768494531360,526,756,10165,51312,-54977,-9773,0,0,0,373,514,263,442,421,459,628,628,362,467,520,374,0
2,1768494531376,526,784,10131,90408,-29321,-19547,0,0,0,377,518,244,425,479,439,613,612,371,317,363,411,0
2,1768494531392,540,794,10074,130725,-4886,-21991,0,0,0,384,521,241,464,416,467,614,614,370,317,353,409,0
2,1768494531408,579,775,10026,172263,4886,-19547,0,0,0,386,523,244,466,415,468,608,608,365,316,339,415,0
2,1768494531424,607,727,9992,199142,-7330,-19547,0,0,0,399,529,249,471,413,475,605,604,366,328,363,420,0
2,1768494531440,612,684,9983,208915,-26878,-24434,0,0,0,405,529,247,475,424,480,597,596,364,327,352,429,0
2,1768494531456,617,655,9987,207694,-45204,-31764,0,0,0,415,534,244,483,431,476,600,592,366,315,330,437,0
2,1768494531472,631,636,10007,208915,-59864,-40317,0,0,0,419,541,243,490,439,480,599,581,365,307,303,451,0
2,1768494531488,631,617,10035,223576,-69638,-48869,0,0,0,430,547,251,493,444,484,600,569,371,304,281,468,0
2,1768494531504,598,583,10050,246789,-74525,-54977,0,0,0,441,556,257,493,453,484,601,553,374,301,266,480,0
2,1768494531520,559,536,10040,268780,-75747,-54977,0,0,0,452,568,261,500,469,494,594,532,377,296,253,492,0
2,1768494531536,579,488,10059,284663,-70860,-53756,0,0,0,465,577,266,511,482,507,590,513,384,295,246,510,0
2,1768494531552,626,459,10126,309097,-73303,-58643,0,0,0,477,585,272,509,487,507,597,493,382,301,243,532,0
2,1768494531568,665,435,10203,353080,-83077,-73303,0,0,0,485,595,273,510,494,518,595,466,388,299,232,550,0
2,1768494531584,679,368,10279,412944,-89186,-95294,0,0,0,497,602,269,515,496,524,601,453,402,301,227,555,0
2,1768494531600,679,301,10409,489913,-97738,-120951,0,0,0,504,603,267,522,507,532,578,423,410,317,234,558,0
2,1768494531616,708,229,10600,624304,-120951,-146607,0,0,0,523,616,260,538,518,536,564,400,419,310,228,587,0
2,1768494531632,760,114,10854,818559,-155159,-175929,0,0,0,530,623,277,543,526,549,540,380,417,313,224,587,0
2,1768494531648,823,-28,11198,1084896,-180816,-206472,0,0,0,538,622,239,546,541,553,525,374,415,318,226,599,0
2,1768494531664,574,0,11811,1350012,-111177,-230907,0,0,0,544,622,226,553,551,557,506,367,408,323,228,604,0
2,1768494531680,315,4,12510,1643227,-19547,-217468,0,0,0,548,623,216,554,549,554,483,362,410,326,229,609,0
2,1768494531696,363,-81,13156,1981646,6108,-169820,0,0,0,553,621,216,551,556,549,450,360,413,333,234,611,0
2,1768494531712,780,-196,14008,2476447,-48869,-133168,0,0,0,556,616,211,546,563,546,404,344,402,332,230,612,0
2,1768494531728,1402,-253,15209,3060434,-133168,-173485,0,0,0,562,618,213,540,560,540,357,326,391,322,225,614,0
2,1768494531744,1990,-234,17047,3827681,-229685,-321315,0,0,0,566,621,218,532,560,536,318,300,391,308,225,606,0
2,1768494531760,2641,-239,19224,4691445,-312763,-509461,0,0,0,555,610,212,527,560,536,289,248,394,291,212,580,0
2,1768494531776,3369,-229,22120,5745798,-465479,-739146,0,0,0,524,593,194,525,542,528,270,186,388,275,180,543,0
2,1768494531792,4259,-1095,25781,6774495,-684169,-923628,0,0,0,480,578,180,511,522,512,255,166,372,262,170,505,0
2,1768494531808,5331,-1804,28604,7628485,-647517,-1127657,0,0,0,444,555,174,485,500,487,258,170,349,253,169,483,0
2,1768494531824,4077,-354,30212,8161159,-514348,-1389107,0,0,0,375,507,159,442,468,436,303,197,317,238,165,434,0
2,1768494531840,4479,1684,30131,8313875,-725707,-1561371,0,0,0,273,459,164,386,383,395,294,218,290,198,144,327,0
2,1768494531856,8379,6594,25039,7953465,-1040914,-1794722,0,0,0,243,443,170,365,379,389,310,262,287,152,149,228,0
2,1768494531872,10021,14405,14745,6836803,-807563,-2214997,0,0,0,250,441,177,364,382,384,308,269,285,150,147,219,0
2,1768494531888,8049,20837,7456,4667010,-510683,-2361605,0,0,0,251,436,174,358,377,371,301,274,267,151,147,212,0
2,1768494531904,3407,23790,6690,372627,-459370,-1629788,0,0,0,248,434,174,343,376,367,295,281,263,148,150,205,0
2,1768494531920,2005,17027,8576,-3585778,-973719,-147829,0,0,0,241,433,169,333,371,360,308,287,261,138,146,196,0
2,1768494531936,5049,7815,6963,-5226562,-1345125,933402,0,0,0,240,429,167,332,371,353,299,298,253,135,152,184,0
2,1768494531952,8150,4656,4015,-4669453,-660956,825889,0,0,0,237,426,165,330,373,352,288,312,246,132,159,175,0
2,1768494531968,7887,4560,3613,-4366464,343306,458148,0,0,0,234,425,165,328,375,351,284,322,240,131,162,170,0
2,1768494531984,4532,5551,6264,-4754975,985936,238237,0,0,0,235,425,167,328,375,346,282,326,236,134,164,169,0
2,1768494532000,2943,5230,8346,-5259549,1029918,307876,0,0,0,235,425,167,326,374,342,281,331,236,135,167,168,0
2,1768494532016,3474,3972,9212,-5525886,1032362,445931,0,0,0,233,425,166,325,374,343,283,337,238,137,174,167,0
2,1768494532032,3474,3292,10351,-5529552,1379333,482583,0,0,0,227,422,165,326,374,349,282,339,240,134,171,167,0
2,1768494532048,2641,3283,12170,-5595525,1660331,537561,0,0,0,229,421,161,333,376,347,283,336,233,132,170,155,0
2,1768494532064,2048,3378,14524,-5838649,1780061,652404,0,0,0,239,426,165,334,375,344,286,342,240,134,170,155,0
2,1768494532080,2211,2876,17157,-6181956,1877799,713490,0,0,0,235,422,161,330,373,344,288,343,242,134,170,156,0
2,1768494532096,2330,2010,19861,-6428745,2031737,678060,0,0,0,237,422,162,330,374,347,289,347,243,133,167,153,0
2,1768494532112,2426,1091,23369,-6569244,2200336,667064,0,0,0,236,419,160,327,380,347,290,342,243,136,167,152,0
2,1768494532128,2455,43,27379,-6681643,2334726,853989,0,0,0,234,419,159,332,369,349,291,335,243,131,159,152,0
2,1768494532144,2211,-2747,30748,-6791599,2409252,1319468,0,0,0,235,421,161,331,361,350,296,329,246,129,158,153,0
2,1768494532160,1483,-10653,32782,-6737843,2469117,1819156,0,0,0,239,422,164,335,363,354,302,326,253,129,155,154,0
2,1768494532176,296,-21488,32261,-6261368,2279749,1897347,0,0,0,239,423,166,337,372,360,307,329,262,129,155,157,0
2,1768494532192,-81,-31232,27159,-5253441,1733635,1435533,0,0,0,238,424,169,337,374,364,310,330,268,132,158,165,0
2,1768494532208,-1287,-38004,18281,-3525914,1350012,410501,0,0,0,235,418,166,336,358,361,319,343,265,141,168,174,0
2,1768494532224,-5709,-41349,11993,-1558928,1214400,-748920,0,0,0,230,397,157,329,341,351,349,391,259,150,206,167,0
2,1768494532240,-14390,-42861,17200,371406,74525,-1050688,0,0,0,233,364,152,318,316,343,398,448,254,166,278,146,0
2,1768494532256,-15687,-31734,20205,3197268,-2994461,-398284,0,0,0,246,340,153,308,283,340,443,463,257,203,340,151,0
2,1768494532272,-3182,-2488,16199,5759237,-5371948,590095,0,0,0,257,350,160,324,284,360,473,479,263,243,387,153,0
2,1768494532288,760,6010,16276,5696929,-3330437,1018923,0,0,0,263,348,162,341,272,377,491,521,272,393,472,157,0
2,1768494532304,-3235,871,20679,4724431,-941954,728151,0,0,0,279,370,160,376,300,381,511,512,311,272,389,185,0
2,1768494532320,-3479,-3082,21545,3485597,-372627,-43982,0,0,0,291,408,182,394,310,396,543,542,321,270,375,212,0
2,1768494532336,1062,-756,15233,2076941,-583987,-108734,0,0,0,284,441,193,402,332,416,567,567,334,274,361,265,0
2,1768494532352,1919,550,10715,1009149,-452040,191811,0,0,0,302,460,202,427,357,432,583,583,342,295,364,312,0
2,1768494532368,569,153,9806,348193,-257785,267558,0,0,0,343,489,221,445,384,445,594,594,347,311,364,360,0
2,1768494532384,90,114,10356,90408,-248011,64751,0,0,0,377,507,236,458,401,458,602,601,350,319,364,387,0
2,1768494532400,411,550,10346,31764,-277332,-31764,0,0,0,400,516,245,459,407,462,608,608,352,327,367,395,0
2,1768494532416,583,756,10150,31764,-237015,-9773,0,0,0,417,524,251,457,411,463,619,619,352,331,368,400,0
2,1768494532432,526,741,10136,50090,-163711,6108,0,0,0,428,532,254,460,419,468,627,627,353,328,362,412,0
2,1768494532448,469,732,10126,94073,-120951,-6108,0,0,0,435,538,253,466,422,470,626,626,359,328,356,425,0
2,1768494532464,464,741,10093,138055,-102625,-18325,0,0,0,446,542,255,475,428,473,625,625,368,329,348,436,0
2,1768494532480,469,732,10078,168598,-83077,-19547,0,0,0,449,550,263,479,434,479,621,619,367,328,339,445,0
2,1768494532496,469,693,10078,185703,-50090,-18325,0,0,0,458,554,268,484,435,479,621,617,369,327,327,448,0
2,1768494532512,483,641,10054,193033,-28099,-18325,0,0,0,458,560,268,490,446,482,618,598,374,324,320,454,0
2,1768494532528,521,622,10035,193033,-24434,-21991,0,0,0,455,560,267,486,445,482,619,594,375,317,311,460,0
2,1768494532544,555,607,10035,195476,-31764,-26878,0,0,0,464,564,271,492,449,482,619,580,378,316,301,467,0
2,1768494532560,550,569,10031,201585,-40317,-34208,0,0,0,472,568,277,490,453,481,619,568,377,313,289,479,0
2,1768494532576,521,526,10031,202807,-41538,-42760,0,0,0,473,570,278,489,460,486,615,555,380,309,278,492,0
2,1768494532592,516,516,10054,206472,-30543,-48869,0,0,0,470,570,275,492,465,494,610,544,384,307,272,502,0
2,1768494532608,531,497,10078,223576,-14660,-52534,0,0,0,472,573,271,499,471,501,610,531,392,302,262,513,0
2,1768494532624,545,469,10088,244346,-6108,-53756,0,0,0,478,576,272,505,476,507,605,515,398,297,251,526,0
2,1768494532640,569,435,10093,257785,-13439,-57421,0,0,0,483,579,275,508,482,511,599,498,396,298,246,538,0
2,1768494532656,588,397,10107,272445,-36651,-64751,0,0,0,485,584,270,509,489,510,604,480,395,298,239,544,0
2,1768494532672,574,358,10131,293215,-57421,-73303,0,0,0,485,587,259,512,494,512,606,467,399,291,227,550,0
2,1768494532688,555,320,10160,316428,-69638,-78190,0,0,0,497,595,265,523,505,525,595,455,402,301,227,557,0
2,1768494532704,574,268,10189,348193,-81855,-83077,0,0,0,505,600,259,524,506,520,593,438,405,305,231,557,0
2,1768494532720,583,196,10203,390953,-103847,-90408,0,0,0,513,604,260,533,516,526,584,418,405,306,228,569,0
2,1768494532736,607,119,10270,453262,-123394,-98960,0,0,0,520,608,252,532,526,532,571,404,427,306,232,580,0
2,1768494532752,670,81,10591,577878,-135612,-116064,0,0,0,530,621,250,530,527,531,556,397,438,309,228,590,0
2,1768494532768,741,67,11040,770911,-150272,-142942,0,0,0,535,616,231,541,534,531,542,383,420,318,235,595,0
2,1768494532784,622,28,11677,1075122,-112399,-177150,0,0,0,542,619,230,545,547,541,520,373,407,321,228,597,0
2,1768494532800,349,4,12232,1382998,-37873,-178372,0,0,0,547,626,225,547,556,547,497,371,406,318,226,599,0
2,1768494532816,291,-67,12653,1706757,18325,-139277,0,0,0,550,625,219,554,564,547,469,369,410,322,226,606,0
2,1768494532832,612,-201,13280,2151467,-8552,-95294,0,0,0,557,624,213,552,565,544,436,354,402,330,232,617,0
2,1768494532848,1119,-311,14199,2621833,-74525,-117286,0,0,0,566,620,220,542,558,542,388,346,389,333,234,618,0
2,1768494532864,1655,-339,15754,3247359,-161268,-221133,0,0,0,569,612,226,549,565,525,341,336,388,327,230,607,0
2,1768494532880,2211,-311,17664,4023158,-257785,-383623,0,0,0,565,609,216,553,577,513,312,302,397,306,218,597,0
2,1768494532896,2684,-282,19966,4980995,-376292,-588874,0,0,0,555,608,212,526,558,532,286,246,398,273,192,574,0
2,1768494532912,2799,-454,22962,6029239,-532674,-757472,0,0,0,515,596,206,522,543,522,265,168,384,257,172,514,0
2,1768494532928,3594,-1373,26077,7001737,-586430,-869872,0,0,0,474,585,197,500,516,504,251,160,362,251,170,495,0
2,1768494532944,3732,-1478,27987,7709119,-338419,-1038470,0,0,0,432,541,168,474,487,471,267,176,343,249,167,471,0
2,1768494532960,3220,-402,29140,8079303,-256563,-1214400,0,0,0,361,499,157,432,436,427,290,192,311,225,154,408,0
2,1768494532976,4570,1751,28432,8025547,-541226,-1373225,0,0,0,253,443,159,376,387,378,308,244,285,163,142,232,0
2,1768494532992,7590,8245,21330,7332826,-803898,-1639562,0,0,0,243,434,173,368,378,389,315,268,294,150,146,221,0
2,1768494533008,8915,16281,11026,5974262,-785572,-1992642,0,0,0,252,436,175,365,378,385,309,274,286,150,147,221,0
2,1768494533024,7628,22612,5116,3000570,-459370,-2135584,0,0,0,252,437,171,358,374,367,304,278,274,147,147,221,0
2,1768494533040,3761,21110,7719,-1468520,-313984,-1478293,0,0,0,247,432,169,348,375,363,299,285,262,145,149,205,0
2,1768494533056,2359,14070,8992,-4277278,-678060,-551000,0,0,0,243,430,170,340,375,361,292,292,250,141,154,191,0
2,1768494533072,5235,7456,5934,-4500855,-888198,-13439,0,0,0,240,427,169,335,373,356,288,299,245,140,158,186,0
2,1768494533088,7800,4766,3101,-4026823,-302989,-12217,0,0,0,239,425,166,332,372,351,285,305,242,139,160,180,0
2,1768494533104,6288,5498,4139,-3987728,724486,-256563,0,0,0,240,426,169,332,375,350,281,309,237,134,158,170,0
2,1768494533120,3546,5632,6925,-4429994,1025031,-128281,0,0,0,240,427,171,330,379,350,280,315,236,133,159,167,0
2,1768494533136,3086,5010,8604,-4822170,993266,191811,0,0,0,243,430,175,328,378,347,281,324,236,136,166,168,0
2,1768494533152,4149,4350,9691,-5148372,1196074,489913,0,0,0,236,424,166,324,380,345,283,331,236,148,177,161,0
2,1768494533168,4249,4024,11246,-5464800,1551597,681725,0,0,0,230,422,163,301,398,335,286,331,238,137,168,161,0
2,1768494533184,3560,3694,13543,-5837428,1861917,882089,0,0,0,228,420,161,328,375,347,286,331,236,137,172,161,0
2,1768494533200,3168,3086,16051,-6180734,1938886,1084896,0,0,0,229,419,160,330,374,349,287,332,238,137,173,161,0
2,1768494533216,3244,2325,18688,-6476393,1965764,1229060,0,0,0,235,422,164,331,370,346,284,328,239,129,165,153,0
2,1768494533232,3512,1502,21469,-6676757,2034181,1296256,0,0,0,232,421,162,332,373,348,284,329,237,131,167,155,0
2,1768494533248,3699,492,25221,-6778160,2161241,1457524,0,0,0,235,420,162,332,369,349,288,327,241,131,161,155,0
2,1768494533264,3642,-1153,28600,-6803817,2263866,1833817,0,0,0,239,421,163,333,365,351,294,324,247,129,155,153,0
2,1768494533280,2885,-5881,31265,-6714630,2397035,2456899,0,0,0,240,422,167,336,365,357,300,322,254,131,155,156,0
2,1768494533296,1024,-13318,33002,-6445850,2427578,2866179,0,0,0,241,424,169,339,366,360,306,321,260,134,157,160,0
2,1768494533312,-167,-23273,31284,-5894849,1804495,2725680,0,0,0,238,424,166,341,368,361,310,322,263,134,155,161,0
2,1768494533328,2799,-34802,21651,-4709770,893084,1494176,0,0,0,236,425,165,346,372,368,314,325,267,133,155,167,0
2,1768494533344,1966,-42330,12811,-3062878,1000597,-414166,0,0,0,238,428,168,346,372,370,313,325,267,133,155,167,0
2,1768494533360,-6910,-43445,11179,-1152091,1198517,-2078163,0,0,0,241,425,170,343,374,369,315,345,260,134,167,162,0
2,1768494533376,-12758,-39128,13390,654847,366519,-2587625,0,0,0,231,406,155,341,365,362,353,437,257,143,223,139,0
2,1768494533392,-10882,-23354,20186,2375044,-1545489,-1813048,0,0,0,243,356,143,325,315,334,420,455,251,175,299,139,0
2,1768494533408,-1459,2450,19550,3824016,-4141666,-112399,0,0,0,256,354,148,338,297,341,460,469,259,188,335,135,0
2,1768494533424,4359,10581,12313,4896695,-4497189,1532050,0,0,0,277,364,163,345,292,360,483,489,264,236,395,148,0
2,1768494533440,-3015,406,15257,5144707,-1704314,1919338,0,0,0,278,374,160,362,293,373,500,510,282,256,411,157,0
2,1768494533456,-7552,-3575,20679,4399451,-287106,943175,0,0,0,283,392,168,383,307,382,527,530,300,261,400,183,0
2,1768494533472,-2613,-1167,19506,3109304,-482583,-271224,0,0,0,282,419,188,397,325,402,556,556,321,269,384,233,0
2,1768494533488,2881,923,13850,1897347,-701273,-321315,0,0,0,283,447,202,413,349,421,571,571,339,312,384,285,0
2,1768494533504,1809,52,10710,911410,-439822,206472,0,0,0,301,475,213,434,371,437,586,586,348,334,393,328,0
2,1768494533520,105,-521,10442,329867,-288328,263893,0,0,0,335,499,231,450,389,449,606,605,353,329,402,363,0
2,1768494533536,52,143,10490,70860,-267558,45204,0,0,0,362,510,243,459,403,453,616,616,358,333,404,383,0
2,1768494533552,603,732,10212,25656,-251676,-43982,0,0,0,372,515,249,464,410,457,621,620,360,397,448,376,0
2,1768494533568,626,713,10122,25656,-173485,-6108,0,0,0,379,519,258,465,414,455,627,628,352,550,572,340,0
2,1768494533584,502,646,10145,23212,-100181,8552,0,0,0,374,514,248,467,416,449,632,632,344,526,571,352,0
2,1768494533600,449,679,10155,30543,-61086,-7330,0,0,0,374,516,248,456,413,446,637,637,349,532,574,348,0
2,1768494533616,469,727,10107,51312,-28099,-19547,0,0,0,376,516,247,455,423,449,630,630,350,481,537,364,0
2,1768494533632,497,717,10088,73303,8552,-21991,0,0,0,374,511,244,454,421,448,614,614,347,430,488,363,0
2,1768494533648,521,689,10054,90408,32986,-20769,0,0,0,371,511,274,450,419,456,610,611,364,344,406,381,0
2,1768494533664,540,679,9997,94073,29321,-20769,0,0,0,366,510,265,447,417,453,605,606,360,330,396,380,0
2,1768494533680,555,679,9973,95294,15882,-20769,0,0,0,370,510,251,443,416,445,601,601,353,327,392,384,0
2,1768494533696,569,674,9964,96516,1221,-20769,0,0,0,369,507,241,446,421,447,595,595,348,328,397,382,0
2,1768494533712,588,646,9964,95294,-12217,-21991,0,0,0,370,507,244,447,425,452,596,596,351,341,408,377,0
2,1768494533728,607,626,9964,87964,-29321,-24434,0,0,0,371,510,247,446,426,456,599,599,356,336,396,385,0
2,1768494533744,603,636,9968,85521,-48869,-29321,0,0,0,371,513,247,450,427,458,596,596,357,321,378,391,0
2,1768494533760,603,650,9973,100181,-68416,-35430,0,0,0,376,519,249,459,424,460,592,592,354,316,370,394,0
2,1768494533776,588,636,9987,134390,-87964,-39095,0,0,0,388,529,250,466,422,465,595,595,355,310,358,403,0
2,1768494533792,559,603,10002,162490,-100181,-39095,0,0,0,398,539,254,463,447,462,605,603,363,307,346,416,0
2,1768494533808,555,583,10016,179594,-102625,-36651,0,0,0,410,546,264,454,495,457,603,595,373,316,338,438,0
2,1768494533824,583,564,10064,211359,-102625,-36651,0,0,0,435,558,272,488,448,492,609,571,376,334,341,454,0
2,1768494533840,607,531,10102,260228,-107512,-43982,0,0,0,457,577,286,497,467,494,616,544,416,333,324,483,0
2,1768494533856,612,497,10155,327423,-109955,-57421,0,0,0,477,593,292,509,483,505,613,518,411,305,279,512,0
2,1768494533872,650,488,10323,433714,-90408,-79412,0,0,0,489,590,293,513,497,513,600,477,410,298,247,539,0
2,1768494533888,713,464,10567,571769,-57421,-111177,0,0,0,511,599,299,517,505,524,593,445,424,293,232,561,0
2,1768494533904,722,392,10930,742812,-41538,-153938,0,0,0,530,605,275,534,523,539,571,420,429,296,224,583,0
2,1768494533920,646,239,11576,1033583,-92851,-179594,0,0,0,539,611,246,543,545,543,553,403,415,305,221,592,0
2,1768494533936,579,124,12639,1527163,-127059,-174707,0,0,0,546,612,227,549,558,541,519,392,411,314,224,596,0
2,1768494533952,784,220,14017,2167349,-15882,-179594,0,0,0,550,609,219,560,577,537,489,382,406,321,227,608,0
2,1768494533968,1105,272,14998,2719572,34208,-222354,0,0,0,552,607,213,564,577,540,449,369,398,324,227,616,0
2,1768494533984,1282,244,15884,3352428,-72082,-289550,0,0,0,556,607,209,552,556,543,395,354,394,320,223,614,0
2,1768494534000,1588,268,17367,4105014,-185703,-368962,0,0,0,560,606,209,540,550,539,349,329,393,306,211,605,0
2,1768494534016,2502,387,19559,4990769,-250454,-507018,0,0,0,552,600,210,534,557,536,324,293,390,279,190,579,0
2,1768494534032,3460,416,22871,6151412,-365297,-766025,0,0,0,522,593,202,523,546,525,327,272,379,260,176,529,0
2,1768494534048,3575,-81,26743,7308391,-494800,-960280,0,0,0,473,575,189,522,524,521,274,167,371,254,171,493,0
2,1768494534064,4048,-1005,29581,8173376,-349414,-1040914,0,0,0,436,543,169,489,498,496,276,172,351,247,169,470,0
2,1768494534080,3776,-373,30739,8605869,-6108,-1197295,0,0,0,362,506,158,435,442,433,281,196,307,231,169,409,0
2,1768494534096,4513,1804,30174,8520348,-97738,-1403768,0,0,0,262,445,157,377,385,380,312,238,286,166,146,250,0
2,1768494534112,7508,8576,23053,7772649,-482583,-1726305,0,0,0,259,434,167,374,375,383,334,262,292,159,145,217,0
2,1768494534128,9428,16472,11481,6345668,-629191,-2189341,0,0,0,266,434,178,367,372,386,324,274,296,154,146,220,0
2,1768494534144,8456,20775,4986,3813020,-360410,-2465452,0,0,0,267,432,172,361,370,373,312,278,279,152,148,209,0
2,1768494534160,4120,20535,6465,-481361,-89186,-1988977,0,0,0,261,428,170,352,369,365,306,283,267,148,148,200,0
2,1768494534176,1464,14572,8006,-3861890,-445931,-1032362,0,0,0,255,427,173,345,369,363,301,288,260,146,151,193,0
2,1768494534192,4211,7585,5446,-4533841,-905302,-375071,0,0,0,250,427,170,340,369,359,301,293,253,143,154,182,0
2,1768494534208,7461,4321,2727,-4300491,-541226,-290771,0,0,0,243,425,165,333,371,354,297,302,247,135,154,174,0
2,1768494534224,6982,4747,3072,-4172209,587652,-540004,0,0,0,238,422,165,332,375,354,284,310,242,134,162,173,0
2,1768494534240,3464,5302,5910,-4517959,1219287,-434936,0,0,0,237,421,166,332,372,353,282,319,241,135,167,172,0
2,1768494534256,1799,4915,7848,-4829500,1296256,-58643,0,0,0,235,419,163,332,370,352,282,319,240,141,179,173,0
2,1768494534272,2455,4096,8925,-5049412,1307251,428827,0,0,0,237,421,168,329,367,355,283,324,250,137,168,176,0
2,1768494534288,2924,3728,10198,-5238780,1528384,747699,0,0,0,235,421,164,331,368,349,283,330,239,133,164,164,0
2,1768494534304,2665,3613,12002,-5467243,1765400,982271,0,0,0,235,420,161,331,365,348,283,330,238,132,164,159,0
2,1768494534320,2416,3340,14017,-5711589,1869247,1196074,0,0,0,237,420,161,330,364,343,283,327,238,131,165,158,0
2,1768494534336,2641,2699,16429,-5954714,1905899,1350012,0,0,0,236,419,162,330,365,343,287,332,241,136,170,157,0
2,1768494534352,3024,2010,18994,-6172182,1960877,1398881,0,0,0,229,416,178,329,363,356,287,334,247,130,164,165,0
2,1768494534368,3460,1249,22589,-6436076,2043955,1419650,0,0,0,229,416,168,330,363,351,287,326,243,130,163,159,0
2,1768494534384,3857,248,26790,-6698748,2095267,1587027,0,0,0,231,418,158,333,359,346,291,325,240,131,156,152,0
2,1768494534400,4158,-2684,29858,-6869790,2146580,2045176,0,0,0,234,420,159,337,357,351,299,326,246,131,151,152,0
2,1768494534416,3661,-8963,32122,-6858794,2340835,2568077,0,0,0,238,420,163,328,371,350,308,321,258,133,153,156,0
2,1768494534432,1861,-17932,32720,-6461732,2317622,2728124,0,0,0,240,421,164,321,380,349,314,318,265,136,153,161,0
2,1768494534448,2354,-29006,26948,-5450139,1409876,2112371,0,0,0,240,422,162,344,363,362,318,319,268,140,157,166,0
2,1768494534464,3933,-38444,16424,-3929085,895528,649960,0,0,0,237,425,162,342,360,361,316,323,271,138,158,169,0
2,1768494534480,-856,-43134,9724,-2155132,1411098,-1251052,0,0,0,240,426,167,342,362,365,315,328,270,135,158,168,0
2,1768494534496,-10629,-41593,11509,-376292,1202182,-2334726,0,0,0,240,423,166,339,364,363,306,328,256,133,161,163,0
2,1768494534512,-12639,-33218,15395,1517389,-331088,-2306627,0,0,0,234,387,152,330,346,350,372,440,255,148,257,142,0
2,1768494534528,-6336,-8662,21469,3194825,-2811201,-1009149,0,0,0,247,340,148,313,296,335,425,456,256,177,318,133,0
2,1768494534544,1780,11074,17961,4221078,-4948008,781907,0,0,0,253,343,157,316,290,348,451,467,261,294,354,151,0
2,1768494534560,4235,8317,10753,4873482,-4492302,2315179,0,0,0,284,349,164,355,284,368,502,505,279,303,421,161,0
2,1768494534576,-5058,-1655,18056,4820948,-1433089,2603507,0,0,0,288,377,178,380,295,382,552,552,289,336,453,172,0
2,1768494534592,-9696,-3321,24766,3535688,-41538,1341460,0,0,0,287,415,192,393,321,397,569,568,312,323,426,207,0
2,1768494534608,-3417,-344,19789,1866804,-365297,-131946,0,0,0,287,439,211,414,341,416,592,591,334,428,490,246,0
2,1768494534624,2464,938,10973,753807,-497244,-131946,0,0,0,299,462,227,431,356,427,612,612,333,529,562,272,0
2,1768494534640,1722,483,8954,318871,-257785,216246,0,0,0,325,485,237,434,382,434,621,621,334,541,573,294,0
2,1768494534656,124,526,10203,140499,-142942,157603,0,0,0,352,497,244,439,403,444,632,630,345,552,580,312,0
2,1768494534672,248,1005,10495,62308,-171042,0,0,0,0,367,507,253,455,396,451,639,634,339,559,587,321,0
2,1768494534688,665,1182,10069,52534,-175929,-14660,0,0,0,369,511,269,451,399,455,647,633,342,566,594,328,0
2,1768494534704,698,1148,9964,73303,-130725,8552,0,0,0,374,513,282,452,417,461,658,635,356,567,595,331,0
2,1768494534720,574,1086,10093,114842,-100181,12217,0,0,0,379,514,279,461,416,469,651,619,356,564,596,338,0
2,1768494534736,526,1119,10131,145385,-91629,-3665,0,0,0,393,525,303,470,419,476,649,618,367,558,577,349,0
2,1768494534752,507,1162,10131,184481,-50090,-7330,0,0,0,399,523,292,466,419,466,641,616,364,502,511,363,0
2,1768494534768,512,1139,10107,237015,8552,-3665,0,0,0,398,526,271,467,427,466,631,611,368,371,376,396,0
2,1768494534784,574,1038,10031,279776,39095,-4886,0,0,0,407,533,269,468,433,467,632,603,379,339,334,414,0
2,1768494534800,636,966,9978,294437,31764,-17104,0,0,0,409,536,271,469,436,470,624,585,378,313,304,424,0
2,1768494534816,650,928,9968,299323,7330,-35430,0,0,0,410,534,265,472,434,476,621,565,382,301,283,431,0
2,1768494534832,650,885,9992,307876,-13439,-47647,0,0,0,417,544,272,475,441,480,619,549,383,311,277,437,0
2,1768494534848,670,847,10016,315206,-31764,-59864,0,0,0,423,549,276,480,445,482,614,534,385,305,269,452,0
2,1768494534864,650,799,10040,323758,-53756,-72082,0,0,0,434,550,281,486,448,485,610,522,386,294,258,472,0
2,1768494534880,603,741,10045,333532,-74525,-78190,0,0,0,447,558,287,493,461,494,610,512,386,294,250,483,0
2,1768494534896,569,698,10031,334754,-83077,-79412,0,0,0,455,568,284,499,469,507,607,500,390,293,245,488,0
2,1768494534912,564,646,10021,326202,-84299,-73303,0,0,0,469,576,298,506,475,507,606,496,390,299,247,499,0
2,1768494534928,598,593,10040,328645,-87964,-72082,0,0,0,481,584,312,512,482,513,610,469,405,292,232,517,0
2,1768494534944,665,545,10122,354301,-107512,-80634,0,0,0,495,594,313,511,489,520,605,446,402,290,224,542,0
2,1768494534960,670,497,10193,397062,-135612,-94073,0,0,0,505,594,308,524,505,528,587,426,403,290,218,555,0
2,1768494534976,626,435,10232,454483,-153938,-108734,0,0,0,512,609,306,531,513,531,585,418,407,290,215,564,0
2,1768494534992,655,354,10303,525344,-152716,-125838,0,0,0,510,609,285,535,521,532,565,397,405,382,312,575,0
2,1768494535008,722,282,10562,636521,-171042,-152716,0,0,0,520,614,265,546,583,506,559,397,412,325,246,577,0
2,1768494535024,741,229,11012,818559,-208915,-177150,0,0,0,533,621,256,551,568,532,545,392,415,309,225,588,0
2,1768494535040,569,239,11658,1086118,-190589,-200363,0,0,0,535,620,231,551,556,541,532,386,414,312,224,597,0
2,1768494535056,296,253,12261,1381777,-114842,-186924,0,0,0,539,621,219,555,561,539,513,382,418,314,220,605,0
2,1768494535072,368,143,12931,1747074,-62308,-140499,0,0,0,550,623,218,558,561,549,481,372,417,317,221,614,0
2,1768494535088,722,86,13984,2217440,-90408,-111177,0,0,0,557,621,213,556,557,553,439,359,409,321,223,619,0
2,1768494535104,1258,62,15214,2800206,-186924,-139277,0,0,0,563,617,209,552,557,538,391,346,407,322,218,620,0
2,1768494535120,2120,14,16688,3580892,-306654,-277332,0,0,0,565,610,208,538,555,528,343,325,397,313,212,617,0
2,1768494535136,2684,52,18444,4392121,-408057,-489913,0,0,0,552,615,212,535,551,522,313,282,377,288,195,584,0
2,1768494535152,3115,177,21033,5433035,-527787,-742812,0,0,0,524,602,195,524,547,525,301,216,380,267,181,540,0
2,1768494535168,3785,-143,23723,6444628,-681725,-943175,0,0,0,475,583,187,514,529,507,262,167,368,257,176,501,0
2,1768494535184,5307,-1296,26278,7353595,-652404,-1154535,0,0,0,458,573,185,493,503,496,263,174,352,251,171,485,0
2,1768494535200,5163,-1076,27207,7819075,-248011,-1451415,0,0,0,391,528,153,456,462,454,271,189,319,237,158,443,0
2,1768494535216,4292,4,27432,7937582,-67195,-1732413,0,0,0,303,476,160,394,399,406,287,223,296,203,147,356,0
2,1768494535232,5714,2479,24991,7606493,-260228,-1970651,0,0,0,257,437,165,373,376,381,331,260,289,168,145,242,0
2,1768494535248,7963,9475,16080,6609561,-389732,-2360383,0,0,0,254,434,171,369,373,382,324,272,293,158,147,220,0
2,1768494535264,8475,16295,6963,5002986,-295658,-2805093,0,0,0,253,436,171,363,376,376,308,276,274,155,148,215,0
2,1768494535280,5537,19841,5867,1762957,-7330,-2709798,0,0,0,250,432,170,354,376,367,299,280,259,153,150,210,0
2,1768494535296,1718,17870,7590,-1898569,-123394,-1809382,0,0,0,245,429,168,323,395,350,296,288,254,149,154,202,0
2,1768494535312,2431,10485,6436,-3727499,-775798,-432492,0,0,0,239,427,166,314,397,344,292,298,250,141,157,189,0
2,1768494535328,6393,5336,3292,-3910759,-844215,359188,0,0,0,238,427,166,336,376,353,290,308,247,136,158,180,0
2,1768494535344,8466,4522,2206,-3645643,125838,400727,0,0,0,239,427,164,335,378,350,288,319,243,136,162,176,0
2,1768494535360,5498,5379,4838,-3960850,1017701,386066,0,0,0,236,426,163,331,380,346,281,330,234,135,169,172,0
2,1768494535376,3259,5254,7173,-4398229,1229060,637743,0,0,0,236,424,162,331,383,346,277,338,230,132,174,169,0
2,1768494535392,3402,4235,8250,-4692666,1198517,1001818,0,0,0,238,424,165,334,377,347,283,331,232,136,168,168,0
2,1768494535408,3675,3460,9346,-4867374,1380555,1279151,0,0,0,239,425,169,331,374,348,288,332,239,135,168,167,0
2,1768494535424,3043,3393,10983,-5046968,1615127,1433089,0,0,0,235,422,163,333,377,350,280,325,247,135,166,167,0
2,1768494535440,2617,3359,12964,-5379279,1673770,1577254,0,0,0,238,423,165,331,374,345,286,334,237,134,166,161,0
2,1768494535456,2699,2967,14993,-5745798,1706757,1677435,0,0,0,235,422,162,332,374,345,287,333,238,136,168,162,0
2,1768494535472,2799,2172,17061,-6010913,1781283,1683544,0,0,0,231,422,158,330,373,343,287,335,236,133,168,158,0
2,1768494535488,2684,1095,19597,-6118426,1843591,1616349,0,0,0,230,422,160,330,374,344,287,336,238,133,168,157,0
2,1768494535504,2837,335,22340,-6130643,1855808,1565036,0,0,0,231,423,161,333,371,348,286,329,239,132,167,156,0
2,1768494535520,3426,-119,25800,-6164851,1870469,1596801,0,0,0,235,425,162,335,370,350,291,325,241,131,161,155,0
2,1768494535536,3761,-2263,29724,-6396980,1942551,1843591,0,0,0,236,425,163,335,368,357,296,324,247,131,156,157,0
2,1768494535552,3105,-7652,31792,-6558249,2056172,2083050,0,0,0,231,426,163,337,367,361,301,323,256,132,155,162,0
2,1768494535568,1325,-17808,30595,-6192951,1924225,1949881,0,0,0,231,429,164,340,370,359,309,323,264,134,155,165,0
2,1768494535584,325,-28542,25202,-5253441,1500285,1337794,0,0,0,236,432,170,341,371,363,309,323,268,134,154,169,0
2,1768494535600,-904,-38128,16343,-3617543,1164309,64751,0,0,0,238,428,169,344,373,365,310,328,273,133,157,169,0
2,1768494535616,-6915,-41918,11265,-1612684,1103222,-1472185,0,0,0,228,417,159,334,359,350,314,363,277,138,185,153,0
2,1768494535632,-13060,-40483,13352,31764,464257,-2108706,0,0,0,237,411,160,332,360,354,373,443,256,183,304,142,0
2,1768494535648,-14989,-29772,20775,2145358,-1776396,-1590693,0,0,0,239,362,148,293,337,321,417,453,247,177,297,149,0
2,1768494535664,-3369,-3728,18047,4454429,-4602258,-307876,0,0,0,255,364,149,346,312,342,460,467,258,201,321,144,0
2,1768494535680,4182,8389,13505,5448917,-4188092,690277,0,0,0,267,381,156,364,307,360,482,483,267,238,375,158,0
2,1768494535696,-1244,1220,17937,4849048,-1549154,796568,0,0,0,275,397,162,380,314,369,499,499,276,249,370,175,0
2,1768494535712,-3752,-2598,20823,3646865,-475253,250454,0,0,0,278,416,171,394,328,384,518,518,291,253,356,195,0
2,1768494535728,-224,-985,16802,2073276,-575435,-252898,0,0,0,277,435,191,401,337,403,539,539,318,261,350,228,0
2,1768494535744,1823,1091,11107,1091005,-464257,-7330,0,0,0,283,452,216,410,350,424,557,557,341,277,349,269,0
2,1768494535760,1201,1072,9164,588874,-283441,200363,0,0,0,299,467,236,413,359,428,584,583,340,295,346,300,0
2,1768494535776,440,138,10217,255341,-328645,151494,0,0,0,320,477,245,413,364,423,614,609,330,379,415,304,0
2,1768494535792,449,287,10634,30543,-408057,69638,0,0,0,345,488,250,429,387,437,622,616,338,496,528,295,0
2,1768494535808,521,818,10346,-48869,-368962,31764,0,0,0,369,495,266,434,395,442,620,620,345,449,482,319,0
2,1768494535824,512,985,10145,-29321,-223576,23212,0,0,0,367,504,278,435,386,445,625,624,351,462,484,336,0
2,1768494535840,564,976,10169,1221,-120951,13439,0,0,0,361,502,277,435,385,449,632,630,347,500,523,329,0
2,1768494535856,593,976,10150,32986,-65973,1221,0,0,0,370,504,282,438,385,445,642,635,349,525,537,329,0
2,1768494535872,588,1005,10059,57421,-31764,-4886,0,0,0,372,505,285,442,390,449,641,623,339,561,574,314,0
2,1768494535888,579,1014,9997,86742,-8552,-6108,0,0,0,376,510,290,440,387,450,632,626,343,505,517,337,0
2,1768494535904,593,990,10016,114842,3665,-8552,0,0,0,377,513,291,450,394,456,637,627,341,487,500,336,0
2,1768494535920,631,952,10031,134390,10995,-10995,0,0,0,372,511,283,444,392,455,627,622,343,370,395,360,0
2,1768494535936,655,923,10002,141720,9773,-14660,0,0,0,373,513,288,445,394,459,626,620,352,341,361,370,0
2,1768494535952,670,894,9964,140499,-3665,-19547,0,0,0,374,515,293,447,396,462,626,617,353,352,366,371,0
2,1768494535968,665,885,9954,136833,-15882,-25656,0,0,0,373,516,292,445,398,461,627,604,348,417,434,357,0
2,1768494535984,660,885,9959,139277,-25656,-32986,0,0,0,371,517,291,444,401,461,619,597,355,417,433,356,0
2,1768494536000,660,890,9983,155159,-32986,-39095,0,0,0,371,517,290,445,404,463,608,601,368,306,319,381,0
2,1768494536016,650,866,9997,179594,-41538,-45204,0,0,0,377,520,295,444,407,467,619,595,371,293,305,390,0
2,1768494536032,641,813,9978,193033,-46425,-46425,0,0,0,383,524,307,446,409,477,623,587,380,292,300,401,0
2,1768494536048,650,770,9973,194255,-52534,-45204,0,0,0,398,529,332,454,413,477,627,579,392,294,294,415,0
2,1768494536064,670,751,9997,195476,-64751,-40317,0,0,0,411,530,327,456,418,474,626,558,378,290,284,431,0
2,1768494536080,674,737,10040,210137,-75747,-40317,0,0,0,424,542,326,470,432,489,620,556,394,294,270,449,0
2,1768494536096,679,708,10059,235793,-83077,-46425,0,0,0,442,552,336,477,444,492,622,534,402,294,259,463,0
2,1768494536112,703,679,10088,279776,-86742,-58643,0,0,0,455,554,339,488,469,503,636,518,406,293,248,493,0
2,1768494536128,722,655,10145,340862,-92851,-74525,0,0,0,468,563,350,500,472,513,643,494,442,292,244,501,0
2,1768494536144,727,603,10232,420275,-96516,-94073,0,0,0,494,582,364,510,483,516,633,467,438,302,239,522,0
2,1768494536160,751,559,10437,527787,-105068,-118507,0,0,0,517,592,373,517,489,520,628,446,415,302,237,549,0
2,1768494536176,760,526,10792,682947,-130725,-144164,0,0,0,523,594,361,528,503,527,627,424,410,294,225,572,0
2,1768494536192,689,430,11361,972497,-169820,-160046,0,0,0,529,601,336,538,519,537,611,403,430,292,213,590,0
2,1768494536208,579,354,12031,1363451,-184481,-149051,0,0,0,549,612,299,545,532,544,558,404,446,295,215,603,0
2,1768494536224,703,277,12988,1893682,-136833,-140499,0,0,0,559,614,245,560,550,549,496,406,437,302,222,612,0
2,1768494536240,1048,229,14328,2547308,-85521,-184481,0,0,0,550,610,223,566,558,567,476,369,429,320,230,603,0
2,1768494536256,1277,253,15616,3199712,-75747,-254119,0,0,0,558,614,221,558,558,572,428,356,424,306,212,601,0
2,1768494536272,1756,440,17080,4008497,-112399,-360410,0,0,0,572,611,223,548,562,539,368,335,399,299,212,599,0
2,1768494536288,2067,536,18889,4915021,-182037,-519235,0,0,0,574,613,220,570,585,495,302,276,397,293,234,583,0
2,1768494536304,2287,-315,21411,5915618,-237015,-658512,0,0,0,528,598,217,531,554,541,292,223,404,255,175,534,0
2,1768494536320,2919,-1507,25948,6856351,29321,-747699,0,0,0,487,589,204,527,536,530,277,165,388,263,176,506,0
2,1768494536336,3278,-1273,29303,7522194,193033,-829554,0,0,0,436,554,172,499,502,500,267,167,362,247,163,471,0
2,1768494536352,4187,-492,29533,7938804,86742,-999375,0,0,0,384,518,155,457,463,453,277,194,325,236,159,435,0
2,1768494536368,5072,1229,27662,8085412,-83077,-1296256,0,0,0,299,468,156,402,402,404,299,233,302,203,155,347,0
2,1768494536384,6317,4833,24139,7816631,-90408,-1577254,0,0,0,269,440,163,376,371,381,318,262,289,172,149,256,0
2,1768494536400,7102,12687,14941,6790377,50090,-2009746,0,0,0,264,434,169,368,366,374,318,276,281,157,146,216,0
2,1768494536416,6518,18856,6527,4897917,127059,-2484999,0,0,0,252,435,167,365,369,370,306,280,270,150,146,206,0
2,1768494536432,3555,20985,5876,1166752,-18325,-2431243,0,0,0,255,433,166,358,370,366,296,285,258,148,147,203,0
2,1768494536448,1110,17913,7303,-2495995,-477696,-1811826,0,0,0,255,414,178,345,362,364,293,290,255,150,151,206,0
2,1768494536464,1866,10892,6671,-4444655,-1093448,-1007927,0,0,0,232,399,183,343,363,362,291,294,250,146,153,198,0
2,1768494536480,6044,5216,3034,-4392121,-1015258,-656069,0,0,0,242,423,169,337,372,359,285,301,244,136,153,184,0
2,1768494536496,7709,4312,1852,-4036597,-76969,-755029,0,0,0,238,423,169,339,370,356,281,305,238,136,154,182,0
2,1768494536512,5757,5135,3761,-4111123,948062,-761138,0,0,0,240,423,172,334,365,351,278,312,235,135,155,177,0
2,1768494536528,3206,5163,6537,-4506963,1220508,-299323,0,0,0,237,421,168,336,369,355,278,319,235,135,162,180,0
2,1768494536544,3072,4316,8102,-4855156,1170417,310319,0,0,0,233,417,160,336,369,348,282,325,230,136,162,171,0
2,1768494536560,4316,3450,8872,-5059185,1299921,728151,0,0,0,235,417,161,330,374,344,284,333,234,137,168,166,0
2,1768494536576,4489,3125,10648,-5272988,1707979,994488,0,0,0,234,416,162,333,369,347,282,337,235,134,170,169,0
2,1768494536592,3881,3082,12998,-5544212,1970651,1215621,0,0,0,233,416,160,336,366,347,285,339,235,135,170,164,0
2,1768494536608,3656,2656,15692,-5893627,2010968,1412320,0,0,0,231,415,157,336,364,342,287,340,234,135,171,157,0
2,1768494536624,3771,1861,18128,-6145304,2048842,1484402,0,0,0,230,416,159,335,368,344,283,334,236,131,169,154,0
2,1768494536640,3776,842,21024,-6261368,2129476,1479515,0,0,0,230,418,159,336,368,346,284,328,237,134,178,153,0
2,1768494536656,3795,-57,24570,-6285803,2191784,1530828,0,0,0,234,419,160,336,360,343,289,326,237,136,178,153,0
2,1768494536672,3972,-1038,28600,-6287025,2195449,1754404,0,0,0,237,420,161,335,358,343,290,322,240,140,164,155,0
2,1768494536688,4067,-3665,31361,-6371324,2206445,2197893,0,0,0,239,422,161,336,362,346,295,321,245,148,170,155,0
2,1768494536704,2167,-11591,32371,-6337115,2386039,2680476,0,0,0,248,429,167,337,360,349,301,320,257,128,159,152,0
2,1768494536720,0,-20918,30763,-5894849,2007303,2656042,0,0,0,252,436,171,340,358,351,307,319,271,128,154,157,0
2,1768494536736,2019,-33280,21560,-4730540,1004262,1598023,0,0,0,245,428,171,346,368,362,315,325,271,134,158,169,0
2,1768494536752,2627,-42416,12084,-3185051,990823,-372627,0,0,0,245,428,171,342,368,363,313,328,273,134,158,169,0
2,1768494536768,-6599,-44077,10337,-1210734,1464854,-2535090,0,0,0,238,412,166,342,355,359,330,359,263,137,171,158,0
2,1768494536784,-15506,-36932,15367,790459,466701,-3252246,0,0,0,242,390,155,330,329,344,357,452,243,220,344,147,0
2,1768494536800,-14209,-15022,23110,2773328,-2719572,-1993864,0,0,0,256,353,157,318,297,332,418,459,248,191,311,146,0
2,1768494536816,-837,8068,18913,4189313,-5853310,76969,0,0,0,267,347,156,338,289,339,460,467,256,199,326,144,0
2,1768494536832,4694,6719,11064,4873482,-4563163,1657888,0,0,0,283,354,164,358,284,353,486,497,267,281,399,150,0
2,1768494536848,-2670,-890,15022,4978551,-1529606,2063502,0,0,0,285,377,170,371,302,366,520,527,282,336,441,164,0
2,1768494536864,-7020,-2632,21138,3916867,-344527,766025,0,0,0,285,407,187,387,320,387,550,550,300,357,444,191,0
2,1768494536880,-1268,-564,18439,2371378,-610865,-351858,0,0,0,286,432,199,405,334,412,567,567,323,347,418,242,0
2,1768494536896,2282,344,12620,1163087,-577878,-125838,0,0,0,291,458,200,422,361,428,582,582,341,313,376,307,0
2,1768494536912,1359,177,9456,315206,-279776,262672,0,0,0,318,487,222,433,382,437,601,602,346,302,357,356,0
2,1768494536928,-205,90,10054,73303,-196698,190589,0,0,0,347,506,235,437,394,444,613,613,347,354,402,371,0
2,1768494536944,311,540,10457,8552,-265115,3665,0,0,0,361,508,240,445,403,458,630,628,352,536,573,344,0
2,1768494536960,784,837,10241,-18325,-259006,-32986,0,0,0,367,513,247,447,404,459,645,640,370,551,585,354,0
2,1768494536976,684,842,10093,-15882,-166155,2443,0,0,0,372,516,252,447,404,454,646,638,354,554,588,343,0
2,1768494536992,564,832,10122,3665,-94073,7330,0,0,0,370,514,249,452,413,458,645,639,355,550,587,344,0
2,1768494537008,555,856,10160,32986,-61086,-9773,0,0,0,372,516,250,452,408,460,641,640,363,550,585,349,0
2,1768494537024,588,894,10117,63529,-31764,-19547,0,0,0,377,519,253,452,409,462,629,629,375,454,494,377,0
2,1768494537040,598,894,10059,103847,6108,-17104,0,0,0,387,520,252,456,411,464,625,626,379,366,400,392,0
2,1768494537056,607,866,10031,142942,26878,-15882,0,0,0,389,520,248,459,413,463,622,622,373,336,363,399,0
2,1768494537072,646,823,10007,161268,23212,-17104,0,0,0,388,518,245,463,414,461,617,617,366,330,351,401,0
2,1768494537088,689,799,9983,169820,7330,-19547,0,0,0,387,517,244,464,415,460,615,611,365,315,334,403,0
2,1768494537104,708,784,9978,178372,-12217,-25656,0,0,0,385,521,248,463,417,460,615,606,366,302,318,408,0
2,1768494537120,703,765,9978,184481,-30543,-34208,0,0,0,394,525,253,468,429,466,611,601,371,300,308,417,0
2,1768494537136,689,737,9987,190589,-43982,-41538,0,0,0,402,528,250,469,442,469,610,591,375,296,295,426,0
2,1768494537152,665,708,9997,196698,-47647,-43982,0,0,0,405,532,248,477,427,470,618,579,379,297,285,437,0
2,1768494537168,665,684,10002,204028,-52534,-45204,0,0,0,422,542,262,485,438,473,622,569,387,294,271,451,0
2,1768494537184,674,665,10011,216246,-59864,-42760,0,0,0,429,547,265,485,444,477,616,550,384,293,264,468,0
2,1768494537200,689,636,10040,237015,-65973,-42760,0,0,0,444,561,265,499,478,479,611,542,399,297,256,485,0
2,1768494537216,713,603,10093,265115,-72082,-46425,0,0,0,461,573,288,501,469,498,628,521,402,293,246,504,0
2,1768494537232,741,550,10136,291993,-75747,-56199,0,0,0,471,577,284,512,482,510,622,496,405,292,236,522,0
2,1768494537248,760,492,10179,331088,-84299,-73303,0,0,0,480,585,283,516,489,518,618,476,404,421,289,515,0
2,1768494537264,756,449,10222,379958,-94073,-92851,0,0,0,486,595,281,522,496,527,618,451,407,365,257,539,0
2,1768494537280,746,397,10308,443488,-100181,-109955,0,0,0,496,603,278,526,507,529,605,427,409,294,219,563,0
2,1768494537296,808,349,10519,541226,-117286,-130725,0,0,0,511,610,270,537,523,546,591,409,412,297,217,577,0
2,1768494537312,827,291,10997,742812,-161268,-160046,0,0,0,526,615,260,549,534,561,558,396,416,301,216,594,0
2,1768494537328,679,248,11730,1088561,-196698,-172263,0,0,0,536,615,243,554,539,559,524,390,417,304,217,603,0
2,1768494537344,488,229,12390,1479515,-127059,-156381,0,0,0,541,616,218,563,553,556,525,386,419,310,221,604,0
2,1768494537360,665,162,13050,1875356,-6108,-140499,0,0,0,547,625,219,563,553,547,495,376,423,317,224,611,0
2,1768494537376,1043,67,13787,2284635,-28099,-152716,0,0,0,552,624,211,563,557,555,457,365,405,316,216,615,0
2,1768494537392,1373,-4,14706,2839301,-168598,-205250,0,0,0,557,617,199,559,560,560,413,355,391,322,218,625,0
2,1768494537408,1679,-43,15975,3494149,-279776,-291993,0,0,0,557,623,207,541,551,547,365,339,385,321,218,614,0
2,1768494537424,2412,-47,17559,4222300,-333532,-434936,0,0,0,556,623,215,541,562,538,329,303,393,300,209,601,0
2,1768494537440,3239,-52,19602,5137376,-403171,-684169,0,0,0,540,604,202,534,551,535,295,235,393,276,183,573,0
2,1768494537456,3220,-105,22584,6233268,-516791,-948062,0,0,0,499,591,186,530,542,532,278,173,375,254,167,514,0
2,1768494537472,3699,-1234,25943,7163005,-552222,-1053131,0,0,0,460,567,179,509,521,511,266,165,362,252,166,491,0
2,1768494537488,4819,-1765,28207,7808079,-193033,-1191187,0,0,0,410,536,165,475,492,469,272,180,333,248,166,464,0
2,1768494537504,4345,-765,29140,8111068,18325,-1418429,0,0,0,360,496,166,426,434,422,284,195,302,221,151,402,0
2,1768494537520,4637,1861,27877,7984008,-208915,-1672549,0,0,0,301,448,168,386,378,387,309,227,286,180,135,285,0
2,1768494537536,8236,8714,19952,7345043,-437379,-2024407,0,0,0,275,428,166,374,360,376,326,254,287,173,137,221,0
2,1768494537552,9734,14797,11045,6315124,0,-2472782,0,0,0,275,432,170,369,360,373,319,263,284,175,143,217,0
2,1768494537568,6475,20449,5862,3866776,543670,-2436130,0,0,0,265,436,173,359,360,362,306,267,268,156,141,210,0
2,1768494537584,387,22086,6905,-376292,186924,-1218065,0,0,0,258,433,173,355,362,359,299,271,259,151,141,201,0
2,1768494537600,244,15161,8336,-3957185,-1112996,432492,0,0,0,252,425,172,352,368,366,297,280,252,149,146,196,0
2,1768494537616,4704,7073,6613,-5336518,-1896125,1166752,0,0,0,240,423,165,337,368,355,289,289,249,140,148,185,0
2,1768494537632,9217,2885,3144,-4890587,-1303586,643851,0,0,0,238,422,164,338,368,355,286,294,241,141,153,184,0
2,1768494537648,8322,2971,2837,-4484972,129503,-199142,0,0,0,237,421,164,338,368,353,286,299,240,135,153,179,0
2,1768494537664,4915,3723,4982,-4514294,1121548,-643851,0,0,0,237,421,165,330,366,352,279,309,237,130,155,174,0
2,1768494537680,2191,4316,7518,-4805065,1249830,-520457,0,0,0,234,417,162,330,363,346,281,316,233,136,162,169,0
2,1768494537696,2641,4465,8786,-5185024,1094670,-12217,0,0,0,234,417,160,335,364,348,286,321,233,136,161,165,0
2,1768494537712,4034,4063,9834,-5534439,1260825,497244,0,0,0,237,418,169,332,359,354,289,322,240,132,159,172,0
2,1768494537728,4469,3187,11816,-5750685,1731192,929736,0,0,0,238,419,164,330,356,344,292,321,253,132,159,163,0
2,1768494537744,3977,2512,14620,-5880188,2090380,1235169,0,0,0,237,421,159,333,359,340,293,325,248,131,160,155,0
2,1768494537760,3618,2182,17621,-6074443,2195449,1328021,0,0,0,237,423,162,333,360,344,288,326,234,129,160,155,0
2,1768494537776,3747,1177,21091,-6406754,2255314,1232726,0,0,0,238,423,163,332,357,342,283,319,234,128,156,151,0
2,1768494537792,4010,-507,24780,-6632774,2345722,1114218,0,0,0,236,422,161,337,360,344,289,313,236,128,150,150,0
2,1768494537808,3756,-2507,28135,-6619335,2447126,1204626,0,0,0,235,420,159,343,362,348,301,311,236,132,150,152,0
2,1768494537824,2182,-6623,30988,-6448293,2601064,1751961,0,0,0,239,423,164,344,362,353,312,315,247,136,153,156,0
2,1768494537840,-976,-13256,33022,-6250373,2708576,2333505,0,0,0,244,426,167,345,364,356,312,312,255,136,149,157,0
2,1768494537856,-3445,-22876,30796,-5792224,1946216,2521651,0,0,0,243,426,167,351,365,364,320,312,264,138,149,165,0
2,1768494537872,-1263,-33103,22837,-4776966,858876,2056172,0,0,0,243,427,166,344,367,359,316,328,268,136,164,164,0
2,1768494537888,1655,-41717,11978,-2959031,632856,502131,0,0,0,242,428,167,346,367,363,312,322,271,135,155,164,0
2,1768494537904,-6513,-42588,10179,-985936,1277930,-1321912,0,0,0,237,400,158,335,337,354,342,425,258,141,209,143,0
2,1768494537920,-17267,-36989,17176,949284,365297,-1980425,0,0,0,237,368,147,317,315,339,397,448,247,161,276,142,0
2,1768494537936,-14448,-18415,21727,3110525,-2976135,-1148426,0,0,0,252,356,150,320,302,343,450,465,255,289,389,143,0
2,1768494537952,-210,2378,15759,4560719,-5070181,-254119,0,0,0,271,354,160,342,291,359,478,480,269,280,400,155,0
2,1768494537968,4398,5699,14051,4930904,-3605326,383623,0,0,0,284,364,163,364,285,370,506,506,283,255,395,162,0
2,1768494537984,-1306,-445,19660,4139222,-1321912,439822,0,0,0,288,383,169,379,293,383,534,534,299,267,398,174,0
2,1768494538000,-2402,-2067,19822,2734232,-470366,102625,0,0,0,288,406,186,391,311,406,551,551,322,269,380,214,0
2,1768494538016,737,124,13663,1518610,-533896,61086,0,0,0,290,429,204,403,330,423,564,564,342,282,372,266,0
2,1768494538032,1598,760,9748,708603,-401949,201585,0,0,0,294,449,209,417,353,429,581,580,342,299,375,301,0
2,1768494538048,569,71,10021,318871,-244346,190589,0,0,0,312,458,213,429,360,438,595,595,356,307,370,326,0
2,1768494538064,349,311,10528,109955,-206472,57421,0,0,0,330,471,224,441,379,444,607,607,369,307,374,353,0
2,1768494538080,617,799,10299,28099,-188146,-6108,0,0,0,350,487,230,446,394,450,606,606,353,323,388,374,0
2,1768494538096,775,947,10002,25656,-152716,1221,0,0,0,354,496,230,456,397,451,616,616,357,405,461,352,0
2,1768494538112,717,856,10040,29321,-112399,8552,0,0,0,352,497,231,452,398,454,624,624,356,444,498,342,0
2,1768494538128,679,847,10102,39095,-96516,0,0,0,0,356,497,234,452,403,455,627,627,370,433,483,347,0
2,1768494538144,670,885,10069,59864,-83077,-7330,0,0,0,365,505,248,452,401,454,642,636,365,494,540,335,0
2,1768494538160,660,894,10035,87964,-58643,-9773,0,0,0,367,510,245,454,403,459,629,626,365,391,442,371,0
2,1768494538176,660,875,10040,113620,-34208,-10995,0,0,0,369,512,242,457,409,463,619,619,363,317,367,389,0
2,1768494538192,684,851,10031,133168,-18325,-9773,0,0,0,375,514,245,458,411,464,619,620,363,315,359,391,0
2,1768494538208,703,837,10002,151494,-13439,-9773,0,0,0,380,516,247,460,413,465,623,622,368,312,349,402,0
2,1768494538224,717,808,9973,169820,-17104,-13439,0,0,0,384,518,243,466,417,465,624,623,368,310,338,407,0
2,1768494538240,722,770,9964,183259,-24434,-19547,0,0,0,389,520,247,471,419,468,620,619,375,315,334,410,0
2,1768494538256,722,746,9968,183259,-26878,-26878,0,0,0,392,524,258,475,422,473,620,616,385,322,334,415,0
2,1768494538272,737,732,9978,182037,-29321,-30543,0,0,0,394,530,252,480,426,477,633,617,386,307,323,426,0
2,1768494538288,741,713,9992,183259,-41538,-34208,0,0,0,402,539,254,480,432,479,627,606,398,305,304,444,0
2,1768494538304,737,689,10011,188146,-56199,-37873,0,0,0,405,539,258,486,439,484,624,598,396,306,298,456,0
2,1768494538320,732,670,10031,201585,-63529,-39095,0,0,0,421,541,257,496,446,491,627,582,385,296,279,471,0
2,1768494538336,741,655,10054,226020,-63529,-40317,0,0,0,433,559,264,500,462,494,628,569,395,300,270,485,0
2,1768494538352,746,617,10078,257785,-58643,-43982,0,0,0,441,566,272,503,472,504,624,555,399,298,259,496,0
2,1768494538368,751,569,10093,287106,-56199,-47647,0,0,0,454,559,277,510,477,516,630,530,395,436,329,481,0
2,1768494538384,770,516,10112,313984,-53756,-53756,0,0,0,463,568,268,521,497,527,634,525,401,342,272,511,0
2,1768494538400,789,478,10145,351858,-53756,-65973,0,0,0,478,580,267,523,501,525,628,501,400,290,231,544,0
2,1768494538416,770,416,10174,397062,-52534,-76969,0,0,0,483,586,259,527,501,526,627,468,402,288,221,556,0
2,1768494538432,789,363,10246,430049,-46425,-87964,0,0,0,488,590,253,539,515,539,622,439,409,287,216,565,0
2,1768494538448,818,301,10437,493579,-56199,-103847,0,0,0,498,596,250,548,530,550,605,416,412,290,211,574,0
2,1768494538464,741,220,10648,624304,-84299,-109955,0,0,0,508,602,242,549,538,549,591,400,415,294,210,582,0
2,1768494538480,650,129,11002,878424,-76969,-91629,0,0,0,518,603,232,550,545,543,576,390,421,306,217,592,0
2,1768494538496,751,90,11476,1153313,-12217,-79412,0,0,0,521,609,215,559,547,546,547,383,419,313,222,590,0
2,1768494538512,1048,28,12026,1434311,89186,-120951,0,0,0,524,610,209,561,558,549,526,376,426,326,225,596,0
2,1768494538528,1215,-62,12624,1740965,96516,-178372,0,0,0,536,613,208,562,555,546,498,365,418,368,244,597,0
2,1768494538544,1206,-186,13251,2131919,-12217,-226020,0,0,0,552,613,211,565,555,550,465,354,417,320,219,613,0
2,1768494538560,1019,-215,13993,2613281,-83077,-240680,0,0,0,551,606,215,560,556,551,421,341,422,319,217,618,0
2,1768494538576,1234,-239,15228,3182607,-96516,-260228,0,0,0,557,603,212,544,551,542,378,317,390,306,211,615,0
2,1768494538592,2139,-253,16826,3842342,-136833,-340862,0,0,0,551,601,212,542,546,544,329,279,404,319,229,596,0
2,1768494538608,3019,-339,18827,4728096,-282219,-548556,0,0,0,532,595,201,539,546,538,299,221,420,283,196,562,0
2,1768494538624,2971,-531,20923,5613851,-432492,-734260,0,0,0,500,585,189,538,545,532,282,173,417,253,170,514,0
2,1768494538640,2488,-1172,23244,6432410,-482583,-808785,0,0,0,463,568,180,527,527,521,276,161,388,253,170,486,0
2,1768494538656,2799,-1962,24694,7016398,-182037,-811229,0,0,0,421,535,163,489,516,469,278,172,346,255,172,466,0
2,1768494538672,2632,-1928,25360,7337713,152716,-878424,0,0,0,369,497,155,442,471,418,289,189,314,238,159,421,0
2,1768494538688,2919,-622,25044,7271739,51312,-1017701,0,0,0,301,459,157,399,394,392,308,222,294,195,140,320,0
2,1768494538704,4982,3656,20531,6820921,-357967,-1221730,0,0,0,245,426,158,368,360,367,332,260,287,154,133,202,0
2,1768494538720,6929,10136,11902,6086661,-555887,-1513724,0,0,0,260,427,169,374,364,383,342,267,299,162,133,211,0
2,1768494538736,7106,16391,5876,4517959,-312763,-1850921,0,0,0,255,430,168,365,370,371,318,284,286,151,143,203,0
2,1768494538752,4388,21359,6293,1005484,-36651,-1780061,0,0,0,254,425,166,359,367,364,309,287,263,148,147,206,0
2,1768494538768,1091,17760,9155,-3288898,-540004,-992045,0,0,0,246,425,172,345,368,365,299,290,259,140,144,198,0
2,1768494538784,1785,9633,8719,-5440365,-1393994,-279776,0,0,0,234,420,167,337,367,362,293,298,255,136,151,190,0
